dt_ms,target_id,source_id,start_ms,end_ms,weight_mV,arrivals,accepted,attempted_magnitude_mV,accepted_magnitude_mV
0.0004,720575940628455942,720575940603208928,700,750,0.33,1,1,0.33,0.33
0.0004,720575940643476128,720575940603208928,700,750,0.33,1,1,0.33,0.33
0.0004,720575940643476128,720575940603587500,650,700,0.99,1,1,0.99,0.99
0.0004,720575940628695043,720575940604221920,700,750,-2.64,1,1,2.64,2.64
0.0004,720575940628695043,720575940604418988,700,750,0.33,2,1,0.66,0.33
0.0004,720575940612326373,720575940604418988,700,750,5.94,2,0,11.88,0.0
0.0004,720575940639935616,720575940604418988,700,750,2.97,2,0,5.94,0.0
0.0004,720575940628695043,720575940604649504,700,750,-2.3760000000000003,1,1,2.3760000000000003,2.3760000000000003
0.0004,720575940628695043,720575940604690278,650,700,-0.528,1,0,0.528,0.0
0.0004,720575940628695043,720575940604690278,700,750,-0.528,1,1,0.528,0.528
0.0004,720575940629377132,720575940604690278,650,700,-3.9600000000000004,1,1,3.9600000000000004,3.9600000000000004
0.0004,720575940629377132,720575940604690278,700,750,-3.9600000000000004,1,0,3.9600000000000004,0.0
0.0004,720575940629393207,720575940604690278,650,700,-4.752000000000001,1,1,4.752000000000001,4.752000000000001
0.0004,720575940629393207,720575940604690278,700,750,-4.752000000000001,1,0,4.752000000000001,0.0
0.0004,720575940629667639,720575940604690278,650,700,-0.528,1,1,0.528,0.528
0.0004,720575940629667639,720575940604690278,700,750,-0.528,1,1,0.528,0.528
0.0004,720575940612326373,720575940604714208,700,750,0.66,1,0,0.66,0.0
0.0004,720575940628455942,720575940604880841,700,750,0.33,1,0,0.33,0.0
0.0004,720575940628455942,720575940605007206,650,700,-1.056,4,3,4.224,3.168
0.0004,720575940628455942,720575940605007206,700,750,-1.056,6,1,6.336,1.056
0.0004,720575940639283278,720575940605007206,650,700,-1.056,4,3,4.224,3.168
0.0004,720575940639283278,720575940605007206,700,750,-1.056,6,3,6.336,3.168
0.0004,720575940639935616,720575940605007206,650,700,-1.32,4,2,5.28,2.64
0.0004,720575940639935616,720575940605007206,700,750,-1.32,6,3,7.92,3.96
0.0004,720575940643476128,720575940605007206,650,700,-0.792,4,3,3.168,2.3760000000000003
0.0004,720575940643476128,720575940605007206,700,750,-0.792,6,1,4.752000000000001,0.792
0.0004,720575940643476128,720575940605032550,650,700,-0.264,2,1,0.528,0.264
0.0004,720575940643476128,720575940605032550,700,750,-0.264,4,1,1.056,0.264
0.0004,720575940628695043,720575940605383526,700,750,0.33,4,2,1.32,0.66
0.0004,720575940628695043,720575940605419622,650,700,-0.792,1,1,0.792,0.792
0.0004,720575940628695043,720575940605419622,700,750,-0.792,5,3,3.96,2.3760000000000003
0.0004,720575940612326373,720575940605419622,650,700,-1.056,1,1,1.056,1.056
0.0004,720575940612326373,720575940605419622,700,750,-1.056,5,3,5.28,3.168
0.0004,720575940639935616,720575940605419622,650,700,-1.056,1,0,1.056,0.0
0.0004,720575940639935616,720575940605419622,700,750,-1.056,5,3,5.28,3.168
0.0004,720575940623862015,720575940605420902,600,650,-0.264,2,2,0.528,0.528
0.0004,720575940623862015,720575940605420902,650,700,-0.264,2,2,0.528,0.528
0.0004,720575940623862015,720575940605420902,700,750,-0.264,5,3,1.32,0.792
0.0004,720575940639935616,720575940605420902,600,650,-0.264,2,2,0.528,0.528
0.0004,720575940639935616,720575940605420902,650,700,-0.264,2,2,0.528,0.528
0.0004,720575940639935616,720575940605420902,700,750,-0.264,5,2,1.32,0.528
0.0004,720575940612326373,720575940605480806,650,700,-0.264,1,1,0.264,0.264
0.0004,720575940612326373,720575940605480806,700,750,-0.264,2,1,0.528,0.264
0.0004,720575940628695043,720575940605495072,650,700,1.65,1,1,1.65,1.65
0.0004,720575940660219265,720575940605513649,650,700,-19.8,1,1,19.8,19.8
0.0004,720575940660219265,720575940605513649,700,750,-19.8,2,1,39.6,19.8
0.0004,720575940628695043,720575940605583136,650,700,0.33,2,2,0.66,0.66
0.0004,720575940628695043,720575940605583136,700,750,0.33,3,3,0.99,0.99
0.0004,720575940628455942,720575940605625958,700,750,1.32,3,3,3.96,3.96
0.0004,720575940639283278,720575940605625958,700,750,13.53,3,0,40.589999999999996,0.0
0.0004,720575940639935616,720575940605675808,700,750,0.33,1,1,0.33,0.33
0.0004,720575940639283278,720575940605702590,700,750,1.65,1,1,1.65,1.65
0.0004,720575940639935616,720575940605718449,700,750,0.33,2,1,0.66,0.33
0.0004,720575940612326373,720575940605733042,700,750,-1.056,1,1,1.056,1.056
0.0004,720575940639283278,720575940605777353,650,700,0.33,2,0,0.66,0.0
0.0004,720575940639283278,720575940605777353,700,750,0.33,4,2,1.32,0.66
0.0004,720575940639935616,720575940605777353,650,700,0.33,2,0,0.66,0.0
0.0004,720575940639935616,720575940605777353,700,750,0.33,4,2,1.32,0.66
0.0004,720575940643476128,720575940605777353,650,700,0.99,2,0,1.98,0.0
0.0004,720575940643476128,720575940605777353,700,750,0.99,4,2,3.96,1.98
0.0004,720575940639935616,720575940606010057,700,750,4.62,1,1,4.62,4.62
0.0004,720575940643476128,720575940606010057,700,750,0.66,1,1,0.66,0.66
0.0004,720575940628695043,720575940606195657,700,750,0.33,2,0,0.66,0.0
0.0004,720575940623862015,720575940606218528,700,750,-0.528,1,0,0.528,0.0
0.0004,720575940639935616,720575940606373321,700,750,-2.64,1,1,2.64,2.64
0.0004,720575940639283278,720575940606453769,650,700,0.33,3,2,0.99,0.66
0.0004,720575940639283278,720575940606453769,700,750,0.33,3,0,0.99,0.0
0.0004,720575940639935616,720575940606453769,650,700,0.33,3,2,0.99,0.66
0.0004,720575940639935616,720575940606453769,700,750,0.33,3,2,0.99,0.66
0.0004,720575940643551392,720575940606453769,650,700,0.33,3,3,0.99,0.99
0.0004,720575940643551392,720575940606453769,700,750,0.33,3,1,0.99,0.33
0.0004,720575940628695043,720575940606573490,700,750,-0.528,1,0,0.528,0.0
0.0004,720575940628455942,720575940606573490,700,750,-1.056,1,0,1.056,0.0
0.0004,720575940643476128,720575940606573490,700,750,-3.168,1,1,3.168,3.168
0.0004,720575940639935616,720575940606573490,700,750,-3.696,1,0,3.696,0.0
0.0004,720575940628695043,720575940606726834,650,700,3.96,2,1,7.92,3.96
0.0004,720575940628695043,720575940606726834,700,750,3.96,3,2,11.879999999999999,7.92
0.0004,720575940629377132,720575940606726834,650,700,0.66,2,1,1.32,0.66
0.0004,720575940629377132,720575940606726834,700,750,0.66,3,1,1.98,0.66
0.0004,720575940628455942,720575940606726834,650,700,2.31,2,2,4.62,4.62
0.0004,720575940628455942,720575940606726834,700,750,2.31,3,2,6.93,4.62
0.0004,720575940629393207,720575940606726834,650,700,0.99,2,1,1.98,0.99
0.0004,720575940629393207,720575940606726834,700,750,0.99,3,1,2.9699999999999998,0.99
0.0004,720575940623862015,720575940606776009,700,750,0.33,6,5,1.98,1.6500000000000001
0.0004,720575940629667639,720575940606865330,650,700,-0.264,1,1,0.264,0.264
0.0004,720575940639283278,720575940606987906,700,750,-0.264,1,0,0.264,0.0
0.0004,720575940639935616,720575940606987906,700,750,-0.792,1,1,0.792,0.792
0.0004,720575940612326373,720575940606987906,700,750,-0.264,1,1,0.264,0.264
0.0004,720575940639283278,720575940607041154,700,750,-0.264,2,1,0.528,0.264
0.0004,720575940639935616,720575940607041154,700,750,-0.528,2,1,1.056,0.528
0.0004,720575940628695043,720575940607155890,700,750,0.33,2,2,0.66,0.66
0.0004,720575940639283278,720575940607155890,700,750,0.33,2,1,0.66,0.33
0.0004,720575940633434208,720575940607155890,700,750,0.33,2,1,0.66,0.33
0.0004,720575940629377132,720575940607155890,700,750,0.66,2,1,1.32,0.66
0.0004,720575940643551392,720575940607155890,700,750,0.99,2,1,1.98,0.99
0.0004,720575940628455942,720575940607155890,700,750,1.65,2,0,3.3,0.0
0.0004,720575940643476128,720575940607155890,700,750,22.44,2,1,44.88,22.44
0.0004,720575940612326373,720575940607155890,700,750,1.32,2,1,2.64,1.32
0.0004,720575940639935616,720575940607155890,700,750,0.99,2,1,1.98,0.99
0.0004,720575940629393207,720575940607155890,700,750,0.99,2,2,1.98,1.98
0.0004,720575940639283278,720575940607183026,700,750,-1.32,5,4,6.6000000000000005,5.28
0.0004,720575940628455942,720575940607183026,700,750,-21.12,5,3,105.60000000000001,63.36
0.0004,720575940660219265,720575940607193986,600,650,0.66,2,1,1.32,0.66
0.0004,720575940660219265,720575940607193986,640,650,0.66,1,0,0.66,0.0
0.0004,720575940660219265,720575940607193986,650,700,0.66,3,2,1.98,1.32
0.0004,720575940660219265,720575940607193986,700,750,0.66,2,1,1.32,0.66
0.0004,720575940643476128,720575940607249365,700,750,0.66,1,1,0.66,0.66
0.0004,720575940660219265,720575940607272649,600,650,0.99,4,2,3.96,1.98
0.0004,720575940660219265,720575940607272649,640,650,0.99,1,1,0.99,0.99
0.0004,720575940660219265,720575940607272649,650,700,0.99,4,3,3.96,2.9699999999999998
0.0004,720575940660219265,720575940607272649,700,750,0.99,3,3,2.9699999999999998,2.9699999999999998
0.0004,720575940660219265,720575940607386290,600,650,0.33,2,2,0.66,0.66
0.0004,720575940660219265,720575940607386290,640,650,0.33,1,1,0.33,0.33
0.0004,720575940660219265,720575940607386290,650,700,0.33,3,3,0.99,0.99
0.0004,720575940660219265,720575940607386290,700,750,0.33,1,1,0.33,0.33
0.0004,720575940628695043,720575940607447491,600,650,11.88,1,1,11.88,11.88
0.0004,720575940628695043,720575940607447491,640,650,11.88,1,1,11.88,11.88
0.0004,720575940628695043,720575940607447491,650,700,11.88,1,1,11.88,11.88
0.0004,720575940628695043,720575940607447491,700,750,11.88,3,3,35.64,35.64
0.0004,720575940643476128,720575940607447491,600,650,0.66,1,1,0.66,0.66
0.0004,720575940643476128,720575940607447491,640,650,0.66,1,1,0.66,0.66
0.0004,720575940643476128,720575940607447491,650,700,0.66,1,0,0.66,0.0
0.0004,720575940643476128,720575940607447491,700,750,0.66,3,3,1.98,1.98
0.0004,720575940633434208,720575940607472649,650,700,0.99,1,1,0.99,0.99
0.0004,720575940633434208,720575940607472649,700,750,0.99,1,1,0.99,0.99
0.0004,720575940643551392,720575940607472649,650,700,0.33,1,1,0.33,0.33
0.0004,720575940643551392,720575940607472649,700,750,0.33,1,1,0.33,0.33
0.0004,720575940639283278,720575940607484099,700,750,-0.264,6,2,1.584,0.528
0.0004,720575940628695043,720575940607667723,650,700,-0.264,3,1,0.792,0.264
0.0004,720575940628695043,720575940607667723,700,750,-0.264,6,5,1.584,1.32
0.0004,720575940639283278,720575940607667723,650,700,-4.752000000000001,3,2,14.256000000000002,9.504000000000001
0.0004,720575940639283278,720575940607667723,700,750,-4.752000000000001,6,2,28.512000000000004,9.504000000000001
0.0004,720575940612326373,720575940607667723,650,700,-0.528,3,3,1.584,1.584
0.0004,720575940612326373,720575940607667723,700,750,-0.528,6,5,3.168,2.64
0.0004,720575940639935616,720575940607667723,650,700,-2.64,3,2,7.92,5.28
0.0004,720575940639935616,720575940607667723,700,750,-2.64,6,3,15.84,7.92
0.0004,720575940629393207,720575940607667723,650,700,-0.792,3,3,2.3760000000000003,2.3760000000000003
0.0004,720575940629393207,720575940607667723,700,750,-0.792,6,3,4.752000000000001,2.3760000000000003
0.0004,720575940628695043,720575940607908363,700,750,-0.528,4,2,2.112,1.056
0.0004,720575940639935616,720575940607908363,700,750,-0.264,4,2,1.056,0.528
0.0004,720575940612326373,720575940607908363,700,750,-1.056,4,2,4.224,2.112
0.0004,720575940623862015,720575940607949781,700,750,-71.28,1,1,71.28,71.28
0.0004,720575940629667639,720575940607949781,700,750,-56.232000000000006,1,1,56.232000000000006,56.232000000000006
0.0004,720575940623862015,720575940607992156,700,750,0.66,1,1,0.66,0.66
0.0004,720575940639935616,720575940607992156,700,750,0.33,1,1,0.33,0.33
0.0004,720575940643551392,720575940607992156,700,750,0.66,1,1,0.66,0.66
0.0004,720575940639283278,720575940608207317,700,750,-0.264,1,0,0.264,0.0
0.0004,720575940639935616,720575940608336907,650,700,0.33,1,1,0.33,0.33
0.0004,720575940639935616,720575940608336907,700,750,0.33,1,1,0.33,0.33
0.0004,720575940628695043,720575940608339209,700,750,-0.792,1,1,0.792,0.792
0.0004,720575940639283278,720575940608351324,650,700,-0.264,1,1,0.264,0.264
0.0004,720575940639283278,720575940608351324,700,750,-0.264,6,3,1.584,0.792
0.0004,720575940628455942,720575940608437771,700,750,5.61,3,0,16.830000000000002,0.0
0.0004,720575940639283278,720575940608437771,700,750,13.2,3,3,39.599999999999994,39.599999999999994
0.0004,720575940628455942,720575940608462684,700,750,2.97,4,3,11.88,8.91
0.0004,720575940639283278,720575940608462684,700,750,12.870000000000001,4,2,51.480000000000004,25.740000000000002
0.0004,720575940660219265,720575940608498780,600,650,-0.264,2,1,0.528,0.264
0.0004,720575940660219265,720575940608498780,640,650,-0.264,1,1,0.264,0.264
0.0004,720575940660219265,720575940608498780,650,700,-0.264,2,1,0.528,0.264
0.0004,720575940660219265,720575940608498780,700,750,-0.264,2,1,0.528,0.264
0.0004,720575940628695043,720575940608544011,700,750,0.33,3,1,0.99,0.33
0.0004,720575940639935616,720575940608635913,700,750,-0.264,1,0,0.264,0.0
0.0004,720575940628695043,720575940608635913,700,750,-0.264,1,1,0.264,0.264
0.0004,720575940639283278,720575940608663253,700,750,0.66,1,0,0.66,0.0
0.0004,720575940628455942,720575940608744405,650,700,0.33,2,2,0.66,0.66
0.0004,720575940628455942,720575940608744405,700,750,0.33,5,3,1.6500000000000001,0.99
0.0004,720575940612326373,720575940608744405,650,700,2.31,2,1,4.62,2.31
0.0004,720575940612326373,720575940608744405,700,750,2.31,5,3,11.55,6.93
0.0004,720575940628695043,720575940608744405,650,700,1.98,2,2,3.96,3.96
0.0004,720575940628695043,720575940608744405,700,750,1.98,5,2,9.9,3.96
0.0004,720575940623862015,720575940608744405,650,700,0.33,2,2,0.66,0.66
0.0004,720575940623862015,720575940608744405,700,750,0.33,5,2,1.6500000000000001,0.66
0.0004,720575940639935616,720575940608744405,650,700,4.62,2,2,9.24,9.24
0.0004,720575940639935616,720575940608744405,700,750,4.62,5,3,23.1,13.86
0.0004,720575940629393207,720575940608744405,650,700,3.96,2,2,7.92,7.92
0.0004,720575940629393207,720575940608744405,700,750,3.96,5,2,19.8,7.92
0.0004,720575940629377132,720575940608744405,650,700,2.64,2,2,5.28,5.28
0.0004,720575940629377132,720575940608744405,700,750,2.64,5,2,13.200000000000001,5.28
0.0004,720575940633434208,720575940608744405,650,700,3.3,2,2,6.6,6.6
0.0004,720575940633434208,720575940608744405,700,750,3.3,5,2,16.5,6.6
0.0004,720575940643551392,720575940608744405,650,700,3.6300000000000003,2,2,7.260000000000001,7.260000000000001
0.0004,720575940643551392,720575940608744405,700,750,3.6300000000000003,5,2,18.150000000000002,7.260000000000001
0.0004,720575940629667639,720575940608744405,650,700,0.66,2,2,1.32,1.32
0.0004,720575940629667639,720575940608744405,700,750,0.66,5,2,3.3000000000000003,1.32
0.0004,720575940628455942,720575940608886741,700,750,0.99,2,1,1.98,0.99
0.0004,720575940639283278,720575940608886741,700,750,0.33,2,0,0.66,0.0
0.0004,720575940628695043,720575940608956373,700,750,0.33,3,1,0.99,0.33
0.0004,720575940628695043,720575940608971221,700,750,5.28,4,2,21.12,10.56
0.0004,720575940639935616,720575940608978115,700,750,-2.112,1,0,2.112,0.0
0.0004,720575940612326373,720575940608978115,700,750,-0.792,1,0,0.792,0.0
0.0004,720575940628695043,720575940609027523,650,700,-0.264,1,1,0.264,0.264
0.0004,720575940628695043,720575940609027523,700,750,-0.264,6,3,1.584,0.792
0.0004,720575940639283278,720575940609027523,650,700,-0.264,1,1,0.264,0.264
0.0004,720575940639283278,720575940609027523,700,750,-0.264,6,2,1.584,0.528
0.0004,720575940639935616,720575940609027523,650,700,-1.584,1,1,1.584,1.584
0.0004,720575940639935616,720575940609027523,700,750,-1.584,6,4,9.504000000000001,6.336
0.0004,720575940643476128,720575940609027523,650,700,-0.264,1,0,0.264,0.0
0.0004,720575940643476128,720575940609027523,700,750,-0.264,6,5,1.584,1.32
0.0004,720575940612326373,720575940609027523,650,700,-0.528,1,1,0.528,0.528
0.0004,720575940612326373,720575940609027523,700,750,-0.528,6,5,3.168,2.64
0.0004,720575940628695043,720575940609077828,650,700,1.32,1,1,1.32,1.32
0.0004,720575940628695043,720575940609077828,700,750,1.32,2,2,2.64,2.64
0.0004,720575940612326373,720575940609108931,700,750,-1.584,2,1,3.168,1.584
0.0004,720575940628695043,720575940609180611,700,750,0.33,7,2,2.31,0.66
0.0004,720575940628695043,720575940609203268,700,750,0.66,2,1,1.32,0.66
0.0004,720575940639283278,720575940609237187,700,750,-0.264,1,1,0.264,0.264
0.0004,720575940639935616,720575940609269001,700,750,-0.264,5,3,1.32,0.792
0.0004,720575940623862015,720575940609269001,700,750,-11.616000000000001,5,5,58.080000000000005,58.080000000000005
0.0004,720575940629667639,720575940609269001,700,750,-38.54400000000001,5,4,192.72000000000006,154.17600000000004
0.0004,720575940660219265,720575940609407939,600,650,29.040000000000003,3,2,87.12,58.080000000000005
0.0004,720575940660219265,720575940609407939,640,650,29.040000000000003,1,1,29.040000000000003,29.040000000000003
0.0004,720575940660219265,720575940609407939,650,700,29.040000000000003,2,1,58.080000000000005,29.040000000000003
0.0004,720575940660219265,720575940609407939,700,750,29.040000000000003,2,2,58.080000000000005,58.080000000000005
0.0004,720575940612326373,720575940609674052,650,700,-2.64,2,2,5.28,5.28
0.0004,720575940612326373,720575940609674052,700,750,-2.64,4,4,10.56,10.56
0.0004,720575940639935616,720575940609674052,650,700,-1.584,2,1,3.168,1.584
0.0004,720575940639935616,720575940609674052,700,750,-1.584,4,3,6.336,4.752000000000001
0.0004,720575940612326373,720575940609729649,700,750,-0.264,1,0,0.264,0.0
0.0004,720575940639935616,720575940609760814,700,750,-0.264,2,2,0.528,0.528
0.0004,720575940643476128,720575940609760814,700,750,-0.264,2,1,0.528,0.264
0.0004,720575940639935616,720575940609806712,700,750,-0.264,3,2,0.792,0.528
0.0004,720575940639283278,720575940609826168,700,750,0.33,1,0,0.33,0.0
0.0004,720575940628455942,720575940609908270,700,750,3.3,1,0,3.3,0.0
0.0004,720575940639283278,720575940609908270,700,750,2.31,1,1,2.31,2.31
0.0004,720575940639935616,720575940609908270,700,750,0.33,1,0,0.33,0.0
0.0004,720575940643476128,720575940609908270,700,750,3.6300000000000003,1,1,3.6300000000000003,3.6300000000000003
0.0004,720575940660219265,720575940609935172,600,650,-0.264,2,1,0.528,0.264
0.0004,720575940660219265,720575940609935172,640,650,-0.264,1,1,0.264,0.264
0.0004,720575940660219265,720575940609935172,650,700,-0.264,2,2,0.528,0.528
0.0004,720575940660219265,720575940609935172,700,750,-0.264,2,0,0.528,0.0
0.0004,720575940639935616,720575940609978866,700,750,1.32,1,0,1.32,0.0
0.0004,720575940628695043,720575940609979610,700,750,-7.128,2,1,14.256,7.128
0.0004,720575940639283278,720575940610073412,700,750,-0.264,2,1,0.528,0.264
0.0004,720575940639935616,720575940610073412,700,750,-0.792,2,2,1.584,1.584
0.0004,720575940643476128,720575940610073412,700,750,-0.264,2,1,0.528,0.264
0.0004,720575940629393207,720575940610075346,700,750,-0.264,1,0,0.264,0.0
0.0004,720575940628455942,720575940610167665,650,700,-1.584,2,2,3.168,3.168
0.0004,720575940628455942,720575940610167665,700,750,-1.584,3,2,4.752000000000001,3.168
0.0004,720575940639283278,720575940610167665,650,700,-3.168,2,1,6.336,3.168
0.0004,720575940639283278,720575940610167665,700,750,-3.168,3,1,9.504000000000001,3.168
0.0004,720575940628695043,720575940610205282,650,700,1.98,3,1,5.9399999999999995,1.98
0.0004,720575940628695043,720575940610205282,700,750,1.98,4,0,7.92,0.0
0.0004,720575940628455942,720575940610205282,650,700,1.98,3,3,5.9399999999999995,5.9399999999999995
0.0004,720575940628455942,720575940610205282,700,750,1.98,4,3,7.92,5.9399999999999995
0.0004,720575940639283278,720575940610205282,650,700,0.66,3,3,1.98,1.98
0.0004,720575940639283278,720575940610205282,700,750,0.66,4,2,2.64,1.32
0.0004,720575940643476128,720575940610205282,650,700,0.66,3,2,1.98,1.32
0.0004,720575940643476128,720575940610205282,700,750,0.66,4,2,2.64,1.32
0.0004,720575940612326373,720575940610205282,650,700,0.33,3,3,0.99,0.99
0.0004,720575940612326373,720575940610205282,700,750,0.33,4,2,1.32,0.66
0.0004,720575940628455942,720575940610209378,650,700,0.66,3,3,1.98,1.98
0.0004,720575940628455942,720575940610209378,700,750,0.66,5,3,3.3000000000000003,1.98
0.0004,720575940623862015,720575940610209378,650,700,4.95,3,2,14.850000000000001,9.9
0.0004,720575940623862015,720575940610209378,700,750,4.95,5,3,24.75,14.850000000000001
0.0004,720575940639283278,720575940610287473,700,750,-0.264,1,0,0.264,0.0
0.0004,720575940628455942,720575940610287473,700,750,-0.528,1,1,0.528,0.528
0.0004,720575940628695043,720575940610323674,700,750,0.33,3,1,0.99,0.33
0.0004,720575940628695043,720575940610404977,650,700,1.65,1,1,1.65,1.65
0.0004,720575940628695043,720575940610404977,700,750,1.65,2,2,3.3,3.3
0.0004,720575940628455942,720575940610404977,650,700,0.66,1,1,0.66,0.66
0.0004,720575940628455942,720575940610404977,700,750,0.66,2,1,1.32,0.66
0.0004,720575940639283278,720575940610404977,650,700,0.66,1,1,0.66,0.66
0.0004,720575940639283278,720575940610404977,700,750,0.66,2,1,1.32,0.66
0.0004,720575940639935616,720575940610404977,650,700,2.31,1,0,2.31,0.0
0.0004,720575940639935616,720575940610404977,700,750,2.31,2,1,4.62,2.31
0.0004,720575940612326373,720575940610404977,650,700,1.32,1,1,1.32,1.32
0.0004,720575940612326373,720575940610404977,700,750,1.32,2,1,2.64,1.32
0.0004,720575940628455942,720575940610427512,700,750,4.62,3,2,13.86,9.24
0.0004,720575940639283278,720575940610427512,700,750,11.22,3,2,33.660000000000004,22.44
0.0004,720575940628695043,720575940610440049,700,750,0.33,1,1,0.33,0.33
0.0004,720575940639935616,720575940610506360,700,750,-7.392,1,1,7.392,7.392
0.0004,720575940612326373,720575940610506360,700,750,-9.504000000000001,1,1,9.504000000000001,9.504000000000001
0.0004,720575940628455942,720575940610506542,650,700,-0.264,2,1,0.528,0.264
0.0004,720575940628455942,720575940610506542,700,750,-0.264,3,2,0.792,0.528
0.0004,720575940612326373,720575940610506542,650,700,-0.792,2,2,1.584,1.584
0.0004,720575940612326373,720575940610506542,700,750,-0.792,3,1,2.3760000000000003,0.792
0.0004,720575940639935616,720575940610506542,650,700,-0.528,2,2,1.056,1.056
0.0004,720575940639935616,720575940610506542,700,750,-0.528,3,1,1.584,0.528
0.0004,720575940643476128,720575940610506542,650,700,-1.056,2,1,2.112,1.056
0.0004,720575940643476128,720575940610506542,700,750,-1.056,3,3,3.168,3.168
0.0004,720575940639283278,720575940610506542,650,700,-0.792,2,1,1.584,0.792
0.0004,720575940639283278,720575940610506542,700,750,-0.792,3,3,2.3760000000000003,2.3760000000000003
0.0004,720575940639283278,720575940610536494,650,700,-0.264,1,1,0.264,0.264
0.0004,720575940639283278,720575940610536494,700,750,-0.264,3,2,0.792,0.528
0.0004,720575940639935616,720575940610536494,650,700,-1.056,1,0,1.056,0.0
0.0004,720575940639935616,720575940610536494,700,750,-1.056,3,2,3.168,2.112
0.0004,720575940612326373,720575940610536494,650,700,-0.264,1,0,0.264,0.0
0.0004,720575940612326373,720575940610536494,700,750,-0.264,3,1,0.792,0.264
0.0004,720575940628455942,720575940610562969,650,700,-5.016000000000001,2,1,10.032000000000002,5.016000000000001
0.0004,720575940628455942,720575940610562969,700,750,-5.016000000000001,3,1,15.048000000000002,5.016000000000001
0.0004,720575940639283278,720575940610562969,650,700,-5.016000000000001,2,2,10.032000000000002,10.032000000000002
0.0004,720575940639283278,720575940610562969,700,750,-5.016000000000001,3,1,15.048000000000002,5.016000000000001
0.0004,720575940639935616,720575940610562969,650,700,-0.264,2,1,0.528,0.264
0.0004,720575940639935616,720575940610562969,700,750,-0.264,3,1,0.792,0.264
0.0004,720575940643476128,720575940610562969,650,700,-1.056,2,1,2.112,1.056
0.0004,720575940643476128,720575940610562969,700,750,-1.056,3,1,3.168,1.056
0.0004,720575940612326373,720575940610562969,650,700,-0.264,2,1,0.528,0.264
0.0004,720575940612326373,720575940610562969,700,750,-0.264,3,2,0.792,0.528
0.0004,720575940639283278,720575940610609454,700,750,0.66,2,2,1.32,1.32
0.0004,720575940639283278,720575940610647416,650,700,-0.264,2,1,0.528,0.264
0.0004,720575940639283278,720575940610647416,700,750,-0.264,3,1,0.792,0.264
0.0004,720575940643476128,720575940610647416,650,700,-0.264,2,1,0.528,0.264
0.0004,720575940643476128,720575940610647416,700,750,-0.264,3,3,0.792,0.792
0.0004,720575940639935616,720575940610649208,650,700,0.33,1,0,0.33,0.0
0.0004,720575940623862015,720575940610649208,650,700,0.33,1,0,0.33,0.0
0.0004,720575940629667639,720575940610649208,650,700,0.33,1,0,0.33,0.0
0.0004,720575940660219265,720575940610677828,600,650,-21.648,3,2,64.944,43.296
0.0004,720575940660219265,720575940610677828,640,650,-21.648,1,1,21.648,21.648
0.0004,720575940660219265,720575940610677828,650,700,-21.648,4,3,86.592,64.944
0.0004,720575940660219265,720575940610677828,700,750,-21.648,3,1,64.944,21.648
0.0004,720575940628695043,720575940610711250,650,700,-0.264,1,1,0.264,0.264
0.0004,720575940628695043,720575940610711250,700,750,-0.264,3,1,0.792,0.264
0.0004,720575940643476128,720575940610711250,650,700,-0.264,1,1,0.264,0.264
0.0004,720575940643476128,720575940610711250,700,750,-0.264,3,2,0.792,0.528
0.0004,720575940612326373,720575940610711250,650,700,-9.768,1,1,9.768,9.768
0.0004,720575940612326373,720575940610711250,700,750,-9.768,3,2,29.304000000000002,19.536
0.0004,720575940639935616,720575940610711250,650,700,-0.792,1,0,0.792,0.0
0.0004,720575940639935616,720575940610711250,700,750,-0.792,3,1,2.3760000000000003,0.792
0.0004,720575940628455942,720575940610755481,700,750,-6.336,1,0,6.336,0.0
0.0004,720575940639283278,720575940610755481,700,750,-5.808000000000001,1,1,5.808000000000001,5.808000000000001
0.0004,720575940643476128,720575940610755481,700,750,-1.584,1,0,1.584,0.0
0.0004,720575940639935616,720575940610769506,700,750,-0.264,1,1,0.264,0.264
0.0004,720575940612326373,720575940610769506,700,750,-0.528,1,1,0.528,0.528
0.0004,720575940660219265,720575940610803554,600,650,-0.264,2,2,0.528,0.528
0.0004,720575940660219265,720575940610803554,650,700,-0.264,3,2,0.792,0.528
0.0004,720575940660219265,720575940610803554,700,750,-0.264,3,1,0.792,0.264
0.0004,720575940639935616,720575940610818673,700,750,-4.224,1,0,4.224,0.0
0.0004,720575940643551392,720575940610826645,700,750,0.33,2,1,0.66,0.33
0.0004,720575940643476128,720575940610964946,700,750,-0.264,9,5,2.3760000000000003,1.32
0.0004,720575940639283278,720575940611024281,700,750,1.98,1,0,1.98,0.0
0.0004,720575940643476128,720575940611024281,700,750,0.33,1,0,0.33,0.0
0.0004,720575940628695043,720575940611035365,700,750,0.33,3,0,0.99,0.0
0.0004,720575940628695043,720575940611117717,700,750,0.33,1,1,0.33,0.33
0.0004,720575940639935616,720575940611117717,700,750,0.33,1,0,0.33,0.0
0.0004,720575940623862015,720575940611117717,700,750,13.860000000000001,1,1,13.860000000000001,13.860000000000001
0.0004,720575940629667639,720575940611117717,700,750,0.33,1,1,0.33,0.33
0.0004,720575940623862015,720575940611197658,700,750,-7.392,1,1,7.392,7.392
0.0004,720575940629667639,720575940611197658,700,750,-10.032000000000002,1,0,10.032000000000002,0.0
0.0004,720575940639283278,720575940611292622,700,750,-0.264,1,1,0.264,0.264
0.0004,720575940639935616,720575940611428977,700,750,0.33,1,1,0.33,0.33
0.0004,720575940628695043,720575940611439473,600,650,3.6300000000000003,1,1,3.6300000000000003,3.6300000000000003
0.0004,720575940628695043,720575940611439473,640,650,3.6300000000000003,1,1,3.6300000000000003,3.6300000000000003
0.0004,720575940628695043,720575940611439473,650,700,3.6300000000000003,5,4,18.150000000000002,14.520000000000001
0.0004,720575940628695043,720575940611439473,700,750,3.6300000000000003,5,4,18.150000000000002,14.520000000000001
0.0004,720575940639283278,720575940611439473,600,650,17.16,1,1,17.16,17.16
0.0004,720575940639283278,720575940611439473,640,650,17.16,1,1,17.16,17.16
0.0004,720575940639283278,720575940611439473,650,700,17.16,5,3,85.8,51.480000000000004
0.0004,720575940639283278,720575940611439473,700,750,17.16,5,2,85.8,34.32
0.0004,720575940628455942,720575940611439473,600,650,1.32,1,1,1.32,1.32
0.0004,720575940628455942,720575940611439473,640,650,1.32,1,1,1.32,1.32
0.0004,720575940628455942,720575940611439473,650,700,1.32,5,5,6.6000000000000005,6.6000000000000005
0.0004,720575940628455942,720575940611439473,700,750,1.32,5,1,6.6000000000000005,1.32
0.0004,720575940643476128,720575940611439473,600,650,0.33,1,1,0.33,0.33
0.0004,720575940643476128,720575940611439473,640,650,0.33,1,1,0.33,0.33
0.0004,720575940643476128,720575940611439473,650,700,0.33,5,4,1.6500000000000001,1.32
0.0004,720575940643476128,720575940611439473,700,750,0.33,5,3,1.6500000000000001,0.99
0.0004,720575940612326373,720575940611439473,600,650,5.61,1,0,5.61,0.0
0.0004,720575940612326373,720575940611439473,640,650,5.61,1,0,5.61,0.0
0.0004,720575940612326373,720575940611439473,650,700,5.61,5,4,28.05,22.44
0.0004,720575940612326373,720575940611439473,700,750,5.61,5,3,28.05,16.830000000000002
0.0004,720575940639935616,720575940611439473,600,650,3.3,1,1,3.3,3.3
0.0004,720575940639935616,720575940611439473,640,650,3.3,1,1,3.3,3.3
0.0004,720575940639935616,720575940611439473,650,700,3.3,5,5,16.5,16.5
0.0004,720575940639935616,720575940611439473,700,750,3.3,5,2,16.5,6.6
0.0004,720575940629667639,720575940611439473,600,650,0.66,1,1,0.66,0.66
0.0004,720575940629667639,720575940611439473,640,650,0.66,1,1,0.66,0.66
0.0004,720575940629667639,720575940611439473,650,700,0.66,5,4,3.3000000000000003,2.64
0.0004,720575940629667639,720575940611439473,700,750,0.66,5,4,3.3000000000000003,2.64
0.0004,720575940639283278,720575940611455766,700,750,0.33,1,0,0.33,0.0
0.0004,720575940628695043,720575940611490778,700,750,-0.264,3,2,0.792,0.528
0.0004,720575940639283278,720575940611490778,700,750,-22.968000000000004,3,1,68.90400000000001,22.968000000000004
0.0004,720575940639935616,720575940611490778,700,750,-0.264,3,3,0.792,0.792
0.0004,720575940639283278,720575940611502309,650,700,0.99,1,1,0.99,0.99
0.0004,720575940639283278,720575940611502309,700,750,0.99,3,1,2.9699999999999998,0.99
0.0004,720575940639935616,720575940611502309,650,700,3.3,1,1,3.3,3.3
0.0004,720575940639935616,720575940611502309,700,750,3.3,3,2,9.899999999999999,6.6
0.0004,720575940612326373,720575940611502309,650,700,3.96,1,1,3.96,3.96
0.0004,720575940612326373,720575940611502309,700,750,3.96,3,2,11.879999999999999,7.92
0.0004,720575940628695043,720575940611523733,600,650,0.33,1,1,0.33,0.33
0.0004,720575940628695043,720575940611523733,650,700,0.33,2,1,0.66,0.33
0.0004,720575940639283278,720575940611523733,600,650,0.99,1,1,0.99,0.99
0.0004,720575940639283278,720575940611523733,650,700,0.99,2,1,1.98,0.99
0.0004,720575940612326373,720575940611523733,600,650,0.33,1,1,0.33,0.33
0.0004,720575940612326373,720575940611523733,650,700,0.33,2,1,0.66,0.33
0.0004,720575940639935616,720575940611523733,600,650,2.97,1,1,2.97,2.97
0.0004,720575940639935616,720575940611523733,650,700,2.97,2,2,5.94,5.94
0.0004,720575940639283278,720575940611546794,700,750,0.66,1,1,0.66,0.66
0.0004,720575940639935616,720575940611546794,700,750,0.33,1,0,0.33,0.0
0.0004,720575940612326373,720575940611546794,700,750,0.66,1,0,0.66,0.0
0.0004,720575940639283278,720575940611550643,700,750,-1.584,5,1,7.92,1.584
0.0004,720575940643476128,720575940611550643,700,750,-0.264,5,3,1.32,0.792
0.0004,720575940628695043,720575940611561139,600,650,-0.264,1,0,0.264,0.0
0.0004,720575940628695043,720575940611561139,650,700,-0.264,3,3,0.792,0.792
0.0004,720575940628695043,720575940611561139,700,750,-0.264,4,2,1.056,0.528
0.0004,720575940628455942,720575940611561139,600,650,-0.264,1,1,0.264,0.264
0.0004,720575940628455942,720575940611561139,650,700,-0.264,3,3,0.792,0.792
0.0004,720575940628455942,720575940611561139,700,750,-0.264,4,2,1.056,0.528
0.0004,720575940628455942,720575940611606490,650,700,-10.296000000000001,2,2,20.592000000000002,20.592000000000002
0.0004,720575940628455942,720575940611606490,700,750,-10.296000000000001,4,3,41.184000000000005,30.888000000000005
0.0004,720575940639283278,720575940611606490,650,700,-5.28,2,1,10.56,5.28
0.0004,720575940639283278,720575940611606490,700,750,-5.28,4,3,21.12,15.84
0.0004,720575940643476128,720575940611606490,650,700,-0.264,2,0,0.528,0.0
0.0004,720575940643476128,720575940611606490,700,750,-0.264,4,1,1.056,0.264
0.0004,720575940628695043,720575940611612387,700,750,0.33,2,1,0.66,0.33
0.0004,720575940628455942,720575940611722961,700,750,4.95,1,0,4.95,0.0
0.0004,720575940639283278,720575940611722961,700,750,5.61,1,1,5.61,5.61
0.0004,720575940639935616,720575940611722961,700,750,0.33,1,0,0.33,0.0
0.0004,720575940643476128,720575940611722961,700,750,0.66,1,0,0.66,0.0
0.0004,720575940639283278,720575940611738035,650,700,-1.056,1,1,1.056,1.056
0.0004,720575940639283278,720575940611738035,700,750,-1.056,4,2,4.224,2.112
0.0004,720575940628695043,720575940611755157,700,750,0.33,4,2,1.32,0.66
0.0004,720575940639283278,720575940611755157,700,750,20.46,4,2,81.84,40.92
0.0004,720575940623862015,720575940611762090,700,750,2.97,3,1,8.91,2.97
0.0004,720575940628695043,720575940611794138,700,750,-1.584,3,1,4.752000000000001,1.584
0.0004,720575940639935616,720575940611794138,700,750,-0.264,3,2,0.792,0.528
0.0004,720575940612326373,720575940611794138,700,750,-11.616000000000001,3,1,34.848000000000006,11.616000000000001
0.0004,720575940612326373,720575940611913842,700,750,-1.584,2,1,3.168,1.584
0.0004,720575940628695043,720575940611930481,700,750,10.23,9,2,92.07000000000001,20.46
0.0004,720575940639283278,720575940611930481,700,750,0.66,9,6,5.94,3.96
0.0004,720575940628455942,720575940611930481,700,750,11.549999999999999,9,4,103.94999999999999,46.199999999999996
0.0004,720575940643476128,720575940611930481,700,750,0.99,9,7,8.91,6.93
0.0004,720575940612326373,720575940611985265,650,700,-6.6000000000000005,2,1,13.200000000000001,6.6000000000000005
0.0004,720575940612326373,720575940611985265,700,750,-6.6000000000000005,4,3,26.400000000000002,19.8
0.0004,720575940639935616,720575940611985265,650,700,-10.56,2,1,21.12,10.56
0.0004,720575940639935616,720575940611985265,700,750,-10.56,4,2,42.24,21.12
0.0004,720575940639283278,720575940612011377,700,750,-3.4320000000000004,4,3,13.728000000000002,10.296000000000001
0.0004,720575940628455942,720575940612011377,700,750,-27.456000000000003,4,2,109.82400000000001,54.912000000000006
0.0004,720575940643476128,720575940612011377,700,750,-6.6000000000000005,4,3,26.400000000000002,19.8
0.0004,720575940612326373,720575940612011377,700,750,-0.264,4,2,1.056,0.528
0.0004,720575940639935616,720575940612011377,700,750,-0.264,4,3,1.056,0.792
0.0004,720575940628695043,720575940612030899,700,750,27.390000000000004,2,2,54.78000000000001,54.78000000000001
0.0004,720575940639935616,720575940612042774,700,750,-0.264,1,1,0.264,0.264
0.0004,720575940612326373,720575940612042774,700,750,-0.264,1,0,0.264,0.0
0.0004,720575940628695043,720575940612044750,700,750,4.95,4,4,19.8,19.8
0.0004,720575940639283278,720575940612044750,700,750,1.98,4,3,7.92,5.9399999999999995
0.0004,720575940628455942,720575940612044750,700,750,7.260000000000001,4,3,29.040000000000003,21.78
0.0004,720575940643476128,720575940612146129,700,750,-0.264,3,2,0.792,0.528
0.0004,720575940628695043,720575940612154339,600,650,0.33,2,2,0.66,0.66
0.0004,720575940628695043,720575940612154339,650,700,0.33,4,3,1.32,0.99
0.0004,720575940628695043,720575940612154339,700,750,0.33,7,3,2.31,0.99
0.0004,720575940629377132,720575940612154339,600,650,1.65,2,1,3.3,1.65
0.0004,720575940629377132,720575940612154339,650,700,1.65,4,0,6.6,0.0
0.0004,720575940629377132,720575940612154339,700,750,1.65,7,2,11.549999999999999,3.3
0.0004,720575940629393207,720575940612154339,600,650,3.6300000000000003,2,1,7.260000000000001,3.6300000000000003
0.0004,720575940629393207,720575940612154339,650,700,3.6300000000000003,4,1,14.520000000000001,3.6300000000000003
0.0004,720575940629393207,720575940612154339,700,750,3.6300000000000003,7,3,25.410000000000004,10.89
0.0004,720575940629667639,720575940612154339,600,650,0.33,2,0,0.66,0.0
0.0004,720575940629667639,720575940612154339,650,700,0.33,4,0,1.32,0.0
0.0004,720575940629667639,720575940612154339,700,750,0.33,7,2,2.31,0.66
0.0004,720575940612326373,720575940612154339,600,650,0.66,2,2,1.32,1.32
0.0004,720575940612326373,720575940612154339,650,700,0.66,4,4,2.64,2.64
0.0004,720575940612326373,720575940612154339,700,750,0.66,7,1,4.62,0.66
0.0004,720575940628695043,720575940612185586,650,700,-0.264,3,2,0.792,0.528
0.0004,720575940639935616,720575940612185586,650,700,-1.584,3,2,4.752000000000001,3.168
0.0004,720575940612326373,720575940612185586,650,700,-1.056,3,3,3.168,3.168
0.0004,720575940660219265,720575940612208858,600,650,-0.264,1,1,0.264,0.264
0.0004,720575940660219265,720575940612208858,650,700,-0.264,2,2,0.528,0.528
0.0004,720575940660219265,720575940612208858,700,750,-0.264,1,1,0.264,0.264
0.0004,720575940623862015,720575940612213741,650,700,-0.792,1,1,0.792,0.792
0.0004,720575940623862015,720575940612213741,700,750,-0.792,1,1,0.792,0.792
0.0004,720575940629667639,720575940612213741,650,700,-0.264,1,1,0.264,0.264
0.0004,720575940629667639,720575940612213741,700,750,-0.264,1,0,0.264,0.0
0.0004,720575940612326373,720575940612213741,650,700,-0.264,1,0,0.264,0.0
0.0004,720575940612326373,720575940612213741,700,750,-0.264,1,1,0.264,0.264
0.0004,720575940639283278,720575940612302042,650,700,3.3,1,1,3.3,3.3
0.0004,720575940639283278,720575940612302042,700,750,3.3,2,1,6.6,3.3
0.0004,720575940633434208,720575940612302042,650,700,0.33,1,1,0.33,0.33
0.0004,720575940633434208,720575940612302042,700,750,0.33,2,1,0.66,0.33
0.0004,720575940643551392,720575940612302042,650,700,0.33,1,1,0.33,0.33
0.0004,720575940643551392,720575940612302042,700,750,0.33,2,1,0.66,0.33
0.0004,720575940623862015,720575940612302042,650,700,3.3,1,1,3.3,3.3
0.0004,720575940623862015,720575940612302042,700,750,3.3,2,0,6.6,0.0
0.0004,720575940628455942,720575940612302042,650,700,1.32,1,0,1.32,0.0
0.0004,720575940628455942,720575940612302042,700,750,1.32,2,2,2.64,2.64
0.0004,720575940643476128,720575940612302042,650,700,1.32,1,1,1.32,1.32
0.0004,720575940643476128,720575940612302042,700,750,1.32,2,0,2.64,0.0
0.0004,720575940612326373,720575940612302042,650,700,3.3,1,1,3.3,3.3
0.0004,720575940612326373,720575940612302042,700,750,3.3,2,1,6.6,3.3
0.0004,720575940639935616,720575940612302042,650,700,2.31,1,1,2.31,2.31
0.0004,720575940639935616,720575940612302042,700,750,2.31,2,2,4.62,4.62
0.0004,720575940629667639,720575940612302042,650,700,0.99,1,1,0.99,0.99
0.0004,720575940629667639,720575940612302042,700,750,0.99,2,1,1.98,0.99
0.0004,720575940628695043,720575940612321194,700,750,-0.264,2,2,0.528,0.528
0.0004,720575940628695043,720575940612326373,600,650,1.65,1,1,1.65,1.65
0.0004,720575940628695043,720575940612326373,640,650,1.65,1,1,1.65,1.65
0.0004,720575940628695043,720575940612326373,650,700,1.65,7,5,11.549999999999999,8.25
0.0004,720575940628695043,720575940612326373,700,750,1.65,10,2,16.5,3.3
0.0004,720575940639283278,720575940612326373,600,650,1.32,1,1,1.32,1.32
0.0004,720575940639283278,720575940612326373,640,650,1.32,1,1,1.32,1.32
0.0004,720575940639283278,720575940612326373,650,700,1.32,7,6,9.24,7.92
0.0004,720575940639283278,720575940612326373,700,750,1.32,10,9,13.200000000000001,11.88
0.0004,720575940633434208,720575940612326373,600,650,1.98,1,1,1.98,1.98
0.0004,720575940633434208,720575940612326373,640,650,1.98,1,1,1.98,1.98
0.0004,720575940633434208,720575940612326373,650,700,1.98,7,3,13.86,5.9399999999999995
0.0004,720575940633434208,720575940612326373,700,750,1.98,10,6,19.8,11.879999999999999
0.0004,720575940629377132,720575940612326373,600,650,0.99,1,0,0.99,0.0
0.0004,720575940629377132,720575940612326373,640,650,0.99,1,0,0.99,0.0
0.0004,720575940629377132,720575940612326373,650,700,0.99,7,5,6.93,4.95
0.0004,720575940629377132,720575940612326373,700,750,0.99,10,8,9.9,7.92
0.0004,720575940643551392,720575940612326373,600,650,1.98,1,1,1.98,1.98
0.0004,720575940643551392,720575940612326373,640,650,1.98,1,1,1.98,1.98
0.0004,720575940643551392,720575940612326373,650,700,1.98,7,3,13.86,5.9399999999999995
0.0004,720575940643551392,720575940612326373,700,750,1.98,10,6,19.8,11.879999999999999
0.0004,720575940628455942,720575940612326373,600,650,0.99,1,1,0.99,0.99
0.0004,720575940628455942,720575940612326373,640,650,0.99,1,1,0.99,0.99
0.0004,720575940628455942,720575940612326373,650,700,0.99,7,5,6.93,4.95
0.0004,720575940628455942,720575940612326373,700,750,0.99,10,2,9.9,1.98
0.0004,720575940643476128,720575940612326373,600,650,0.99,1,1,0.99,0.99
0.0004,720575940643476128,720575940612326373,640,650,0.99,1,1,0.99,0.99
0.0004,720575940643476128,720575940612326373,650,700,0.99,7,4,6.93,3.96
0.0004,720575940643476128,720575940612326373,700,750,0.99,10,9,9.9,8.91
0.0004,720575940639935616,720575940612326373,600,650,1.32,1,1,1.32,1.32
0.0004,720575940639935616,720575940612326373,640,650,1.32,1,1,1.32,1.32
0.0004,720575940639935616,720575940612326373,650,700,1.32,7,5,9.24,6.6000000000000005
0.0004,720575940639935616,720575940612326373,700,750,1.32,10,0,13.200000000000001,0.0
0.0004,720575940629667639,720575940612326373,600,650,0.33,1,1,0.33,0.33
0.0004,720575940629667639,720575940612326373,640,650,0.33,1,1,0.33,0.33
0.0004,720575940629667639,720575940612326373,650,700,0.33,7,4,2.31,1.32
0.0004,720575940629667639,720575940612326373,700,750,0.33,10,8,3.3000000000000003,2.64
0.0004,720575940629393207,720575940612326373,600,650,1.32,1,0,1.32,0.0
0.0004,720575940629393207,720575940612326373,640,650,1.32,1,0,1.32,0.0
0.0004,720575940629393207,720575940612326373,650,700,1.32,7,5,9.24,6.6000000000000005
0.0004,720575940629393207,720575940612326373,700,750,1.32,10,8,13.200000000000001,10.56
0.0004,720575940660219265,720575940612357618,700,750,0.33,1,1,0.33,0.33
0.0004,720575940628455942,720575940612395178,650,700,1.65,2,2,3.3,3.3
0.0004,720575940628455942,720575940612395178,700,750,1.65,1,1,1.65,1.65
0.0004,720575940612326373,720575940612395178,650,700,0.33,2,2,0.66,0.66
0.0004,720575940612326373,720575940612395178,700,750,0.33,1,0,0.33,0.0
0.0004,720575940628455942,720575940612432101,700,750,-1.32,6,5,7.92,6.6000000000000005
0.0004,720575940639283278,720575940612432101,700,750,-3.168,6,2,19.008000000000003,6.336
0.0004,720575940639935616,720575940612432101,700,750,-0.264,6,5,1.584,1.32
0.0004,720575940643476128,720575940612432101,700,750,-0.792,6,4,4.752000000000001,3.168
0.0004,720575940612326373,720575940612435685,650,700,0.33,2,2,0.66,0.66
0.0004,720575940612326373,720575940612435685,700,750,0.33,2,1,0.66,0.33
0.0004,720575940639283278,720575940612455338,700,750,2.31,2,1,4.62,2.31
0.0004,720575940639935616,720575940612455338,700,750,5.28,2,1,10.56,5.28
0.0004,720575940628695043,720575940612465817,700,750,-9.768,2,1,19.536,9.768
0.0004,720575940628695043,720575940612542742,650,700,-16.368000000000002,1,1,16.368000000000002,16.368000000000002
0.0004,720575940639935616,720575940612542742,650,700,-5.016000000000001,1,0,5.016000000000001,0.0
0.0004,720575940612326373,720575940612542742,650,700,-15.576000000000002,1,1,15.576000000000002,15.576000000000002
0.0004,720575940628455942,720575940612549799,650,700,-0.264,2,2,0.528,0.528
0.0004,720575940628455942,720575940612549799,700,750,-0.264,3,1,0.792,0.264
0.0004,720575940639283278,720575940612549799,650,700,-0.792,2,1,1.584,0.792
0.0004,720575940639283278,720575940612549799,700,750,-0.792,3,2,2.3760000000000003,1.584
0.0004,720575940612326373,720575940612551594,650,700,2.31,3,1,6.93,2.31
0.0004,720575940612326373,720575940612551594,700,750,2.31,2,1,4.62,2.31
0.0004,720575940639935616,720575940612551594,650,700,0.99,3,1,2.9699999999999998,0.99
0.0004,720575940639935616,720575940612551594,700,750,0.99,2,1,1.98,0.99
0.0004,720575940639935616,720575940612683729,700,750,-0.792,1,1,0.792,0.792
0.0004,720575940639283278,720575940612734066,650,700,0.66,4,3,2.64,1.98
0.0004,720575940639283278,720575940612734066,700,750,0.66,5,1,3.3000000000000003,0.66
0.0004,720575940628455942,720575940612734066,650,700,0.99,4,3,3.96,2.9699999999999998
0.0004,720575940628455942,720575940612734066,700,750,0.99,5,4,4.95,3.96
0.0004,720575940643476128,720575940612734066,650,700,0.66,4,3,2.64,1.98
0.0004,720575940643476128,720575940612734066,700,750,0.66,5,3,3.3000000000000003,1.98
0.0004,720575940628695043,720575940612922226,650,700,1.65,2,2,3.3,3.3
0.0004,720575940628695043,720575940612922226,700,750,1.65,3,2,4.949999999999999,3.3
0.0004,720575940639283278,720575940612922226,650,700,0.99,2,1,1.98,0.99
0.0004,720575940639283278,720575940612922226,700,750,0.99,3,1,2.9699999999999998,0.99
0.0004,720575940643476128,720575940612922226,650,700,4.95,2,0,9.9,0.0
0.0004,720575940643476128,720575940612922226,700,750,4.95,3,1,14.850000000000001,4.95
0.0004,720575940612326373,720575940612922226,650,700,6.2700000000000005,2,0,12.540000000000001,0.0
0.0004,720575940612326373,720575940612922226,700,750,6.2700000000000005,3,2,18.810000000000002,12.540000000000001
0.0004,720575940639935616,720575940612922226,650,700,2.97,2,0,5.94,0.0
0.0004,720575940639935616,720575940612922226,700,750,2.97,3,3,8.91,8.91
0.0004,720575940628695043,720575940612945266,700,750,-15.576000000000002,4,1,62.30400000000001,15.576000000000002
0.0004,720575940628455942,720575940613073960,700,750,-9.504000000000001,2,0,19.008000000000003,0.0
0.0004,720575940639283278,720575940613073960,700,750,-10.824,2,1,21.648,10.824
0.0004,720575940639935616,720575940613081250,700,750,-15.576000000000002,1,0,15.576000000000002,0.0
0.0004,720575940612326373,720575940613081250,700,750,-6.336,1,1,6.336,6.336
0.0004,720575940660219265,720575940613154582,700,750,-0.792,1,1,0.792,0.792
0.0004,720575940628695043,720575940613157329,650,700,-2.3760000000000003,2,0,4.752000000000001,0.0
0.0004,720575940628695043,720575940613157329,700,750,-2.3760000000000003,4,2,9.504000000000001,4.752000000000001
0.0004,720575940612326373,720575940613157329,650,700,-0.264,2,2,0.528,0.528
0.0004,720575940612326373,720575940613157329,700,750,-0.264,4,2,1.056,0.528
0.0004,720575940628455942,720575940613163473,650,700,13.2,1,0,13.2,0.0
0.0004,720575940628455942,720575940613163473,700,750,13.2,2,2,26.4,26.4
0.0004,720575940633434208,720575940613163473,650,700,0.66,1,1,0.66,0.66
0.0004,720575940633434208,720575940613163473,700,750,0.66,2,0,1.32,0.0
0.0004,720575940643476128,720575940613163473,650,700,0.66,1,1,0.66,0.66
0.0004,720575940643476128,720575940613163473,700,750,0.66,2,1,1.32,0.66
0.0004,720575940643551392,720575940613163473,650,700,0.33,1,1,0.33,0.33
0.0004,720575940643551392,720575940613163473,700,750,0.33,2,1,0.66,0.33
0.0004,720575940628455942,720575940613207471,650,700,0.33,1,1,0.33,0.33
0.0004,720575940628455942,720575940613207471,700,750,0.33,2,1,0.66,0.33
0.0004,720575940639935616,720575940613207471,650,700,1.98,1,1,1.98,1.98
0.0004,720575940639935616,720575940613207471,700,750,1.98,2,0,3.96,0.0
0.0004,720575940643476128,720575940613207471,650,700,6.2700000000000005,1,1,6.2700000000000005,6.2700000000000005
0.0004,720575940643476128,720575940613207471,700,750,6.2700000000000005,2,2,12.540000000000001,12.540000000000001
0.0004,720575940612326373,720575940613207471,650,700,1.32,1,1,1.32,1.32
0.0004,720575940612326373,720575940613207471,700,750,1.32,2,2,2.64,2.64
0.0004,720575940629377132,720575940613258221,700,750,1.98,3,2,5.9399999999999995,3.96
0.0004,720575940623862015,720575940613258221,700,750,1.65,3,3,4.949999999999999,4.949999999999999
0.0004,720575940612326373,720575940613258221,700,750,3.6300000000000003,3,0,10.89,0.0
0.0004,720575940639935616,720575940613258221,700,750,4.62,3,1,13.86,4.62
0.0004,720575940629667639,720575940613258221,700,750,7.92,3,3,23.759999999999998,23.759999999999998
0.0004,720575940629393207,720575940613258221,700,750,0.33,3,2,0.99,0.66
0.0004,720575940639283278,720575940613303471,650,700,-4.752000000000001,3,2,14.256000000000002,9.504000000000001
0.0004,720575940639283278,720575940613303471,700,750,-4.752000000000001,4,2,19.008000000000003,9.504000000000001
0.0004,720575940633434208,720575940613303471,650,700,-0.264,3,3,0.792,0.792
0.0004,720575940633434208,720575940613303471,700,750,-0.264,4,2,1.056,0.528
0.0004,720575940643551392,720575940613303471,650,700,-0.264,3,3,0.792,0.792
0.0004,720575940643551392,720575940613303471,700,750,-0.264,4,2,1.056,0.528
0.0004,720575940612326373,720575940613303471,650,700,-2.9040000000000004,3,2,8.712000000000002,5.808000000000001
0.0004,720575940612326373,720575940613303471,700,750,-2.9040000000000004,4,2,11.616000000000001,5.808000000000001
0.0004,720575940639935616,720575940613303471,650,700,-1.584,3,2,4.752000000000001,3.168
0.0004,720575940639935616,720575940613303471,700,750,-1.584,4,2,6.336,3.168
0.0004,720575940660219265,720575940613347299,600,650,1.65,3,2,4.949999999999999,3.3
0.0004,720575940660219265,720575940613347299,640,650,1.65,1,0,1.65,0.0
0.0004,720575940660219265,720575940613347299,650,700,1.65,3,1,4.949999999999999,1.65
0.0004,720575940660219265,720575940613347299,700,750,1.65,2,2,3.3,3.3
0.0004,720575940628695043,720575940613441320,600,650,-0.264,1,1,0.264,0.264
0.0004,720575940628695043,720575940613441320,640,650,-0.264,1,1,0.264,0.264
0.0004,720575940628695043,720575940613441320,650,700,-0.264,3,2,0.792,0.528
0.0004,720575940628695043,720575940613441320,700,750,-0.264,4,2,1.056,0.528
0.0004,720575940628455942,720575940613441320,600,650,-0.264,1,1,0.264,0.264
0.0004,720575940628455942,720575940613441320,640,650,-0.264,1,1,0.264,0.264
0.0004,720575940628455942,720575940613441320,650,700,-0.264,3,2,0.792,0.528
0.0004,720575940628455942,720575940613441320,700,750,-0.264,4,2,1.056,0.528
0.0004,720575940629377132,720575940613441320,600,650,-0.528,1,0,0.528,0.0
0.0004,720575940629377132,720575940613441320,640,650,-0.528,1,0,0.528,0.0
0.0004,720575940629377132,720575940613441320,650,700,-0.528,3,3,1.584,1.584
0.0004,720575940629377132,720575940613441320,700,750,-0.528,4,3,2.112,1.584
0.0004,720575940639935616,720575940613463471,650,700,1.32,3,2,3.96,2.64
0.0004,720575940639935616,720575940613463471,700,750,1.32,3,2,3.96,2.64
0.0004,720575940639935616,720575940613524903,700,750,-0.528,1,1,0.528,0.528
0.0004,720575940643476128,720575940613594783,650,700,-0.264,2,2,0.528,0.528
0.0004,720575940643476128,720575940613594783,700,750,-0.264,3,2,0.792,0.528
0.0004,720575940639935616,720575940613657798,700,750,-0.528,2,2,1.056,1.056
0.0004,720575940628455942,720575940613667596,700,750,-7.128,1,0,7.128,0.0
0.0004,720575940639283278,720575940613667596,700,750,-5.5440000000000005,1,1,5.5440000000000005,5.5440000000000005
0.0004,720575940639935616,720575940613667596,700,750,-0.264,1,0,0.264,0.0
0.0004,720575940643476128,720575940613667596,700,750,-1.056,1,1,1.056,1.056
0.0004,720575940628455942,720575940613670893,600,650,-0.528,1,1,0.528,0.528
0.0004,720575940628455942,720575940613670893,650,700,-0.528,2,2,1.056,1.056
0.0004,720575940628455942,720575940613670893,700,750,-0.528,1,0,0.528,0.0
0.0004,720575940623862015,720575940613670893,600,650,-8.184000000000001,1,1,8.184000000000001,8.184000000000001
0.0004,720575940623862015,720575940613670893,650,700,-8.184000000000001,2,2,16.368000000000002,16.368000000000002
0.0004,720575940623862015,720575940613670893,700,750,-8.184000000000001,1,1,8.184000000000001,8.184000000000001
0.0004,720575940612326373,720575940613751186,700,750,0.99,1,1,0.99,0.99
0.0004,720575940639283278,720575940613792296,650,700,-3.4320000000000004,4,2,13.728000000000002,6.864000000000001
0.0004,720575940639283278,720575940613792296,700,750,-3.4320000000000004,1,1,3.4320000000000004,3.4320000000000004
0.0004,720575940628455942,720575940613792296,650,700,-6.072,4,2,24.288,12.144
0.0004,720575940628455942,720575940613792296,700,750,-6.072,1,1,6.072,6.072
0.0004,720575940643476128,720575940613792296,650,700,-0.792,4,3,3.168,2.3760000000000003
0.0004,720575940643476128,720575940613792296,700,750,-0.792,1,1,0.792,0.792
0.0004,720575940612326373,720575940613792296,650,700,-2.3760000000000003,4,4,9.504000000000001,9.504000000000001
0.0004,720575940612326373,720575940613792296,700,750,-2.3760000000000003,1,1,2.3760000000000003,2.3760000000000003
0.0004,720575940639935616,720575940613792296,650,700,-0.792,4,3,3.168,2.3760000000000003
0.0004,720575940639935616,720575940613792296,700,750,-0.792,1,1,0.792,0.792
0.0004,720575940612326373,720575940613795368,650,700,0.66,1,1,0.66,0.66
0.0004,720575940612326373,720575940613795368,700,750,0.66,1,0,0.66,0.0
0.0004,720575940643476128,720575940613797295,700,750,0.99,3,2,2.9699999999999998,1.98
0.0004,720575940639935616,720575940613847719,700,750,0.33,1,0,0.33,0.0
0.0004,720575940612326373,720575940613847719,700,750,0.99,1,0,0.99,0.0
0.0004,720575940628455942,720575940613860147,650,700,-1.584,1,1,1.584,1.584
0.0004,720575940628455942,720575940613860147,700,750,-1.584,2,2,3.168,3.168
0.0004,720575940639283278,720575940613860147,650,700,-1.056,1,1,1.056,1.056
0.0004,720575940639283278,720575940613860147,700,750,-1.056,2,1,2.112,1.056
0.0004,720575940643476128,720575940613860147,650,700,-0.792,1,0,0.792,0.0
0.0004,720575940643476128,720575940613860147,700,750,-0.792,2,1,1.584,0.792
0.0004,720575940628695043,720575940613973555,650,700,-0.792,1,1,0.792,0.792
0.0004,720575940628695043,720575940613973555,700,750,-0.792,3,1,2.3760000000000003,0.792
0.0004,720575940628455942,720575940613981905,650,700,-0.264,3,3,0.792,0.792
0.0004,720575940628455942,720575940613981905,700,750,-0.264,4,2,1.056,0.528
0.0004,720575940628695043,720575940613981905,650,700,-0.264,3,2,0.792,0.528
0.0004,720575940628695043,720575940613981905,700,750,-0.264,4,1,1.056,0.264
0.0004,720575940629377132,720575940613981905,650,700,-1.584,3,2,4.752000000000001,3.168
0.0004,720575940629377132,720575940613981905,700,750,-1.584,4,2,6.336,3.168
0.0004,720575940629393207,720575940613981905,650,700,-0.528,3,2,1.584,1.056
0.0004,720575940629393207,720575940613981905,700,750,-0.528,4,3,2.112,1.584
0.0004,720575940612326373,720575940614046161,700,750,-1.848,10,5,18.48,9.24
0.0004,720575940639935616,720575940614046161,700,750,-1.584,10,7,15.84,11.088000000000001
0.0004,720575940639283278,720575940614046161,700,750,-4.224,10,5,42.24,21.12
0.0004,720575940628695043,720575940614067921,650,700,0.33,2,2,0.66,0.66
0.0004,720575940628695043,720575940614067921,700,750,0.33,3,1,0.99,0.33
0.0004,720575940639935616,720575940614067921,650,700,0.33,2,0,0.66,0.0
0.0004,720575940639935616,720575940614067921,700,750,0.33,3,1,0.99,0.33
0.0004,720575940628455942,720575940614159010,650,700,0.33,2,2,0.66,0.66
0.0004,720575940628455942,720575940614159010,700,750,0.33,3,3,0.99,0.99
0.0004,720575940639283278,720575940614159010,650,700,0.33,2,2,0.66,0.66
0.0004,720575940639283278,720575940614159010,700,750,0.33,3,1,0.99,0.33
0.0004,720575940639935616,720575940614159010,650,700,2.97,2,1,5.94,2.97
0.0004,720575940639935616,720575940614159010,700,750,2.97,3,2,8.91,5.94
0.0004,720575940643476128,720575940614159010,650,700,0.33,2,1,0.66,0.33
0.0004,720575940643476128,720575940614159010,700,750,0.33,3,1,0.99,0.33
0.0004,720575940612326373,720575940614159010,650,700,1.65,2,0,3.3,0.0
0.0004,720575940612326373,720575940614159010,700,750,1.65,3,2,4.949999999999999,3.3
0.0004,720575940639935616,720575940614182398,700,750,1.32,5,2,6.6000000000000005,2.64
0.0004,720575940612326373,720575940614182398,700,750,3.3,5,3,16.5,9.899999999999999
0.0004,720575940628455942,720575940614206866,650,700,-1.056,2,2,2.112,2.112
0.0004,720575940628455942,720575940614206866,700,750,-1.056,3,1,3.168,1.056
0.0004,720575940639283278,720575940614206866,650,700,-0.792,2,2,1.584,1.584
0.0004,720575940639283278,720575940614206866,700,750,-0.792,3,2,2.3760000000000003,1.584
0.0004,720575940643476128,720575940614206866,650,700,-0.264,2,0,0.528,0.0
0.0004,720575940643476128,720575940614206866,700,750,-0.264,3,3,0.792,0.792
0.0004,720575940628455942,720575940614314399,700,750,0.99,2,2,1.98,1.98
0.0004,720575940639283278,720575940614314399,700,750,4.29,2,1,8.58,4.29
0.0004,720575940643476128,720575940614314399,700,750,0.66,2,2,1.32,1.32
0.0004,720575940629667639,720575940614344354,700,750,0.66,3,1,1.98,0.66
0.0004,720575940639283278,720575940614376615,650,700,0.33,3,2,0.99,0.66
0.0004,720575940639283278,720575940614376615,700,750,0.33,3,2,0.99,0.66
0.0004,720575940639935616,720575940614376615,650,700,1.65,3,2,4.949999999999999,3.3
0.0004,720575940639935616,720575940614376615,700,750,1.65,3,1,4.949999999999999,1.65
0.0004,720575940643476128,720575940614376615,650,700,0.66,3,2,1.98,1.32
0.0004,720575940643476128,720575940614376615,700,750,0.66,3,1,1.98,0.66
0.0004,720575940612326373,720575940614376615,650,700,0.99,3,1,2.9699999999999998,0.99
0.0004,720575940612326373,720575940614376615,700,750,0.99,3,1,2.9699999999999998,0.99
0.0004,720575940628695043,720575940614383978,650,700,-2.9040000000000004,2,2,5.808000000000001,5.808000000000001
0.0004,720575940628695043,720575940614383978,700,750,-2.9040000000000004,3,2,8.712000000000002,5.808000000000001
0.0004,720575940628695043,720575940614392999,700,750,0.33,3,0,0.99,0.0
0.0004,720575940623862015,720575940614403178,700,750,0.33,2,1,0.66,0.33
0.0004,720575940633434208,720575940614412906,650,700,0.33,1,1,0.33,0.33
0.0004,720575940633434208,720575940614412906,700,750,0.33,2,1,0.66,0.33
0.0004,720575940643551392,720575940614412906,650,700,0.99,1,1,0.99,0.99
0.0004,720575940643551392,720575940614412906,700,750,0.99,2,1,1.98,0.99
0.0004,720575940623862015,720575940614412906,650,700,0.33,1,1,0.33,0.33
0.0004,720575940623862015,720575940614412906,700,750,0.33,2,1,0.66,0.33
0.0004,720575940629667639,720575940614412906,650,700,0.33,1,1,0.33,0.33
0.0004,720575940629667639,720575940614412906,700,750,0.33,2,1,0.66,0.33
0.0004,720575940628695043,720575940614438818,700,750,-0.264,1,1,0.264,0.264
0.0004,720575940629377132,720575940614441834,650,700,-2.64,2,2,5.28,5.28
0.0004,720575940629377132,720575940614441834,700,750,-2.64,3,1,7.92,2.64
0.0004,720575940629393207,720575940614441834,650,700,-1.584,2,2,3.168,3.168
0.0004,720575940629393207,720575940614441834,700,750,-1.584,3,0,4.752000000000001,0.0
0.0004,720575940629667639,720575940614441834,650,700,-0.264,2,1,0.528,0.264
0.0004,720575940629667639,720575940614441834,700,750,-0.264,3,1,0.792,0.264
0.0004,720575940628695043,720575940614443687,700,750,0.33,4,3,1.32,0.99
0.0004,720575940628695043,720575940614457342,650,700,3.6300000000000003,1,1,3.6300000000000003,3.6300000000000003
0.0004,720575940628695043,720575940614457342,700,750,3.6300000000000003,5,5,18.150000000000002,18.150000000000002
0.0004,720575940628455942,720575940614457342,650,700,2.64,1,1,2.64,2.64
0.0004,720575940628455942,720575940614457342,700,750,2.64,5,4,13.200000000000001,10.56
0.0004,720575940639283278,720575940614457342,650,700,1.32,1,1,1.32,1.32
0.0004,720575940639283278,720575940614457342,700,750,1.32,5,2,6.6000000000000005,2.64
0.0004,720575940643476128,720575940614457342,650,700,1.98,1,0,1.98,0.0
0.0004,720575940643476128,720575940614457342,700,750,1.98,5,3,9.9,5.9399999999999995
0.0004,720575940628455942,720575940614461014,700,750,-0.528,2,1,1.056,0.528
0.0004,720575940633434208,720575940614461014,700,750,-1.584,2,1,3.168,1.584
0.0004,720575940643551392,720575940614461014,700,750,-2.112,2,1,4.224,2.112
0.0004,720575940612326373,720575940614480790,700,750,1.65,1,0,1.65,0.0
0.0004,720575940628455942,720575940614485671,700,750,0.66,5,1,3.3000000000000003,0.66
0.0004,720575940639283278,720575940614485671,700,750,4.29,5,3,21.45,12.870000000000001
0.0004,720575940639935616,720575940614485671,700,750,0.33,5,1,1.6500000000000001,0.33
0.0004,720575940612326373,720575940614485671,700,750,0.33,5,3,1.6500000000000001,0.99
0.0004,720575940639283278,720575940614518214,700,750,-0.264,2,2,0.528,0.528
0.0004,720575940639283278,720575940614534294,700,750,-2.3760000000000003,2,1,4.752000000000001,2.3760000000000003
0.0004,720575940628455942,720575940614573674,650,700,-17.16,1,1,17.16,17.16
0.0004,720575940628455942,720575940614573674,700,750,-17.16,3,1,51.480000000000004,17.16
0.0004,720575940639283278,720575940614573674,650,700,-2.3760000000000003,1,1,2.3760000000000003,2.3760000000000003
0.0004,720575940639283278,720575940614573674,700,750,-2.3760000000000003,3,1,7.128000000000001,2.3760000000000003
0.0004,720575940643476128,720575940614573674,650,700,-0.264,1,1,0.264,0.264
0.0004,720575940643476128,720575940614573674,700,750,-0.264,3,1,0.792,0.264
0.0004,720575940639283278,720575940614595218,700,750,2.31,3,0,6.93,0.0
0.0004,720575940612326373,720575940614595218,700,750,1.32,3,3,3.96,3.96
0.0004,720575940639935616,720575940614595218,700,750,0.33,3,2,0.99,0.66
0.0004,720575940629667639,720575940614598924,700,750,-0.264,4,3,1.056,0.792
0.0004,720575940612326373,720575940614607522,700,750,-0.264,1,0,0.264,0.0
0.0004,720575940628455942,720575940614679458,700,750,-7.656000000000001,2,0,15.312000000000001,0.0
0.0004,720575940639283278,720575940614679458,700,750,-7.128,2,1,14.256,7.128
0.0004,720575940643476128,720575940614679458,700,750,-0.792,2,1,1.584,0.792
0.0004,720575940612326373,720575940614679458,700,750,-0.264,2,1,0.528,0.264
0.0004,720575940628695043,720575940614684822,650,700,21.45,3,1,64.35,21.45
0.0004,720575940628695043,720575940614684822,700,750,21.45,3,3,64.35,64.35
0.0004,720575940629377132,720575940614684822,650,700,0.33,3,3,0.99,0.99
0.0004,720575940629377132,720575940614684822,700,750,0.33,3,1,0.99,0.33
0.0004,720575940639283278,720575940614760298,700,750,0.33,1,1,0.33,0.33
0.0004,720575940628455942,720575940614789791,650,700,0.66,2,2,1.32,1.32
0.0004,720575940628455942,720575940614789791,700,750,0.66,3,1,1.98,0.66
0.0004,720575940639283278,720575940614789791,650,700,0.33,2,0,0.66,0.0
0.0004,720575940639283278,720575940614789791,700,750,0.33,3,3,0.99,0.99
0.0004,720575940639935616,720575940614789791,650,700,0.33,2,1,0.66,0.33
0.0004,720575940639935616,720575940614789791,700,750,0.33,3,1,0.99,0.33
0.0004,720575940643476128,720575940614789791,650,700,0.99,2,0,1.98,0.0
0.0004,720575940643476128,720575940614789791,700,750,0.99,3,3,2.9699999999999998,2.9699999999999998
0.0004,720575940612326373,720575940614789791,650,700,0.66,2,1,1.32,0.66
0.0004,720575940612326373,720575940614789791,700,750,0.66,3,0,1.98,0.0
0.0004,720575940639283278,720575940614892182,700,750,2.97,2,1,5.94,2.97
0.0004,720575940628455942,720575940614908383,650,700,0.99,1,1,0.99,0.99
0.0004,720575940628455942,720575940614908383,700,750,0.99,4,3,3.96,2.9699999999999998
0.0004,720575940612326373,720575940614908383,650,700,0.33,1,1,0.33,0.33
0.0004,720575940612326373,720575940614908383,700,750,0.33,4,2,1.32,0.66
0.0004,720575940628695043,720575940614908383,650,700,0.66,1,1,0.66,0.66
0.0004,720575940628695043,720575940614908383,700,750,0.66,4,3,2.64,1.98
0.0004,720575940639935616,720575940614908383,650,700,0.99,1,1,0.99,0.99
0.0004,720575940639935616,720575940614908383,700,750,0.99,4,3,3.96,2.9699999999999998
0.0004,720575940629393207,720575940614908383,650,700,1.98,1,0,1.98,0.0
0.0004,720575940629393207,720575940614908383,700,750,1.98,4,1,7.92,1.98
0.0004,720575940629377132,720575940614908383,650,700,2.97,1,0,2.97,0.0
0.0004,720575940629377132,720575940614908383,700,750,2.97,4,1,11.88,2.97
0.0004,720575940633434208,720575940614908383,650,700,1.65,1,1,1.65,1.65
0.0004,720575940633434208,720575940614908383,700,750,1.65,4,2,6.6,3.3
0.0004,720575940643551392,720575940614908383,650,700,2.31,1,1,2.31,2.31
0.0004,720575940643551392,720575940614908383,700,750,2.31,4,2,9.24,4.62
0.0004,720575940629667639,720575940614908383,650,700,0.33,1,0,0.33,0.0
0.0004,720575940629667639,720575940614908383,700,750,0.33,4,2,1.32,0.66
0.0004,720575940639935616,720575940614928234,700,750,0.99,1,0,0.99,0.0
0.0004,720575940612326373,720575940614928234,700,750,1.98,1,0,1.98,0.0
0.0004,720575940639283278,720575940614952415,650,700,3.3,1,1,3.3,3.3
0.0004,720575940639283278,720575940614952415,700,750,3.3,3,2,9.899999999999999,6.6
0.0004,720575940628455942,720575940614952415,650,700,1.32,1,1,1.32,1.32
0.0004,720575940628455942,720575940614952415,700,750,1.32,3,0,3.96,0.0
0.0004,720575940643476128,720575940614952415,650,700,5.61,1,1,5.61,5.61
0.0004,720575940643476128,720575940614952415,700,750,5.61,3,2,16.830000000000002,11.22
0.0004,720575940628695043,720575940614953878,700,750,-10.032000000000002,3,2,30.096000000000004,20.064000000000004
0.0004,720575940633434208,720575940614979634,700,750,-0.264,1,0,0.264,0.0
0.0004,720575940639283278,720575940615000426,700,750,0.99,2,1,1.98,0.99
0.0004,720575940660219265,720575940615041430,600,650,-0.264,7,5,1.848,1.32
0.0004,720575940660219265,720575940615041430,640,650,-0.264,2,1,0.528,0.264
0.0004,720575940660219265,720575940615041430,650,700,-0.264,7,4,1.848,1.056
0.0004,720575940660219265,720575940615041430,700,750,-0.264,6,4,1.584,1.056
0.0004,720575940628695043,720575940615042246,650,700,-0.264,1,1,0.264,0.264
0.0004,720575940628695043,720575940615042246,700,750,-0.264,2,2,0.528,0.528
0.0004,720575940639935616,720575940615066310,700,750,-1.056,1,0,1.056,0.0
0.0004,720575940628695043,720575940615082050,700,750,41.580000000000005,1,0,41.580000000000005,0.0
0.0004,720575940628455942,720575940615082050,700,750,0.33,1,0,0.33,0.0
0.0004,720575940628695043,720575940615086698,650,700,0.33,2,2,0.66,0.66
0.0004,720575940628695043,720575940615086698,700,750,0.33,2,2,0.66,0.66
0.0004,720575940639283278,720575940615086698,650,700,0.66,2,2,1.32,1.32
0.0004,720575940639283278,720575940615086698,700,750,0.66,2,1,1.32,0.66
0.0004,720575940612326373,720575940615086698,650,700,0.99,2,1,1.98,0.99
0.0004,720575940612326373,720575940615086698,700,750,0.99,2,1,1.98,0.99
0.0004,720575940639935616,720575940615086698,650,700,1.98,2,2,3.96,3.96
0.0004,720575940639935616,720575940615086698,700,750,1.98,2,2,3.96,3.96
0.0004,720575940628695043,720575940615166111,650,700,3.96,3,2,11.879999999999999,7.92
0.0004,720575940628695043,720575940615166111,700,750,3.96,2,0,7.92,0.0
0.0004,720575940639283278,720575940615166111,650,700,8.91,3,2,26.73,17.82
0.0004,720575940639283278,720575940615166111,700,750,8.91,2,2,17.82,17.82
0.0004,720575940628455942,720575940615166111,650,700,1.65,3,2,4.949999999999999,3.3
0.0004,720575940628455942,720575940615166111,700,750,1.65,2,0,3.3,0.0
0.0004,720575940643476128,720575940615166111,650,700,0.66,3,1,1.98,0.66
0.0004,720575940643476128,720575940615166111,700,750,0.66,2,1,1.32,0.66
0.0004,720575940612326373,720575940615166111,650,700,2.64,3,1,7.92,2.64
0.0004,720575940612326373,720575940615166111,700,750,2.64,2,0,5.28,0.0
0.0004,720575940639935616,720575940615166111,650,700,3.6300000000000003,3,1,10.89,3.6300000000000003
0.0004,720575940639935616,720575940615166111,700,750,3.6300000000000003,2,0,7.260000000000001,0.0
0.0004,720575940639935616,720575940615218875,700,750,-0.528,1,0,0.528,0.0
0.0004,720575940643476128,720575940615218875,700,750,-0.264,1,0,0.264,0.0
0.0004,720575940628695043,720575940615274838,700,750,0.33,2,1,0.66,0.33
0.0004,720575940628695043,720575940615320076,700,750,0.33,3,0,0.99,0.0
0.0004,720575940639283278,720575940615345595,700,750,-0.528,2,1,1.056,0.528
0.0004,720575940629667639,720575940615413435,650,700,0.33,2,1,0.66,0.33
0.0004,720575940629667639,720575940615413435,700,750,0.33,2,2,0.66,0.66
0.0004,720575940639283278,720575940615529414,700,750,31.35,7,3,219.45000000000002,94.05000000000001
0.0004,720575940623862015,720575940615529414,700,750,8.91,7,3,62.370000000000005,26.73
0.0004,720575940628455942,720575940615529414,700,750,35.64,7,5,249.48000000000002,178.2
0.0004,720575940612326373,720575940615529414,700,750,4.95,7,4,34.65,19.8
0.0004,720575940639935616,720575940615529414,700,750,9.57,7,5,66.99000000000001,47.85
0.0004,720575940639283278,720575940615559029,700,750,0.33,5,4,1.6500000000000001,1.32
0.0004,720575940639935616,720575940615559029,700,750,0.33,5,2,1.6500000000000001,0.66
0.0004,720575940660219265,720575940615564959,600,650,-0.264,1,0,0.264,0.0
0.0004,720575940660219265,720575940615564959,650,700,-0.264,2,2,0.528,0.528
0.0004,720575940660219265,720575940615582111,600,650,-0.264,1,1,0.264,0.264
0.0004,720575940660219265,720575940615582111,650,700,-0.264,2,1,0.528,0.264
0.0004,720575940660219265,720575940615582111,700,750,-0.264,1,1,0.264,0.264
0.0004,720575940660219265,720575940615671106,600,650,0.66,5,3,3.3000000000000003,1.98
0.0004,720575940660219265,720575940615671106,640,650,0.66,2,2,1.32,1.32
0.0004,720575940660219265,720575940615671106,650,700,0.66,6,5,3.96,3.3000000000000003
0.0004,720575940660219265,720575940615671106,700,750,0.66,4,2,2.64,1.32
0.0004,720575940612326373,720575940615763573,650,700,-0.264,2,2,0.528,0.528
0.0004,720575940612326373,720575940615763573,700,750,-0.264,3,3,0.792,0.792
0.0004,720575940639935616,720575940615763573,650,700,-1.584,2,1,3.168,1.584
0.0004,720575940639935616,720575940615763573,700,750,-1.584,3,2,4.752000000000001,3.168
0.0004,720575940633434208,720575940615770369,650,700,0.99,2,1,1.98,0.99
0.0004,720575940633434208,720575940615770369,700,750,0.99,3,2,2.9699999999999998,1.98
0.0004,720575940643551392,720575940615770369,650,700,1.65,2,0,3.3,0.0
0.0004,720575940643551392,720575940615770369,700,750,1.65,3,2,4.949999999999999,3.3
0.0004,720575940628695043,720575940615799308,700,750,13.2,1,0,13.2,0.0
0.0004,720575940628455942,720575940615799308,700,750,5.28,1,1,5.28,5.28
0.0004,720575940628695043,720575940615833055,700,750,-0.264,2,2,0.528,0.528
0.0004,720575940612326373,720575940615833055,700,750,-2.112,2,2,4.224,4.224
0.0004,720575940639935616,720575940615833055,700,750,-0.528,2,2,1.056,1.056
0.0004,720575940628455942,720575940615857691,700,750,-1.32,2,1,2.64,1.32
0.0004,720575940639283278,720575940615857691,700,750,-2.9040000000000004,2,2,5.808000000000001,5.808000000000001
0.0004,720575940639283278,720575940615885766,700,750,1.65,1,0,1.65,0.0
0.0004,720575940639935616,720575940615885766,700,750,1.65,1,1,1.65,1.65
0.0004,720575940639283278,720575940615886534,700,750,-3.9600000000000004,7,4,27.720000000000002,15.840000000000002
0.0004,720575940612326373,720575940615886534,700,750,-1.848,7,3,12.936,5.5440000000000005
0.0004,720575940639935616,720575940615886534,700,750,-0.264,7,5,1.848,1.32
0.0004,720575940612326373,720575940615905931,700,750,0.99,6,3,5.9399999999999995,2.9699999999999998
0.0004,720575940639935616,720575940615905931,700,750,0.99,6,4,5.9399999999999995,3.96
0.0004,720575940628695043,720575940615953202,650,700,5.94,4,3,23.76,17.82
0.0004,720575940628695043,720575940615953202,700,750,5.94,5,2,29.700000000000003,11.88
0.0004,720575940612326373,720575940615953202,650,700,4.95,4,1,19.8,4.95
0.0004,720575940612326373,720575940615953202,700,750,4.95,5,2,24.75,9.9
0.0004,720575940639935616,720575940615953202,650,700,4.95,4,0,19.8,0.0
0.0004,720575940639935616,720575940615953202,700,750,4.95,5,2,24.75,9.9
0.0004,720575940628695043,720575940615975474,700,750,0.33,1,0,0.33,0.0
0.0004,720575940639935616,720575940615975474,700,750,0.66,1,1,0.66,0.66
0.0004,720575940612326373,720575940615975474,700,750,4.95,1,0,4.95,0.0
0.0004,720575940639283278,720575940616143989,650,700,0.66,2,2,1.32,1.32
0.0004,720575940639283278,720575940616143989,700,750,0.66,3,3,1.98,1.98
0.0004,720575940643476128,720575940616143989,650,700,2.97,2,1,5.94,2.97
0.0004,720575940643476128,720575940616143989,700,750,2.97,3,2,8.91,5.94
0.0004,720575940612326373,720575940616143989,650,700,0.66,2,2,1.32,1.32
0.0004,720575940612326373,720575940616143989,700,750,0.66,3,0,1.98,0.0
0.0004,720575940639935616,720575940616155933,700,750,0.33,1,1,0.33,0.33
0.0004,720575940628695043,720575940616198434,650,700,-19.272000000000006,1,1,19.272000000000006,19.272000000000006
0.0004,720575940612326373,720575940616198434,650,700,-0.264,1,1,0.264,0.264
0.0004,720575940623862015,720575940616202635,700,750,-6.864000000000001,1,1,6.864000000000001,6.864000000000001
0.0004,720575940629667639,720575940616202635,700,750,-6.864000000000001,1,1,6.864000000000001,6.864000000000001
0.0004,720575940628455942,720575940616235348,650,700,0.66,1,0,0.66,0.0
0.0004,720575940628455942,720575940616235348,700,750,0.66,2,2,1.32,1.32
0.0004,720575940639283278,720575940616235348,650,700,0.33,1,0,0.33,0.0
0.0004,720575940639283278,720575940616235348,700,750,0.33,2,1,0.66,0.33
0.0004,720575940633434208,720575940616235348,650,700,0.33,1,1,0.33,0.33
0.0004,720575940633434208,720575940616235348,700,750,0.33,2,2,0.66,0.66
0.0004,720575940639935616,720575940616235348,650,700,1.32,1,0,1.32,0.0
0.0004,720575940639935616,720575940616235348,700,750,1.32,2,1,2.64,1.32
0.0004,720575940612326373,720575940616235348,650,700,1.98,1,1,1.98,1.98
0.0004,720575940612326373,720575940616235348,700,750,1.98,2,1,3.96,1.98
0.0004,720575940639283278,720575940616265044,700,750,0.33,1,1,0.33,0.33
0.0004,720575940639935616,720575940616265044,700,750,4.62,1,0,4.62,0.0
0.0004,720575940612326373,720575940616265044,700,750,0.33,1,0,0.33,0.0
0.0004,720575940639283278,720575940616318779,700,750,2.31,1,0,2.31,0.0
0.0004,720575940643476128,720575940616318779,700,750,1.32,1,0,1.32,0.0
0.0004,720575940639283278,720575940616419701,700,750,0.66,1,1,0.66,0.66
0.0004,720575940628455942,720575940616459637,700,750,-2.3760000000000003,2,1,4.752000000000001,2.3760000000000003
0.0004,720575940639283278,720575940616459637,700,750,-6.336,2,2,12.672,12.672
0.0004,720575940643476128,720575940616463477,700,750,14.520000000000001,7,4,101.64000000000001,58.080000000000005
0.0004,720575940612326373,720575940616463477,700,750,6.2700000000000005,7,5,43.89,31.35
0.0004,720575940639935616,720575940616463477,700,750,11.549999999999999,7,5,80.85,57.74999999999999
0.0004,720575940660219265,720575940616466260,600,650,-0.264,3,3,0.792,0.792
0.0004,720575940660219265,720575940616466260,640,650,-0.264,1,1,0.264,0.264
0.0004,720575940660219265,720575940616466260,650,700,-0.264,4,3,1.056,0.792
0.0004,720575940660219265,720575940616466260,700,750,-0.264,3,2,0.792,0.528
0.0004,720575940628455942,720575940616469365,700,750,4.95,3,2,14.850000000000001,9.9
0.0004,720575940639283278,720575940616469365,700,750,4.95,3,0,14.850000000000001,0.0
0.0004,720575940639935616,720575940616480605,700,750,-0.264,1,0,0.264,0.0
0.0004,720575940628695043,720575940616561803,700,750,3.3,3,2,9.899999999999999,6.6
0.0004,720575940612326373,720575940616596822,700,750,0.99,1,0,0.99,0.0
0.0004,720575940628695043,720575940616651193,600,650,-1.32,1,1,1.32,1.32
0.0004,720575940628695043,720575940616651193,640,650,-1.32,1,1,1.32,1.32
0.0004,720575940628695043,720575940616651193,650,700,-1.32,6,6,7.92,7.92
0.0004,720575940628695043,720575940616651193,700,750,-1.32,7,2,9.24,2.64
0.0004,720575940628455942,720575940616651193,600,650,-2.9040000000000004,1,1,2.9040000000000004,2.9040000000000004
0.0004,720575940628455942,720575940616651193,640,650,-2.9040000000000004,1,1,2.9040000000000004,2.9040000000000004
0.0004,720575940628455942,720575940616651193,650,700,-2.9040000000000004,6,5,17.424000000000003,14.520000000000001
0.0004,720575940628455942,720575940616651193,700,750,-2.9040000000000004,7,6,20.328000000000003,17.424000000000003
0.0004,720575940628695043,720575940616702465,650,700,-0.792,3,3,2.3760000000000003,2.3760000000000003
0.0004,720575940628695043,720575940616702465,700,750,-0.792,4,0,3.168,0.0
0.0004,720575940628455942,720575940616702465,650,700,-3.4320000000000004,3,2,10.296000000000001,6.864000000000001
0.0004,720575940628455942,720575940616702465,700,750,-3.4320000000000004,4,2,13.728000000000002,6.864000000000001
0.0004,720575940633434208,720575940616702465,650,700,-1.056,3,2,3.168,2.112
0.0004,720575940633434208,720575940616702465,700,750,-1.056,4,2,4.224,2.112
0.0004,720575940639935616,720575940616702465,650,700,-0.528,3,1,1.584,0.528
0.0004,720575940639935616,720575940616702465,700,750,-0.528,4,3,2.112,1.584
0.0004,720575940643551392,720575940616702465,650,700,-1.32,3,2,3.96,2.64
0.0004,720575940643551392,720575940616702465,700,750,-1.32,4,2,5.28,2.64
0.0004,720575940612326373,720575940616702465,650,700,-0.264,3,2,0.792,0.528
0.0004,720575940612326373,720575940616702465,700,750,-0.264,4,1,1.056,0.264
0.0004,720575940639283278,720575940616762585,650,700,1.65,3,2,4.949999999999999,3.3
0.0004,720575940639283278,720575940616762585,700,750,1.65,5,3,8.25,4.949999999999999
0.0004,720575940639283278,720575940616777053,700,750,0.99,1,1,0.99,0.99
0.0004,720575940639283278,720575940616790161,700,750,0.33,1,0,0.33,0.0
0.0004,720575940639935616,720575940616790161,700,750,0.33,1,1,0.33,0.33
0.0004,720575940639283278,720575940616815958,700,750,0.66,3,1,1.98,0.66
0.0004,720575940639935616,720575940616815958,700,750,1.32,3,3,3.96,3.96
0.0004,720575940660219265,720575940616857174,600,650,8.25,3,1,24.75,8.25
0.0004,720575940660219265,720575940616857174,640,650,8.25,1,1,8.25,8.25
0.0004,720575940660219265,720575940616857174,650,700,8.25,4,3,33.0,24.75
0.0004,720575940660219265,720575940616857174,700,750,8.25,2,2,16.5,16.5
0.0004,720575940660219265,720575940616864086,600,650,-0.528,3,2,1.584,1.056
0.0004,720575940660219265,720575940616864086,640,650,-0.528,1,0,0.528,0.0
0.0004,720575940660219265,720575940616864086,650,700,-0.528,2,2,1.056,1.056
0.0004,720575940660219265,720575940616864086,700,750,-0.528,3,3,1.584,1.584
0.0004,720575940660219265,720575940616864217,600,650,-1.848,3,3,5.5440000000000005,5.5440000000000005
0.0004,720575940660219265,720575940616864217,640,650,-1.848,1,1,1.848,1.848
0.0004,720575940660219265,720575940616864217,650,700,-1.848,3,2,5.5440000000000005,3.696
0.0004,720575940660219265,720575940616864217,700,750,-1.848,3,2,5.5440000000000005,3.696
0.0004,720575940639283278,720575940616903749,700,750,0.66,1,1,0.66,0.66
0.0004,720575940639935616,720575940616903749,700,750,0.33,1,1,0.33,0.33
0.0004,720575940628455942,720575940616905787,700,750,-17.16,2,1,34.32,17.16
0.0004,720575940643476128,720575940616905787,700,750,-1.056,2,1,2.112,1.056
0.0004,720575940639283278,720575940616905787,700,750,-9.24,2,2,18.48,18.48
0.0004,720575940628455942,720575940616911138,700,750,2.31,4,3,9.24,6.93
0.0004,720575940639283278,720575940616911138,700,750,3.3,4,0,13.2,0.0
0.0004,720575940639935616,720575940616911138,700,750,0.66,4,4,2.64,2.64
0.0004,720575940643476128,720575940616911138,700,750,1.32,4,1,5.28,1.32
0.0004,720575940639283278,720575940616950161,700,750,-2.64,1,0,2.64,0.0
0.0004,720575940628455942,720575940617100985,650,700,0.33,1,1,0.33,0.33
0.0004,720575940639283278,720575940617102173,700,750,3.96,3,1,11.879999999999999,3.96
0.0004,720575940639935616,720575940617102173,700,750,0.33,3,2,0.99,0.66
0.0004,720575940612326373,720575940617102173,700,750,0.33,3,2,0.99,0.66
0.0004,720575940639935616,720575940617119233,700,750,1.32,1,1,1.32,1.32
0.0004,720575940612326373,720575940617119233,700,750,0.66,1,1,0.66,0.66
0.0004,720575940628695043,720575940617182779,700,750,-10.032000000000002,2,1,20.064000000000004,10.032000000000002
0.0004,720575940628695043,720575940617228315,700,750,0.33,4,1,1.32,0.33
0.0004,720575940639283278,720575940617244372,650,700,-0.792,2,2,1.584,1.584
0.0004,720575940639283278,720575940617244372,700,750,-0.792,11,6,8.712,4.752000000000001
0.0004,720575940643476128,720575940617244372,650,700,-0.264,2,2,0.528,0.528
0.0004,720575940643476128,720575940617244372,700,750,-0.264,11,4,2.904,1.056
0.0004,720575940612326373,720575940617244372,650,700,-0.264,2,0,0.528,0.0
0.0004,720575940612326373,720575940617244372,700,750,-0.264,11,4,2.904,1.056
0.0004,720575940639935616,720575940617244372,650,700,-0.528,2,1,1.056,0.528
0.0004,720575940639935616,720575940617244372,700,750,-0.528,11,6,5.808,3.168
0.0004,720575940633434208,720575940617297947,700,750,0.33,1,0,0.33,0.0
0.0004,720575940643476128,720575940617297947,700,750,0.33,1,1,0.33,0.33
0.0004,720575940639283278,720575940617306717,650,700,0.66,3,2,1.98,1.32
0.0004,720575940639283278,720575940617306717,700,750,0.66,3,2,1.98,1.32
0.0004,720575940639935616,720575940617306717,650,700,1.65,3,2,4.949999999999999,3.3
0.0004,720575940639935616,720575940617306717,700,750,1.65,3,0,4.949999999999999,0.0
0.0004,720575940643476128,720575940617306717,650,700,0.99,3,2,2.9699999999999998,1.98
0.0004,720575940643476128,720575940617306717,700,750,0.99,3,1,2.9699999999999998,0.99
0.0004,720575940612326373,720575940617306717,650,700,0.99,3,0,2.9699999999999998,0.0
0.0004,720575940612326373,720575940617306717,700,750,0.99,3,1,2.9699999999999998,0.99
0.0004,720575940639283278,720575940617391197,700,750,6.2700000000000005,2,2,12.540000000000001,12.540000000000001
0.0004,720575940628695043,720575940617413957,650,700,-1.848,1,1,1.848,1.848
0.0004,720575940628695043,720575940617413957,700,750,-1.848,2,0,3.696,0.0
0.0004,720575940639283278,720575940617413957,650,700,-1.056,1,1,1.056,1.056
0.0004,720575940639283278,720575940617413957,700,750,-1.056,2,1,2.112,1.056
0.0004,720575940639935616,720575940617413957,650,700,-0.264,1,1,0.264,0.264
0.0004,720575940639935616,720575940617413957,700,750,-0.264,2,1,0.528,0.264
0.0004,720575940628695043,720575940617422481,700,750,-0.792,1,0,0.792,0.0
0.0004,720575940639283278,720575940617422481,700,750,-5.016000000000001,1,1,5.016000000000001,5.016000000000001
0.0004,720575940612326373,720575940617422481,700,750,-0.792,1,1,0.792,0.792
0.0004,720575940643476128,720575940617461204,700,750,-0.528,1,1,0.528,0.528
0.0004,720575940628455942,720575940617493972,700,750,2.31,4,1,9.24,2.31
0.0004,720575940639283278,720575940617493972,700,750,14.520000000000001,4,3,58.080000000000005,43.56
0.0004,720575940639935616,720575940617493972,700,750,3.3,4,2,13.2,6.6
0.0004,720575940643476128,720575940617493972,700,750,6.930000000000001,4,4,27.720000000000002,27.720000000000002
0.0004,720575940612326373,720575940617493972,700,750,3.6300000000000003,4,1,14.520000000000001,3.6300000000000003
0.0004,720575940660219265,720575940617494877,600,650,0.33,1,1,0.33,0.33
0.0004,720575940660219265,720575940617494877,650,700,0.33,2,2,0.66,0.66
0.0004,720575940660219265,720575940617494877,700,750,0.33,1,1,0.33,0.33
0.0004,720575940639283278,720575940617540509,700,750,2.64,4,3,10.56,7.92
0.0004,720575940639935616,720575940617540509,700,750,1.98,4,3,7.92,5.9399999999999995
0.0004,720575940612326373,720575940617540509,700,750,5.28,4,2,21.12,10.56
0.0004,720575940628695043,720575940617549497,650,700,7.260000000000001,1,0,7.260000000000001,0.0
0.0004,720575940628695043,720575940617549497,700,750,7.260000000000001,3,1,21.78,7.260000000000001
0.0004,720575940639283278,720575940617549497,650,700,2.64,1,1,2.64,2.64
0.0004,720575940639283278,720575940617549497,700,750,2.64,3,1,7.92,2.64
0.0004,720575940628455942,720575940617549497,650,700,2.31,1,0,2.31,0.0
0.0004,720575940628455942,720575940617549497,700,750,2.31,3,3,6.93,6.93
0.0004,720575940643476128,720575940617549497,650,700,6.2700000000000005,1,1,6.2700000000000005,6.2700000000000005
0.0004,720575940643476128,720575940617549497,700,750,6.2700000000000005,3,2,18.810000000000002,12.540000000000001
0.0004,720575940612326373,720575940617549497,650,700,38.940000000000005,1,1,38.940000000000005,38.940000000000005
0.0004,720575940612326373,720575940617549497,700,750,38.940000000000005,3,2,116.82000000000002,77.88000000000001
0.0004,720575940639935616,720575940617549497,650,700,38.940000000000005,1,1,38.940000000000005,38.940000000000005
0.0004,720575940639935616,720575940617549497,700,750,38.940000000000005,3,3,116.82000000000002,116.82000000000002
0.0004,720575940639283278,720575940617551906,700,750,0.33,1,1,0.33,0.33
0.0004,720575940628455942,720575940617552340,700,750,-3.168,9,6,28.512,19.008000000000003
0.0004,720575940639935616,720575940617552340,700,750,-0.792,9,8,7.128,6.336
0.0004,720575940628695043,720575940617573922,650,700,-2.64,2,2,5.28,5.28
0.0004,720575940628695043,720575940617573922,700,750,-2.64,2,0,5.28,0.0
0.0004,720575940639283278,720575940617573922,650,700,-0.264,2,2,0.528,0.528
0.0004,720575940639283278,720575940617573922,700,750,-0.264,2,1,0.528,0.264
0.0004,720575940639283278,720575940617577702,650,700,-0.528,2,1,1.056,0.528
0.0004,720575940639283278,720575940617577702,700,750,-0.528,3,1,1.584,0.528
0.0004,720575940639935616,720575940617577702,650,700,-0.264,2,0,0.528,0.0
0.0004,720575940639935616,720575940617577702,700,750,-0.264,3,3,0.792,0.792
0.0004,720575940628455942,720575940617649954,650,700,0.33,2,2,0.66,0.66
0.0004,720575940628455942,720575940617649954,700,750,0.33,5,2,1.6500000000000001,0.66
0.0004,720575940639935616,720575940617649954,650,700,0.33,2,0,0.66,0.0
0.0004,720575940639935616,720575940617649954,700,750,0.33,5,3,1.6500000000000001,0.99
0.0004,720575940612326373,720575940617649954,650,700,1.32,2,0,2.64,0.0
0.0004,720575940612326373,720575940617649954,700,750,1.32,5,1,6.6000000000000005,1.32
0.0004,720575940639935616,720575940617691170,650,700,0.33,1,1,0.33,0.33
0.0004,720575940639935616,720575940617691170,700,750,0.33,9,6,2.97,1.98
0.0004,720575940643476128,720575940617691170,650,700,0.33,1,1,0.33,0.33
0.0004,720575940643476128,720575940617691170,700,750,0.33,9,6,2.97,1.98
0.0004,720575940639283278,720575940617691170,650,700,1.65,1,1,1.65,1.65
0.0004,720575940639283278,720575940617691170,700,750,1.65,9,4,14.85,6.6
0.0004,720575940639283278,720575940617728852,650,700,-0.528,2,2,1.056,1.056
0.0004,720575940639283278,720575940617728852,700,750,-0.528,11,8,5.808,4.224
0.0004,720575940628455942,720575940617728852,650,700,-0.528,2,1,1.056,0.528
0.0004,720575940628455942,720575940617728852,700,750,-0.528,11,6,5.808,3.168
0.0004,720575940643476128,720575940617728852,650,700,-0.792,2,2,1.584,1.584
0.0004,720575940643476128,720575940617728852,700,750,-0.792,11,4,8.712,3.168
0.0004,720575940612326373,720575940617728852,650,700,-0.264,2,0,0.528,0.0
0.0004,720575940612326373,720575940617728852,700,750,-0.264,11,4,2.904,1.056
0.0004,720575940639935616,720575940617728852,650,700,-0.264,2,1,0.528,0.264
0.0004,720575940639935616,720575940617728852,700,750,-0.264,11,6,2.904,1.584
0.0004,720575940612326373,720575940617729108,700,750,0.33,5,2,1.6500000000000001,0.66
0.0004,720575940639283278,720575940617736166,700,750,-2.64,1,1,2.64,2.64
0.0004,720575940628455942,720575940617736166,700,750,-0.792,1,0,0.792,0.0
0.0004,720575940643476128,720575940617736166,700,750,-0.528,1,1,0.528,0.528
0.0004,720575940639935616,720575940617786525,650,700,0.33,1,0,0.33,0.0
0.0004,720575940639935616,720575940617786525,700,750,0.33,1,1,0.33,0.33
0.0004,720575940643476128,720575940617786525,650,700,4.29,1,0,4.29,0.0
0.0004,720575940643476128,720575940617786525,700,750,4.29,1,0,4.29,0.0
0.0004,720575940612326373,720575940617786525,650,700,0.33,1,0,0.33,0.0
0.0004,720575940612326373,720575940617786525,700,750,0.33,1,0,0.33,0.0
0.0004,720575940628695043,720575940617825949,650,700,1.32,3,2,3.96,2.64
0.0004,720575940628695043,720575940617825949,700,750,1.32,4,3,5.28,3.96
0.0004,720575940628455942,720575940617825949,650,700,0.99,3,3,2.9699999999999998,2.9699999999999998
0.0004,720575940628455942,720575940617825949,700,750,0.99,4,3,3.96,2.9699999999999998
0.0004,720575940639283278,720575940617825949,650,700,0.33,3,2,0.99,0.66
0.0004,720575940639283278,720575940617825949,700,750,0.33,4,3,1.32,0.99
0.0004,720575940639935616,720575940617825949,650,700,0.66,3,2,1.98,1.32
0.0004,720575940639935616,720575940617825949,700,750,0.66,4,3,2.64,1.98
0.0004,720575940612326373,720575940617825949,650,700,0.66,3,2,1.98,1.32
0.0004,720575940612326373,720575940617825949,700,750,0.66,4,2,2.64,1.32
0.0004,720575940628455942,720575940617828893,700,750,3.6300000000000003,1,0,3.6300000000000003,0.0
0.0004,720575940639283278,720575940617828893,700,750,7.260000000000001,1,1,7.260000000000001,7.260000000000001
0.0004,720575940639283278,720575940617853986,650,700,2.97,2,0,5.94,0.0
0.0004,720575940639283278,720575940617853986,700,750,2.97,9,5,26.73,14.850000000000001
0.0004,720575940628455942,720575940617853986,650,700,79.53,2,2,159.06,159.06
0.0004,720575940628455942,720575940617853986,700,750,79.53,9,2,715.77,159.06
0.0004,720575940643476128,720575940617853986,650,700,19.8,2,1,39.6,19.8
0.0004,720575940643476128,720575940617853986,700,750,19.8,9,4,178.20000000000002,79.2
0.0004,720575940639935616,720575940617853986,650,700,4.62,2,2,9.24,9.24
0.0004,720575940639935616,720575940617853986,700,750,4.62,9,3,41.58,13.86
0.0004,720575940639935616,720575940617903617,700,750,0.66,4,1,2.64,0.66
0.0004,720575940612326373,720575940617903617,700,750,1.98,4,1,7.92,1.98
0.0004,720575940628455942,720575940617904208,700,750,0.99,1,0,0.99,0.0
0.0004,720575940628695043,720575940617910017,700,750,4.62,4,4,18.48,18.48
0.0004,720575940639935616,720575940617910017,700,750,4.95,4,3,19.8,14.850000000000001
0.0004,720575940612326373,720575940617910017,700,750,8.25,4,3,33.0,24.75
0.0004,720575940639283278,720575940617911041,700,750,-3.4320000000000004,7,4,24.024,13.728000000000002
0.0004,720575940628695043,720575940618008859,700,750,-0.792,4,2,3.168,1.584
0.0004,720575940639935616,720575940618024475,700,750,-2.112,1,0,2.112,0.0
0.0004,720575940628695043,720575940618130625,650,700,0.33,2,1,0.66,0.33
0.0004,720575940628695043,720575940618130625,700,750,0.33,3,1,0.99,0.33
0.0004,720575940639935616,720575940618130625,650,700,0.33,2,1,0.66,0.33
0.0004,720575940639935616,720575940618130625,700,750,0.33,3,2,0.99,0.66
0.0004,720575940629667639,720575940618130625,650,700,0.33,2,1,0.66,0.33
0.0004,720575940629667639,720575940618130625,700,750,0.33,3,3,0.99,0.99
0.0004,720575940639283278,720575940618184000,700,750,2.97,2,0,5.94,0.0
0.0004,720575940639283278,720575940618249797,700,750,2.31,2,1,4.62,2.31
0.0004,720575940643476128,720575940618249797,700,750,7.59,2,0,15.18,0.0
0.0004,720575940639283278,720575940618263365,650,700,0.66,3,2,1.98,1.32
0.0004,720575940639283278,720575940618263365,700,750,0.66,4,1,2.64,0.66
0.0004,720575940612326373,720575940618263365,650,700,0.33,3,3,0.99,0.99
0.0004,720575940612326373,720575940618263365,700,750,0.33,4,2,1.32,0.66
0.0004,720575940639935616,720575940618263365,650,700,1.32,3,3,3.96,3.96
0.0004,720575940639935616,720575940618263365,700,750,1.32,4,2,5.28,2.64
0.0004,720575940660219265,720575940618291520,600,650,-0.264,1,1,0.264,0.264
0.0004,720575940660219265,720575940618291520,700,750,-0.264,2,1,0.528,0.264
0.0004,720575940628695043,720575940618320674,700,750,0.66,2,2,1.32,1.32
0.0004,720575940639283278,720575940618320674,700,750,0.33,2,1,0.66,0.33
0.0004,720575940639935616,720575940618320674,700,750,0.33,2,1,0.66,0.33
0.0004,720575940623862015,720575940618398533,700,750,-0.264,2,1,0.528,0.264
0.0004,720575940628695043,720575940618405848,650,700,0.33,3,1,0.99,0.33
0.0004,720575940628695043,720575940618405848,700,750,0.33,4,0,1.32,0.0
0.0004,720575940629377132,720575940618405848,650,700,0.33,3,2,0.99,0.66
0.0004,720575940629377132,720575940618405848,700,750,0.33,4,4,1.32,1.32
0.0004,720575940629393207,720575940618405848,650,700,0.33,3,2,0.99,0.66
0.0004,720575940629393207,720575940618405848,700,750,0.33,4,4,1.32,1.32
0.0004,720575940628455942,720575940618469681,650,700,-0.528,1,0,0.528,0.0
0.0004,720575940628455942,720575940618469681,700,750,-0.528,2,0,1.056,0.0
0.0004,720575940612326373,720575940618510656,700,750,-1.056,8,4,8.448,4.224
0.0004,720575940639935616,720575940618510656,700,750,-1.848,8,4,14.784,7.392
0.0004,720575940643476128,720575940618510656,700,750,-0.264,8,3,2.112,0.792
0.0004,720575940639283278,720575940618510656,700,750,-1.056,8,4,8.448,4.224
0.0004,720575940628695043,720575940618522673,700,750,-13.728000000000002,4,2,54.912000000000006,27.456000000000003
0.0004,720575940639935616,720575940618522673,700,750,-0.528,4,2,2.112,1.056
0.0004,720575940628695043,720575940618541361,700,750,-0.528,2,0,1.056,0.0
0.0004,720575940628695043,720575940618543956,650,700,0.33,1,0,0.33,0.0
0.0004,720575940628695043,720575940618543956,700,750,0.33,1,0,0.33,0.0
0.0004,720575940628455942,720575940618563664,700,750,15.18,1,1,15.18,15.18
0.0004,720575940639283278,720575940618563664,700,750,0.66,1,0,0.66,0.0
0.0004,720575940643476128,720575940618563664,700,750,1.98,1,0,1.98,0.0
0.0004,720575940628695043,720575940618588736,600,650,4.29,2,1,8.58,4.29
0.0004,720575940628695043,720575940618588736,640,650,4.29,1,0,4.29,0.0
0.0004,720575940628695043,720575940618588736,650,700,4.29,5,4,21.45,17.16
0.0004,720575940628695043,720575940618588736,700,750,4.29,7,5,30.03,21.45
0.0004,720575940633434208,720575940618588736,600,650,37.29,2,2,74.58,74.58
0.0004,720575940633434208,720575940618588736,640,650,37.29,1,1,37.29,37.29
0.0004,720575940633434208,720575940618588736,650,700,37.29,5,3,186.45,111.87
0.0004,720575940633434208,720575940618588736,700,750,37.29,7,3,261.03,111.87
0.0004,720575940629377132,720575940618588736,600,650,27.390000000000004,2,2,54.78000000000001,54.78000000000001
0.0004,720575940629377132,720575940618588736,640,650,27.390000000000004,1,1,27.390000000000004,27.390000000000004
0.0004,720575940629377132,720575940618588736,650,700,27.390000000000004,5,3,136.95000000000002,82.17000000000002
0.0004,720575940629377132,720575940618588736,700,750,27.390000000000004,7,1,191.73000000000002,27.390000000000004
0.0004,720575940643551392,720575940618588736,600,650,29.37,2,2,58.74,58.74
0.0004,720575940643551392,720575940618588736,640,650,29.37,1,1,29.37,29.37
0.0004,720575940643551392,720575940618588736,650,700,29.37,5,3,146.85,88.11
0.0004,720575940643551392,720575940618588736,700,750,29.37,7,3,205.59,88.11
0.0004,720575940628455942,720575940618588736,600,650,0.33,2,1,0.66,0.33
0.0004,720575940628455942,720575940618588736,640,650,0.33,1,0,0.33,0.0
0.0004,720575940628455942,720575940618588736,650,700,0.33,5,4,1.6500000000000001,1.32
0.0004,720575940628455942,720575940618588736,700,750,0.33,7,2,2.31,0.66
0.0004,720575940612326373,720575940618588736,600,650,22.77,2,2,45.54,45.54
0.0004,720575940612326373,720575940618588736,640,650,22.77,1,1,22.77,22.77
0.0004,720575940612326373,720575940618588736,650,700,22.77,5,5,113.85,113.85
0.0004,720575940612326373,720575940618588736,700,750,22.77,7,2,159.39,45.54
0.0004,720575940639935616,720575940618588736,600,650,36.63,2,2,73.26,73.26
0.0004,720575940639935616,720575940618588736,640,650,36.63,1,1,36.63,36.63
0.0004,720575940639935616,720575940618588736,650,700,36.63,5,3,183.15,109.89000000000001
0.0004,720575940639935616,720575940618588736,700,750,36.63,7,5,256.41,183.15
0.0004,720575940629393207,720575940618588736,600,650,31.68,2,2,63.36,63.36
0.0004,720575940629393207,720575940618588736,640,650,31.68,1,1,31.68,31.68
0.0004,720575940629393207,720575940618588736,650,700,31.68,5,3,158.4,95.03999999999999
0.0004,720575940629393207,720575940618588736,700,750,31.68,7,2,221.76,63.36
0.0004,720575940628455942,720575940618593025,700,750,11.549999999999999,7,4,80.85,46.199999999999996
0.0004,720575940639283278,720575940618593025,700,750,5.94,7,4,41.580000000000005,23.76
0.0004,720575940639935616,720575940618593025,700,750,0.33,7,4,2.31,1.32
0.0004,720575940643476128,720575940618593025,700,750,1.32,7,4,9.24,5.28
0.0004,720575940639935616,720575940618605878,700,750,-0.792,8,4,6.336,3.168
0.0004,720575940612326373,720575940618605878,700,750,-1.32,8,6,10.56,7.92
0.0004,720575940628455942,720575940618626171,700,750,-0.264,3,1,0.792,0.264
0.0004,720575940639283278,720575940618682782,700,750,-5.5440000000000005,1,1,5.5440000000000005,5.5440000000000005
0.0004,720575940628455942,720575940618682782,700,750,-0.264,1,0,0.264,0.0
0.0004,720575940639935616,720575940618682782,700,750,-0.528,1,1,0.528,0.528
0.0004,720575940628455942,720575940618715550,650,700,-18.744000000000003,1,1,18.744000000000003,18.744000000000003
0.0004,720575940639283278,720575940618715550,650,700,-3.9600000000000004,1,1,3.9600000000000004,3.9600000000000004
0.0004,720575940639935616,720575940618715550,650,700,-18.744000000000003,1,1,18.744000000000003,18.744000000000003
0.0004,720575940643476128,720575940618715550,650,700,-9.768,1,1,9.768,9.768
0.0004,720575940612326373,720575940618715550,650,700,-7.656000000000001,1,1,7.656000000000001,7.656000000000001
0.0004,720575940612326373,720575940618744955,700,750,-0.264,2,2,0.528,0.528
0.0004,720575940639935616,720575940618746827,700,750,0.66,1,1,0.66,0.66
0.0004,720575940628695043,720575940618775943,700,750,0.33,1,1,0.33,0.33
0.0004,720575940628455942,720575940618819675,650,700,-2.64,1,1,2.64,2.64
0.0004,720575940628455942,720575940618819675,700,750,-2.64,1,1,2.64,2.64
0.0004,720575940639283278,720575940618819675,650,700,-4.224,1,0,4.224,0.0
0.0004,720575940639283278,720575940618819675,700,750,-4.224,1,1,4.224,4.224
0.0004,720575940643476128,720575940618819675,650,700,-4.488,1,1,4.488,4.488
0.0004,720575940643476128,720575940618819675,700,750,-4.488,1,1,4.488,4.488
0.0004,720575940639283278,720575940618849227,700,750,-0.528,1,0,0.528,0.0
0.0004,720575940643476128,720575940618849227,700,750,-0.264,1,1,0.264,0.264
0.0004,720575940639935616,720575940618849227,700,750,-0.264,1,1,0.264,0.264
0.0004,720575940639283278,720575940618855344,700,750,0.33,3,1,0.99,0.33
0.0004,720575940639935616,720575940618855344,700,750,2.64,3,3,7.92,7.92
0.0004,720575940643476128,720575940618855344,700,750,0.33,3,3,0.99,0.99
0.0004,720575940628695043,720575940618868273,700,750,0.33,2,1,0.66,0.33
0.0004,720575940623862015,720575940618931846,700,750,-0.264,1,1,0.264,0.264
0.0004,720575940639935616,720575940619077255,650,700,0.33,4,4,1.32,1.32
0.0004,720575940639935616,720575940619077255,700,750,0.33,4,2,1.32,0.66
0.0004,720575940660219265,720575940619114048,600,650,6.6,2,0,13.2,0.0
0.0004,720575940660219265,720575940619114048,640,650,6.6,1,0,6.6,0.0
0.0004,720575940660219265,720575940619114048,650,700,6.6,3,2,19.799999999999997,13.2
0.0004,720575940660219265,720575940619114048,700,750,6.6,1,1,6.6,6.6
0.0004,720575940629393207,720575940619136020,700,750,-0.792,1,1,0.792,0.792
0.0004,720575940629377132,720575940619136020,700,750,-0.792,1,1,0.792,0.792
0.0004,720575940660219265,720575940619176094,600,650,0.99,1,0,0.99,0.0
0.0004,720575940660219265,720575940619176094,650,700,0.99,1,0,0.99,0.0
0.0004,720575940612326373,720575940619198016,700,750,1.65,7,6,11.549999999999999,9.899999999999999
0.0004,720575940628695043,720575940619202008,700,750,-0.264,1,0,0.264,0.0
0.0004,720575940639283278,720575940619245016,650,700,8.91,5,4,44.55,35.64
0.0004,720575940639283278,720575940619245016,700,750,8.91,5,1,44.55,8.91
0.0004,720575940628455942,720575940619245016,650,700,9.9,5,5,49.5,49.5
0.0004,720575940628455942,720575940619245016,700,750,9.9,5,2,49.5,19.8
0.0004,720575940643476128,720575940619245016,650,700,16.83,5,2,84.14999999999999,33.66
0.0004,720575940643476128,720575940619245016,700,750,16.83,5,4,84.14999999999999,67.32
0.0004,720575940612326373,720575940619245016,650,700,5.94,5,3,29.700000000000003,17.82
0.0004,720575940612326373,720575940619245016,700,750,5.94,5,4,29.700000000000003,23.76
0.0004,720575940639935616,720575940619245016,650,700,9.24,5,4,46.2,36.96
0.0004,720575940639935616,720575940619245016,700,750,9.24,5,2,46.2,18.48
0.0004,720575940639935616,720575940619249287,700,750,-0.528,1,0,0.528,0.0
0.0004,720575940628455942,720575940619252952,600,650,-0.792,1,1,0.792,0.792
0.0004,720575940628455942,720575940619252952,640,650,-0.792,1,1,0.792,0.792
0.0004,720575940628455942,720575940619252952,650,700,-0.792,3,2,2.3760000000000003,1.584
0.0004,720575940628455942,720575940619252952,700,750,-0.792,4,4,3.168,3.168
0.0004,720575940639935616,720575940619252952,600,650,-0.264,1,1,0.264,0.264
0.0004,720575940639935616,720575940619252952,640,650,-0.264,1,1,0.264,0.264
0.0004,720575940639935616,720575940619252952,650,700,-0.264,3,3,0.792,0.792
0.0004,720575940639935616,720575940619252952,700,750,-0.264,4,3,1.056,0.792
0.0004,720575940628695043,720575940619317883,700,750,6.2700000000000005,4,1,25.080000000000002,6.2700000000000005
0.0004,720575940612326373,720575940619317883,700,750,0.66,4,2,2.64,1.32
0.0004,720575940639283278,720575940619354965,700,750,0.66,1,1,0.66,0.66
0.0004,720575940628695043,720575940619397797,600,650,9.24,1,1,9.24,9.24
0.0004,720575940639935616,720575940619397797,600,650,1.32,1,1,1.32,1.32
0.0004,720575940629393207,720575940619397797,600,650,0.66,1,1,0.66,0.66
0.0004,720575940612326373,720575940619397797,600,650,0.33,1,1,0.33,0.33
0.0004,720575940639935616,720575940619401296,650,700,0.66,2,2,1.32,1.32
0.0004,720575940639935616,720575940619401296,700,750,0.66,2,2,1.32,1.32
0.0004,720575940643551392,720575940619401296,650,700,0.33,2,1,0.66,0.33
0.0004,720575940643551392,720575940619401296,700,750,0.33,2,1,0.66,0.33
0.0004,720575940628455942,720575940619403942,700,750,0.33,1,1,0.33,0.33
0.0004,720575940639283278,720575940619409542,700,750,2.31,1,1,2.31,2.31
0.0004,720575940639935616,720575940619409542,700,750,0.66,1,1,0.66,0.66
0.0004,720575940612326373,720575940619409542,700,750,0.66,1,0,0.66,0.0
0.0004,720575940639935616,720575940619420838,700,750,0.33,1,0,0.33,0.0
0.0004,720575940612326373,720575940619434712,700,750,0.33,3,1,0.99,0.33
0.0004,720575940639935616,720575940619434712,700,750,1.65,3,0,4.949999999999999,0.0
0.0004,720575940628695043,720575940619441112,700,750,0.99,5,2,4.95,1.98
0.0004,720575940628695043,720575940619477809,700,750,0.33,3,1,0.99,0.33
0.0004,720575940628695043,720575940619481803,700,750,39.27,9,3,353.43,117.81
0.0004,720575940623862015,720575940619481803,700,750,0.66,9,3,5.94,1.98
0.0004,720575940612326373,720575940619481803,700,750,16.83,9,7,151.46999999999997,117.80999999999999
0.0004,720575940639935616,720575940619481803,700,750,3.96,9,4,35.64,15.84
0.0004,720575940629667639,720575940619481803,700,750,13.53,9,3,121.77,40.589999999999996
0.0004,720575940628695043,720575940619486117,650,700,0.99,1,1,0.99,0.99
0.0004,720575940628695043,720575940619486117,700,750,0.99,2,1,1.98,0.99
0.0004,720575940639935616,720575940619488495,650,700,0.33,1,0,0.33,0.0
0.0004,720575940612326373,720575940619488495,650,700,0.33,1,1,0.33,0.33
0.0004,720575940628695043,720575940619531654,700,750,-0.264,1,0,0.264,0.0
0.0004,720575940643551392,720575940619531654,700,750,-0.528,1,1,0.528,0.528
0.0004,720575940633434208,720575940619531654,700,750,-0.264,1,1,0.264,0.264
0.0004,720575940639283278,720575940619536331,700,750,-10.032000000000002,1,0,10.032000000000002,0.0
0.0004,720575940628695043,720575940619548209,700,750,-0.528,4,1,2.112,0.528
0.0004,720575940628455942,720575940619573675,700,750,-13.463999999999999,3,0,40.391999999999996,0.0
0.0004,720575940639283278,720575940619573675,700,750,-7.920000000000001,3,2,23.76,15.840000000000002
0.0004,720575940643476128,720575940619573675,700,750,-0.528,3,1,1.584,0.528
0.0004,720575940633434208,720575940619610294,700,750,-0.528,1,0,0.528,0.0
0.0004,720575940639935616,720575940619706561,700,750,-0.792,1,0,0.792,0.0
0.0004,720575940639283278,720575940619709899,650,700,0.66,3,3,1.98,1.98
0.0004,720575940639283278,720575940619709899,700,750,0.66,5,2,3.3000000000000003,1.32
0.0004,720575940628455942,720575940619709899,650,700,0.33,3,0,0.99,0.0
0.0004,720575940628455942,720575940619709899,700,750,0.33,5,4,1.6500000000000001,1.32
0.0004,720575940612326373,720575940619709899,650,700,2.31,3,2,6.93,4.62
0.0004,720575940612326373,720575940619709899,700,750,2.31,5,3,11.55,6.93
0.0004,720575940639935616,720575940619709899,650,700,6.930000000000001,3,2,20.790000000000003,13.860000000000001
0.0004,720575940639935616,720575940619709899,700,750,6.930000000000001,5,4,34.650000000000006,27.720000000000002
0.0004,720575940628695043,720575940619725551,700,750,4.62,4,4,18.48,18.48
0.0004,720575940628455942,720575940619736523,650,700,-1.584,3,3,4.752000000000001,4.752000000000001
0.0004,720575940628455942,720575940619736523,700,750,-1.584,4,2,6.336,3.168
0.0004,720575940628695043,720575940619736523,650,700,-0.264,3,3,0.792,0.792
0.0004,720575940628695043,720575940619736523,700,750,-0.264,4,1,1.056,0.264
0.0004,720575940643476128,720575940619736523,650,700,-1.848,3,2,5.5440000000000005,3.696
0.0004,720575940643476128,720575940619736523,700,750,-1.848,4,2,7.392,3.696
0.0004,720575940639283278,720575940619736523,650,700,-17.688,3,3,53.06399999999999,53.06399999999999
0.0004,720575940639283278,720575940619736523,700,750,-17.688,4,3,70.752,53.06399999999999
0.0004,720575940639283278,720575940619754699,650,700,1.32,3,0,3.96,0.0
0.0004,720575940639283278,720575940619754699,700,750,1.32,3,3,3.96,3.96
0.0004,720575940628455942,720575940619754699,650,700,0.33,3,3,0.99,0.99
0.0004,720575940628455942,720575940619754699,700,750,0.33,3,0,0.99,0.0
0.0004,720575940612326373,720575940619754699,650,700,0.99,3,2,2.9699999999999998,1.98
0.0004,720575940612326373,720575940619754699,700,750,0.99,3,0,2.9699999999999998,0.0
0.0004,720575940639935616,720575940619754699,650,700,3.6300000000000003,3,1,10.89,3.6300000000000003
0.0004,720575940639935616,720575940619754699,700,750,3.6300000000000003,3,0,10.89,0.0
0.0004,720575940639283278,720575940619757515,700,750,6.6,3,2,19.799999999999997,13.2
0.0004,720575940639935616,720575940619757515,700,750,0.33,3,0,0.99,0.0
0.0004,720575940628695043,720575940619759041,700,750,-10.296000000000001,2,1,20.592000000000002,10.296000000000001
0.0004,720575940612326373,720575940619759041,700,750,-0.264,2,2,0.528,0.528
0.0004,720575940643551392,720575940619759750,650,700,0.66,2,0,1.32,0.0
0.0004,720575940643551392,720575940619759750,700,750,0.66,2,2,1.32,1.32
0.0004,720575940639283278,720575940619766219,650,700,1.32,3,2,3.96,2.64
0.0004,720575940639283278,720575940619766219,700,750,1.32,4,1,5.28,1.32
0.0004,720575940612326373,720575940619766219,650,700,0.99,3,3,2.9699999999999998,2.9699999999999998
0.0004,720575940612326373,720575940619766219,700,750,0.99,4,3,3.96,2.9699999999999998
0.0004,720575940639935616,720575940619766219,650,700,0.99,3,2,2.9699999999999998,1.98
0.0004,720575940639935616,720575940619766219,700,750,0.99,4,3,3.96,2.9699999999999998
0.0004,720575940639283278,720575940619771713,650,700,-0.264,1,0,0.264,0.0
0.0004,720575940639283278,720575940619771713,700,750,-0.264,2,2,0.528,0.528
0.0004,720575940639935616,720575940619773505,650,700,0.33,2,1,0.66,0.33
0.0004,720575940639935616,720575940619773505,700,750,0.33,3,0,0.99,0.0
0.0004,720575940639935616,720575940619773867,650,700,0.33,1,0,0.33,0.0
0.0004,720575940612326373,720575940619773867,650,700,0.33,1,0,0.33,0.0
0.0004,720575940628695043,720575940619820368,650,700,16.5,1,1,16.5,16.5
0.0004,720575940628695043,720575940619820368,700,750,16.5,1,1,16.5,16.5
0.0004,720575940639283278,720575940619821392,700,750,-0.792,3,1,2.3760000000000003,0.792
0.0004,720575940612326373,720575940619821392,700,750,-0.528,3,2,1.584,1.056
0.0004,720575940639935616,720575940619821392,700,750,-0.264,3,2,0.792,0.528
0.0004,720575940612326373,720575940619841456,700,750,2.64,1,1,2.64,2.64
0.0004,720575940660219265,720575940619853515,600,650,185.13,3,1,555.39,185.13
0.0004,720575940660219265,720575940619853515,640,650,185.13,1,0,185.13,0.0
0.0004,720575940660219265,720575940619853515,650,700,185.13,3,2,555.39,370.26
0.0004,720575940660219265,720575940619853515,700,750,185.13,2,2,370.26,370.26
0.0004,720575940612326373,720575940619863125,650,700,-0.264,2,2,0.528,0.528
0.0004,720575940639935616,720575940619863125,650,700,-0.264,2,1,0.528,0.264
0.0004,720575940643476128,720575940619863125,650,700,-1.056,2,1,2.112,1.056
0.0004,720575940639283278,720575940619863125,650,700,-0.792,2,1,1.584,0.792
0.0004,720575940628455942,720575940619875060,700,750,-14.784,1,1,14.784,14.784
0.0004,720575940639283278,720575940619875060,700,750,-2.112,1,0,2.112,0.0
0.0004,720575940639935616,720575940619875060,700,750,-6.336,1,1,6.336,6.336
0.0004,720575940643476128,720575940619875060,700,750,-7.128,1,1,7.128,7.128
0.0004,720575940612326373,720575940619875060,700,750,-1.848,1,1,1.848,1.848
0.0004,720575940623862015,720575940619876884,650,700,-0.264,5,3,1.32,0.792
0.0004,720575940623862015,720575940619876884,700,750,-0.264,4,1,1.056,0.264
0.0004,720575940660219265,720575940619877396,600,650,10.56,5,4,52.800000000000004,42.24
0.0004,720575940660219265,720575940619877396,640,650,10.56,2,2,21.12,21.12
0.0004,720575940660219265,720575940619877396,650,700,10.56,4,2,42.24,21.12
0.0004,720575940660219265,720575940619877396,700,750,10.56,3,3,31.68,31.68
0.0004,720575940628455942,720575940619896656,700,750,2.97,5,3,14.850000000000001,8.91
0.0004,720575940639283278,720575940619896656,700,750,5.28,5,4,26.400000000000002,21.12
0.0004,720575940639283278,720575940619898971,700,750,0.66,1,0,0.66,0.0
0.0004,720575940639283278,720575940619904091,700,750,1.32,1,0,1.32,0.0
0.0004,720575940639935616,720575940619904091,700,750,1.65,1,1,1.65,1.65
0.0004,720575940612326373,720575940619904091,700,750,0.66,1,1,0.66,0.66
0.0004,720575940612326373,720575940619908590,700,750,2.97,1,0,2.97,0.0
0.0004,720575940628695043,720575940619917990,650,700,0.99,2,0,1.98,0.0
0.0004,720575940628695043,720575940619917990,700,750,0.99,3,1,2.9699999999999998,0.99
0.0004,720575940628455942,720575940619917990,650,700,1.32,2,0,2.64,0.0
0.0004,720575940628455942,720575940619917990,700,750,1.32,3,3,3.96,3.96
0.0004,720575940639935616,720575940619917990,650,700,0.33,2,2,0.66,0.66
0.0004,720575940639935616,720575940619917990,700,750,0.33,3,3,0.99,0.99
0.0004,720575940612326373,720575940619917990,650,700,0.66,2,2,1.32,1.32
0.0004,720575940612326373,720575940619917990,700,750,0.66,3,2,1.98,1.32
0.0004,720575940639283278,720575940619954598,650,700,0.33,2,2,0.66,0.66
0.0004,720575940639283278,720575940619954598,700,750,0.33,4,2,1.32,0.66
0.0004,720575940612326373,720575940619954598,650,700,0.66,2,1,1.32,0.66
0.0004,720575940612326373,720575940619954598,700,750,0.66,4,1,2.64,0.66
0.0004,720575940639935616,720575940619954598,650,700,0.66,2,1,1.32,0.66
0.0004,720575940639935616,720575940619954598,700,750,0.66,4,3,2.64,1.98
0.0004,720575940629377132,720575940619971905,700,750,0.33,2,1,0.66,0.33
0.0004,720575940639935616,720575940619971905,700,750,0.33,2,1,0.66,0.33
0.0004,720575940629393207,720575940619971905,700,750,0.66,2,1,1.32,0.66
0.0004,720575940612326373,720575940619971905,700,750,0.33,2,2,0.66,0.66
0.0004,720575940633434208,720575940620011435,650,700,0.33,5,4,1.6500000000000001,1.32
0.0004,720575940633434208,720575940620011435,700,750,0.33,5,5,1.6500000000000001,1.6500000000000001
0.0004,720575940643551392,720575940620011435,650,700,0.33,5,4,1.6500000000000001,1.32
0.0004,720575940643551392,720575940620011435,700,750,0.33,5,5,1.6500000000000001,1.6500000000000001
0.0004,720575940639283278,720575940620018964,650,700,0.66,2,2,1.32,1.32
0.0004,720575940639283278,720575940620018964,700,750,0.66,3,0,1.98,0.0
0.0004,720575940660219265,720575940620062288,600,650,-0.792,1,1,0.792,0.792
0.0004,720575940660219265,720575940620062288,650,700,-0.792,2,2,1.584,1.584
0.0004,720575940660219265,720575940620062288,700,750,-0.792,2,2,1.584,1.584
0.0004,720575940628455942,720575940620129415,700,750,-14.784,5,2,73.92,29.568
0.0004,720575940639283278,720575940620129415,700,750,-11.352000000000002,5,2,56.76000000000001,22.704000000000004
0.0004,720575940643476128,720575940620129415,700,750,-2.112,5,3,10.56,6.336
0.0004,720575940628695043,720575940620136071,700,750,-0.264,1,1,0.264,0.264
0.0004,720575940612326373,720575940620136071,700,750,-1.056,1,1,1.056,1.056
0.0004,720575940628455942,720575940620159070,700,750,-15.840000000000002,1,1,15.840000000000002,15.840000000000002
0.0004,720575940639283278,720575940620159070,700,750,-4.224,1,0,4.224,0.0
0.0004,720575940639935616,720575940620159070,700,750,-0.528,1,1,0.528,0.528
0.0004,720575940643476128,720575940620159070,700,750,-2.3760000000000003,1,1,2.3760000000000003,2.3760000000000003
0.0004,720575940612326373,720575940620159070,700,750,-0.528,1,1,0.528,0.528
0.0004,720575940633434208,720575940620171892,700,750,0.33,1,1,0.33,0.33
0.0004,720575940628695043,720575940620179309,700,750,0.66,2,1,1.32,0.66
0.0004,720575940639283278,720575940620195610,700,750,0.33,1,0,0.33,0.0
0.0004,720575940639935616,720575940620201069,700,750,0.33,1,1,0.33,0.33
0.0004,720575940612326373,720575940620201069,700,750,0.99,1,1,0.99,0.99
0.0004,720575940643476128,720575940620205505,650,700,12.21,1,1,12.21,12.21
0.0004,720575940643476128,720575940620205505,700,750,12.21,1,1,12.21,12.21
0.0004,720575940612326373,720575940620205505,650,700,0.33,1,1,0.33,0.33
0.0004,720575940612326373,720575940620205505,700,750,0.33,1,1,0.33,0.33
0.0004,720575940639283278,720575940620221093,700,750,0.33,4,2,1.32,0.66
0.0004,720575940628695043,720575940620232875,650,700,-1.056,2,1,2.112,1.056
0.0004,720575940628695043,720575940620232875,700,750,-1.056,3,2,3.168,2.112
0.0004,720575940612326373,720575940620232875,650,700,-0.528,2,1,1.056,0.528
0.0004,720575940612326373,720575940620232875,700,750,-0.528,3,2,1.584,1.056
0.0004,720575940639935616,720575940620233307,700,750,0.33,1,0,0.33,0.0
0.0004,720575940639283278,720575940620252075,650,700,2.64,3,3,7.92,7.92
0.0004,720575940639283278,720575940620252075,700,750,2.64,6,6,15.84,15.84
0.0004,720575940643476128,720575940620252075,650,700,20.46,3,3,61.38,61.38
0.0004,720575940643476128,720575940620252075,700,750,20.46,6,4,122.76,81.84
0.0004,720575940612326373,720575940620252075,650,700,3.6300000000000003,3,3,10.89,10.89
0.0004,720575940612326373,720575940620252075,700,750,3.6300000000000003,6,0,21.78,0.0
0.0004,720575940639935616,720575940620252075,650,700,2.31,3,3,6.93,6.93
0.0004,720575940639935616,720575940620252075,700,750,2.31,6,2,13.86,4.62
0.0004,720575940639935616,720575940620272037,700,750,-0.264,1,1,0.264,0.264
0.0004,720575940612326373,720575940620272037,700,750,-0.792,1,1,0.792,0.792
0.0004,720575940628455942,720575940620283307,700,750,-0.528,1,1,0.528,0.528
0.0004,720575940628455942,720575940620301677,650,700,-8.712000000000002,1,0,8.712000000000002,0.0
0.0004,720575940639283278,720575940620301677,650,700,-6.864000000000001,1,1,6.864000000000001,6.864000000000001
0.0004,720575940628695043,720575940620320380,700,750,0.33,1,1,0.33,0.33
0.0004,720575940639283278,720575940620324079,700,750,-1.32,4,3,5.28,3.96
0.0004,720575940628455942,720575940620324079,700,750,-0.528,4,0,2.112,0.0
0.0004,720575940643476128,720575940620324079,700,750,-1.584,4,2,6.336,3.168
0.0004,720575940612326373,720575940620324079,700,750,-0.264,4,1,1.056,0.264
0.0004,720575940639935616,720575940620324079,700,750,-0.792,4,1,3.168,0.792
0.0004,720575940623862015,720575940620364635,700,750,-3.9600000000000004,2,2,7.920000000000001,7.920000000000001
0.0004,720575940628455942,720575940620364635,700,750,-0.264,2,2,0.528,0.528
0.0004,720575940629667639,720575940620364635,700,750,-0.264,2,2,0.528,0.528
0.0004,720575940628455942,720575940620370158,700,750,-3.9600000000000004,4,2,15.840000000000002,7.920000000000001
0.0004,720575940639283278,720575940620370158,700,750,-7.128,4,2,28.512,14.256
0.0004,720575940639935616,720575940620370158,700,750,-0.528,4,2,2.112,1.056
0.0004,720575940623862015,720575940620381793,700,750,0.99,2,1,1.98,0.99
0.0004,720575940612326373,720575940620381793,700,750,0.33,2,0,0.66,0.0
0.0004,720575940639935616,720575940620381793,700,750,0.99,2,2,1.98,1.98
0.0004,720575940628455942,720575940620402345,650,700,-3.4320000000000004,2,0,6.864000000000001,0.0
0.0004,720575940628455942,720575940620402345,700,750,-3.4320000000000004,4,1,13.728000000000002,3.4320000000000004
0.0004,720575940639283278,720575940620402345,650,700,-3.168,2,2,6.336,6.336
0.0004,720575940639283278,720575940620402345,700,750,-3.168,4,3,12.672,9.504000000000001
0.0004,720575940639935616,720575940620402345,650,700,-0.528,2,1,1.056,0.528
0.0004,720575940639935616,720575940620402345,700,750,-0.528,4,2,2.112,1.056
0.0004,720575940643476128,720575940620402345,650,700,-1.848,2,2,3.696,3.696
0.0004,720575940643476128,720575940620402345,700,750,-1.848,4,3,7.392,5.5440000000000005
0.0004,720575940628695043,720575940620464321,650,700,-30.360000000000003,1,0,30.360000000000003,0.0
0.0004,720575940628695043,720575940620464321,700,750,-30.360000000000003,1,1,30.360000000000003,30.360000000000003
0.0004,720575940639283278,720575940620464321,650,700,-6.336,1,1,6.336,6.336
0.0004,720575940639283278,720575940620464321,700,750,-6.336,1,0,6.336,0.0
0.0004,720575940628455942,720575940620464321,650,700,-71.016,1,0,71.016,0.0
0.0004,720575940628455942,720575940620464321,700,750,-71.016,1,0,71.016,0.0
0.0004,720575940643476128,720575940620464321,650,700,-24.288,1,1,24.288,24.288
0.0004,720575940643476128,720575940620464321,700,750,-24.288,1,0,24.288,0.0
0.0004,720575940612326373,720575940620464321,650,700,-31.944000000000006,1,1,31.944000000000006,31.944000000000006
0.0004,720575940612326373,720575940620464321,700,750,-31.944000000000006,1,0,31.944000000000006,0.0
0.0004,720575940639935616,720575940620464321,650,700,-35.112,1,1,35.112,35.112
0.0004,720575940639935616,720575940620464321,700,750,-35.112,1,1,35.112,35.112
0.0004,720575940639283278,720575940620471745,700,750,0.33,8,4,2.64,1.32
0.0004,720575940639935616,720575940620471745,700,750,0.33,8,3,2.64,0.99
0.0004,720575940628695043,720575940620474278,600,650,-9.24,1,1,9.24,9.24
0.0004,720575940628695043,720575940620474278,650,700,-9.24,1,1,9.24,9.24
0.0004,720575940628695043,720575940620474278,700,750,-9.24,2,2,18.48,18.48
0.0004,720575940629393207,720575940620474278,600,650,-0.264,1,1,0.264,0.264
0.0004,720575940629393207,720575940620474278,650,700,-0.264,1,0,0.264,0.0
0.0004,720575940629393207,720575940620474278,700,750,-0.264,2,0,0.528,0.0
0.0004,720575940628455942,720575940620488513,650,700,0.33,1,1,0.33,0.33
0.0004,720575940628455942,720575940620488513,700,750,0.33,2,1,0.66,0.33
0.0004,720575940628695043,720575940620490075,700,750,1.32,4,2,5.28,2.64
0.0004,720575940612326373,720575940620490075,700,750,0.33,4,4,1.32,1.32
0.0004,720575940628695043,720575940620492373,700,750,-1.056,1,0,1.056,0.0
0.0004,720575940628455942,720575940620507169,700,750,-11.880000000000003,2,2,23.760000000000005,23.760000000000005
0.0004,720575940643476128,720575940620507169,700,750,-0.264,2,1,0.528,0.264
0.0004,720575940639283278,720575940620507169,700,750,-8.976,2,0,17.952,0.0
0.0004,720575940628695043,720575940620570025,700,750,-0.264,2,0,0.528,0.0
0.0004,720575940628695043,720575940620571574,650,700,-10.56,1,1,10.56,10.56
0.0004,720575940628695043,720575940620571574,700,750,-10.56,4,0,42.24,0.0
0.0004,720575940628455942,720575940620608238,700,750,0.33,3,3,0.99,0.99
0.0004,720575940628455942,720575940620655169,700,750,0.33,2,1,0.66,0.33
0.0004,720575940628455942,720575940620660207,700,750,3.96,5,2,19.8,7.92
0.0004,720575940639283278,720575940620660207,700,750,11.88,5,4,59.400000000000006,47.52
0.0004,720575940639283278,720575940620661168,700,750,-0.264,2,1,0.528,0.264
0.0004,720575940633434208,720575940620664496,650,700,-0.264,1,0,0.264,0.0
0.0004,720575940628695043,720575940620689517,650,700,-0.792,2,2,1.584,1.584
0.0004,720575940639935616,720575940620689517,650,700,-0.528,2,1,1.056,0.528
0.0004,720575940639935616,720575940620744870,700,750,-1.32,1,1,1.32,1.32
0.0004,720575940639283278,720575940620744870,700,750,-0.264,1,0,0.264,0.0
0.0004,720575940612326373,720575940620744870,700,750,-1.32,1,1,1.32,1.32
0.0004,720575940629667639,720575940620759841,650,700,-0.264,3,3,0.792,0.792
0.0004,720575940629667639,720575940620759841,700,750,-0.264,2,2,0.528,0.528
0.0004,720575940639935616,720575940620769133,650,700,1.65,2,0,3.3,0.0
0.0004,720575940639935616,720575940620769133,700,750,1.65,2,0,3.3,0.0
0.0004,720575940639283278,720575940620777382,650,700,2.31,3,3,6.93,6.93
0.0004,720575940639283278,720575940620777382,700,750,2.31,3,0,6.93,0.0
0.0004,720575940623862015,720575940620777382,650,700,1.32,3,1,3.96,1.32
0.0004,720575940623862015,720575940620777382,700,750,1.32,3,1,3.96,1.32
0.0004,720575940628695043,720575940620823316,700,750,0.33,3,2,0.99,0.66
0.0004,720575940639935616,720575940620823316,700,750,0.33,3,1,0.99,0.33
0.0004,720575940612326373,720575940620823316,700,750,2.31,3,2,6.93,4.62
0.0004,720575940639935616,720575940620828165,650,700,-2.112,1,1,2.112,2.112
0.0004,720575940639935616,720575940620828165,700,750,-2.112,2,1,4.224,2.112
0.0004,720575940639283278,720575940620828165,650,700,-2.64,1,1,2.64,2.64
0.0004,720575940639283278,720575940620828165,700,750,-2.64,2,1,5.28,2.64
0.0004,720575940639283278,720575940620832517,700,750,0.66,1,1,0.66,0.66
0.0004,720575940628695043,720575940620842111,650,700,0.33,1,0,0.33,0.0
0.0004,720575940628695043,720575940620842111,700,750,0.33,3,2,0.99,0.66
0.0004,720575940639935616,720575940620904319,650,700,0.33,1,1,0.33,0.33
0.0004,720575940639935616,720575940620904319,700,750,0.33,2,1,0.66,0.33
0.0004,720575940643476128,720575940620904319,650,700,3.96,1,0,3.96,0.0
0.0004,720575940643476128,720575940620904319,700,750,3.96,2,0,7.92,0.0
0.0004,720575940628695043,720575940620904614,650,700,2.31,3,3,6.93,6.93
0.0004,720575940628695043,720575940620904614,700,750,2.31,5,3,11.55,6.93
0.0004,720575940628455942,720575940620904614,650,700,3.3,3,3,9.899999999999999,9.899999999999999
0.0004,720575940628455942,720575940620904614,700,750,3.3,5,4,16.5,13.2
0.0004,720575940639283278,720575940620904614,650,700,3.96,3,3,11.879999999999999,11.879999999999999
0.0004,720575940639283278,720575940620904614,700,750,3.96,5,2,19.8,7.92
0.0004,720575940639935616,720575940620904614,650,700,4.95,3,2,14.850000000000001,9.9
0.0004,720575940639935616,720575940620904614,700,750,4.95,5,4,24.75,19.8
0.0004,720575940643476128,720575940620904614,650,700,2.64,3,0,7.92,0.0
0.0004,720575940643476128,720575940620904614,700,750,2.64,5,4,13.200000000000001,10.56
0.0004,720575940612326373,720575940620904614,650,700,2.31,3,2,6.93,4.62
0.0004,720575940612326373,720575940620904614,700,750,2.31,5,4,11.55,9.24
0.0004,720575940629377132,720575940620904869,650,700,-0.264,1,1,0.264,0.264
0.0004,720575940629377132,720575940620904869,700,750,-0.264,13,7,3.4320000000000004,1.848
0.0004,720575940639283278,720575940620993008,700,750,1.32,2,0,2.64,0.0
0.0004,720575940639935616,720575940620993008,700,750,2.64,2,1,5.28,2.64
0.0004,720575940643476128,720575940620993008,700,750,0.66,2,1,1.32,0.66
0.0004,720575940612326373,720575940620993008,700,750,3.6300000000000003,2,2,7.260000000000001,7.260000000000001
0.0004,720575940628695043,720575940621011376,700,750,0.33,1,0,0.33,0.0
0.0004,720575940639283278,720575940621011376,700,750,15.84,1,0,15.84,0.0
0.0004,720575940639935616,720575940621012289,650,700,-6.6000000000000005,2,0,13.200000000000001,0.0
0.0004,720575940639935616,720575940621012289,700,750,-6.6000000000000005,4,2,26.400000000000002,13.200000000000001
0.0004,720575940612326373,720575940621012289,650,700,-11.616000000000001,2,1,23.232000000000003,11.616000000000001
0.0004,720575940612326373,720575940621012289,700,750,-11.616000000000001,4,0,46.464000000000006,0.0
0.0004,720575940628455942,720575940621017840,700,750,0.33,2,1,0.66,0.33
0.0004,720575940639935616,720575940621030320,650,700,-2.3760000000000003,1,1,2.3760000000000003,2.3760000000000003
0.0004,720575940639935616,720575940621030320,700,750,-2.3760000000000003,4,3,9.504000000000001,7.128000000000001
0.0004,720575940612326373,720575940621030320,650,700,-10.296000000000001,1,1,10.296000000000001,10.296000000000001
0.0004,720575940612326373,720575940621030320,700,750,-10.296000000000001,4,2,41.184000000000005,20.592000000000002
0.0004,720575940628695043,720575940621038294,650,700,0.33,3,3,0.99,0.99
0.0004,720575940628695043,720575940621038294,700,750,0.33,3,0,0.99,0.0
0.0004,720575940628455942,720575940621038294,650,700,0.66,3,2,1.98,1.32
0.0004,720575940628455942,720575940621038294,700,750,0.66,3,1,1.98,0.66
0.0004,720575940628695043,720575940621040737,650,700,2.31,1,1,2.31,2.31
0.0004,720575940628695043,720575940621040737,700,750,2.31,9,5,20.79,11.55
0.0004,720575940628455942,720575940621057702,600,650,-10.56,1,1,10.56,10.56
0.0004,720575940628455942,720575940621057702,650,700,-10.56,2,2,21.12,21.12
0.0004,720575940628455942,720575940621057702,700,750,-10.56,3,1,31.68,10.56
0.0004,720575940628455942,720575940621085622,700,750,0.33,2,0,0.66,0.0
0.0004,720575940639283278,720575940621164720,700,750,-0.792,10,6,7.92,4.752000000000001
0.0004,720575940628455942,720575940621164720,700,750,-52.272000000000006,10,3,522.72,156.81600000000003
0.0004,720575940643476128,720575940621164720,700,750,-27.720000000000006,10,7,277.20000000000005,194.04000000000005
0.0004,720575940628695043,720575940621201833,650,700,0.33,2,0,0.66,0.0
0.0004,720575940628695043,720575940621201833,700,750,0.33,3,1,0.99,0.33
0.0004,720575940643476128,720575940621201833,650,700,0.66,2,2,1.32,1.32
0.0004,720575940643476128,720575940621201833,700,750,0.66,3,1,1.98,0.66
0.0004,720575940628455942,720575940621213556,650,700,-0.264,2,2,0.528,0.528
0.0004,720575940628455942,720575940621213556,700,750,-0.264,2,2,0.528,0.528
0.0004,720575940639935616,720575940621213556,650,700,-1.32,2,1,2.64,1.32
0.0004,720575940639935616,720575940621213556,700,750,-1.32,2,1,2.64,1.32
0.0004,720575940628695043,720575940621215169,650,700,-0.792,1,1,0.792,0.792
0.0004,720575940628695043,720575940621215169,700,750,-0.792,1,1,0.792,0.792
0.0004,720575940660219265,720575940621261296,600,650,3.6300000000000003,4,4,14.520000000000001,14.520000000000001
0.0004,720575940660219265,720575940621261296,640,650,3.6300000000000003,2,2,7.260000000000001,7.260000000000001
0.0004,720575940660219265,720575940621261296,650,700,3.6300000000000003,3,0,10.89,0.0
0.0004,720575940660219265,720575940621261296,700,750,3.6300000000000003,2,2,7.260000000000001,7.260000000000001
0.0004,720575940639283278,720575940621273460,700,750,4.95,2,2,9.9,9.9
0.0004,720575940623862015,720575940621307574,700,750,-0.264,2,1,0.528,0.264
0.0004,720575940629667639,720575940621307574,700,750,-1.584,2,1,3.168,1.584
0.0004,720575940660219265,720575940621354736,700,750,-2.3760000000000003,1,1,2.3760000000000003,2.3760000000000003
0.0004,720575940639935616,720575940621359988,700,750,4.29,5,2,21.45,8.58
0.0004,720575940612326373,720575940621359988,700,750,2.97,5,2,14.850000000000001,5.94
0.0004,720575940628695043,720575940621363421,650,700,-10.032000000000002,1,1,10.032000000000002,10.032000000000002
0.0004,720575940628695043,720575940621363421,700,750,-10.032000000000002,4,4,40.12800000000001,40.12800000000001
0.0004,720575940639283278,720575940621373052,650,700,-0.264,1,1,0.264,0.264
0.0004,720575940639283278,720575940621373052,700,750,-0.264,1,1,0.264,0.264
0.0004,720575940660219265,720575940621422518,600,650,-2.3760000000000003,2,2,4.752000000000001,4.752000000000001
0.0004,720575940660219265,720575940621422518,640,650,-2.3760000000000003,1,1,2.3760000000000003,2.3760000000000003
0.0004,720575940660219265,720575940621422518,650,700,-2.3760000000000003,1,1,2.3760000000000003,2.3760000000000003
0.0004,720575940660219265,720575940621422518,700,750,-2.3760000000000003,2,1,4.752000000000001,2.3760000000000003
0.0004,720575940628695043,720575940621457690,650,700,37.29,2,0,74.58,0.0
0.0004,720575940628695043,720575940621457690,700,750,37.29,6,2,223.74,74.58
0.0004,720575940639283278,720575940621457690,650,700,41.910000000000004,2,2,83.82000000000001,83.82000000000001
0.0004,720575940639283278,720575940621457690,700,750,41.910000000000004,6,2,251.46000000000004,83.82000000000001
0.0004,720575940628455942,720575940621457690,650,700,27.390000000000004,2,0,54.78000000000001,0.0
0.0004,720575940628455942,720575940621457690,700,750,27.390000000000004,6,4,164.34000000000003,109.56000000000002
0.0004,720575940643476128,720575940621457690,650,700,4.29,2,2,8.58,8.58
0.0004,720575940643476128,720575940621457690,700,750,4.29,6,4,25.740000000000002,17.16
0.0004,720575940612326373,720575940621457690,650,700,33.33,2,1,66.66,33.33
0.0004,720575940612326373,720575940621457690,700,750,33.33,6,5,199.98,166.64999999999998
0.0004,720575940639935616,720575940621457690,650,700,29.040000000000003,2,2,58.080000000000005,58.080000000000005
0.0004,720575940639935616,720575940621457690,700,750,29.040000000000003,6,4,174.24,116.16000000000001
0.0004,720575940628455942,720575940621467212,650,700,-2.64,2,1,5.28,2.64
0.0004,720575940628455942,720575940621467212,700,750,-2.64,4,2,10.56,5.28
0.0004,720575940628695043,720575940621487088,700,750,0.33,2,2,0.66,0.66
0.0004,720575940628695043,720575940621507549,600,650,-0.264,1,1,0.264,0.264
0.0004,720575940628695043,720575940621507549,700,750,-0.264,3,0,0.792,0.0
0.0004,720575940629377132,720575940621507549,600,650,-0.792,1,1,0.792,0.792
0.0004,720575940629377132,720575940621507549,700,750,-0.792,3,3,2.3760000000000003,2.3760000000000003
0.0004,720575940639935616,720575940621507549,600,650,-1.056,1,1,1.056,1.056
0.0004,720575940639935616,720575940621507549,700,750,-1.056,3,2,3.168,2.112
0.0004,720575940643476128,720575940621507549,600,650,-0.792,1,1,0.792,0.792
0.0004,720575940643476128,720575940621507549,700,750,-0.792,3,1,2.3760000000000003,0.792
0.0004,720575940629393207,720575940621507549,600,650,-1.056,1,1,1.056,1.056
0.0004,720575940629393207,720575940621507549,700,750,-1.056,3,3,3.168,3.168
0.0004,720575940612326373,720575940621507549,600,650,-0.264,1,1,0.264,0.264
0.0004,720575940612326373,720575940621507549,700,750,-0.264,3,2,0.792,0.528
0.0004,720575940628695043,720575940621515391,700,750,0.99,1,0,0.99,0.0
0.0004,720575940633434208,720575940621526493,650,700,5.61,1,1,5.61,5.61
0.0004,720575940633434208,720575940621526493,700,750,5.61,3,1,16.830000000000002,5.61
0.0004,720575940643551392,720575940621526493,650,700,5.28,1,1,5.28,5.28
0.0004,720575940643551392,720575940621526493,700,750,5.28,3,1,15.84,5.28
0.0004,720575940623862015,720575940621526493,650,700,0.66,1,0,0.66,0.0
0.0004,720575940623862015,720575940621526493,700,750,0.66,3,2,1.98,1.32
0.0004,720575940628455942,720575940621526493,650,700,0.33,1,1,0.33,0.33
0.0004,720575940628455942,720575940621526493,700,750,0.33,3,2,0.99,0.66
0.0004,720575940612326373,720575940621526493,650,700,3.6300000000000003,1,1,3.6300000000000003,3.6300000000000003
0.0004,720575940612326373,720575940621526493,700,750,3.6300000000000003,3,2,10.89,7.260000000000001
0.0004,720575940639935616,720575940621526493,650,700,1.32,1,1,1.32,1.32
0.0004,720575940639935616,720575940621526493,700,750,1.32,3,1,3.96,1.32
0.0004,720575940628695043,720575940621589887,650,700,3.3,4,3,13.2,9.899999999999999
0.0004,720575940628695043,720575940621589887,700,750,3.3,6,4,19.799999999999997,13.2
0.0004,720575940639283278,720575940621589887,650,700,22.44,4,4,89.76,89.76
0.0004,720575940639283278,720575940621589887,700,750,22.44,6,2,134.64000000000001,44.88
0.0004,720575940628455942,720575940621589887,650,700,2.64,4,3,10.56,7.92
0.0004,720575940628455942,720575940621589887,700,750,2.64,6,2,15.84,5.28
0.0004,720575940643476128,720575940621589887,650,700,0.99,4,1,3.96,0.99
0.0004,720575940643476128,720575940621589887,700,750,0.99,6,3,5.9399999999999995,2.9699999999999998
0.0004,720575940612326373,720575940621589887,650,700,4.29,4,2,17.16,8.58
0.0004,720575940612326373,720575940621589887,700,750,4.29,6,2,25.740000000000002,8.58
0.0004,720575940639935616,720575940621589887,650,700,3.3,4,2,13.2,6.6
0.0004,720575940639935616,720575940621589887,700,750,3.3,6,2,19.799999999999997,6.6
0.0004,720575940628695043,720575940621646668,650,700,0.33,3,1,0.99,0.33
0.0004,720575940628695043,720575940621646668,700,750,0.33,4,4,1.32,1.32
0.0004,720575940628455942,720575940621646668,650,700,0.66,3,1,1.98,0.66
0.0004,720575940628455942,720575940621646668,700,750,0.66,4,3,2.64,1.98
0.0004,720575940639283278,720575940621646668,650,700,9.24,3,3,27.72,27.72
0.0004,720575940639283278,720575940621646668,700,750,9.24,4,2,36.96,18.48
0.0004,720575940639935616,720575940621646668,650,700,3.3,3,3,9.899999999999999,9.899999999999999
0.0004,720575940639935616,720575940621646668,700,750,3.3,4,3,13.2,9.899999999999999
0.0004,720575940643476128,720575940621646668,650,700,13.53,3,3,40.589999999999996,40.589999999999996
0.0004,720575940643476128,720575940621646668,700,750,13.53,4,3,54.12,40.589999999999996
0.0004,720575940612326373,720575940621646668,650,700,3.3,3,2,9.899999999999999,6.6
0.0004,720575940612326373,720575940621646668,700,750,3.3,4,4,13.2,13.2
0.0004,720575940639283278,720575940621739508,700,750,0.66,2,1,1.32,0.66
0.0004,720575940639935616,720575940621739508,700,750,0.33,2,2,0.66,0.66
0.0004,720575940612326373,720575940621739508,700,750,0.33,2,1,0.66,0.33
0.0004,720575940612326373,720575940621747444,700,750,-0.264,2,1,0.528,0.264
0.0004,720575940628695043,720575940621769505,700,750,0.99,1,0,0.99,0.0
0.0004,720575940639935616,720575940621769505,700,750,0.33,1,0,0.33,0.0
0.0004,720575940612326373,720575940621769505,700,750,0.33,1,0,0.33,0.0
0.0004,720575940639935616,720575940621788125,700,750,0.33,1,1,0.33,0.33
0.0004,720575940612326373,720575940621788125,700,750,2.64,1,1,2.64,2.64
0.0004,720575940628695043,720575940621814049,650,700,-0.528,2,2,1.056,1.056
0.0004,720575940628695043,720575940621814049,700,750,-0.528,3,2,1.584,1.056
0.0004,720575940628695043,720575940621833054,650,700,1.32,4,2,5.28,2.64
0.0004,720575940628695043,720575940621833054,700,750,1.32,5,3,6.6000000000000005,3.96
0.0004,720575940628455942,720575940621833054,650,700,0.99,4,2,3.96,1.98
0.0004,720575940628455942,720575940621833054,700,750,0.99,5,1,4.95,0.99
0.0004,720575940639935616,720575940621833054,650,700,0.33,4,3,1.32,0.99
0.0004,720575940639935616,720575940621833054,700,750,0.33,5,3,1.6500000000000001,0.99
0.0004,720575940643476128,720575940621833054,650,700,0.33,4,3,1.32,0.99
0.0004,720575940643476128,720575940621833054,700,750,0.33,5,3,1.6500000000000001,0.99
0.0004,720575940612326373,720575940621833054,650,700,0.99,4,3,3.96,2.9699999999999998
0.0004,720575940612326373,720575940621833054,700,750,0.99,5,2,4.95,1.98
0.0004,720575940628695043,720575940621866108,650,700,-0.792,1,1,0.792,0.792
0.0004,720575940639935616,720575940621866108,650,700,-1.848,1,1,1.848,1.848
0.0004,720575940612326373,720575940621866108,650,700,-1.848,1,1,1.848,1.848
0.0004,720575940628695043,720575940621870886,650,700,-1.584,2,2,3.168,3.168
0.0004,720575940628695043,720575940621870886,700,750,-1.584,4,2,6.336,3.168
0.0004,720575940639283278,720575940621905185,650,700,-3.696,6,4,22.176000000000002,14.784
0.0004,720575940639283278,720575940621905185,700,750,-3.696,6,2,22.176000000000002,7.392
0.0004,720575940628455942,720575940621905185,650,700,-1.584,6,4,9.504000000000001,6.336
0.0004,720575940628455942,720575940621905185,700,750,-1.584,6,2,9.504000000000001,3.168
0.0004,720575940643476128,720575940621905185,650,700,-2.3760000000000003,6,4,14.256000000000002,9.504000000000001
0.0004,720575940643476128,720575940621905185,700,750,-2.3760000000000003,6,3,14.256000000000002,7.128000000000001
0.0004,720575940612326373,720575940621905185,650,700,-0.792,6,6,4.752000000000001,4.752000000000001
0.0004,720575940612326373,720575940621905185,700,750,-0.792,6,4,4.752000000000001,3.168
0.0004,720575940639935616,720575940621905185,650,700,-0.264,6,4,1.584,1.056
0.0004,720575940639935616,720575940621905185,700,750,-0.264,6,4,1.584,1.056
0.0004,720575940628695043,720575940621921285,650,700,-0.528,4,2,2.112,1.056
0.0004,720575940628695043,720575940621921285,700,750,-0.528,6,3,3.168,1.584
0.0004,720575940628455942,720575940621921285,650,700,-0.264,4,2,1.056,0.528
0.0004,720575940628455942,720575940621921285,700,750,-0.264,6,3,1.584,0.792
0.0004,720575940643476128,720575940621921285,650,700,-0.792,4,3,3.168,2.3760000000000003
0.0004,720575940643476128,720575940621921285,700,750,-0.792,6,3,4.752000000000001,2.3760000000000003
0.0004,720575940612326373,720575940621921285,650,700,-0.528,4,3,2.112,1.584
0.0004,720575940612326373,720575940621921285,700,750,-0.528,6,3,3.168,1.584
0.0004,720575940639935616,720575940621961242,700,750,1.65,1,1,1.65,1.65
0.0004,720575940639283278,720575940622009889,700,750,-1.584,1,1,1.584,1.584
0.0004,720575940628695043,720575940622018217,650,700,-0.264,1,1,0.264,0.264
0.0004,720575940628455942,720575940622018217,650,700,-1.848,1,1,1.848,1.848
0.0004,720575940639283278,720575940622025548,650,700,0.33,1,1,0.33,0.33
0.0004,720575940639283278,720575940622025548,700,750,0.33,3,3,0.99,0.99
0.0004,720575940639935616,720575940622025548,650,700,3.3,1,1,3.3,3.3
0.0004,720575940639935616,720575940622025548,700,750,3.3,3,2,9.899999999999999,6.6
0.0004,720575940643476128,720575940622025548,650,700,5.94,1,1,5.94,5.94
0.0004,720575940643476128,720575940622025548,700,750,5.94,3,1,17.82,5.94
0.0004,720575940612326373,720575940622025548,650,700,1.98,1,1,1.98,1.98
0.0004,720575940612326373,720575940622025548,700,750,1.98,3,1,5.9399999999999995,1.98
0.0004,720575940628695043,720575940622026590,700,750,-0.264,3,2,0.792,0.528
0.0004,720575940639283278,720575940622026590,700,750,-0.264,3,1,0.792,0.264
0.0004,720575940623862015,720575940622062227,700,750,-3.9600000000000004,1,0,3.9600000000000004,0.0
0.0004,720575940628695043,720575940622089761,700,750,-17.688,3,0,53.06399999999999,0.0
0.0004,720575940629667639,720575940622089761,700,750,-0.264,3,1,0.792,0.264
0.0004,720575940639283278,720575940622093436,700,750,0.33,1,1,0.33,0.33
0.0004,720575940639935616,720575940622093436,700,750,6.6,1,0,6.6,0.0
0.0004,720575940612326373,720575940622093436,700,750,2.31,1,0,2.31,0.0
0.0004,720575940639283278,720575940622104865,700,750,-0.528,8,4,4.224,2.112
0.0004,720575940628695043,720575940622182569,700,750,0.33,2,2,0.66,0.66
0.0004,720575940612326373,720575940622182569,700,750,0.99,2,2,1.98,1.98
0.0004,720575940639935616,720575940622182569,700,750,0.33,2,2,0.66,0.66
0.0004,720575940629667639,720575940622182569,700,750,0.33,2,0,0.66,0.0
0.0004,720575940639935616,720575940622201046,650,700,2.64,1,1,2.64,2.64
0.0004,720575940639935616,720575940622201046,700,750,2.64,3,2,7.92,5.28
0.0004,720575940612326373,720575940622201046,650,700,3.3,1,1,3.3,3.3
0.0004,720575940612326373,720575940622201046,700,750,3.3,3,1,9.899999999999999,3.3
0.0004,720575940612326373,720575940622203350,650,700,2.31,3,2,6.93,4.62
0.0004,720575940612326373,720575940622203350,700,750,2.31,4,3,9.24,6.93
0.0004,720575940639935616,720575940622203350,650,700,5.61,3,2,16.830000000000002,11.22
0.0004,720575940639935616,720575940622203350,700,750,5.61,4,2,22.44,11.22
0.0004,720575940639935616,720575940622227453,700,750,-0.264,1,1,0.264,0.264
0.0004,720575940639935616,720575940622229005,700,750,1.65,2,1,3.3,1.65
0.0004,720575940612326373,720575940622229005,700,750,0.99,2,2,1.98,1.98
0.0004,720575940639283278,720575940622241160,650,700,2.31,1,1,2.31,2.31
0.0004,720575940639283278,720575940622241160,700,750,2.31,1,1,2.31,2.31
0.0004,720575940628455942,720575940622241160,650,700,0.66,1,1,0.66,0.66
0.0004,720575940628455942,720575940622241160,700,750,0.66,1,0,0.66,0.0
0.0004,720575940643476128,720575940622241160,650,700,0.33,1,1,0.33,0.33
0.0004,720575940643476128,720575940622241160,700,750,0.33,1,1,0.33,0.33
0.0004,720575940639935616,720575940622241160,650,700,1.32,1,1,1.32,1.32
0.0004,720575940639935616,720575940622241160,700,750,1.32,1,0,1.32,0.0
0.0004,720575940639935616,720575940622247036,700,750,0.66,1,0,0.66,0.0
0.0004,720575940612326373,720575940622247036,700,750,1.32,1,0,1.32,0.0
0.0004,720575940628695043,720575940622307096,700,750,0.33,3,1,0.99,0.33
0.0004,720575940628695043,720575940622334448,700,750,0.99,2,2,1.98,1.98
0.0004,720575940612326373,720575940622334448,700,750,4.62,2,1,9.24,4.62
0.0004,720575940639935616,720575940622334448,700,750,1.32,2,1,2.64,1.32
0.0004,720575940628455942,720575940622353705,650,700,-0.264,1,1,0.264,0.264
0.0004,720575940628455942,720575940622353705,700,750,-0.264,3,3,0.792,0.792
0.0004,720575940629377132,720575940622353705,650,700,-0.528,1,1,0.528,0.528
0.0004,720575940629377132,720575940622353705,700,750,-0.528,3,1,1.584,0.528
0.0004,720575940639935616,720575940622353705,650,700,-0.264,1,1,0.264,0.264
0.0004,720575940639935616,720575940622353705,700,750,-0.264,3,2,0.792,0.528
0.0004,720575940623862015,720575940622353705,650,700,-0.264,1,1,0.264,0.264
0.0004,720575940623862015,720575940622353705,700,750,-0.264,3,2,0.792,0.528
0.0004,720575940612326373,720575940622353705,650,700,-0.264,1,1,0.264,0.264
0.0004,720575940612326373,720575940622353705,700,750,-0.264,3,2,0.792,0.528
0.0004,720575940628695043,720575940622361983,700,750,-2.64,2,0,5.28,0.0
0.0004,720575940629667639,720575940622392260,700,750,0.66,1,0,0.66,0.0
0.0004,720575940628695043,720575940622399190,650,700,-6.6000000000000005,2,2,13.200000000000001,13.200000000000001
0.0004,720575940628695043,720575940622399190,700,750,-6.6000000000000005,4,1,26.400000000000002,6.6000000000000005
0.0004,720575940628455942,720575940622399190,650,700,-7.392,2,1,14.784,7.392
0.0004,720575940628455942,720575940622399190,700,750,-7.392,4,2,29.568,14.784
0.0004,720575940643476128,720575940622399190,650,700,-2.112,2,1,4.224,2.112
0.0004,720575940643476128,720575940622399190,700,750,-2.112,4,3,8.448,6.336
0.0004,720575940628695043,720575940622400648,650,700,0.33,1,1,0.33,0.33
0.0004,720575940628695043,720575940622400648,700,750,0.33,2,1,0.66,0.33
0.0004,720575940628455942,720575940622400648,650,700,0.33,1,1,0.33,0.33
0.0004,720575940628455942,720575940622400648,700,750,0.33,2,0,0.66,0.0
0.0004,720575940612326373,720575940622400648,650,700,0.33,1,1,0.33,0.33
0.0004,720575940612326373,720575940622400648,700,750,0.33,2,0,0.66,0.0
0.0004,720575940639935616,720575940622400648,650,700,0.33,1,1,0.33,0.33
0.0004,720575940639935616,720575940622400648,700,750,0.33,2,1,0.66,0.33
0.0004,720575940628455942,720575940622446085,650,700,11.88,1,1,11.88,11.88
0.0004,720575940628455942,720575940622446085,700,750,11.88,2,1,23.76,11.88
0.0004,720575940639283278,720575940622446085,650,700,0.33,1,0,0.33,0.0
0.0004,720575940639283278,720575940622446085,700,750,0.33,2,1,0.66,0.33
0.0004,720575940633434208,720575940622446085,650,700,0.33,1,1,0.33,0.33
0.0004,720575940633434208,720575940622446085,700,750,0.33,2,1,0.66,0.33
0.0004,720575940628455942,720575940622446341,650,700,8.91,1,1,8.91,8.91
0.0004,720575940628455942,720575940622446341,700,750,8.91,1,0,8.91,0.0
0.0004,720575940628455942,720575940622448166,700,750,0.66,7,1,4.62,0.66
0.0004,720575940639283278,720575940622448166,700,750,1.98,7,4,13.86,7.92
0.0004,720575940639935616,720575940622448166,700,750,0.66,7,2,4.62,1.32
0.0004,720575940639283278,720575940622484182,700,750,6.6,6,2,39.599999999999994,13.2
0.0004,720575940639935616,720575940622484182,700,750,2.97,6,2,17.82,5.94
0.0004,720575940612326373,720575940622484182,700,750,3.6300000000000003,6,4,21.78,14.520000000000001
0.0004,720575940628695043,720575940622515165,650,700,0.66,1,1,0.66,0.66
0.0004,720575940628695043,720575940622515165,700,750,0.66,9,5,5.94,3.3000000000000003
0.0004,720575940639935616,720575940622515165,650,700,0.33,1,1,0.33,0.33
0.0004,720575940639935616,720575940622515165,700,750,0.33,9,5,2.97,1.6500000000000001
0.0004,720575940639283278,720575940622518197,650,700,0.33,1,1,0.33,0.33
0.0004,720575940639283278,720575940622518197,700,750,0.33,1,1,0.33,0.33
0.0004,720575940639935616,720575940622518197,650,700,0.33,1,1,0.33,0.33
0.0004,720575940639935616,720575940622518197,700,750,0.33,1,0,0.33,0.0
0.0004,720575940612326373,720575940622518197,650,700,0.66,1,1,0.66,0.66
0.0004,720575940612326373,720575940622518197,700,750,0.66,1,0,0.66,0.0
0.0004,720575940628695043,720575940622607069,700,750,3.96,5,3,19.8,11.879999999999999
0.0004,720575940660219265,720575940622624214,600,650,7.260000000000001,1,1,7.260000000000001,7.260000000000001
0.0004,720575940660219265,720575940622624214,650,700,7.260000000000001,1,1,7.260000000000001,7.260000000000001
0.0004,720575940660219265,720575940622624214,700,750,7.260000000000001,1,1,7.260000000000001,7.260000000000001
0.0004,720575940628695043,720575940622651869,700,750,-0.264,2,1,0.528,0.264
0.0004,720575940639935616,720575940622651869,700,750,-0.264,2,1,0.528,0.264
0.0004,720575940612326373,720575940622651869,700,750,-0.264,2,2,0.528,0.528
0.0004,720575940612326373,720575940622675421,700,750,0.33,1,0,0.33,0.0
0.0004,720575940628695043,720575940622703654,700,750,0.33,3,2,0.99,0.66
0.0004,720575940628455942,720575940622719770,700,750,-0.792,1,1,0.792,0.792
0.0004,720575940639935616,720575940622719770,700,750,-0.264,1,1,0.264,0.264
0.0004,720575940629667639,720575940622746150,700,750,-0.264,1,1,0.264,0.264
0.0004,720575940628695043,720575940622775443,700,750,1.98,2,0,3.96,0.0
0.0004,720575940639283278,720575940622828056,700,750,0.66,2,1,1.32,0.66
0.0004,720575940628695043,720575940622855629,650,700,-3.696,2,2,7.392,7.392
0.0004,720575940628695043,720575940622855629,700,750,-3.696,3,2,11.088000000000001,7.392
0.0004,720575940639283278,720575940622855629,650,700,-0.264,2,2,0.528,0.528
0.0004,720575940639283278,720575940622855629,700,750,-0.264,3,0,0.792,0.0
0.0004,720575940612326373,720575940622855629,650,700,-0.528,2,1,1.056,0.528
0.0004,720575940612326373,720575940622855629,700,750,-0.528,3,3,1.584,1.584
0.0004,720575940639283278,720575940622858534,650,700,-0.264,2,1,0.528,0.264
0.0004,720575940639283278,720575940622858534,700,750,-0.264,4,2,1.056,0.528
0.0004,720575940639935616,720575940622858534,650,700,-7.128,2,1,14.256,7.128
0.0004,720575940639935616,720575940622858534,700,750,-7.128,4,4,28.512,28.512
0.0004,720575940643476128,720575940622858534,650,700,-0.528,2,2,1.056,1.056
0.0004,720575940643476128,720575940622858534,700,750,-0.528,4,4,2.112,2.112
0.0004,720575940612326373,720575940622858534,650,700,-5.5440000000000005,2,2,11.088000000000001,11.088000000000001
0.0004,720575940612326373,720575940622858534,700,750,-5.5440000000000005,4,2,22.176000000000002,11.088000000000001
0.0004,720575940643476128,720575940622905357,700,750,-0.264,2,0,0.528,0.0
0.0004,720575940612326373,720575940622905357,700,750,-0.264,2,2,0.528,0.528
0.0004,720575940629667639,720575940622905357,700,750,-0.264,2,2,0.528,0.528
0.0004,720575940612326373,720575940622910989,650,700,0.33,2,2,0.66,0.66
0.0004,720575940612326373,720575940622910989,700,750,0.33,1,0,0.33,0.0
0.0004,720575940639283278,720575940622925715,700,750,0.33,1,1,0.33,0.33
0.0004,720575940628455942,720575940622930200,700,750,0.33,1,1,0.33,0.33
0.0004,720575940639283278,720575940622930200,700,750,10.89,1,1,10.89,10.89
0.0004,720575940628695043,720575940622953864,700,750,-17.688,1,1,17.688,17.688
0.0004,720575940639935616,720575940622953864,700,750,-0.264,1,0,0.264,0.0
0.0004,720575940612326373,720575940622953864,700,750,-0.792,1,1,0.792,0.792
0.0004,720575940612326373,720575940622957064,650,700,0.66,1,0,0.66,0.0
0.0004,720575940612326373,720575940622957064,700,750,0.66,3,0,1.98,0.0
0.0004,720575940639283278,720575940622971283,650,700,1.65,3,2,4.949999999999999,3.3
0.0004,720575940639283278,720575940622971283,700,750,1.65,5,2,8.25,3.3
0.0004,720575940639935616,720575940622971283,650,700,0.33,3,1,0.99,0.33
0.0004,720575940639935616,720575940622971283,700,750,0.33,5,3,1.6500000000000001,0.99
0.0004,720575940612326373,720575940622971283,650,700,0.33,3,1,0.99,0.33
0.0004,720575940612326373,720575940622971283,700,750,0.33,5,3,1.6500000000000001,0.99
0.0004,720575940628695043,720575940622979277,700,750,0.33,2,1,0.66,0.33
0.0004,720575940643551392,720575940622979277,700,750,0.33,2,1,0.66,0.33
0.0004,720575940643476128,720575940622979277,700,750,0.33,2,2,0.66,0.66
0.0004,720575940639935616,720575940622979848,700,750,0.33,1,1,0.33,0.33
0.0004,720575940623862015,720575940622979848,700,750,0.99,1,0,0.99,0.0
0.0004,720575940629667639,720575940622979848,700,750,17.16,1,0,17.16,0.0
0.0004,720575940639283278,720575940622997453,700,750,3.96,8,3,31.68,11.879999999999999
0.0004,720575940612326373,720575940622997453,700,750,0.33,8,6,2.64,1.98
0.0004,720575940639935616,720575940622997453,700,750,0.99,8,6,7.92,5.9399999999999995
0.0004,720575940628695043,720575940622999688,650,700,2.97,1,0,2.97,0.0
0.0004,720575940628695043,720575940622999688,700,750,2.97,4,3,11.88,8.91
0.0004,720575940639283278,720575940622999688,650,700,2.64,1,1,2.64,2.64
0.0004,720575940639283278,720575940622999688,700,750,2.64,4,3,10.56,7.92
0.0004,720575940628455942,720575940622999688,650,700,14.850000000000001,1,0,14.850000000000001,0.0
0.0004,720575940628455942,720575940622999688,700,750,14.850000000000001,4,1,59.400000000000006,14.850000000000001
0.0004,720575940643476128,720575940622999688,650,700,5.61,1,1,5.61,5.61
0.0004,720575940643476128,720575940622999688,700,750,5.61,4,3,22.44,16.830000000000002
0.0004,720575940612326373,720575940622999688,650,700,39.27,1,1,39.27,39.27
0.0004,720575940612326373,720575940622999688,700,750,39.27,4,2,157.08,78.54
0.0004,720575940639935616,720575940622999688,650,700,38.28,1,1,38.28,38.28
0.0004,720575940639935616,720575940622999688,700,750,38.28,4,1,153.12,38.28
0.0004,720575940639283278,720575940623001480,700,750,17.82,6,5,106.92,89.1
0.0004,720575940628455942,720575940623001480,700,750,55.440000000000005,6,2,332.64000000000004,110.88000000000001
0.0004,720575940643476128,720575940623001480,700,750,38.940000000000005,6,5,233.64000000000004,194.70000000000002
0.0004,720575940612326373,720575940623001480,700,750,5.28,6,1,31.68,5.28
0.0004,720575940639935616,720575940623001480,700,750,15.18,6,3,91.08,45.54
0.0004,720575940612326373,720575940623017741,700,750,-0.264,2,2,0.528,0.528
0.0004,720575940628455942,720575940623059443,650,700,-6.336,2,1,12.672,6.336
0.0004,720575940628455942,720575940623059443,700,750,-6.336,3,2,19.008000000000003,12.672
0.0004,720575940639283278,720575940623059443,650,700,-6.864000000000001,2,1,13.728000000000002,6.864000000000001
0.0004,720575940639283278,720575940623059443,700,750,-6.864000000000001,3,2,20.592000000000002,13.728000000000002
0.0004,720575940643476128,720575940623059443,650,700,-3.696,2,1,7.392,3.696
0.0004,720575940643476128,720575940623059443,700,750,-3.696,3,3,11.088000000000001,11.088000000000001
0.0004,720575940629377132,720575940623067389,650,700,-3.696,4,4,14.784,14.784
0.0004,720575940629377132,720575940623067389,700,750,-3.696,5,3,18.48,11.088000000000001
0.0004,720575940639935616,720575940623067389,650,700,-1.32,4,3,5.28,3.96
0.0004,720575940639935616,720575940623067389,700,750,-1.32,5,2,6.6000000000000005,2.64
0.0004,720575940643476128,720575940623067389,650,700,-0.528,4,3,2.112,1.584
0.0004,720575940643476128,720575940623067389,700,750,-0.528,5,2,2.64,1.056
0.0004,720575940629393207,720575940623067389,650,700,-4.224,4,4,16.896,16.896
0.0004,720575940629393207,720575940623067389,700,750,-4.224,5,3,21.12,12.672
0.0004,720575940629667639,720575940623067389,650,700,-0.264,4,4,1.056,1.056
0.0004,720575940629667639,720575940623067389,700,750,-0.264,5,2,1.32,0.528
0.0004,720575940612326373,720575940623067389,650,700,-0.792,4,2,3.168,1.584
0.0004,720575940612326373,720575940623067389,700,750,-0.792,5,4,3.96,3.168
0.0004,720575940628695043,720575940623067686,650,700,1.32,6,3,7.92,3.96
0.0004,720575940628695043,720575940623067686,700,750,1.32,6,3,7.92,3.96
0.0004,720575940639283278,720575940623067686,650,700,1.32,6,6,7.92,7.92
0.0004,720575940639283278,720575940623067686,700,750,1.32,6,4,7.92,5.28
0.0004,720575940628455942,720575940623067686,650,700,0.33,6,4,1.98,1.32
0.0004,720575940628455942,720575940623067686,700,750,0.33,6,4,1.98,1.32
0.0004,720575940628695043,720575940623088309,650,700,1.32,2,0,2.64,0.0
0.0004,720575940628695043,720575940623088309,700,750,1.32,3,2,3.96,2.64
0.0004,720575940628455942,720575940623088309,650,700,0.33,2,0,0.66,0.0
0.0004,720575940628455942,720575940623088309,700,750,0.33,3,1,0.99,0.33
0.0004,720575940639935616,720575940623088309,650,700,0.33,2,2,0.66,0.66
0.0004,720575940639935616,720575940623088309,700,750,0.33,3,2,0.99,0.66
0.0004,720575940643476128,720575940623088309,650,700,1.32,2,2,2.64,2.64
0.0004,720575940643476128,720575940623088309,700,750,1.32,3,1,3.96,1.32
0.0004,720575940612326373,720575940623088309,650,700,0.66,2,2,1.32,1.32
0.0004,720575940612326373,720575940623088309,700,750,0.66,3,2,1.98,1.32
0.0004,720575940628695043,720575940623096870,700,750,-1.32,2,1,2.64,1.32
0.0004,720575940628455942,720575940623096870,700,750,-0.792,2,2,1.584,1.584
0.0004,720575940628695043,720575940623119496,700,750,4.95,2,0,9.9,0.0
0.0004,720575940612326373,720575940623175861,700,750,0.66,1,0,0.66,0.0
0.0004,720575940628695043,720575940623181823,650,700,0.66,1,0,0.66,0.0
0.0004,720575940628695043,720575940623181823,700,750,0.66,2,1,1.32,0.66
0.0004,720575940628455942,720575940623181823,650,700,0.66,1,0,0.66,0.0
0.0004,720575940628455942,720575940623181823,700,750,0.66,2,0,1.32,0.0
0.0004,720575940639935616,720575940623181823,650,700,2.64,1,1,2.64,2.64
0.0004,720575940639935616,720575940623181823,700,750,2.64,2,2,5.28,5.28
0.0004,720575940643476128,720575940623181823,650,700,0.33,1,1,0.33,0.33
0.0004,720575940643476128,720575940623181823,700,750,0.33,2,1,0.66,0.33
0.0004,720575940612326373,720575940623181823,650,700,1.32,1,1,1.32,1.32
0.0004,720575940612326373,720575940623181823,700,750,1.32,2,1,2.64,1.32
0.0004,720575940628695043,720575940623182847,650,700,0.33,2,1,0.66,0.33
0.0004,720575940628695043,720575940623182847,700,750,0.33,4,2,1.32,0.66
0.0004,720575940628695043,720575940623199684,650,700,-1.584,2,2,3.168,3.168
0.0004,720575940628695043,720575940623199684,700,750,-1.584,5,4,7.92,6.336
0.0004,720575940628455942,720575940623201833,650,700,-0.528,1,0,0.528,0.0
0.0004,720575940628455942,720575940623201833,700,750,-0.528,9,5,4.752000000000001,2.64
0.0004,720575940660219265,720575940623211725,600,650,139.92000000000002,6,6,839.5200000000001,839.5200000000001
0.0004,720575940660219265,720575940623211725,640,650,139.92000000000002,2,2,279.84000000000003,279.84000000000003
0.0004,720575940660219265,720575940623211725,650,700,139.92000000000002,5,5,699.6000000000001,699.6000000000001
0.0004,720575940660219265,720575940623211725,700,750,139.92000000000002,4,4,559.6800000000001,559.6800000000001
0.0004,720575940623862015,720575940623224555,600,650,-0.528,1,1,0.528,0.528
0.0004,720575940623862015,720575940623224555,650,700,-0.528,1,1,0.528,0.528
0.0004,720575940629667639,720575940623224555,600,650,-4.752000000000001,1,1,4.752000000000001,4.752000000000001
0.0004,720575940629667639,720575940623224555,650,700,-4.752000000000001,1,1,4.752000000000001,4.752000000000001
0.0004,720575940639283278,720575940623288831,700,750,1.32,1,1,1.32,1.32
0.0004,720575940639283278,720575940623321638,700,750,1.65,3,0,4.949999999999999,0.0
0.0004,720575940628695043,720575940623322921,600,650,-0.264,1,1,0.264,0.264
0.0004,720575940628695043,720575940623322921,650,700,-0.264,5,5,1.32,1.32
0.0004,720575940628695043,720575940623322921,700,750,-0.264,5,2,1.32,0.528
0.0004,720575940633434208,720575940623322921,600,650,-2.112,1,1,2.112,2.112
0.0004,720575940633434208,720575940623322921,650,700,-2.112,5,2,10.56,4.224
0.0004,720575940633434208,720575940623322921,700,750,-2.112,5,3,10.56,6.336
0.0004,720575940629377132,720575940623322921,600,650,-2.112,1,1,2.112,2.112
0.0004,720575940629377132,720575940623322921,650,700,-2.112,5,2,10.56,4.224
0.0004,720575940629377132,720575940623322921,700,750,-2.112,5,4,10.56,8.448
0.0004,720575940643551392,720575940623322921,600,650,-1.848,1,1,1.848,1.848
0.0004,720575940643551392,720575940623322921,650,700,-1.848,5,2,9.24,3.696
0.0004,720575940643551392,720575940623322921,700,750,-1.848,5,4,9.24,7.392
0.0004,720575940623862015,720575940623322921,600,650,-1.848,1,1,1.848,1.848
0.0004,720575940623862015,720575940623322921,650,700,-1.848,5,2,9.24,3.696
0.0004,720575940623862015,720575940623322921,700,750,-1.848,5,4,9.24,7.392
0.0004,720575940628455942,720575940623322921,600,650,-0.264,1,1,0.264,0.264
0.0004,720575940628455942,720575940623322921,650,700,-0.264,5,5,1.32,1.32
0.0004,720575940628455942,720575940623322921,700,750,-0.264,5,1,1.32,0.264
0.0004,720575940612326373,720575940623322921,600,650,-0.792,1,1,0.792,0.792
0.0004,720575940612326373,720575940623322921,650,700,-0.792,5,3,3.96,2.3760000000000003
0.0004,720575940612326373,720575940623322921,700,750,-0.792,5,0,3.96,0.0
0.0004,720575940639935616,720575940623322921,600,650,-1.32,1,1,1.32,1.32
0.0004,720575940639935616,720575940623322921,650,700,-1.32,5,4,6.6000000000000005,5.28
0.0004,720575940639935616,720575940623322921,700,750,-1.32,5,0,6.6000000000000005,0.0
0.0004,720575940629667639,720575940623322921,600,650,-1.584,1,1,1.584,1.584
0.0004,720575940629667639,720575940623322921,650,700,-1.584,5,2,7.92,3.168
0.0004,720575940629667639,720575940623322921,700,750,-1.584,5,4,7.92,6.336
0.0004,720575940629393207,720575940623322921,600,650,-0.792,1,1,0.792,0.792
0.0004,720575940629393207,720575940623322921,650,700,-0.792,5,2,3.96,1.584
0.0004,720575940629393207,720575940623322921,700,750,-0.792,5,4,3.96,3.168
0.0004,720575940628455942,720575940623356651,650,700,-0.792,3,3,2.3760000000000003,2.3760000000000003
0.0004,720575940628455942,720575940623356651,700,750,-0.792,3,0,2.3760000000000003,0.0
0.0004,720575940639283278,720575940623356651,650,700,-0.264,3,2,0.792,0.528
0.0004,720575940639283278,720575940623356651,700,750,-0.264,3,3,0.792,0.792
0.0004,720575940639935616,720575940623356651,650,700,-0.792,3,1,2.3760000000000003,0.792
0.0004,720575940639935616,720575940623356651,700,750,-0.792,3,0,2.3760000000000003,0.0
0.0004,720575940628695043,720575940623387786,600,650,96.36000000000001,1,1,96.36000000000001,96.36000000000001
0.0004,720575940628695043,720575940623387786,640,650,96.36000000000001,1,1,96.36000000000001,96.36000000000001
0.0004,720575940628695043,720575940623387786,650,700,96.36000000000001,6,6,578.1600000000001,578.1600000000001
0.0004,720575940628695043,720575940623387786,700,750,96.36000000000001,10,7,963.6000000000001,674.5200000000001
0.0004,720575940639283278,720575940623387786,600,650,2.64,1,0,2.64,0.0
0.0004,720575940639283278,720575940623387786,640,650,2.64,1,0,2.64,0.0
0.0004,720575940639283278,720575940623387786,650,700,2.64,6,3,15.84,7.92
0.0004,720575940639283278,720575940623387786,700,750,2.64,10,6,26.400000000000002,15.84
0.0004,720575940628455942,720575940623387786,600,650,42.9,1,1,42.9,42.9
0.0004,720575940628455942,720575940623387786,640,650,42.9,1,1,42.9,42.9
0.0004,720575940628455942,720575940623387786,650,700,42.9,6,4,257.4,171.6
0.0004,720575940628455942,720575940623387786,700,750,42.9,10,9,429.0,386.09999999999997
0.0004,720575940643476128,720575940623387786,600,650,15.51,1,1,15.51,15.51
0.0004,720575940643476128,720575940623387786,640,650,15.51,1,1,15.51,15.51
0.0004,720575940643476128,720575940623387786,650,700,15.51,6,6,93.06,93.06
0.0004,720575940643476128,720575940623387786,700,750,15.51,10,8,155.1,124.08
0.0004,720575940612326373,720575940623387786,600,650,23.099999999999998,1,1,23.099999999999998,23.099999999999998
0.0004,720575940612326373,720575940623387786,640,650,23.099999999999998,1,1,23.099999999999998,23.099999999999998
0.0004,720575940612326373,720575940623387786,650,700,23.099999999999998,6,4,138.6,92.39999999999999
0.0004,720575940612326373,720575940623387786,700,750,23.099999999999998,10,4,230.99999999999997,92.39999999999999
0.0004,720575940639935616,720575940623387786,600,650,26.07,1,1,26.07,26.07
0.0004,720575940639935616,720575940623387786,640,650,26.07,1,1,26.07,26.07
0.0004,720575940639935616,720575940623387786,650,700,26.07,6,5,156.42000000000002,130.35
0.0004,720575940639935616,720575940623387786,700,750,26.07,10,9,260.7,234.63
0.0004,720575940639935616,720575940623460622,650,700,0.33,1,0,0.33,0.0
0.0004,720575940639935616,720575940623460622,700,750,0.33,1,1,0.33,0.33
0.0004,720575940643476128,720575940623460622,650,700,2.64,1,0,2.64,0.0
0.0004,720575940643476128,720575940623460622,700,750,2.64,1,1,2.64,2.64
0.0004,720575940612326373,720575940623460622,650,700,0.33,1,0,0.33,0.0
0.0004,720575940612326373,720575940623460622,700,750,0.33,1,1,0.33,0.33
0.0004,720575940628695043,720575940623474941,700,750,-121.70400000000001,4,3,486.81600000000003,365.112
0.0004,720575940639283278,720575940623498634,700,750,0.66,3,3,1.98,1.98
0.0004,720575940633434208,720575940623525770,650,700,0.33,2,0,0.66,0.0
0.0004,720575940633434208,720575940623525770,700,750,0.33,3,1,0.99,0.33
0.0004,720575940628695043,720575940623533749,700,750,-0.528,1,1,0.528,0.528
0.0004,720575940628695043,720575940623543989,700,750,-0.264,4,3,1.056,0.792
0.0004,720575940643476128,720575940623543989,700,750,-0.264,4,3,1.056,0.792
0.0004,720575940629667639,720575940623566788,700,750,1.65,1,1,1.65,1.65
0.0004,720575940628695043,720575940623581930,700,750,9.57,7,4,66.99000000000001,38.28
0.0004,720575940612326373,720575940623581930,700,750,2.97,7,5,20.790000000000003,14.850000000000001
0.0004,720575940612326373,720575940623634200,700,750,0.33,4,3,1.32,0.99
0.0004,720575940643476128,720575940623670164,700,750,0.66,1,0,0.66,0.0
0.0004,720575940612326373,720575940623670164,700,750,0.33,1,1,0.33,0.33
0.0004,720575940639283278,720575940623673802,700,750,1.32,3,1,3.96,1.32
0.0004,720575940639935616,720575940623681511,700,750,-0.792,2,0,1.584,0.0
0.0004,720575940628455942,720575940623687757,700,750,23.099999999999998,1,1,23.099999999999998,23.099999999999998
0.0004,720575940639283278,720575940623687757,700,750,0.33,1,0,0.33,0.0
0.0004,720575940643476128,720575940623687757,700,750,0.99,1,0,0.99,0.0
0.0004,720575940628695043,720575940623701000,700,750,0.66,1,1,0.66,0.66
0.0004,720575940628455942,720575940623701000,700,750,1.98,1,0,1.98,0.0
0.0004,720575940628455942,720575940623703757,650,700,7.260000000000001,3,2,21.78,14.520000000000001
0.0004,720575940628455942,720575940623703757,700,750,7.260000000000001,4,1,29.040000000000003,7.260000000000001
0.0004,720575940612326373,720575940623703757,650,700,0.33,3,1,0.99,0.33
0.0004,720575940612326373,720575940623703757,700,750,0.33,4,1,1.32,0.33
0.0004,720575940628695043,720575940623703757,650,700,6.6,3,2,19.799999999999997,13.2
0.0004,720575940628695043,720575940623703757,700,750,6.6,4,1,26.4,6.6
0.0004,720575940639935616,720575940623703757,650,700,0.66,3,2,1.98,1.32
0.0004,720575940639935616,720575940623703757,700,750,0.66,4,1,2.64,0.66
0.0004,720575940643476128,720575940623703757,650,700,1.65,3,3,4.949999999999999,4.949999999999999
0.0004,720575940643476128,720575940623703757,700,750,1.65,4,3,6.6,4.949999999999999
0.0004,720575940639283278,720575940623703757,650,700,0.33,3,3,0.99,0.99
0.0004,720575940639283278,720575940623703757,700,750,0.33,4,3,1.32,0.99
0.0004,720575940633434208,720575940623703757,650,700,0.33,3,3,0.99,0.99
0.0004,720575940633434208,720575940623703757,700,750,0.33,4,3,1.32,0.99
0.0004,720575940643551392,720575940623703757,650,700,0.33,3,3,0.99,0.99
0.0004,720575940643551392,720575940623703757,700,750,0.33,4,3,1.32,0.99
0.0004,720575940629667639,720575940623703757,650,700,0.33,3,3,0.99,0.99
0.0004,720575940629667639,720575940623703757,700,750,0.33,4,4,1.32,1.32
0.0004,720575940639935616,720575940623728647,700,750,2.97,3,3,8.91,8.91
0.0004,720575940612326373,720575940623728647,700,750,2.31,3,2,6.93,4.62
0.0004,720575940660219265,720575940623781611,700,750,7.59,1,1,7.59,7.59
0.0004,720575940628695043,720575940623785983,700,750,-5.808000000000001,1,0,5.808000000000001,0.0
0.0004,720575940628455942,720575940623785983,700,750,-1.584,1,0,1.584,0.0
0.0004,720575940639283278,720575940623785983,700,750,-1.32,1,0,1.32,0.0
0.0004,720575940639935616,720575940623785983,700,750,-0.264,1,0,0.264,0.0
0.0004,720575940628455942,720575940623791799,700,750,-6.072,4,1,24.288,6.072
0.0004,720575940639283278,720575940623791799,700,750,-8.976,4,2,35.904,17.952
0.0004,720575940639935616,720575940623791799,700,750,-1.848,4,2,7.392,3.696
0.0004,720575940643476128,720575940623791799,700,750,-0.264,4,2,1.056,0.528
0.0004,720575940612326373,720575940623791799,700,750,-0.264,4,2,1.056,0.528
0.0004,720575940633434208,720575940623811827,700,750,0.33,2,1,0.66,0.33
0.0004,720575940628455942,720575940623847728,650,700,0.33,3,2,0.99,0.66
0.0004,720575940628455942,720575940623847728,700,750,0.33,3,3,0.99,0.99
0.0004,720575940633434208,720575940623847728,650,700,0.66,3,2,1.98,1.32
0.0004,720575940633434208,720575940623847728,700,750,0.66,3,1,1.98,0.66
0.0004,720575940639935616,720575940623847728,650,700,0.33,3,1,0.99,0.33
0.0004,720575940639935616,720575940623847728,700,750,0.33,3,3,0.99,0.99
0.0004,720575940643551392,720575940623847728,650,700,1.32,3,2,3.96,2.64
0.0004,720575940643551392,720575940623847728,700,750,1.32,3,1,3.96,1.32
0.0004,720575940612326373,720575940623847728,650,700,0.33,3,1,0.99,0.33
0.0004,720575940612326373,720575940623847728,700,750,0.33,3,3,0.99,0.99
0.0004,720575940628455942,720575940623862015,600,650,1.32,2,2,2.64,2.64
0.0004,720575940628455942,720575940623862015,650,700,1.32,7,7,9.24,9.24
0.0004,720575940628455942,720575940623862015,700,750,1.32,8,3,10.56,3.96
0.0004,720575940639935616,720575940623862015,600,650,7.260000000000001,2,2,14.520000000000001,14.520000000000001
0.0004,720575940639935616,720575940623862015,650,700,7.260000000000001,7,4,50.82000000000001,29.040000000000003
0.0004,720575940639935616,720575940623862015,700,750,7.260000000000001,8,3,58.080000000000005,21.78
0.0004,720575940643551392,720575940623862015,600,650,0.33,2,2,0.66,0.66
0.0004,720575940643551392,720575940623862015,650,700,0.33,7,2,2.31,0.66
0.0004,720575940643551392,720575940623862015,700,750,0.33,8,4,2.64,1.32
0.0004,720575940629667639,720575940623862015,600,650,2.64,2,2,5.28,5.28
0.0004,720575940629667639,720575940623862015,650,700,2.64,7,0,18.48,0.0
0.0004,720575940629667639,720575940623862015,700,750,2.64,8,1,21.12,2.64
0.0004,720575940629393207,720575940623862015,600,650,0.33,2,2,0.66,0.66
0.0004,720575940629393207,720575940623862015,650,700,0.33,7,1,2.31,0.33
0.0004,720575940629393207,720575940623862015,700,750,0.33,8,4,2.64,1.32
0.0004,720575940612326373,720575940623862015,600,650,9.9,2,2,19.8,19.8
0.0004,720575940612326373,720575940623862015,650,700,9.9,7,6,69.3,59.400000000000006
0.0004,720575940612326373,720575940623862015,700,750,9.9,8,4,79.2,39.6
0.0004,720575940628695043,720575940623886008,600,650,0.33,2,2,0.66,0.66
0.0004,720575940628695043,720575940623886008,650,700,0.33,3,2,0.99,0.66
0.0004,720575940628695043,720575940623886008,700,750,0.33,5,2,1.6500000000000001,0.66
0.0004,720575940633434208,720575940623886008,600,650,3.3,2,2,6.6,6.6
0.0004,720575940633434208,720575940623886008,650,700,3.3,3,1,9.899999999999999,3.3
0.0004,720575940633434208,720575940623886008,700,750,3.3,5,4,16.5,13.2
0.0004,720575940639935616,720575940623886008,600,650,0.33,2,2,0.66,0.66
0.0004,720575940639935616,720575940623886008,650,700,0.33,3,1,0.99,0.33
0.0004,720575940639935616,720575940623886008,700,750,0.33,5,2,1.6500000000000001,0.66
0.0004,720575940643551392,720575940623886008,600,650,2.97,2,2,5.94,5.94
0.0004,720575940643551392,720575940623886008,650,700,2.97,3,1,8.91,2.97
0.0004,720575940643551392,720575940623886008,700,750,2.97,5,2,14.850000000000001,5.94
0.0004,720575940612326373,720575940623886008,600,650,0.33,2,2,0.66,0.66
0.0004,720575940612326373,720575940623886008,650,700,0.33,3,2,0.99,0.66
0.0004,720575940612326373,720575940623886008,700,750,0.33,5,2,1.6500000000000001,0.66
0.0004,720575940628455942,720575940623891637,700,750,-0.264,3,1,0.792,0.264
0.0004,720575940639283278,720575940623891637,700,750,-0.528,3,2,1.584,1.056
0.0004,720575940639935616,720575940623891637,700,750,-0.264,3,1,0.792,0.264
0.0004,720575940639283278,720575940623905719,700,750,23.099999999999998,5,3,115.49999999999999,69.3
0.0004,720575940628455942,720575940623905719,700,750,60.06,5,3,300.3,180.18
0.0004,720575940643476128,720575940623905719,700,750,42.57,5,3,212.85,127.71000000000001
0.0004,720575940612326373,720575940623905719,700,750,10.23,5,3,51.150000000000006,30.69
0.0004,720575940639935616,720575940623905719,700,750,21.12,5,1,105.60000000000001,21.12
0.0004,720575940629667639,720575940623929579,700,750,-0.264,5,3,1.32,0.792
0.0004,720575940639283278,720575940623944072,700,750,0.33,4,2,1.32,0.66
0.0004,720575940612326373,720575940623944072,700,750,0.33,4,4,1.32,1.32
0.0004,720575940628695043,720575940623953845,700,750,3.6300000000000003,3,2,10.89,7.260000000000001
0.0004,720575940612326373,720575940623953845,700,750,0.33,3,1,0.99,0.33
0.0004,720575940628455942,720575940623972533,700,750,-10.824,4,2,43.296,21.648
0.0004,720575940639283278,720575940623972533,700,750,-7.392,4,2,29.568,14.784
0.0004,720575940639935616,720575940623972533,700,750,-0.528,4,1,2.112,0.528
0.0004,720575940628695043,720575940623996942,700,750,0.33,2,2,0.66,0.66
0.0004,720575940639935616,720575940623996942,700,750,1.65,2,1,3.3,1.65
0.0004,720575940612326373,720575940623996942,700,750,3.6300000000000003,2,1,7.260000000000001,3.6300000000000003
0.0004,720575940628455942,720575940624028396,650,700,-18.216,1,1,18.216,18.216
0.0004,720575940628455942,720575940624028396,700,750,-18.216,4,3,72.864,54.648
0.0004,720575940639283278,720575940624028396,650,700,-3.4320000000000004,1,0,3.4320000000000004,0.0
0.0004,720575940639283278,720575940624028396,700,750,-3.4320000000000004,4,3,13.728000000000002,10.296000000000001
0.0004,720575940639935616,720575940624087113,700,750,-0.528,6,5,3.168,2.64
0.0004,720575940628695043,720575940624093693,650,700,1.98,2,0,3.96,0.0
0.0004,720575940628695043,720575940624093693,700,750,1.98,5,4,9.9,7.92
0.0004,720575940628455942,720575940624093693,650,700,2.64,2,1,5.28,2.64
0.0004,720575940628455942,720575940624093693,700,750,2.64,5,2,13.200000000000001,5.28
0.0004,720575940639283278,720575940624093693,650,700,0.33,2,2,0.66,0.66
0.0004,720575940639283278,720575940624093693,700,750,0.33,5,2,1.6500000000000001,0.66
0.0004,720575940628695043,720575940624100075,650,700,-18.48,2,0,36.96,0.0
0.0004,720575940628695043,720575940624100075,700,750,-18.48,6,4,110.88,73.92
0.0004,720575940639935616,720575940624100075,650,700,-0.264,2,2,0.528,0.528
0.0004,720575940639935616,720575940624100075,700,750,-0.264,6,3,1.584,0.792
0.0004,720575940628455942,720575940624100681,700,750,2.97,3,2,8.91,5.94
0.0004,720575940639283278,720575940624100681,700,750,4.29,3,1,12.870000000000001,4.29
0.0004,720575940639283278,720575940624101193,700,750,5.94,3,1,17.82,5.94
0.0004,720575940628455942,720575940624101193,700,750,0.66,3,2,1.98,1.32
0.0004,720575940643476128,720575940624101193,700,750,16.17,3,1,48.510000000000005,16.17
0.0004,720575940612326373,720575940624101193,700,750,3.96,3,2,11.879999999999999,7.92
0.0004,720575940639935616,720575940624101193,700,750,5.28,3,1,15.84,5.28
0.0004,720575940628695043,720575940624117245,700,750,-7.920000000000001,7,3,55.440000000000005,23.76
0.0004,720575940639283278,720575940624117245,700,750,-0.264,7,3,1.848,0.792
0.0004,720575940623862015,720575940624152051,700,750,0.33,1,1,0.33,0.33
0.0004,720575940639283278,720575940624156139,700,750,-3.9600000000000004,1,0,3.9600000000000004,0.0
0.0004,720575940628455942,720575940624167165,700,750,0.33,4,1,1.32,0.33
0.0004,720575940639283278,720575940624167165,700,750,5.61,4,2,22.44,11.22
0.0004,720575940639935616,720575940624167165,700,750,0.33,4,1,1.32,0.33
0.0004,720575940639283278,720575940624186185,700,750,1.32,1,0,1.32,0.0
0.0004,720575940628695043,720575940624230122,650,700,17.490000000000002,2,1,34.980000000000004,17.490000000000002
0.0004,720575940628695043,720575940624230122,700,750,17.490000000000002,3,3,52.470000000000006,52.470000000000006
0.0004,720575940629377132,720575940624230122,650,700,0.33,2,2,0.66,0.66
0.0004,720575940629377132,720575940624230122,700,750,0.33,3,1,0.99,0.33
0.0004,720575940629393207,720575940624230122,650,700,0.33,2,2,0.66,0.66
0.0004,720575940629393207,720575940624230122,700,750,0.33,3,1,0.99,0.33
0.0004,720575940628455942,720575940624280328,650,700,0.33,1,1,0.33,0.33
0.0004,720575940628455942,720575940624280328,700,750,0.33,3,2,0.99,0.66
0.0004,720575940639283278,720575940624338068,650,700,0.33,2,0,0.66,0.0
0.0004,720575940639283278,720575940624338068,700,750,0.33,2,2,0.66,0.66
0.0004,720575940639935616,720575940624338068,650,700,0.33,2,2,0.66,0.66
0.0004,720575940639935616,720575940624338068,700,750,0.33,2,1,0.66,0.33
0.0004,720575940628695043,720575940624344072,700,750,1.32,1,0,1.32,0.0
0.0004,720575940629393207,720575940624346382,700,750,0.33,1,1,0.33,0.33
0.0004,720575940639283278,720575940624366845,600,650,-0.264,1,1,0.264,0.264
0.0004,720575940639283278,720575940624366845,700,750,-0.264,1,0,0.264,0.0
0.0004,720575940628455942,720575940624426940,650,700,-0.264,3,1,0.792,0.264
0.0004,720575940628455942,720575940624426940,700,750,-0.264,5,5,1.32,1.32
0.0004,720575940633434208,720575940624426940,650,700,-7.128,3,2,21.384,14.256
0.0004,720575940633434208,720575940624426940,700,750,-7.128,5,2,35.64,14.256
0.0004,720575940639935616,720575940624426940,650,700,-0.792,3,2,2.3760000000000003,1.584
0.0004,720575940639935616,720575940624426940,700,750,-0.792,5,4,3.96,3.168
0.0004,720575940643551392,720575940624426940,650,700,-2.112,3,2,6.336,4.224
0.0004,720575940643551392,720575940624426940,700,750,-2.112,5,3,10.56,6.336
0.0004,720575940612326373,720575940624426940,650,700,-1.848,3,3,5.5440000000000005,5.5440000000000005
0.0004,720575940612326373,720575940624426940,700,750,-1.848,5,4,9.24,7.392
0.0004,720575940628455942,720575940624430060,650,700,-2.112,2,1,4.224,2.112
0.0004,720575940628455942,720575940624430060,700,750,-2.112,4,2,8.448,4.224
0.0004,720575940639283278,720575940624430060,650,700,-0.792,2,1,1.584,0.792
0.0004,720575940639283278,720575940624430060,700,750,-0.792,4,3,3.168,2.3760000000000003
0.0004,720575940628695043,720575940624462228,700,750,0.33,2,0,0.66,0.0
0.0004,720575940628695043,720575940624470763,650,700,-0.792,2,2,1.584,1.584
0.0004,720575940628695043,720575940624470763,700,750,-0.792,3,0,2.3760000000000003,0.0
0.0004,720575940639283278,720575940624470763,650,700,-4.488,2,1,8.976,4.488
0.0004,720575940639283278,720575940624470763,700,750,-4.488,3,2,13.464000000000002,8.976
0.0004,720575940628695043,720575940624477246,650,700,-3.4320000000000004,1,1,3.4320000000000004,3.4320000000000004
0.0004,720575940628695043,720575940624477246,700,750,-3.4320000000000004,2,1,6.864000000000001,3.4320000000000004
0.0004,720575940639935616,720575940624477246,650,700,-0.264,1,1,0.264,0.264
0.0004,720575940639935616,720575940624477246,700,750,-0.264,2,1,0.528,0.264
0.0004,720575940639283278,720575940624477683,700,750,2.31,4,0,9.24,0.0
0.0004,720575940633434208,720575940624477683,700,750,0.66,4,3,2.64,1.98
0.0004,720575940643551392,720575940624477683,700,750,0.99,4,3,3.96,2.9699999999999998
0.0004,720575940623862015,720575940624477683,700,750,11.22,4,4,44.88,44.88
0.0004,720575940612326373,720575940624477683,700,750,3.3,4,4,13.2,13.2
0.0004,720575940639935616,720575940624477683,700,750,4.29,4,3,17.16,12.870000000000001
0.0004,720575940629377132,720575940624486899,650,700,0.33,1,1,0.33,0.33
0.0004,720575940629377132,720575940624486899,700,750,0.33,2,2,0.66,0.66
0.0004,720575940639935616,720575940624486899,650,700,0.33,1,1,0.33,0.33
0.0004,720575940639935616,720575940624486899,700,750,0.33,2,0,0.66,0.0
0.0004,720575940629393207,720575940624486899,650,700,0.33,1,1,0.33,0.33
0.0004,720575940629393207,720575940624486899,700,750,0.33,2,2,0.66,0.66
0.0004,720575940628455942,720575940624487572,700,750,0.33,3,2,0.99,0.66
0.0004,720575940643476128,720575940624489964,700,750,-0.264,2,1,0.528,0.264
0.0004,720575940628695043,720575940624525043,600,650,-0.264,1,0,0.264,0.0
0.0004,720575940639283278,720575940624525043,600,650,-0.264,1,1,0.264,0.264
0.0004,720575940639283278,720575940624534972,650,700,2.97,1,0,2.97,0.0
0.0004,720575940639283278,720575940624534972,700,750,2.97,2,1,5.94,2.97
0.0004,720575940629667639,720575940624534972,650,700,1.65,1,1,1.65,1.65
0.0004,720575940629667639,720575940624534972,700,750,1.65,2,1,3.3,1.65
0.0004,720575940628695043,720575940624544748,650,700,9.9,2,0,19.8,0.0
0.0004,720575940628695043,720575940624544748,700,750,9.9,5,1,49.5,9.9
0.0004,720575940639283278,720575940624544748,650,700,1.98,2,2,3.96,3.96
0.0004,720575940639283278,720575940624544748,700,750,1.98,5,5,9.9,9.9
0.0004,720575940628455942,720575940624544748,650,700,8.58,2,0,17.16,0.0
0.0004,720575940628455942,720575940624544748,700,750,8.58,5,2,42.9,17.16
0.0004,720575940643476128,720575940624544748,650,700,0.33,2,2,0.66,0.66
0.0004,720575940643476128,720575940624544748,700,750,0.33,5,3,1.6500000000000001,0.99
0.0004,720575940623862015,720575940624559644,700,750,-60.192,1,1,60.192,60.192
0.0004,720575940629667639,720575940624559644,700,750,-82.632,1,1,82.632,82.632
0.0004,720575940628455942,720575940624564030,700,750,-3.4320000000000004,1,0,3.4320000000000004,0.0
0.0004,720575940639283278,720575940624564030,700,750,-2.64,1,1,2.64,2.64
0.0004,720575940643476128,720575940624564030,700,750,-2.112,1,0,2.112,0.0
0.0004,720575940612326373,720575940624564030,700,750,-0.792,1,1,0.792,0.792
0.0004,720575940612326373,720575940624574356,650,700,3.3,1,1,3.3,3.3
0.0004,720575940612326373,720575940624574356,700,750,3.3,2,1,6.6,3.3
0.0004,720575940633434208,720575940624681520,650,700,0.66,3,3,1.98,1.98
0.0004,720575940633434208,720575940624681520,700,750,0.66,5,2,3.3000000000000003,1.32
0.0004,720575940639283278,720575940624695566,700,750,0.66,2,1,1.32,0.66
0.0004,720575940639935616,720575940624695566,700,750,2.31,2,1,4.62,2.31
0.0004,720575940628455942,720575940624710653,700,750,-0.264,2,1,0.528,0.264
0.0004,720575940628695043,720575940624716581,700,750,0.33,3,1,0.99,0.33
0.0004,720575940628455942,720575940624742158,650,700,0.33,4,2,1.32,0.66
0.0004,720575940628455942,720575940624742158,700,750,0.33,5,4,1.6500000000000001,1.32
0.0004,720575940628455942,720575940624745203,700,750,2.64,1,1,2.64,2.64
0.0004,720575940639283278,720575940624745203,700,750,3.96,1,1,3.96,3.96
0.0004,720575940643476128,720575940624745203,700,750,15.51,1,0,15.51,0.0
0.0004,720575940629377132,720575940624758361,700,750,-0.264,1,1,0.264,0.264
0.0004,720575940629393207,720575940624758361,700,750,-0.264,1,1,0.264,0.264
0.0004,720575940628455942,720575940624767332,700,750,-0.792,1,0,0.792,0.0
0.0004,720575940639283278,720575940624767332,700,750,-0.528,1,1,0.528,0.528
0.0004,720575940639935616,720575940624767332,700,750,-0.264,1,0,0.264,0.0
0.0004,720575940639283278,720575940624774548,700,750,0.33,5,1,1.6500000000000001,0.33
0.0004,720575940639935616,720575940624774548,700,750,0.33,5,5,1.6500000000000001,1.6500000000000001
0.0004,720575940612326373,720575940624774548,700,750,0.33,5,3,1.6500000000000001,0.99
0.0004,720575940639935616,720575940624775975,700,750,-0.792,2,2,1.584,1.584
0.0004,720575940612326373,720575940624775975,700,750,-2.9040000000000004,2,0,5.808000000000001,0.0
0.0004,720575940628695043,720575940624915435,650,700,1.32,2,1,2.64,1.32
0.0004,720575940628695043,720575940624915435,700,750,1.32,5,2,6.6000000000000005,2.64
0.0004,720575940628455942,720575940624915435,650,700,0.66,2,2,1.32,1.32
0.0004,720575940628455942,720575940624915435,700,750,0.66,5,3,3.3000000000000003,1.98
0.0004,720575940639935616,720575940624915435,650,700,1.98,2,1,3.96,1.98
0.0004,720575940639935616,720575940624915435,700,750,1.98,5,3,9.9,5.9399999999999995
0.0004,720575940612326373,720575940624915435,650,700,1.65,2,1,3.3,1.65
0.0004,720575940612326373,720575940624915435,700,750,1.65,5,3,8.25,4.949999999999999
0.0004,720575940660219265,720575940624966840,600,650,-1.584,3,3,4.752000000000001,4.752000000000001
0.0004,720575940660219265,720575940624966840,640,650,-1.584,1,1,1.584,1.584
0.0004,720575940660219265,720575940624966840,650,700,-1.584,3,2,4.752000000000001,3.168
0.0004,720575940660219265,720575940624966840,700,750,-1.584,2,0,3.168,0.0
0.0004,720575940628455942,720575940625012301,700,750,-3.9600000000000004,2,0,7.920000000000001,0.0
0.0004,720575940639283278,720575940625012301,700,750,-6.336,2,1,12.672,6.336
0.0004,720575940639935616,720575940625012301,700,750,-1.32,2,0,2.64,0.0
0.0004,720575940628695043,720575940625032171,650,700,13.2,2,2,26.4,26.4
0.0004,720575940628695043,720575940625032171,700,750,13.2,3,1,39.599999999999994,13.2
0.0004,720575940612326373,720575940625032171,650,700,0.33,2,1,0.66,0.33
0.0004,720575940612326373,720575940625032171,700,750,0.33,3,2,0.99,0.66
0.0004,720575940628695043,720575940625051725,700,750,1.65,1,1,1.65,1.65
0.0004,720575940628455942,720575940625051725,700,750,0.99,1,1,0.99,0.99
0.0004,720575940639283278,720575940625051725,700,750,0.66,1,1,0.66,0.66
0.0004,720575940643476128,720575940625051725,700,750,0.33,1,1,0.33,0.33
0.0004,720575940628455942,720575940625118096,650,700,0.66,2,1,1.32,0.66
0.0004,720575940628455942,720575940625118096,700,750,0.66,3,2,1.98,1.32
0.0004,720575940643476128,720575940625118096,650,700,3.3,2,1,6.6,3.3
0.0004,720575940643476128,720575940625118096,700,750,3.3,3,1,9.899999999999999,3.3
0.0004,720575940629667639,720575940625118096,650,700,0.66,2,1,1.32,0.66
0.0004,720575940629667639,720575940625118096,700,750,0.66,3,3,1.98,1.98
0.0004,720575940639935616,720575940625133145,700,750,0.66,1,1,0.66,0.66
0.0004,720575940628695043,720575940625203277,650,700,1.65,5,4,8.25,6.6
0.0004,720575940628695043,720575940625203277,700,750,1.65,6,4,9.899999999999999,6.6
0.0004,720575940639283278,720575940625203277,650,700,0.33,5,3,1.6500000000000001,0.99
0.0004,720575940639283278,720575940625203277,700,750,0.33,6,6,1.98,1.98
0.0004,720575940628455942,720575940625203277,650,700,1.32,5,3,6.6000000000000005,3.96
0.0004,720575940628455942,720575940625203277,700,750,1.32,6,3,7.92,3.96
0.0004,720575940639935616,720575940625307725,700,750,4.95,4,1,19.8,4.95
0.0004,720575940612326373,720575940625307725,700,750,4.29,4,3,17.16,12.870000000000001
0.0004,720575940628455942,720575940625328074,700,750,-1.056,1,0,1.056,0.0
0.0004,720575940639283278,720575940625328074,700,750,-1.584,1,0,1.584,0.0
0.0004,720575940639935616,720575940625328074,700,750,-17.16,1,1,17.16,17.16
0.0004,720575940643476128,720575940625328074,700,750,-1.056,1,0,1.056,0.0
0.0004,720575940612326373,720575940625328074,700,750,-0.264,1,1,0.264,0.264
0.0004,720575940628695043,720575940625336464,650,700,-0.264,1,1,0.264,0.264
0.0004,720575940628695043,720575940625336464,700,750,-0.264,3,3,0.792,0.792
0.0004,720575940628455942,720575940625336464,650,700,-0.528,1,1,0.528,0.528
0.0004,720575940628455942,720575940625336464,700,750,-0.528,3,3,1.584,1.584
0.0004,720575940633434208,720575940625336464,650,700,-0.528,1,1,0.528,0.528
0.0004,720575940633434208,720575940625336464,700,750,-0.528,3,2,1.584,1.056
0.0004,720575940639935616,720575940625336464,650,700,-0.792,1,1,0.792,0.792
0.0004,720575940639935616,720575940625336464,700,750,-0.792,3,2,2.3760000000000003,1.584
0.0004,720575940623862015,720575940625336464,650,700,-0.528,1,1,0.528,0.528
0.0004,720575940623862015,720575940625336464,700,750,-0.528,3,2,1.584,1.056
0.0004,720575940629667639,720575940625336464,650,700,-0.528,1,1,0.528,0.528
0.0004,720575940629667639,720575940625336464,700,750,-0.528,3,1,1.584,0.528
0.0004,720575940612326373,720575940625336464,650,700,-0.264,1,1,0.264,0.264
0.0004,720575940612326373,720575940625336464,700,750,-0.264,3,2,0.792,0.528
0.0004,720575940623862015,720575940625352852,700,750,-0.264,3,2,0.792,0.528
0.0004,720575940628695043,720575940625401018,700,750,-0.264,2,0,0.528,0.0
0.0004,720575940612326373,720575940625401018,700,750,-0.264,2,1,0.528,0.264
0.0004,720575940639935616,720575940625413050,700,750,-3.168,1,0,3.168,0.0
0.0004,720575940612326373,720575940625413050,700,750,-3.168,1,0,3.168,0.0
0.0004,720575940628455942,720575940625419495,650,700,-1.32,2,1,2.64,1.32
0.0004,720575940628455942,720575940625419495,700,750,-1.32,6,3,7.92,3.96
0.0004,720575940612326373,720575940625419495,650,700,-19.008000000000003,2,2,38.016000000000005,38.016000000000005
0.0004,720575940612326373,720575940625419495,700,750,-19.008000000000003,6,4,114.04800000000002,76.03200000000001
0.0004,720575940639935616,720575940625419495,650,700,-6.864000000000001,2,0,13.728000000000002,0.0
0.0004,720575940639935616,720575940625419495,700,750,-6.864000000000001,6,3,41.184000000000005,20.592000000000002
0.0004,720575940628695043,720575940625435792,700,750,-2.9040000000000004,2,2,5.808000000000001,5.808000000000001
0.0004,720575940612326373,720575940625435792,700,750,-0.264,2,1,0.528,0.264
0.0004,720575940639283278,720575940625471024,700,750,41.910000000000004,8,4,335.28000000000003,167.64000000000001
0.0004,720575940628455942,720575940625471024,700,750,7.59,8,3,60.72,22.77
0.0004,720575940643476128,720575940625471024,700,750,2.64,8,2,21.12,5.28
0.0004,720575940612326373,720575940625471024,700,750,0.33,8,2,2.64,0.66
0.0004,720575940639935616,720575940625471024,700,750,0.99,8,3,7.92,2.9699999999999998
0.0004,720575940629377132,720575940625479426,650,700,0.33,2,2,0.66,0.66
0.0004,720575940629377132,720575940625479426,700,750,0.33,3,0,0.99,0.0
0.0004,720575940628695043,720575940625484602,700,750,0.33,2,1,0.66,0.33
0.0004,720575940628695043,720575940625498512,650,700,0.33,1,1,0.33,0.33
0.0004,720575940628695043,720575940625498512,700,750,0.33,2,1,0.66,0.33
0.0004,720575940639935616,720575940625498512,650,700,1.65,1,1,1.65,1.65
0.0004,720575940639935616,720575940625498512,700,750,1.65,2,2,3.3,3.3
0.0004,720575940612326373,720575940625498512,650,700,1.65,1,0,1.65,0.0
0.0004,720575940612326373,720575940625498512,700,750,1.65,2,2,3.3,3.3
0.0004,720575940643476128,720575940625534986,650,700,-0.264,1,1,0.264,0.264
0.0004,720575940643476128,720575940625534986,700,750,-0.264,3,1,0.792,0.264
0.0004,720575940612326373,720575940625551716,700,750,0.33,2,0,0.66,0.0
0.0004,720575940628695043,720575940625584265,700,750,-3.9600000000000004,3,0,11.88,0.0
0.0004,720575940612326373,720575940625584265,700,750,-0.792,3,0,2.3760000000000003,0.0
0.0004,720575940633434208,720575940625586122,700,750,-0.264,3,3,0.792,0.792
0.0004,720575940628695043,720575940625609264,600,650,-0.264,1,1,0.264,0.264
0.0004,720575940628695043,720575940625609264,650,700,-0.264,6,1,1.584,0.264
0.0004,720575940628695043,720575940625609264,700,750,-0.264,6,3,1.584,0.792
0.0004,720575940612326373,720575940625609264,600,650,-0.528,1,1,0.528,0.528
0.0004,720575940612326373,720575940625609264,650,700,-0.528,6,5,3.168,2.64
0.0004,720575940612326373,720575940625609264,700,750,-0.528,6,2,3.168,1.056
0.0004,720575940639935616,720575940625609264,600,650,-0.264,1,1,0.264,0.264
0.0004,720575940639935616,720575940625609264,650,700,-0.264,6,6,1.584,1.584
0.0004,720575940639935616,720575940625609264,700,750,-0.264,6,2,1.584,0.528
0.0004,720575940628695043,720575940625655088,700,750,0.33,2,1,0.66,0.33
0.0004,720575940639283278,720575940625714634,700,750,0.66,3,1,1.98,0.66
0.0004,720575940628695043,720575940625732042,700,750,2.97,3,1,8.91,2.97
0.0004,720575940628695043,720575940625766842,650,700,-0.528,2,1,1.056,0.528
0.0004,720575940628695043,720575940625766842,700,750,-0.528,3,2,1.584,1.056
0.0004,720575940628695043,720575940625768394,650,700,0.66,2,2,1.32,1.32
0.0004,720575940628695043,720575940625768394,700,750,0.66,3,1,1.98,0.66
0.0004,720575940612326373,720575940625768394,650,700,0.33,2,2,0.66,0.66
0.0004,720575940612326373,720575940625768394,700,750,0.33,3,2,0.99,0.66
0.0004,720575940639935616,720575940625768394,650,700,0.33,2,1,0.66,0.33
0.0004,720575940639935616,720575940625768394,700,750,0.33,3,1,0.99,0.33
0.0004,720575940628695043,720575940625779075,600,650,-2.64,2,2,5.28,5.28
0.0004,720575940628695043,720575940625779075,650,700,-2.64,6,6,15.84,15.84
0.0004,720575940628695043,720575940625779075,700,750,-2.64,8,5,21.12,13.200000000000001
0.0004,720575940628455942,720575940625779075,600,650,-0.528,2,2,1.056,1.056
0.0004,720575940628455942,720575940625779075,650,700,-0.528,6,6,3.168,3.168
0.0004,720575940628455942,720575940625779075,700,750,-0.528,8,5,4.224,2.64
0.0004,720575940628695043,720575940625786493,650,700,0.33,1,1,0.33,0.33
0.0004,720575940628695043,720575940625786493,700,750,0.33,1,0,0.33,0.0
0.0004,720575940629377132,720575940625786493,650,700,0.33,1,1,0.33,0.33
0.0004,720575940629377132,720575940625786493,700,750,0.33,1,0,0.33,0.0
0.0004,720575940623862015,720575940625786493,650,700,0.66,1,1,0.66,0.66
0.0004,720575940623862015,720575940625786493,700,750,0.66,1,0,0.66,0.0
0.0004,720575940643476128,720575940625787536,700,750,0.33,1,0,0.33,0.0
0.0004,720575940628455942,720575940625814884,600,650,-0.528,1,1,0.528,0.528
0.0004,720575940628455942,720575940625814884,650,700,-0.528,3,2,1.584,1.056
0.0004,720575940628455942,720575940625814884,700,750,-0.528,6,5,3.168,2.64
0.0004,720575940628695043,720575940625851676,700,750,0.33,1,0,0.33,0.0
0.0004,720575940612326373,720575940625851676,700,750,2.97,1,0,2.97,0.0
0.0004,720575940660219265,720575940625867056,600,650,0.33,4,2,1.32,0.66
0.0004,720575940660219265,720575940625867056,640,650,0.33,1,1,0.33,0.33
0.0004,720575940660219265,720575940625867056,650,700,0.33,4,3,1.32,0.99
0.0004,720575940660219265,720575940625867056,700,750,0.33,4,4,1.32,1.32
0.0004,720575940628455942,720575940625893507,650,700,0.66,2,1,1.32,0.66
0.0004,720575940628455942,720575940625893507,700,750,0.66,3,1,1.98,0.66
0.0004,720575940628455942,720575940625926693,650,700,0.33,2,0,0.66,0.0
0.0004,720575940628455942,720575940625926693,700,750,0.33,5,1,1.6500000000000001,0.33
0.0004,720575940639283278,720575940625926693,650,700,0.66,2,2,1.32,1.32
0.0004,720575940639283278,720575940625926693,700,750,0.66,5,3,3.3000000000000003,1.98
0.0004,720575940628695043,720575940625943838,700,750,-1.584,1,0,1.584,0.0
0.0004,720575940639935616,720575940625982782,700,750,-0.264,2,0,0.528,0.0
0.0004,720575940612326373,720575940625982782,700,750,-0.264,2,1,0.528,0.264
0.0004,720575940639935616,720575940625990974,650,700,-11.352000000000002,2,1,22.704000000000004,11.352000000000002
0.0004,720575940639935616,720575940625990974,700,750,-11.352000000000002,4,4,45.40800000000001,45.40800000000001
0.0004,720575940643476128,720575940625990974,650,700,-0.528,2,2,1.056,1.056
0.0004,720575940643476128,720575940625990974,700,750,-0.528,4,4,2.112,2.112
0.0004,720575940612326373,720575940625990974,650,700,-4.224,2,2,8.448,8.448
0.0004,720575940612326373,720575940625990974,700,750,-4.224,4,2,16.896,8.448
0.0004,720575940629667639,720575940625993817,650,700,0.99,1,0,0.99,0.0
0.0004,720575940612326373,720575940626003130,650,700,-0.264,2,2,0.528,0.528
0.0004,720575940612326373,720575940626003130,700,750,-0.264,4,3,1.056,0.792
0.0004,720575940629377132,720575940626010042,650,700,2.31,2,1,4.62,2.31
0.0004,720575940629377132,720575940626010042,700,750,2.31,4,1,9.24,2.31
0.0004,720575940629393207,720575940626010042,650,700,1.98,2,1,3.96,1.98
0.0004,720575940629393207,720575940626010042,700,750,1.98,4,1,7.92,1.98
0.0004,720575940628695043,720575940626015294,700,750,0.33,3,2,0.99,0.66
0.0004,720575940628695043,720575940626022074,700,750,0.33,6,4,1.98,1.32
0.0004,720575940628455942,720575940626034777,650,700,-0.264,2,2,0.528,0.528
0.0004,720575940628455942,720575940626034777,700,750,-0.264,4,2,1.056,0.528
0.0004,720575940639283278,720575940626034777,650,700,-0.792,2,2,1.584,1.584
0.0004,720575940639283278,720575940626034777,700,750,-0.792,4,2,3.168,1.584
0.0004,720575940643476128,720575940626034777,650,700,-0.264,2,0,0.528,0.0
0.0004,720575940643476128,720575940626034777,700,750,-0.264,4,3,1.056,0.792
0.0004,720575940660219265,720575940626038714,600,650,1.98,2,1,3.96,1.98
0.0004,720575940660219265,720575940626038714,640,650,1.98,1,0,1.98,0.0
0.0004,720575940660219265,720575940626038714,700,750,1.98,1,1,1.98,1.98
0.0004,720575940639283278,720575940626046154,700,750,-0.528,8,3,4.224,1.584
0.0004,720575940643476128,720575940626046154,700,750,-0.264,8,3,2.112,0.792
0.0004,720575940628695043,720575940626056510,650,700,-15.048,6,5,90.288,75.24
0.0004,720575940628695043,720575940626056510,700,750,-15.048,7,3,105.336,45.144
0.0004,720575940628455942,720575940626056510,650,700,-1.056,6,3,6.336,3.168
0.0004,720575940628455942,720575940626056510,700,750,-1.056,7,2,7.392,2.112
0.0004,720575940639283278,720575940626056510,650,700,-0.264,6,4,1.584,1.056
0.0004,720575940639283278,720575940626056510,700,750,-0.264,7,5,1.848,1.32
0.0004,720575940633434208,720575940626056510,650,700,-0.264,6,5,1.584,1.32
0.0004,720575940633434208,720575940626056510,700,750,-0.264,7,7,1.848,1.848
0.0004,720575940639935616,720575940626056510,650,700,-1.056,6,5,6.336,5.28
0.0004,720575940639935616,720575940626056510,700,750,-1.056,7,2,7.392,2.112
0.0004,720575940623862015,720575940626056510,650,700,-1.32,6,5,7.92,6.6000000000000005
0.0004,720575940623862015,720575940626056510,700,750,-1.32,7,5,9.24,6.6000000000000005
0.0004,720575940629667639,720575940626056510,650,700,-0.528,6,5,3.168,2.64
0.0004,720575940629667639,720575940626056510,700,750,-0.528,7,6,3.696,3.168
0.0004,720575940612326373,720575940626056510,650,700,-1.056,6,4,6.336,4.224
0.0004,720575940612326373,720575940626056510,700,750,-1.056,7,3,7.392,3.168
0.0004,720575940623862015,720575940626113661,700,750,0.33,1,0,0.33,0.0
0.0004,720575940629667639,720575940626113661,700,750,20.130000000000003,1,0,20.130000000000003,0.0
0.0004,720575940639283278,720575940626128386,650,700,0.33,1,1,0.33,0.33
0.0004,720575940639283278,720575940626128386,700,750,0.33,1,1,0.33,0.33
0.0004,720575940612326373,720575940626128386,650,700,0.33,1,1,0.33,0.33
0.0004,720575940612326373,720575940626128386,700,750,0.33,1,0,0.33,0.0
0.0004,720575940639935616,720575940626128386,650,700,0.33,1,1,0.33,0.33
0.0004,720575940639935616,720575940626128386,700,750,0.33,1,0,0.33,0.0
0.0004,720575940643476128,720575940626135122,650,700,0.33,1,0,0.33,0.0
0.0004,720575940643476128,720575940626135122,700,750,0.33,1,1,0.33,0.33
0.0004,720575940639935616,720575940626166986,700,750,0.66,1,1,0.66,0.66
0.0004,720575940643476128,720575940626166986,700,750,0.33,1,0,0.33,0.0
0.0004,720575940628455942,720575940626199429,650,700,-0.264,2,0,0.528,0.0
0.0004,720575940628455942,720575940626199429,700,750,-0.264,1,0,0.264,0.0
0.0004,720575940639935616,720575940626199429,650,700,-0.264,2,1,0.528,0.264
0.0004,720575940639935616,720575940626199429,700,750,-0.264,1,0,0.264,0.0
0.0004,720575940628695043,720575940626216317,700,750,0.33,2,1,0.66,0.33
0.0004,720575940628695043,720575940626220925,700,750,1.32,1,1,1.32,1.32
0.0004,720575940639935616,720575940626220925,700,750,0.33,1,1,0.33,0.33
0.0004,720575940612326373,720575940626220925,700,750,0.99,1,1,0.99,0.99
0.0004,720575940639935616,720575940626226946,700,750,-0.792,1,1,0.792,0.792
0.0004,720575940612326373,720575940626226946,700,750,-0.528,1,0,0.528,0.0
0.0004,720575940628695043,720575940626228996,700,750,0.33,6,3,1.98,0.99
0.0004,720575940612326373,720575940626228996,700,750,0.33,6,3,1.98,0.99
0.0004,720575940639283278,720575940626259458,700,750,-0.264,1,1,0.264,0.264
0.0004,720575940629377132,720575940626272030,700,750,0.33,1,1,0.33,0.33
0.0004,720575940612326373,720575940626272030,700,750,0.33,1,1,0.33,0.33
0.0004,720575940660219265,720575940626279486,700,750,-0.264,1,1,0.264,0.264
0.0004,720575940628455942,720575940626289021,600,650,-8.448,1,1,8.448,8.448
0.0004,720575940628455942,720575940626289021,650,700,-8.448,3,2,25.344,16.896
0.0004,720575940628455942,720575940626289021,700,750,-8.448,3,2,25.344,16.896
0.0004,720575940639283278,720575940626315010,700,750,25.41,2,1,50.82,25.41
0.0004,720575940628455942,720575940626315010,700,750,6.2700000000000005,2,1,12.540000000000001,6.2700000000000005
0.0004,720575940643476128,720575940626315010,700,750,0.99,2,2,1.98,1.98
0.0004,720575940612326373,720575940626315010,700,750,8.58,2,1,17.16,8.58
0.0004,720575940639935616,720575940626315010,700,750,27.720000000000002,2,1,55.440000000000005,27.720000000000002
0.0004,720575940628455942,720575940626323486,650,700,0.33,3,3,0.99,0.99
0.0004,720575940628455942,720575940626323486,700,750,0.33,3,2,0.99,0.66
0.0004,720575940628455942,720575940626363529,650,700,0.66,2,2,1.32,1.32
0.0004,720575940628455942,720575940626363529,700,750,0.66,1,1,0.66,0.66
0.0004,720575940643551392,720575940626363529,650,700,0.33,2,2,0.66,0.66
0.0004,720575940643551392,720575940626363529,700,750,0.33,1,1,0.33,0.33
0.0004,720575940628695043,720575940626366748,700,750,0.33,4,2,1.32,0.66
0.0004,720575940639935616,720575940626376213,650,700,0.33,1,0,0.33,0.0
0.0004,720575940639935616,720575940626376213,700,750,0.33,2,1,0.66,0.33
0.0004,720575940639283278,720575940626385182,700,750,0.99,2,1,1.98,0.99
0.0004,720575940628695043,720575940626425682,650,700,0.33,2,1,0.66,0.33
0.0004,720575940628695043,720575940626425682,700,750,0.33,3,2,0.99,0.66
0.0004,720575940629377132,720575940626425682,650,700,0.33,2,1,0.66,0.33
0.0004,720575940629377132,720575940626425682,700,750,0.33,3,2,0.99,0.66
0.0004,720575940629393207,720575940626425682,650,700,0.33,2,1,0.66,0.33
0.0004,720575940629393207,720575940626425682,700,750,0.33,3,2,0.99,0.66
0.0004,720575940629667639,720575940626425682,650,700,0.33,2,2,0.66,0.66
0.0004,720575940629667639,720575940626425682,700,750,0.33,3,1,0.99,0.33
0.0004,720575940612326373,720575940626495109,700,750,-0.264,1,0,0.264,0.0
0.0004,720575940629667639,720575940626498566,700,750,-3.4320000000000004,2,2,6.864000000000001,6.864000000000001
0.0004,720575940612326373,720575940626508346,700,750,0.99,1,1,0.99,0.99
0.0004,720575940628455942,720575940626524056,650,700,-1.056,3,2,3.168,2.112
0.0004,720575940628455942,720575940626524056,700,750,-1.056,4,2,4.224,2.112
0.0004,720575940639935616,720575940626524056,650,700,-0.528,3,3,1.584,1.584
0.0004,720575940639935616,720575940626524056,700,750,-0.528,4,2,2.112,1.056
0.0004,720575940643476128,720575940626524056,650,700,-0.528,3,2,1.584,1.056
0.0004,720575940643476128,720575940626524056,700,750,-0.528,4,3,2.112,1.584
0.0004,720575940639283278,720575940626525059,700,750,0.33,3,1,0.99,0.33
0.0004,720575940628695043,720575940626537112,700,750,-0.264,1,1,0.264,0.264
0.0004,720575940628455942,720575940626537112,700,750,-1.056,1,1,1.056,1.056
0.0004,720575940628455942,720575940626567178,650,700,0.33,2,2,0.66,0.66
0.0004,720575940628455942,720575940626567178,700,750,0.33,3,1,0.99,0.33
0.0004,720575940639283278,720575940626567178,650,700,7.260000000000001,2,2,14.520000000000001,14.520000000000001
0.0004,720575940639283278,720575940626567178,700,750,7.260000000000001,3,2,21.78,14.520000000000001
0.0004,720575940639935616,720575940626567178,650,700,2.31,2,1,4.62,2.31
0.0004,720575940639935616,720575940626567178,700,750,2.31,3,1,6.93,2.31
0.0004,720575940643476128,720575940626567178,650,700,13.2,2,1,26.4,13.2
0.0004,720575940643476128,720575940626567178,700,750,13.2,3,3,39.599999999999994,39.599999999999994
0.0004,720575940612326373,720575940626567178,650,700,0.66,2,1,1.32,0.66
0.0004,720575940612326373,720575940626567178,700,750,0.66,3,1,1.98,0.66
0.0004,720575940628455942,720575940626579075,700,750,1.32,3,2,3.96,2.64
0.0004,720575940639283278,720575940626579075,700,750,0.66,3,3,1.98,1.98
0.0004,720575940639935616,720575940626579075,700,750,0.33,3,1,0.99,0.33
0.0004,720575940643476128,720575940626579075,700,750,0.99,3,2,2.9699999999999998,1.98
0.0004,720575940612326373,720575940626579075,700,750,0.66,3,0,1.98,0.0
0.0004,720575940612326373,720575940626582218,700,750,-0.264,1,0,0.264,0.0
0.0004,720575940639283278,720575940626584719,700,750,-0.528,3,1,1.584,0.528
0.0004,720575940628695043,720575940626620568,650,700,29.040000000000003,1,1,29.040000000000003,29.040000000000003
0.0004,720575940628695043,720575940626620568,700,750,29.040000000000003,1,1,29.040000000000003,29.040000000000003
0.0004,720575940639935616,720575940626632721,700,750,-0.528,1,0,0.528,0.0
0.0004,720575940612326373,720575940626632721,700,750,-0.528,1,0,0.528,0.0
0.0004,720575940628695043,720575940626632837,700,750,0.33,3,1,0.99,0.33
0.0004,720575940628695043,720575940626646474,700,750,7.92,4,2,31.68,15.84
0.0004,720575940612326373,720575940626646474,700,750,1.32,4,3,5.28,3.96
0.0004,720575940639935616,720575940626646474,700,750,0.66,4,3,2.64,1.98
0.0004,720575940639283278,720575940626649348,700,750,-0.264,2,0,0.528,0.0
0.0004,720575940639935616,720575940626649348,700,750,-0.528,2,1,1.056,0.528
0.0004,720575940639935616,720575940626650890,650,700,0.66,3,3,1.98,1.98
0.0004,720575940639935616,720575940626650890,700,750,0.66,5,2,3.3000000000000003,1.32
0.0004,720575940612326373,720575940626650890,650,700,0.33,3,2,0.99,0.66
0.0004,720575940612326373,720575940626650890,700,750,0.33,5,2,1.6500000000000001,0.66
0.0004,720575940639283278,720575940626653309,650,700,-0.264,1,1,0.264,0.264
0.0004,720575940639283278,720575940626653309,700,750,-0.264,5,1,1.32,0.264
0.0004,720575940639935616,720575940626653309,650,700,-0.264,1,1,0.264,0.264
0.0004,720575940639935616,720575940626653309,700,750,-0.264,5,3,1.32,0.792
0.0004,720575940612326373,720575940626653309,650,700,-1.584,1,0,1.584,0.0
0.0004,720575940612326373,720575940626653309,700,750,-1.584,5,4,7.92,6.336
0.0004,720575940628455942,720575940626654041,650,700,5.28,1,1,5.28,5.28
0.0004,720575940628455942,720575940626654041,700,750,5.28,1,1,5.28,5.28
0.0004,720575940639283278,720575940626654041,650,700,1.65,1,1,1.65,1.65
0.0004,720575940639283278,720575940626654041,700,750,1.65,1,1,1.65,1.65
0.0004,720575940639935616,720575940626654041,650,700,0.33,1,1,0.33,0.33
0.0004,720575940639935616,720575940626654041,700,750,0.33,1,1,0.33,0.33
0.0004,720575940643551392,720575940626654041,650,700,0.33,1,0,0.33,0.0
0.0004,720575940643551392,720575940626654041,700,750,0.33,1,1,0.33,0.33
0.0004,720575940643476128,720575940626654041,650,700,0.66,1,0,0.66,0.0
0.0004,720575940643476128,720575940626654041,700,750,0.66,1,1,0.66,0.66
0.0004,720575940639283278,720575940626676869,700,750,1.32,2,1,2.64,1.32
0.0004,720575940643476128,720575940626676869,700,750,0.33,2,2,0.66,0.66
0.0004,720575940639283278,720575940626682682,700,750,11.22,4,4,44.88,44.88
0.0004,720575940639283278,720575940626694163,700,750,0.33,1,1,0.33,0.33
0.0004,720575940639935616,720575940626694163,700,750,1.65,1,0,1.65,0.0
0.0004,720575940643476128,720575940626694163,700,750,3.6300000000000003,1,1,3.6300000000000003,3.6300000000000003
0.0004,720575940612326373,720575940626694163,700,750,1.65,1,0,1.65,0.0
0.0004,720575940628695043,720575940626703497,650,700,27.390000000000004,2,1,54.78000000000001,27.390000000000004
0.0004,720575940628695043,720575940626703497,700,750,27.390000000000004,3,2,82.17000000000002,54.78000000000001
0.0004,720575940639283278,720575940626703497,650,700,29.040000000000003,2,1,58.080000000000005,29.040000000000003
0.0004,720575940639283278,720575940626703497,700,750,29.040000000000003,3,2,87.12,58.080000000000005
0.0004,720575940628455942,720575940626703497,650,700,24.090000000000003,2,1,48.18000000000001,24.090000000000003
0.0004,720575940628455942,720575940626703497,700,750,24.090000000000003,3,2,72.27000000000001,48.18000000000001
0.0004,720575940643476128,720575940626703497,650,700,6.6,2,1,13.2,6.6
0.0004,720575940643476128,720575940626703497,700,750,6.6,3,1,19.799999999999997,6.6
0.0004,720575940612326373,720575940626703497,650,700,33.0,2,2,66.0,66.0
0.0004,720575940612326373,720575940626703497,700,750,33.0,3,1,99.0,33.0
0.0004,720575940639935616,720575940626703497,650,700,27.390000000000004,2,1,54.78000000000001,27.390000000000004
0.0004,720575940639935616,720575940626703497,700,750,27.390000000000004,3,1,82.17000000000002,27.390000000000004
0.0004,720575940628455942,720575940626778008,650,700,-0.528,3,3,1.584,1.584
0.0004,720575940628455942,720575940626778008,700,750,-0.528,5,3,2.64,1.584
0.0004,720575940639935616,720575940626778008,650,700,-0.528,3,2,1.584,1.056
0.0004,720575940639935616,720575940626778008,700,750,-0.528,5,4,2.64,2.112
0.0004,720575940639935616,720575940626813010,650,700,0.99,1,0,0.99,0.0
0.0004,720575940639935616,720575940626813010,700,750,0.99,1,0,0.99,0.0
0.0004,720575940639935616,720575940626867530,650,700,0.33,1,1,0.33,0.33
0.0004,720575940623862015,720575940626867530,650,700,0.66,1,1,0.66,0.66
0.0004,720575940628455942,720575940626872094,700,750,0.99,5,2,4.95,1.98
0.0004,720575940639935616,720575940626872094,700,750,0.33,5,1,1.6500000000000001,0.33
0.0004,720575940643476128,720575940626874097,700,750,0.33,1,0,0.33,0.0
0.0004,720575940623862015,720575940626879505,650,700,-2.112,1,1,2.112,2.112
0.0004,720575940623862015,720575940626879505,700,750,-2.112,2,2,4.224,4.224
0.0004,720575940612326373,720575940626879505,650,700,-0.264,1,1,0.264,0.264
0.0004,720575940612326373,720575940626879505,700,750,-0.264,2,0,0.528,0.0
0.0004,720575940629667639,720575940626879505,650,700,-0.792,1,1,0.792,0.792
0.0004,720575940629667639,720575940626879505,700,750,-0.792,2,1,1.584,0.792
0.0004,720575940628455942,720575940626881991,700,750,3.3,2,0,6.6,0.0
0.0004,720575940639283278,720575940626881991,700,750,5.94,2,2,11.88,11.88
0.0004,720575940628695043,720575940626951434,700,750,3.6300000000000003,1,0,3.6300000000000003,0.0
0.0004,720575940639283278,720575940626964136,700,750,8.58,1,0,8.58,0.0
0.0004,720575940612326373,720575940626964136,700,750,0.33,1,1,0.33,0.33
0.0004,720575940612326373,720575940626967070,700,750,1.32,1,1,1.32,1.32
0.0004,720575940628695043,720575940626979965,650,700,0.33,3,2,0.99,0.66
0.0004,720575940628695043,720575940626979965,700,750,0.33,5,4,1.6500000000000001,1.32
0.0004,720575940639283278,720575940626979965,650,700,0.33,3,3,0.99,0.99
0.0004,720575940639283278,720575940626979965,700,750,0.33,5,1,1.6500000000000001,0.33
0.0004,720575940628455942,720575940626979965,650,700,1.65,3,0,4.949999999999999,0.0
0.0004,720575940628455942,720575940626979965,700,750,1.65,5,3,8.25,4.949999999999999
0.0004,720575940643476128,720575940626979965,650,700,0.66,3,2,1.98,1.32
0.0004,720575940643476128,720575940626979965,700,750,0.66,5,4,3.3000000000000003,2.64
0.0004,720575940639935616,720575940626979965,650,700,1.32,3,2,3.96,2.64
0.0004,720575940639935616,720575940626979965,700,750,1.32,5,4,6.6000000000000005,5.28
0.0004,720575940639283278,720575940627045202,700,750,-0.528,1,0,0.528,0.0
0.0004,720575940628695043,720575940627075977,700,750,-4.752000000000001,3,1,14.256000000000002,4.752000000000001
0.0004,720575940639935616,720575940627075977,700,750,-0.792,3,2,2.3760000000000003,1.584
0.0004,720575940612326373,720575940627075977,700,750,-0.528,3,2,1.584,1.056
0.0004,720575940628695043,720575940627086596,700,750,0.33,3,1,0.99,0.33
0.0004,720575940639935616,720575940627087364,700,750,0.33,2,1,0.66,0.33
0.0004,720575940612326373,720575940627087364,700,750,0.66,2,1,1.32,0.66
0.0004,720575940628455942,720575940627092367,700,750,-0.264,1,1,0.264,0.264
0.0004,720575940628695043,720575940627101706,700,750,0.33,2,1,0.66,0.33
0.0004,720575940628455942,720575940627109202,650,700,-1.32,2,2,2.64,2.64
0.0004,720575940628455942,720575940627109202,700,750,-1.32,3,2,3.96,2.64
0.0004,720575940639283278,720575940627109202,650,700,-0.528,2,2,1.056,1.056
0.0004,720575940639283278,720575940627109202,700,750,-0.528,3,2,1.584,1.056
0.0004,720575940639935616,720575940627109202,650,700,-0.528,2,2,1.056,1.056
0.0004,720575940639935616,720575940627109202,700,750,-0.528,3,1,1.584,0.528
0.0004,720575940643476128,720575940627109202,650,700,-0.528,2,0,1.056,0.0
0.0004,720575940643476128,720575940627109202,700,750,-0.528,3,3,1.584,1.584
0.0004,720575940612326373,720575940627109202,650,700,-0.528,2,2,1.056,1.056
0.0004,720575940612326373,720575940627109202,700,750,-0.528,3,2,1.584,1.056
0.0004,720575940612326373,720575940627113544,600,650,0.33,1,1,0.33,0.33
0.0004,720575940612326373,720575940627113544,650,700,0.33,1,0,0.33,0.0
0.0004,720575940612326373,720575940627113544,700,750,0.33,1,0,0.33,0.0
0.0004,720575940628695043,720575940627131218,700,750,-4.488,1,0,4.488,0.0
0.0004,720575940639935616,720575940627154569,700,750,-1.32,1,1,1.32,1.32
0.0004,720575940639283278,720575940627154569,700,750,-2.112,1,0,2.112,0.0
0.0004,720575940612326373,720575940627211407,700,750,1.65,1,1,1.65,1.65
0.0004,720575940628695043,720575940627221011,700,750,0.33,4,3,1.32,0.99
0.0004,720575940639283278,720575940627221011,700,750,0.33,4,2,1.32,0.66
0.0004,720575940639935616,720575940627221011,700,750,1.65,4,2,6.6,3.3
0.0004,720575940612326373,720575940627221011,700,750,5.61,4,2,22.44,11.22
0.0004,720575940660219265,720575940627234069,700,750,-2.3760000000000003,2,2,4.752000000000001,4.752000000000001
0.0004,720575940639283278,720575940627237651,700,750,0.33,1,1,0.33,0.33
0.0004,720575940639283278,720575940627252282,700,750,0.66,11,6,7.260000000000001,3.96
0.0004,720575940623862015,720575940627252282,700,750,2.31,11,8,25.41,18.48
0.0004,720575940628455942,720575940627252282,700,750,0.33,11,9,3.6300000000000003,2.97
0.0004,720575940639935616,720575940627252282,700,750,0.33,11,7,3.6300000000000003,2.31
0.0004,720575940628455942,720575940627257361,700,750,1.65,4,2,6.6,3.3
0.0004,720575940639283278,720575940627257361,700,750,3.3,4,1,13.2,3.3
0.0004,720575940628695043,720575940627278235,700,750,0.33,2,1,0.66,0.33
0.0004,720575940639283278,720575940627312104,650,700,-0.264,1,1,0.264,0.264
0.0004,720575940639283278,720575940627312104,700,750,-0.264,3,1,0.792,0.264
0.0004,720575940628455942,720575940627312104,650,700,-0.264,1,1,0.264,0.264
0.0004,720575940628455942,720575940627312104,700,750,-0.264,3,1,0.792,0.264
0.0004,720575940643476128,720575940627312104,650,700,-5.808000000000001,1,0,5.808000000000001,0.0
0.0004,720575940643476128,720575940627312104,700,750,-5.808000000000001,3,2,17.424000000000003,11.616000000000001
0.0004,720575940612326373,720575940627312104,650,700,-1.056,1,1,1.056,1.056
0.0004,720575940612326373,720575940627312104,700,750,-1.056,3,2,3.168,2.112
0.0004,720575940639935616,720575940627312104,650,700,-9.504000000000001,1,1,9.504000000000001,9.504000000000001
0.0004,720575940639935616,720575940627312104,700,750,-9.504000000000001,3,1,28.512000000000004,9.504000000000001
0.0004,720575940639935616,720575940627321674,650,700,0.33,2,2,0.66,0.66
0.0004,720575940639935616,720575940627321674,700,750,0.33,2,1,0.66,0.33
0.0004,720575940643476128,720575940627321674,650,700,4.95,2,1,9.9,4.95
0.0004,720575940643476128,720575940627321674,700,750,4.95,2,1,9.9,4.95
0.0004,720575940612326373,720575940627321674,650,700,0.66,2,2,1.32,1.32
0.0004,720575940612326373,720575940627321674,700,750,0.66,2,1,1.32,0.66
0.0004,720575940643476128,720575940627331089,700,750,0.99,2,2,1.98,1.98
0.0004,720575940612326373,720575940627331089,700,750,0.33,2,0,0.66,0.0
0.0004,720575940639935616,720575940627372346,700,750,0.33,2,2,0.66,0.66
0.0004,720575940612326373,720575940627372346,700,750,1.98,2,1,3.96,1.98
0.0004,720575940628455942,720575940627374598,650,700,-2.64,3,3,7.92,7.92
0.0004,720575940628455942,720575940627374598,700,750,-2.64,3,2,7.92,5.28
0.0004,720575940612326373,720575940627380679,650,700,-0.528,1,1,0.528,0.528
0.0004,720575940612326373,720575940627380679,700,750,-0.528,2,2,1.056,1.056
0.0004,720575940628455942,720575940627384049,700,750,1.32,2,1,2.64,1.32
0.0004,720575940639283278,720575940627384049,700,750,6.930000000000001,2,2,13.860000000000001,13.860000000000001
0.0004,720575940639935616,720575940627384049,700,750,3.3,2,2,6.6,6.6
0.0004,720575940628455942,720575940627390507,700,750,0.33,1,0,0.33,0.0
0.0004,720575940639283278,720575940627390507,700,750,0.66,1,0,0.66,0.0
0.0004,720575940660219265,720575940627410451,600,650,0.33,3,2,0.99,0.66
0.0004,720575940660219265,720575940627410451,640,650,0.33,1,1,0.33,0.33
0.0004,720575940660219265,720575940627410451,650,700,0.33,2,0,0.66,0.0
0.0004,720575940660219265,720575940627410451,700,750,0.33,2,2,0.66,0.66
0.0004,720575940643476128,720575940627422982,650,700,3.3,1,1,3.3,3.3
0.0004,720575940643476128,720575940627422982,700,750,3.3,3,1,9.899999999999999,3.3
0.0004,720575940639283278,720575940627486485,700,750,-1.32,2,1,2.64,1.32
0.0004,720575940628695043,720575940627526056,700,750,-0.528,2,1,1.056,0.528
0.0004,720575940639283278,720575940627549205,700,750,0.99,2,0,1.98,0.0
0.0004,720575940639935616,720575940627549205,700,750,1.32,2,1,2.64,1.32
0.0004,720575940612326373,720575940627549205,700,750,0.33,2,1,0.66,0.33
0.0004,720575940639283278,720575940627572484,700,750,0.33,1,0,0.33,0.0
0.0004,720575940639935616,720575940627572484,700,750,0.33,1,1,0.33,0.33
0.0004,720575940639935616,720575940627578385,700,750,-1.056,1,1,1.056,1.056
0.0004,720575940612326373,720575940627578385,700,750,-0.528,1,1,0.528,0.528
0.0004,720575940628455942,720575940627594568,700,750,0.33,6,2,1.98,0.66
0.0004,720575940628695043,720575940627594568,700,750,0.33,6,1,1.98,0.33
0.0004,720575940623862015,720575940627594568,700,750,0.33,6,4,1.98,1.32
0.0004,720575940628455942,720575940627619057,650,700,-0.264,1,1,0.264,0.264
0.0004,720575940628455942,720575940627619057,700,750,-0.264,3,0,0.792,0.0
0.0004,720575940639283278,720575940627619057,650,700,-0.264,1,1,0.264,0.264
0.0004,720575940639283278,720575940627619057,700,750,-0.264,3,3,0.792,0.792
0.0004,720575940639935616,720575940627619057,650,700,-1.584,1,0,1.584,0.0
0.0004,720575940639935616,720575940627619057,700,750,-1.584,3,2,4.752000000000001,3.168
0.0004,720575940643476128,720575940627619057,650,700,-9.504000000000001,1,0,9.504000000000001,0.0
0.0004,720575940643476128,720575940627619057,700,750,-9.504000000000001,3,1,28.512000000000004,9.504000000000001
0.0004,720575940612326373,720575940627619057,650,700,-1.056,1,0,1.056,0.0
0.0004,720575940612326373,720575940627619057,700,750,-1.056,3,0,3.168,0.0
0.0004,720575940628455942,720575940627631125,700,750,8.25,4,2,33.0,16.5
0.0004,720575940639283278,720575940627631125,700,750,15.51,4,2,62.04,31.02
0.0004,720575940639935616,720575940627631125,700,750,4.95,4,3,19.8,14.850000000000001
0.0004,720575940643476128,720575940627631125,700,750,5.61,4,3,22.44,16.830000000000002
0.0004,720575940612326373,720575940627631125,700,750,3.3,4,3,13.2,9.899999999999999
0.0004,720575940639935616,720575940627632745,700,750,0.33,2,2,0.66,0.66
0.0004,720575940628455942,720575940627635441,650,700,0.33,2,2,0.66,0.66
0.0004,720575940628455942,720575940627635441,700,750,0.33,3,2,0.99,0.66
0.0004,720575940612326373,720575940627638037,700,750,-0.528,6,3,3.168,1.584
0.0004,720575940639283278,720575940627663946,700,750,-9.768,1,1,9.768,9.768
0.0004,720575940628455942,720575940627663946,700,750,-0.264,1,0,0.264,0.0
0.0004,720575940612326373,720575940627663946,700,750,-0.528,1,0,0.528,0.0
0.0004,720575940639935616,720575940627663946,700,750,-0.792,1,1,0.792,0.792
0.0004,720575940612326373,720575940627673585,650,700,-0.264,1,1,0.264,0.264
0.0004,720575940612326373,720575940627673585,700,750,-0.264,3,1,0.792,0.264
0.0004,720575940639935616,720575940627673585,650,700,-0.792,1,1,0.792,0.792
0.0004,720575940639935616,720575940627673585,700,750,-0.792,3,1,2.3760000000000003,0.792
0.0004,720575940639283278,720575940627692565,650,700,-0.792,4,0,3.168,0.0
0.0004,720575940639283278,720575940627692565,700,750,-0.792,5,2,3.96,1.584
0.0004,720575940628455942,720575940627692565,650,700,-0.528,4,4,2.112,2.112
0.0004,720575940628455942,720575940627692565,700,750,-0.528,5,1,2.64,0.528
0.0004,720575940643476128,720575940627692565,650,700,-1.056,4,4,4.224,4.224
0.0004,720575940643476128,720575940627692565,700,750,-1.056,5,0,5.28,0.0
0.0004,720575940612326373,720575940627692565,650,700,-0.528,4,4,2.112,2.112
0.0004,720575940612326373,720575940627692565,700,750,-0.528,5,3,2.64,1.584
0.0004,720575940639935616,720575940627692565,650,700,-1.32,4,3,5.28,3.96
0.0004,720575940639935616,720575940627692565,700,750,-1.32,5,2,6.6000000000000005,2.64
0.0004,720575940628695043,720575940627698825,700,750,6.930000000000001,6,2,41.580000000000005,13.860000000000001
0.0004,720575940628455942,720575940627698825,700,750,6.930000000000001,6,4,41.580000000000005,27.720000000000002
0.0004,720575940628695043,720575940627699712,600,650,-0.792,1,1,0.792,0.792
0.0004,720575940628695043,720575940627699712,700,750,-0.792,2,1,1.584,0.792
0.0004,720575940628695043,720575940627706645,650,700,-5.016000000000001,5,5,25.080000000000005,25.080000000000005
0.0004,720575940628695043,720575940627706645,700,750,-5.016000000000001,2,1,10.032000000000002,5.016000000000001
0.0004,720575940612326373,720575940627706645,650,700,-0.792,5,4,3.96,3.168
0.0004,720575940612326373,720575940627706645,700,750,-0.792,2,2,1.584,1.584
0.0004,720575940639935616,720575940627706645,650,700,-1.848,5,3,9.24,5.5440000000000005
0.0004,720575940639935616,720575940627706645,700,750,-1.848,2,2,3.696,3.696
0.0004,720575940639283278,720575940627713813,700,750,-0.528,2,1,1.056,0.528
0.0004,720575940628695043,720575940627720360,700,750,-6.072,3,2,18.216,12.144
0.0004,720575940612326373,720575940627720360,700,750,-1.584,3,3,4.752000000000001,4.752000000000001
0.0004,720575940628695043,720575940627728388,700,750,-0.792,2,1,1.584,0.792
0.0004,720575940612326373,720575940627753609,700,750,0.33,1,1,0.33,0.33
0.0004,720575940628695043,720575940627770628,700,750,65.34,5,2,326.70000000000005,130.68
0.0004,720575940639283278,720575940627770628,700,750,6.930000000000001,5,3,34.650000000000006,20.790000000000003
0.0004,720575940643476128,720575940627770628,700,750,1.32,5,5,6.6000000000000005,6.6000000000000005
0.0004,720575940612326373,720575940627770628,700,750,20.46,5,2,102.30000000000001,40.92
0.0004,720575940639935616,720575940627770628,700,750,5.94,5,1,29.700000000000003,5.94
0.0004,720575940660219265,720575940627779983,600,650,0.33,3,0,0.99,0.0
0.0004,720575940660219265,720575940627779983,640,650,0.33,1,0,0.33,0.0
0.0004,720575940660219265,720575940627779983,650,700,0.33,2,2,0.66,0.66
0.0004,720575940660219265,720575940627779983,700,750,0.33,3,1,0.99,0.33
0.0004,720575940639935616,720575940627796111,700,750,0.33,2,1,0.66,0.33
0.0004,720575940628695043,720575940627802374,700,750,-4.488,1,0,4.488,0.0
0.0004,720575940628455942,720575940627802374,700,750,-0.792,1,0,0.792,0.0
0.0004,720575940629393207,720575940627802374,700,750,-0.528,1,1,0.528,0.528
0.0004,720575940628455942,720575940627808122,650,700,-2.112,1,1,2.112,2.112
0.0004,720575940628455942,720575940627808122,700,750,-2.112,3,1,6.336,2.112
0.0004,720575940639283278,720575940627808122,650,700,-0.792,1,1,0.792,0.792
0.0004,720575940639283278,720575940627808122,700,750,-0.792,3,2,2.3760000000000003,1.584
0.0004,720575940643476128,720575940627808122,650,700,-0.528,1,1,0.528,0.528
0.0004,720575940643476128,720575940627808122,700,750,-0.528,3,2,1.584,1.056
0.0004,720575940660219265,720575940627814728,600,650,1.32,1,1,1.32,1.32
0.0004,720575940660219265,720575940627814728,650,700,1.32,2,2,2.64,2.64
0.0004,720575940660219265,720575940627814728,700,750,1.32,2,2,2.64,2.64
0.0004,720575940660219265,720575940627819151,600,650,-0.528,2,2,1.056,1.056
0.0004,720575940660219265,720575940627819151,650,700,-0.528,3,1,1.584,0.528
0.0004,720575940660219265,720575940627819151,700,750,-0.528,2,2,1.056,1.056
0.0004,720575940628455942,720575940627822340,700,750,6.6,4,3,26.4,19.799999999999997
0.0004,720575940639283278,720575940627822340,700,750,20.130000000000003,4,0,80.52000000000001,0.0
0.0004,720575940660219265,720575940627847752,600,650,24.42,3,2,73.26,48.84
0.0004,720575940660219265,720575940627847752,640,650,24.42,1,0,24.42,0.0
0.0004,720575940660219265,720575940627847752,650,700,24.42,3,2,73.26,48.84
0.0004,720575940660219265,720575940627847752,700,750,24.42,2,1,48.84,24.42
0.0004,720575940633434208,720575940627849515,650,700,-0.528,4,3,2.112,1.584
0.0004,720575940633434208,720575940627849515,700,750,-0.528,4,2,2.112,1.056
0.0004,720575940643551392,720575940627849515,650,700,-0.264,4,3,1.056,0.792
0.0004,720575940643551392,720575940627849515,700,750,-0.264,4,2,1.056,0.528
0.0004,720575940628695043,720575940627872515,600,650,25.41,1,1,25.41,25.41
0.0004,720575940628695043,720575940627872515,700,750,25.41,2,1,50.82,25.41
0.0004,720575940639935616,720575940627888144,700,750,-0.264,2,1,0.528,0.264
0.0004,720575940629667639,720575940627888144,700,750,-1.848,2,2,3.696,3.696
0.0004,720575940628455942,720575940627946261,700,750,0.33,3,1,0.99,0.33
0.0004,720575940633434208,720575940627946512,650,700,-1.32,1,1,1.32,1.32
0.0004,720575940633434208,720575940627946512,700,750,-1.32,2,0,2.64,0.0
0.0004,720575940643551392,720575940627946512,650,700,-0.792,1,1,0.792,0.792
0.0004,720575940643551392,720575940627946512,700,750,-0.792,2,0,1.584,0.0
0.0004,720575940628695043,720575940627980955,650,700,-1.32,3,3,3.96,3.96
0.0004,720575940628695043,720575940627980955,700,750,-1.32,4,4,5.28,5.28
0.0004,720575940628455942,720575940627980955,650,700,-0.528,3,3,1.584,1.584
0.0004,720575940628455942,720575940627980955,700,750,-0.528,4,4,2.112,2.112
0.0004,720575940629377132,720575940627980955,650,700,-1.584,3,1,4.752000000000001,1.584
0.0004,720575940629377132,720575940627980955,700,750,-1.584,4,0,6.336,0.0
0.0004,720575940639935616,720575940627980955,650,700,-0.792,3,1,2.3760000000000003,0.792
0.0004,720575940639935616,720575940627980955,700,750,-0.792,4,4,3.168,3.168
0.0004,720575940629393207,720575940627980955,650,700,-1.056,3,1,3.168,1.056
0.0004,720575940629393207,720575940627980955,700,750,-1.056,4,0,4.224,0.0
0.0004,720575940612326373,720575940627980955,650,700,-0.264,3,2,0.792,0.528
0.0004,720575940612326373,720575940627980955,700,750,-0.264,4,4,1.056,1.056
0.0004,720575940628695043,720575940627987974,700,750,0.33,3,2,0.99,0.66
0.0004,720575940628695043,720575940628016387,700,750,-3.9600000000000004,1,1,3.9600000000000004,3.9600000000000004
0.0004,720575940628455942,720575940628016387,700,750,-0.528,1,1,0.528,0.528
0.0004,720575940628695043,720575940628050950,650,700,0.66,2,2,1.32,1.32
0.0004,720575940628695043,720575940628050950,700,750,0.66,3,2,1.98,1.32
0.0004,720575940629377132,720575940628050950,650,700,0.66,2,1,1.32,0.66
0.0004,720575940629377132,720575940628050950,700,750,0.66,3,1,1.98,0.66
0.0004,720575940612326373,720575940628050950,650,700,0.33,2,1,0.66,0.33
0.0004,720575940612326373,720575940628050950,700,750,0.33,3,3,0.99,0.99
0.0004,720575940628695043,720575940628056380,700,750,-0.792,1,1,0.792,0.792
0.0004,720575940639935616,720575940628056380,700,750,-0.264,1,0,0.264,0.0
0.0004,720575940612326373,720575940628056380,700,750,-11.088000000000001,1,0,11.088000000000001,0.0
0.0004,720575940639283278,720575940628118159,650,700,-2.9040000000000004,2,1,5.808000000000001,2.9040000000000004
0.0004,720575940639283278,720575940628118159,700,750,-2.9040000000000004,3,2,8.712000000000002,5.808000000000001
0.0004,720575940612326373,720575940628118159,650,700,-0.528,2,2,1.056,1.056
0.0004,720575940612326373,720575940628118159,700,750,-0.528,3,1,1.584,0.528
0.0004,720575940639935616,720575940628118159,650,700,-1.848,2,1,3.696,1.848
0.0004,720575940639935616,720575940628118159,700,750,-1.848,3,1,5.5440000000000005,1.848
0.0004,720575940628695043,720575940628166641,600,650,-53.328,1,1,53.328,53.328
0.0004,720575940628695043,720575940628166641,700,750,-53.328,2,1,106.656,53.328
0.0004,720575940628455942,720575940628166641,600,650,-0.792,1,1,0.792,0.792
0.0004,720575940628455942,720575940628166641,700,750,-0.792,2,0,1.584,0.0
0.0004,720575940628695043,720575940628210887,650,700,85.8,2,1,171.6,85.8
0.0004,720575940628695043,720575940628210887,700,750,85.8,8,7,686.4,600.6
0.0004,720575940639283278,720575940628210887,650,700,0.66,2,1,1.32,0.66
0.0004,720575940639283278,720575940628210887,700,750,0.66,8,5,5.28,3.3000000000000003
0.0004,720575940612326373,720575940628210887,650,700,7.59,2,1,15.18,7.59
0.0004,720575940612326373,720575940628210887,700,750,7.59,8,1,60.72,7.59
0.0004,720575940639935616,720575940628210887,650,700,0.99,2,1,1.98,0.99
0.0004,720575940639935616,720575940628210887,700,750,0.99,8,7,7.92,6.93
0.0004,720575940623862015,720575940628263441,700,750,0.33,8,3,2.64,0.99
0.0004,720575940628455942,720575940628342171,650,700,95.37,3,2,286.11,190.74
0.0004,720575940628455942,720575940628342171,700,750,95.37,5,3,476.85,286.11
0.0004,720575940639283278,720575940628342171,650,700,8.91,3,2,26.73,17.82
0.0004,720575940639283278,720575940628342171,700,750,8.91,5,4,44.55,35.64
0.0004,720575940639935616,720575940628342171,650,700,0.66,3,2,1.98,1.32
0.0004,720575940639935616,720575940628342171,700,750,0.66,5,2,3.3000000000000003,1.32
0.0004,720575940643476128,720575940628342171,650,700,17.82,3,2,53.46,35.64
0.0004,720575940643476128,720575940628342171,700,750,17.82,5,3,89.1,53.46
0.0004,720575940612326373,720575940628342171,650,700,0.99,3,2,2.9699999999999998,1.98
0.0004,720575940612326373,720575940628342171,700,750,0.99,5,1,4.95,0.99
0.0004,720575940628455942,720575940628347654,700,750,0.33,3,1,0.99,0.33
0.0004,720575940639283278,720575940628347654,700,750,1.32,3,2,3.96,2.64
0.0004,720575940639935616,720575940628347654,700,750,0.99,3,2,2.9699999999999998,1.98
0.0004,720575940643476128,720575940628347654,700,750,10.89,3,1,32.67,10.89
0.0004,720575940612326373,720575940628347654,700,750,0.33,3,1,0.99,0.33
0.0004,720575940628695043,720575940628353018,650,700,0.33,2,2,0.66,0.66
0.0004,720575940628695043,720575940628353018,700,750,0.33,1,0,0.33,0.0
0.0004,720575940629667639,720575940628353018,650,700,0.33,2,2,0.66,0.66
0.0004,720575940629667639,720575940628353018,700,750,0.33,1,1,0.33,0.33
0.0004,720575940612326373,720575940628353018,650,700,0.66,2,2,1.32,1.32
0.0004,720575940612326373,720575940628353018,700,750,0.66,1,1,0.66,0.66
0.0004,720575940628455942,720575940628356102,650,700,0.33,1,1,0.33,0.33
0.0004,720575940628455942,720575940628356102,700,750,0.33,2,1,0.66,0.33
0.0004,720575940639935616,720575940628356102,650,700,0.33,1,0,0.33,0.0
0.0004,720575940639935616,720575940628356102,700,750,0.33,2,1,0.66,0.33
0.0004,720575940643551392,720575940628356102,650,700,0.33,1,1,0.33,0.33
0.0004,720575940643551392,720575940628356102,700,750,0.33,2,2,0.66,0.66
0.0004,720575940623862015,720575940628356102,650,700,0.33,1,1,0.33,0.33
0.0004,720575940623862015,720575940628356102,700,750,0.33,2,2,0.66,0.66
0.0004,720575940612326373,720575940628413952,650,700,-0.264,1,1,0.264,0.264
0.0004,720575940612326373,720575940628413952,700,750,-0.264,2,1,0.528,0.264
0.0004,720575940628695043,720575940628420008,700,750,1.65,1,1,1.65,1.65
0.0004,720575940612326373,720575940628420008,700,750,3.6300000000000003,1,1,3.6300000000000003,3.6300000000000003
0.0004,720575940628695043,720575940628455942,600,650,0.99,1,0,0.99,0.0
0.0004,720575940628695043,720575940628455942,640,650,0.99,1,0,0.99,0.0
0.0004,720575940628695043,720575940628455942,650,700,0.99,6,2,5.9399999999999995,1.98
0.0004,720575940628695043,720575940628455942,700,750,0.99,10,6,9.9,5.9399999999999995
0.0004,720575940639283278,720575940628455942,600,650,14.850000000000001,1,1,14.850000000000001,14.850000000000001
0.0004,720575940639283278,720575940628455942,640,650,14.850000000000001,1,1,14.850000000000001,14.850000000000001
0.0004,720575940639283278,720575940628455942,650,700,14.850000000000001,6,6,89.10000000000001,89.10000000000001
0.0004,720575940639283278,720575940628455942,700,750,14.850000000000001,10,6,148.5,89.10000000000001
0.0004,720575940633434208,720575940628455942,600,650,160.04999999999998,1,1,160.04999999999998,160.04999999999998
0.0004,720575940633434208,720575940628455942,640,650,160.04999999999998,1,1,160.04999999999998,160.04999999999998
0.0004,720575940633434208,720575940628455942,650,700,160.04999999999998,6,6,960.3,960.3
0.0004,720575940633434208,720575940628455942,700,750,160.04999999999998,10,7,1600.4999999999998,1120.35
0.0004,720575940629377132,720575940628455942,600,650,102.63000000000001,1,1,102.63000000000001,102.63000000000001
0.0004,720575940629377132,720575940628455942,640,650,102.63000000000001,1,1,102.63000000000001,102.63000000000001
0.0004,720575940629377132,720575940628455942,650,700,102.63000000000001,6,6,615.7800000000001,615.7800000000001
0.0004,720575940629377132,720575940628455942,700,750,102.63000000000001,10,8,1026.3000000000002,821.0400000000001
0.0004,720575940643551392,720575940628455942,600,650,151.8,1,1,151.8,151.8
0.0004,720575940643551392,720575940628455942,640,650,151.8,1,1,151.8,151.8
0.0004,720575940643551392,720575940628455942,650,700,151.8,6,6,910.8000000000001,910.8000000000001
0.0004,720575940643551392,720575940628455942,700,750,151.8,10,8,1518.0,1214.4
0.0004,720575940623862015,720575940628455942,600,650,99.99,1,1,99.99,99.99
0.0004,720575940623862015,720575940628455942,640,650,99.99,1,1,99.99,99.99
0.0004,720575940623862015,720575940628455942,650,700,99.99,6,6,599.9399999999999,599.9399999999999
0.0004,720575940623862015,720575940628455942,700,750,99.99,10,7,999.9,699.93
0.0004,720575940643476128,720575940628455942,600,650,6.6,1,1,6.6,6.6
0.0004,720575940643476128,720575940628455942,640,650,6.6,1,1,6.6,6.6
0.0004,720575940643476128,720575940628455942,650,700,6.6,6,5,39.599999999999994,33.0
0.0004,720575940643476128,720575940628455942,700,750,6.6,10,5,66.0,33.0
0.0004,720575940612326373,720575940628455942,600,650,8.91,1,1,8.91,8.91
0.0004,720575940612326373,720575940628455942,640,650,8.91,1,1,8.91,8.91
0.0004,720575940612326373,720575940628455942,650,700,8.91,6,3,53.46,26.73
0.0004,720575940612326373,720575940628455942,700,750,8.91,10,5,89.1,44.55
0.0004,720575940639935616,720575940628455942,600,650,17.16,1,1,17.16,17.16
0.0004,720575940639935616,720575940628455942,640,650,17.16,1,1,17.16,17.16
0.0004,720575940639935616,720575940628455942,650,700,17.16,6,4,102.96000000000001,68.64
0.0004,720575940639935616,720575940628455942,700,750,17.16,10,2,171.6,34.32
0.0004,720575940629393207,720575940628455942,600,650,102.3,1,1,102.3,102.3
0.0004,720575940629393207,720575940628455942,640,650,102.3,1,1,102.3,102.3
0.0004,720575940629393207,720575940628455942,650,700,102.3,6,6,613.8,613.8
0.0004,720575940629393207,720575940628455942,700,750,102.3,10,7,1023.0,716.1
0.0004,720575940629667639,720575940628455942,600,650,81.51,1,1,81.51,81.51
0.0004,720575940629667639,720575940628455942,640,650,81.51,1,1,81.51,81.51
0.0004,720575940629667639,720575940628455942,650,700,81.51,6,6,489.06000000000006,489.06000000000006
0.0004,720575940629667639,720575940628455942,700,750,81.51,10,10,815.1,815.1
0.0004,720575940628695043,720575940628510480,650,700,6.6,1,1,6.6,6.6
0.0004,720575940628695043,720575940628510480,700,750,6.6,4,3,26.4,19.799999999999997
0.0004,720575940639283278,720575940628510480,650,700,3.6300000000000003,1,0,3.6300000000000003,0.0
0.0004,720575940639283278,720575940628510480,700,750,3.6300000000000003,4,2,14.520000000000001,7.260000000000001
0.0004,720575940628455942,720575940628510480,650,700,6.6,1,1,6.6,6.6
0.0004,720575940628455942,720575940628510480,700,750,6.6,4,2,26.4,13.2
0.0004,720575940628455942,720575940628515331,700,750,4.29,3,1,12.870000000000001,4.29
0.0004,720575940639283278,720575940628515331,700,750,3.3,3,2,9.899999999999999,6.6
0.0004,720575940628695043,720575940628529155,650,700,-0.528,1,1,0.528,0.528
0.0004,720575940628695043,720575940628529155,700,750,-0.528,3,3,1.584,1.584
0.0004,720575940639935616,720575940628529155,650,700,-0.264,1,1,0.264,0.264
0.0004,720575940639935616,720575940628529155,700,750,-0.264,3,3,0.792,0.792
0.0004,720575940612326373,720575940628529155,650,700,-0.264,1,1,0.264,0.264
0.0004,720575940612326373,720575940628529155,700,750,-0.264,3,2,0.792,0.528
0.0004,720575940629667639,720575940628586283,700,750,-0.528,5,2,2.64,1.056
0.0004,720575940612326373,720575940628600592,700,750,0.33,1,1,0.33,0.33
0.0004,720575940639935616,720575940628602471,650,700,2.64,2,0,5.28,0.0
0.0004,720575940639935616,720575940628602471,700,750,2.64,4,2,10.56,5.28
0.0004,720575940612326373,720575940628602471,650,700,1.32,2,1,2.64,1.32
0.0004,720575940612326373,720575940628602471,700,750,1.32,4,2,5.28,2.64
0.0004,720575940639935616,720575940628630059,700,750,-0.264,1,0,0.264,0.0
0.0004,720575940612326373,720575940628630059,700,750,-0.792,1,0,0.792,0.0
0.0004,720575940639935616,720575940628632143,700,750,0.33,1,0,0.33,0.0
0.0004,720575940639935616,720575940628645175,700,750,-6.072,2,1,12.144,6.072
0.0004,720575940612326373,720575940628645175,700,750,-0.792,2,1,1.584,0.792
0.0004,720575940623862015,720575940628654159,700,750,0.33,1,0,0.33,0.0
0.0004,720575940639283278,720575940628674938,700,750,-0.264,2,1,0.528,0.264
0.0004,720575940639935616,720575940628674938,700,750,-15.576000000000002,2,1,31.152000000000005,15.576000000000002
0.0004,720575940643476128,720575940628674938,700,750,-0.264,2,1,0.528,0.264
0.0004,720575940612326373,720575940628674938,700,750,-1.056,2,1,2.112,1.056
0.0004,720575940628455942,720575940628682283,650,700,-2.9040000000000004,2,1,5.808000000000001,2.9040000000000004
0.0004,720575940628455942,720575940628682283,700,750,-2.9040000000000004,5,2,14.520000000000001,5.808000000000001
0.0004,720575940639283278,720575940628682283,650,700,-4.224,2,1,8.448,4.224
0.0004,720575940639283278,720575940628682283,700,750,-4.224,5,3,21.12,12.672
0.0004,720575940639935616,720575940628682283,650,700,-0.264,2,1,0.528,0.264
0.0004,720575940639935616,720575940628682283,700,750,-0.264,5,2,1.32,0.528
0.0004,720575940612326373,720575940628682283,650,700,-0.264,2,1,0.528,0.264
0.0004,720575940612326373,720575940628682283,700,750,-0.264,5,4,1.32,1.056
0.0004,720575940628695043,720575940628694019,650,700,-0.528,3,0,1.584,0.0
0.0004,720575940628695043,720575940628694019,700,750,-0.528,6,5,3.168,2.64
0.0004,720575940629377132,720575940628694019,650,700,-1.584,3,3,4.752000000000001,4.752000000000001
0.0004,720575940629377132,720575940628694019,700,750,-1.584,6,3,9.504000000000001,4.752000000000001
0.0004,720575940629393207,720575940628694019,650,700,-0.264,3,3,0.792,0.792
0.0004,720575940629393207,720575940628694019,700,750,-0.264,6,3,1.584,0.792
0.0004,720575940639283278,720575940628695043,600,650,1.98,3,3,5.9399999999999995,5.9399999999999995
0.0004,720575940639283278,720575940628695043,640,650,1.98,1,1,1.98,1.98
0.0004,720575940639283278,720575940628695043,650,700,1.98,6,6,11.879999999999999,11.879999999999999
0.0004,720575940639283278,720575940628695043,700,750,1.98,9,4,17.82,7.92
0.0004,720575940633434208,720575940628695043,600,650,88.77000000000001,3,3,266.31000000000006,266.31000000000006
0.0004,720575940633434208,720575940628695043,640,650,88.77000000000001,1,1,88.77000000000001,88.77000000000001
0.0004,720575940633434208,720575940628695043,650,700,88.77000000000001,6,5,532.6200000000001,443.85
0.0004,720575940633434208,720575940628695043,700,750,88.77000000000001,9,9,798.9300000000001,798.9300000000001
0.0004,720575940629377132,720575940628695043,600,650,139.59,3,3,418.77,418.77
0.0004,720575940629377132,720575940628695043,640,650,139.59,1,1,139.59,139.59
0.0004,720575940629377132,720575940628695043,650,700,139.59,6,6,837.54,837.54
0.0004,720575940629377132,720575940628695043,700,750,139.59,9,9,1256.31,1256.31
0.0004,720575940643551392,720575940628695043,600,650,87.78,3,3,263.34000000000003,263.34000000000003
0.0004,720575940643551392,720575940628695043,640,650,87.78,1,1,87.78,87.78
0.0004,720575940643551392,720575940628695043,650,700,87.78,6,5,526.6800000000001,438.9
0.0004,720575940643551392,720575940628695043,700,750,87.78,9,8,790.02,702.24
0.0004,720575940623862015,720575940628695043,600,650,78.21000000000001,3,3,234.63000000000002,234.63000000000002
0.0004,720575940623862015,720575940628695043,640,650,78.21000000000001,1,1,78.21000000000001,78.21000000000001
0.0004,720575940623862015,720575940628695043,650,700,78.21000000000001,6,6,469.26000000000005,469.26000000000005
0.0004,720575940623862015,720575940628695043,700,750,78.21000000000001,9,7,703.8900000000001,547.47
0.0004,720575940628455942,720575940628695043,600,650,0.33,3,2,0.99,0.66
0.0004,720575940628455942,720575940628695043,640,650,0.33,1,0,0.33,0.0
0.0004,720575940628455942,720575940628695043,650,700,0.33,6,3,1.98,0.99
0.0004,720575940628455942,720575940628695043,700,750,0.33,9,1,2.97,0.33
0.0004,720575940612326373,720575940628695043,600,650,21.45,3,3,64.35,64.35
0.0004,720575940612326373,720575940628695043,640,650,21.45,1,1,21.45,21.45
0.0004,720575940612326373,720575940628695043,650,700,21.45,6,4,128.7,85.8
0.0004,720575940612326373,720575940628695043,700,750,21.45,9,5,193.04999999999998,107.25
0.0004,720575940639935616,720575940628695043,600,650,3.3,3,3,9.899999999999999,9.899999999999999
0.0004,720575940639935616,720575940628695043,640,650,3.3,1,1,3.3,3.3
0.0004,720575940639935616,720575940628695043,650,700,3.3,6,5,19.799999999999997,16.5
0.0004,720575940639935616,720575940628695043,700,750,3.3,9,2,29.7,6.6
0.0004,720575940629667639,720575940628695043,600,650,94.38000000000001,3,3,283.14000000000004,283.14000000000004
0.0004,720575940629667639,720575940628695043,640,650,94.38000000000001,1,1,94.38000000000001,94.38000000000001
0.0004,720575940629667639,720575940628695043,650,700,94.38000000000001,6,6,566.2800000000001,566.2800000000001
0.0004,720575940629667639,720575940628695043,700,750,94.38000000000001,9,7,849.4200000000001,660.6600000000001
0.0004,720575940629393207,720575940628695043,600,650,154.11,3,3,462.33000000000004,462.33000000000004
0.0004,720575940629393207,720575940628695043,640,650,154.11,1,1,154.11,154.11
0.0004,720575940629393207,720575940628695043,650,700,154.11,6,6,924.6600000000001,924.6600000000001
0.0004,720575940629393207,720575940628695043,700,750,154.11,9,9,1386.9900000000002,1386.9900000000002
0.0004,720575940628695043,720575940628695056,650,700,88.77000000000001,2,2,177.54000000000002,177.54000000000002
0.0004,720575940628695043,720575940628695056,700,750,88.77000000000001,5,3,443.85,266.31000000000006
0.0004,720575940639935616,720575940628695056,650,700,0.66,2,2,1.32,1.32
0.0004,720575940639935616,720575940628695056,700,750,0.66,5,4,3.3000000000000003,2.64
0.0004,720575940612326373,720575940628695056,650,700,0.66,2,2,1.32,1.32
0.0004,720575940612326373,720575940628695056,700,750,0.66,5,3,3.3000000000000003,1.98
0.0004,720575940628695043,720575940628716926,650,700,0.33,1,1,0.33,0.33
0.0004,720575940628695043,720575940628716926,700,750,0.33,3,3,0.99,0.99
0.0004,720575940639283278,720575940628716926,650,700,4.62,1,1,4.62,4.62
0.0004,720575940639283278,720575940628716926,700,750,4.62,3,1,13.86,4.62
0.0004,720575940643476128,720575940628716926,650,700,11.549999999999999,1,0,11.549999999999999,0.0
0.0004,720575940643476128,720575940628716926,700,750,11.549999999999999,3,1,34.65,11.549999999999999
0.0004,720575940612326373,720575940628716926,650,700,3.6300000000000003,1,0,3.6300000000000003,0.0
0.0004,720575940612326373,720575940628716926,700,750,3.6300000000000003,3,3,10.89,10.89
0.0004,720575940639935616,720575940628716926,650,700,1.98,1,0,1.98,0.0
0.0004,720575940639935616,720575940628716926,700,750,1.98,3,2,5.9399999999999995,3.96
0.0004,720575940639283278,720575940628753999,700,750,-0.528,2,0,1.056,0.0
0.0004,720575940639935616,720575940628753999,700,750,-0.264,2,2,0.528,0.528
0.0004,720575940628695043,720575940628766480,700,750,4.95,4,2,19.8,9.9
0.0004,720575940643476128,720575940628773711,700,750,0.33,2,2,0.66,0.66
0.0004,720575940612326373,720575940628773711,700,750,0.33,2,1,0.66,0.33
0.0004,720575940628695043,720575940628777466,700,750,0.33,2,1,0.66,0.33
0.0004,720575940639283278,720575940628779563,700,750,-0.264,8,3,2.112,0.792
0.0004,720575940643476128,720575940628779563,700,750,-0.528,8,3,4.224,1.584
0.0004,720575940639283278,720575940628783363,700,750,-0.528,9,4,4.752000000000001,2.112
0.0004,720575940628455942,720575940628820823,700,750,-1.056,2,0,2.112,0.0
0.0004,720575940639283278,720575940628820823,700,750,-8.448,2,0,16.896,0.0
0.0004,720575940639935616,720575940628820823,700,750,-0.792,2,1,1.584,0.792
0.0004,720575940660219265,720575940628826128,600,650,-0.264,4,4,1.056,1.056
0.0004,720575940660219265,720575940628826128,640,650,-0.264,1,1,0.264,0.264
0.0004,720575940660219265,720575940628826128,650,700,-0.264,1,0,0.264,0.0
0.0004,720575940660219265,720575940628826128,700,750,-0.264,3,2,0.792,0.528
0.0004,720575940639935616,720575940628862330,700,750,0.33,1,0,0.33,0.0
0.0004,720575940612326373,720575940628862507,700,750,0.33,1,0,0.33,0.0
0.0004,720575940623862015,720575940628910956,600,650,-0.264,1,1,0.264,0.264
0.0004,720575940623862015,720575940628910956,640,650,-0.264,1,1,0.264,0.264
0.0004,720575940623862015,720575940628910956,650,700,-0.264,2,1,0.528,0.264
0.0004,720575940623862015,720575940628910956,700,750,-0.264,3,1,0.792,0.264
0.0004,720575940629667639,720575940628910956,600,650,-1.584,1,1,1.584,1.584
0.0004,720575940629667639,720575940628910956,640,650,-1.584,1,1,1.584,1.584
0.0004,720575940629667639,720575940628910956,650,700,-1.584,2,1,3.168,1.584
0.0004,720575940629667639,720575940628910956,700,750,-1.584,3,1,4.752000000000001,1.584
0.0004,720575940612326373,720575940628910956,600,650,-0.264,1,0,0.264,0.0
0.0004,720575940612326373,720575940628910956,640,650,-0.264,1,0,0.264,0.0
0.0004,720575940612326373,720575940628910956,650,700,-0.264,2,2,0.528,0.528
0.0004,720575940612326373,720575940628910956,700,750,-0.264,3,2,0.792,0.528
0.0004,720575940612326373,720575940628916815,700,750,-0.264,7,6,1.848,1.584
0.0004,720575940639935616,720575940628916815,700,750,-0.264,7,2,1.848,0.528
0.0004,720575940639283278,720575940628934403,700,750,1.65,4,3,6.6,4.949999999999999
0.0004,720575940639283278,720575940628936271,700,750,-2.3760000000000003,1,1,2.3760000000000003,2.3760000000000003
0.0004,720575940628455942,720575940628936271,700,750,-0.792,1,1,0.792,0.792
0.0004,720575940643476128,720575940628936271,700,750,-0.264,1,0,0.264,0.0
0.0004,720575940639935616,720575940628936271,700,750,-0.264,1,1,0.264,0.264
0.0004,720575940639283278,720575940628955006,700,750,1.98,1,1,1.98,1.98
0.0004,720575940639935616,720575940628955006,700,750,0.33,1,1,0.33,0.33
0.0004,720575940643476128,720575940628955006,700,750,3.96,1,1,3.96,3.96
0.0004,720575940612326373,720575940628955006,700,750,1.32,1,0,1.32,0.0
0.0004,720575940612326373,720575940628958979,650,700,0.33,2,2,0.66,0.66
0.0004,720575940612326373,720575940628958979,700,750,0.33,5,5,1.6500000000000001,1.6500000000000001
0.0004,720575940660219265,720575940628997123,600,650,-0.264,1,1,0.264,0.264
0.0004,720575940660219265,720575940628997123,650,700,-0.264,1,1,0.264,0.264
0.0004,720575940660219265,720575940628997123,700,750,-0.264,1,1,0.264,0.264
0.0004,720575940639935616,720575940628998555,700,750,-3.4320000000000004,1,1,3.4320000000000004,3.4320000000000004
0.0004,720575940612326373,720575940628998555,700,750,-1.056,1,1,1.056,1.056
0.0004,720575940612326373,720575940629023131,700,750,0.66,2,0,1.32,0.0
0.0004,720575940639283278,720575940629050234,650,700,-0.528,3,1,1.584,0.528
0.0004,720575940639283278,720575940629050234,700,750,-0.528,6,5,3.168,2.64
0.0004,720575940639935616,720575940629050234,650,700,-3.4320000000000004,3,1,10.296000000000001,3.4320000000000004
0.0004,720575940639935616,720575940629050234,700,750,-3.4320000000000004,6,2,20.592000000000002,6.864000000000001
0.0004,720575940643476128,720575940629050234,650,700,-0.528,3,2,1.584,1.056
0.0004,720575940643476128,720575940629050234,700,750,-0.528,6,1,3.168,0.528
0.0004,720575940612326373,720575940629050234,650,700,-0.264,3,1,0.792,0.264
0.0004,720575940612326373,720575940629050234,700,750,-0.264,6,2,1.584,0.528
0.0004,720575940639935616,720575940629056411,650,700,-0.264,1,0,0.264,0.0
0.0004,720575940639935616,720575940629056411,700,750,-0.264,3,1,0.792,0.264
0.0004,720575940628695043,720575940629056411,650,700,-1.056,1,1,1.056,1.056
0.0004,720575940628695043,720575940629056411,700,750,-1.056,3,1,3.168,1.056
0.0004,720575940639283278,720575940629060986,700,750,-0.264,2,1,0.528,0.264
0.0004,720575940628455942,720575940629091431,700,750,-0.792,5,3,3.96,2.3760000000000003
0.0004,720575940623862015,720575940629091431,700,750,-32.208000000000006,5,3,161.04000000000002,96.62400000000002
0.0004,720575940629667639,720575940629091431,700,750,-8.976,5,3,44.88,26.928000000000004
0.0004,720575940639283278,720575940629095323,650,700,0.33,1,1,0.33,0.33
0.0004,720575940639283278,720575940629095323,700,750,0.33,3,0,0.99,0.0
0.0004,720575940628695043,720575940629167515,700,750,0.99,1,0,0.99,0.0
0.0004,720575940628695043,720575940629171447,650,700,-1.848,2,0,3.696,0.0
0.0004,720575940639935616,720575940629171447,650,700,-0.792,2,1,1.584,0.792
0.0004,720575940612326373,720575940629171447,650,700,-1.056,2,2,2.112,2.112
0.0004,720575940639283278,720575940629198636,700,750,0.66,2,1,1.32,0.66
0.0004,720575940643476128,720575940629225463,650,700,-0.264,3,2,0.792,0.528
0.0004,720575940643476128,720575940629225463,700,750,-0.264,1,0,0.264,0.0
0.0004,720575940629667639,720575940629312300,700,750,0.66,2,2,1.32,1.32
0.0004,720575940628695043,720575940629354087,700,750,7.260000000000001,4,2,29.040000000000003,14.520000000000001
0.0004,720575940629393207,720575940629355623,700,750,-0.528,1,1,0.528,0.528
0.0004,720575940639283278,720575940629358391,700,750,-0.264,1,1,0.264,0.264
0.0004,720575940628455942,720575940629358391,700,750,-0.528,1,1,0.528,0.528
0.0004,720575940643476128,720575940629358391,700,750,-0.792,1,1,0.792,0.792
0.0004,720575940639935616,720575940629358391,700,750,-0.264,1,1,0.264,0.264
0.0004,720575940628455942,720575940629360459,650,700,-0.528,1,1,0.528,0.528
0.0004,720575940628455942,720575940629360459,700,750,-0.528,2,2,1.056,1.056
0.0004,720575940628695043,720575940629377132,600,650,-1.056,2,2,2.112,2.112
0.0004,720575940628695043,720575940629377132,640,650,-1.056,1,1,1.056,1.056
0.0004,720575940628695043,720575940629377132,650,700,-1.056,7,6,7.392,6.336
0.0004,720575940628695043,720575940629377132,700,750,-1.056,10,6,10.56,6.336
0.0004,720575940628455942,720575940629377132,600,650,-0.528,2,2,1.056,1.056
0.0004,720575940628455942,720575940629377132,640,650,-0.528,1,1,0.528,0.528
0.0004,720575940628455942,720575940629377132,650,700,-0.528,7,7,3.696,3.696
0.0004,720575940628455942,720575940629377132,700,750,-0.528,10,7,5.28,3.696
0.0004,720575940629393207,720575940629377132,600,650,-12.936000000000002,2,1,25.872000000000003,12.936000000000002
0.0004,720575940629393207,720575940629377132,640,650,-12.936000000000002,1,1,12.936000000000002,12.936000000000002
0.0004,720575940629393207,720575940629377132,650,700,-12.936000000000002,7,0,90.552,0.0
0.0004,720575940629393207,720575940629377132,700,750,-12.936000000000002,10,0,129.36,0.0
0.0004,720575940629667639,720575940629377132,600,650,-0.528,2,1,1.056,0.528
0.0004,720575940629667639,720575940629377132,640,650,-0.528,1,1,0.528,0.528
0.0004,720575940629667639,720575940629377132,650,700,-0.528,7,2,3.696,1.056
0.0004,720575940629667639,720575940629377132,700,750,-0.528,10,3,5.28,1.584
0.0004,720575940628695043,720575940629379415,700,750,0.33,1,1,0.33,0.33
0.0004,720575940628695043,720575940629393207,600,650,-0.792,2,2,1.584,1.584
0.0004,720575940628695043,720575940629393207,640,650,-0.792,1,1,0.792,0.792
0.0004,720575940628695043,720575940629393207,650,700,-0.792,7,6,5.5440000000000005,4.752000000000001
0.0004,720575940628695043,720575940629393207,700,750,-0.792,10,7,7.92,5.5440000000000005
0.0004,720575940628455942,720575940629393207,600,650,-0.528,2,2,1.056,1.056
0.0004,720575940628455942,720575940629393207,640,650,-0.528,1,1,0.528,0.528
0.0004,720575940628455942,720575940629393207,650,700,-0.528,7,7,3.696,3.696
0.0004,720575940628455942,720575940629393207,700,750,-0.528,10,7,5.28,3.696
0.0004,720575940629377132,720575940629393207,600,650,-10.296000000000001,2,0,20.592000000000002,0.0
0.0004,720575940629377132,720575940629393207,640,650,-10.296000000000001,1,0,10.296000000000001,0.0
0.0004,720575940629377132,720575940629393207,650,700,-10.296000000000001,7,0,72.072,0.0
0.0004,720575940629377132,720575940629393207,700,750,-10.296000000000001,10,0,102.96000000000001,0.0
0.0004,720575940639935616,720575940629393207,600,650,-0.264,2,2,0.528,0.528
0.0004,720575940639935616,720575940629393207,640,650,-0.264,1,1,0.264,0.264
0.0004,720575940639935616,720575940629393207,650,700,-0.264,7,3,1.848,0.792
0.0004,720575940639935616,720575940629393207,700,750,-0.264,10,7,2.64,1.848
0.0004,720575940629667639,720575940629393207,600,650,-0.264,2,1,0.528,0.264
0.0004,720575940629667639,720575940629393207,640,650,-0.264,1,1,0.264,0.264
0.0004,720575940629667639,720575940629393207,650,700,-0.264,7,2,1.848,0.528
0.0004,720575940629667639,720575940629393207,700,750,-0.264,10,3,2.64,0.792
0.0004,720575940612326373,720575940629393207,600,650,-0.528,2,2,1.056,1.056
0.0004,720575940612326373,720575940629393207,640,650,-0.528,1,1,0.528,0.528
0.0004,720575940612326373,720575940629393207,650,700,-0.528,7,4,3.696,2.112
0.0004,720575940612326373,720575940629393207,700,750,-0.528,10,3,5.28,1.584
0.0004,720575940612326373,720575940629439994,700,750,0.33,1,0,0.33,0.0
0.0004,720575940628455942,720575940629450106,700,750,-115.632,3,3,346.896,346.896
0.0004,720575940639283278,720575940629450106,700,750,-4.488,3,1,13.464000000000002,4.488
0.0004,720575940643476128,720575940629450106,700,750,-10.296000000000001,3,1,30.888000000000005,10.296000000000001
0.0004,720575940639935616,720575940629457452,700,750,-2.112,1,1,2.112,2.112
0.0004,720575940612326373,720575940629457452,700,750,-0.264,1,1,0.264,0.264
0.0004,720575940639283278,720575940629470480,700,750,21.45,3,2,64.35,42.9
0.0004,720575940628455942,720575940629470480,700,750,1.98,3,1,5.9399999999999995,1.98
0.0004,720575940639935616,720575940629470480,700,750,0.33,3,1,0.99,0.33
0.0004,720575940639935616,720575940629471447,700,750,-0.528,1,1,0.528,0.528
0.0004,720575940612326373,720575940629471447,700,750,-0.528,1,1,0.528,0.528
0.0004,720575940628455942,720575940629488578,700,750,-8.976,1,1,8.976,8.976
0.0004,720575940639283278,720575940629488578,700,750,-1.848,1,0,1.848,0.0
0.0004,720575940628695043,720575940629489260,600,650,-1.848,1,1,1.848,1.848
0.0004,720575940628695043,720575940629489260,650,700,-1.848,4,3,7.392,5.5440000000000005
0.0004,720575940628695043,720575940629489260,700,750,-1.848,5,2,9.24,3.696
0.0004,720575940628455942,720575940629489260,600,650,-2.112,1,1,2.112,2.112
0.0004,720575940628455942,720575940629489260,650,700,-2.112,4,4,8.448,8.448
0.0004,720575940628455942,720575940629489260,700,750,-2.112,5,2,10.56,4.224
0.0004,720575940629377132,720575940629489260,600,650,-127.248,1,1,127.248,127.248
0.0004,720575940629377132,720575940629489260,650,700,-127.248,4,2,508.992,254.496
0.0004,720575940629377132,720575940629489260,700,750,-127.248,5,1,636.24,127.248
0.0004,720575940639935616,720575940629489260,600,650,-38.28,1,1,38.28,38.28
0.0004,720575940639935616,720575940629489260,650,700,-38.28,4,1,153.12,38.28
0.0004,720575940639935616,720575940629489260,700,750,-38.28,5,2,191.4,76.56
0.0004,720575940643476128,720575940629489260,600,650,-1.32,1,1,1.32,1.32
0.0004,720575940643476128,720575940629489260,650,700,-1.32,4,3,5.28,3.96
0.0004,720575940643476128,720575940629489260,700,750,-1.32,5,2,6.6000000000000005,2.64
0.0004,720575940623862015,720575940629489260,600,650,-0.264,1,1,0.264,0.264
0.0004,720575940623862015,720575940629489260,650,700,-0.264,4,3,1.056,0.792
0.0004,720575940623862015,720575940629489260,700,750,-0.264,5,2,1.32,0.528
0.0004,720575940629667639,720575940629489260,600,650,-0.528,1,1,0.528,0.528
0.0004,720575940629667639,720575940629489260,650,700,-0.528,4,3,2.112,1.584
0.0004,720575940629667639,720575940629489260,700,750,-0.528,5,2,2.64,1.056
0.0004,720575940629393207,720575940629489260,600,650,-139.39200000000002,1,1,139.39200000000002,139.39200000000002
0.0004,720575940629393207,720575940629489260,650,700,-139.39200000000002,4,2,557.5680000000001,278.78400000000005
0.0004,720575940629393207,720575940629489260,700,750,-139.39200000000002,5,1,696.9600000000002,139.39200000000002
0.0004,720575940612326373,720575940629489260,600,650,-20.328000000000003,1,1,20.328000000000003,20.328000000000003
0.0004,720575940612326373,720575940629489260,650,700,-20.328000000000003,4,2,81.31200000000001,40.656000000000006
0.0004,720575940612326373,720575940629489260,700,750,-20.328000000000003,5,3,101.64000000000001,60.98400000000001
0.0004,720575940628695043,720575940629499330,700,750,0.33,1,1,0.33,0.33
0.0004,720575940639283278,720575940629512314,650,700,1.65,3,2,4.949999999999999,3.3
0.0004,720575940639283278,720575940629512314,700,750,1.65,3,1,4.949999999999999,1.65
0.0004,720575940643476128,720575940629512314,650,700,1.65,3,2,4.949999999999999,3.3
0.0004,720575940643476128,720575940629512314,700,750,1.65,3,1,4.949999999999999,1.65
0.0004,720575940612326373,720575940629512314,650,700,0.33,3,2,0.99,0.66
0.0004,720575940612326373,720575940629512314,700,750,0.33,3,2,0.99,0.66
0.0004,720575940628695043,720575940629522426,700,750,0.33,1,1,0.33,0.33
0.0004,720575940639283278,720575940629556752,700,750,26.73,4,1,106.92,26.73
0.0004,720575940628455942,720575940629556752,700,750,9.57,4,1,38.28,9.57
0.0004,720575940612326373,720575940629556752,700,750,0.66,4,3,2.64,1.98
0.0004,720575940639935616,720575940629556752,700,750,0.99,4,1,3.96,0.99
0.0004,720575940628695043,720575940629560770,650,700,-0.528,4,3,2.112,1.584
0.0004,720575940628695043,720575940629560770,700,750,-0.528,6,2,3.168,1.056
0.0004,720575940633434208,720575940629560770,650,700,-0.528,4,3,2.112,1.584
0.0004,720575940633434208,720575940629560770,700,750,-0.528,6,2,3.168,1.056
0.0004,720575940643551392,720575940629560770,650,700,-0.264,4,3,1.056,0.792
0.0004,720575940643551392,720575940629560770,700,750,-0.264,6,2,1.584,0.528
0.0004,720575940628455942,720575940629560770,650,700,-0.264,4,1,1.056,0.264
0.0004,720575940628455942,720575940629560770,700,750,-0.264,6,5,1.584,1.32
0.0004,720575940612326373,720575940629560770,650,700,-0.264,4,2,1.056,0.528
0.0004,720575940612326373,720575940629560770,700,750,-0.264,6,1,1.584,0.264
0.0004,720575940660219265,720575940629561347,600,650,0.66,1,1,0.66,0.66
0.0004,720575940660219265,720575940629561347,650,700,0.66,2,1,1.32,0.66
0.0004,720575940660219265,720575940629561347,700,750,0.66,1,1,0.66,0.66
0.0004,720575940639283278,720575940629563642,700,750,3.96,3,1,11.879999999999999,3.96
0.0004,720575940639935616,720575940629574615,700,750,-0.528,2,2,1.056,1.056
0.0004,720575940612326373,720575940629574615,700,750,-0.264,2,2,0.528,0.528
0.0004,720575940628695043,720575940629578366,700,750,0.33,2,1,0.66,0.33
0.0004,720575940628455942,720575940629592143,650,700,13.2,1,1,13.2,13.2
0.0004,720575940639283278,720575940629592143,650,700,4.29,1,0,4.29,0.0
0.0004,720575940643476128,720575940629592143,650,700,0.66,1,0,0.66,0.0
0.0004,720575940639935616,720575940629662208,700,750,-0.264,2,2,0.528,0.528
0.0004,720575940623862015,720575940629662208,700,750,-0.528,2,2,1.056,1.056
0.0004,720575940629667639,720575940629662208,700,750,-0.792,2,1,1.584,0.792
0.0004,720575940628695043,720575940629667639,600,650,0.99,2,2,1.98,1.98
0.0004,720575940628695043,720575940629667639,650,700,0.99,7,6,6.93,5.9399999999999995
0.0004,720575940628695043,720575940629667639,700,750,0.99,9,5,8.91,4.95
0.0004,720575940628455942,720575940629667639,600,650,0.66,2,2,1.32,1.32
0.0004,720575940628455942,720575940629667639,650,700,0.66,7,7,4.62,4.62
0.0004,720575940628455942,720575940629667639,700,750,0.66,9,4,5.94,2.64
0.0004,720575940629377132,720575940629667639,600,650,0.33,2,2,0.66,0.66
0.0004,720575940629377132,720575940629667639,650,700,0.33,7,0,2.31,0.0
0.0004,720575940629377132,720575940629667639,700,750,0.33,9,4,2.97,1.32
0.0004,720575940639935616,720575940629667639,600,650,10.56,2,2,21.12,21.12
0.0004,720575940639935616,720575940629667639,650,700,10.56,7,4,73.92,42.24
0.0004,720575940639935616,720575940629667639,700,750,10.56,9,4,95.04,42.24
0.0004,720575940623862015,720575940629667639,600,650,3.96,2,1,7.92,3.96
0.0004,720575940623862015,720575940629667639,650,700,3.96,7,0,27.72,0.0
0.0004,720575940623862015,720575940629667639,700,750,3.96,9,3,35.64,11.879999999999999
0.0004,720575940629393207,720575940629667639,600,650,0.66,2,2,1.32,1.32
0.0004,720575940629393207,720575940629667639,650,700,0.66,7,0,4.62,0.0
0.0004,720575940629393207,720575940629667639,700,750,0.66,9,5,5.94,3.3000000000000003
0.0004,720575940612326373,720575940629667639,600,650,7.260000000000001,2,2,14.520000000000001,14.520000000000001
0.0004,720575940612326373,720575940629667639,650,700,7.260000000000001,7,6,50.82000000000001,43.56
0.0004,720575940612326373,720575940629667639,700,750,7.260000000000001,9,4,65.34,29.040000000000003
0.0004,720575940628695043,720575940629702905,650,700,0.33,2,2,0.66,0.66
0.0004,720575940628695043,720575940629702905,700,750,0.33,3,1,0.99,0.33
0.0004,720575940629377132,720575940629702905,650,700,0.66,2,2,1.32,1.32
0.0004,720575940629377132,720575940629702905,700,750,0.66,3,2,1.98,1.32
0.0004,720575940629393207,720575940629702905,650,700,0.66,2,2,1.32,1.32
0.0004,720575940629393207,720575940629702905,700,750,0.66,3,2,1.98,1.32
0.0004,720575940629667639,720575940629702905,650,700,6.6,2,2,13.2,13.2
0.0004,720575940629667639,720575940629702905,700,750,6.6,3,2,19.799999999999997,13.2
0.0004,720575940628455942,720575940629731579,650,700,-5.016000000000001,1,1,5.016000000000001,5.016000000000001
0.0004,720575940628455942,720575940629731579,700,750,-5.016000000000001,2,2,10.032000000000002,10.032000000000002
0.0004,720575940639283278,720575940629731579,650,700,-4.752000000000001,1,1,4.752000000000001,4.752000000000001
0.0004,720575940639283278,720575940629731579,700,750,-4.752000000000001,2,0,9.504000000000001,0.0
0.0004,720575940643476128,720575940629731579,650,700,-6.6000000000000005,1,1,6.6000000000000005,6.6000000000000005
0.0004,720575940643476128,720575940629731579,700,750,-6.6000000000000005,2,1,13.200000000000001,6.6000000000000005
0.0004,720575940612326373,720575940629731579,650,700,-0.528,1,1,0.528,0.528
0.0004,720575940612326373,720575940629731579,700,750,-0.528,2,2,1.056,1.056
0.0004,720575940628455942,720575940629755723,650,700,-3.4320000000000004,2,1,6.864000000000001,3.4320000000000004
0.0004,720575940628455942,720575940629755723,700,750,-3.4320000000000004,2,1,6.864000000000001,3.4320000000000004
0.0004,720575940639283278,720575940629755723,650,700,-5.808000000000001,2,2,11.616000000000001,11.616000000000001
0.0004,720575940639283278,720575940629755723,700,750,-5.808000000000001,2,1,11.616000000000001,5.808000000000001
0.0004,720575940643476128,720575940629755723,650,700,-6.072,2,1,12.144,6.072
0.0004,720575940643476128,720575940629755723,700,750,-6.072,2,1,12.144,6.072
0.0004,720575940612326373,720575940629755723,650,700,-0.528,2,2,1.056,1.056
0.0004,720575940612326373,720575940629755723,700,750,-0.528,2,1,1.056,0.528
0.0004,720575940629667639,720575940629783852,600,650,-0.264,1,1,0.264,0.264
0.0004,720575940629667639,720575940629783852,650,700,-0.264,2,2,0.528,0.528
0.0004,720575940629667639,720575940629783852,700,750,-0.264,3,1,0.792,0.264
0.0004,720575940660219265,720575940629804158,600,650,-0.528,1,1,0.528,0.528
0.0004,720575940660219265,720575940629804158,650,700,-0.528,1,1,0.528,0.528
0.0004,720575940628695043,720575940629830700,650,700,-0.528,2,2,1.056,1.056
0.0004,720575940628695043,720575940629830700,700,750,-0.528,3,2,1.584,1.056
0.0004,720575940628455942,720575940629836343,650,700,0.33,1,0,0.33,0.0
0.0004,720575940628455942,720575940629836343,700,750,0.33,3,2,0.99,0.66
0.0004,720575940639283278,720575940629836343,650,700,0.66,1,0,0.66,0.0
0.0004,720575940639283278,720575940629836343,700,750,0.66,3,1,1.98,0.66
0.0004,720575940612326373,720575940629836343,650,700,0.33,1,1,0.33,0.33
0.0004,720575940612326373,720575940629836343,700,750,0.33,3,2,0.99,0.66
0.0004,720575940628695043,720575940629845303,700,750,-0.264,2,2,0.528,0.528
0.0004,720575940628695043,720575940629899820,700,750,0.33,1,1,0.33,0.33
0.0004,720575940639935616,720575940629900631,700,750,-1.056,2,0,2.112,0.0
0.0004,720575940628695043,720575940629901819,700,750,1.98,2,1,3.96,1.98
0.0004,720575940628455942,720575940629908540,650,700,-0.792,2,2,1.584,1.584
0.0004,720575940628455942,720575940629908540,700,750,-0.792,3,0,2.3760000000000003,0.0
0.0004,720575940628455942,720575940629909751,650,700,-0.264,1,1,0.264,0.264
0.0004,720575940628455942,720575940629909751,700,750,-0.264,2,2,0.528,0.528
0.0004,720575940639935616,720575940629909751,650,700,-0.264,1,0,0.264,0.0
0.0004,720575940639935616,720575940629909751,700,750,-0.264,2,1,0.528,0.264
0.0004,720575940612326373,720575940629909751,650,700,-0.264,1,0,0.264,0.0
0.0004,720575940612326373,720575940629909751,700,750,-0.264,2,1,0.528,0.264
0.0004,720575940628695043,720575940629910636,600,650,0.66,1,1,0.66,0.66
0.0004,720575940628695043,720575940629910636,640,650,0.66,1,1,0.66,0.66
0.0004,720575940628695043,720575940629910636,650,700,0.66,3,3,1.98,1.98
0.0004,720575940628695043,720575940629910636,700,750,0.66,3,1,1.98,0.66
0.0004,720575940639283278,720575940629910636,600,650,33.99,1,1,33.99,33.99
0.0004,720575940639283278,720575940629910636,640,650,33.99,1,1,33.99,33.99
0.0004,720575940639283278,720575940629910636,650,700,33.99,3,3,101.97,101.97
0.0004,720575940639283278,720575940629910636,700,750,33.99,3,3,101.97,101.97
0.0004,720575940629377132,720575940629910636,600,650,0.33,1,1,0.33,0.33
0.0004,720575940629377132,720575940629910636,640,650,0.33,1,1,0.33,0.33
0.0004,720575940629377132,720575940629910636,650,700,0.33,3,3,0.99,0.99
0.0004,720575940629377132,720575940629910636,700,750,0.33,3,3,0.99,0.99
0.0004,720575940623862015,720575940629910636,600,650,0.33,1,1,0.33,0.33
0.0004,720575940623862015,720575940629910636,640,650,0.33,1,1,0.33,0.33
0.0004,720575940623862015,720575940629910636,650,700,0.33,3,3,0.99,0.99
0.0004,720575940623862015,720575940629910636,700,750,0.33,3,1,0.99,0.33
0.0004,720575940628455942,720575940629910636,600,650,2.64,1,1,2.64,2.64
0.0004,720575940628455942,720575940629910636,640,650,2.64,1,1,2.64,2.64
0.0004,720575940628455942,720575940629910636,650,700,2.64,3,1,7.92,2.64
0.0004,720575940628455942,720575940629910636,700,750,2.64,3,0,7.92,0.0
0.0004,720575940612326373,720575940629910636,600,650,4.29,1,1,4.29,4.29
0.0004,720575940612326373,720575940629910636,640,650,4.29,1,1,4.29,4.29
0.0004,720575940612326373,720575940629910636,650,700,4.29,3,2,12.870000000000001,8.58
0.0004,720575940612326373,720575940629910636,700,750,4.29,3,2,12.870000000000001,8.58
0.0004,720575940639935616,720575940629910636,600,650,7.260000000000001,1,1,7.260000000000001,7.260000000000001
0.0004,720575940639935616,720575940629910636,640,650,7.260000000000001,1,1,7.260000000000001,7.260000000000001
0.0004,720575940639935616,720575940629910636,650,700,7.260000000000001,3,1,21.78,7.260000000000001
0.0004,720575940639935616,720575940629910636,700,750,7.260000000000001,3,0,21.78,0.0
0.0004,720575940629667639,720575940629910636,600,650,2.64,1,1,2.64,2.64
0.0004,720575940629667639,720575940629910636,640,650,2.64,1,1,2.64,2.64
0.0004,720575940629667639,720575940629910636,650,700,2.64,3,3,7.92,7.92
0.0004,720575940629667639,720575940629910636,700,750,2.64,3,2,7.92,5.28
0.0004,720575940629393207,720575940629910636,600,650,0.33,1,1,0.33,0.33
0.0004,720575940629393207,720575940629910636,640,650,0.33,1,1,0.33,0.33
0.0004,720575940629393207,720575940629910636,650,700,0.33,3,3,0.99,0.99
0.0004,720575940629393207,720575940629910636,700,750,0.33,3,3,0.99,0.99
0.0004,720575940639283278,720575940629911503,650,700,1.65,4,2,6.6,3.3
0.0004,720575940639283278,720575940629911503,700,750,1.65,5,0,8.25,0.0
0.0004,720575940639935616,720575940629929580,700,750,2.64,1,0,2.64,0.0
0.0004,720575940628455942,720575940629947964,650,700,-0.264,1,1,0.264,0.264
0.0004,720575940628455942,720575940629947964,700,750,-0.264,2,1,0.528,0.264
0.0004,720575940639935616,720575940629947964,650,700,-1.32,1,1,1.32,1.32
0.0004,720575940639935616,720575940629947964,700,750,-1.32,2,2,2.64,2.64
0.0004,720575940628695043,720575940629963068,650,700,0.33,2,2,0.66,0.66
0.0004,720575940628695043,720575940629963068,700,750,0.33,4,2,1.32,0.66
0.0004,720575940628455942,720575940629963068,650,700,1.32,2,1,2.64,1.32
0.0004,720575940628455942,720575940629963068,700,750,1.32,4,0,5.28,0.0
0.0004,720575940639283278,720575940629963068,650,700,8.25,2,1,16.5,8.25
0.0004,720575940639283278,720575940629963068,700,750,8.25,4,3,33.0,24.75
0.0004,720575940639935616,720575940629963068,650,700,1.98,2,2,3.96,3.96
0.0004,720575940639935616,720575940629963068,700,750,1.98,4,1,7.92,1.98
0.0004,720575940643476128,720575940629963068,650,700,3.3,2,1,6.6,3.3
0.0004,720575940643476128,720575940629963068,700,750,3.3,4,2,13.2,6.6
0.0004,720575940612326373,720575940629963068,650,700,0.33,2,1,0.66,0.33
0.0004,720575940612326373,720575940629963068,700,750,0.33,4,0,1.32,0.0
0.0004,720575940628695043,720575940629981440,700,750,0.66,2,2,1.32,1.32
0.0004,720575940629377132,720575940629981440,700,750,0.33,2,0,0.66,0.0
0.0004,720575940643551392,720575940629981440,700,750,0.99,2,2,1.98,1.98
0.0004,720575940623862015,720575940629981440,700,750,0.33,2,1,0.66,0.33
0.0004,720575940612326373,720575940629981440,700,750,0.99,2,2,1.98,1.98
0.0004,720575940639935616,720575940629981440,700,750,0.66,2,2,1.32,1.32
0.0004,720575940629393207,720575940629981440,700,750,0.66,2,0,1.32,0.0
0.0004,720575940629667639,720575940629981440,700,750,0.33,2,1,0.66,0.33
0.0004,720575940639283278,720575940629995319,700,750,-5.808000000000001,3,2,17.424000000000003,11.616000000000001
0.0004,720575940623862015,720575940629995319,700,750,-0.528,3,2,1.584,1.056
0.0004,720575940628455942,720575940629995319,700,750,-20.064000000000004,3,0,60.19200000000001,0.0
0.0004,720575940643476128,720575940629995319,700,750,-2.9040000000000004,3,2,8.712000000000002,5.808000000000001
0.0004,720575940639283278,720575940630013228,700,750,0.33,4,1,1.32,0.33
0.0004,720575940633434208,720575940630020345,650,700,3.96,3,2,11.879999999999999,7.92
0.0004,720575940633434208,720575940630020345,700,750,3.96,5,2,19.8,7.92
0.0004,720575940643551392,720575940630020345,650,700,2.31,3,2,6.93,4.62
0.0004,720575940643551392,720575940630020345,700,750,2.31,5,1,11.55,2.31
0.0004,720575940623862015,720575940630020345,650,700,0.33,3,1,0.99,0.33
0.0004,720575940623862015,720575940630020345,700,750,0.33,5,2,1.6500000000000001,0.66
0.0004,720575940612326373,720575940630020345,650,700,0.33,3,3,0.99,0.99
0.0004,720575940612326373,720575940630020345,700,750,0.33,5,2,1.6500000000000001,0.66
0.0004,720575940628455942,720575940630025004,650,700,-1.32,2,2,2.64,2.64
0.0004,720575940639283278,720575940630025004,650,700,-4.752000000000001,2,0,9.504000000000001,0.0
0.0004,720575940639935616,720575940630025004,650,700,-1.32,2,2,2.64,2.64
0.0004,720575940643476128,720575940630025004,650,700,-8.448,2,2,16.896,16.896
0.0004,720575940612326373,720575940630025004,650,700,-1.32,2,2,2.64,2.64
0.0004,720575940612326373,720575940630046524,650,700,-0.264,2,2,0.528,0.528
0.0004,720575940612326373,720575940630046524,700,750,-0.264,2,1,0.528,0.264
0.0004,720575940628695043,720575940630050391,700,750,5.94,4,2,23.76,11.88
0.0004,720575940639935616,720575940630050391,700,750,4.95,4,2,19.8,9.9
0.0004,720575940612326373,720575940630050391,700,750,2.64,4,1,10.56,2.64
0.0004,720575940628695043,720575940630075703,700,750,58.080000000000005,5,4,290.40000000000003,232.32000000000002
0.0004,720575940639283278,720575940630075703,700,750,8.91,5,5,44.55,44.55
0.0004,720575940643476128,720575940630075703,700,750,2.97,5,4,14.850000000000001,11.88
0.0004,720575940612326373,720575940630075703,700,750,21.45,5,1,107.25,21.45
0.0004,720575940639935616,720575940630075703,700,750,8.25,5,3,41.25,24.75
0.0004,720575940639283278,720575940630084352,700,750,8.58,2,2,17.16,17.16
0.0004,720575940639935616,720575940630084352,700,750,2.31,2,0,4.62,0.0
0.0004,720575940628695043,720575940630119767,700,750,-8.184000000000001,1,0,8.184000000000001,0.0
0.0004,720575940612326373,720575940630134839,700,750,-0.264,2,1,0.528,0.264
0.0004,720575940628455942,720575940630149829,700,750,1.98,3,3,5.9399999999999995,5.9399999999999995
0.0004,720575940639283278,720575940630149829,700,750,6.930000000000001,3,0,20.790000000000003,0.0
0.0004,720575940639935616,720575940630149829,700,750,8.25,3,3,24.75,24.75
0.0004,720575940643476128,720575940630149829,700,750,0.66,3,2,1.98,1.32
0.0004,720575940612326373,720575940630149829,700,750,0.33,3,2,0.99,0.66
0.0004,720575940628695043,720575940630158396,700,750,0.33,3,2,0.99,0.66
0.0004,720575940629667639,720575940630166583,700,750,-0.528,4,3,2.112,1.584
0.0004,720575940628455942,720575940630168636,700,750,3.96,5,3,19.8,11.879999999999999
0.0004,720575940639283278,720575940630168636,700,750,6.6,5,3,33.0,19.799999999999997
0.0004,720575940639935616,720575940630168892,700,750,2.97,3,3,8.91,8.91
0.0004,720575940612326373,720575940630168892,700,750,1.32,3,2,3.96,2.64
0.0004,720575940628695043,720575940630190295,650,700,0.33,1,1,0.33,0.33
0.0004,720575940628695043,720575940630190295,700,750,0.33,2,0,0.66,0.0
0.0004,720575940628695043,720575940630190411,650,700,0.33,2,1,0.66,0.33
0.0004,720575940628695043,720575940630190411,700,750,0.33,3,2,0.99,0.66
0.0004,720575940612326373,720575940630190411,650,700,0.66,2,2,1.32,1.32
0.0004,720575940612326373,720575940630190411,700,750,0.66,3,1,1.98,0.66
0.0004,720575940628695043,720575940630193628,700,750,0.33,3,1,0.99,0.33
0.0004,720575940633434208,720575940630222807,700,750,0.33,1,0,0.33,0.0
0.0004,720575940643551392,720575940630222807,700,750,0.66,1,0,0.66,0.0
0.0004,720575940639283278,720575940630258572,700,750,1.32,1,0,1.32,0.0
0.0004,720575940628455942,720575940630294138,650,700,-3.696,1,1,3.696,3.696
0.0004,720575940643476128,720575940630296284,700,750,-1.32,1,1,1.32,1.32
0.0004,720575940628455942,720575940630296428,700,750,0.33,1,1,0.33,0.33
0.0004,720575940639283278,720575940630296428,700,750,4.29,1,0,4.29,0.0
0.0004,720575940643476128,720575940630296428,700,750,0.66,1,0,0.66,0.0
0.0004,720575940612326373,720575940630296428,700,750,0.33,1,1,0.33,0.33
0.0004,720575940628695043,720575940630346860,700,750,-0.264,2,2,0.528,0.528
0.0004,720575940639283278,720575940630354169,650,700,0.33,2,2,0.66,0.66
0.0004,720575940639283278,720575940630354169,700,750,0.33,3,0,0.99,0.0
0.0004,720575940639935616,720575940630354169,650,700,0.33,2,1,0.66,0.33
0.0004,720575940639935616,720575940630354169,700,750,0.33,3,3,0.99,0.99
0.0004,720575940643476128,720575940630354169,650,700,0.99,2,1,1.98,0.99
0.0004,720575940643476128,720575940630354169,700,750,0.99,3,3,2.9699999999999998,2.9699999999999998
0.0004,720575940628695043,720575940630384635,700,750,0.33,4,1,1.32,0.33
0.0004,720575940628695043,720575940630394424,700,750,0.33,3,0,0.99,0.0
0.0004,720575940643476128,720575940630471695,700,750,0.33,3,2,0.99,0.66
0.0004,720575940628455942,720575940630480581,650,700,4.62,1,1,4.62,4.62
0.0004,720575940639935616,720575940630480581,650,700,0.33,1,0,0.33,0.0
0.0004,720575940628695043,720575940630496374,700,750,-44.61600000000001,9,2,401.54400000000004,89.23200000000001
0.0004,720575940643476128,720575940630496374,700,750,-2.64,9,4,23.76,10.56
0.0004,720575940628455942,720575940630506358,600,650,1.32,1,1,1.32,1.32
0.0004,720575940628455942,720575940630506358,700,750,1.32,1,1,1.32,1.32
0.0004,720575940643476128,720575940630506358,600,650,0.33,1,1,0.33,0.33
0.0004,720575940643476128,720575940630506358,700,750,0.33,1,0,0.33,0.0
0.0004,720575940612326373,720575940630539535,650,700,0.99,5,3,4.95,2.9699999999999998
0.0004,720575940612326373,720575940630539535,700,750,0.99,5,4,4.95,3.96
0.0004,720575940639935616,720575940630539535,650,700,0.33,5,1,1.6500000000000001,0.33
0.0004,720575940639935616,720575940630539535,700,750,0.33,5,4,1.6500000000000001,1.32
0.0004,720575940629667639,720575940630539535,650,700,0.33,5,4,1.6500000000000001,1.32
0.0004,720575940629667639,720575940630539535,700,750,0.33,5,3,1.6500000000000001,0.99
0.0004,720575940633434208,720575940630552591,650,700,-0.792,3,3,2.3760000000000003,2.3760000000000003
0.0004,720575940633434208,720575940630552591,700,750,-0.792,4,2,3.168,1.584
0.0004,720575940629377132,720575940630552591,650,700,-0.792,3,2,2.3760000000000003,1.584
0.0004,720575940629377132,720575940630552591,700,750,-0.792,4,1,3.168,0.792
0.0004,720575940643551392,720575940630552591,650,700,-0.264,3,3,0.792,0.792
0.0004,720575940643551392,720575940630552591,700,750,-0.264,4,3,1.056,0.792
0.0004,720575940623862015,720575940630552591,650,700,-0.792,3,3,2.3760000000000003,2.3760000000000003
0.0004,720575940623862015,720575940630552591,700,750,-0.792,4,1,3.168,0.792
0.0004,720575940629667639,720575940630552591,650,700,-1.056,3,3,3.168,3.168
0.0004,720575940629667639,720575940630552591,700,750,-1.056,4,1,4.224,1.056
0.0004,720575940629393207,720575940630552591,650,700,-1.056,3,2,3.168,2.112
0.0004,720575940629393207,720575940630552591,700,750,-1.056,4,1,4.224,1.056
0.0004,720575940639935616,720575940630566487,700,750,0.66,2,1,1.32,0.66
0.0004,720575940643476128,720575940630566487,700,750,10.56,2,1,21.12,10.56
0.0004,720575940612326373,720575940630566487,700,750,2.97,2,2,5.94,5.94
0.0004,720575940628455942,720575940630590572,700,750,0.99,4,2,3.96,1.98
0.0004,720575940639935616,720575940630590572,700,750,0.33,4,3,1.32,0.99
0.0004,720575940612326373,720575940630600775,650,700,0.33,2,0,0.66,0.0
0.0004,720575940612326373,720575940630600775,700,750,0.33,3,3,0.99,0.99
0.0004,720575940628695043,720575940630604537,700,750,0.99,4,3,3.96,2.9699999999999998
0.0004,720575940612326373,720575940630604537,700,750,0.33,4,3,1.32,0.99
0.0004,720575940628455942,720575940630622250,650,700,-0.264,2,1,0.528,0.264
0.0004,720575940628455942,720575940630622250,700,750,-0.264,4,1,1.056,0.264
0.0004,720575940639283278,720575940630622250,650,700,-0.264,2,1,0.528,0.264
0.0004,720575940639283278,720575940630622250,700,750,-0.264,4,3,1.056,0.792
0.0004,720575940639935616,720575940630622250,650,700,-0.792,2,0,1.584,0.0
0.0004,720575940639935616,720575940630622250,700,750,-0.792,4,3,3.168,2.3760000000000003
0.0004,720575940643476128,720575940630622250,650,700,-0.264,2,1,0.528,0.264
0.0004,720575940643476128,720575940630622250,700,750,-0.264,4,3,1.056,0.792
0.0004,720575940612326373,720575940630622250,650,700,-0.264,2,1,0.528,0.264
0.0004,720575940612326373,720575940630622250,700,750,-0.264,4,1,1.056,0.264
0.0004,720575940628695043,720575940630689787,700,750,-1.056,3,1,3.168,1.056
0.0004,720575940628455942,720575940630731595,700,750,0.33,1,0,0.33,0.0
0.0004,720575940639935616,720575940630738263,700,750,0.33,1,1,0.33,0.33
0.0004,720575940629667639,720575940630738263,700,750,0.33,1,0,0.33,0.0
0.0004,720575940628695043,720575940630738463,700,750,-7.128,1,0,7.128,0.0
0.0004,720575940639935616,720575940630738463,700,750,-0.264,1,1,0.264,0.264
0.0004,720575940612326373,720575940630738463,700,750,-0.792,1,0,0.792,0.0
0.0004,720575940623862015,720575940630738683,700,750,-0.264,4,4,1.056,1.056
0.0004,720575940628695043,720575940630760771,700,750,-0.528,1,0,0.528,0.0
0.0004,720575940628455942,720575940630765253,650,700,-3.168,2,1,6.336,3.168
0.0004,720575940628455942,720575940630765253,700,750,-3.168,4,0,12.672,0.0
0.0004,720575940639283278,720575940630765253,650,700,-1.848,2,1,3.696,1.848
0.0004,720575940639283278,720575940630765253,700,750,-1.848,4,3,7.392,5.5440000000000005
0.0004,720575940643476128,720575940630765253,650,700,-0.528,2,1,1.056,0.528
0.0004,720575940643476128,720575940630765253,700,750,-0.528,4,2,2.112,1.056
0.0004,720575940628695043,720575940630767703,700,750,0.33,2,1,0.66,0.33
0.0004,720575940639935616,720575940630767959,700,750,0.99,1,1,0.99,0.99
0.0004,720575940612326373,720575940630767959,700,750,5.94,1,1,5.94,5.94
0.0004,720575940612326373,720575940630777631,700,750,0.33,2,2,0.66,0.66
0.0004,720575940660219265,720575940630820919,600,650,1.32,4,4,5.28,5.28
0.0004,720575940660219265,720575940630820919,640,650,1.32,1,1,1.32,1.32
0.0004,720575940660219265,720575940630820919,650,700,1.32,3,2,3.96,2.64
0.0004,720575940660219265,720575940630820919,700,750,1.32,4,4,5.28,5.28
0.0004,720575940628695043,720575940630864847,700,750,-0.264,9,6,2.3760000000000003,1.584
0.0004,720575940643476128,720575940630864847,700,750,-0.264,9,6,2.3760000000000003,1.584
0.0004,720575940639283278,720575940630882263,700,750,0.66,2,1,1.32,0.66
0.0004,720575940628455942,720575940630882263,700,750,0.66,2,2,1.32,1.32
0.0004,720575940643476128,720575940630882263,700,750,0.33,2,2,0.66,0.66
0.0004,720575940612326373,720575940630882263,700,750,0.33,2,1,0.66,0.33
0.0004,720575940639935616,720575940630882263,700,750,1.65,2,1,3.3,1.65
0.0004,720575940639283278,720575940630921027,700,750,-0.528,4,2,2.112,1.056
0.0004,720575940628695043,720575940630930383,650,700,3.96,2,2,7.92,7.92
0.0004,720575940628695043,720575940630930383,700,750,3.96,4,2,15.84,7.92
0.0004,720575940633434208,720575940630930383,650,700,0.33,2,0,0.66,0.0
0.0004,720575940633434208,720575940630930383,700,750,0.33,4,3,1.32,0.99
0.0004,720575940628455942,720575940630930383,650,700,1.32,2,2,2.64,2.64
0.0004,720575940628455942,720575940630930383,700,750,1.32,4,3,5.28,3.96
0.0004,720575940643476128,720575940630930383,650,700,0.66,2,1,1.32,0.66
0.0004,720575940643476128,720575940630930383,700,750,0.66,4,3,2.64,1.98
0.0004,720575940639283278,720575940630931919,700,750,0.33,5,3,1.6500000000000001,0.99
0.0004,720575940643476128,720575940630933827,700,750,0.66,2,1,1.32,0.66
0.0004,720575940612326373,720575940630933827,700,750,1.65,2,2,3.3,3.3
0.0004,720575940639283278,720575940630936407,700,750,-0.264,2,1,0.528,0.264
0.0004,720575940612326373,720575940630953559,700,750,-1.32,7,7,9.24,9.24
0.0004,720575940639935616,720575940630953559,700,750,-0.264,7,3,1.848,0.792
0.0004,720575940639283278,720575940630955205,700,750,4.62,1,0,4.62,0.0
0.0004,720575940612326373,720575940630955205,700,750,0.33,1,1,0.33,0.33
0.0004,720575940628455942,720575940630968680,650,700,0.66,3,3,1.98,1.98
0.0004,720575940628455942,720575940630968680,700,750,0.66,5,2,3.3000000000000003,1.32
0.0004,720575940633434208,720575940630968680,650,700,2.31,3,1,6.93,2.31
0.0004,720575940633434208,720575940630968680,700,750,2.31,5,3,11.55,6.93
0.0004,720575940639935616,720575940630968680,650,700,0.33,3,2,0.99,0.66
0.0004,720575940639935616,720575940630968680,700,750,0.33,5,2,1.6500000000000001,0.66
0.0004,720575940643551392,720575940630968680,650,700,2.97,3,1,8.91,2.97
0.0004,720575940643551392,720575940630968680,700,750,2.97,5,1,14.850000000000001,2.97
0.0004,720575940628455942,720575940630991500,700,750,0.33,3,2,0.99,0.66
0.0004,720575940639283278,720575940630991500,700,750,14.520000000000001,3,1,43.56,14.520000000000001
0.0004,720575940639935616,720575940630991500,700,750,6.930000000000001,3,2,20.790000000000003,13.860000000000001
0.0004,720575940643476128,720575940630991500,700,750,7.260000000000001,3,3,21.78,21.78
0.0004,720575940612326373,720575940630991500,700,750,4.95,3,2,14.850000000000001,9.9
0.0004,720575940639283278,720575940631056184,700,750,12.870000000000001,2,1,25.740000000000002,12.870000000000001
0.0004,720575940612326373,720575940631056184,700,750,3.3,2,1,6.6,3.3
0.0004,720575940639935616,720575940631056184,700,750,1.32,2,1,2.64,1.32
0.0004,720575940629377132,720575940631058280,600,650,2.31,1,1,2.31,2.31
0.0004,720575940629377132,720575940631058280,650,700,2.31,3,1,6.93,2.31
0.0004,720575940629377132,720575940631058280,700,750,2.31,3,2,6.93,4.62
0.0004,720575940639935616,720575940631058280,600,650,0.66,1,1,0.66,0.66
0.0004,720575940639935616,720575940631058280,650,700,0.66,3,2,1.98,1.32
0.0004,720575940639935616,720575940631058280,700,750,0.66,3,0,1.98,0.0
0.0004,720575940629393207,720575940631058280,600,650,0.99,1,1,0.99,0.99
0.0004,720575940629393207,720575940631058280,650,700,0.99,3,1,2.9699999999999998,0.99
0.0004,720575940629393207,720575940631058280,700,750,0.99,3,2,2.9699999999999998,1.98
0.0004,720575940639283278,720575940631075688,700,750,0.33,3,2,0.99,0.66
0.0004,720575940612326373,720575940631075688,700,750,0.66,3,1,1.98,0.66
0.0004,720575940628455942,720575940631089935,700,750,0.33,3,2,0.99,0.66
0.0004,720575940628695043,720575940631097462,650,700,0.33,4,4,1.32,1.32
0.0004,720575940628695043,720575940631097462,700,750,0.33,5,4,1.6500000000000001,1.32
0.0004,720575940628695043,720575940631107139,650,700,3.6300000000000003,3,3,10.89,10.89
0.0004,720575940628695043,720575940631107139,700,750,3.6300000000000003,2,1,7.260000000000001,3.6300000000000003
0.0004,720575940639283278,720575940631107139,650,700,21.12,3,2,63.36,42.24
0.0004,720575940639283278,720575940631107139,700,750,21.12,2,2,42.24,42.24
0.0004,720575940633434208,720575940631107139,650,700,0.33,3,3,0.99,0.99
0.0004,720575940633434208,720575940631107139,700,750,0.33,2,1,0.66,0.33
0.0004,720575940623862015,720575940631107139,650,700,0.33,3,3,0.99,0.99
0.0004,720575940623862015,720575940631107139,700,750,0.33,2,0,0.66,0.0
0.0004,720575940628455942,720575940631107139,650,700,6.2700000000000005,3,2,18.810000000000002,12.540000000000001
0.0004,720575940628455942,720575940631107139,700,750,6.2700000000000005,2,0,12.540000000000001,0.0
0.0004,720575940612326373,720575940631107139,650,700,7.92,3,2,23.759999999999998,15.84
0.0004,720575940612326373,720575940631107139,700,750,7.92,2,0,15.84,0.0
0.0004,720575940639935616,720575940631107139,650,700,5.94,3,2,17.82,11.88
0.0004,720575940639935616,720575940631107139,700,750,5.94,2,0,11.88,0.0
0.0004,720575940629667639,720575940631107139,650,700,0.66,3,3,1.98,1.98
0.0004,720575940629667639,720575940631107139,700,750,0.66,2,1,1.32,0.66
0.0004,720575940612326373,720575940631182354,650,700,0.33,2,2,0.66,0.66
0.0004,720575940639935616,720575940631225871,700,750,2.64,3,3,7.92,7.92
0.0004,720575940612326373,720575940631225871,700,750,2.97,3,3,8.91,8.91
0.0004,720575940628695043,720575940631227343,700,750,0.33,4,2,1.32,0.66
0.0004,720575940639935616,720575940631229999,700,750,-0.528,1,0,0.528,0.0
0.0004,720575940612326373,720575940631229999,700,750,-0.528,1,1,0.528,0.528
0.0004,720575940639935616,720575940631234575,700,750,1.65,4,2,6.6,3.3
0.0004,720575940612326373,720575940631234575,700,750,1.65,4,2,6.6,3.3
0.0004,720575940628695043,720575940631237203,700,750,22.77,1,0,22.77,0.0
0.0004,720575940628695043,720575940631267409,600,650,0.33,2,2,0.66,0.66
0.0004,720575940628695043,720575940631267409,650,700,0.33,3,3,0.99,0.99
0.0004,720575940628695043,720575940631267409,700,750,0.33,7,3,2.31,0.99
0.0004,720575940628455942,720575940631267409,600,650,0.33,2,2,0.66,0.66
0.0004,720575940628455942,720575940631267409,650,700,0.33,3,3,0.99,0.99
0.0004,720575940628455942,720575940631267409,700,750,0.33,7,2,2.31,0.66
0.0004,720575940612326373,720575940631267409,600,650,0.33,2,2,0.66,0.66
0.0004,720575940612326373,720575940631267409,650,700,0.33,3,2,0.99,0.66
0.0004,720575940612326373,720575940631267409,700,750,0.33,7,3,2.31,0.99
0.0004,720575940639283278,720575940631271251,700,750,2.64,6,4,15.84,10.56
0.0004,720575940639935616,720575940631271251,700,750,1.65,6,2,9.899999999999999,3.3
0.0004,720575940612326373,720575940631271251,700,750,1.32,6,2,7.92,2.64
0.0004,720575940628695043,720575940631318031,700,750,-0.528,5,5,2.64,2.64
0.0004,720575940643551392,720575940631318031,700,750,-0.528,5,3,2.64,1.584
0.0004,720575940628455942,720575940631318031,700,750,-2.9040000000000004,5,5,14.520000000000001,14.520000000000001
0.0004,720575940623862015,720575940631321704,700,750,4.95,8,3,39.6,14.850000000000001
0.0004,720575940660219265,720575940631349335,600,650,0.33,4,3,1.32,0.99
0.0004,720575940660219265,720575940631349335,640,650,0.33,1,1,0.33,0.33
0.0004,720575940660219265,720575940631349335,650,700,0.33,5,4,1.6500000000000001,1.32
0.0004,720575940660219265,720575940631349335,700,750,0.33,3,3,0.99,0.99
0.0004,720575940612326373,720575940631353671,700,750,0.33,3,2,0.99,0.66
0.0004,720575940628455942,720575940631365260,700,750,-16.368000000000002,1,1,16.368000000000002,16.368000000000002
0.0004,720575940629377132,720575940631399308,700,750,0.33,1,0,0.33,0.0
0.0004,720575940639935616,720575940631399308,700,750,0.33,1,1,0.33,0.33
0.0004,720575940639935616,720575940631422776,700,750,0.99,1,1,0.99,0.99
0.0004,720575940629393207,720575940631422776,700,750,0.33,1,0,0.33,0.0
0.0004,720575940612326373,720575940631422776,700,750,0.33,1,1,0.33,0.33
0.0004,720575940628455942,720575940631449411,700,750,-5.808000000000001,1,0,5.808000000000001,0.0
0.0004,720575940643476128,720575940631449411,700,750,-0.792,1,1,0.792,0.792
0.0004,720575940628455942,720575940631457347,650,700,0.99,1,0,0.99,0.0
0.0004,720575940628455942,720575940631457347,700,750,0.99,3,1,2.9699999999999998,0.99
0.0004,720575940612326373,720575940631457347,650,700,0.99,1,0,0.99,0.0
0.0004,720575940612326373,720575940631457347,700,750,0.99,3,3,2.9699999999999998,2.9699999999999998
0.0004,720575940628695043,720575940631457347,650,700,0.99,1,1,0.99,0.99
0.0004,720575940628695043,720575940631457347,700,750,0.99,3,3,2.9699999999999998,2.9699999999999998
0.0004,720575940623862015,720575940631457347,650,700,0.66,1,1,0.66,0.66
0.0004,720575940623862015,720575940631457347,700,750,0.66,3,3,1.98,1.98
0.0004,720575940639935616,720575940631457347,650,700,1.32,1,1,1.32,1.32
0.0004,720575940639935616,720575940631457347,700,750,1.32,3,1,3.96,1.32
0.0004,720575940643476128,720575940631457347,650,700,0.66,1,1,0.66,0.66
0.0004,720575940643476128,720575940631457347,700,750,0.66,3,1,1.98,0.66
0.0004,720575940639283278,720575940631457347,650,700,4.62,1,1,4.62,4.62
0.0004,720575940639283278,720575940631457347,700,750,4.62,3,0,13.86,0.0
0.0004,720575940629667639,720575940631457347,650,700,1.32,1,1,1.32,1.32
0.0004,720575940629667639,720575940631457347,700,750,1.32,3,3,3.96,3.96
0.0004,720575940629667639,720575940631549202,700,750,0.33,1,1,0.33,0.33
0.0004,720575940628455942,720575940631561676,650,700,0.33,4,4,1.32,1.32
0.0004,720575940628455942,720575940631561676,700,750,0.33,5,2,1.6500000000000001,0.66
0.0004,720575940639283278,720575940631561676,650,700,0.33,4,2,1.32,0.66
0.0004,720575940639283278,720575940631561676,700,750,0.33,5,3,1.6500000000000001,0.99
0.0004,720575940628695043,720575940631575327,600,650,0.66,2,2,1.32,1.32
0.0004,720575940628695043,720575940631575327,650,700,0.66,3,3,1.98,1.98
0.0004,720575940628695043,720575940631575327,700,750,0.66,6,3,3.96,1.98
0.0004,720575940628455942,720575940631575327,600,650,0.33,2,2,0.66,0.66
0.0004,720575940628455942,720575940631575327,650,700,0.33,3,3,0.99,0.99
0.0004,720575940628455942,720575940631575327,700,750,0.33,6,3,1.98,0.99
0.0004,720575940628695043,720575940631588931,700,750,-3.168,3,0,9.504000000000001,0.0
0.0004,720575940612326373,720575940631588931,700,750,-2.9040000000000004,3,1,8.712000000000002,2.9040000000000004
0.0004,720575940639283278,720575940631603256,700,750,0.66,1,1,0.66,0.66
0.0004,720575940643476128,720575940631603256,700,750,11.88,1,1,11.88,11.88
0.0004,720575940612326373,720575940631603256,700,750,2.31,1,0,2.31,0.0
0.0004,720575940639935616,720575940631603256,700,750,3.3,1,1,3.3,3.3
0.0004,720575940639283278,720575940631617347,700,750,0.33,3,3,0.99,0.99
0.0004,720575940639283278,720575940631628355,700,750,0.33,5,3,1.6500000000000001,0.99
0.0004,720575940628695043,720575940631655737,700,750,0.66,1,1,0.66,0.66
0.0004,720575940660219265,720575940631662648,600,650,0.33,3,2,0.99,0.66
0.0004,720575940660219265,720575940631662648,640,650,0.33,1,1,0.33,0.33
0.0004,720575940660219265,720575940631662648,650,700,0.33,2,1,0.66,0.33
0.0004,720575940660219265,720575940631662648,700,750,0.33,2,1,0.66,0.33
0.0004,720575940628695043,720575940631665721,700,750,0.33,3,2,0.99,0.66
0.0004,720575940628455942,720575940631677651,700,750,-0.264,2,2,0.528,0.528
0.0004,720575940639935616,720575940631677651,700,750,-0.264,2,0,0.528,0.0
0.0004,720575940628455942,720575940631754209,700,750,-13.200000000000001,1,1,13.200000000000001,13.200000000000001
0.0004,720575940643476128,720575940631754209,700,750,-1.848,1,0,1.848,0.0
0.0004,720575940639283278,720575940631754209,700,750,-5.28,1,0,5.28,0.0
0.0004,720575940628455942,720575940631754527,700,750,0.33,2,1,0.66,0.33
0.0004,720575940628695043,720575940631758393,700,750,0.66,6,2,3.96,1.32
0.0004,720575940628695043,720575940631784275,700,750,6.930000000000001,2,0,13.860000000000001,0.0
0.0004,720575940639283278,720575940631796803,700,750,0.33,4,1,1.32,0.33
0.0004,720575940628695043,720575940631808825,700,750,15.18,1,0,15.18,0.0
0.0004,720575940623862015,720575940631808825,700,750,1.98,1,0,1.98,0.0
0.0004,720575940612326373,720575940631808825,700,750,8.25,1,0,8.25,0.0
0.0004,720575940639935616,720575940631808825,700,750,16.17,1,0,16.17,0.0
0.0004,720575940629667639,720575940631808825,700,750,12.540000000000001,1,0,12.540000000000001,0.0
0.0004,720575940628695043,720575940631828307,650,700,-2.3760000000000003,1,1,2.3760000000000003,2.3760000000000003
0.0004,720575940628695043,720575940631828307,700,750,-2.3760000000000003,2,2,4.752000000000001,4.752000000000001
0.0004,720575940628695043,720575940631865228,650,700,1.32,3,3,3.96,3.96
0.0004,720575940628695043,720575940631865228,700,750,1.32,4,2,5.28,2.64
0.0004,720575940629393207,720575940631865228,650,700,0.33,3,1,0.99,0.33
0.0004,720575940629393207,720575940631865228,700,750,0.33,4,1,1.32,0.33
0.0004,720575940629667639,720575940631865228,650,700,3.3,3,1,9.899999999999999,3.3
0.0004,720575940629667639,720575940631865228,700,750,3.3,4,2,13.2,6.6
0.0004,720575940639935616,720575940631912473,700,750,1.32,1,1,1.32,1.32
0.0004,720575940660219265,720575940631918649,600,650,-1.056,4,3,4.224,3.168
0.0004,720575940660219265,720575940631918649,640,650,-1.056,1,1,1.056,1.056
0.0004,720575940660219265,720575940631918649,650,700,-1.056,4,3,4.224,3.168
0.0004,720575940660219265,720575940631918649,700,750,-1.056,3,2,3.168,2.112
0.0004,720575940628695043,720575940631937042,650,700,-0.528,2,0,1.056,0.0
0.0004,720575940628695043,720575940631937042,700,750,-0.528,2,2,1.056,1.056
0.0004,720575940639283278,720575940631956551,700,750,-0.528,2,2,1.056,1.056
0.0004,720575940628695043,720575940631957319,700,750,0.33,3,1,0.99,0.33
0.0004,720575940639283278,720575940631962705,700,750,1.65,3,1,4.949999999999999,1.65
0.0004,720575940639935616,720575940631962705,700,750,4.62,3,0,13.86,0.0
0.0004,720575940612326373,720575940631962705,700,750,6.930000000000001,3,1,20.790000000000003,6.930000000000001
0.0004,720575940628695043,720575940631989841,650,700,-4.488,2,0,8.976,0.0
0.0004,720575940628695043,720575940631989841,700,750,-4.488,3,3,13.464000000000002,13.464000000000002
0.0004,720575940639283278,720575940631989841,650,700,-1.584,2,2,3.168,3.168
0.0004,720575940639283278,720575940631989841,700,750,-1.584,3,0,4.752000000000001,0.0
0.0004,720575940639935616,720575940631989841,650,700,-0.528,2,1,1.056,0.528
0.0004,720575940639935616,720575940631989841,700,750,-0.528,3,1,1.584,0.528
0.0004,720575940612326373,720575940631989841,650,700,-0.528,2,1,1.056,0.528
0.0004,720575940612326373,720575940631989841,700,750,-0.528,3,3,1.584,1.584
0.0004,720575940639283278,720575940631990343,650,700,-0.264,1,1,0.264,0.264
0.0004,720575940639283278,720575940631990343,700,750,-0.264,3,2,0.792,0.528
0.0004,720575940660219265,720575940631994728,600,650,-0.264,2,2,0.528,0.528
0.0004,720575940660219265,720575940631994728,650,700,-0.264,2,1,0.528,0.264
0.0004,720575940660219265,720575940631994728,700,750,-0.264,1,1,0.264,0.264
0.0004,720575940628695043,720575940631997101,650,700,-0.528,2,0,1.056,0.0
0.0004,720575940628695043,720575940631997101,700,750,-0.528,4,3,2.112,1.584
0.0004,720575940612326373,720575940631997101,650,700,-0.264,2,1,0.528,0.264
0.0004,720575940612326373,720575940631997101,700,750,-0.264,4,2,1.056,0.528
0.0004,720575940639283278,720575940632042148,600,650,-0.528,1,1,0.528,0.528
0.0004,720575940639283278,720575940632042148,650,700,-0.528,4,4,2.112,2.112
0.0004,720575940639283278,720575940632042148,700,750,-0.528,5,3,2.64,1.584
0.0004,720575940639935616,720575940632042148,600,650,-0.264,1,1,0.264,0.264
0.0004,720575940639935616,720575940632042148,650,700,-0.264,4,4,1.056,1.056
0.0004,720575940639935616,720575940632042148,700,750,-0.264,5,1,1.32,0.264
0.0004,720575940628695043,720575940632059193,650,700,-0.264,2,1,0.528,0.264
0.0004,720575940628695043,720575940632059193,700,750,-0.264,5,2,1.32,0.528
0.0004,720575940643476128,720575940632059193,650,700,-0.264,2,2,0.528,0.528
0.0004,720575940643476128,720575940632059193,700,750,-0.264,5,5,1.32,1.32
0.0004,720575940612326373,720575940632059193,650,700,-0.264,2,2,0.528,0.528
0.0004,720575940612326373,720575940632059193,700,750,-0.264,5,1,1.32,0.264
0.0004,720575940628695043,720575940632065164,700,750,3.6300000000000003,4,0,14.520000000000001,0.0
0.0004,720575940639935616,720575940632078732,700,750,-0.264,2,0,0.528,0.0
0.0004,720575940639283278,720575940632087692,700,750,0.66,2,2,1.32,1.32
0.0004,720575940639283278,720575940632091300,700,750,0.99,2,2,1.98,1.98
0.0004,720575940639935616,720575940632091300,700,750,0.99,2,2,1.98,1.98
0.0004,720575940612326373,720575940632091300,700,750,2.64,2,0,5.28,0.0
0.0004,720575940612326373,720575940632107335,700,750,0.66,2,1,1.32,0.66
0.0004,720575940639935616,720575940632107335,700,750,0.33,2,0,0.66,0.0
0.0004,720575940628695043,720575940632195887,700,750,0.33,2,1,0.66,0.33
0.0004,720575940628455942,720575940632230099,650,700,-2.112,1,0,2.112,0.0
0.0004,720575940639283278,720575940632230099,650,700,-3.9600000000000004,1,1,3.9600000000000004,3.9600000000000004
0.0004,720575940639935616,720575940632230099,650,700,-1.848,1,0,1.848,0.0
0.0004,720575940643476128,720575940632230099,650,700,-12.144,1,1,12.144,12.144
0.0004,720575940612326373,720575940632230099,650,700,-0.528,1,1,0.528,0.528
0.0004,720575940628695043,720575940632241828,700,750,0.33,2,1,0.66,0.33
0.0004,720575940643551392,720575940632250060,700,750,-0.264,1,1,0.264,0.264
0.0004,720575940623862015,720575940632250060,700,750,-13.728000000000002,1,1,13.728000000000002,13.728000000000002
0.0004,720575940660219265,720575940632252743,600,650,92.73,4,4,370.92,370.92
0.0004,720575940660219265,720575940632252743,640,650,92.73,1,1,92.73,92.73
0.0004,720575940660219265,720575940632252743,650,700,92.73,2,1,185.46,92.73
0.0004,720575940660219265,720575940632252743,700,750,92.73,4,4,370.92,370.92
0.0004,720575940629393207,720575940632264223,700,750,0.33,1,1,0.33,0.33
0.0004,720575940612326373,720575940632264223,700,750,0.33,1,0,0.33,0.0
0.0004,720575940628455942,720575940632305951,650,700,-2.3760000000000003,1,1,2.3760000000000003,2.3760000000000003
0.0004,720575940628455942,720575940632305951,700,750,-2.3760000000000003,2,2,4.752000000000001,4.752000000000001
0.0004,720575940639283278,720575940632305951,650,700,-7.656000000000001,1,0,7.656000000000001,0.0
0.0004,720575940639283278,720575940632305951,700,750,-7.656000000000001,2,2,15.312000000000001,15.312000000000001
0.0004,720575940639935616,720575940632305951,650,700,-0.264,1,1,0.264,0.264
0.0004,720575940639935616,720575940632305951,700,750,-0.264,2,1,0.528,0.264
0.0004,720575940643476128,720575940632305951,650,700,-3.4320000000000004,1,1,3.4320000000000004,3.4320000000000004
0.0004,720575940643476128,720575940632305951,700,750,-3.4320000000000004,2,2,6.864000000000001,6.864000000000001
0.0004,720575940612326373,720575940632305951,650,700,-0.264,1,1,0.264,0.264
0.0004,720575940612326373,720575940632305951,700,750,-0.264,2,1,0.528,0.264
0.0004,720575940660219265,720575940632365905,600,650,0.33,3,3,0.99,0.99
0.0004,720575940660219265,720575940632365905,640,650,0.33,1,1,0.33,0.33
0.0004,720575940660219265,720575940632365905,650,700,0.33,2,1,0.66,0.33
0.0004,720575940660219265,720575940632365905,700,750,0.33,2,0,0.66,0.0
0.0004,720575940628455942,720575940632389028,700,750,0.33,3,2,0.99,0.66
0.0004,720575940639283278,720575940632389028,700,750,5.28,3,1,15.84,5.28
0.0004,720575940639935616,720575940632389028,700,750,1.32,3,1,3.96,1.32
0.0004,720575940639283278,720575940632391844,700,750,-1.056,3,1,3.168,1.056
0.0004,720575940639935616,720575940632501404,700,750,0.33,2,1,0.66,0.33
0.0004,720575940628455942,720575940632542253,650,700,-15.312000000000001,1,0,15.312000000000001,0.0
0.0004,720575940639283278,720575940632542253,650,700,-7.128,1,1,7.128,7.128
0.0004,720575940643476128,720575940632542253,650,700,-1.32,1,1,1.32,1.32
0.0004,720575940612326373,720575940632542253,650,700,-0.264,1,1,0.264,0.264
0.0004,720575940628455942,720575940632584787,700,750,0.33,1,0,0.33,0.0
0.0004,720575940628695043,720575940632656173,700,750,-2.9040000000000004,2,0,5.808000000000001,0.0
0.0004,720575940612326373,720575940632656173,700,750,-0.264,2,0,0.528,0.0
0.0004,720575940639283278,720575940632662611,700,750,3.96,3,2,11.879999999999999,7.92
0.0004,720575940639935616,720575940632662611,700,750,0.33,3,1,0.99,0.33
0.0004,720575940628455942,720575940632732845,650,700,-2.9040000000000004,2,1,5.808000000000001,2.9040000000000004
0.0004,720575940628455942,720575940632732845,700,750,-2.9040000000000004,3,1,8.712000000000002,2.9040000000000004
0.0004,720575940639283278,720575940632732845,650,700,-2.112,2,2,4.224,4.224
0.0004,720575940639283278,720575940632732845,700,750,-2.112,3,2,6.336,4.224
0.0004,720575940643476128,720575940632732845,650,700,-1.584,2,1,3.168,1.584
0.0004,720575940643476128,720575940632732845,700,750,-1.584,3,1,4.752000000000001,1.584
0.0004,720575940612326373,720575940632732845,650,700,-0.264,2,1,0.528,0.264
0.0004,720575940612326373,720575940632732845,700,750,-0.264,3,1,0.792,0.264
0.0004,720575940628695043,720575940632753619,700,750,-1.32,1,1,1.32,1.32
0.0004,720575940639935616,720575940632753619,700,750,-0.792,1,0,0.792,0.0
0.0004,720575940612326373,720575940632753619,700,750,-2.9040000000000004,1,1,2.9040000000000004,2.9040000000000004
0.0004,720575940639283278,720575940632793645,700,750,-1.848,5,2,9.24,3.696
0.0004,720575940612326373,720575940632793645,700,750,-0.792,5,4,3.96,3.168
0.0004,720575940628695043,720575940632818221,700,750,0.33,3,3,0.99,0.99
0.0004,720575940639935616,720575940632876223,650,700,-1.32,1,0,1.32,0.0
0.0004,720575940639935616,720575940632876223,700,750,-1.32,1,1,1.32,1.32
0.0004,720575940643476128,720575940632876223,650,700,-1.32,1,1,1.32,1.32
0.0004,720575940643476128,720575940632876223,700,750,-1.32,1,1,1.32,1.32
0.0004,720575940612326373,720575940632876223,650,700,-1.056,1,1,1.056,1.056
0.0004,720575940612326373,720575940632876223,700,750,-1.056,1,1,1.056,1.056
0.0004,720575940612326373,720575940632999578,700,750,-0.264,2,1,0.528,0.264
0.0004,720575940628455942,720575940633062335,650,700,0.33,3,1,0.99,0.33
0.0004,720575940628455942,720575940633062335,700,750,0.33,4,3,1.32,0.99
0.0004,720575940633434208,720575940633062335,650,700,0.33,3,3,0.99,0.99
0.0004,720575940633434208,720575940633062335,700,750,0.33,4,3,1.32,0.99
0.0004,720575940612326373,720575940633107607,700,750,-0.528,2,0,1.056,0.0
0.0004,720575940628455942,720575940633269695,700,750,-5.5440000000000005,3,1,16.632,5.5440000000000005
0.0004,720575940639283278,720575940633269695,700,750,-3.168,3,3,9.504000000000001,9.504000000000001
0.0004,720575940628455942,720575940633270497,700,750,0.33,2,1,0.66,0.33
0.0004,720575940628455942,720575940633333916,650,700,-15.840000000000002,1,0,15.840000000000002,0.0
0.0004,720575940628455942,720575940633333916,700,750,-15.840000000000002,4,1,63.36000000000001,15.840000000000002
0.0004,720575940639283278,720575940633333916,650,700,-6.336,1,1,6.336,6.336
0.0004,720575940639283278,720575940633333916,700,750,-6.336,4,3,25.344,19.008000000000003
0.0004,720575940643476128,720575940633333916,650,700,-0.528,1,1,0.528,0.528
0.0004,720575940643476128,720575940633333916,700,750,-0.528,4,3,2.112,1.584
0.0004,720575940639283278,720575940633350812,700,750,-0.792,1,0,0.792,0.0
0.0004,720575940660219265,720575940633373651,600,650,0.66,1,0,0.66,0.0
0.0004,720575940660219265,720575940633373651,650,700,0.66,2,2,1.32,1.32
0.0004,720575940660219265,720575940633373651,700,750,0.66,1,1,0.66,0.66
0.0004,720575940639935616,720575940633406745,700,750,0.66,4,2,2.64,1.32
0.0004,720575940628695043,720575940633434208,600,650,-0.264,2,2,0.528,0.528
0.0004,720575940628695043,720575940633434208,650,700,-0.264,6,5,1.584,1.32
0.0004,720575940628695043,720575940633434208,700,750,-0.264,9,5,2.3760000000000003,1.32
0.0004,720575940628455942,720575940633434208,600,650,-0.264,2,2,0.528,0.528
0.0004,720575940628455942,720575940633434208,650,700,-0.264,6,6,1.584,1.584
0.0004,720575940628455942,720575940633434208,700,750,-0.264,9,7,2.3760000000000003,1.848
0.0004,720575940639935616,720575940633434208,600,650,-0.264,2,2,0.528,0.528
0.0004,720575940639935616,720575940633434208,650,700,-0.264,6,3,1.584,0.792
0.0004,720575940639935616,720575940633434208,700,750,-0.264,9,6,2.3760000000000003,1.584
0.0004,720575940643551392,720575940633434208,600,650,-12.408000000000001,2,0,24.816000000000003,0.0
0.0004,720575940643551392,720575940633434208,650,700,-12.408000000000001,6,0,74.44800000000001,0.0
0.0004,720575940643551392,720575940633434208,700,750,-12.408000000000001,9,0,111.67200000000001,0.0
0.0004,720575940628455942,720575940633480860,650,700,-0.528,1,1,0.528,0.528
0.0004,720575940628455942,720575940633480860,700,750,-0.528,3,2,1.584,1.056
0.0004,720575940643476128,720575940633480860,650,700,-0.264,1,0,0.264,0.0
0.0004,720575940643476128,720575940633480860,700,750,-0.264,3,3,0.792,0.792
0.0004,720575940612326373,720575940633480860,650,700,-0.264,1,1,0.264,0.264
0.0004,720575940612326373,720575940633480860,700,750,-0.264,3,2,0.792,0.528
0.0004,720575940660219265,720575940633488153,700,750,2.64,2,1,5.28,2.64
0.0004,720575940639283278,720575940633583712,700,750,0.66,2,1,1.32,0.66
0.0004,720575940639283278,720575940633626337,700,750,-15.312000000000001,9,3,137.80800000000002,45.93600000000001
0.0004,720575940628695043,720575940633660386,650,700,6.930000000000001,1,1,6.930000000000001,6.930000000000001
0.0004,720575940628695043,720575940633660386,700,750,6.930000000000001,4,2,27.720000000000002,13.860000000000001
0.0004,720575940639283278,720575940633660386,650,700,2.64,1,1,2.64,2.64
0.0004,720575940639283278,720575940633660386,700,750,2.64,4,1,10.56,2.64
0.0004,720575940628455942,720575940633660386,650,700,8.25,1,1,8.25,8.25
0.0004,720575940628455942,720575940633660386,700,750,8.25,4,3,33.0,24.75
0.0004,720575940639935616,720575940633660386,650,700,0.33,1,1,0.33,0.33
0.0004,720575940639935616,720575940633660386,700,750,0.33,4,4,1.32,1.32
0.0004,720575940628695043,720575940633771033,650,700,0.66,1,1,0.66,0.66
0.0004,720575940628695043,720575940633771033,700,750,0.66,1,0,0.66,0.0
0.0004,720575940639283278,720575940633771033,650,700,0.99,1,1,0.99,0.99
0.0004,720575940639283278,720575940633771033,700,750,0.99,1,1,0.99,0.99
0.0004,720575940628695043,720575940633810527,650,700,-1.584,1,1,1.584,1.584
0.0004,720575940628695043,720575940633810527,700,750,-1.584,2,1,3.168,1.584
0.0004,720575940639935616,720575940633810527,650,700,-0.264,1,0,0.264,0.0
0.0004,720575940639935616,720575940633810527,700,750,-0.264,2,1,0.528,0.264
0.0004,720575940612326373,720575940633810527,650,700,-0.528,1,1,0.528,0.528
0.0004,720575940612326373,720575940633810527,700,750,-0.528,2,1,1.056,0.528
0.0004,720575940628695043,720575940633823584,700,750,1.32,1,0,1.32,0.0
0.0004,720575940623862015,720575940633823584,700,750,0.33,1,0,0.33,0.0
0.0004,720575940629667639,720575940633823584,700,750,0.33,1,0,0.33,0.0
0.0004,720575940623862015,720575940633903897,700,750,0.33,2,2,0.66,0.66
0.0004,720575940628695043,720575940633904796,700,750,0.33,1,1,0.33,0.33
0.0004,720575940628695043,720575940634113687,650,700,-1.584,3,2,4.752000000000001,3.168
0.0004,720575940628695043,720575940634113687,700,750,-1.584,4,3,6.336,4.752000000000001
0.0004,720575940628455942,720575940634131391,700,750,-0.264,1,0,0.264,0.0
0.0004,720575940639283278,720575940634131391,700,750,-0.792,1,1,0.792,0.792
0.0004,720575940639935616,720575940634131391,700,750,-1.584,1,0,1.584,0.0
0.0004,720575940612326373,720575940634131391,700,750,-2.3760000000000003,1,0,2.3760000000000003,0.0
0.0004,720575940628455942,720575940634172267,650,700,-0.264,4,3,1.056,0.792
0.0004,720575940628455942,720575940634172267,700,750,-0.264,5,2,1.32,0.528
0.0004,720575940633434208,720575940634172267,650,700,-3.168,4,3,12.672,9.504000000000001
0.0004,720575940633434208,720575940634172267,700,750,-3.168,5,4,15.84,12.672
0.0004,720575940643551392,720575940634172267,650,700,-0.792,4,4,3.168,3.168
0.0004,720575940643551392,720575940634172267,700,750,-0.792,5,4,3.96,3.168
0.0004,720575940639283278,720575940634224023,700,750,0.66,1,1,0.66,0.66
0.0004,720575940639283278,720575940634274458,650,700,-0.264,1,1,0.264,0.264
0.0004,720575940639283278,720575940634274458,700,750,-0.264,2,0,0.528,0.0
0.0004,720575940628455942,720575940634274458,650,700,-0.264,1,1,0.264,0.264
0.0004,720575940628455942,720575940634274458,700,750,-0.264,2,2,0.528,0.528
0.0004,720575940643476128,720575940634274458,650,700,-0.792,1,1,0.792,0.792
0.0004,720575940643476128,720575940634274458,700,750,-0.792,2,1,1.584,0.792
0.0004,720575940639935616,720575940634274458,650,700,-0.264,1,1,0.264,0.264
0.0004,720575940639935616,720575940634274458,700,750,-0.264,2,2,0.528,0.528
0.0004,720575940639283278,720575940634310763,650,700,0.33,1,0,0.33,0.0
0.0004,720575940639283278,720575940634310763,700,750,0.33,2,1,0.66,0.33
0.0004,720575940639935616,720575940634310763,650,700,3.6300000000000003,1,0,3.6300000000000003,0.0
0.0004,720575940639935616,720575940634310763,700,750,3.6300000000000003,2,1,7.260000000000001,3.6300000000000003
0.0004,720575940643551392,720575940634418021,650,700,0.33,2,2,0.66,0.66
0.0004,720575940643551392,720575940634418021,700,750,0.33,1,1,0.33,0.33
0.0004,720575940628455942,720575940634480820,650,700,1.98,2,2,3.96,3.96
0.0004,720575940628455942,720575940634480820,700,750,1.98,2,2,3.96,3.96
0.0004,720575940643476128,720575940634480820,650,700,1.98,2,0,3.96,0.0
0.0004,720575940643476128,720575940634480820,700,750,1.98,2,2,3.96,3.96
0.0004,720575940623862015,720575940634480820,650,700,0.33,2,0,0.66,0.0
0.0004,720575940623862015,720575940634480820,700,750,0.33,2,1,0.66,0.33
0.0004,720575940612326373,720575940634480820,650,700,0.33,2,1,0.66,0.33
0.0004,720575940612326373,720575940634480820,700,750,0.33,2,1,0.66,0.33
0.0004,720575940628695043,720575940634546807,700,750,0.33,2,2,0.66,0.66
0.0004,720575940639283278,720575940634688151,700,750,0.99,5,2,4.95,1.98
0.0004,720575940628455942,720575940634688151,700,750,0.66,5,4,3.3000000000000003,2.64
0.0004,720575940643476128,720575940634688151,700,750,14.850000000000001,5,3,74.25,44.550000000000004
0.0004,720575940612326373,720575940634688151,700,750,0.66,5,5,3.3000000000000003,3.3000000000000003
0.0004,720575940639935616,720575940634688151,700,750,1.65,5,1,8.25,1.65
0.0004,720575940628695043,720575940634752666,650,700,6.2700000000000005,2,2,12.540000000000001,12.540000000000001
0.0004,720575940628695043,720575940634752666,700,750,6.2700000000000005,3,0,18.810000000000002,0.0
0.0004,720575940628455942,720575940634752666,650,700,7.92,2,2,15.84,15.84
0.0004,720575940628455942,720575940634752666,700,750,7.92,3,2,23.759999999999998,15.84
0.0004,720575940639935616,720575940634752666,650,700,0.99,2,1,1.98,0.99
0.0004,720575940639935616,720575940634752666,700,750,0.99,3,1,2.9699999999999998,0.99
0.0004,720575940643476128,720575940634752666,650,700,17.82,2,1,35.64,17.82
0.0004,720575940643476128,720575940634752666,700,750,17.82,3,2,53.46,35.64
0.0004,720575940612326373,720575940634752666,650,700,1.65,2,2,3.3,3.3
0.0004,720575940612326373,720575940634752666,700,750,1.65,3,1,4.949999999999999,1.65
0.0004,720575940629667639,720575940634773951,700,750,0.66,7,5,4.62,3.3000000000000003
0.0004,720575940628455942,720575940634788600,700,750,0.33,1,1,0.33,0.33
0.0004,720575940628455942,720575940634792884,700,750,8.91,4,0,35.64,0.0
0.0004,720575940639283278,720575940634792884,700,750,16.5,4,2,66.0,33.0
0.0004,720575940639935616,720575940634792884,700,750,1.98,4,1,7.92,1.98
0.0004,720575940643476128,720575940634792884,700,750,2.97,4,1,11.88,2.97
0.0004,720575940612326373,720575940634792884,700,750,6.6,4,1,26.4,6.6
0.0004,720575940639935616,720575940634867295,700,750,0.33,1,1,0.33,0.33
0.0004,720575940612326373,720575940634867295,700,750,0.66,1,1,0.66,0.66
0.0004,720575940628695043,720575940634928023,650,700,0.33,7,5,2.31,1.6500000000000001
0.0004,720575940628695043,720575940634928023,700,750,0.33,8,7,2.64,2.31
0.0004,720575940639283278,720575940634928023,650,700,2.64,7,7,18.48,18.48
0.0004,720575940639283278,720575940634928023,700,750,2.64,8,2,21.12,5.28
0.0004,720575940633434208,720575940634928023,650,700,33.66,7,5,235.61999999999998,168.29999999999998
0.0004,720575940633434208,720575940634928023,700,750,33.66,8,6,269.28,201.95999999999998
0.0004,720575940629377132,720575940634928023,650,700,33.0,7,3,231.0,99.0
0.0004,720575940629377132,720575940634928023,700,750,33.0,8,1,264.0,33.0
0.0004,720575940643551392,720575940634928023,650,700,26.73,7,5,187.11,133.65
0.0004,720575940643551392,720575940634928023,700,750,26.73,8,5,213.84,133.65
0.0004,720575940628455942,720575940634928023,650,700,5.28,7,7,36.96,36.96
0.0004,720575940628455942,720575940634928023,700,750,5.28,8,7,42.24,36.96
0.0004,720575940643476128,720575940634928023,650,700,2.31,7,1,16.17,2.31
0.0004,720575940643476128,720575940634928023,700,750,2.31,8,3,18.48,6.93
0.0004,720575940612326373,720575940634928023,650,700,20.790000000000003,7,5,145.53000000000003,103.95000000000002
0.0004,720575940612326373,720575940634928023,700,750,20.790000000000003,8,6,166.32000000000002,124.74000000000001
0.0004,720575940639935616,720575940634928023,650,700,19.8,7,5,138.6,99.0
0.0004,720575940639935616,720575940634928023,700,750,19.8,8,7,158.4,138.6
0.0004,720575940629393207,720575940634928023,650,700,24.75,7,4,173.25,99.0
0.0004,720575940629393207,720575940634928023,700,750,24.75,8,1,198.0,24.75
0.0004,720575940628695043,720575940634962879,700,750,0.66,5,3,3.3000000000000003,1.98
0.0004,720575940639283278,720575940634962879,700,750,0.99,5,2,4.95,1.98
0.0004,720575940643476128,720575940634962879,700,750,4.29,5,3,21.45,12.870000000000001
0.0004,720575940612326373,720575940634962879,700,750,1.98,5,4,9.9,7.92
0.0004,720575940639935616,720575940634962879,700,750,0.66,5,3,3.3000000000000003,1.98
0.0004,720575940628695043,720575940635022527,700,750,6.2700000000000005,4,1,25.080000000000002,6.2700000000000005
0.0004,720575940612326373,720575940635029439,700,750,1.32,5,1,6.6000000000000005,1.32
0.0004,720575940612326373,720575940635034815,700,750,1.98,2,1,3.96,1.98
0.0004,720575940612326373,720575940635041946,700,750,-0.528,2,0,1.056,0.0
0.0004,720575940639283278,720575940635059551,700,750,5.61,1,1,5.61,5.61
0.0004,720575940639935616,720575940635059551,700,750,0.66,1,1,0.66,0.66
0.0004,720575940643476128,720575940635063135,700,750,17.82,9,4,160.38,71.28
0.0004,720575940612326373,720575940635063135,700,750,8.91,9,6,80.19,53.46
0.0004,720575940639935616,720575940635063135,700,750,7.92,9,7,71.28,55.44
0.0004,720575940639935616,720575940635082347,700,750,6.6,1,1,6.6,6.6
0.0004,720575940612326373,720575940635082347,700,750,5.94,1,1,5.94,5.94
0.0004,720575940628455942,720575940635110286,700,750,0.33,2,1,0.66,0.33
0.0004,720575940639283278,720575940635120491,650,700,1.65,1,1,1.65,1.65
0.0004,720575940639283278,720575940635120491,700,750,1.65,1,0,1.65,0.0
0.0004,720575940629377132,720575940635120491,650,700,0.66,1,1,0.66,0.66
0.0004,720575940629377132,720575940635120491,700,750,0.66,1,0,0.66,0.0
0.0004,720575940623862015,720575940635120491,650,700,2.64,1,1,2.64,2.64
0.0004,720575940623862015,720575940635120491,700,750,2.64,1,1,2.64,2.64
0.0004,720575940628455942,720575940635120491,650,700,0.33,1,0,0.33,0.0
0.0004,720575940628455942,720575940635120491,700,750,0.33,1,1,0.33,0.33
0.0004,720575940612326373,720575940635120491,650,700,1.32,1,0,1.32,0.0
0.0004,720575940612326373,720575940635120491,700,750,1.32,1,1,1.32,1.32
0.0004,720575940639935616,720575940635120491,650,700,1.32,1,1,1.32,1.32
0.0004,720575940639935616,720575940635120491,700,750,1.32,1,1,1.32,1.32
0.0004,720575940629667639,720575940635120491,650,700,7.59,1,1,7.59,7.59
0.0004,720575940629667639,720575940635120491,700,750,7.59,1,0,7.59,0.0
0.0004,720575940629393207,720575940635120491,650,700,0.33,1,1,0.33,0.33
0.0004,720575940629393207,720575940635120491,700,750,0.33,1,0,0.33,0.0
0.0004,720575940628695043,720575940635136875,700,750,1.65,1,1,1.65,1.65
0.0004,720575940612326373,720575940635136875,700,750,0.66,1,0,0.66,0.0
0.0004,720575940628455942,720575940635146848,650,700,-0.264,2,2,0.528,0.528
0.0004,720575940628455942,720575940635146848,700,750,-0.264,4,2,1.056,0.528
0.0004,720575940628695043,720575940635211115,600,650,-2.9040000000000004,1,1,2.9040000000000004,2.9040000000000004
0.0004,720575940628695043,720575940635211115,650,700,-2.9040000000000004,1,0,2.9040000000000004,0.0
0.0004,720575940628695043,720575940635211115,700,750,-2.9040000000000004,2,2,5.808000000000001,5.808000000000001
0.0004,720575940628695043,720575940635286958,700,750,0.33,2,1,0.66,0.33
0.0004,720575940628695043,720575940635397556,650,700,-2.64,3,3,7.92,7.92
0.0004,720575940628695043,720575940635397556,700,750,-2.64,5,4,13.200000000000001,10.56
0.0004,720575940633434208,720575940635397556,650,700,-1.32,3,2,3.96,2.64
0.0004,720575940633434208,720575940635397556,700,750,-1.32,5,4,6.6000000000000005,5.28
0.0004,720575940643551392,720575940635397556,650,700,-0.792,3,2,2.3760000000000003,1.584
0.0004,720575940643551392,720575940635397556,700,750,-0.792,5,4,3.96,3.168
0.0004,720575940628455942,720575940635397556,650,700,-8.976,3,3,26.928000000000004,26.928000000000004
0.0004,720575940628455942,720575940635397556,700,750,-8.976,5,3,44.88,26.928000000000004
0.0004,720575940643476128,720575940635397556,650,700,-3.168,3,0,9.504000000000001,0.0
0.0004,720575940643476128,720575940635397556,700,750,-3.168,5,2,15.84,6.336
0.0004,720575940629377132,720575940635404724,650,700,0.33,2,1,0.66,0.33
0.0004,720575940629377132,720575940635404724,700,750,0.33,4,1,1.32,0.33
0.0004,720575940639283278,720575940635421285,700,750,0.66,2,0,1.32,0.0
0.0004,720575940639935616,720575940635421285,700,750,0.66,2,2,1.32,1.32
0.0004,720575940643476128,720575940635421285,700,750,0.33,2,1,0.66,0.33
0.0004,720575940628455942,720575940635507960,650,700,-0.264,1,1,0.264,0.264
0.0004,720575940628455942,720575940635507960,700,750,-0.264,3,1,0.792,0.264
0.0004,720575940639283278,720575940635507960,650,700,-0.528,1,0,0.528,0.0
0.0004,720575940639283278,720575940635507960,700,750,-0.528,3,2,1.584,1.056
0.0004,720575940639935616,720575940635507960,650,700,-0.792,1,1,0.792,0.792
0.0004,720575940639935616,720575940635507960,700,750,-0.792,3,1,2.3760000000000003,0.792
0.0004,720575940639283278,720575940635517876,650,700,0.33,2,0,0.66,0.0
0.0004,720575940639283278,720575940635517876,700,750,0.33,3,2,0.99,0.66
0.0004,720575940628695043,720575940635540671,600,650,-1.32,1,1,1.32,1.32
0.0004,720575940628695043,720575940635540671,640,650,-1.32,1,1,1.32,1.32
0.0004,720575940628695043,720575940635540671,650,700,-1.32,4,3,5.28,3.96
0.0004,720575940628695043,720575940635540671,700,750,-1.32,6,6,7.92,7.92
0.0004,720575940628455942,720575940635540671,600,650,-1.584,1,1,1.584,1.584
0.0004,720575940628455942,720575940635540671,640,650,-1.584,1,1,1.584,1.584
0.0004,720575940628455942,720575940635540671,650,700,-1.584,4,1,6.336,1.584
0.0004,720575940628455942,720575940635540671,700,750,-1.584,6,2,9.504000000000001,3.168
0.0004,720575940633434208,720575940635540671,600,650,-132.264,1,1,132.264,132.264
0.0004,720575940633434208,720575940635540671,640,650,-132.264,1,1,132.264,132.264
0.0004,720575940633434208,720575940635540671,650,700,-132.264,4,4,529.056,529.056
0.0004,720575940633434208,720575940635540671,700,750,-132.264,6,4,793.5840000000001,529.056
0.0004,720575940639935616,720575940635540671,600,650,-27.456000000000003,1,1,27.456000000000003,27.456000000000003
0.0004,720575940639935616,720575940635540671,640,650,-27.456000000000003,1,1,27.456000000000003,27.456000000000003
0.0004,720575940639935616,720575940635540671,650,700,-27.456000000000003,4,4,109.82400000000001,109.82400000000001
0.0004,720575940639935616,720575940635540671,700,750,-27.456000000000003,6,2,164.73600000000002,54.912000000000006
0.0004,720575940643551392,720575940635540671,600,650,-137.01600000000002,1,1,137.01600000000002,137.01600000000002
0.0004,720575940643551392,720575940635540671,640,650,-137.01600000000002,1,1,137.01600000000002,137.01600000000002
0.0004,720575940643551392,720575940635540671,650,700,-137.01600000000002,4,4,548.0640000000001,548.0640000000001
0.0004,720575940643551392,720575940635540671,700,750,-137.01600000000002,6,4,822.0960000000001,548.0640000000001
0.0004,720575940623862015,720575940635540671,600,650,-2.112,1,1,2.112,2.112
0.0004,720575940623862015,720575940635540671,640,650,-2.112,1,1,2.112,2.112
0.0004,720575940623862015,720575940635540671,650,700,-2.112,4,4,8.448,8.448
0.0004,720575940623862015,720575940635540671,700,750,-2.112,6,4,12.672,8.448
0.0004,720575940629667639,720575940635540671,600,650,-0.792,1,1,0.792,0.792
0.0004,720575940629667639,720575940635540671,640,650,-0.792,1,1,0.792,0.792
0.0004,720575940629667639,720575940635540671,650,700,-0.792,4,4,3.168,3.168
0.0004,720575940629667639,720575940635540671,700,750,-0.792,6,3,4.752000000000001,2.3760000000000003
0.0004,720575940612326373,720575940635540671,600,650,-32.736000000000004,1,1,32.736000000000004,32.736000000000004
0.0004,720575940612326373,720575940635540671,640,650,-32.736000000000004,1,1,32.736000000000004,32.736000000000004
0.0004,720575940612326373,720575940635540671,650,700,-32.736000000000004,4,3,130.94400000000002,98.20800000000001
0.0004,720575940612326373,720575940635540671,700,750,-32.736000000000004,6,3,196.41600000000003,98.20800000000001
0.0004,720575940639283278,720575940635565175,700,750,-9.24,1,0,9.24,0.0
0.0004,720575940628455942,720575940635640312,700,750,0.66,1,1,0.66,0.66
0.0004,720575940639935616,720575940635678638,700,750,0.33,3,2,0.99,0.66
0.0004,720575940639935616,720575940635723662,700,750,-1.056,2,0,2.112,0.0
0.0004,720575940612326373,720575940635723662,700,750,-0.528,2,1,1.056,0.528
0.0004,720575940628455942,720575940635776101,650,700,-0.264,1,1,0.264,0.264
0.0004,720575940628455942,720575940635776101,700,750,-0.264,6,1,1.584,0.264
0.0004,720575940639283278,720575940635776101,650,700,-0.792,1,1,0.792,0.792
0.0004,720575940639283278,720575940635776101,700,750,-0.792,6,4,4.752000000000001,3.168
0.0004,720575940639935616,720575940635776101,650,700,-1.056,1,0,1.056,0.0
0.0004,720575940639935616,720575940635776101,700,750,-1.056,6,2,6.336,2.112
0.0004,720575940643476128,720575940635776101,650,700,-0.792,1,0,0.792,0.0
0.0004,720575940643476128,720575940635776101,700,750,-0.792,6,2,4.752000000000001,1.584
0.0004,720575940612326373,720575940635776101,650,700,-0.528,1,0,0.528,0.0
0.0004,720575940612326373,720575940635776101,700,750,-0.528,6,2,3.168,1.056
0.0004,720575940628695043,720575940635802223,650,700,-2.112,2,0,4.224,0.0
0.0004,720575940628695043,720575940635802223,700,750,-2.112,3,3,6.336,6.336
0.0004,720575940612326373,720575940635802223,650,700,-0.264,2,2,0.528,0.528
0.0004,720575940612326373,720575940635802223,700,750,-0.264,3,3,0.792,0.792
0.0004,720575940612326373,720575940635841143,700,750,0.99,1,1,0.99,0.99
0.0004,720575940639283278,720575940635870831,700,750,0.99,1,0,0.99,0.0
0.0004,720575940628455942,720575940635932590,600,650,-0.264,1,1,0.264,0.264
0.0004,720575940628455942,720575940635932590,650,700,-0.264,3,1,0.792,0.264
0.0004,720575940628455942,720575940635932590,700,750,-0.264,2,2,0.528,0.528
0.0004,720575940623862015,720575940635932590,600,650,-1.584,1,1,1.584,1.584
0.0004,720575940623862015,720575940635932590,650,700,-1.584,3,3,4.752000000000001,4.752000000000001
0.0004,720575940623862015,720575940635932590,700,750,-1.584,2,1,3.168,1.584
0.0004,720575940639283278,720575940635978126,700,750,0.33,2,1,0.66,0.33
0.0004,720575940628695043,720575940635984239,700,750,-10.032000000000002,2,1,20.064000000000004,10.032000000000002
0.0004,720575940628695043,720575940636038574,700,750,0.33,2,2,0.66,0.66
0.0004,720575940660219265,720575940636053678,600,650,-1.056,4,2,4.224,2.112
0.0004,720575940660219265,720575940636053678,640,650,-1.056,1,0,1.056,0.0
0.0004,720575940660219265,720575940636053678,650,700,-1.056,5,3,5.28,3.168
0.0004,720575940660219265,720575940636053678,700,750,-1.056,4,2,4.224,2.112
0.0004,720575940639283278,720575940636066167,700,750,0.66,2,1,1.32,0.66
0.0004,720575940612326373,720575940636066167,700,750,0.33,2,1,0.66,0.33
0.0004,720575940639283278,720575940636148325,700,750,4.62,3,2,13.86,9.24
0.0004,720575940612326373,720575940636167280,700,750,-0.264,7,3,1.848,0.792
0.0004,720575940639935616,720575940636318350,700,750,0.33,1,0,0.33,0.0
0.0004,720575940643476128,720575940636318350,700,750,1.32,1,1,1.32,1.32
0.0004,720575940612326373,720575940636318350,700,750,0.33,1,0,0.33,0.0
0.0004,720575940628455942,720575940636477285,700,750,1.32,3,2,3.96,2.64
0.0004,720575940612326373,720575940636477285,700,750,4.62,3,2,13.86,9.24
0.0004,720575940623862015,720575940636477285,700,750,1.98,3,3,5.9399999999999995,5.9399999999999995
0.0004,720575940639935616,720575940636477285,700,750,2.64,3,2,7.92,5.28
0.0004,720575940629393207,720575940636477285,700,750,0.33,3,2,0.99,0.66
0.0004,720575940643476128,720575940636477285,700,750,0.99,3,1,2.9699999999999998,0.99
0.0004,720575940639283278,720575940636477285,700,750,4.95,3,1,14.850000000000001,4.95
0.0004,720575940643551392,720575940636477285,700,750,1.65,3,2,4.949999999999999,3.3
0.0004,720575940629667639,720575940636477285,700,750,1.65,3,2,4.949999999999999,3.3
0.0004,720575940639283278,720575940636488110,700,750,3.6300000000000003,5,3,18.150000000000002,10.89
0.0004,720575940639935616,720575940636488110,700,750,2.31,5,2,11.55,4.62
0.0004,720575940612326373,720575940636488110,700,750,2.64,5,2,13.200000000000001,5.28
0.0004,720575940628695043,720575940636521646,700,750,21.78,1,0,21.78,0.0
0.0004,720575940612326373,720575940636521646,700,750,3.3,1,1,3.3,3.3
0.0004,720575940628455942,720575940636553902,650,700,0.33,1,1,0.33,0.33
0.0004,720575940628455942,720575940636553902,700,750,0.33,1,0,0.33,0.0
0.0004,720575940633434208,720575940636553902,650,700,0.66,1,1,0.66,0.66
0.0004,720575940633434208,720575940636553902,700,750,0.66,1,0,0.66,0.0
0.0004,720575940628455942,720575940636571534,700,750,0.33,2,1,0.66,0.33
0.0004,720575940639283278,720575940636571534,700,750,4.95,2,1,9.9,4.95
0.0004,720575940629377132,720575940636582110,650,700,0.33,1,1,0.33,0.33
0.0004,720575940629377132,720575940636582110,700,750,0.33,1,1,0.33,0.33
0.0004,720575940629393207,720575940636582110,650,700,0.33,1,1,0.33,0.33
0.0004,720575940629393207,720575940636582110,700,750,0.33,1,1,0.33,0.33
0.0004,720575940639935616,720575940636604638,700,750,-0.264,1,0,0.264,0.0
0.0004,720575940612326373,720575940636612207,700,750,0.33,2,2,0.66,0.66
0.0004,720575940639283278,720575940636716206,700,750,0.66,1,1,0.66,0.66
0.0004,720575940639283278,720575940636716718,700,750,2.97,1,1,2.97,2.97
0.0004,720575940660219265,720575940636809646,600,650,-118.272,2,2,236.544,236.544
0.0004,720575940660219265,720575940636809646,640,650,-118.272,1,1,118.272,118.272
0.0004,720575940660219265,720575940636809646,650,700,-118.272,2,2,236.544,236.544
0.0004,720575940660219265,720575940636809646,700,750,-118.272,3,3,354.81600000000003,354.81600000000003
0.0004,720575940643476128,720575940636839536,700,750,0.33,1,0,0.33,0.0
0.0004,720575940628455942,720575940636841840,700,750,-0.264,1,1,0.264,0.264
0.0004,720575940612326373,720575940636855871,700,750,-0.264,2,1,0.528,0.264
0.0004,720575940639283278,720575940636895406,600,650,0.33,2,2,0.66,0.66
0.0004,720575940639283278,720575940636895406,650,700,0.33,3,3,0.99,0.99
0.0004,720575940639283278,720575940636895406,700,750,0.33,3,1,0.99,0.33
0.0004,720575940628455942,720575940636895566,700,750,2.31,2,0,4.62,0.0
0.0004,720575940639283278,720575940636895566,700,750,0.66,2,1,1.32,0.66
0.0004,720575940639935616,720575940636895566,700,750,2.31,2,1,4.62,2.31
0.0004,720575940643476128,720575940636895566,700,750,0.33,2,0,0.66,0.0
0.0004,720575940612326373,720575940636895566,700,750,0.33,2,1,0.66,0.33
0.0004,720575940628695043,720575940636909790,700,750,0.66,3,2,1.98,1.32
0.0004,720575940639935616,720575940636934245,700,750,0.66,1,1,0.66,0.66
0.0004,720575940633434208,720575940636934245,700,750,0.33,1,0,0.33,0.0
0.0004,720575940643551392,720575940636934245,700,750,0.33,1,1,0.33,0.33
0.0004,720575940628695043,720575940636963806,600,650,-11.088000000000001,1,1,11.088000000000001,11.088000000000001
0.0004,720575940628695043,720575940636963806,650,700,-11.088000000000001,5,4,55.440000000000005,44.352000000000004
0.0004,720575940628695043,720575940636963806,700,750,-11.088000000000001,8,5,88.70400000000001,55.440000000000005
0.0004,720575940628455942,720575940636963806,600,650,-0.792,1,1,0.792,0.792
0.0004,720575940628455942,720575940636963806,650,700,-0.792,5,3,3.96,2.3760000000000003
0.0004,720575940628455942,720575940636963806,700,750,-0.792,8,4,6.336,3.168
0.0004,720575940639283278,720575940636963806,600,650,-0.264,1,1,0.264,0.264
0.0004,720575940639283278,720575940636963806,650,700,-0.264,5,3,1.32,0.792
0.0004,720575940639283278,720575940636963806,700,750,-0.264,8,4,2.112,1.056
0.0004,720575940633434208,720575940636963806,600,650,-0.264,1,1,0.264,0.264
0.0004,720575940633434208,720575940636963806,650,700,-0.264,5,3,1.32,0.792
0.0004,720575940633434208,720575940636963806,700,750,-0.264,8,5,2.112,1.32
0.0004,720575940629377132,720575940636963806,600,650,-0.792,1,1,0.792,0.792
0.0004,720575940629377132,720575940636963806,650,700,-0.792,5,3,3.96,2.3760000000000003
0.0004,720575940629377132,720575940636963806,700,750,-0.792,8,5,6.336,3.96
0.0004,720575940639935616,720575940636963806,600,650,-1.056,1,1,1.056,1.056
0.0004,720575940639935616,720575940636963806,650,700,-1.056,5,2,5.28,2.112
0.0004,720575940639935616,720575940636963806,700,750,-1.056,8,4,8.448,4.224
0.0004,720575940643551392,720575940636963806,600,650,-0.264,1,1,0.264,0.264
0.0004,720575940643551392,720575940636963806,650,700,-0.264,5,3,1.32,0.792
0.0004,720575940643551392,720575940636963806,700,750,-0.264,8,4,2.112,1.056
0.0004,720575940623862015,720575940636963806,600,650,-1.32,1,0,1.32,0.0
0.0004,720575940623862015,720575940636963806,650,700,-1.32,5,5,6.6000000000000005,6.6000000000000005
0.0004,720575940623862015,720575940636963806,700,750,-1.32,8,3,10.56,3.96
0.0004,720575940629667639,720575940636963806,600,650,-1.32,1,1,1.32,1.32
0.0004,720575940629667639,720575940636963806,650,700,-1.32,5,5,6.6000000000000005,6.6000000000000005
0.0004,720575940629667639,720575940636963806,700,750,-1.32,8,3,10.56,3.96
0.0004,720575940629393207,720575940636963806,600,650,-0.528,1,1,0.528,0.528
0.0004,720575940629393207,720575940636963806,650,700,-0.528,5,3,2.64,1.584
0.0004,720575940629393207,720575940636963806,700,750,-0.528,8,5,4.224,2.64
0.0004,720575940612326373,720575940636963806,600,650,-1.584,1,1,1.584,1.584
0.0004,720575940612326373,720575940636963806,650,700,-1.584,5,4,7.92,6.336
0.0004,720575940612326373,720575940636963806,700,750,-1.584,8,4,12.672,6.336
0.0004,720575940628695043,720575940636970096,650,700,-2.64,1,1,2.64,2.64
0.0004,720575940628695043,720575940636970096,700,750,-2.64,2,1,5.28,2.64
0.0004,720575940628455942,720575940636970096,650,700,-0.528,1,0,0.528,0.0
0.0004,720575940628455942,720575940636970096,700,750,-0.528,2,1,1.056,0.528
0.0004,720575940643476128,720575940636970096,650,700,-1.056,1,1,1.056,1.056
0.0004,720575940643476128,720575940636970096,700,750,-1.056,2,1,2.112,1.056
0.0004,720575940612326373,720575940636970096,650,700,-2.112,1,0,2.112,0.0
0.0004,720575940612326373,720575940636970096,700,750,-2.112,2,2,4.224,4.224
0.0004,720575940639935616,720575940636970096,650,700,-0.264,1,1,0.264,0.264
0.0004,720575940639935616,720575940636970096,700,750,-0.264,2,2,0.528,0.528
0.0004,720575940628695043,720575940636992368,700,750,-8.712000000000002,3,1,26.136000000000003,8.712000000000002
0.0004,720575940639283278,720575940636992368,700,750,-1.32,3,3,3.96,3.96
0.0004,720575940643551392,720575940636992368,700,750,-0.528,3,3,1.584,1.584
0.0004,720575940623862015,720575940636992368,700,750,-0.264,3,1,0.792,0.264
0.0004,720575940628455942,720575940636992368,700,750,-13.463999999999999,3,1,40.391999999999996,13.463999999999999
0.0004,720575940643476128,720575940636992368,700,750,-7.128,3,1,21.384,7.128
0.0004,720575940612326373,720575940636992368,700,750,-0.264,3,2,0.792,0.528
0.0004,720575940629393207,720575940636992368,700,750,-0.264,3,2,0.792,0.528
0.0004,720575940629667639,720575940636992368,700,750,-0.528,3,2,1.584,1.056
0.0004,720575940628695043,720575940637029860,700,750,-0.792,2,0,1.584,0.0
0.0004,720575940612326373,720575940637029860,700,750,-7.128,2,0,14.256,0.0
0.0004,720575940612326373,720575940637073385,650,700,0.33,1,1,0.33,0.33
0.0004,720575940612326373,720575940637073385,700,750,0.33,2,1,0.66,0.33
0.0004,720575940628455942,720575940637098352,700,750,-1.056,10,8,10.56,8.448
0.0004,720575940612326373,720575940637098352,700,750,-0.264,10,4,2.64,1.056
0.0004,720575940639935616,720575940637098352,700,750,-1.32,10,6,13.200000000000001,7.92
0.0004,720575940643476128,720575940637098352,700,750,-3.4320000000000004,10,7,34.32000000000001,24.024
0.0004,720575940639283278,720575940637098352,700,750,-1.848,10,8,18.48,14.784
0.0004,720575940660219265,720575940637144944,600,650,0.66,1,0,0.66,0.0
0.0004,720575940660219265,720575940637144944,650,700,0.66,1,1,0.66,0.66
0.0004,720575940639283278,720575940637185252,700,750,2.64,4,3,10.56,7.92
0.0004,720575940633434208,720575940637209822,700,750,0.33,1,1,0.33,0.33
0.0004,720575940629377132,720575940637209822,700,750,0.33,1,0,0.33,0.0
0.0004,720575940639935616,720575940637209822,700,750,2.31,1,0,2.31,0.0
0.0004,720575940643551392,720575940637209822,700,750,0.66,1,1,0.66,0.66
0.0004,720575940629393207,720575940637209822,700,750,1.32,1,0,1.32,0.0
0.0004,720575940612326373,720575940637209822,700,750,0.99,1,1,0.99,0.99
0.0004,720575940628455942,720575940637210334,650,700,2.64,2,2,5.28,5.28
0.0004,720575940628455942,720575940637210334,700,750,2.64,1,0,2.64,0.0
0.0004,720575940633434208,720575940637210334,650,700,1.98,2,2,3.96,3.96
0.0004,720575940633434208,720575940637210334,700,750,1.98,1,0,1.98,0.0
0.0004,720575940643551392,720575940637210334,650,700,0.66,2,2,1.32,1.32
0.0004,720575940643551392,720575940637210334,700,750,0.66,1,0,0.66,0.0
0.0004,720575940639283278,720575940637258842,700,750,0.66,1,1,0.66,0.66
0.0004,720575940643476128,720575940637258842,700,750,0.33,1,0,0.33,0.0
0.0004,720575940612326373,720575940637258842,700,750,0.33,1,0,0.33,0.0
0.0004,720575940639935616,720575940637258842,700,750,0.33,1,0,0.33,0.0
0.0004,720575940628455942,720575940637263337,700,750,-0.264,3,2,0.792,0.528
0.0004,720575940628455942,720575940637300708,700,750,0.33,1,0,0.33,0.0
0.0004,720575940639283278,720575940637300708,700,750,5.94,1,1,5.94,5.94
0.0004,720575940639935616,720575940637300708,700,750,1.98,1,0,1.98,0.0
0.0004,720575940612326373,720575940637300708,700,750,0.33,1,0,0.33,0.0
0.0004,720575940628695043,720575940637333214,700,750,0.33,2,1,0.66,0.33
0.0004,720575940639283278,720575940637335012,700,750,-2.112,1,0,2.112,0.0
0.0004,720575940660219265,720575940637656286,600,650,1.32,1,1,1.32,1.32
0.0004,720575940660219265,720575940637656286,650,700,1.32,2,1,2.64,1.32
0.0004,720575940660219265,720575940637656286,700,750,1.32,1,0,1.32,0.0
0.0004,720575940628455942,720575940637746520,700,750,0.33,2,1,0.66,0.33
0.0004,720575940628455942,720575940637835839,700,750,0.33,3,2,0.99,0.66
0.0004,720575940628695043,720575940637902938,600,650,117.15,2,2,234.3,234.3
0.0004,720575940628695043,720575940637902938,700,750,117.15,5,3,585.75,351.45000000000005
0.0004,720575940629377132,720575940637902938,600,650,2.64,2,2,5.28,5.28
0.0004,720575940629377132,720575940637902938,700,750,2.64,5,3,13.200000000000001,7.92
0.0004,720575940628455942,720575940637902938,600,650,1.32,2,2,2.64,2.64
0.0004,720575940628455942,720575940637902938,700,750,1.32,5,3,6.6000000000000005,3.96
0.0004,720575940612326373,720575940637902938,600,650,0.66,2,2,1.32,1.32
0.0004,720575940612326373,720575940637902938,700,750,0.66,5,2,3.3000000000000003,1.32
0.0004,720575940629667639,720575940637902938,600,650,8.25,2,2,16.5,16.5
0.0004,720575940629667639,720575940637902938,700,750,8.25,5,4,41.25,33.0
0.0004,720575940629393207,720575940637902938,600,650,5.61,2,2,11.22,11.22
0.0004,720575940629393207,720575940637902938,700,750,5.61,5,3,28.05,16.830000000000002
0.0004,720575940643476128,720575940637934308,700,750,-0.528,2,1,1.056,0.528
0.0004,720575940628695043,720575940637947994,700,750,0.66,5,3,3.3000000000000003,1.98
0.0004,720575940628695043,720575940637965028,700,750,0.33,3,0,0.99,0.0
0.0004,720575940628455942,720575940638078527,700,750,-0.264,3,2,0.792,0.528
0.0004,720575940629667639,720575940638204132,650,700,0.33,2,1,0.66,0.33
0.0004,720575940629667639,720575940638204132,700,750,0.33,2,2,0.66,0.66
0.0004,720575940639935616,720575940638225597,650,700,0.99,1,0,0.99,0.0
0.0004,720575940639935616,720575940638225597,700,750,0.99,1,0,0.99,0.0
0.0004,720575940629377132,720575940638379598,650,700,0.33,2,1,0.66,0.33
0.0004,720575940629377132,720575940638379598,700,750,0.33,3,2,0.99,0.66
0.0004,720575940628695043,720575940638444861,700,750,0.33,2,1,0.66,0.33
0.0004,720575940628455942,720575940638460998,700,750,0.33,3,1,0.99,0.33
0.0004,720575940628695043,720575940638526278,700,750,-0.528,5,3,2.64,1.584
0.0004,720575940628455942,720575940638526278,700,750,-3.4320000000000004,5,2,17.160000000000004,6.864000000000001
0.0004,720575940639283278,720575940638526278,700,750,-0.264,5,3,1.32,0.792
0.0004,720575940629377132,720575940638526278,700,750,-0.264,5,3,1.32,0.792
0.0004,720575940639935616,720575940638528053,700,750,-0.264,3,1,0.792,0.264
0.0004,720575940612326373,720575940638528053,700,750,-0.264,3,1,0.792,0.264
0.0004,720575940628695043,720575940638548021,700,750,0.33,1,1,0.33,0.33
0.0004,720575940628695043,720575940638633806,600,650,1.98,1,1,1.98,1.98
0.0004,720575940628695043,720575940638633806,640,650,1.98,1,1,1.98,1.98
0.0004,720575940628695043,720575940638633806,650,700,1.98,5,4,9.9,7.92
0.0004,720575940628695043,720575940638633806,700,750,1.98,4,2,7.92,3.96
0.0004,720575940639283278,720575940638633806,600,650,19.470000000000002,1,1,19.470000000000002,19.470000000000002
0.0004,720575940639283278,720575940638633806,640,650,19.470000000000002,1,1,19.470000000000002,19.470000000000002
0.0004,720575940639283278,720575940638633806,650,700,19.470000000000002,5,4,97.35000000000001,77.88000000000001
0.0004,720575940639283278,720575940638633806,700,750,19.470000000000002,4,2,77.88000000000001,38.940000000000005
0.0004,720575940628455942,720575940638633806,600,650,2.31,1,1,2.31,2.31
0.0004,720575940628455942,720575940638633806,640,650,2.31,1,1,2.31,2.31
0.0004,720575940628455942,720575940638633806,650,700,2.31,5,5,11.55,11.55
0.0004,720575940628455942,720575940638633806,700,750,2.31,4,2,9.24,4.62
0.0004,720575940643476128,720575940638633806,600,650,1.32,1,1,1.32,1.32
0.0004,720575940643476128,720575940638633806,640,650,1.32,1,1,1.32,1.32
0.0004,720575940643476128,720575940638633806,650,700,1.32,5,2,6.6000000000000005,2.64
0.0004,720575940643476128,720575940638633806,700,750,1.32,4,2,5.28,2.64
0.0004,720575940612326373,720575940638633806,600,650,3.3,1,0,3.3,0.0
0.0004,720575940612326373,720575940638633806,640,650,3.3,1,0,3.3,0.0
0.0004,720575940612326373,720575940638633806,650,700,3.3,5,4,16.5,13.2
0.0004,720575940612326373,720575940638633806,700,750,3.3,4,2,13.2,6.6
0.0004,720575940639935616,720575940638633806,600,650,3.3,1,1,3.3,3.3
0.0004,720575940639935616,720575940638633806,640,650,3.3,1,1,3.3,3.3
0.0004,720575940639935616,720575940638633806,650,700,3.3,5,3,16.5,9.899999999999999
0.0004,720575940639935616,720575940638633806,700,750,3.3,4,2,13.2,6.6
0.0004,720575940628695043,720575940638642502,700,750,-30.096,3,2,90.288,60.192
0.0004,720575940612326373,720575940638642502,700,750,-0.264,3,2,0.792,0.528
0.0004,720575940639283278,720575940638670397,700,750,-0.528,2,1,1.056,0.528
0.0004,720575940629393207,720575940638677411,650,700,-0.792,4,4,3.168,3.168
0.0004,720575940629393207,720575940638677411,700,750,-0.792,4,2,3.168,1.584
0.0004,720575940639935616,720575940638689001,700,750,0.33,4,1,1.32,0.33
0.0004,720575940612326373,720575940638689001,700,750,0.33,4,2,1.32,0.66
0.0004,720575940628695043,720575940638695331,650,700,1.32,3,3,3.96,3.96
0.0004,720575940628695043,720575940638695331,700,750,1.32,5,3,6.6000000000000005,3.96
0.0004,720575940639935616,720575940638791843,700,750,2.31,3,2,6.93,4.62
0.0004,720575940612326373,720575940638791843,700,750,1.98,3,3,5.9399999999999995,5.9399999999999995
0.0004,720575940639935616,720575940638840629,650,700,-0.264,1,1,0.264,0.264
0.0004,720575940639935616,720575940638840629,700,750,-0.264,1,1,0.264,0.264
0.0004,720575940612326373,720575940638840629,650,700,-0.264,1,1,0.264,0.264
0.0004,720575940612326373,720575940638840629,700,750,-0.264,1,1,0.264,0.264
0.0004,720575940628695043,720575940638929571,650,700,-0.792,1,1,0.792,0.792
0.0004,720575940628695043,720575940638929571,700,750,-0.792,1,1,0.792,0.792
0.0004,720575940639935616,720575940638932899,700,750,-1.848,1,1,1.848,1.848
0.0004,720575940628695043,720575940638936629,700,750,0.33,3,0,0.99,0.0
0.0004,720575940639935616,720575940638937688,650,700,0.33,1,1,0.33,0.33
0.0004,720575940639935616,720575940638937688,700,750,0.33,2,0,0.66,0.0
0.0004,720575940643476128,720575940638937688,650,700,0.33,1,1,0.33,0.33
0.0004,720575940643476128,720575940638937688,700,750,0.33,2,2,0.66,0.66
0.0004,720575940628455942,720575940639007395,650,700,1.32,1,0,1.32,0.0
0.0004,720575940643476128,720575940639007395,650,700,0.99,1,1,0.99,0.99
0.0004,720575940623862015,720575940639007395,650,700,0.66,1,1,0.66,0.66
0.0004,720575940612326373,720575940639007395,650,700,0.33,1,1,0.33,0.33
0.0004,720575940628695043,720575940639028413,650,700,0.33,1,1,0.33,0.33
0.0004,720575940629377132,720575940639028413,650,700,0.33,1,1,0.33,0.33
0.0004,720575940639935616,720575940639028413,650,700,0.33,1,1,0.33,0.33
0.0004,720575940639283278,720575940639068605,700,750,0.99,2,2,1.98,1.98
0.0004,720575940628455942,720575940639124029,700,750,-0.264,1,0,0.264,0.0
0.0004,720575940628695043,720575940639143256,700,750,0.33,2,2,0.66,0.66
0.0004,720575940639283278,720575940639143256,700,750,0.66,2,0,1.32,0.0
0.0004,720575940612326373,720575940639143256,700,750,1.32,2,2,2.64,2.64
0.0004,720575940639283278,720575940639181365,700,750,0.33,5,4,1.6500000000000001,1.32
0.0004,720575940639283278,720575940639210072,700,750,1.65,1,0,1.65,0.0
0.0004,720575940628695043,720575940639283278,600,650,40.260000000000005,1,1,40.260000000000005,40.260000000000005
0.0004,720575940628695043,720575940639283278,640,650,40.260000000000005,1,1,40.260000000000005,40.260000000000005
0.0004,720575940628695043,720575940639283278,650,700,40.260000000000005,6,5,241.56000000000003,201.3
0.0004,720575940628695043,720575940639283278,700,750,40.260000000000005,11,8,442.86000000000007,322.08000000000004
0.0004,720575940629377132,720575940639283278,600,650,1.32,1,1,1.32,1.32
0.0004,720575940629377132,720575940639283278,640,650,1.32,1,1,1.32,1.32
0.0004,720575940629377132,720575940639283278,650,700,1.32,6,5,7.92,6.6000000000000005
0.0004,720575940629377132,720575940639283278,700,750,1.32,11,2,14.520000000000001,2.64
0.0004,720575940628455942,720575940639283278,600,650,128.04,1,1,128.04,128.04
0.0004,720575940628455942,720575940639283278,640,650,128.04,1,1,128.04,128.04
0.0004,720575940628455942,720575940639283278,650,700,128.04,6,5,768.24,640.1999999999999
0.0004,720575940628455942,720575940639283278,700,750,128.04,11,9,1408.4399999999998,1152.36
0.0004,720575940643476128,720575940639283278,600,650,24.75,1,1,24.75,24.75
0.0004,720575940643476128,720575940639283278,640,650,24.75,1,1,24.75,24.75
0.0004,720575940643476128,720575940639283278,650,700,24.75,6,6,148.5,148.5
0.0004,720575940643476128,720575940639283278,700,750,24.75,11,6,272.25,148.5
0.0004,720575940612326373,720575940639283278,600,650,31.35,1,1,31.35,31.35
0.0004,720575940612326373,720575940639283278,640,650,31.35,1,1,31.35,31.35
0.0004,720575940612326373,720575940639283278,650,700,31.35,6,5,188.10000000000002,156.75
0.0004,720575940612326373,720575940639283278,700,750,31.35,11,7,344.85,219.45000000000002
0.0004,720575940639935616,720575940639283278,600,650,33.0,1,1,33.0,33.0
0.0004,720575940639935616,720575940639283278,640,650,33.0,1,1,33.0,33.0
0.0004,720575940639935616,720575940639283278,650,700,33.0,6,4,198.0,132.0
0.0004,720575940639935616,720575940639283278,700,750,33.0,11,10,363.0,330.0
0.0004,720575940623862015,720575940639314229,700,750,-0.264,1,1,0.264,0.264
0.0004,720575940628455942,720575940639355726,650,700,16.17,2,2,32.34,32.34
0.0004,720575940628455942,720575940639355726,700,750,16.17,3,3,48.510000000000005,48.510000000000005
0.0004,720575940639935616,720575940639355726,650,700,0.33,2,1,0.66,0.33
0.0004,720575940639935616,720575940639355726,700,750,0.33,3,3,0.99,0.99
0.0004,720575940643476128,720575940639355726,650,700,4.95,2,1,9.9,4.95
0.0004,720575940643476128,720575940639355726,700,750,4.95,3,1,14.850000000000001,4.95
0.0004,720575940612326373,720575940639355726,650,700,0.33,2,1,0.66,0.33
0.0004,720575940612326373,720575940639355726,700,750,0.33,3,2,0.99,0.66
0.0004,720575940628455942,720575940639373683,650,700,-13.728000000000002,4,2,54.912000000000006,27.456000000000003
0.0004,720575940628455942,720575940639373683,700,750,-13.728000000000002,6,6,82.36800000000001,82.36800000000001
0.0004,720575940639283278,720575940639373683,650,700,-0.264,4,4,1.056,1.056
0.0004,720575940639283278,720575940639373683,700,750,-0.264,6,1,1.584,0.264
0.0004,720575940629377132,720575940639373683,650,700,-0.264,4,3,1.056,0.792
0.0004,720575940629377132,720575940639373683,700,750,-0.264,6,3,1.584,0.792
0.0004,720575940639935616,720575940639373683,650,700,-0.528,4,2,2.112,1.056
0.0004,720575940639935616,720575940639373683,700,750,-0.528,6,4,3.168,2.112
0.0004,720575940643476128,720575940639373683,650,700,-1.584,4,2,6.336,3.168
0.0004,720575940643476128,720575940639373683,700,750,-1.584,6,4,9.504000000000001,6.336
0.0004,720575940623862015,720575940639373683,650,700,-0.528,4,3,2.112,1.584
0.0004,720575940623862015,720575940639373683,700,750,-0.528,6,6,3.168,3.168
0.0004,720575940629393207,720575940639373683,650,700,-0.528,4,2,2.112,1.056
0.0004,720575940629393207,720575940639373683,700,750,-0.528,6,3,3.168,1.584
0.0004,720575940629667639,720575940639373683,650,700,-0.264,4,3,1.056,0.792
0.0004,720575940629667639,720575940639373683,700,750,-0.264,6,4,1.584,1.056
0.0004,720575940612326373,720575940639378547,700,750,-0.792,1,0,0.792,0.0
0.0004,720575940628695043,720575940639396467,700,750,-7.128,1,0,7.128,0.0
0.0004,720575940639283278,720575940639417728,700,750,0.66,1,1,0.66,0.66
0.0004,720575940639283278,720575940639465075,700,750,-3.9600000000000004,1,1,3.9600000000000004,3.9600000000000004
0.0004,720575940639283278,720575940639505792,650,700,-0.264,3,3,0.792,0.792
0.0004,720575940639935616,720575940639505792,650,700,-1.848,3,3,5.5440000000000005,5.5440000000000005
0.0004,720575940643476128,720575940639505792,650,700,-1.848,3,2,5.5440000000000005,3.696
0.0004,720575940612326373,720575940639505792,650,700,-0.528,3,3,1.584,1.584
0.0004,720575940628695043,720575940639542691,650,700,-12.408000000000001,1,1,12.408000000000001,12.408000000000001
0.0004,720575940628695043,720575940639542691,700,750,-12.408000000000001,3,2,37.224000000000004,24.816000000000003
0.0004,720575940628455942,720575940639542691,650,700,-0.264,1,1,0.264,0.264
0.0004,720575940628455942,720575940639542691,700,750,-0.264,3,2,0.792,0.528
0.0004,720575940639283278,720575940639556467,650,700,-0.528,2,2,1.056,1.056
0.0004,720575940639283278,720575940639556467,700,750,-0.528,4,3,2.112,1.584
0.0004,720575940643476128,720575940639556467,650,700,-0.792,2,2,1.584,1.584
0.0004,720575940643476128,720575940639556467,700,750,-0.792,4,3,3.168,2.3760000000000003
0.0004,720575940639283278,720575940639683389,700,750,-1.056,3,3,3.168,3.168
0.0004,720575940628695043,720575940639702435,700,750,-0.264,1,0,0.264,0.0
0.0004,720575940612326373,720575940639702435,700,750,-0.264,1,1,0.264,0.264
0.0004,720575940639283278,720575940639725987,650,700,0.66,1,0,0.66,0.0
0.0004,720575940639283278,720575940639725987,700,750,0.66,3,1,1.98,0.66
0.0004,720575940612326373,720575940639725987,650,700,0.33,1,1,0.33,0.33
0.0004,720575940612326373,720575940639725987,700,750,0.33,3,1,0.99,0.33
0.0004,720575940639283278,720575940639776088,700,750,-2.9040000000000004,1,0,2.9040000000000004,0.0
0.0004,720575940628455942,720575940639809845,700,750,0.33,1,1,0.33,0.33
0.0004,720575940639283278,720575940639915096,700,750,1.32,1,0,1.32,0.0
0.0004,720575940639283278,720575940639917400,700,750,9.57,1,1,9.57,9.57
0.0004,720575940639935616,720575940639917400,700,750,0.66,1,1,0.66,0.66
0.0004,720575940628695043,720575940639935616,600,650,0.99,1,0,0.99,0.0
0.0004,720575940628695043,720575940639935616,640,650,0.99,1,0,0.99,0.0
0.0004,720575940628695043,720575940639935616,650,700,0.99,7,6,6.93,5.9399999999999995
0.0004,720575940628695043,720575940639935616,700,750,0.99,10,6,9.9,5.9399999999999995
0.0004,720575940639283278,720575940639935616,600,650,1.32,1,1,1.32,1.32
0.0004,720575940639283278,720575940639935616,640,650,1.32,1,1,1.32,1.32
0.0004,720575940639283278,720575940639935616,650,700,1.32,7,2,9.24,2.64
0.0004,720575940639283278,720575940639935616,700,750,1.32,10,5,13.200000000000001,6.6000000000000005
0.0004,720575940633434208,720575940639935616,600,650,0.66,1,1,0.66,0.66
0.0004,720575940633434208,720575940639935616,640,650,0.66,1,1,0.66,0.66
0.0004,720575940633434208,720575940639935616,650,700,0.66,7,3,4.62,1.98
0.0004,720575940633434208,720575940639935616,700,750,0.66,10,6,6.6000000000000005,3.96
0.0004,720575940629377132,720575940639935616,600,650,0.99,1,1,0.99,0.99
0.0004,720575940629377132,720575940639935616,640,650,0.99,1,1,0.99,0.99
0.0004,720575940629377132,720575940639935616,650,700,0.99,7,4,6.93,3.96
0.0004,720575940629377132,720575940639935616,700,750,0.99,10,8,9.9,7.92
0.0004,720575940643551392,720575940639935616,600,650,2.31,1,1,2.31,2.31
0.0004,720575940643551392,720575940639935616,640,650,2.31,1,1,2.31,2.31
0.0004,720575940643551392,720575940639935616,650,700,2.31,7,3,16.17,6.93
0.0004,720575940643551392,720575940639935616,700,750,2.31,10,7,23.1,16.17
0.0004,720575940623862015,720575940639935616,600,650,0.33,1,1,0.33,0.33
0.0004,720575940623862015,720575940639935616,640,650,0.33,1,1,0.33,0.33
0.0004,720575940623862015,720575940639935616,650,700,0.33,7,5,2.31,1.6500000000000001
0.0004,720575940623862015,720575940639935616,700,750,0.33,10,7,3.3000000000000003,2.31
0.0004,720575940628455942,720575940639935616,600,650,1.65,1,0,1.65,0.0
0.0004,720575940628455942,720575940639935616,640,650,1.65,1,0,1.65,0.0
0.0004,720575940628455942,720575940639935616,650,700,1.65,7,7,11.549999999999999,11.549999999999999
0.0004,720575940628455942,720575940639935616,700,750,1.65,10,3,16.5,4.949999999999999
0.0004,720575940643476128,720575940639935616,600,650,3.96,1,1,3.96,3.96
0.0004,720575940643476128,720575940639935616,640,650,3.96,1,1,3.96,3.96
0.0004,720575940643476128,720575940639935616,650,700,3.96,7,4,27.72,15.84
0.0004,720575940643476128,720575940639935616,700,750,3.96,10,6,39.6,23.759999999999998
0.0004,720575940612326373,720575940639935616,600,650,2.97,1,1,2.97,2.97
0.0004,720575940612326373,720575940639935616,640,650,2.97,1,1,2.97,2.97
0.0004,720575940612326373,720575940639935616,650,700,2.97,7,3,20.790000000000003,8.91
0.0004,720575940612326373,720575940639935616,700,750,2.97,10,7,29.700000000000003,20.790000000000003
0.0004,720575940629667639,720575940639935616,600,650,0.66,1,1,0.66,0.66
0.0004,720575940629667639,720575940639935616,640,650,0.66,1,1,0.66,0.66
0.0004,720575940629667639,720575940639935616,650,700,0.66,7,5,4.62,3.3000000000000003
0.0004,720575940629667639,720575940639935616,700,750,0.66,10,10,6.6000000000000005,6.6000000000000005
0.0004,720575940629393207,720575940639935616,600,650,3.6300000000000003,1,1,3.6300000000000003,3.6300000000000003
0.0004,720575940629393207,720575940639935616,640,650,3.6300000000000003,1,1,3.6300000000000003,3.6300000000000003
0.0004,720575940629393207,720575940639935616,650,700,3.6300000000000003,7,4,25.410000000000004,14.520000000000001
0.0004,720575940629393207,720575940639935616,700,750,3.6300000000000003,10,8,36.300000000000004,29.040000000000003
0.0004,720575940628455942,720575940639939712,650,700,0.66,1,1,0.66,0.66
0.0004,720575940628455942,720575940639939712,700,750,0.66,1,0,0.66,0.0
0.0004,720575940643476128,720575940639939712,650,700,0.99,1,1,0.99,0.99
0.0004,720575940643476128,720575940639939712,700,750,0.99,1,0,0.99,0.0
0.0004,720575940639935616,720575940640031360,700,750,-0.528,11,6,5.808,3.168
0.0004,720575940639283278,720575940640031360,700,750,-2.112,11,9,23.232,19.008000000000003
0.0004,720575940628695043,720575940640451280,700,750,0.33,4,1,1.32,0.33
0.0004,720575940639935616,720575940640471504,700,750,0.33,1,1,0.33,0.33
0.0004,720575940612326373,720575940640471504,700,750,0.66,1,0,0.66,0.0
0.0004,720575940628695043,720575940640823936,700,750,4.95,4,2,19.8,9.9
0.0004,720575940639935616,720575940640823936,700,750,0.66,4,1,2.64,0.66
0.0004,720575940612326373,720575940640942837,650,700,-0.264,2,2,0.528,0.528
0.0004,720575940612326373,720575940640942837,700,750,-0.264,3,0,0.792,0.0
0.0004,720575940628695043,720575940641097461,650,700,-1.584,1,1,1.584,1.584
0.0004,720575940628695043,720575940641097461,700,750,-1.584,1,0,1.584,0.0
0.0004,720575940639283278,720575940641097461,650,700,-0.264,1,0,0.264,0.0
0.0004,720575940639283278,720575940641097461,700,750,-0.264,1,0,0.264,0.0
0.0004,720575940639935616,720575940641097461,650,700,-0.264,1,0,0.264,0.0
0.0004,720575940639935616,720575940641097461,700,750,-0.264,1,0,0.264,0.0
0.0004,720575940612326373,720575940641097461,650,700,-0.264,1,1,0.264,0.264
0.0004,720575940612326373,720575940641097461,700,750,-0.264,1,0,0.264,0.0
0.0004,720575940628695043,720575940641149429,700,750,0.66,1,0,0.66,0.0
0.0004,720575940639283278,720575940641220853,700,750,-0.264,6,3,1.584,0.792
0.0004,720575940628695043,720575940641386203,700,750,-0.264,2,2,0.528,0.528
0.0004,720575940639283278,720575940641386203,700,750,-2.9040000000000004,2,0,5.808000000000001,0.0
0.0004,720575940612326373,720575940641386203,700,750,-0.792,2,2,1.584,1.584
0.0004,720575940639935616,720575940641386203,700,750,-0.264,2,2,0.528,0.528
0.0004,720575940639283278,720575940641546715,700,750,0.99,2,2,1.98,1.98
0.0004,720575940623862015,720575940641560205,650,700,0.33,2,2,0.66,0.66
0.0004,720575940623862015,720575940641560205,700,750,0.33,3,2,0.99,0.66
0.0004,720575940628455942,720575940641755789,700,750,0.33,2,0,0.66,0.0
0.0004,720575940629667639,720575940641904525,700,750,-15.840000000000002,3,2,47.52,31.680000000000003
0.0004,720575940629393207,720575940641904525,700,750,-0.264,3,2,0.792,0.528
0.0004,720575940629667639,720575940641977589,700,750,0.66,9,4,5.94,2.64
0.0004,720575940628695043,720575940642142861,650,700,-0.264,2,0,0.528,0.0
0.0004,720575940628695043,720575940642142861,700,750,-0.264,3,1,0.792,0.264
0.0004,720575940639283278,720575940642151565,700,750,25.41,2,1,50.82,25.41
0.0004,720575940629377132,720575940642193549,650,700,0.33,2,1,0.66,0.33
0.0004,720575940629377132,720575940642193549,700,750,0.33,3,1,0.99,0.33
0.0004,720575940612326373,720575940642262157,700,750,-0.264,1,0,0.264,0.0
0.0004,720575940639935616,720575940642262157,700,750,-1.32,1,0,1.32,0.0
0.0004,720575940628455942,720575940642617544,650,700,-10.296000000000001,1,1,10.296000000000001,10.296000000000001
0.0004,720575940628455942,720575940642617544,700,750,-10.296000000000001,1,0,10.296000000000001,0.0
0.0004,720575940628455942,720575940643371424,700,750,2.97,3,2,8.91,5.94
0.0004,720575940639283278,720575940643371424,700,750,1.98,3,0,5.9399999999999995,0.0
0.0004,720575940639935616,720575940643371424,700,750,0.33,3,1,0.99,0.33
0.0004,720575940643476128,720575940643371424,700,750,0.66,3,2,1.98,1.32
0.0004,720575940639283278,720575940643476128,650,700,-0.264,7,3,1.848,0.792
0.0004,720575940639283278,720575940643476128,700,750,-0.264,8,2,2.112,0.528
0.0004,720575940628455942,720575940643476128,650,700,-1.32,7,7,9.24,9.24
0.0004,720575940628455942,720575940643476128,700,750,-1.32,8,4,10.56,5.28
0.0004,720575940639935616,720575940643476128,650,700,-0.264,7,4,1.848,1.056
0.0004,720575940639935616,720575940643476128,700,750,-0.264,8,5,2.112,1.32
0.0004,720575940628695043,720575940643551392,600,650,-0.264,2,2,0.528,0.528
0.0004,720575940628695043,720575940643551392,650,700,-0.264,6,5,1.584,1.32
0.0004,720575940628695043,720575940643551392,700,750,-0.264,8,5,2.112,1.32
0.0004,720575940628455942,720575940643551392,600,650,-0.264,2,2,0.528,0.528
0.0004,720575940628455942,720575940643551392,650,700,-0.264,6,4,1.584,1.056
0.0004,720575940628455942,720575940643551392,700,750,-0.264,8,5,2.112,1.32
0.0004,720575940633434208,720575940643551392,600,650,-10.032000000000002,2,0,20.064000000000004,0.0
0.0004,720575940633434208,720575940643551392,650,700,-10.032000000000002,6,0,60.19200000000001,0.0
0.0004,720575940633434208,720575940643551392,700,750,-10.032000000000002,8,1,80.25600000000001,10.032000000000002
0.0004,720575940623862015,720575940643551392,600,650,-0.528,2,0,1.056,0.0
0.0004,720575940623862015,720575940643551392,650,700,-0.528,6,4,3.168,2.112
0.0004,720575940623862015,720575940643551392,700,750,-0.528,8,4,4.224,2.112
0.0004,720575940612326373,720575940643551392,600,650,-0.264,2,2,0.528,0.528
0.0004,720575940612326373,720575940643551392,650,700,-0.264,6,5,1.584,1.32
0.0004,720575940612326373,720575940643551392,700,750,-0.264,8,3,2.112,0.792
0.0004,720575940639283278,720575940643701152,650,700,-0.264,1,0,0.264,0.0
0.0004,720575940639283278,720575940643701152,700,750,-0.264,3,0,0.792,0.0
0.0004,720575940628695043,720575940643829704,700,750,-5.28,2,1,10.56,5.28
0.0004,720575940633434208,720575940643829704,700,750,-0.792,2,1,1.584,0.792
0.0004,720575940643551392,720575940643829704,700,750,-1.32,2,1,2.64,1.32
0.0004,720575940628455942,720575940643829704,700,750,-6.864000000000001,2,1,13.728000000000002,6.864000000000001
0.0004,720575940612326373,720575940643829704,700,750,-0.528,2,1,1.056,0.528
0.0004,720575940639935616,720575940643849764,700,750,3.3,1,0,3.3,0.0
0.0004,720575940643476128,720575940643849764,700,750,0.33,1,1,0.33,0.33
0.0004,720575940660219265,720575940643867296,600,650,-2.64,7,4,18.48,10.56
0.0004,720575940660219265,720575940643867296,640,650,-2.64,1,0,2.64,0.0
0.0004,720575940660219265,720575940643867296,650,700,-2.64,5,4,13.200000000000001,10.56
0.0004,720575940660219265,720575940643867296,700,750,-2.64,4,3,10.56,7.92
0.0004,720575940628695043,720575940643882184,650,700,-0.528,2,1,1.056,0.528
0.0004,720575940628695043,720575940643882184,700,750,-0.528,3,2,1.584,1.056
0.0004,720575940612326373,720575940643882184,650,700,-0.264,2,1,0.528,0.264
0.0004,720575940612326373,720575940643882184,700,750,-0.264,3,2,0.792,0.528
0.0004,720575940633434208,720575940643919908,650,700,-1.584,1,1,1.584,1.584
0.0004,720575940633434208,720575940643919908,700,750,-1.584,3,3,4.752000000000001,4.752000000000001
0.0004,720575940643551392,720575940643919908,650,700,-1.848,1,1,1.848,1.848
0.0004,720575940643551392,720575940643919908,700,750,-1.848,3,3,5.5440000000000005,5.5440000000000005
0.0004,720575940612326373,720575940643941832,700,750,1.65,2,1,3.3,1.65
0.0004,720575940639935616,720575940643941832,700,750,0.66,2,1,1.32,0.66
0.0004,720575940660219265,720575940644022551,700,750,1.65,1,1,1.65,1.65
0.0004,720575940639283278,720575940644176164,700,750,32.34,4,2,129.36,64.68
0.0004,720575940628455942,720575940644176164,700,750,0.33,4,2,1.32,0.66
0.0004,720575940623862015,720575940644184087,700,750,0.33,1,0,0.33,0.0
0.0004,720575940629667639,720575940644184087,700,750,0.99,1,0,0.99,0.0
0.0004,720575940628455942,720575940644592494,700,750,0.33,3,2,0.99,0.66
0.0004,720575940628695043,720575940644615716,700,750,-8.184000000000001,1,0,8.184000000000001,0.0
0.0004,720575940628455942,720575940644615716,700,750,-4.488,1,1,4.488,4.488
0.0004,720575940629377132,720575940644615716,700,750,-0.264,1,0,0.264,0.0
0.0004,720575940643551392,720575940644615716,700,750,-0.528,1,0,0.528,0.0
0.0004,720575940629667639,720575940644615716,700,750,-0.264,1,0,0.264,0.0
0.0004,720575940660219265,720575940644653348,600,650,-1.848,5,5,9.24,9.24
0.0004,720575940660219265,720575940644653348,640,650,-1.848,2,2,3.696,3.696
0.0004,720575940660219265,720575940644653348,650,700,-1.848,4,2,7.392,3.696
0.0004,720575940660219265,720575940644653348,700,750,-1.848,4,4,7.392,7.392
0.0004,720575940639935616,720575940644688238,700,750,0.33,3,0,0.99,0.0
0.0004,720575940643476128,720575940644747828,700,750,0.33,3,3,0.99,0.99
0.0004,720575940629667639,720575940644751652,700,750,0.33,1,1,0.33,0.33
0.0004,720575940628695043,720575940644766574,700,750,-13.992000000000003,1,0,13.992000000000003,0.0
0.0004,720575940628455942,720575940644899095,700,750,1.32,4,1,5.28,1.32
0.0004,720575940639283278,720575940644899095,700,750,5.28,4,3,21.12,15.84
0.0004,720575940643476128,720575940644899095,700,750,0.33,4,3,1.32,0.99
0.0004,720575940623862015,720575940644978711,700,750,1.65,1,0,1.65,0.0
0.0004,720575940660219265,720575940644995950,700,750,-0.264,1,1,0.264,0.264
0.0004,720575940623862015,720575940645239844,700,750,18.150000000000002,1,0,18.150000000000002,0.0
0.0004,720575940629667639,720575940645239844,700,750,1.65,1,1,1.65,1.65
0.0004,720575940639283278,720575940645264750,650,700,-0.264,1,0,0.264,0.0
0.0004,720575940639283278,720575940645264750,700,750,-0.264,3,3,0.792,0.792
0.0004,720575940639935616,720575940645264750,650,700,-0.792,1,1,0.792,0.792
0.0004,720575940639935616,720575940645264750,700,750,-0.792,3,2,2.3760000000000003,1.584
0.0004,720575940612326373,720575940645264750,650,700,-0.528,1,1,0.528,0.528
0.0004,720575940612326373,720575940645264750,700,750,-0.528,3,1,1.584,0.528
0.0004,720575940628695043,720575940645304430,700,750,4.29,2,2,8.58,8.58
0.0004,720575940612326373,720575940645304430,700,750,24.090000000000003,2,1,48.18000000000001,24.090000000000003
0.0004,720575940639935616,720575940645304430,700,750,3.96,2,2,7.92,7.92
0.0004,720575940612326373,720575940645610787,650,700,0.33,1,1,0.33,0.33
0.0004,720575940612326373,720575940645610787,700,750,0.33,3,1,0.99,0.33
0.0004,720575940628695043,720575940645676579,650,700,0.33,4,3,1.32,0.99
0.0004,720575940628695043,720575940645676579,700,750,0.33,5,3,1.6500000000000001,0.99
0.0004,720575940629667639,720575940645676579,650,700,0.33,4,2,1.32,0.66
0.0004,720575940629667639,720575940645676579,700,750,0.33,5,2,1.6500000000000001,0.66
0.0004,720575940628455942,720575940645864739,650,700,-0.528,5,2,2.64,1.056
0.0004,720575940628455942,720575940645864739,700,750,-0.528,6,2,3.168,1.056
0.0004,720575940643476128,720575940645864739,650,700,-0.264,5,4,1.32,1.056
0.0004,720575940643476128,720575940645864739,700,750,-0.264,6,5,1.584,1.32
0.0004,720575940628695043,720575940646130211,700,750,-14.520000000000003,1,1,14.520000000000003,14.520000000000003
0.0004,720575940629667639,720575940646192692,700,750,0.66,2,2,1.32,1.32
0.0004,720575940628695043,720575940646351412,700,750,7.260000000000001,1,0,7.260000000000001,0.0
0.0004,720575940639935616,720575940646351412,700,750,0.33,1,0,0.33,0.0
0.0004,720575940612326373,720575940646351412,700,750,3.6300000000000003,1,1,3.6300000000000003,3.6300000000000003
0.0004,720575940639283278,720575940646415907,650,700,0.66,1,1,0.66,0.66
0.0004,720575940639283278,720575940646415907,700,750,0.66,1,1,0.66,0.66
0.0004,720575940639935616,720575940646415907,650,700,2.97,1,1,2.97,2.97
0.0004,720575940639935616,720575940646415907,700,750,2.97,1,0,2.97,0.0
0.0004,720575940612326373,720575940646415907,650,700,0.33,1,1,0.33,0.33
0.0004,720575940612326373,720575940646415907,700,750,0.33,1,0,0.33,0.0
0.0004,720575940628695043,720575940646564916,700,750,1.32,2,1,2.64,1.32
0.0004,720575940628455942,720575940646582836,650,700,0.33,1,1,0.33,0.33
0.0004,720575940628455942,720575940646582836,700,750,0.33,3,1,0.99,0.33
0.0004,720575940628695043,720575940646735156,650,700,0.33,3,1,0.99,0.33
0.0004,720575940628695043,720575940646735156,700,750,0.33,5,4,1.6500000000000001,1.32
0.0004,720575940639283278,720575940646735156,650,700,1.32,3,2,3.96,2.64
0.0004,720575940639283278,720575940646735156,700,750,1.32,5,1,6.6000000000000005,1.32
0.0004,720575940628455942,720575940646735156,650,700,0.99,3,1,2.9699999999999998,0.99
0.0004,720575940628455942,720575940646735156,700,750,0.99,5,3,4.95,2.9699999999999998
0.0004,720575940643476128,720575940646735156,650,700,0.33,3,3,0.99,0.99
0.0004,720575940643476128,720575940646735156,700,750,0.33,5,3,1.6500000000000001,0.99
0.0004,720575940612326373,720575940646735156,650,700,1.32,3,2,3.96,2.64
0.0004,720575940612326373,720575940646735156,700,750,1.32,5,3,6.6000000000000005,3.96
0.0004,720575940639935616,720575940646735156,650,700,0.99,3,2,2.9699999999999998,1.98
0.0004,720575940639935616,720575940646735156,700,750,0.99,5,5,4.95,4.95
0.0004,720575940639935616,720575940646880820,700,750,-0.528,2,2,1.056,1.056
0.0004,720575940612326373,720575940646880820,700,750,-2.9040000000000004,2,1,5.808000000000001,2.9040000000000004
0.0004,720575940612326373,720575940647147908,700,750,0.33,6,1,1.98,0.33
0.0004,720575940612326373,720575940647258500,700,750,-0.528,1,0,0.528,0.0
0.0004,720575940639283278,720575940647341956,700,750,-0.264,2,0,0.528,0.0
0.0004,720575940639935616,720575940647341956,700,750,-0.264,2,1,0.528,0.264
0.0004,720575940639935616,720575940647357060,700,750,-0.528,1,1,0.528,0.528
0.0004,720575940643476128,720575940647357060,700,750,-1.056,1,1,1.056,1.056
0.0004,720575940639283278,720575940647357060,700,750,-5.808000000000001,1,1,5.808000000000001,5.808000000000001
0.0004,720575940628455942,720575940647380356,650,700,-1.584,2,1,3.168,1.584
0.0004,720575940628455942,720575940647380356,700,750,-1.584,2,2,3.168,3.168
0.0004,720575940639283278,720575940647380356,650,700,-2.112,2,2,4.224,4.224
0.0004,720575940639283278,720575940647380356,700,750,-2.112,2,1,4.224,2.112
0.0004,720575940643476128,720575940647380356,650,700,-0.264,2,1,0.528,0.264
0.0004,720575940643476128,720575940647380356,700,750,-0.264,2,2,0.528,0.528
0.0004,720575940639283278,720575940648206468,700,750,0.99,3,2,2.9699999999999998,1.98
0.0004,720575940628455942,720575940648236153,700,750,-3.168,3,1,9.504000000000001,3.168
0.0004,720575940639283278,720575940648236153,700,750,-1.32,3,0,3.96,0.0
0.0004,720575940639935616,720575940648236153,700,750,-12.144,3,2,36.432,24.288
0.0004,720575940643476128,720575940648236153,700,750,-3.168,3,2,9.504000000000001,6.336
0.0004,720575940612326373,720575940648236153,700,750,-0.264,3,3,0.792,0.792
0.0004,720575940639283278,720575940648330105,650,700,0.33,2,2,0.66,0.66
0.0004,720575940639283278,720575940648330105,700,750,0.33,2,1,0.66,0.33
0.0004,720575940660219265,720575940649829241,600,650,-45.672000000000004,3,2,137.01600000000002,91.34400000000001
0.0004,720575940660219265,720575940649829241,640,650,-45.672000000000004,1,1,45.672000000000004,45.672000000000004
0.0004,720575940660219265,720575940649829241,650,700,-45.672000000000004,4,1,182.68800000000002,45.672000000000004
0.0004,720575940660219265,720575940649829241,700,750,-45.672000000000004,4,3,182.68800000000002,137.01600000000002
0.0004,720575940639283278,720575940650169846,700,750,1.32,1,1,1.32,1.32
0.0004,720575940628695043,720575940651305718,650,700,0.33,2,1,0.66,0.33
0.0004,720575940628695043,720575940651305718,700,750,0.33,1,0,0.33,0.0
0.0004,720575940639935616,720575940651305718,650,700,2.31,2,2,4.62,4.62
0.0004,720575940639935616,720575940651305718,700,750,2.31,1,0,2.31,0.0
0.0004,720575940643476128,720575940651305718,650,700,3.96,2,0,7.92,0.0
0.0004,720575940643476128,720575940651305718,700,750,3.96,1,1,3.96,3.96
0.0004,720575940628695043,720575940652059638,700,750,0.33,1,1,0.33,0.33
0.0004,720575940629377132,720575940652059638,700,750,0.33,1,0,0.33,0.0
0.0004,720575940629393207,720575940652059638,700,750,0.33,1,0,0.33,0.0
0.0004,720575940612326373,720575940652059638,700,750,0.33,1,1,0.33,0.33
0.0004,720575940628455942,720575940652734625,700,750,-17.16,1,1,17.16,17.16
0.0004,720575940639283278,720575940652734625,700,750,-3.168,1,1,3.168,3.168
0.0004,720575940639935616,720575940652734625,700,750,-2.112,1,1,2.112,2.112
0.0004,720575940643476128,720575940652734625,700,750,-8.184000000000001,1,1,8.184000000000001,8.184000000000001
0.0004,720575940628695043,720575940654925985,700,750,2.64,1,1,2.64,2.64
0.0004,720575940628455942,720575940654932385,700,750,5.61,3,2,16.830000000000002,11.22
0.0004,720575940639283278,720575940654932385,700,750,9.9,3,2,29.700000000000003,19.8
0.0004,720575940628695043,720575940655011489,600,650,5.61,3,3,16.830000000000002,16.830000000000002
0.0004,720575940628695043,720575940655011489,700,750,5.61,1,0,5.61,0.0
0.0004,720575940639935616,720575940657580417,650,700,0.33,3,1,0.99,0.33
0.0004,720575940639935616,720575940657580417,700,750,0.33,4,2,1.32,0.66
0.0004,720575940628455942,720575940658674049,700,750,0.66,1,0,0.66,0.0
0.0004,720575940628695043,720575940658726785,700,750,0.33,2,2,0.66,0.66
0.0004,720575940628695043,720575940659709569,650,700,-0.264,2,1,0.528,0.264
0.0004,720575940628695043,720575940659709569,700,750,-0.264,1,1,0.264,0.264
0.0004,720575940628455942,720575940659709569,650,700,-0.528,2,2,1.056,1.056
0.0004,720575940628455942,720575940659709569,700,750,-0.528,1,0,0.528,0.0
0.0004,720575940639283278,720575940659773313,650,700,-0.528,2,2,1.056,1.056
0.0004,720575940639283278,720575940659773313,700,750,-0.528,2,0,1.056,0.0
0.0004,720575940639935616,720575940659773313,650,700,-1.32,2,2,2.64,2.64
0.0004,720575940639935616,720575940659773313,700,750,-1.32,2,2,2.64,2.64
0.0004,720575940639935616,720575940660170881,700,750,-0.264,2,2,0.528,0.528
0.0004,720575940612326373,720575940660170881,700,750,-1.584,2,2,3.168,3.168
0.0002,720575940623862015,720575940605420902,600,650,-0.264,1,1,0.264,0.264
0.0002,720575940639935616,720575940605420902,600,650,-0.264,1,1,0.264,0.264
0.0002,720575940660219265,720575940605513649,600,650,-19.8,1,1,19.8,19.8
0.0002,720575940660219265,720575940605513649,650,700,-19.8,1,0,19.8,0.0
0.0002,720575940660219265,720575940605513649,700,750,-19.8,1,1,19.8,19.8
0.0002,720575940660219265,720575940607193986,600,650,0.66,3,2,1.98,1.32
0.0002,720575940660219265,720575940607193986,640,650,0.66,1,0,0.66,0.0
0.0002,720575940660219265,720575940607193986,650,700,0.66,3,0,1.98,0.0
0.0002,720575940660219265,720575940607193986,700,750,0.66,3,2,1.98,1.32
0.0002,720575940660219265,720575940607272649,600,650,0.99,5,3,4.95,2.9699999999999998
0.0002,720575940660219265,720575940607272649,640,650,0.99,2,1,1.98,0.99
0.0002,720575940660219265,720575940607272649,650,700,0.99,6,4,5.9399999999999995,3.96
0.0002,720575940660219265,720575940607272649,700,750,0.99,4,4,3.96,3.96
0.0002,720575940660219265,720575940607386290,600,650,0.33,1,0,0.33,0.0
0.0002,720575940660219265,720575940607386290,650,700,0.33,2,2,0.66,0.66
0.0002,720575940660219265,720575940607386290,700,750,0.33,2,2,0.66,0.66
0.0002,720575940660219265,720575940608498780,600,650,-0.264,3,3,0.792,0.792
0.0002,720575940660219265,720575940608498780,640,650,-0.264,1,1,0.264,0.264
0.0002,720575940660219265,720575940608498780,650,700,-0.264,3,3,0.792,0.792
0.0002,720575940660219265,720575940608498780,700,750,-0.264,2,1,0.528,0.264
0.0002,720575940660219265,720575940609407939,600,650,29.040000000000003,4,2,116.16000000000001,58.080000000000005
0.0002,720575940660219265,720575940609407939,640,650,29.040000000000003,1,1,29.040000000000003,29.040000000000003
0.0002,720575940660219265,720575940609407939,650,700,29.040000000000003,2,0,58.080000000000005,0.0
0.0002,720575940660219265,720575940609407939,700,750,29.040000000000003,4,4,116.16000000000001,116.16000000000001
0.0002,720575940660219265,720575940609935172,600,650,-0.264,2,2,0.528,0.528
0.0002,720575940660219265,720575940609935172,650,700,-0.264,3,2,0.792,0.528
0.0002,720575940660219265,720575940609935172,700,750,-0.264,2,1,0.528,0.264
0.0002,720575940660219265,720575940610677828,600,650,-21.648,4,4,86.592,86.592
0.0002,720575940660219265,720575940610677828,640,650,-21.648,1,1,21.648,21.648
0.0002,720575940660219265,720575940610677828,650,700,-21.648,4,3,86.592,64.944
0.0002,720575940660219265,720575940610677828,700,750,-21.648,3,2,64.944,43.296
0.0002,720575940660219265,720575940610803554,600,650,-0.264,3,2,0.792,0.528
0.0002,720575940660219265,720575940610803554,640,650,-0.264,1,0,0.264,0.0
0.0002,720575940660219265,720575940610803554,650,700,-0.264,3,3,0.792,0.792
0.0002,720575940660219265,720575940610803554,700,750,-0.264,2,2,0.528,0.528
0.0002,720575940628695043,720575940612154339,600,650,0.33,1,1,0.33,0.33
0.0002,720575940629377132,720575940612154339,600,650,1.65,1,0,1.65,0.0
0.0002,720575940629393207,720575940612154339,600,650,3.6300000000000003,1,0,3.6300000000000003,0.0
0.0002,720575940629667639,720575940612154339,600,650,0.33,1,0,0.33,0.0
0.0002,720575940612326373,720575940612154339,600,650,0.66,1,1,0.66,0.66
0.0002,720575940660219265,720575940612208858,600,650,-0.264,1,1,0.264,0.264
0.0002,720575940660219265,720575940612208858,650,700,-0.264,1,0,0.264,0.0
0.0002,720575940660219265,720575940612357618,600,650,0.33,2,1,0.66,0.33
0.0002,720575940660219265,720575940612357618,640,650,0.33,1,1,0.33,0.33
0.0002,720575940660219265,720575940612357618,650,700,0.33,1,1,0.33,0.33
0.0002,720575940660219265,720575940612357618,700,750,0.33,1,0,0.33,0.0
0.0002,720575940660219265,720575940613347299,600,650,1.65,3,3,4.949999999999999,4.949999999999999
0.0002,720575940660219265,720575940613347299,640,650,1.65,1,1,1.65,1.65
0.0002,720575940660219265,720575940613347299,650,700,1.65,4,3,6.6,4.949999999999999
0.0002,720575940660219265,720575940613347299,700,750,1.65,2,2,3.3,3.3
0.0002,720575940628455942,720575940613670893,600,650,-0.528,1,1,0.528,0.528
0.0002,720575940628455942,720575940613670893,650,700,-0.528,1,1,0.528,0.528
0.0002,720575940628455942,720575940613670893,700,750,-0.528,1,1,0.528,0.528
0.0002,720575940623862015,720575940613670893,600,650,-8.184000000000001,1,1,8.184000000000001,8.184000000000001
0.0002,720575940623862015,720575940613670893,650,700,-8.184000000000001,1,1,8.184000000000001,8.184000000000001
0.0002,720575940623862015,720575940613670893,700,750,-8.184000000000001,1,1,8.184000000000001,8.184000000000001
0.0002,720575940660219265,720575940615041430,600,650,-0.264,7,5,1.848,1.32
0.0002,720575940660219265,720575940615041430,640,650,-0.264,1,0,0.264,0.0
0.0002,720575940660219265,720575940615041430,650,700,-0.264,8,6,2.112,1.584
0.0002,720575940660219265,720575940615041430,700,750,-0.264,7,5,1.848,1.32
0.0002,720575940660219265,720575940615564959,600,650,-0.264,1,1,0.264,0.264
0.0002,720575940660219265,720575940615564959,650,700,-0.264,2,1,0.528,0.264
0.0002,720575940660219265,720575940615564959,700,750,-0.264,1,1,0.264,0.264
0.0002,720575940660219265,720575940615582111,600,650,-0.264,1,1,0.264,0.264
0.0002,720575940660219265,720575940615582111,650,700,-0.264,2,1,0.528,0.264
0.0002,720575940660219265,720575940615582111,700,750,-0.264,1,1,0.264,0.264
0.0002,720575940660219265,720575940615671106,600,650,0.66,7,4,4.62,2.64
0.0002,720575940660219265,720575940615671106,640,650,0.66,2,2,1.32,1.32
0.0002,720575940660219265,720575940615671106,650,700,0.66,6,4,3.96,2.64
0.0002,720575940660219265,720575940615671106,700,750,0.66,6,4,3.96,2.64
0.0002,720575940660219265,720575940616466260,600,650,-0.264,3,3,0.792,0.792
0.0002,720575940660219265,720575940616466260,640,650,-0.264,1,1,0.264,0.264
0.0002,720575940660219265,720575940616466260,650,700,-0.264,5,1,1.32,0.264
0.0002,720575940660219265,720575940616466260,700,750,-0.264,4,3,1.056,0.792
0.0002,720575940660219265,720575940616857174,600,650,8.25,4,4,33.0,33.0
0.0002,720575940660219265,720575940616857174,640,650,8.25,1,1,8.25,8.25
0.0002,720575940660219265,720575940616857174,650,700,8.25,4,3,33.0,24.75
0.0002,720575940660219265,720575940616857174,700,750,8.25,4,2,33.0,16.5
0.0002,720575940660219265,720575940616864086,600,650,-0.528,3,1,1.584,0.528
0.0002,720575940660219265,720575940616864086,640,650,-0.528,1,0,0.528,0.0
0.0002,720575940660219265,720575940616864086,650,700,-0.528,3,0,1.584,0.0
0.0002,720575940660219265,720575940616864086,700,750,-0.528,3,3,1.584,1.584
0.0002,720575940660219265,720575940616864217,600,650,-1.848,2,1,3.696,1.848
0.0002,720575940660219265,720575940616864217,640,650,-1.848,1,0,1.848,0.0
0.0002,720575940660219265,720575940616864217,650,700,-1.848,3,2,5.5440000000000005,3.696
0.0002,720575940660219265,720575940616864217,700,750,-1.848,2,2,3.696,3.696
0.0002,720575940660219265,720575940617494877,600,650,0.33,2,2,0.66,0.66
0.0002,720575940660219265,720575940617494877,640,650,0.33,1,1,0.33,0.33
0.0002,720575940660219265,720575940617494877,650,700,0.33,1,1,0.33,0.33
0.0002,720575940660219265,720575940617494877,700,750,0.33,1,1,0.33,0.33
0.0002,720575940660219265,720575940618291520,700,750,-0.264,1,1,0.264,0.264
0.0002,720575940660219265,720575940619114048,600,650,6.6,2,2,13.2,13.2
0.0002,720575940660219265,720575940619114048,640,650,6.6,1,1,6.6,6.6
0.0002,720575940660219265,720575940619114048,650,700,6.6,3,3,19.799999999999997,19.799999999999997
0.0002,720575940660219265,720575940619114048,700,750,6.6,2,2,13.2,13.2
0.0002,720575940660219265,720575940619176094,600,650,0.99,1,0,0.99,0.0
0.0002,720575940660219265,720575940619176094,640,650,0.99,1,0,0.99,0.0
0.0002,720575940628695043,720575940619397797,600,650,9.24,1,0,9.24,0.0
0.0002,720575940639935616,720575940619397797,600,650,1.32,1,1,1.32,1.32
0.0002,720575940629393207,720575940619397797,600,650,0.66,1,1,0.66,0.66
0.0002,720575940612326373,720575940619397797,600,650,0.33,1,1,0.33,0.33
0.0002,720575940660219265,720575940619853515,600,650,185.13,4,2,740.52,370.26
0.0002,720575940660219265,720575940619853515,640,650,185.13,1,0,185.13,0.0
0.0002,720575940660219265,720575940619853515,650,700,185.13,3,1,555.39,185.13
0.0002,720575940660219265,720575940619853515,700,750,185.13,5,3,925.65,555.39
0.0002,720575940660219265,720575940619877396,600,650,10.56,6,4,63.36,42.24
0.0002,720575940660219265,720575940619877396,640,650,10.56,1,1,10.56,10.56
0.0002,720575940660219265,720575940619877396,650,700,10.56,7,7,73.92,73.92
0.0002,720575940660219265,720575940619877396,700,750,10.56,6,5,63.36,52.800000000000004
0.0002,720575940660219265,720575940620062288,600,650,-0.792,2,1,1.584,0.792
0.0002,720575940660219265,720575940620062288,640,650,-0.792,1,1,0.792,0.792
0.0002,720575940660219265,720575940620062288,650,700,-0.792,2,1,1.584,0.792
0.0002,720575940660219265,720575940620062288,700,750,-0.792,1,1,0.792,0.792
0.0002,720575940628695043,720575940620474278,600,650,-9.24,1,1,9.24,9.24
0.0002,720575940628695043,720575940620474278,640,650,-9.24,1,1,9.24,9.24
0.0002,720575940628695043,720575940620474278,650,700,-9.24,1,1,9.24,9.24
0.0002,720575940629393207,720575940620474278,600,650,-0.264,1,1,0.264,0.264
0.0002,720575940629393207,720575940620474278,640,650,-0.264,1,1,0.264,0.264
0.0002,720575940629393207,720575940620474278,650,700,-0.264,1,1,0.264,0.264
0.0002,720575940628455942,720575940621057702,600,650,-10.56,1,1,10.56,10.56
0.0002,720575940628455942,720575940621057702,650,700,-10.56,1,1,10.56,10.56
0.0002,720575940628455942,720575940621057702,700,750,-10.56,1,1,10.56,10.56
0.0002,720575940660219265,720575940621261296,600,650,3.6300000000000003,3,1,10.89,3.6300000000000003
0.0002,720575940660219265,720575940621261296,640,650,3.6300000000000003,1,0,3.6300000000000003,0.0
0.0002,720575940660219265,720575940621261296,650,700,3.6300000000000003,2,0,7.260000000000001,0.0
0.0002,720575940660219265,720575940621261296,700,750,3.6300000000000003,4,3,14.520000000000001,10.89
0.0002,720575940660219265,720575940621422518,600,650,-2.3760000000000003,3,2,7.128000000000001,4.752000000000001
0.0002,720575940660219265,720575940621422518,640,650,-2.3760000000000003,1,1,2.3760000000000003,2.3760000000000003
0.0002,720575940660219265,720575940621422518,650,700,-2.3760000000000003,2,0,4.752000000000001,0.0
0.0002,720575940660219265,720575940621422518,700,750,-2.3760000000000003,2,1,4.752000000000001,2.3760000000000003
0.0002,720575940660219265,720575940622624214,600,650,7.260000000000001,1,0,7.260000000000001,0.0
0.0002,720575940660219265,720575940622624214,700,750,7.260000000000001,1,1,7.260000000000001,7.260000000000001
0.0002,720575940660219265,720575940623211725,600,650,139.92000000000002,5,5,699.6000000000001,699.6000000000001
0.0002,720575940660219265,720575940623211725,640,650,139.92000000000002,1,1,139.92000000000002,139.92000000000002
0.0002,720575940660219265,720575940623211725,650,700,139.92000000000002,7,7,979.44,979.44
0.0002,720575940660219265,720575940623211725,700,750,139.92000000000002,5,3,699.6000000000001,419.76000000000005
0.0002,720575940628695043,720575940623322921,600,650,-0.264,1,1,0.264,0.264
0.0002,720575940633434208,720575940623322921,600,650,-2.112,1,1,2.112,2.112
0.0002,720575940629377132,720575940623322921,600,650,-2.112,1,1,2.112,2.112
0.0002,720575940643551392,720575940623322921,600,650,-1.848,1,1,1.848,1.848
0.0002,720575940623862015,720575940623322921,600,650,-1.848,1,1,1.848,1.848
0.0002,720575940628455942,720575940623322921,600,650,-0.264,1,1,0.264,0.264
0.0002,720575940612326373,720575940623322921,600,650,-0.792,1,1,0.792,0.792
0.0002,720575940639935616,720575940623322921,600,650,-1.32,1,1,1.32,1.32
0.0002,720575940629667639,720575940623322921,600,650,-1.584,1,1,1.584,1.584
0.0002,720575940629393207,720575940623322921,600,650,-0.792,1,1,0.792,0.792
0.0002,720575940628455942,720575940623862015,600,650,1.32,1,1,1.32,1.32
0.0002,720575940639935616,720575940623862015,600,650,7.260000000000001,1,1,7.260000000000001,7.260000000000001
0.0002,720575940643551392,720575940623862015,600,650,0.33,1,1,0.33,0.33
0.0002,720575940629667639,720575940623862015,600,650,2.64,1,1,2.64,2.64
0.0002,720575940629393207,720575940623862015,600,650,0.33,1,1,0.33,0.33
0.0002,720575940612326373,720575940623862015,600,650,9.9,1,1,9.9,9.9
0.0002,720575940628695043,720575940623886008,600,650,0.33,1,1,0.33,0.33
0.0002,720575940633434208,720575940623886008,600,650,3.3,1,1,3.3,3.3
0.0002,720575940639935616,720575940623886008,600,650,0.33,1,1,0.33,0.33
0.0002,720575940643551392,720575940623886008,600,650,2.97,1,1,2.97,2.97
0.0002,720575940612326373,720575940623886008,600,650,0.33,1,1,0.33,0.33
0.0002,720575940639283278,720575940624366845,600,650,-0.264,1,1,0.264,0.264
0.0002,720575940639283278,720575940624366845,640,650,-0.264,1,1,0.264,0.264
0.0002,720575940660219265,720575940624966840,600,650,-1.584,2,1,3.168,1.584
0.0002,720575940660219265,720575940624966840,640,650,-1.584,1,0,1.584,0.0
0.0002,720575940660219265,720575940624966840,650,700,-1.584,3,2,4.752000000000001,3.168
0.0002,720575940660219265,720575940624966840,700,750,-1.584,3,2,4.752000000000001,3.168
0.0002,720575940628695043,720575940625779075,600,650,-2.64,1,1,2.64,2.64
0.0002,720575940628455942,720575940625779075,600,650,-0.528,1,1,0.528,0.528
0.0002,720575940628455942,720575940625814884,650,700,-0.528,1,1,0.528,0.528
0.0002,720575940660219265,720575940625867056,600,650,0.33,3,1,0.99,0.33
0.0002,720575940660219265,720575940625867056,640,650,0.33,1,0,0.33,0.0
0.0002,720575940660219265,720575940625867056,650,700,0.33,4,1,1.32,0.33
0.0002,720575940660219265,720575940625867056,700,750,0.33,4,4,1.32,1.32
0.0002,720575940660219265,720575940626038714,600,650,1.98,1,1,1.98,1.98
0.0002,720575940660219265,720575940626038714,650,700,1.98,3,1,5.9399999999999995,1.98
0.0002,720575940628455942,720575940626289021,600,650,-8.448,1,1,8.448,8.448
0.0002,720575940628455942,720575940626289021,650,700,-8.448,1,1,8.448,8.448
0.0002,720575940628455942,720575940626289021,700,750,-8.448,1,1,8.448,8.448
0.0002,720575940660219265,720575940626860421,650,700,-2.64,1,1,2.64,2.64
0.0002,720575940660219265,720575940627410451,600,650,0.33,3,2,0.99,0.66
0.0002,720575940660219265,720575940627410451,640,650,0.33,2,1,0.66,0.33
0.0002,720575940660219265,720575940627410451,650,700,0.33,1,1,0.33,0.33
0.0002,720575940660219265,720575940627410451,700,750,0.33,2,2,0.66,0.66
0.0002,720575940660219265,720575940627779983,600,650,0.33,2,2,0.66,0.66
0.0002,720575940660219265,720575940627779983,640,650,0.33,1,1,0.33,0.33
0.0002,720575940660219265,720575940627779983,650,700,0.33,3,1,0.99,0.33
0.0002,720575940660219265,720575940627779983,700,750,0.33,1,1,0.33,0.33
0.0002,720575940660219265,720575940627814728,600,650,1.32,1,1,1.32,1.32
0.0002,720575940660219265,720575940627814728,640,650,1.32,1,1,1.32,1.32
0.0002,720575940660219265,720575940627814728,700,750,1.32,1,0,1.32,0.0
0.0002,720575940660219265,720575940627819151,600,650,-0.528,2,1,1.056,0.528
0.0002,720575940660219265,720575940627819151,640,650,-0.528,1,1,0.528,0.528
0.0002,720575940660219265,720575940627819151,650,700,-0.528,3,1,1.584,0.528
0.0002,720575940660219265,720575940627819151,700,750,-0.528,2,1,1.056,0.528
0.0002,720575940660219265,720575940627847752,600,650,24.42,3,1,73.26,24.42
0.0002,720575940660219265,720575940627847752,640,650,24.42,1,0,24.42,0.0
0.0002,720575940660219265,720575940627847752,650,700,24.42,3,3,73.26,73.26
0.0002,720575940660219265,720575940627847752,700,750,24.42,4,3,97.68,73.26
0.0002,720575940639283278,720575940628695043,600,650,1.98,1,1,1.98,1.98
0.0002,720575940633434208,720575940628695043,600,650,88.77000000000001,1,1,88.77000000000001,88.77000000000001
0.0002,720575940629377132,720575940628695043,600,650,139.59,1,1,139.59,139.59
0.0002,720575940643551392,720575940628695043,600,650,87.78,1,1,87.78,87.78
0.0002,720575940623862015,720575940628695043,600,650,78.21000000000001,1,1,78.21000000000001,78.21000000000001
0.0002,720575940628455942,720575940628695043,600,650,0.33,1,1,0.33,0.33
0.0002,720575940612326373,720575940628695043,600,650,21.45,1,1,21.45,21.45
0.0002,720575940639935616,720575940628695043,600,650,3.3,1,1,3.3,3.3
0.0002,720575940629667639,720575940628695043,600,650,94.38000000000001,1,1,94.38000000000001,94.38000000000001
0.0002,720575940629393207,720575940628695043,600,650,154.11,1,1,154.11,154.11
0.0002,720575940660219265,720575940628826128,600,650,-0.264,3,3,0.792,0.792
0.0002,720575940660219265,720575940628826128,640,650,-0.264,1,1,0.264,0.264
0.0002,720575940660219265,720575940628826128,650,700,-0.264,2,1,0.528,0.264
0.0002,720575940660219265,720575940628826128,700,750,-0.264,3,1,0.792,0.264
0.0002,720575940660219265,720575940628997123,600,650,-0.264,1,1,0.264,0.264
0.0002,720575940660219265,720575940628997123,640,650,-0.264,1,1,0.264,0.264
0.0002,720575940628695043,720575940629377132,600,650,-1.056,1,1,1.056,1.056
0.0002,720575940628455942,720575940629377132,600,650,-0.528,1,1,0.528,0.528
0.0002,720575940629393207,720575940629377132,600,650,-12.936000000000002,1,0,12.936000000000002,0.0
0.0002,720575940629667639,720575940629377132,600,650,-0.528,1,0,0.528,0.0
0.0002,720575940628695043,720575940629393207,600,650,-0.792,1,1,0.792,0.792
0.0002,720575940628455942,720575940629393207,600,650,-0.528,1,1,0.528,0.528
0.0002,720575940629377132,720575940629393207,600,650,-10.296000000000001,1,0,10.296000000000001,0.0
0.0002,720575940639935616,720575940629393207,600,650,-0.264,1,1,0.264,0.264
0.0002,720575940629667639,720575940629393207,600,650,-0.264,1,0,0.264,0.0
0.0002,720575940612326373,720575940629393207,600,650,-0.528,1,1,0.528,0.528
0.0002,720575940628695043,720575940629489260,600,650,-1.848,1,1,1.848,1.848
0.0002,720575940628455942,720575940629489260,600,650,-2.112,1,1,2.112,2.112
0.0002,720575940629377132,720575940629489260,600,650,-127.248,1,1,127.248,127.248
0.0002,720575940639935616,720575940629489260,600,650,-38.28,1,1,38.28,38.28
0.0002,720575940643476128,720575940629489260,600,650,-1.32,1,1,1.32,1.32
0.0002,720575940623862015,720575940629489260,600,650,-0.264,1,1,0.264,0.264
0.0002,720575940629667639,720575940629489260,600,650,-0.528,1,1,0.528,0.528
0.0002,720575940629393207,720575940629489260,600,650,-139.39200000000002,1,1,139.39200000000002,139.39200000000002
0.0002,720575940612326373,720575940629489260,600,650,-20.328000000000003,1,1,20.328000000000003,20.328000000000003
0.0002,720575940660219265,720575940629561347,600,650,0.66,2,0,1.32,0.0
0.0002,720575940660219265,720575940629561347,640,650,0.66,1,0,0.66,0.0
0.0002,720575940660219265,720575940629561347,650,700,0.66,1,0,0.66,0.0
0.0002,720575940660219265,720575940629561347,700,750,0.66,2,2,1.32,1.32
0.0002,720575940628695043,720575940629667639,600,650,0.99,1,1,0.99,0.99
0.0002,720575940628455942,720575940629667639,600,650,0.66,1,1,0.66,0.66
0.0002,720575940629377132,720575940629667639,600,650,0.33,1,1,0.33,0.33
0.0002,720575940639935616,720575940629667639,600,650,10.56,1,1,10.56,10.56
0.0002,720575940623862015,720575940629667639,600,650,3.96,1,1,3.96,3.96
0.0002,720575940629393207,720575940629667639,600,650,0.66,1,1,0.66,0.66
0.0002,720575940612326373,720575940629667639,600,650,7.260000000000001,1,1,7.260000000000001,7.260000000000001
0.0002,720575940629667639,720575940629783852,650,700,-0.264,1,1,0.264,0.264
0.0002,720575940660219265,720575940629804158,650,700,-0.528,1,1,0.528,0.528
0.0002,720575940660219265,720575940629804158,700,750,-0.528,1,1,0.528,0.528
0.0002,720575940660219265,720575940630820919,600,650,1.32,3,3,3.96,3.96
0.0002,720575940660219265,720575940630820919,640,650,1.32,1,1,1.32,1.32
0.0002,720575940660219265,720575940630820919,650,700,1.32,4,3,5.28,3.96
0.0002,720575940660219265,720575940630820919,700,750,1.32,3,3,3.96,3.96
0.0002,720575940628695043,720575940631267409,600,650,0.33,1,1,0.33,0.33
0.0002,720575940628455942,720575940631267409,600,650,0.33,1,1,0.33,0.33
0.0002,720575940612326373,720575940631267409,600,650,0.33,1,1,0.33,0.33
0.0002,720575940660219265,720575940631349335,600,650,0.33,4,3,1.32,0.99
0.0002,720575940660219265,720575940631349335,640,650,0.33,1,0,0.33,0.0
0.0002,720575940660219265,720575940631349335,650,700,0.33,4,1,1.32,0.33
0.0002,720575940660219265,720575940631349335,700,750,0.33,4,3,1.32,0.99
0.0002,720575940628695043,720575940631575327,600,650,0.66,1,1,0.66,0.66
0.0002,720575940628455942,720575940631575327,600,650,0.33,1,1,0.33,0.33
0.0002,720575940660219265,720575940631662648,600,650,0.33,3,1,0.99,0.33
0.0002,720575940660219265,720575940631662648,640,650,0.33,1,0,0.33,0.0
0.0002,720575940660219265,720575940631662648,650,700,0.33,3,1,0.99,0.33
0.0002,720575940660219265,720575940631662648,700,750,0.33,2,1,0.66,0.33
0.0002,720575940660219265,720575940631918649,600,650,-1.056,6,3,6.336,3.168
0.0002,720575940660219265,720575940631918649,640,650,-1.056,2,1,2.112,1.056
0.0002,720575940660219265,720575940631918649,650,700,-1.056,4,2,4.224,2.112
0.0002,720575940660219265,720575940631918649,700,750,-1.056,5,5,5.28,5.28
0.0002,720575940660219265,720575940631994728,600,650,-0.264,1,0,0.264,0.0
0.0002,720575940660219265,720575940631994728,640,650,-0.264,1,0,0.264,0.0
0.0002,720575940660219265,720575940631994728,650,700,-0.264,3,3,0.792,0.792
0.0002,720575940660219265,720575940631994728,700,750,-0.264,1,1,0.264,0.264
0.0002,720575940639283278,720575940632042148,600,650,-0.528,1,1,0.528,0.528
0.0002,720575940639935616,720575940632042148,600,650,-0.264,1,1,0.264,0.264
0.0002,720575940660219265,720575940632252743,600,650,92.73,2,2,185.46,185.46
0.0002,720575940660219265,720575940632252743,640,650,92.73,1,1,92.73,92.73
0.0002,720575940660219265,720575940632252743,650,700,92.73,3,2,278.19,185.46
0.0002,720575940660219265,720575940632252743,700,750,92.73,3,0,278.19,0.0
0.0002,720575940660219265,720575940632365905,600,650,0.33,2,2,0.66,0.66
0.0002,720575940660219265,720575940632365905,650,700,0.33,3,2,0.99,0.66
0.0002,720575940660219265,720575940632365905,700,750,0.33,2,2,0.66,0.66
0.0002,720575940660219265,720575940633373651,600,650,0.66,1,1,0.66,0.66
0.0002,720575940660219265,720575940633373651,640,650,0.66,1,1,0.66,0.66
0.0002,720575940660219265,720575940633373651,650,700,0.66,1,0,0.66,0.0
0.0002,720575940660219265,720575940633373651,700,750,0.66,1,1,0.66,0.66
0.0002,720575940628695043,720575940633434208,600,650,-0.264,1,1,0.264,0.264
0.0002,720575940628455942,720575940633434208,600,650,-0.264,1,1,0.264,0.264
0.0002,720575940639935616,720575940633434208,600,650,-0.264,1,1,0.264,0.264
0.0002,720575940643551392,720575940633434208,600,650,-12.408000000000001,1,0,12.408000000000001,0.0
0.0002,720575940628695043,720575940635211115,600,650,-2.9040000000000004,1,1,2.9040000000000004,2.9040000000000004
0.0002,720575940628695043,720575940635211115,640,650,-2.9040000000000004,1,1,2.9040000000000004,2.9040000000000004
0.0002,720575940628695043,720575940635211115,650,700,-2.9040000000000004,1,1,2.9040000000000004,2.9040000000000004
0.0002,720575940628455942,720575940635932590,600,650,-0.264,1,1,0.264,0.264
0.0002,720575940623862015,720575940635932590,600,650,-1.584,1,1,1.584,1.584
0.0002,720575940660219265,720575940636053678,600,650,-1.056,4,3,4.224,3.168
0.0002,720575940660219265,720575940636053678,640,650,-1.056,1,1,1.056,1.056
0.0002,720575940660219265,720575940636053678,650,700,-1.056,5,2,5.28,2.112
0.0002,720575940660219265,720575940636053678,700,750,-1.056,5,5,5.28,5.28
0.0002,720575940660219265,720575940636809646,600,650,-118.272,1,1,118.272,118.272
0.0002,720575940660219265,720575940636809646,640,650,-118.272,1,1,118.272,118.272
0.0002,720575940660219265,720575940636809646,650,700,-118.272,3,0,354.81600000000003,0.0
0.0002,720575940660219265,720575940636809646,700,750,-118.272,2,2,236.544,236.544
0.0002,720575940639283278,720575940636895406,600,650,0.33,1,1,0.33,0.33
0.0002,720575940639283278,720575940636895406,640,650,0.33,1,1,0.33,0.33
0.0002,720575940639283278,720575940636895406,650,700,0.33,3,3,0.99,0.99
0.0002,720575940639283278,720575940636895406,700,750,0.33,2,2,0.66,0.66
0.0002,720575940660219265,720575940637144944,600,650,0.66,1,1,0.66,0.66
0.0002,720575940660219265,720575940637656286,600,650,1.32,1,0,1.32,0.0
0.0002,720575940660219265,720575940637656286,640,650,1.32,1,0,1.32,0.0
0.0002,720575940660219265,720575940637656286,650,700,1.32,2,1,2.64,1.32
0.0002,720575940660219265,720575940637656286,700,750,1.32,1,1,1.32,1.32
0.0002,720575940628695043,720575940643551392,600,650,-0.264,1,1,0.264,0.264
0.0002,720575940628455942,720575940643551392,600,650,-0.264,1,1,0.264,0.264
0.0002,720575940633434208,720575940643551392,600,650,-10.032000000000002,1,0,10.032000000000002,0.0
0.0002,720575940623862015,720575940643551392,600,650,-0.528,1,0,0.528,0.0
0.0002,720575940612326373,720575940643551392,600,650,-0.264,1,1,0.264,0.264
0.0002,720575940660219265,720575940643867296,600,650,-2.64,2,2,5.28,5.28
0.0002,720575940660219265,720575940643867296,640,650,-2.64,2,2,5.28,5.28
0.0002,720575940660219265,720575940643867296,650,700,-2.64,7,2,18.48,5.28
0.0002,720575940660219265,720575940643867296,700,750,-2.64,5,3,13.200000000000001,7.92
0.0002,720575940660219265,720575940644653348,600,650,-1.848,4,4,7.392,7.392
0.0002,720575940660219265,720575940644653348,640,650,-1.848,1,1,1.848,1.848
0.0002,720575940660219265,720575940644653348,650,700,-1.848,5,5,9.24,9.24
0.0002,720575940660219265,720575940644653348,700,750,-1.848,3,1,5.5440000000000005,1.848
0.0002,720575940660219265,720575940649829241,600,650,-45.672000000000004,4,3,182.68800000000002,137.01600000000002
0.0002,720575940660219265,720575940649829241,640,650,-45.672000000000004,1,1,45.672000000000004,45.672000000000004
0.0002,720575940660219265,720575940649829241,650,700,-45.672000000000004,4,2,182.68800000000002,91.34400000000001
0.0002,720575940660219265,720575940649829241,700,750,-45.672000000000004,3,1,137.01600000000002,45.672000000000004
0.0002,720575940628695043,720575940655011489,600,650,5.61,1,1,5.61,5.61
0.0002,720575940628695043,720575940655011489,700,750,5.61,1,1,5.61,5.61
0.0002,720575940660219265,720575940660219521,700,750,-0.264,1,0,0.264,0.0
