source_trial,dt_ms,bin_start_ms,lesion_spikes,baseline_spikes
w120_i080_mn9_only_631416,0.1,0,41,41
w120_i080_mn9_only_631416,0.1,10,66,66
w120_i080_mn9_only_631416,0.1,20,181,181
w120_i080_mn9_only_631416,0.1,30,309,310
w120_i080_mn9_only_631416,0.1,40,212,213
w120_i080_mn9_only_631416,0.1,50,159,171
w120_i080_mn9_only_631416,0.1,60,155,155
w120_i080_mn9_only_631416,0.1,70,225,217
w120_i080_mn9_only_631416,0.1,80,254,247
w120_i080_mn9_only_631416,0.1,90,169,188
w120_i080_mn9_only_631416,0.1,100,213,212
w120_i080_mn9_only_631416,0.1,110,290,264
w120_i080_mn9_only_631416,0.1,120,184,187
w120_i080_mn9_only_631416,0.1,130,225,179
w120_i080_mn9_only_631416,0.1,140,269,274
w120_i080_mn9_only_631416,0.1,150,272,261
w120_i080_mn9_only_631416,0.1,160,191,189
w120_i080_mn9_only_631416,0.1,170,170,212
w120_i080_mn9_only_631416,0.1,180,220,192
w120_i080_mn9_only_631416,0.1,190,259,223
w120_i080_mn9_only_631416,0.1,200,218,241
w120_i080_mn9_only_631416,0.1,210,207,192
w120_i080_mn9_only_631416,0.1,220,228,177
w120_i080_mn9_only_631416,0.1,230,198,97
w120_i080_mn9_only_631416,0.1,240,281,157
w120_i080_mn9_only_631416,0.1,250,238,245
w120_i080_mn9_only_631416,0.1,260,164,191
w120_i080_mn9_only_631416,0.1,270,228,252
w120_i080_mn9_only_631416,0.1,280,313,233
w120_i080_mn9_only_631416,0.1,290,216,232
w120_i080_mn9_only_631416,0.1,300,223,238
w120_i080_mn9_only_631416,0.1,310,303,188
w120_i080_mn9_only_631416,0.1,320,198,204
w120_i080_mn9_only_631416,0.1,330,217,229
w120_i080_mn9_only_631416,0.1,340,142,149
w120_i080_mn9_only_631416,0.1,350,176,200
w120_i080_mn9_only_631416,0.1,360,303,247
w120_i080_mn9_only_631416,0.1,370,209,274
w120_i080_mn9_only_631416,0.1,380,207,208
w120_i080_mn9_only_631416,0.1,390,200,187
w120_i080_mn9_only_631416,0.1,400,313,244
w120_i080_mn9_only_631416,0.1,410,179,213
w120_i080_mn9_only_631416,0.1,420,231,238
w120_i080_mn9_only_631416,0.1,430,292,241
w120_i080_mn9_only_631416,0.1,440,256,193
w120_i080_mn9_only_631416,0.1,450,196,262
w120_i080_mn9_only_631416,0.1,460,148,215
w120_i080_mn9_only_631416,0.1,470,183,206
w120_i080_mn9_only_631416,0.1,480,265,237
w120_i080_mn9_only_631416,0.1,490,253,260
w120_i080_mn9_only_631416,0.1,500,191,197
w120_i080_mn9_only_631416,0.1,510,115,133
w120_i080_mn9_only_631416,0.1,520,189,212
w120_i080_mn9_only_631416,0.1,530,178,204
w120_i080_mn9_only_631416,0.1,540,245,198
w120_i080_mn9_only_631416,0.1,550,188,178
w120_i080_mn9_only_631416,0.1,560,239,226
w120_i080_mn9_only_631416,0.1,570,192,233
w120_i080_mn9_only_631416,0.1,580,228,191
w120_i080_mn9_only_631416,0.1,590,258,246
w120_i080_mn9_only_631416,0.1,600,251,239
w120_i080_mn9_only_631416,0.1,610,245,185
w120_i080_mn9_only_631416,0.1,620,176,229
w120_i080_mn9_only_631416,0.1,630,210,181
w120_i080_mn9_only_631416,0.1,640,251,227
w120_i080_mn9_only_631416,0.1,650,172,143
w120_i080_mn9_only_631416,0.1,660,177,189
w120_i080_mn9_only_631416,0.1,670,243,233
w120_i080_mn9_only_631416,0.1,680,223,161
w120_i080_mn9_only_631416,0.1,690,154,102
w120_i080_mn9_only_631416,0.1,700,158,179
w120_i080_mn9_only_631416,0.1,710,286,217
w120_i080_mn9_only_631416,0.1,720,265,214
w120_i080_mn9_only_631416,0.1,730,249,220
w120_i080_mn9_only_631416,0.1,740,223,247
w120_i080_mn9_only_631416,0.1,750,194,221
w120_i080_mn9_only_631416,0.1,760,206,202
w120_i080_mn9_only_631416,0.1,770,167,120
w120_i080_mn9_only_631416,0.1,780,140,128
w120_i080_mn9_only_631416,0.1,790,165,263
w120_i080_mn9_only_631416,0.1,800,197,187
w120_i080_mn9_only_631416,0.1,810,271,213
w120_i080_mn9_only_631416,0.1,820,231,227
w120_i080_mn9_only_631416,0.1,830,155,189
w120_i080_mn9_only_631416,0.1,840,288,219
w120_i080_mn9_only_631416,0.1,850,253,147
w120_i080_mn9_only_631416,0.1,860,249,187
w120_i080_mn9_only_631416,0.1,870,216,230
w120_i080_mn9_only_631416,0.1,880,128,167
w120_i080_mn9_only_631416,0.1,890,126,174
w120_i080_mn9_only_631416,0.1,900,225,242
w120_i080_mn9_only_631416,0.1,910,226,171
w120_i080_mn9_only_631416,0.1,920,154,269
w120_i080_mn9_only_631416,0.1,930,166,249
w120_i080_mn9_only_631416,0.1,940,228,244
w120_i080_mn9_only_631416,0.1,950,225,185
w120_i080_mn9_only_631416,0.1,960,218,249
w120_i080_mn9_only_631416,0.1,970,143,261
w120_i080_mn9_only_631416,0.1,980,167,120
w120_i080_mn9_only_631416,0.1,990,217,167
w120_i080_mn9_only_631416,0.05,0,44,44
w120_i080_mn9_only_631416,0.05,10,70,70
w120_i080_mn9_only_631416,0.05,20,199,199
w120_i080_mn9_only_631416,0.05,30,298,298
w120_i080_mn9_only_631416,0.05,40,211,217
w120_i080_mn9_only_631416,0.05,50,197,192
w120_i080_mn9_only_631416,0.05,60,170,171
w120_i080_mn9_only_631416,0.05,70,154,139
w120_i080_mn9_only_631416,0.05,80,220,162
w120_i080_mn9_only_631416,0.05,90,289,257
w120_i080_mn9_only_631416,0.05,100,163,173
w120_i080_mn9_only_631416,0.05,110,191,258
w120_i080_mn9_only_631416,0.05,120,212,249
w120_i080_mn9_only_631416,0.05,130,263,256
w120_i080_mn9_only_631416,0.05,140,249,223
w120_i080_mn9_only_631416,0.05,150,194,251
w120_i080_mn9_only_631416,0.05,160,217,158
w120_i080_mn9_only_631416,0.05,170,238,142
w120_i080_mn9_only_631416,0.05,180,189,149
w120_i080_mn9_only_631416,0.05,190,150,197
w120_i080_mn9_only_631416,0.05,200,159,248
w120_i080_mn9_only_631416,0.05,210,217,279
w120_i080_mn9_only_631416,0.05,220,213,260
w120_i080_mn9_only_631416,0.05,230,201,158
w120_i080_mn9_only_631416,0.05,240,164,133
w120_i080_mn9_only_631416,0.05,250,206,288
w120_i080_mn9_only_631416,0.05,260,260,208
w120_i080_mn9_only_631416,0.05,270,259,139
w120_i080_mn9_only_631416,0.05,280,205,202
w120_i080_mn9_only_631416,0.05,290,188,269
w120_i080_mn9_only_631416,0.05,300,293,224
w120_i080_mn9_only_631416,0.05,310,190,184
w120_i080_mn9_only_631416,0.05,320,172,172
w120_i080_mn9_only_631416,0.05,330,165,180
w120_i080_mn9_only_631416,0.05,340,245,253
w120_i080_mn9_only_631416,0.05,350,224,184
w120_i080_mn9_only_631416,0.05,360,207,194
w120_i080_mn9_only_631416,0.05,370,203,248
w120_i080_mn9_only_631416,0.05,380,251,249
w120_i080_mn9_only_631416,0.05,390,182,215
w120_i080_mn9_only_631416,0.05,400,244,193
w120_i080_mn9_only_631416,0.05,410,249,195
w120_i080_mn9_only_631416,0.05,420,254,180
w120_i080_mn9_only_631416,0.05,430,202,303
w120_i080_mn9_only_631416,0.05,440,269,318
w120_i080_mn9_only_631416,0.05,450,277,196
w120_i080_mn9_only_631416,0.05,460,149,171
w120_i080_mn9_only_631416,0.05,470,228,269
w120_i080_mn9_only_631416,0.05,480,222,238
w120_i080_mn9_only_631416,0.05,490,188,164
w120_i080_mn9_only_631416,0.05,500,118,141
w120_i080_mn9_only_631416,0.05,510,198,203
w120_i080_mn9_only_631416,0.05,520,185,234
w120_i080_mn9_only_631416,0.05,530,220,214
w120_i080_mn9_only_631416,0.05,540,164,217
w120_i080_mn9_only_631416,0.05,550,179,226
w120_i080_mn9_only_631416,0.05,560,183,164
w120_i080_mn9_only_631416,0.05,570,198,248
w120_i080_mn9_only_631416,0.05,580,269,263
w120_i080_mn9_only_631416,0.05,590,201,242
w120_i080_mn9_only_631416,0.05,600,197,225
w120_i080_mn9_only_631416,0.05,610,178,184
w120_i080_mn9_only_631416,0.05,620,177,255
w120_i080_mn9_only_631416,0.05,630,235,187
w120_i080_mn9_only_631416,0.05,640,207,119
w120_i080_mn9_only_631416,0.05,650,151,187
w120_i080_mn9_only_631416,0.05,660,147,265
w120_i080_mn9_only_631416,0.05,670,225,241
w120_i080_mn9_only_631416,0.05,680,182,154
w120_i080_mn9_only_631416,0.05,690,165,155
w120_i080_mn9_only_631416,0.05,700,258,195
w120_i080_mn9_only_631416,0.05,710,235,204
w120_i080_mn9_only_631416,0.05,720,216,234
w120_i080_mn9_only_631416,0.05,730,175,271
w120_i080_mn9_only_631416,0.05,740,204,176
w120_i080_mn9_only_631416,0.05,750,257,110
w120_i080_mn9_only_631416,0.05,760,212,243
w120_i080_mn9_only_631416,0.05,770,216,262
w120_i080_mn9_only_631416,0.05,780,212,238
w120_i080_mn9_only_631416,0.05,790,270,195
w120_i080_mn9_only_631416,0.05,800,231,130
w120_i080_mn9_only_631416,0.05,810,189,181
w120_i080_mn9_only_631416,0.05,820,163,254
w120_i080_mn9_only_631416,0.05,830,162,249
w120_i080_mn9_only_631416,0.05,840,220,241
w120_i080_mn9_only_631416,0.05,850,204,210
w120_i080_mn9_only_631416,0.05,860,219,183
w120_i080_mn9_only_631416,0.05,870,190,255
w120_i080_mn9_only_631416,0.05,880,225,162
w120_i080_mn9_only_631416,0.05,890,224,195
w120_i080_mn9_only_631416,0.05,900,208,212
w120_i080_mn9_only_631416,0.05,910,192,221
w120_i080_mn9_only_631416,0.05,920,234,291
w120_i080_mn9_only_631416,0.05,930,181,210
w120_i080_mn9_only_631416,0.05,940,233,191
w120_i080_mn9_only_631416,0.05,950,243,210
w120_i080_mn9_only_631416,0.05,960,204,255
w120_i080_mn9_only_631416,0.05,970,171,229
w120_i080_mn9_only_631416,0.05,980,234,206
w120_i080_mn9_only_631416,0.05,990,270,122
w120_i080_mn9_only_631416,0.025,0,44,44
w120_i080_mn9_only_631416,0.025,10,70,70
w120_i080_mn9_only_631416,0.025,20,202,203
w120_i080_mn9_only_631416,0.025,30,303,302
w120_i080_mn9_only_631416,0.025,40,255,249
w120_i080_mn9_only_631416,0.025,50,197,191
w120_i080_mn9_only_631416,0.025,60,160,185
w120_i080_mn9_only_631416,0.025,70,142,119
w120_i080_mn9_only_631416,0.025,80,261,150
w120_i080_mn9_only_631416,0.025,90,221,294
w120_i080_mn9_only_631416,0.025,100,224,251
w120_i080_mn9_only_631416,0.025,110,210,159
w120_i080_mn9_only_631416,0.025,120,173,212
w120_i080_mn9_only_631416,0.025,130,176,214
w120_i080_mn9_only_631416,0.025,140,293,308
w120_i080_mn9_only_631416,0.025,150,288,226
w120_i080_mn9_only_631416,0.025,160,146,180
w120_i080_mn9_only_631416,0.025,170,109,162
w120_i080_mn9_only_631416,0.025,180,179,195
w120_i080_mn9_only_631416,0.025,190,257,167
w120_i080_mn9_only_631416,0.025,200,244,219
w120_i080_mn9_only_631416,0.025,210,206,253
w120_i080_mn9_only_631416,0.025,220,258,185
w120_i080_mn9_only_631416,0.025,230,261,164
w120_i080_mn9_only_631416,0.025,240,204,187
w120_i080_mn9_only_631416,0.025,250,223,293
w120_i080_mn9_only_631416,0.025,260,250,223
w120_i080_mn9_only_631416,0.025,270,287,179
w120_i080_mn9_only_631416,0.025,280,214,240
w120_i080_mn9_only_631416,0.025,290,202,277
w120_i080_mn9_only_631416,0.025,300,221,234
w120_i080_mn9_only_631416,0.025,310,197,176
w120_i080_mn9_only_631416,0.025,320,123,243
w120_i080_mn9_only_631416,0.025,330,190,203
w120_i080_mn9_only_631416,0.025,340,259,192
w120_i080_mn9_only_631416,0.025,350,202,255
w120_i080_mn9_only_631416,0.025,360,301,182
w120_i080_mn9_only_631416,0.025,370,228,211
w120_i080_mn9_only_631416,0.025,380,218,269
w120_i080_mn9_only_631416,0.025,390,228,242
w120_i080_mn9_only_631416,0.025,400,259,228
w120_i080_mn9_only_631416,0.025,410,259,166
w120_i080_mn9_only_631416,0.025,420,243,299
w120_i080_mn9_only_631416,0.025,430,208,257
w120_i080_mn9_only_631416,0.025,440,162,207
w120_i080_mn9_only_631416,0.025,450,172,256
w120_i080_mn9_only_631416,0.025,460,224,240
w120_i080_mn9_only_631416,0.025,470,240,223
w120_i080_mn9_only_631416,0.025,480,211,177
w120_i080_mn9_only_631416,0.025,490,189,220
w120_i080_mn9_only_631416,0.025,500,199,185
w120_i080_mn9_only_631416,0.025,510,186,140
w120_i080_mn9_only_631416,0.025,520,148,127
w120_i080_mn9_only_631416,0.025,530,249,236
w120_i080_mn9_only_631416,0.025,540,197,205
w120_i080_mn9_only_631416,0.025,550,177,199
w120_i080_mn9_only_631416,0.025,560,185,187
w120_i080_mn9_only_631416,0.025,570,223,264
w120_i080_mn9_only_631416,0.025,580,218,294
w120_i080_mn9_only_631416,0.025,590,224,205
w120_i080_mn9_only_631416,0.025,600,172,177
w120_i080_mn9_only_631416,0.025,610,105,237
w120_i080_mn9_only_631416,0.025,620,114,104
w120_i080_mn9_only_631416,0.025,630,240,152
w120_i080_mn9_only_631416,0.025,640,215,214
w120_i080_mn9_only_631416,0.025,650,209,296
w120_i080_mn9_only_631416,0.025,660,264,222
w120_i080_mn9_only_631416,0.025,670,253,205
w120_i080_mn9_only_631416,0.025,680,166,220
w120_i080_mn9_only_631416,0.025,690,209,269
w120_i080_mn9_only_631416,0.025,700,237,148
w120_i080_mn9_only_631416,0.025,710,252,218
w120_i080_mn9_only_631416,0.025,720,184,209
w120_i080_mn9_only_631416,0.025,730,185,235
w120_i080_mn9_only_631416,0.025,740,240,243
w120_i080_mn9_only_631416,0.025,750,255,212
w120_i080_mn9_only_631416,0.025,760,189,213
w120_i080_mn9_only_631416,0.025,770,186,209
w120_i080_mn9_only_631416,0.025,780,227,281
w120_i080_mn9_only_631416,0.025,790,241,146
w120_i080_mn9_only_631416,0.025,800,205,143
w120_i080_mn9_only_631416,0.025,810,218,224
w120_i080_mn9_only_631416,0.025,820,161,191
w120_i080_mn9_only_631416,0.025,830,226,244
w120_i080_mn9_only_631416,0.025,840,241,279
w120_i080_mn9_only_631416,0.025,850,234,182
w120_i080_mn9_only_631416,0.025,860,184,172
w120_i080_mn9_only_631416,0.025,870,165,233
w120_i080_mn9_only_631416,0.025,880,203,242
w120_i080_mn9_only_631416,0.025,890,209,228
w120_i080_mn9_only_631416,0.025,900,196,143
w120_i080_mn9_only_631416,0.025,910,242,205
w120_i080_mn9_only_631416,0.025,920,178,255
w120_i080_mn9_only_631416,0.025,930,153,226
w120_i080_mn9_only_631416,0.025,940,269,229
w120_i080_mn9_only_631416,0.025,950,213,192
w120_i080_mn9_only_631416,0.025,960,222,237
w120_i080_mn9_only_631416,0.025,970,269,141
w120_i080_mn9_only_631416,0.025,980,239,178
w120_i080_mn9_only_631416,0.025,990,181,257
w120_i080_mn9_only_631416,0.0125,0,44,44
w120_i080_mn9_only_631416,0.0125,10,70,70
w120_i080_mn9_only_631416,0.0125,20,203,203
w120_i080_mn9_only_631416,0.0125,30,304,303
w120_i080_mn9_only_631416,0.0125,40,253,244
w120_i080_mn9_only_631416,0.0125,50,205,195
w120_i080_mn9_only_631416,0.0125,60,177,184
w120_i080_mn9_only_631416,0.0125,70,136,122
w120_i080_mn9_only_631416,0.0125,80,172,144
w120_i080_mn9_only_631416,0.0125,90,289,253
w120_i080_mn9_only_631416,0.0125,100,219,240
w120_i080_mn9_only_631416,0.0125,110,215,210
w120_i080_mn9_only_631416,0.0125,120,184,173
w120_i080_mn9_only_631416,0.0125,130,262,202
w120_i080_mn9_only_631416,0.0125,140,243,248
w120_i080_mn9_only_631416,0.0125,150,218,253
w120_i080_mn9_only_631416,0.0125,160,207,190
w120_i080_mn9_only_631416,0.0125,170,187,134
w120_i080_mn9_only_631416,0.0125,180,172,135
w120_i080_mn9_only_631416,0.0125,190,249,264
w120_i080_mn9_only_631416,0.0125,200,256,237
w120_i080_mn9_only_631416,0.0125,210,168,221
w120_i080_mn9_only_631416,0.0125,220,139,153
w120_i080_mn9_only_631416,0.0125,230,195,251
w120_i080_mn9_only_631416,0.0125,240,243,155
w120_i080_mn9_only_631416,0.0125,250,314,211
w120_i080_mn9_only_631416,0.0125,260,170,204
w120_i080_mn9_only_631416,0.0125,270,202,277
w120_i080_mn9_only_631416,0.0125,280,258,176
w120_i080_mn9_only_631416,0.0125,290,206,238
w120_i080_mn9_only_631416,0.0125,300,158,268
w120_i080_mn9_only_631416,0.0125,310,174,239
w120_i080_mn9_only_631416,0.0125,320,207,143
w120_i080_mn9_only_631416,0.0125,330,255,184
w120_i080_mn9_only_631416,0.0125,340,208,248
w120_i080_mn9_only_631416,0.0125,350,245,204
w120_i080_mn9_only_631416,0.0125,360,267,291
w120_i080_mn9_only_631416,0.0125,370,218,207
w120_i080_mn9_only_631416,0.0125,380,215,168
w120_i080_mn9_only_631416,0.0125,390,272,220
w120_i080_mn9_only_631416,0.0125,400,266,248
w120_i080_mn9_only_631416,0.0125,410,199,187
w120_i080_mn9_only_631416,0.0125,420,190,266
w120_i080_mn9_only_631416,0.0125,430,250,227
w120_i080_mn9_only_631416,0.0125,440,280,235
w120_i080_mn9_only_631416,0.0125,450,216,207
w120_i080_mn9_only_631416,0.0125,460,139,254
w120_i080_mn9_only_631416,0.0125,470,213,196
w120_i080_mn9_only_631416,0.0125,480,237,211
w120_i080_mn9_only_631416,0.0125,490,188,167
w120_i080_mn9_only_631416,0.0125,500,177,127
w120_i080_mn9_only_631416,0.0125,510,168,176
w120_i080_mn9_only_631416,0.0125,520,235,204
w120_i080_mn9_only_631416,0.0125,530,161,194
w120_i080_mn9_only_631416,0.0125,540,221,229
w120_i080_mn9_only_631416,0.0125,550,173,175
w120_i080_mn9_only_631416,0.0125,560,219,150
w120_i080_mn9_only_631416,0.0125,570,240,190
w120_i080_mn9_only_631416,0.0125,580,213,211
w120_i080_mn9_only_631416,0.0125,590,186,170
w120_i080_mn9_only_631416,0.0125,600,190,272
w120_i080_mn9_only_631416,0.0125,610,173,199
w120_i080_mn9_only_631416,0.0125,620,234,205
w120_i080_mn9_only_631416,0.0125,630,203,246
w120_i080_mn9_only_631416,0.0125,640,164,266
w120_i080_mn9_only_631416,0.0125,650,157,188
w120_i080_mn9_only_631416,0.0125,660,195,169
w120_i080_mn9_only_631416,0.0125,670,261,251
w120_i080_mn9_only_631416,0.0125,680,211,249
w120_i080_mn9_only_631416,0.0125,690,204,172
w120_i080_mn9_only_631416,0.0125,700,220,181
w120_i080_mn9_only_631416,0.0125,710,326,253
w120_i080_mn9_only_631416,0.0125,720,236,261
w120_i080_mn9_only_631416,0.0125,730,212,214
w120_i080_mn9_only_631416,0.0125,740,261,153
w120_i080_mn9_only_631416,0.0125,750,201,150
w120_i080_mn9_only_631416,0.0125,760,189,219
w120_i080_mn9_only_631416,0.0125,770,153,255
w120_i080_mn9_only_631416,0.0125,780,177,273
w120_i080_mn9_only_631416,0.0125,790,188,170
w120_i080_mn9_only_631416,0.0125,800,188,139
w120_i080_mn9_only_631416,0.0125,810,170,198
w120_i080_mn9_only_631416,0.0125,820,250,216
w120_i080_mn9_only_631416,0.0125,830,240,217
w120_i080_mn9_only_631416,0.0125,840,206,265
w120_i080_mn9_only_631416,0.0125,850,113,186
w120_i080_mn9_only_631416,0.0125,860,181,160
w120_i080_mn9_only_631416,0.0125,870,284,212
w120_i080_mn9_only_631416,0.0125,880,207,204
w120_i080_mn9_only_631416,0.0125,890,136,131
w120_i080_mn9_only_631416,0.0125,900,174,101
w120_i080_mn9_only_631416,0.0125,910,199,203
w120_i080_mn9_only_631416,0.0125,920,283,278
w120_i080_mn9_only_631416,0.0125,930,237,248
w120_i080_mn9_only_631416,0.0125,940,180,208
w120_i080_mn9_only_631416,0.0125,950,130,174
w120_i080_mn9_only_631416,0.0125,960,243,240
w120_i080_mn9_only_631416,0.0125,970,259,246
w120_i080_mn9_only_631416,0.0125,980,264,186
w120_i080_mn9_only_631416,0.0125,990,167,189
w120_i080_mn9_only_631416,0.00625,0,44,44
w120_i080_mn9_only_631416,0.00625,10,70,70
w120_i080_mn9_only_631416,0.00625,20,203,203
w120_i080_mn9_only_631416,0.00625,30,304,303
w120_i080_mn9_only_631416,0.00625,40,256,246
w120_i080_mn9_only_631416,0.00625,50,207,192
w120_i080_mn9_only_631416,0.00625,60,177,179
w120_i080_mn9_only_631416,0.00625,70,125,134
w120_i080_mn9_only_631416,0.00625,80,168,163
w120_i080_mn9_only_631416,0.00625,90,289,272
w120_i080_mn9_only_631416,0.00625,100,254,178
w120_i080_mn9_only_631416,0.00625,110,163,271
w120_i080_mn9_only_631416,0.00625,120,131,250
w120_i080_mn9_only_631416,0.00625,130,155,237
w120_i080_mn9_only_631416,0.00625,140,249,234
w120_i080_mn9_only_631416,0.00625,150,250,260
w120_i080_mn9_only_631416,0.00625,160,263,150
w120_i080_mn9_only_631416,0.00625,170,169,177
w120_i080_mn9_only_631416,0.00625,180,147,210
w120_i080_mn9_only_631416,0.00625,190,273,237
w120_i080_mn9_only_631416,0.00625,200,252,253
w120_i080_mn9_only_631416,0.00625,210,186,209
w120_i080_mn9_only_631416,0.00625,220,176,146
w120_i080_mn9_only_631416,0.00625,230,276,123
w120_i080_mn9_only_631416,0.00625,240,221,262
w120_i080_mn9_only_631416,0.00625,250,229,293
w120_i080_mn9_only_631416,0.00625,260,272,248
w120_i080_mn9_only_631416,0.00625,270,187,201
w120_i080_mn9_only_631416,0.00625,280,207,305
w120_i080_mn9_only_631416,0.00625,290,289,209
w120_i080_mn9_only_631416,0.00625,300,259,202
w120_i080_mn9_only_631416,0.00625,310,284,160
w120_i080_mn9_only_631416,0.00625,320,255,216
w120_i080_mn9_only_631416,0.00625,330,174,232
w120_i080_mn9_only_631416,0.00625,340,236,218
w120_i080_mn9_only_631416,0.00625,350,183,232
w120_i080_mn9_only_631416,0.00625,360,206,255
w120_i080_mn9_only_631416,0.00625,370,288,149
w120_i080_mn9_only_631416,0.00625,380,217,218
w120_i080_mn9_only_631416,0.00625,390,182,249
w120_i080_mn9_only_631416,0.00625,400,218,277
w120_i080_mn9_only_631416,0.00625,410,260,210
w120_i080_mn9_only_631416,0.00625,420,245,267
w120_i080_mn9_only_631416,0.00625,430,279,250
w120_i080_mn9_only_631416,0.00625,440,211,213
w120_i080_mn9_only_631416,0.00625,450,223,191
w120_i080_mn9_only_631416,0.00625,460,172,274
w120_i080_mn9_only_631416,0.00625,470,145,227
w120_i080_mn9_only_631416,0.00625,480,195,169
w120_i080_mn9_only_631416,0.00625,490,230,176
w120_i080_mn9_only_631416,0.00625,500,202,188
w120_i080_mn9_only_631416,0.00625,510,184,181
w120_i080_mn9_only_631416,0.00625,520,208,258
w120_i080_mn9_only_631416,0.00625,530,218,229
w120_i080_mn9_only_631416,0.00625,540,139,253
w120_i080_mn9_only_631416,0.00625,550,133,169
w120_i080_mn9_only_631416,0.00625,560,137,208
w120_i080_mn9_only_631416,0.00625,570,250,220
w120_i080_mn9_only_631416,0.00625,580,259,198
w120_i080_mn9_only_631416,0.00625,590,188,225
w120_i080_mn9_only_631416,0.00625,600,121,206
w120_i080_mn9_only_631416,0.00625,610,194,213
w120_i080_mn9_only_631416,0.00625,620,248,138
w120_i080_mn9_only_631416,0.00625,630,184,202
w120_i080_mn9_only_631416,0.00625,640,173,165
w120_i080_mn9_only_631416,0.00625,650,225,143
w120_i080_mn9_only_631416,0.00625,660,258,204
w120_i080_mn9_only_631416,0.00625,670,222,268
w120_i080_mn9_only_631416,0.00625,680,228,243
w120_i080_mn9_only_631416,0.00625,690,136,174
w120_i080_mn9_only_631416,0.00625,700,160,190
w120_i080_mn9_only_631416,0.00625,710,305,240
w120_i080_mn9_only_631416,0.00625,720,185,292
w120_i080_mn9_only_631416,0.00625,730,131,208
w120_i080_mn9_only_631416,0.00625,740,246,158
w120_i080_mn9_only_631416,0.00625,750,309,198
w120_i080_mn9_only_631416,0.00625,760,228,232
w120_i080_mn9_only_631416,0.00625,770,172,171
w120_i080_mn9_only_631416,0.00625,780,205,182
w120_i080_mn9_only_631416,0.00625,790,231,205
w120_i080_mn9_only_631416,0.00625,800,227,242
w120_i080_mn9_only_631416,0.00625,810,197,259
w120_i080_mn9_only_631416,0.00625,820,145,189
w120_i080_mn9_only_631416,0.00625,830,195,222
w120_i080_mn9_only_631416,0.00625,840,274,206
w120_i080_mn9_only_631416,0.00625,850,193,242
w120_i080_mn9_only_631416,0.00625,860,171,189
w120_i080_mn9_only_631416,0.00625,870,228,187
w120_i080_mn9_only_631416,0.00625,880,150,167
w120_i080_mn9_only_631416,0.00625,890,166,178
w120_i080_mn9_only_631416,0.00625,900,216,201
w120_i080_mn9_only_631416,0.00625,910,199,246
w120_i080_mn9_only_631416,0.00625,920,271,285
w120_i080_mn9_only_631416,0.00625,930,265,274
w120_i080_mn9_only_631416,0.00625,940,234,275
w120_i080_mn9_only_631416,0.00625,950,227,213
w120_i080_mn9_only_631416,0.00625,960,161,228
w120_i080_mn9_only_631416,0.00625,970,179,203
w120_i080_mn9_only_631416,0.00625,980,232,206
w120_i080_mn9_only_631416,0.00625,990,270,310
w120_i080_mn9_only_631430,0.1,0,43,43
w120_i080_mn9_only_631430,0.1,10,100,100
w120_i080_mn9_only_631430,0.1,20,224,224
w120_i080_mn9_only_631430,0.1,30,307,309
w120_i080_mn9_only_631430,0.1,40,204,202
w120_i080_mn9_only_631430,0.1,50,179,182
w120_i080_mn9_only_631430,0.1,60,210,209
w120_i080_mn9_only_631430,0.1,70,268,245
w120_i080_mn9_only_631430,0.1,80,178,200
w120_i080_mn9_only_631430,0.1,90,204,185
w120_i080_mn9_only_631430,0.1,100,227,233
w120_i080_mn9_only_631430,0.1,110,139,153
w120_i080_mn9_only_631430,0.1,120,166,255
w120_i080_mn9_only_631430,0.1,130,154,126
w120_i080_mn9_only_631430,0.1,140,202,158
w120_i080_mn9_only_631430,0.1,150,277,222
w120_i080_mn9_only_631430,0.1,160,241,235
w120_i080_mn9_only_631430,0.1,170,220,129
w120_i080_mn9_only_631430,0.1,180,199,189
w120_i080_mn9_only_631430,0.1,190,233,260
w120_i080_mn9_only_631430,0.1,200,213,240
w120_i080_mn9_only_631430,0.1,210,170,264
w120_i080_mn9_only_631430,0.1,220,211,234
w120_i080_mn9_only_631430,0.1,230,261,300
w120_i080_mn9_only_631430,0.1,240,248,248
w120_i080_mn9_only_631430,0.1,250,227,226
w120_i080_mn9_only_631430,0.1,260,129,167
w120_i080_mn9_only_631430,0.1,270,218,185
w120_i080_mn9_only_631430,0.1,280,269,251
w120_i080_mn9_only_631430,0.1,290,268,219
w120_i080_mn9_only_631430,0.1,300,270,196
w120_i080_mn9_only_631430,0.1,310,174,282
w120_i080_mn9_only_631430,0.1,320,226,195
w120_i080_mn9_only_631430,0.1,330,448,185
w120_i080_mn9_only_631430,0.1,340,511,144
w120_i080_mn9_only_631430,0.1,350,365,174
w120_i080_mn9_only_631430,0.1,360,675,226
w120_i080_mn9_only_631430,0.1,370,2678,251
w120_i080_mn9_only_631430,0.1,380,7048,217
w120_i080_mn9_only_631430,0.1,390,7434,208
w120_i080_mn9_only_631430,0.1,400,7832,256
w120_i080_mn9_only_631430,0.1,410,7891,253
w120_i080_mn9_only_631430,0.1,420,7864,203
w120_i080_mn9_only_631430,0.1,430,7715,288
w120_i080_mn9_only_631430,0.1,440,7882,281
w120_i080_mn9_only_631430,0.1,450,7866,223
w120_i080_mn9_only_631430,0.1,460,7637,269
w120_i080_mn9_only_631430,0.1,470,7642,247
w120_i080_mn9_only_631430,0.1,480,7780,237
w120_i080_mn9_only_631430,0.1,490,7814,146
w120_i080_mn9_only_631430,0.1,500,7797,205
w120_i080_mn9_only_631430,0.1,510,7784,254
w120_i080_mn9_only_631430,0.1,520,7505,167
w120_i080_mn9_only_631430,0.1,530,8079,182
w120_i080_mn9_only_631430,0.1,540,7769,239
w120_i080_mn9_only_631430,0.1,550,7843,264
w120_i080_mn9_only_631430,0.1,560,7703,251
w120_i080_mn9_only_631430,0.1,570,7885,247
w120_i080_mn9_only_631430,0.1,580,7556,203
w120_i080_mn9_only_631430,0.1,590,7634,251
w120_i080_mn9_only_631430,0.1,600,7914,241
w120_i080_mn9_only_631430,0.1,610,7830,158
w120_i080_mn9_only_631430,0.1,620,7865,160
w120_i080_mn9_only_631430,0.1,630,7782,221
w120_i080_mn9_only_631430,0.1,640,7630,243
w120_i080_mn9_only_631430,0.1,650,7805,141
w120_i080_mn9_only_631430,0.1,660,7818,148
w120_i080_mn9_only_631430,0.1,670,7630,176
w120_i080_mn9_only_631430,0.1,680,7766,230
w120_i080_mn9_only_631430,0.1,690,7751,286
w120_i080_mn9_only_631430,0.1,700,7914,171
w120_i080_mn9_only_631430,0.1,710,7663,223
w120_i080_mn9_only_631430,0.1,720,7762,233
w120_i080_mn9_only_631430,0.1,730,7719,225
w120_i080_mn9_only_631430,0.1,740,7460,204
w120_i080_mn9_only_631430,0.1,750,7941,234
w120_i080_mn9_only_631430,0.1,760,7706,215
w120_i080_mn9_only_631430,0.1,770,7846,242
w120_i080_mn9_only_631430,0.1,780,7733,181
w120_i080_mn9_only_631430,0.1,790,7778,256
w120_i080_mn9_only_631430,0.1,800,8083,240
w120_i080_mn9_only_631430,0.1,810,7720,207
w120_i080_mn9_only_631430,0.1,820,7757,155
w120_i080_mn9_only_631430,0.1,830,7840,205
w120_i080_mn9_only_631430,0.1,840,7741,175
w120_i080_mn9_only_631430,0.1,850,7528,206
w120_i080_mn9_only_631430,0.1,860,8033,289
w120_i080_mn9_only_631430,0.1,870,7870,142
w120_i080_mn9_only_631430,0.1,880,7857,119
w120_i080_mn9_only_631430,0.1,890,7811,189
w120_i080_mn9_only_631430,0.1,900,7676,279
w120_i080_mn9_only_631430,0.1,910,7748,217
w120_i080_mn9_only_631430,0.1,920,7990,165
w120_i080_mn9_only_631430,0.1,930,7717,228
w120_i080_mn9_only_631430,0.1,940,7712,240
w120_i080_mn9_only_631430,0.1,950,7678,253
w120_i080_mn9_only_631430,0.1,960,7936,226
w120_i080_mn9_only_631430,0.1,970,7814,198
w120_i080_mn9_only_631430,0.1,980,7848,245
w120_i080_mn9_only_631430,0.1,990,7823,326
w120_i080_mn9_only_631430,0.05,0,43,43
w120_i080_mn9_only_631430,0.05,10,102,102
w120_i080_mn9_only_631430,0.05,20,232,232
w120_i080_mn9_only_631430,0.05,30,301,303
w120_i080_mn9_only_631430,0.05,40,231,232
w120_i080_mn9_only_631430,0.05,50,212,208
w120_i080_mn9_only_631430,0.05,60,222,222
w120_i080_mn9_only_631430,0.05,70,264,226
w120_i080_mn9_only_631430,0.05,80,204,186
w120_i080_mn9_only_631430,0.05,90,243,240
w120_i080_mn9_only_631430,0.05,100,239,219
w120_i080_mn9_only_631430,0.05,110,150,126
w120_i080_mn9_only_631430,0.05,120,196,200
w120_i080_mn9_only_631430,0.05,130,172,251
w120_i080_mn9_only_631430,0.05,140,217,223
w120_i080_mn9_only_631430,0.05,150,259,186
w120_i080_mn9_only_631430,0.05,160,229,205
w120_i080_mn9_only_631430,0.05,170,181,194
w120_i080_mn9_only_631430,0.05,180,174,278
w120_i080_mn9_only_631430,0.05,190,255,191
w120_i080_mn9_only_631430,0.05,200,237,286
w120_i080_mn9_only_631430,0.05,210,187,266
w120_i080_mn9_only_631430,0.05,220,240,199
w120_i080_mn9_only_631430,0.05,230,237,196
w120_i080_mn9_only_631430,0.05,240,245,297
w120_i080_mn9_only_631430,0.05,250,277,259
w120_i080_mn9_only_631430,0.05,260,159,177
w120_i080_mn9_only_631430,0.05,270,200,201
w120_i080_mn9_only_631430,0.05,280,274,188
w120_i080_mn9_only_631430,0.05,290,201,164
w120_i080_mn9_only_631430,0.05,300,207,196
w120_i080_mn9_only_631430,0.05,310,145,201
w120_i080_mn9_only_631430,0.05,320,167,262
w120_i080_mn9_only_631430,0.05,330,261,174
w120_i080_mn9_only_631430,0.05,340,210,128
w120_i080_mn9_only_631430,0.05,350,164,206
w120_i080_mn9_only_631430,0.05,360,257,219
w120_i080_mn9_only_631430,0.05,370,288,290
w120_i080_mn9_only_631430,0.05,380,215,251
w120_i080_mn9_only_631430,0.05,390,175,137
w120_i080_mn9_only_631430,0.05,400,124,278
w120_i080_mn9_only_631430,0.05,410,248,274
w120_i080_mn9_only_631430,0.05,420,302,210
w120_i080_mn9_only_631430,0.05,430,237,218
w120_i080_mn9_only_631430,0.05,440,188,239
w120_i080_mn9_only_631430,0.05,450,247,222
w120_i080_mn9_only_631430,0.05,460,259,195
w120_i080_mn9_only_631430,0.05,470,167,214
w120_i080_mn9_only_631430,0.05,480,207,202
w120_i080_mn9_only_631430,0.05,490,268,219
w120_i080_mn9_only_631430,0.05,500,257,283
w120_i080_mn9_only_631430,0.05,510,183,218
w120_i080_mn9_only_631430,0.05,520,162,193
w120_i080_mn9_only_631430,0.05,530,218,122
w120_i080_mn9_only_631430,0.05,540,252,230
w120_i080_mn9_only_631430,0.05,550,238,322
w120_i080_mn9_only_631430,0.05,560,216,263
w120_i080_mn9_only_631430,0.05,570,217,224
w120_i080_mn9_only_631430,0.05,580,266,263
w120_i080_mn9_only_631430,0.05,590,264,281
w120_i080_mn9_only_631430,0.05,600,163,203
w120_i080_mn9_only_631430,0.05,610,180,178
w120_i080_mn9_only_631430,0.05,620,180,153
w120_i080_mn9_only_631430,0.05,630,237,175
w120_i080_mn9_only_631430,0.05,640,269,198
w120_i080_mn9_only_631430,0.05,650,140,307
w120_i080_mn9_only_631430,0.05,660,219,186
w120_i080_mn9_only_631430,0.05,670,277,216
w120_i080_mn9_only_631430,0.05,680,245,264
w120_i080_mn9_only_631430,0.05,690,156,221
w120_i080_mn9_only_631430,0.05,700,258,186
w120_i080_mn9_only_631430,0.05,710,261,231
w120_i080_mn9_only_631430,0.05,720,219,229
w120_i080_mn9_only_631430,0.05,730,184,253
w120_i080_mn9_only_631430,0.05,740,79,154
w120_i080_mn9_only_631430,0.05,750,115,204
w120_i080_mn9_only_631430,0.05,760,212,215
w120_i080_mn9_only_631430,0.05,770,291,232
w120_i080_mn9_only_631430,0.05,780,215,242
w120_i080_mn9_only_631430,0.05,790,217,195
w120_i080_mn9_only_631430,0.05,800,202,221
w120_i080_mn9_only_631430,0.05,810,243,218
w120_i080_mn9_only_631430,0.05,820,190,190
w120_i080_mn9_only_631430,0.05,830,225,217
w120_i080_mn9_only_631430,0.05,840,206,222
w120_i080_mn9_only_631430,0.05,850,216,201
w120_i080_mn9_only_631430,0.05,860,149,256
w120_i080_mn9_only_631430,0.05,870,261,235
w120_i080_mn9_only_631430,0.05,880,230,170
w120_i080_mn9_only_631430,0.05,890,152,233
w120_i080_mn9_only_631430,0.05,900,162,175
w120_i080_mn9_only_631430,0.05,910,152,120
w120_i080_mn9_only_631430,0.05,920,191,155
w120_i080_mn9_only_631430,0.05,930,230,163
w120_i080_mn9_only_631430,0.05,940,179,214
w120_i080_mn9_only_631430,0.05,950,190,203
w120_i080_mn9_only_631430,0.05,960,273,256
w120_i080_mn9_only_631430,0.05,970,206,276
w120_i080_mn9_only_631430,0.05,980,229,255
w120_i080_mn9_only_631430,0.05,990,275,232
w120_i080_mn9_only_631430,0.025,0,43,43
w120_i080_mn9_only_631430,0.025,10,103,103
w120_i080_mn9_only_631430,0.025,20,234,235
w120_i080_mn9_only_631430,0.025,30,306,304
w120_i080_mn9_only_631430,0.025,40,216,224
w120_i080_mn9_only_631430,0.025,50,214,207
w120_i080_mn9_only_631430,0.025,60,242,259
w120_i080_mn9_only_631430,0.025,70,231,240
w120_i080_mn9_only_631430,0.025,80,202,219
w120_i080_mn9_only_631430,0.025,90,211,256
w120_i080_mn9_only_631430,0.025,100,242,244
w120_i080_mn9_only_631430,0.025,110,216,210
w120_i080_mn9_only_631430,0.025,120,152,124
w120_i080_mn9_only_631430,0.025,130,192,102
w120_i080_mn9_only_631430,0.025,140,264,164
w120_i080_mn9_only_631430,0.025,150,208,230
w120_i080_mn9_only_631430,0.025,160,174,209
w120_i080_mn9_only_631430,0.025,170,201,164
w120_i080_mn9_only_631430,0.025,180,218,192
w120_i080_mn9_only_631430,0.025,190,184,199
w120_i080_mn9_only_631430,0.025,200,269,213
w120_i080_mn9_only_631430,0.025,210,198,204
w120_i080_mn9_only_631430,0.025,220,133,215
w120_i080_mn9_only_631430,0.025,230,249,279
w120_i080_mn9_only_631430,0.025,240,300,214
w120_i080_mn9_only_631430,0.025,250,267,160
w120_i080_mn9_only_631430,0.025,260,182,239
w120_i080_mn9_only_631430,0.025,270,198,209
w120_i080_mn9_only_631430,0.025,280,211,237
w120_i080_mn9_only_631430,0.025,290,271,199
w120_i080_mn9_only_631430,0.025,300,231,201
w120_i080_mn9_only_631430,0.025,310,147,274
w120_i080_mn9_only_631430,0.025,320,210,160
w120_i080_mn9_only_631430,0.025,330,309,108
w120_i080_mn9_only_631430,0.025,340,178,213
w120_i080_mn9_only_631430,0.025,350,166,281
w120_i080_mn9_only_631430,0.025,360,226,262
w120_i080_mn9_only_631430,0.025,370,239,211
w120_i080_mn9_only_631430,0.025,380,278,207
w120_i080_mn9_only_631430,0.025,390,254,264
w120_i080_mn9_only_631430,0.025,400,193,230
w120_i080_mn9_only_631430,0.025,410,276,237
w120_i080_mn9_only_631430,0.025,420,251,256
w120_i080_mn9_only_631430,0.025,430,214,246
w120_i080_mn9_only_631430,0.025,440,221,211
w120_i080_mn9_only_631430,0.025,450,235,227
w120_i080_mn9_only_631430,0.025,460,225,240
w120_i080_mn9_only_631430,0.025,470,245,218
w120_i080_mn9_only_631430,0.025,480,120,153
w120_i080_mn9_only_631430,0.025,490,148,122
w120_i080_mn9_only_631430,0.025,500,301,232
w120_i080_mn9_only_631430,0.025,510,205,263
w120_i080_mn9_only_631430,0.025,520,147,227
w120_i080_mn9_only_631430,0.025,530,152,194
w120_i080_mn9_only_631430,0.025,540,284,170
w120_i080_mn9_only_631430,0.025,550,238,240
w120_i080_mn9_only_631430,0.025,560,332,258
w120_i080_mn9_only_631430,0.025,570,301,250
w120_i080_mn9_only_631430,0.025,580,246,273
w120_i080_mn9_only_631430,0.025,590,291,210
w120_i080_mn9_only_631430,0.025,600,429,214
w120_i080_mn9_only_631430,0.025,610,566,210
w120_i080_mn9_only_631430,0.025,620,329,139
w120_i080_mn9_only_631430,0.025,630,464,151
w120_i080_mn9_only_631430,0.025,640,1550,257
w120_i080_mn9_only_631430,0.025,650,5753,218
w120_i080_mn9_only_631430,0.025,660,7674,162
w120_i080_mn9_only_631430,0.025,670,7940,209
w120_i080_mn9_only_631430,0.025,680,7825,309
w120_i080_mn9_only_631430,0.025,690,7702,221
w120_i080_mn9_only_631430,0.025,700,7853,166
w120_i080_mn9_only_631430,0.025,710,7850,251
w120_i080_mn9_only_631430,0.025,720,7825,222
w120_i080_mn9_only_631430,0.025,730,7922,203
w120_i080_mn9_only_631430,0.025,740,7713,211
w120_i080_mn9_only_631430,0.025,750,7671,202
w120_i080_mn9_only_631430,0.025,760,7636,154
w120_i080_mn9_only_631430,0.025,770,7586,185
w120_i080_mn9_only_631430,0.025,780,7612,205
w120_i080_mn9_only_631430,0.025,790,7572,157
w120_i080_mn9_only_631430,0.025,800,7894,126
w120_i080_mn9_only_631430,0.025,810,8050,120
w120_i080_mn9_only_631430,0.025,820,7625,231
w120_i080_mn9_only_631430,0.025,830,7906,205
w120_i080_mn9_only_631430,0.025,840,7710,273
w120_i080_mn9_only_631430,0.025,850,7754,184
w120_i080_mn9_only_631430,0.025,860,7891,214
w120_i080_mn9_only_631430,0.025,870,7779,260
w120_i080_mn9_only_631430,0.025,880,7655,236
w120_i080_mn9_only_631430,0.025,890,7921,200
w120_i080_mn9_only_631430,0.025,900,7989,192
w120_i080_mn9_only_631430,0.025,910,7767,191
w120_i080_mn9_only_631430,0.025,920,7523,265
w120_i080_mn9_only_631430,0.025,930,7692,246
w120_i080_mn9_only_631430,0.025,940,7851,211
w120_i080_mn9_only_631430,0.025,950,7903,173
w120_i080_mn9_only_631430,0.025,960,7640,255
w120_i080_mn9_only_631430,0.025,970,7738,212
w120_i080_mn9_only_631430,0.025,980,7957,220
w120_i080_mn9_only_631430,0.025,990,7862,308
w120_i080_mn9_only_631430,0.0125,0,43,43
w120_i080_mn9_only_631430,0.0125,10,104,104
w120_i080_mn9_only_631430,0.0125,20,238,240
w120_i080_mn9_only_631430,0.0125,30,301,301
w120_i080_mn9_only_631430,0.0125,40,220,220
w120_i080_mn9_only_631430,0.0125,50,210,213
w120_i080_mn9_only_631430,0.0125,60,273,272
w120_i080_mn9_only_631430,0.0125,70,212,228
w120_i080_mn9_only_631430,0.0125,80,216,173
w120_i080_mn9_only_631430,0.0125,90,271,202
w120_i080_mn9_only_631430,0.0125,100,218,234
w120_i080_mn9_only_631430,0.0125,110,193,230
w120_i080_mn9_only_631430,0.0125,120,221,171
w120_i080_mn9_only_631430,0.0125,130,213,194
w120_i080_mn9_only_631430,0.0125,140,166,185
w120_i080_mn9_only_631430,0.0125,150,191,169
w120_i080_mn9_only_631430,0.0125,160,163,255
w120_i080_mn9_only_631430,0.0125,170,240,232
w120_i080_mn9_only_631430,0.0125,180,141,259
w120_i080_mn9_only_631430,0.0125,190,148,202
w120_i080_mn9_only_631430,0.0125,200,194,235
w120_i080_mn9_only_631430,0.0125,210,252,236
w120_i080_mn9_only_631430,0.0125,220,266,226
w120_i080_mn9_only_631430,0.0125,230,319,273
w120_i080_mn9_only_631430,0.0125,240,265,253
w120_i080_mn9_only_631430,0.0125,250,228,215
w120_i080_mn9_only_631430,0.0125,260,189,198
w120_i080_mn9_only_631430,0.0125,270,248,180
w120_i080_mn9_only_631430,0.0125,280,260,221
w120_i080_mn9_only_631430,0.0125,290,218,286
w120_i080_mn9_only_631430,0.0125,300,241,202
w120_i080_mn9_only_631430,0.0125,310,176,188
w120_i080_mn9_only_631430,0.0125,320,208,198
w120_i080_mn9_only_631430,0.0125,330,205,220
w120_i080_mn9_only_631430,0.0125,340,145,242
w120_i080_mn9_only_631430,0.0125,350,267,101
w120_i080_mn9_only_631430,0.0125,360,255,171
w120_i080_mn9_only_631430,0.0125,370,253,296
w120_i080_mn9_only_631430,0.0125,380,213,248
w120_i080_mn9_only_631430,0.0125,390,222,192
w120_i080_mn9_only_631430,0.0125,400,246,243
w120_i080_mn9_only_631430,0.0125,410,227,266
w120_i080_mn9_only_631430,0.0125,420,267,230
w120_i080_mn9_only_631430,0.0125,430,249,187
w120_i080_mn9_only_631430,0.0125,440,208,267
w120_i080_mn9_only_631430,0.0125,450,248,271
w120_i080_mn9_only_631430,0.0125,460,263,241
w120_i080_mn9_only_631430,0.0125,470,186,202
w120_i080_mn9_only_631430,0.0125,480,148,125
w120_i080_mn9_only_631430,0.0125,490,260,204
w120_i080_mn9_only_631430,0.0125,500,264,321
w120_i080_mn9_only_631430,0.0125,510,219,218
w120_i080_mn9_only_631430,0.0125,520,207,184
w120_i080_mn9_only_631430,0.0125,530,154,139
w120_i080_mn9_only_631430,0.0125,540,192,252
w120_i080_mn9_only_631430,0.0125,550,262,303
w120_i080_mn9_only_631430,0.0125,560,191,221
w120_i080_mn9_only_631430,0.0125,570,225,200
w120_i080_mn9_only_631430,0.0125,580,189,268
w120_i080_mn9_only_631430,0.0125,590,261,249
w120_i080_mn9_only_631430,0.0125,600,297,203
w120_i080_mn9_only_631430,0.0125,610,219,167
w120_i080_mn9_only_631430,0.0125,620,164,253
w120_i080_mn9_only_631430,0.0125,630,228,256
w120_i080_mn9_only_631430,0.0125,640,152,205
w120_i080_mn9_only_631430,0.0125,650,210,245
w120_i080_mn9_only_631430,0.0125,660,271,165
w120_i080_mn9_only_631430,0.0125,670,173,234
w120_i080_mn9_only_631430,0.0125,680,184,255
w120_i080_mn9_only_631430,0.0125,690,222,157
w120_i080_mn9_only_631430,0.0125,700,248,149
w120_i080_mn9_only_631430,0.0125,710,245,182
w120_i080_mn9_only_631430,0.0125,720,134,260
w120_i080_mn9_only_631430,0.0125,730,172,218
w120_i080_mn9_only_631430,0.0125,740,215,188
w120_i080_mn9_only_631430,0.0125,750,209,191
w120_i080_mn9_only_631430,0.0125,760,186,238
w120_i080_mn9_only_631430,0.0125,770,227,221
w120_i080_mn9_only_631430,0.0125,780,216,151
w120_i080_mn9_only_631430,0.0125,790,201,225
w120_i080_mn9_only_631430,0.0125,800,216,220
w120_i080_mn9_only_631430,0.0125,810,297,236
w120_i080_mn9_only_631430,0.0125,820,172,240
w120_i080_mn9_only_631430,0.0125,830,159,168
w120_i080_mn9_only_631430,0.0125,840,176,183
w120_i080_mn9_only_631430,0.0125,850,142,193
w120_i080_mn9_only_631430,0.0125,860,137,195
w120_i080_mn9_only_631430,0.0125,870,231,230
w120_i080_mn9_only_631430,0.0125,880,315,267
w120_i080_mn9_only_631430,0.0125,890,189,223
w120_i080_mn9_only_631430,0.0125,900,216,157
w120_i080_mn9_only_631430,0.0125,910,128,181
w120_i080_mn9_only_631430,0.0125,920,155,207
w120_i080_mn9_only_631430,0.0125,930,237,241
w120_i080_mn9_only_631430,0.0125,940,195,298
w120_i080_mn9_only_631430,0.0125,950,208,204
w120_i080_mn9_only_631430,0.0125,960,149,243
w120_i080_mn9_only_631430,0.0125,970,184,269
w120_i080_mn9_only_631430,0.0125,980,224,287
w120_i080_mn9_only_631430,0.0125,990,212,188
w120_i080_mn9_only_631430,0.00625,0,43,43
w120_i080_mn9_only_631430,0.00625,10,104,104
w120_i080_mn9_only_631430,0.00625,20,239,240
w120_i080_mn9_only_631430,0.00625,30,299,301
w120_i080_mn9_only_631430,0.00625,40,222,220
w120_i080_mn9_only_631430,0.00625,50,211,213
w120_i080_mn9_only_631430,0.00625,60,272,270
w120_i080_mn9_only_631430,0.00625,70,207,230
w120_i080_mn9_only_631430,0.00625,80,210,218
w120_i080_mn9_only_631430,0.00625,90,285,255
w120_i080_mn9_only_631430,0.00625,100,190,258
w120_i080_mn9_only_631430,0.00625,110,121,229
w120_i080_mn9_only_631430,0.00625,120,194,192
w120_i080_mn9_only_631430,0.00625,130,185,158
w120_i080_mn9_only_631430,0.00625,140,174,254
w120_i080_mn9_only_631430,0.00625,150,314,248
w120_i080_mn9_only_631430,0.00625,160,249,228
w120_i080_mn9_only_631430,0.00625,170,167,194
w120_i080_mn9_only_631430,0.00625,180,194,175
w120_i080_mn9_only_631430,0.00625,190,237,240
w120_i080_mn9_only_631430,0.00625,200,201,245
w120_i080_mn9_only_631430,0.00625,210,221,204
w120_i080_mn9_only_631430,0.00625,220,225,188
w120_i080_mn9_only_631430,0.00625,230,237,159
w120_i080_mn9_only_631430,0.00625,240,275,300
w120_i080_mn9_only_631430,0.00625,250,271,252
w120_i080_mn9_only_631430,0.00625,260,173,220
w120_i080_mn9_only_631430,0.00625,270,93,257
w120_i080_mn9_only_631430,0.00625,280,132,206
w120_i080_mn9_only_631430,0.00625,290,239,178
w120_i080_mn9_only_631430,0.00625,300,249,217
w120_i080_mn9_only_631430,0.00625,310,149,210
w120_i080_mn9_only_631430,0.00625,320,233,259
w120_i080_mn9_only_631430,0.00625,330,252,225
w120_i080_mn9_only_631430,0.00625,340,133,152
w120_i080_mn9_only_631430,0.00625,350,139,194
w120_i080_mn9_only_631430,0.00625,360,208,208
w120_i080_mn9_only_631430,0.00625,370,273,239
w120_i080_mn9_only_631430,0.00625,380,269,235
w120_i080_mn9_only_631430,0.00625,390,209,211
w120_i080_mn9_only_631430,0.00625,400,247,227
w120_i080_mn9_only_631430,0.00625,410,221,278
w120_i080_mn9_only_631430,0.00625,420,273,251
w120_i080_mn9_only_631430,0.00625,430,264,211
w120_i080_mn9_only_631430,0.00625,440,195,159
w120_i080_mn9_only_631430,0.00625,450,287,250
w120_i080_mn9_only_631430,0.00625,460,215,262
w120_i080_mn9_only_631430,0.00625,470,169,147
w120_i080_mn9_only_631430,0.00625,480,241,215
w120_i080_mn9_only_631430,0.00625,490,242,229
w120_i080_mn9_only_631430,0.00625,500,216,231
w120_i080_mn9_only_631430,0.00625,510,260,216
w120_i080_mn9_only_631430,0.00625,520,158,156
w120_i080_mn9_only_631430,0.00625,530,219,177
w120_i080_mn9_only_631430,0.00625,540,226,241
w120_i080_mn9_only_631430,0.00625,550,264,282
w120_i080_mn9_only_631430,0.00625,560,209,259
w120_i080_mn9_only_631430,0.00625,570,172,199
w120_i080_mn9_only_631430,0.00625,580,189,216
w120_i080_mn9_only_631430,0.00625,590,252,319
w120_i080_mn9_only_631430,0.00625,600,169,207
w120_i080_mn9_only_631430,0.00625,610,143,205
w120_i080_mn9_only_631430,0.00625,620,192,230
w120_i080_mn9_only_631430,0.00625,630,252,160
w120_i080_mn9_only_631430,0.00625,640,229,207
w120_i080_mn9_only_631430,0.00625,650,218,175
w120_i080_mn9_only_631430,0.00625,660,291,151
w120_i080_mn9_only_631430,0.00625,670,217,189
w120_i080_mn9_only_631430,0.00625,680,146,206
w120_i080_mn9_only_631430,0.00625,690,237,192
w120_i080_mn9_only_631430,0.00625,700,229,229
w120_i080_mn9_only_631430,0.00625,710,212,237
w120_i080_mn9_only_631430,0.00625,720,256,239
w120_i080_mn9_only_631430,0.00625,730,335,151
w120_i080_mn9_only_631430,0.00625,740,133,268
w120_i080_mn9_only_631430,0.00625,750,97,215
w120_i080_mn9_only_631430,0.00625,760,167,169
w120_i080_mn9_only_631430,0.00625,770,219,194
w120_i080_mn9_only_631430,0.00625,780,223,213
w120_i080_mn9_only_631430,0.00625,790,211,264
w120_i080_mn9_only_631430,0.00625,800,201,266
w120_i080_mn9_only_631430,0.00625,810,223,141
w120_i080_mn9_only_631430,0.00625,820,195,154
w120_i080_mn9_only_631430,0.00625,830,268,207
w120_i080_mn9_only_631430,0.00625,840,138,231
w120_i080_mn9_only_631430,0.00625,850,188,184
w120_i080_mn9_only_631430,0.00625,860,166,170
w120_i080_mn9_only_631430,0.00625,870,244,206
w120_i080_mn9_only_631430,0.00625,880,226,233
w120_i080_mn9_only_631430,0.00625,890,237,153
w120_i080_mn9_only_631430,0.00625,900,202,224
w120_i080_mn9_only_631430,0.00625,910,172,203
w120_i080_mn9_only_631430,0.00625,920,114,122
w120_i080_mn9_only_631430,0.00625,930,205,220
w120_i080_mn9_only_631430,0.00625,940,285,156
w120_i080_mn9_only_631430,0.00625,950,204,170
w120_i080_mn9_only_631430,0.00625,960,190,230
w120_i080_mn9_only_631430,0.00625,970,200,212
w120_i080_mn9_only_631430,0.00625,980,269,261
w120_i080_mn9_only_631430,0.00625,990,252,309
w120_i080_mode_631415,0.1,0,36,36
w120_i080_mode_631415,0.1,10,73,72
w120_i080_mode_631415,0.1,20,170,196
w120_i080_mode_631415,0.1,30,268,313
w120_i080_mode_631415,0.1,40,224,154
w120_i080_mode_631415,0.1,50,144,225
w120_i080_mode_631415,0.1,60,154,199
w120_i080_mode_631415,0.1,70,198,211
w120_i080_mode_631415,0.1,80,139,190
w120_i080_mode_631415,0.1,90,230,259
w120_i080_mode_631415,0.1,100,232,264
w120_i080_mode_631415,0.1,110,125,170
w120_i080_mode_631415,0.1,120,116,167
w120_i080_mode_631415,0.1,130,172,188
w120_i080_mode_631415,0.1,140,169,143
w120_i080_mode_631415,0.1,150,171,203
w120_i080_mode_631415,0.1,160,193,280
w120_i080_mode_631415,0.1,170,190,200
w120_i080_mode_631415,0.1,180,245,275
w120_i080_mode_631415,0.1,190,204,249
w120_i080_mode_631415,0.1,200,176,227
w120_i080_mode_631415,0.1,210,155,169
w120_i080_mode_631415,0.1,220,230,257
w120_i080_mode_631415,0.1,230,206,289
w120_i080_mode_631415,0.1,240,158,208
w120_i080_mode_631415,0.1,250,209,155
w120_i080_mode_631415,0.1,260,214,244
w120_i080_mode_631415,0.1,270,208,276
w120_i080_mode_631415,0.1,280,169,212
w120_i080_mode_631415,0.1,290,148,203
w120_i080_mode_631415,0.1,300,184,207
w120_i080_mode_631415,0.1,310,136,253
w120_i080_mode_631415,0.1,320,187,119
w120_i080_mode_631415,0.1,330,236,167
w120_i080_mode_631415,0.1,340,209,203
w120_i080_mode_631415,0.1,350,172,224
w120_i080_mode_631415,0.1,360,187,190
w120_i080_mode_631415,0.1,370,199,265
w120_i080_mode_631415,0.1,380,214,259
w120_i080_mode_631415,0.1,390,203,314
w120_i080_mode_631415,0.1,400,230,249
w120_i080_mode_631415,0.1,410,150,185
w120_i080_mode_631415,0.1,420,178,229
w120_i080_mode_631415,0.1,430,224,212
w120_i080_mode_631415,0.1,440,164,195
w120_i080_mode_631415,0.1,450,164,234
w120_i080_mode_631415,0.1,460,153,246
w120_i080_mode_631415,0.1,470,156,236
w120_i080_mode_631415,0.1,480,188,218
w120_i080_mode_631415,0.1,490,169,226
w120_i080_mode_631415,0.1,500,204,220
w120_i080_mode_631415,0.1,510,233,241
w120_i080_mode_631415,0.1,520,114,167
w120_i080_mode_631415,0.1,530,164,164
w120_i080_mode_631415,0.1,540,191,244
w120_i080_mode_631415,0.1,550,141,241
w120_i080_mode_631415,0.1,560,169,218
w120_i080_mode_631415,0.1,570,217,229
w120_i080_mode_631415,0.1,580,248,204
w120_i080_mode_631415,0.1,590,164,172
w120_i080_mode_631415,0.1,600,161,268
w120_i080_mode_631415,0.1,610,132,237
w120_i080_mode_631415,0.1,620,226,189
w120_i080_mode_631415,0.1,630,216,274
w120_i080_mode_631415,0.1,640,160,228
w120_i080_mode_631415,0.1,650,126,223
w120_i080_mode_631415,0.1,660,166,211
w120_i080_mode_631415,0.1,670,232,180
w120_i080_mode_631415,0.1,680,169,222
w120_i080_mode_631415,0.1,690,135,211
w120_i080_mode_631415,0.1,700,178,241
w120_i080_mode_631415,0.1,710,173,175
w120_i080_mode_631415,0.1,720,139,165
w120_i080_mode_631415,0.1,730,191,236
w120_i080_mode_631415,0.1,740,241,194
w120_i080_mode_631415,0.1,750,147,293
w120_i080_mode_631415,0.1,760,133,200
w120_i080_mode_631415,0.1,770,191,264
w120_i080_mode_631415,0.1,780,198,166
w120_i080_mode_631415,0.1,790,180,131
w120_i080_mode_631415,0.1,800,188,166
w120_i080_mode_631415,0.1,810,186,270
w120_i080_mode_631415,0.1,820,203,252
w120_i080_mode_631415,0.1,830,206,179
w120_i080_mode_631415,0.1,840,244,224
w120_i080_mode_631415,0.1,850,206,271
w120_i080_mode_631415,0.1,860,160,230
w120_i080_mode_631415,0.1,870,175,187
w120_i080_mode_631415,0.1,880,185,199
w120_i080_mode_631415,0.1,890,200,279
w120_i080_mode_631415,0.1,900,213,218
w120_i080_mode_631415,0.1,910,142,192
w120_i080_mode_631415,0.1,920,224,237
w120_i080_mode_631415,0.1,930,236,292
w120_i080_mode_631415,0.1,940,203,256
w120_i080_mode_631415,0.1,950,145,272
w120_i080_mode_631415,0.1,960,153,186
w120_i080_mode_631415,0.1,970,200,220
w120_i080_mode_631415,0.1,980,154,283
w120_i080_mode_631415,0.1,990,161,204
w120_i080_mode_631415,0.05,0,40,40
w120_i080_mode_631415,0.05,10,76,74
w120_i080_mode_631415,0.05,20,176,196
w120_i080_mode_631415,0.05,30,269,339
w120_i080_mode_631415,0.05,40,207,248
w120_i080_mode_631415,0.05,50,165,150
w120_i080_mode_631415,0.05,60,153,230
w120_i080_mode_631415,0.05,70,196,260
w120_i080_mode_631415,0.05,80,204,214
w120_i080_mode_631415,0.05,90,228,251
w120_i080_mode_631415,0.05,100,120,174
w120_i080_mode_631415,0.05,110,145,204
w120_i080_mode_631415,0.05,120,142,197
w120_i080_mode_631415,0.05,130,158,249
w120_i080_mode_631415,0.05,140,193,226
w120_i080_mode_631415,0.05,150,264,163
w120_i080_mode_631415,0.05,160,204,200
w120_i080_mode_631415,0.05,170,187,242
w120_i080_mode_631415,0.05,180,228,270
w120_i080_mode_631415,0.05,190,138,217
w120_i080_mode_631415,0.05,200,158,229
w120_i080_mode_631415,0.05,210,158,215
w120_i080_mode_631415,0.05,220,204,227
w120_i080_mode_631415,0.05,230,216,257
w120_i080_mode_631415,0.05,240,203,307
w120_i080_mode_631415,0.05,250,146,218
w120_i080_mode_631415,0.05,260,152,232
w120_i080_mode_631415,0.05,270,169,181
w120_i080_mode_631415,0.05,280,187,188
w120_i080_mode_631415,0.05,290,201,196
w120_i080_mode_631415,0.05,300,231,282
w120_i080_mode_631415,0.05,310,157,230
w120_i080_mode_631415,0.05,320,136,176
w120_i080_mode_631415,0.05,330,190,184
w120_i080_mode_631415,0.05,340,246,235
w120_i080_mode_631415,0.05,350,225,257
w120_i080_mode_631415,0.05,360,131,226
w120_i080_mode_631415,0.05,370,204,227
w120_i080_mode_631415,0.05,380,222,299
w120_i080_mode_631415,0.05,390,187,261
w120_i080_mode_631415,0.05,400,209,216
w120_i080_mode_631415,0.05,410,181,257
w120_i080_mode_631415,0.05,420,118,292
w120_i080_mode_631415,0.05,430,203,205
w120_i080_mode_631415,0.05,440,192,193
w120_i080_mode_631415,0.05,450,155,250
w120_i080_mode_631415,0.05,460,160,295
w120_i080_mode_631415,0.05,470,154,216
w120_i080_mode_631415,0.05,480,187,189
w120_i080_mode_631415,0.05,490,170,244
w120_i080_mode_631415,0.05,500,170,292
w120_i080_mode_631415,0.05,510,186,193
w120_i080_mode_631415,0.05,520,180,210
w120_i080_mode_631415,0.05,530,144,125
w120_i080_mode_631415,0.05,540,179,141
w120_i080_mode_631415,0.05,550,254,276
w120_i080_mode_631415,0.05,560,162,244
w120_i080_mode_631415,0.05,570,178,260
w120_i080_mode_631415,0.05,580,131,277
w120_i080_mode_631415,0.05,590,176,214
w120_i080_mode_631415,0.05,600,185,197
w120_i080_mode_631415,0.05,610,176,192
w120_i080_mode_631415,0.05,620,180,164
w120_i080_mode_631415,0.05,630,225,234
w120_i080_mode_631415,0.05,640,212,236
w120_i080_mode_631415,0.05,650,113,198
w120_i080_mode_631415,0.05,660,194,172
w120_i080_mode_631415,0.05,670,253,279
w120_i080_mode_631415,0.05,680,130,229
w120_i080_mode_631415,0.05,690,144,202
w120_i080_mode_631415,0.05,700,184,175
w120_i080_mode_631415,0.05,710,169,244
w120_i080_mode_631415,0.05,720,231,239
w120_i080_mode_631415,0.05,730,189,218
w120_i080_mode_631415,0.05,740,171,185
w120_i080_mode_631415,0.05,750,222,248
w120_i080_mode_631415,0.05,760,185,258
w120_i080_mode_631415,0.05,770,169,225
w120_i080_mode_631415,0.05,780,206,226
w120_i080_mode_631415,0.05,790,165,171
w120_i080_mode_631415,0.05,800,181,159
w120_i080_mode_631415,0.05,810,172,251
w120_i080_mode_631415,0.05,820,191,230
w120_i080_mode_631415,0.05,830,212,227
w120_i080_mode_631415,0.05,840,230,295
w120_i080_mode_631415,0.05,850,156,242
w120_i080_mode_631415,0.05,860,199,243
w120_i080_mode_631415,0.05,870,218,197
w120_i080_mode_631415,0.05,880,132,225
w120_i080_mode_631415,0.05,890,174,183
w120_i080_mode_631415,0.05,900,163,229
w120_i080_mode_631415,0.05,910,240,260
w120_i080_mode_631415,0.05,920,216,234
w120_i080_mode_631415,0.05,930,129,212
w120_i080_mode_631415,0.05,940,201,210
w120_i080_mode_631415,0.05,950,263,229
w120_i080_mode_631415,0.05,960,147,198
w120_i080_mode_631415,0.05,970,145,287
w120_i080_mode_631415,0.05,980,168,262
w120_i080_mode_631415,0.05,990,171,167
w120_i080_mode_631415,0.025,0,40,40
w120_i080_mode_631415,0.025,10,78,77
w120_i080_mode_631415,0.025,20,176,198
w120_i080_mode_631415,0.025,30,270,335
w120_i080_mode_631415,0.025,40,205,236
w120_i080_mode_631415,0.025,50,154,160
w120_i080_mode_631415,0.025,60,150,131
w120_i080_mode_631415,0.025,70,197,169
w120_i080_mode_631415,0.025,80,240,312
w120_i080_mode_631415,0.025,90,183,234
w120_i080_mode_631415,0.025,100,139,137
w120_i080_mode_631415,0.025,110,165,210
w120_i080_mode_631415,0.025,120,173,187
w120_i080_mode_631415,0.025,130,197,237
w120_i080_mode_631415,0.025,140,143,274
w120_i080_mode_631415,0.025,150,202,202
w120_i080_mode_631415,0.025,160,202,240
w120_i080_mode_631415,0.025,170,189,226
w120_i080_mode_631415,0.025,180,176,323
w120_i080_mode_631415,0.025,190,143,218
w120_i080_mode_631415,0.025,200,251,206
w120_i080_mode_631415,0.025,210,229,182
w120_i080_mode_631415,0.025,220,179,181
w120_i080_mode_631415,0.025,230,190,163
w120_i080_mode_631415,0.025,240,171,204
w120_i080_mode_631415,0.025,250,132,265
w120_i080_mode_631415,0.025,260,243,247
w120_i080_mode_631415,0.025,270,182,280
w120_i080_mode_631415,0.025,280,156,235
w120_i080_mode_631415,0.025,290,151,192
w120_i080_mode_631415,0.025,300,227,205
w120_i080_mode_631415,0.025,310,202,171
w120_i080_mode_631415,0.025,320,144,204
w120_i080_mode_631415,0.025,330,156,301
w120_i080_mode_631415,0.025,340,256,224
w120_i080_mode_631415,0.025,350,142,179
w120_i080_mode_631415,0.025,360,199,179
w120_i080_mode_631415,0.025,370,229,256
w120_i080_mode_631415,0.025,380,207,234
w120_i080_mode_631415,0.025,390,184,236
w120_i080_mode_631415,0.025,400,167,323
w120_i080_mode_631415,0.025,410,171,237
w120_i080_mode_631415,0.025,420,206,149
w120_i080_mode_631415,0.025,430,159,213
w120_i080_mode_631415,0.025,440,211,237
w120_i080_mode_631415,0.025,450,250,273
w120_i080_mode_631415,0.025,460,181,199
w120_i080_mode_631415,0.025,470,132,197
w120_i080_mode_631415,0.025,480,165,240
w120_i080_mode_631415,0.025,490,184,237
w120_i080_mode_631415,0.025,500,216,190
w120_i080_mode_631415,0.025,510,175,238
w120_i080_mode_631415,0.025,520,127,218
w120_i080_mode_631415,0.025,530,169,255
w120_i080_mode_631415,0.025,540,214,239
w120_i080_mode_631415,0.025,550,177,210
w120_i080_mode_631415,0.025,560,206,233
w120_i080_mode_631415,0.025,570,152,277
w120_i080_mode_631415,0.025,580,207,194
w120_i080_mode_631415,0.025,590,231,179
w120_i080_mode_631415,0.025,600,243,182
w120_i080_mode_631415,0.025,610,185,173
w120_i080_mode_631415,0.025,620,174,231
w120_i080_mode_631415,0.025,630,222,247
w120_i080_mode_631415,0.025,640,125,193
w120_i080_mode_631415,0.025,650,180,204
w120_i080_mode_631415,0.025,660,180,207
w120_i080_mode_631415,0.025,670,210,297
w120_i080_mode_631415,0.025,680,179,160
w120_i080_mode_631415,0.025,690,132,116
w120_i080_mode_631415,0.025,700,160,172
w120_i080_mode_631415,0.025,710,184,192
w120_i080_mode_631415,0.025,720,203,225
w120_i080_mode_631415,0.025,730,188,292
w120_i080_mode_631415,0.025,740,205,221
w120_i080_mode_631415,0.025,750,173,220
w120_i080_mode_631415,0.025,760,193,254
w120_i080_mode_631415,0.025,770,253,242
w120_i080_mode_631415,0.025,780,191,191
w120_i080_mode_631415,0.025,790,151,165
w120_i080_mode_631415,0.025,800,170,225
w120_i080_mode_631415,0.025,810,191,287
w120_i080_mode_631415,0.025,820,202,184
w120_i080_mode_631415,0.025,830,241,260
w120_i080_mode_631415,0.025,840,208,284
w120_i080_mode_631415,0.025,850,230,320
w120_i080_mode_631415,0.025,860,172,232
w120_i080_mode_631415,0.025,870,165,169
w120_i080_mode_631415,0.025,880,202,269
w120_i080_mode_631415,0.025,890,212,229
w120_i080_mode_631415,0.025,900,173,202
w120_i080_mode_631415,0.025,910,109,237
w120_i080_mode_631415,0.025,920,158,248
w120_i080_mode_631415,0.025,930,236,257
w120_i080_mode_631415,0.025,940,186,202
w120_i080_mode_631415,0.025,950,133,168
w120_i080_mode_631415,0.025,960,163,253
w120_i080_mode_631415,0.025,970,127,254
w120_i080_mode_631415,0.025,980,168,235
w120_i080_mode_631415,0.025,990,211,217
w120_i080_mode_631415,0.0125,0,40,40
w120_i080_mode_631415,0.0125,10,78,77
w120_i080_mode_631415,0.0125,20,176,198
w120_i080_mode_631415,0.0125,30,270,327
w120_i080_mode_631415,0.0125,40,205,211
w120_i080_mode_631415,0.0125,50,152,193
w120_i080_mode_631415,0.0125,60,157,181
w120_i080_mode_631415,0.0125,70,198,227
w120_i080_mode_631415,0.0125,80,237,186
w120_i080_mode_631415,0.0125,90,199,263
w120_i080_mode_631415,0.0125,100,177,208
w120_i080_mode_631415,0.0125,110,144,172
w120_i080_mode_631415,0.0125,120,143,200
w120_i080_mode_631415,0.0125,130,222,243
w120_i080_mode_631415,0.0125,140,189,203
w120_i080_mode_631415,0.0125,150,126,201
w120_i080_mode_631415,0.0125,160,191,249
w120_i080_mode_631415,0.0125,170,232,221
w120_i080_mode_631415,0.0125,180,261,269
w120_i080_mode_631415,0.0125,190,133,257
w120_i080_mode_631415,0.0125,200,197,214
w120_i080_mode_631415,0.0125,210,205,179
w120_i080_mode_631415,0.0125,220,171,222
w120_i080_mode_631415,0.0125,230,196,245
w120_i080_mode_631415,0.0125,240,197,235
w120_i080_mode_631415,0.0125,250,194,199
w120_i080_mode_631415,0.0125,260,164,153
w120_i080_mode_631415,0.0125,270,214,214
w120_i080_mode_631415,0.0125,280,165,230
w120_i080_mode_631415,0.0125,290,152,172
w120_i080_mode_631415,0.0125,300,196,170
w120_i080_mode_631415,0.0125,310,135,209
w120_i080_mode_631415,0.0125,320,152,275
w120_i080_mode_631415,0.0125,330,209,196
w120_i080_mode_631415,0.0125,340,231,176
w120_i080_mode_631415,0.0125,350,156,257
w120_i080_mode_631415,0.0125,360,196,253
w120_i080_mode_631415,0.0125,370,248,233
w120_i080_mode_631415,0.0125,380,174,296
w120_i080_mode_631415,0.0125,390,195,218
w120_i080_mode_631415,0.0125,400,225,235
w120_i080_mode_631415,0.0125,410,172,177
w120_i080_mode_631415,0.0125,420,188,141
w120_i080_mode_631415,0.0125,430,115,230
w120_i080_mode_631415,0.0125,440,161,202
w120_i080_mode_631415,0.0125,450,261,131
w120_i080_mode_631415,0.0125,460,197,172
w120_i080_mode_631415,0.0125,470,140,233
w120_i080_mode_631415,0.0125,480,160,277
w120_i080_mode_631415,0.0125,490,237,196
w120_i080_mode_631415,0.0125,500,231,193
w120_i080_mode_631415,0.0125,510,139,185
w120_i080_mode_631415,0.0125,520,137,229
w120_i080_mode_631415,0.0125,530,188,162
w120_i080_mode_631415,0.0125,540,231,226
w120_i080_mode_631415,0.0125,550,167,205
w120_i080_mode_631415,0.0125,560,156,233
w120_i080_mode_631415,0.0125,570,224,159
w120_i080_mode_631415,0.0125,580,192,135
w120_i080_mode_631415,0.0125,590,134,252
w120_i080_mode_631415,0.0125,600,180,184
w120_i080_mode_631415,0.0125,610,191,149
w120_i080_mode_631415,0.0125,620,249,186
w120_i080_mode_631415,0.0125,630,225,305
w120_i080_mode_631415,0.0125,640,175,237
w120_i080_mode_631415,0.0125,650,174,239
w120_i080_mode_631415,0.0125,660,213,187
w120_i080_mode_631415,0.0125,670,132,212
w120_i080_mode_631415,0.0125,680,120,222
w120_i080_mode_631415,0.0125,690,147,170
w120_i080_mode_631415,0.0125,700,258,208
w120_i080_mode_631415,0.0125,710,192,185
w120_i080_mode_631415,0.0125,720,125,267
w120_i080_mode_631415,0.0125,730,176,252
w120_i080_mode_631415,0.0125,740,206,207
w120_i080_mode_631415,0.0125,750,184,234
w120_i080_mode_631415,0.0125,760,163,216
w120_i080_mode_631415,0.0125,770,126,199
w120_i080_mode_631415,0.0125,780,148,247
w120_i080_mode_631415,0.0125,790,219,135
w120_i080_mode_631415,0.0125,800,148,189
w120_i080_mode_631415,0.0125,810,162,308
w120_i080_mode_631415,0.0125,820,220,248
w120_i080_mode_631415,0.0125,830,234,197
w120_i080_mode_631415,0.0125,840,205,242
w120_i080_mode_631415,0.0125,850,171,275
w120_i080_mode_631415,0.0125,860,217,197
w120_i080_mode_631415,0.0125,870,168,213
w120_i080_mode_631415,0.0125,880,160,268
w120_i080_mode_631415,0.0125,890,247,159
w120_i080_mode_631415,0.0125,900,259,167
w120_i080_mode_631415,0.0125,910,168,179
w120_i080_mode_631415,0.0125,920,150,255
w120_i080_mode_631415,0.0125,930,180,223
w120_i080_mode_631415,0.0125,940,237,262
w120_i080_mode_631415,0.0125,950,154,193
w120_i080_mode_631415,0.0125,960,118,159
w120_i080_mode_631415,0.0125,970,220,303
w120_i080_mode_631415,0.0125,980,199,210
w120_i080_mode_631415,0.0125,990,104,185
w120_i080_mode_631415,0.00625,0,40,40
w120_i080_mode_631415,0.00625,10,78,77
w120_i080_mode_631415,0.00625,20,178,198
w120_i080_mode_631415,0.00625,30,268,327
w120_i080_mode_631415,0.00625,40,206,228
w120_i080_mode_631415,0.00625,50,163,175
w120_i080_mode_631415,0.00625,60,183,162
w120_i080_mode_631415,0.00625,70,217,222
w120_i080_mode_631415,0.00625,80,155,249
w120_i080_mode_631415,0.00625,90,241,279
w120_i080_mode_631415,0.00625,100,187,187
w120_i080_mode_631415,0.00625,110,170,168
w120_i080_mode_631415,0.00625,120,130,199
w120_i080_mode_631415,0.00625,130,167,132
w120_i080_mode_631415,0.00625,140,186,174
w120_i080_mode_631415,0.00625,150,167,230
w120_i080_mode_631415,0.00625,160,158,223
w120_i080_mode_631415,0.00625,170,216,245
w120_i080_mode_631415,0.00625,180,225,258
w120_i080_mode_631415,0.00625,190,183,244
w120_i080_mode_631415,0.00625,200,202,245
w120_i080_mode_631415,0.00625,210,153,221
w120_i080_mode_631415,0.00625,220,172,208
w120_i080_mode_631415,0.00625,230,195,186
w120_i080_mode_631415,0.00625,240,255,245
w120_i080_mode_631415,0.00625,250,223,240
w120_i080_mode_631415,0.00625,260,174,243
w120_i080_mode_631415,0.00625,270,198,193
w120_i080_mode_631415,0.00625,280,184,197
w120_i080_mode_631415,0.00625,290,193,261
w120_i080_mode_631415,0.00625,300,128,259
w120_i080_mode_631415,0.00625,310,111,156
w120_i080_mode_631415,0.00625,320,185,166
w120_i080_mode_631415,0.00625,330,236,240
w120_i080_mode_631415,0.00625,340,192,246
w120_i080_mode_631415,0.00625,350,145,229
w120_i080_mode_631415,0.00625,360,201,244
w120_i080_mode_631415,0.00625,370,263,243
w120_i080_mode_631415,0.00625,380,216,294
w120_i080_mode_631415,0.00625,390,179,200
w120_i080_mode_631415,0.00625,400,269,229
w120_i080_mode_631415,0.00625,410,148,235
w120_i080_mode_631415,0.00625,420,188,210
w120_i080_mode_631415,0.00625,430,208,135
w120_i080_mode_631415,0.00625,440,236,240
w120_i080_mode_631415,0.00625,450,152,213
w120_i080_mode_631415,0.00625,460,152,221
w120_i080_mode_631415,0.00625,470,142,262
w120_i080_mode_631415,0.00625,480,219,238
w120_i080_mode_631415,0.00625,490,232,232
w120_i080_mode_631415,0.00625,500,161,150
w120_i080_mode_631415,0.00625,510,199,171
w120_i080_mode_631415,0.00625,520,174,315
w120_i080_mode_631415,0.00625,530,171,221
w120_i080_mode_631415,0.00625,540,110,197
w120_i080_mode_631415,0.00625,550,199,244
w120_i080_mode_631415,0.00625,560,187,189
w120_i080_mode_631415,0.00625,570,172,182
w120_i080_mode_631415,0.00625,580,191,199
w120_i080_mode_631415,0.00625,590,190,258
w120_i080_mode_631415,0.00625,600,162,265
w120_i080_mode_631415,0.00625,610,194,193
w120_i080_mode_631415,0.00625,620,200,186
w120_i080_mode_631415,0.00625,630,171,171
w120_i080_mode_631415,0.00625,640,208,227
w120_i080_mode_631415,0.00625,650,139,267
w120_i080_mode_631415,0.00625,660,203,169
w120_i080_mode_631415,0.00625,670,243,185
w120_i080_mode_631415,0.00625,680,202,201
w120_i080_mode_631415,0.00625,690,145,226
w120_i080_mode_631415,0.00625,700,176,198
w120_i080_mode_631415,0.00625,710,142,254
w120_i080_mode_631415,0.00625,720,158,299
w120_i080_mode_631415,0.00625,730,240,224
w120_i080_mode_631415,0.00625,740,168,197
w120_i080_mode_631415,0.00625,750,149,183
w120_i080_mode_631415,0.00625,760,194,216
w120_i080_mode_631415,0.00625,770,140,210
w120_i080_mode_631415,0.00625,780,140,220
w120_i080_mode_631415,0.00625,790,185,242
w120_i080_mode_631415,0.00625,800,190,219
w120_i080_mode_631415,0.00625,810,135,202
w120_i080_mode_631415,0.00625,820,216,233
w120_i080_mode_631415,0.00625,830,243,223
w120_i080_mode_631415,0.00625,840,263,258
w120_i080_mode_631415,0.00625,850,162,195
w120_i080_mode_631415,0.00625,860,176,231
w120_i080_mode_631415,0.00625,870,190,199
w120_i080_mode_631415,0.00625,880,244,233
w120_i080_mode_631415,0.00625,890,170,191
w120_i080_mode_631415,0.00625,900,131,240
w120_i080_mode_631415,0.00625,910,170,239
w120_i080_mode_631415,0.00625,920,227,242
w120_i080_mode_631415,0.00625,930,197,191
w120_i080_mode_631415,0.00625,940,178,240
w120_i080_mode_631415,0.00625,950,193,267
w120_i080_mode_631415,0.00625,960,211,166
w120_i080_mode_631415,0.00625,970,218,205
w120_i080_mode_631415,0.00625,980,143,212
w120_i080_mode_631415,0.00625,990,129,221
w120_i080_mode_631423,0.1,0,42,42
w120_i080_mode_631423,0.1,10,74,72
w120_i080_mode_631423,0.1,20,173,180
w120_i080_mode_631423,0.1,30,254,353
w120_i080_mode_631423,0.1,40,211,245
w120_i080_mode_631423,0.1,50,104,175
w120_i080_mode_631423,0.1,60,132,173
w120_i080_mode_631423,0.1,70,178,170
w120_i080_mode_631423,0.1,80,226,267
w120_i080_mode_631423,0.1,90,200,236
w120_i080_mode_631423,0.1,100,202,228
w120_i080_mode_631423,0.1,110,206,204
w120_i080_mode_631423,0.1,120,217,271
w120_i080_mode_631423,0.1,130,187,226
w120_i080_mode_631423,0.1,140,184,129
w120_i080_mode_631423,0.1,150,143,199
w120_i080_mode_631423,0.1,160,193,277
w120_i080_mode_631423,0.1,170,247,183
w120_i080_mode_631423,0.1,180,217,216
w120_i080_mode_631423,0.1,190,135,247
w120_i080_mode_631423,0.1,200,190,229
w120_i080_mode_631423,0.1,210,191,189
w120_i080_mode_631423,0.1,220,181,251
w120_i080_mode_631423,0.1,230,158,241
w120_i080_mode_631423,0.1,240,187,222
w120_i080_mode_631423,0.1,250,153,302
w120_i080_mode_631423,0.1,260,189,178
w120_i080_mode_631423,0.1,270,156,182
w120_i080_mode_631423,0.1,280,156,214
w120_i080_mode_631423,0.1,290,268,271
w120_i080_mode_631423,0.1,300,296,193
w120_i080_mode_631423,0.1,310,220,220
w120_i080_mode_631423,0.1,320,161,256
w120_i080_mode_631423,0.1,330,181,250
w120_i080_mode_631423,0.1,340,189,214
w120_i080_mode_631423,0.1,350,138,123
w120_i080_mode_631423,0.1,360,185,303
w120_i080_mode_631423,0.1,370,144,213
w120_i080_mode_631423,0.1,380,104,122
w120_i080_mode_631423,0.1,390,142,177
w120_i080_mode_631423,0.1,400,219,211
w120_i080_mode_631423,0.1,410,170,147
w120_i080_mode_631423,0.1,420,150,192
w120_i080_mode_631423,0.1,430,168,209
w120_i080_mode_631423,0.1,440,182,193
w120_i080_mode_631423,0.1,450,231,230
w120_i080_mode_631423,0.1,460,184,246
w120_i080_mode_631423,0.1,470,163,188
w120_i080_mode_631423,0.1,480,116,200
w120_i080_mode_631423,0.1,490,176,246
w120_i080_mode_631423,0.1,500,282,229
w120_i080_mode_631423,0.1,510,218,256
w120_i080_mode_631423,0.1,520,131,246
w120_i080_mode_631423,0.1,530,118,175
w120_i080_mode_631423,0.1,540,184,200
w120_i080_mode_631423,0.1,550,213,218
w120_i080_mode_631423,0.1,560,150,231
w120_i080_mode_631423,0.1,570,164,222
w120_i080_mode_631423,0.1,580,132,142
w120_i080_mode_631423,0.1,590,166,193
w120_i080_mode_631423,0.1,600,146,240
w120_i080_mode_631423,0.1,610,197,179
w120_i080_mode_631423,0.1,620,192,163
w120_i080_mode_631423,0.1,630,166,146
w120_i080_mode_631423,0.1,640,209,246
w120_i080_mode_631423,0.1,650,185,215
w120_i080_mode_631423,0.1,660,154,220
w120_i080_mode_631423,0.1,670,156,184
w120_i080_mode_631423,0.1,680,211,271
w120_i080_mode_631423,0.1,690,192,251
w120_i080_mode_631423,0.1,700,202,215
w120_i080_mode_631423,0.1,710,240,196
w120_i080_mode_631423,0.1,720,180,280
w120_i080_mode_631423,0.1,730,189,228
w120_i080_mode_631423,0.1,740,130,181
w120_i080_mode_631423,0.1,750,117,106
w120_i080_mode_631423,0.1,760,125,122
w120_i080_mode_631423,0.1,770,203,199
w120_i080_mode_631423,0.1,780,254,325
w120_i080_mode_631423,0.1,790,223,268
w120_i080_mode_631423,0.1,800,220,202
w120_i080_mode_631423,0.1,810,133,209
w120_i080_mode_631423,0.1,820,143,190
w120_i080_mode_631423,0.1,830,200,212
w120_i080_mode_631423,0.1,840,280,213
w120_i080_mode_631423,0.1,850,473,187
w120_i080_mode_631423,0.1,860,413,279
w120_i080_mode_631423,0.1,870,374,212
w120_i080_mode_631423,0.1,880,302,141
w120_i080_mode_631423,0.1,890,492,219
w120_i080_mode_631423,0.1,900,491,244
w120_i080_mode_631423,0.1,910,2423,248
w120_i080_mode_631423,0.1,920,6777,206
w120_i080_mode_631423,0.1,930,7305,133
w120_i080_mode_631423,0.1,940,7771,145
w120_i080_mode_631423,0.1,950,7736,224
w120_i080_mode_631423,0.1,960,7829,273
w120_i080_mode_631423,0.1,970,7389,207
w120_i080_mode_631423,0.1,980,7861,230
w120_i080_mode_631423,0.1,990,7854,238
w120_i080_mode_631423,0.05,0,42,42
w120_i080_mode_631423,0.05,10,78,75
w120_i080_mode_631423,0.05,20,179,190
w120_i080_mode_631423,0.05,30,248,347
w120_i080_mode_631423,0.05,40,213,253
w120_i080_mode_631423,0.05,50,124,177
w120_i080_mode_631423,0.05,60,133,150
w120_i080_mode_631423,0.05,70,157,237
w120_i080_mode_631423,0.05,80,223,276
w120_i080_mode_631423,0.05,90,264,251
w120_i080_mode_631423,0.05,100,183,180
w120_i080_mode_631423,0.05,110,209,212
w120_i080_mode_631423,0.05,120,221,308
w120_i080_mode_631423,0.05,130,219,226
w120_i080_mode_631423,0.05,140,180,166
w120_i080_mode_631423,0.05,150,169,191
w120_i080_mode_631423,0.05,160,181,210
w120_i080_mode_631423,0.05,170,214,261
w120_i080_mode_631423,0.05,180,140,158
w120_i080_mode_631423,0.05,190,158,166
w120_i080_mode_631423,0.05,200,227,293
w120_i080_mode_631423,0.05,210,168,252
w120_i080_mode_631423,0.05,220,175,210
w120_i080_mode_631423,0.05,230,195,195
w120_i080_mode_631423,0.05,240,212,161
w120_i080_mode_631423,0.05,250,221,183
w120_i080_mode_631423,0.05,260,136,272
w120_i080_mode_631423,0.05,270,97,207
w120_i080_mode_631423,0.05,280,225,211
w120_i080_mode_631423,0.05,290,261,284
w120_i080_mode_631423,0.05,300,215,287
w120_i080_mode_631423,0.05,310,205,285
w120_i080_mode_631423,0.05,320,194,200
w120_i080_mode_631423,0.05,330,212,216
w120_i080_mode_631423,0.05,340,158,261
w120_i080_mode_631423,0.05,350,146,202
w120_i080_mode_631423,0.05,360,204,171
w120_i080_mode_631423,0.05,370,186,149
w120_i080_mode_631423,0.05,380,138,215
w120_i080_mode_631423,0.05,390,138,199
w120_i080_mode_631423,0.05,400,195,175
w120_i080_mode_631423,0.05,410,183,239
w120_i080_mode_631423,0.05,420,169,191
w120_i080_mode_631423,0.05,430,123,200
w120_i080_mode_631423,0.05,440,184,225
w120_i080_mode_631423,0.05,450,238,294
w120_i080_mode_631423,0.05,460,221,253
w120_i080_mode_631423,0.05,470,148,172
w120_i080_mode_631423,0.05,480,120,246
w120_i080_mode_631423,0.05,490,209,284
w120_i080_mode_631423,0.05,500,188,203
w120_i080_mode_631423,0.05,510,196,285
w120_i080_mode_631423,0.05,520,221,251
w120_i080_mode_631423,0.05,530,145,174
w120_i080_mode_631423,0.05,540,153,99
w120_i080_mode_631423,0.05,550,234,124
w120_i080_mode_631423,0.05,560,176,226
w120_i080_mode_631423,0.05,570,116,232
w120_i080_mode_631423,0.05,580,164,192
w120_i080_mode_631423,0.05,590,211,154
w120_i080_mode_631423,0.05,600,147,204
w120_i080_mode_631423,0.05,610,137,242
w120_i080_mode_631423,0.05,620,212,200
w120_i080_mode_631423,0.05,630,127,219
w120_i080_mode_631423,0.05,640,189,194
w120_i080_mode_631423,0.05,650,226,222
w120_i080_mode_631423,0.05,660,231,266
w120_i080_mode_631423,0.05,670,202,199
w120_i080_mode_631423,0.05,680,268,257
w120_i080_mode_631423,0.05,690,187,207
w120_i080_mode_631423,0.05,700,153,268
w120_i080_mode_631423,0.05,710,170,260
w120_i080_mode_631423,0.05,720,157,203
w120_i080_mode_631423,0.05,730,201,233
w120_i080_mode_631423,0.05,740,157,166
w120_i080_mode_631423,0.05,750,216,187
w120_i080_mode_631423,0.05,760,150,147
w120_i080_mode_631423,0.05,770,174,194
w120_i080_mode_631423,0.05,780,220,305
w120_i080_mode_631423,0.05,790,187,199
w120_i080_mode_631423,0.05,800,183,218
w120_i080_mode_631423,0.05,810,177,196
w120_i080_mode_631423,0.05,820,202,199
w120_i080_mode_631423,0.05,830,199,164
w120_i080_mode_631423,0.05,840,175,151
w120_i080_mode_631423,0.05,850,199,144
w120_i080_mode_631423,0.05,860,179,271
w120_i080_mode_631423,0.05,870,176,186
w120_i080_mode_631423,0.05,880,84,193
w120_i080_mode_631423,0.05,890,135,214
w120_i080_mode_631423,0.05,900,227,283
w120_i080_mode_631423,0.05,910,211,209
w120_i080_mode_631423,0.05,920,128,186
w120_i080_mode_631423,0.05,930,162,207
w120_i080_mode_631423,0.05,940,125,229
w120_i080_mode_631423,0.05,950,188,204
w120_i080_mode_631423,0.05,960,179,177
w120_i080_mode_631423,0.05,970,211,304
w120_i080_mode_631423,0.05,980,237,270
w120_i080_mode_631423,0.05,990,131,152
w120_i080_mode_631423,0.025,0,42,42
w120_i080_mode_631423,0.025,10,78,75
w120_i080_mode_631423,0.025,20,179,195
w120_i080_mode_631423,0.025,30,249,343
w120_i080_mode_631423,0.025,40,213,258
w120_i080_mode_631423,0.025,50,123,167
w120_i080_mode_631423,0.025,60,132,146
w120_i080_mode_631423,0.025,70,157,207
w120_i080_mode_631423,0.025,80,237,255
w120_i080_mode_631423,0.025,90,281,270
w120_i080_mode_631423,0.025,100,210,239
w120_i080_mode_631423,0.025,110,173,206
w120_i080_mode_631423,0.025,120,225,310
w120_i080_mode_631423,0.025,130,215,196
w120_i080_mode_631423,0.025,140,183,200
w120_i080_mode_631423,0.025,150,115,194
w120_i080_mode_631423,0.025,160,205,273
w120_i080_mode_631423,0.025,170,217,200
w120_i080_mode_631423,0.025,180,128,188
w120_i080_mode_631423,0.025,190,182,205
w120_i080_mode_631423,0.025,200,215,265
w120_i080_mode_631423,0.025,210,178,216
w120_i080_mode_631423,0.025,220,180,226
w120_i080_mode_631423,0.025,230,169,205
w120_i080_mode_631423,0.025,240,226,216
w120_i080_mode_631423,0.025,250,135,199
w120_i080_mode_631423,0.025,260,140,196
w120_i080_mode_631423,0.025,270,147,233
w120_i080_mode_631423,0.025,280,133,185
w120_i080_mode_631423,0.025,290,192,238
w120_i080_mode_631423,0.025,300,252,350
w120_i080_mode_631423,0.025,310,207,261
w120_i080_mode_631423,0.025,320,178,159
w120_i080_mode_631423,0.025,330,161,178
w120_i080_mode_631423,0.025,340,140,273
w120_i080_mode_631423,0.025,350,202,211
w120_i080_mode_631423,0.025,360,236,194
w120_i080_mode_631423,0.025,370,141,191
w120_i080_mode_631423,0.025,380,116,184
w120_i080_mode_631423,0.025,390,127,220
w120_i080_mode_631423,0.025,400,168,232
w120_i080_mode_631423,0.025,410,203,188
w120_i080_mode_631423,0.025,420,220,171
w120_i080_mode_631423,0.025,430,139,265
w120_i080_mode_631423,0.025,440,160,212
w120_i080_mode_631423,0.025,450,244,174
w120_i080_mode_631423,0.025,460,214,252
w120_i080_mode_631423,0.025,470,126,215
w120_i080_mode_631423,0.025,480,149,150
w120_i080_mode_631423,0.025,490,221,193
w120_i080_mode_631423,0.025,500,178,221
w120_i080_mode_631423,0.025,510,171,208
w120_i080_mode_631423,0.025,520,126,224
w120_i080_mode_631423,0.025,530,152,195
w120_i080_mode_631423,0.025,540,178,195
w120_i080_mode_631423,0.025,550,182,258
w120_i080_mode_631423,0.025,560,167,190
w120_i080_mode_631423,0.025,570,127,174
w120_i080_mode_631423,0.025,580,175,131
w120_i080_mode_631423,0.025,590,171,160
w120_i080_mode_631423,0.025,600,167,165
w120_i080_mode_631423,0.025,610,116,200
w120_i080_mode_631423,0.025,620,230,248
w120_i080_mode_631423,0.025,630,191,271
w120_i080_mode_631423,0.025,640,188,233
w120_i080_mode_631423,0.025,650,181,240
w120_i080_mode_631423,0.025,660,186,148
w120_i080_mode_631423,0.025,670,200,181
w120_i080_mode_631423,0.025,680,145,216
w120_i080_mode_631423,0.025,690,157,322
w120_i080_mode_631423,0.025,700,249,275
w120_i080_mode_631423,0.025,710,213,223
w120_i080_mode_631423,0.025,720,178,197
w120_i080_mode_631423,0.025,730,162,183
w120_i080_mode_631423,0.025,740,220,172
w120_i080_mode_631423,0.025,750,181,214
w120_i080_mode_631423,0.025,760,154,218
w120_i080_mode_631423,0.025,770,172,206
w120_i080_mode_631423,0.025,780,200,224
w120_i080_mode_631423,0.025,790,153,324
w120_i080_mode_631423,0.025,800,160,210
w120_i080_mode_631423,0.025,810,179,190
w120_i080_mode_631423,0.025,820,172,172
w120_i080_mode_631423,0.025,830,221,234
w120_i080_mode_631423,0.025,840,218,258
w120_i080_mode_631423,0.025,850,169,191
w120_i080_mode_631423,0.025,860,190,240
w120_i080_mode_631423,0.025,870,119,134
w120_i080_mode_631423,0.025,880,108,165
w120_i080_mode_631423,0.025,890,180,251
w120_i080_mode_631423,0.025,900,170,214
w120_i080_mode_631423,0.025,910,166,203
w120_i080_mode_631423,0.025,920,160,153
w120_i080_mode_631423,0.025,930,169,246
w120_i080_mode_631423,0.025,940,145,185
w120_i080_mode_631423,0.025,950,135,200
w120_i080_mode_631423,0.025,960,200,221
w120_i080_mode_631423,0.025,970,223,267
w120_i080_mode_631423,0.025,980,137,186
w120_i080_mode_631423,0.025,990,162,251
w120_i080_mode_631423,0.0125,0,42,42
w120_i080_mode_631423,0.0125,10,80,78
w120_i080_mode_631423,0.0125,20,179,193
w120_i080_mode_631423,0.0125,30,249,341
w120_i080_mode_631423,0.0125,40,223,256
w120_i080_mode_631423,0.0125,50,109,160
w120_i080_mode_631423,0.0125,60,130,112
w120_i080_mode_631423,0.0125,70,176,173
w120_i080_mode_631423,0.0125,80,204,291
w120_i080_mode_631423,0.0125,90,160,259
w120_i080_mode_631423,0.0125,100,218,229
w120_i080_mode_631423,0.0125,110,188,236
w120_i080_mode_631423,0.0125,120,256,231
w120_i080_mode_631423,0.0125,130,180,250
w120_i080_mode_631423,0.0125,140,180,212
w120_i080_mode_631423,0.0125,150,195,115
w120_i080_mode_631423,0.0125,160,219,179
w120_i080_mode_631423,0.0125,170,186,271
w120_i080_mode_631423,0.0125,180,132,215
w120_i080_mode_631423,0.0125,190,186,234
w120_i080_mode_631423,0.0125,200,171,226
w120_i080_mode_631423,0.0125,210,219,292
w120_i080_mode_631423,0.0125,220,210,171
w120_i080_mode_631423,0.0125,230,181,185
w120_i080_mode_631423,0.0125,240,166,251
w120_i080_mode_631423,0.0125,250,166,185
w120_i080_mode_631423,0.0125,260,189,192
w120_i080_mode_631423,0.0125,270,179,122
w120_i080_mode_631423,0.0125,280,175,134
w120_i080_mode_631423,0.0125,290,229,236
w120_i080_mode_631423,0.0125,300,205,284
w120_i080_mode_631423,0.0125,310,289,266
w120_i080_mode_631423,0.0125,320,231,250
w120_i080_mode_631423,0.0125,330,130,247
w120_i080_mode_631423,0.0125,340,175,160
w120_i080_mode_631423,0.0125,350,147,196
w120_i080_mode_631423,0.0125,360,147,207
w120_i080_mode_631423,0.0125,370,206,182
w120_i080_mode_631423,0.0125,380,164,219
w120_i080_mode_631423,0.0125,390,127,203
w120_i080_mode_631423,0.0125,400,151,219
w120_i080_mode_631423,0.0125,410,230,230
w120_i080_mode_631423,0.0125,420,163,205
w120_i080_mode_631423,0.0125,430,155,115
w120_i080_mode_631423,0.0125,440,171,192
w120_i080_mode_631423,0.0125,450,228,278
w120_i080_mode_631423,0.0125,460,199,287
w120_i080_mode_631423,0.0125,470,145,203
w120_i080_mode_631423,0.0125,480,127,133
w120_i080_mode_631423,0.0125,490,216,185
w120_i080_mode_631423,0.0125,500,211,276
w120_i080_mode_631423,0.0125,510,194,190
w120_i080_mode_631423,0.0125,520,128,249
w120_i080_mode_631423,0.0125,530,132,201
w120_i080_mode_631423,0.0125,540,221,222
w120_i080_mode_631423,0.0125,550,188,261
w120_i080_mode_631423,0.0125,560,134,154
w120_i080_mode_631423,0.0125,570,178,139
w120_i080_mode_631423,0.0125,580,190,173
w120_i080_mode_631423,0.0125,590,167,210
w120_i080_mode_631423,0.0125,600,141,317
w120_i080_mode_631423,0.0125,610,164,190
w120_i080_mode_631423,0.0125,620,238,164
w120_i080_mode_631423,0.0125,630,176,238
w120_i080_mode_631423,0.0125,640,254,186
w120_i080_mode_631423,0.0125,650,200,229
w120_i080_mode_631423,0.0125,660,167,244
w120_i080_mode_631423,0.0125,670,142,219
w120_i080_mode_631423,0.0125,680,211,248
w120_i080_mode_631423,0.0125,690,243,206
w120_i080_mode_631423,0.0125,700,198,273
w120_i080_mode_631423,0.0125,710,161,245
w120_i080_mode_631423,0.0125,720,188,253
w120_i080_mode_631423,0.0125,730,272,186
w120_i080_mode_631423,0.0125,740,196,128
w120_i080_mode_631423,0.0125,750,110,207
w120_i080_mode_631423,0.0125,760,137,203
w120_i080_mode_631423,0.0125,770,170,229
w120_i080_mode_631423,0.0125,780,240,189
w120_i080_mode_631423,0.0125,790,198,187
w120_i080_mode_631423,0.0125,800,143,178
w120_i080_mode_631423,0.0125,810,189,231
w120_i080_mode_631423,0.0125,820,178,144
w120_i080_mode_631423,0.0125,830,156,223
w120_i080_mode_631423,0.0125,840,210,289
w120_i080_mode_631423,0.0125,850,194,244
w120_i080_mode_631423,0.0125,860,196,187
w120_i080_mode_631423,0.0125,870,178,250
w120_i080_mode_631423,0.0125,880,84,268
w120_i080_mode_631423,0.0125,890,145,196
w120_i080_mode_631423,0.0125,900,220,140
w120_i080_mode_631423,0.0125,910,194,181
w120_i080_mode_631423,0.0125,920,178,275
w120_i080_mode_631423,0.0125,930,176,141
w120_i080_mode_631423,0.0125,940,136,168
w120_i080_mode_631423,0.0125,950,174,208
w120_i080_mode_631423,0.0125,960,196,203
w120_i080_mode_631423,0.0125,970,166,241
w120_i080_mode_631423,0.0125,980,147,270
w120_i080_mode_631423,0.0125,990,225,222
w120_i080_mode_631423,0.00625,0,42,42
w120_i080_mode_631423,0.00625,10,80,78
w120_i080_mode_631423,0.00625,20,179,193
w120_i080_mode_631423,0.00625,30,249,343
w120_i080_mode_631423,0.00625,40,225,255
w120_i080_mode_631423,0.00625,50,109,159
w120_i080_mode_631423,0.00625,60,130,113
w120_i080_mode_631423,0.00625,70,176,171
w120_i080_mode_631423,0.00625,80,202,274
w120_i080_mode_631423,0.00625,90,198,280
w120_i080_mode_631423,0.00625,100,194,211
w120_i080_mode_631423,0.00625,110,175,226
w120_i080_mode_631423,0.00625,120,268,245
w120_i080_mode_631423,0.00625,130,227,248
w120_i080_mode_631423,0.00625,140,140,140
w120_i080_mode_631423,0.00625,150,132,168
w120_i080_mode_631423,0.00625,160,182,268
w120_i080_mode_631423,0.00625,170,212,276
w120_i080_mode_631423,0.00625,180,196,165
w120_i080_mode_631423,0.00625,190,128,126
w120_i080_mode_631423,0.00625,200,215,200
w120_i080_mode_631423,0.00625,210,181,221
w120_i080_mode_631423,0.00625,220,164,216
w120_i080_mode_631423,0.00625,230,184,242
w120_i080_mode_631423,0.00625,240,237,244
w120_i080_mode_631423,0.00625,250,149,245
w120_i080_mode_631423,0.00625,260,136,153
w120_i080_mode_631423,0.00625,270,192,166
w120_i080_mode_631423,0.00625,280,183,269
w120_i080_mode_631423,0.00625,290,207,290
w120_i080_mode_631423,0.00625,300,232,233
w120_i080_mode_631423,0.00625,310,201,291
w120_i080_mode_631423,0.00625,320,171,224
w120_i080_mode_631423,0.00625,330,219,202
w120_i080_mode_631423,0.00625,340,244,192
w120_i080_mode_631423,0.00625,350,203,218
w120_i080_mode_631423,0.00625,360,139,198
w120_i080_mode_631423,0.00625,370,169,210
w120_i080_mode_631423,0.00625,380,122,86
w120_i080_mode_631423,0.00625,390,106,137
w120_i080_mode_631423,0.00625,400,219,274
w120_i080_mode_631423,0.00625,410,187,201
w120_i080_mode_631423,0.00625,420,125,152
w120_i080_mode_631423,0.00625,430,162,231
w120_i080_mode_631423,0.00625,440,207,200
w120_i080_mode_631423,0.00625,450,265,247
w120_i080_mode_631423,0.00625,460,156,232
w120_i080_mode_631423,0.00625,470,140,167
w120_i080_mode_631423,0.00625,480,136,263
w120_i080_mode_631423,0.00625,490,194,182
w120_i080_mode_631423,0.00625,500,228,166
w120_i080_mode_631423,0.00625,510,213,222
w120_i080_mode_631423,0.00625,520,139,226
w120_i080_mode_631423,0.00625,530,202,140
w120_i080_mode_631423,0.00625,540,191,186
w120_i080_mode_631423,0.00625,550,176,200
w120_i080_mode_631423,0.00625,560,177,205
w120_i080_mode_631423,0.00625,570,173,172
w120_i080_mode_631423,0.00625,580,142,198
w120_i080_mode_631423,0.00625,590,152,176
w120_i080_mode_631423,0.00625,600,190,188
w120_i080_mode_631423,0.00625,610,199,210
w120_i080_mode_631423,0.00625,620,156,249
w120_i080_mode_631423,0.00625,630,148,132
w120_i080_mode_631423,0.00625,640,170,247
w120_i080_mode_631423,0.00625,650,264,205
w120_i080_mode_631423,0.00625,660,187,210
w120_i080_mode_631423,0.00625,670,191,233
w120_i080_mode_631423,0.00625,680,180,296
w120_i080_mode_631423,0.00625,690,207,187
w120_i080_mode_631423,0.00625,700,154,201
w120_i080_mode_631423,0.00625,710,230,301
w120_i080_mode_631423,0.00625,720,191,214
w120_i080_mode_631423,0.00625,730,162,204
w120_i080_mode_631423,0.00625,740,199,200
w120_i080_mode_631423,0.00625,750,117,170
w120_i080_mode_631423,0.00625,760,132,187
w120_i080_mode_631423,0.00625,770,231,257
w120_i080_mode_631423,0.00625,780,231,233
w120_i080_mode_631423,0.00625,790,183,231
w120_i080_mode_631423,0.00625,800,159,258
w120_i080_mode_631423,0.00625,810,148,250
w120_i080_mode_631423,0.00625,820,209,187
w120_i080_mode_631423,0.00625,830,160,205
w120_i080_mode_631423,0.00625,840,209,137
w120_i080_mode_631423,0.00625,850,156,172
w120_i080_mode_631423,0.00625,860,208,308
w120_i080_mode_631423,0.00625,870,208,216
w120_i080_mode_631423,0.00625,880,136,169
w120_i080_mode_631423,0.00625,890,110,178
w120_i080_mode_631423,0.00625,900,184,253
w120_i080_mode_631423,0.00625,910,171,243
w120_i080_mode_631423,0.00625,920,223,170
w120_i080_mode_631423,0.00625,930,245,142
w120_i080_mode_631423,0.00625,940,143,103
w120_i080_mode_631423,0.00625,950,157,192
w120_i080_mode_631423,0.00625,960,144,244
w120_i080_mode_631423,0.00625,970,260,199
w120_i080_mode_631423,0.00625,980,198,216
w120_i080_mode_631423,0.00625,990,167,184
w120_i080_mode_without_mn9_631404,0.1,0,44,44
w120_i080_mode_without_mn9_631404,0.1,10,69,66
w120_i080_mode_without_mn9_631404,0.1,20,124,148
w120_i080_mode_without_mn9_631404,0.1,30,198,313
w120_i080_mode_without_mn9_631404,0.1,40,232,237
w120_i080_mode_without_mn9_631404,0.1,50,182,240
w120_i080_mode_without_mn9_631404,0.1,60,233,279
w120_i080_mode_without_mn9_631404,0.1,70,108,173
w120_i080_mode_without_mn9_631404,0.1,80,139,191
w120_i080_mode_without_mn9_631404,0.1,90,217,210
w120_i080_mode_without_mn9_631404,0.1,100,253,233
w120_i080_mode_without_mn9_631404,0.1,110,140,152
w120_i080_mode_without_mn9_631404,0.1,120,165,183
w120_i080_mode_without_mn9_631404,0.1,130,184,228
w120_i080_mode_without_mn9_631404,0.1,140,177,217
w120_i080_mode_without_mn9_631404,0.1,150,223,244
w120_i080_mode_without_mn9_631404,0.1,160,164,231
w120_i080_mode_without_mn9_631404,0.1,170,124,173
w120_i080_mode_without_mn9_631404,0.1,180,146,173
w120_i080_mode_without_mn9_631404,0.1,190,134,251
w120_i080_mode_without_mn9_631404,0.1,200,190,213
w120_i080_mode_without_mn9_631404,0.1,210,247,138
w120_i080_mode_without_mn9_631404,0.1,220,224,161
w120_i080_mode_without_mn9_631404,0.1,230,162,201
w120_i080_mode_without_mn9_631404,0.1,240,160,311
w120_i080_mode_without_mn9_631404,0.1,250,232,166
w120_i080_mode_without_mn9_631404,0.1,260,410,122
w120_i080_mode_without_mn9_631404,0.1,270,540,194
w120_i080_mode_without_mn9_631404,0.1,280,334,220
w120_i080_mode_without_mn9_631404,0.1,290,419,302
w120_i080_mode_without_mn9_631404,0.1,300,2051,204
w120_i080_mode_without_mn9_631404,0.1,310,6636,232
w120_i080_mode_without_mn9_631404,0.1,320,7412,275
w120_i080_mode_without_mn9_631404,0.1,330,7781,229
w120_i080_mode_without_mn9_631404,0.1,340,7900,179
w120_i080_mode_without_mn9_631404,0.1,350,7980,247
w120_i080_mode_without_mn9_631404,0.1,360,7733,245
w120_i080_mode_without_mn9_631404,0.1,370,7630,245
w120_i080_mode_without_mn9_631404,0.1,380,7702,181
w120_i080_mode_without_mn9_631404,0.1,390,7957,262
w120_i080_mode_without_mn9_631404,0.1,400,7742,300
w120_i080_mode_without_mn9_631404,0.1,410,7615,227
w120_i080_mode_without_mn9_631404,0.1,420,7818,190
w120_i080_mode_without_mn9_631404,0.1,430,7703,213
w120_i080_mode_without_mn9_631404,0.1,440,7738,245
w120_i080_mode_without_mn9_631404,0.1,450,7740,188
w120_i080_mode_without_mn9_631404,0.1,460,7700,238
w120_i080_mode_without_mn9_631404,0.1,470,7788,210
w120_i080_mode_without_mn9_631404,0.1,480,7779,229
w120_i080_mode_without_mn9_631404,0.1,490,7698,191
w120_i080_mode_without_mn9_631404,0.1,500,7677,172
w120_i080_mode_without_mn9_631404,0.1,510,7775,123
w120_i080_mode_without_mn9_631404,0.1,520,7698,261
w120_i080_mode_without_mn9_631404,0.1,530,7722,209
w120_i080_mode_without_mn9_631404,0.1,540,7783,231
w120_i080_mode_without_mn9_631404,0.1,550,7806,189
w120_i080_mode_without_mn9_631404,0.1,560,7999,207
w120_i080_mode_without_mn9_631404,0.1,570,7883,307
w120_i080_mode_without_mn9_631404,0.1,580,7939,229
w120_i080_mode_without_mn9_631404,0.1,590,7544,187
w120_i080_mode_without_mn9_631404,0.1,600,7815,183
w120_i080_mode_without_mn9_631404,0.1,610,7905,233
w120_i080_mode_without_mn9_631404,0.1,620,7680,160
w120_i080_mode_without_mn9_631404,0.1,630,7908,156
w120_i080_mode_without_mn9_631404,0.1,640,7705,258
w120_i080_mode_without_mn9_631404,0.1,650,7758,267
w120_i080_mode_without_mn9_631404,0.1,660,7748,229
w120_i080_mode_without_mn9_631404,0.1,670,7663,192
w120_i080_mode_without_mn9_631404,0.1,680,7721,215
w120_i080_mode_without_mn9_631404,0.1,690,7972,221
w120_i080_mode_without_mn9_631404,0.1,700,7794,207
w120_i080_mode_without_mn9_631404,0.1,710,7631,203
w120_i080_mode_without_mn9_631404,0.1,720,7690,293
w120_i080_mode_without_mn9_631404,0.1,730,7682,144
w120_i080_mode_without_mn9_631404,0.1,740,7786,102
w120_i080_mode_without_mn9_631404,0.1,750,7898,248
w120_i080_mode_without_mn9_631404,0.1,760,7854,287
w120_i080_mode_without_mn9_631404,0.1,770,7864,200
w120_i080_mode_without_mn9_631404,0.1,780,7724,231
w120_i080_mode_without_mn9_631404,0.1,790,7756,235
w120_i080_mode_without_mn9_631404,0.1,800,7711,207
w120_i080_mode_without_mn9_631404,0.1,810,7844,184
w120_i080_mode_without_mn9_631404,0.1,820,7868,259
w120_i080_mode_without_mn9_631404,0.1,830,7942,239
w120_i080_mode_without_mn9_631404,0.1,840,7880,200
w120_i080_mode_without_mn9_631404,0.1,850,7688,146
w120_i080_mode_without_mn9_631404,0.1,860,7782,168
w120_i080_mode_without_mn9_631404,0.1,870,7867,288
w120_i080_mode_without_mn9_631404,0.1,880,7558,269
w120_i080_mode_without_mn9_631404,0.1,890,7660,212
w120_i080_mode_without_mn9_631404,0.1,900,7819,108
w120_i080_mode_without_mn9_631404,0.1,910,7767,185
w120_i080_mode_without_mn9_631404,0.1,920,7661,179
w120_i080_mode_without_mn9_631404,0.1,930,8002,230
w120_i080_mode_without_mn9_631404,0.1,940,7889,253
w120_i080_mode_without_mn9_631404,0.1,950,7532,224
w120_i080_mode_without_mn9_631404,0.1,960,7798,192
w120_i080_mode_without_mn9_631404,0.1,970,7965,237
w120_i080_mode_without_mn9_631404,0.1,980,7740,161
w120_i080_mode_without_mn9_631404,0.1,990,7645,191
w120_i080_mode_without_mn9_631404,0.05,0,46,46
w120_i080_mode_without_mn9_631404,0.05,10,71,68
w120_i080_mode_without_mn9_631404,0.05,20,130,171
w120_i080_mode_without_mn9_631404,0.05,30,204,298
w120_i080_mode_without_mn9_631404,0.05,40,234,251
w120_i080_mode_without_mn9_631404,0.05,50,171,242
w120_i080_mode_without_mn9_631404,0.05,60,217,246
w120_i080_mode_without_mn9_631404,0.05,70,194,176
w120_i080_mode_without_mn9_631404,0.05,80,155,212
w120_i080_mode_without_mn9_631404,0.05,90,141,268
w120_i080_mode_without_mn9_631404,0.05,100,219,216
w120_i080_mode_without_mn9_631404,0.05,110,202,275
w120_i080_mode_without_mn9_631404,0.05,120,217,181
w120_i080_mode_without_mn9_631404,0.05,130,131,197
w120_i080_mode_without_mn9_631404,0.05,140,141,265
w120_i080_mode_without_mn9_631404,0.05,150,213,192
w120_i080_mode_without_mn9_631404,0.05,160,215,181
w120_i080_mode_without_mn9_631404,0.05,170,141,187
w120_i080_mode_without_mn9_631404,0.05,180,152,173
w120_i080_mode_without_mn9_631404,0.05,190,189,188
w120_i080_mode_without_mn9_631404,0.05,200,194,256
w120_i080_mode_without_mn9_631404,0.05,210,192,297
w120_i080_mode_without_mn9_631404,0.05,220,151,238
w120_i080_mode_without_mn9_631404,0.05,230,166,191
w120_i080_mode_without_mn9_631404,0.05,240,214,224
w120_i080_mode_without_mn9_631404,0.05,250,216,289
w120_i080_mode_without_mn9_631404,0.05,260,238,206
w120_i080_mode_without_mn9_631404,0.05,270,168,162
w120_i080_mode_without_mn9_631404,0.05,280,120,304
w120_i080_mode_without_mn9_631404,0.05,290,186,249
w120_i080_mode_without_mn9_631404,0.05,300,251,230
w120_i080_mode_without_mn9_631404,0.05,310,178,224
w120_i080_mode_without_mn9_631404,0.05,320,159,174
w120_i080_mode_without_mn9_631404,0.05,330,167,184
w120_i080_mode_without_mn9_631404,0.05,340,176,250
w120_i080_mode_without_mn9_631404,0.05,350,191,268
w120_i080_mode_without_mn9_631404,0.05,360,197,195
w120_i080_mode_without_mn9_631404,0.05,370,144,204
w120_i080_mode_without_mn9_631404,0.05,380,205,225
w120_i080_mode_without_mn9_631404,0.05,390,231,314
w120_i080_mode_without_mn9_631404,0.05,400,228,217
w120_i080_mode_without_mn9_631404,0.05,410,186,180
w120_i080_mode_without_mn9_631404,0.05,420,139,246
w120_i080_mode_without_mn9_631404,0.05,430,166,226
w120_i080_mode_without_mn9_631404,0.05,440,247,250
w120_i080_mode_without_mn9_631404,0.05,450,130,153
w120_i080_mode_without_mn9_631404,0.05,460,160,132
w120_i080_mode_without_mn9_631404,0.05,470,241,194
w120_i080_mode_without_mn9_631404,0.05,480,235,223
w120_i080_mode_without_mn9_631404,0.05,490,173,216
w120_i080_mode_without_mn9_631404,0.05,500,115,166
w120_i080_mode_without_mn9_631404,0.05,510,145,213
w120_i080_mode_without_mn9_631404,0.05,520,183,159
w120_i080_mode_without_mn9_631404,0.05,530,149,88
w120_i080_mode_without_mn9_631404,0.05,540,178,125
w120_i080_mode_without_mn9_631404,0.05,550,167,192
w120_i080_mode_without_mn9_631404,0.05,560,206,284
w120_i080_mode_without_mn9_631404,0.05,570,182,282
w120_i080_mode_without_mn9_631404,0.05,580,146,204
w120_i080_mode_without_mn9_631404,0.05,590,195,194
w120_i080_mode_without_mn9_631404,0.05,600,231,264
w120_i080_mode_without_mn9_631404,0.05,610,208,241
w120_i080_mode_without_mn9_631404,0.05,620,157,145
w120_i080_mode_without_mn9_631404,0.05,630,196,160
w120_i080_mode_without_mn9_631404,0.05,640,172,160
w120_i080_mode_without_mn9_631404,0.05,650,147,242
w120_i080_mode_without_mn9_631404,0.05,660,138,179
w120_i080_mode_without_mn9_631404,0.05,670,150,217
w120_i080_mode_without_mn9_631404,0.05,680,150,222
w120_i080_mode_without_mn9_631404,0.05,690,146,181
w120_i080_mode_without_mn9_631404,0.05,700,189,280
w120_i080_mode_without_mn9_631404,0.05,710,204,227
w120_i080_mode_without_mn9_631404,0.05,720,202,226
w120_i080_mode_without_mn9_631404,0.05,730,207,181
w120_i080_mode_without_mn9_631404,0.05,740,231,285
w120_i080_mode_without_mn9_631404,0.05,750,137,241
w120_i080_mode_without_mn9_631404,0.05,760,142,207
w120_i080_mode_without_mn9_631404,0.05,770,165,224
w120_i080_mode_without_mn9_631404,0.05,780,244,227
w120_i080_mode_without_mn9_631404,0.05,790,169,249
w120_i080_mode_without_mn9_631404,0.05,800,166,360
w120_i080_mode_without_mn9_631404,0.05,810,246,252
w120_i080_mode_without_mn9_631404,0.05,820,200,195
w120_i080_mode_without_mn9_631404,0.05,830,176,185
w120_i080_mode_without_mn9_631404,0.05,840,195,223
w120_i080_mode_without_mn9_631404,0.05,850,140,220
w120_i080_mode_without_mn9_631404,0.05,860,130,151
w120_i080_mode_without_mn9_631404,0.05,870,225,228
w120_i080_mode_without_mn9_631404,0.05,880,252,255
w120_i080_mode_without_mn9_631404,0.05,890,134,231
w120_i080_mode_without_mn9_631404,0.05,900,167,178
w120_i080_mode_without_mn9_631404,0.05,910,174,216
w120_i080_mode_without_mn9_631404,0.05,920,156,261
w120_i080_mode_without_mn9_631404,0.05,930,213,166
w120_i080_mode_without_mn9_631404,0.05,940,245,206
w120_i080_mode_without_mn9_631404,0.05,950,147,212
w120_i080_mode_without_mn9_631404,0.05,960,161,289
w120_i080_mode_without_mn9_631404,0.05,970,169,168
w120_i080_mode_without_mn9_631404,0.05,980,181,172
w120_i080_mode_without_mn9_631404,0.05,990,199,292
w120_i080_mode_without_mn9_631404,0.025,0,46,46
w120_i080_mode_without_mn9_631404,0.025,10,73,69
w120_i080_mode_without_mn9_631404,0.025,20,131,171
w120_i080_mode_without_mn9_631404,0.025,30,204,296
w120_i080_mode_without_mn9_631404,0.025,40,230,247
w120_i080_mode_without_mn9_631404,0.025,50,178,247
w120_i080_mode_without_mn9_631404,0.025,60,219,234
w120_i080_mode_without_mn9_631404,0.025,70,153,173
w120_i080_mode_without_mn9_631404,0.025,80,140,205
w120_i080_mode_without_mn9_631404,0.025,90,170,255
w120_i080_mode_without_mn9_631404,0.025,100,228,171
w120_i080_mode_without_mn9_631404,0.025,110,189,129
w120_i080_mode_without_mn9_631404,0.025,120,184,156
w120_i080_mode_without_mn9_631404,0.025,130,199,251
w120_i080_mode_without_mn9_631404,0.025,140,148,255
w120_i080_mode_without_mn9_631404,0.025,150,169,254
w120_i080_mode_without_mn9_631404,0.025,160,153,171
w120_i080_mode_without_mn9_631404,0.025,170,223,167
w120_i080_mode_without_mn9_631404,0.025,180,174,175
w120_i080_mode_without_mn9_631404,0.025,190,139,261
w120_i080_mode_without_mn9_631404,0.025,200,207,224
w120_i080_mode_without_mn9_631404,0.025,210,199,175
w120_i080_mode_without_mn9_631404,0.025,220,134,191
w120_i080_mode_without_mn9_631404,0.025,230,140,190
w120_i080_mode_without_mn9_631404,0.025,240,245,314
w120_i080_mode_without_mn9_631404,0.025,250,204,207
w120_i080_mode_without_mn9_631404,0.025,260,168,207
w120_i080_mode_without_mn9_631404,0.025,270,180,231
w120_i080_mode_without_mn9_631404,0.025,280,191,271
w120_i080_mode_without_mn9_631404,0.025,290,249,233
w120_i080_mode_without_mn9_631404,0.025,300,242,212
w120_i080_mode_without_mn9_631404,0.025,310,179,214
w120_i080_mode_without_mn9_631404,0.025,320,138,242
w120_i080_mode_without_mn9_631404,0.025,330,183,205
w120_i080_mode_without_mn9_631404,0.025,340,211,197
w120_i080_mode_without_mn9_631404,0.025,350,299,274
w120_i080_mode_without_mn9_631404,0.025,360,199,199
w120_i080_mode_without_mn9_631404,0.025,370,146,220
w120_i080_mode_without_mn9_631404,0.025,380,171,222
w120_i080_mode_without_mn9_631404,0.025,390,221,305
w120_i080_mode_without_mn9_631404,0.025,400,183,294
w120_i080_mode_without_mn9_631404,0.025,410,239,232
w120_i080_mode_without_mn9_631404,0.025,420,140,233
w120_i080_mode_without_mn9_631404,0.025,430,175,239
w120_i080_mode_without_mn9_631404,0.025,440,197,211
w120_i080_mode_without_mn9_631404,0.025,450,190,208
w120_i080_mode_without_mn9_631404,0.025,460,143,253
w120_i080_mode_without_mn9_631404,0.025,470,177,297
w120_i080_mode_without_mn9_631404,0.025,480,210,217
w120_i080_mode_without_mn9_631404,0.025,490,160,145
w120_i080_mode_without_mn9_631404,0.025,500,144,141
w120_i080_mode_without_mn9_631404,0.025,510,185,153
w120_i080_mode_without_mn9_631404,0.025,520,170,228
w120_i080_mode_without_mn9_631404,0.025,530,123,212
w120_i080_mode_without_mn9_631404,0.025,540,138,235
w120_i080_mode_without_mn9_631404,0.025,550,139,133
w120_i080_mode_without_mn9_631404,0.025,560,238,238
w120_i080_mode_without_mn9_631404,0.025,570,260,262
w120_i080_mode_without_mn9_631404,0.025,580,161,220
w120_i080_mode_without_mn9_631404,0.025,590,188,157
w120_i080_mode_without_mn9_631404,0.025,600,202,190
w120_i080_mode_without_mn9_631404,0.025,610,181,240
w120_i080_mode_without_mn9_631404,0.025,620,132,239
w120_i080_mode_without_mn9_631404,0.025,630,171,160
w120_i080_mode_without_mn9_631404,0.025,640,173,211
w120_i080_mode_without_mn9_631404,0.025,650,109,241
w120_i080_mode_without_mn9_631404,0.025,660,178,239
w120_i080_mode_without_mn9_631404,0.025,670,210,119
w120_i080_mode_without_mn9_631404,0.025,680,170,139
w120_i080_mode_without_mn9_631404,0.025,690,185,200
w120_i080_mode_without_mn9_631404,0.025,700,196,253
w120_i080_mode_without_mn9_631404,0.025,710,177,255
w120_i080_mode_without_mn9_631404,0.025,720,205,178
w120_i080_mode_without_mn9_631404,0.025,730,217,138
w120_i080_mode_without_mn9_631404,0.025,740,141,277
w120_i080_mode_without_mn9_631404,0.025,750,157,241
w120_i080_mode_without_mn9_631404,0.025,760,185,229
w120_i080_mode_without_mn9_631404,0.025,770,193,167
w120_i080_mode_without_mn9_631404,0.025,780,135,230
w120_i080_mode_without_mn9_631404,0.025,790,141,180
w120_i080_mode_without_mn9_631404,0.025,800,181,167
w120_i080_mode_without_mn9_631404,0.025,810,217,224
w120_i080_mode_without_mn9_631404,0.025,820,193,232
w120_i080_mode_without_mn9_631404,0.025,830,196,271
w120_i080_mode_without_mn9_631404,0.025,840,185,231
w120_i080_mode_without_mn9_631404,0.025,850,142,202
w120_i080_mode_without_mn9_631404,0.025,860,131,211
w120_i080_mode_without_mn9_631404,0.025,870,201,276
w120_i080_mode_without_mn9_631404,0.025,880,286,249
w120_i080_mode_without_mn9_631404,0.025,890,189,197
w120_i080_mode_without_mn9_631404,0.025,900,114,253
w120_i080_mode_without_mn9_631404,0.025,910,180,225
w120_i080_mode_without_mn9_631404,0.025,920,151,219
w120_i080_mode_without_mn9_631404,0.025,930,169,149
w120_i080_mode_without_mn9_631404,0.025,940,173,182
w120_i080_mode_without_mn9_631404,0.025,950,165,220
w120_i080_mode_without_mn9_631404,0.025,960,168,207
w120_i080_mode_without_mn9_631404,0.025,970,130,192
w120_i080_mode_without_mn9_631404,0.025,980,192,192
w120_i080_mode_without_mn9_631404,0.025,990,239,212
w120_i080_mode_without_mn9_631404,0.0125,0,46,46
w120_i080_mode_without_mn9_631404,0.0125,10,73,69
w120_i080_mode_without_mn9_631404,0.0125,20,131,160
w120_i080_mode_without_mn9_631404,0.0125,30,204,306
w120_i080_mode_without_mn9_631404,0.0125,40,230,202
w120_i080_mode_without_mn9_631404,0.0125,50,180,215
w120_i080_mode_without_mn9_631404,0.0125,60,218,271
w120_i080_mode_without_mn9_631404,0.0125,70,136,207
w120_i080_mode_without_mn9_631404,0.0125,80,137,145
w120_i080_mode_without_mn9_631404,0.0125,90,174,142
w120_i080_mode_without_mn9_631404,0.0125,100,241,234
w120_i080_mode_without_mn9_631404,0.0125,110,145,186
w120_i080_mode_without_mn9_631404,0.0125,120,139,237
w120_i080_mode_without_mn9_631404,0.0125,130,204,214
w120_i080_mode_without_mn9_631404,0.0125,140,222,206
w120_i080_mode_without_mn9_631404,0.0125,150,190,135
w120_i080_mode_without_mn9_631404,0.0125,160,160,234
w120_i080_mode_without_mn9_631404,0.0125,170,130,223
w120_i080_mode_without_mn9_631404,0.0125,180,158,162
w120_i080_mode_without_mn9_631404,0.0125,190,178,187
w120_i080_mode_without_mn9_631404,0.0125,200,183,262
w120_i080_mode_without_mn9_631404,0.0125,210,123,238
w120_i080_mode_without_mn9_631404,0.0125,220,153,177
w120_i080_mode_without_mn9_631404,0.0125,230,168,209
w120_i080_mode_without_mn9_631404,0.0125,240,180,309
w120_i080_mode_without_mn9_631404,0.0125,250,195,270
w120_i080_mode_without_mn9_631404,0.0125,260,208,137
w120_i080_mode_without_mn9_631404,0.0125,270,188,180
w120_i080_mode_without_mn9_631404,0.0125,280,178,262
w120_i080_mode_without_mn9_631404,0.0125,290,204,212
w120_i080_mode_without_mn9_631404,0.0125,300,175,250
w120_i080_mode_without_mn9_631404,0.0125,310,174,242
w120_i080_mode_without_mn9_631404,0.0125,320,155,207
w120_i080_mode_without_mn9_631404,0.0125,330,223,237
w120_i080_mode_without_mn9_631404,0.0125,340,190,199
w120_i080_mode_without_mn9_631404,0.0125,350,174,133
w120_i080_mode_without_mn9_631404,0.0125,360,209,192
w120_i080_mode_without_mn9_631404,0.0125,370,178,311
w120_i080_mode_without_mn9_631404,0.0125,380,188,194
w120_i080_mode_without_mn9_631404,0.0125,390,199,221
w120_i080_mode_without_mn9_631404,0.0125,400,225,245
w120_i080_mode_without_mn9_631404,0.0125,410,237,246
w120_i080_mode_without_mn9_631404,0.0125,420,171,183
w120_i080_mode_without_mn9_631404,0.0125,430,160,143
w120_i080_mode_without_mn9_631404,0.0125,440,170,322
w120_i080_mode_without_mn9_631404,0.0125,450,193,216
w120_i080_mode_without_mn9_631404,0.0125,460,189,176
w120_i080_mode_without_mn9_631404,0.0125,470,235,221
w120_i080_mode_without_mn9_631404,0.0125,480,172,239
w120_i080_mode_without_mn9_631404,0.0125,490,132,192
w120_i080_mode_without_mn9_631404,0.0125,500,169,119
w120_i080_mode_without_mn9_631404,0.0125,510,205,172
w120_i080_mode_without_mn9_631404,0.0125,520,112,206
w120_i080_mode_without_mn9_631404,0.0125,530,147,139
w120_i080_mode_without_mn9_631404,0.0125,540,180,160
w120_i080_mode_without_mn9_631404,0.0125,550,184,176
w120_i080_mode_without_mn9_631404,0.0125,560,181,268
w120_i080_mode_without_mn9_631404,0.0125,570,207,250
w120_i080_mode_without_mn9_631404,0.0125,580,211,260
w120_i080_mode_without_mn9_631404,0.0125,590,232,258
w120_i080_mode_without_mn9_631404,0.0125,600,193,186
w120_i080_mode_without_mn9_631404,0.0125,610,152,201
w120_i080_mode_without_mn9_631404,0.0125,620,151,212
w120_i080_mode_without_mn9_631404,0.0125,630,164,233
w120_i080_mode_without_mn9_631404,0.0125,640,181,149
w120_i080_mode_without_mn9_631404,0.0125,650,193,173
w120_i080_mode_without_mn9_631404,0.0125,660,195,98
w120_i080_mode_without_mn9_631404,0.0125,670,97,231
w120_i080_mode_without_mn9_631404,0.0125,680,177,236
w120_i080_mode_without_mn9_631404,0.0125,690,218,151
w120_i080_mode_without_mn9_631404,0.0125,700,186,166
w120_i080_mode_without_mn9_631404,0.0125,710,152,241
w120_i080_mode_without_mn9_631404,0.0125,720,220,290
w120_i080_mode_without_mn9_631404,0.0125,730,156,166
w120_i080_mode_without_mn9_631404,0.0125,740,196,124
w120_i080_mode_without_mn9_631404,0.0125,750,214,186
w120_i080_mode_without_mn9_631404,0.0125,760,118,210
w120_i080_mode_without_mn9_631404,0.0125,770,181,259
w120_i080_mode_without_mn9_631404,0.0125,780,183,209
w120_i080_mode_without_mn9_631404,0.0125,790,157,158
w120_i080_mode_without_mn9_631404,0.0125,800,226,205
w120_i080_mode_without_mn9_631404,0.0125,810,203,276
w120_i080_mode_without_mn9_631404,0.0125,820,196,230
w120_i080_mode_without_mn9_631404,0.0125,830,207,243
w120_i080_mode_without_mn9_631404,0.0125,840,176,281
w120_i080_mode_without_mn9_631404,0.0125,850,171,217
w120_i080_mode_without_mn9_631404,0.0125,860,209,184
w120_i080_mode_without_mn9_631404,0.0125,870,273,188
w120_i080_mode_without_mn9_631404,0.0125,880,208,227
w120_i080_mode_without_mn9_631404,0.0125,890,183,227
w120_i080_mode_without_mn9_631404,0.0125,900,169,204
w120_i080_mode_without_mn9_631404,0.0125,910,205,169
w120_i080_mode_without_mn9_631404,0.0125,920,140,189
w120_i080_mode_without_mn9_631404,0.0125,930,121,218
w120_i080_mode_without_mn9_631404,0.0125,940,188,203
w120_i080_mode_without_mn9_631404,0.0125,950,251,202
w120_i080_mode_without_mn9_631404,0.0125,960,210,174
w120_i080_mode_without_mn9_631404,0.0125,970,148,141
w120_i080_mode_without_mn9_631404,0.0125,980,201,200
w120_i080_mode_without_mn9_631404,0.0125,990,184,260
w120_i080_mode_without_mn9_631404,0.00625,0,46,46
w120_i080_mode_without_mn9_631404,0.00625,10,73,69
w120_i080_mode_without_mn9_631404,0.00625,20,131,161
w120_i080_mode_without_mn9_631404,0.00625,30,205,305
w120_i080_mode_without_mn9_631404,0.00625,40,230,217
w120_i080_mode_without_mn9_631404,0.00625,50,179,214
w120_i080_mode_without_mn9_631404,0.00625,60,220,253
w120_i080_mode_without_mn9_631404,0.00625,70,138,194
w120_i080_mode_without_mn9_631404,0.00625,80,135,199
w120_i080_mode_without_mn9_631404,0.00625,90,179,245
w120_i080_mode_without_mn9_631404,0.00625,100,239,235
w120_i080_mode_without_mn9_631404,0.00625,110,145,210
w120_i080_mode_without_mn9_631404,0.00625,120,133,162
w120_i080_mode_without_mn9_631404,0.00625,130,181,226
w120_i080_mode_without_mn9_631404,0.00625,140,211,146
w120_i080_mode_without_mn9_631404,0.00625,150,202,220
w120_i080_mode_without_mn9_631404,0.00625,160,171,263
w120_i080_mode_without_mn9_631404,0.00625,170,95,240
w120_i080_mode_without_mn9_631404,0.00625,180,201,210
w120_i080_mode_without_mn9_631404,0.00625,190,220,140
w120_i080_mode_without_mn9_631404,0.00625,200,192,237
w120_i080_mode_without_mn9_631404,0.00625,210,168,228
w120_i080_mode_without_mn9_631404,0.00625,220,114,214
w120_i080_mode_without_mn9_631404,0.00625,230,178,153
w120_i080_mode_without_mn9_631404,0.00625,240,299,253
w120_i080_mode_without_mn9_631404,0.00625,250,178,272
w120_i080_mode_without_mn9_631404,0.00625,260,142,171
w120_i080_mode_without_mn9_631404,0.00625,270,197,183
w120_i080_mode_without_mn9_631404,0.00625,280,206,229
w120_i080_mode_without_mn9_631404,0.00625,290,255,276
w120_i080_mode_without_mn9_631404,0.00625,300,178,250
w120_i080_mode_without_mn9_631404,0.00625,310,131,142
w120_i080_mode_without_mn9_631404,0.00625,320,159,195
w120_i080_mode_without_mn9_631404,0.00625,330,191,278
w120_i080_mode_without_mn9_631404,0.00625,340,209,261
w120_i080_mode_without_mn9_631404,0.00625,350,233,249
w120_i080_mode_without_mn9_631404,0.00625,360,180,203
w120_i080_mode_without_mn9_631404,0.00625,370,244,208
w120_i080_mode_without_mn9_631404,0.00625,380,196,221
w120_i080_mode_without_mn9_631404,0.00625,390,144,186
w120_i080_mode_without_mn9_631404,0.00625,400,197,212
w120_i080_mode_without_mn9_631404,0.00625,410,180,275
w120_i080_mode_without_mn9_631404,0.00625,420,201,162
w120_i080_mode_without_mn9_631404,0.00625,430,184,179
w120_i080_mode_without_mn9_631404,0.00625,440,175,277
w120_i080_mode_without_mn9_631404,0.00625,450,140,272
w120_i080_mode_without_mn9_631404,0.00625,460,158,191
w120_i080_mode_without_mn9_631404,0.00625,470,252,87
w120_i080_mode_without_mn9_631404,0.00625,480,128,105
w120_i080_mode_without_mn9_631404,0.00625,490,162,156
w120_i080_mode_without_mn9_631404,0.00625,500,168,243
w120_i080_mode_without_mn9_631404,0.00625,510,219,175
w120_i080_mode_without_mn9_631404,0.00625,520,105,180
w120_i080_mode_without_mn9_631404,0.00625,530,135,163
w120_i080_mode_without_mn9_631404,0.00625,540,169,122
w120_i080_mode_without_mn9_631404,0.00625,550,151,143
w120_i080_mode_without_mn9_631404,0.00625,560,191,226
w120_i080_mode_without_mn9_631404,0.00625,570,182,234
w120_i080_mode_without_mn9_631404,0.00625,580,125,238
w120_i080_mode_without_mn9_631404,0.00625,590,189,205
w120_i080_mode_without_mn9_631404,0.00625,600,139,185
w120_i080_mode_without_mn9_631404,0.00625,610,144,247
w120_i080_mode_without_mn9_631404,0.00625,620,136,226
w120_i080_mode_without_mn9_631404,0.00625,630,190,193
w120_i080_mode_without_mn9_631404,0.00625,640,153,215
w120_i080_mode_without_mn9_631404,0.00625,650,132,225
w120_i080_mode_without_mn9_631404,0.00625,660,148,236
w120_i080_mode_without_mn9_631404,0.00625,670,204,211
w120_i080_mode_without_mn9_631404,0.00625,680,135,196
w120_i080_mode_without_mn9_631404,0.00625,690,168,153
w120_i080_mode_without_mn9_631404,0.00625,700,241,230
w120_i080_mode_without_mn9_631404,0.00625,710,206,213
w120_i080_mode_without_mn9_631404,0.00625,720,179,242
w120_i080_mode_without_mn9_631404,0.00625,730,199,244
w120_i080_mode_without_mn9_631404,0.00625,740,189,238
w120_i080_mode_without_mn9_631404,0.00625,750,159,300
w120_i080_mode_without_mn9_631404,0.00625,760,196,201
w120_i080_mode_without_mn9_631404,0.00625,770,173,132
w120_i080_mode_without_mn9_631404,0.00625,780,161,186
w120_i080_mode_without_mn9_631404,0.00625,790,193,215
w120_i080_mode_without_mn9_631404,0.00625,800,171,196
w120_i080_mode_without_mn9_631404,0.00625,810,260,140
w120_i080_mode_without_mn9_631404,0.00625,820,170,248
w120_i080_mode_without_mn9_631404,0.00625,830,174,249
w120_i080_mode_without_mn9_631404,0.00625,840,189,182
w120_i080_mode_without_mn9_631404,0.00625,850,179,209
w120_i080_mode_without_mn9_631404,0.00625,860,138,139
w120_i080_mode_without_mn9_631404,0.00625,870,194,137
w120_i080_mode_without_mn9_631404,0.00625,880,228,251
w120_i080_mode_without_mn9_631404,0.00625,890,135,268
w120_i080_mode_without_mn9_631404,0.00625,900,198,190
w120_i080_mode_without_mn9_631404,0.00625,910,186,196
w120_i080_mode_without_mn9_631404,0.00625,920,121,138
w120_i080_mode_without_mn9_631404,0.00625,930,136,156
w120_i080_mode_without_mn9_631404,0.00625,940,209,244
w120_i080_mode_without_mn9_631404,0.00625,950,182,199
w120_i080_mode_without_mn9_631404,0.00625,960,190,218
w120_i080_mode_without_mn9_631404,0.00625,970,146,211
w120_i080_mode_without_mn9_631404,0.00625,980,169,276
w120_i080_mode_without_mn9_631404,0.00625,990,164,200
w120_i080_mode_without_mn9_631405,0.1,0,57,57
w120_i080_mode_without_mn9_631405,0.1,10,106,106
w120_i080_mode_without_mn9_631405,0.1,20,231,277
w120_i080_mode_without_mn9_631405,0.1,30,277,317
w120_i080_mode_without_mn9_631405,0.1,40,212,256
w120_i080_mode_without_mn9_631405,0.1,50,171,216
w120_i080_mode_without_mn9_631405,0.1,60,216,293
w120_i080_mode_without_mn9_631405,0.1,70,196,213
w120_i080_mode_without_mn9_631405,0.1,80,176,236
w120_i080_mode_without_mn9_631405,0.1,90,188,123
w120_i080_mode_without_mn9_631405,0.1,100,188,155
w120_i080_mode_without_mn9_631405,0.1,110,241,321
w120_i080_mode_without_mn9_631405,0.1,120,254,242
w120_i080_mode_without_mn9_631405,0.1,130,164,163
w120_i080_mode_without_mn9_631405,0.1,140,138,225
w120_i080_mode_without_mn9_631405,0.1,150,203,168
w120_i080_mode_without_mn9_631405,0.1,160,200,221
w120_i080_mode_without_mn9_631405,0.1,170,140,241
w120_i080_mode_without_mn9_631405,0.1,180,184,177
w120_i080_mode_without_mn9_631405,0.1,190,147,206
w120_i080_mode_without_mn9_631405,0.1,200,248,241
w120_i080_mode_without_mn9_631405,0.1,210,219,272
w120_i080_mode_without_mn9_631405,0.1,220,177,173
w120_i080_mode_without_mn9_631405,0.1,230,163,118
w120_i080_mode_without_mn9_631405,0.1,240,122,143
w120_i080_mode_without_mn9_631405,0.1,250,134,170
w120_i080_mode_without_mn9_631405,0.1,260,228,196
w120_i080_mode_without_mn9_631405,0.1,270,194,236
w120_i080_mode_without_mn9_631405,0.1,280,146,267
w120_i080_mode_without_mn9_631405,0.1,290,167,174
w120_i080_mode_without_mn9_631405,0.1,300,235,229
w120_i080_mode_without_mn9_631405,0.1,310,185,243
w120_i080_mode_without_mn9_631405,0.1,320,151,222
w120_i080_mode_without_mn9_631405,0.1,330,148,169
w120_i080_mode_without_mn9_631405,0.1,340,134,219
w120_i080_mode_without_mn9_631405,0.1,350,229,252
w120_i080_mode_without_mn9_631405,0.1,360,258,182
w120_i080_mode_without_mn9_631405,0.1,370,205,197
w120_i080_mode_without_mn9_631405,0.1,380,190,289
w120_i080_mode_without_mn9_631405,0.1,390,195,252
w120_i080_mode_without_mn9_631405,0.1,400,192,257
w120_i080_mode_without_mn9_631405,0.1,410,164,199
w120_i080_mode_without_mn9_631405,0.1,420,154,158
w120_i080_mode_without_mn9_631405,0.1,430,145,211
w120_i080_mode_without_mn9_631405,0.1,440,173,256
w120_i080_mode_without_mn9_631405,0.1,450,182,150
w120_i080_mode_without_mn9_631405,0.1,460,195,219
w120_i080_mode_without_mn9_631405,0.1,470,146,218
w120_i080_mode_without_mn9_631405,0.1,480,128,191
w120_i080_mode_without_mn9_631405,0.1,490,140,155
w120_i080_mode_without_mn9_631405,0.1,500,247,186
w120_i080_mode_without_mn9_631405,0.1,510,206,263
w120_i080_mode_without_mn9_631405,0.1,520,160,231
w120_i080_mode_without_mn9_631405,0.1,530,189,195
w120_i080_mode_without_mn9_631405,0.1,540,205,242
w120_i080_mode_without_mn9_631405,0.1,550,249,295
w120_i080_mode_without_mn9_631405,0.1,560,168,248
w120_i080_mode_without_mn9_631405,0.1,570,114,162
w120_i080_mode_without_mn9_631405,0.1,580,156,207
w120_i080_mode_without_mn9_631405,0.1,590,222,292
w120_i080_mode_without_mn9_631405,0.1,600,172,189
w120_i080_mode_without_mn9_631405,0.1,610,168,159
w120_i080_mode_without_mn9_631405,0.1,620,274,243
w120_i080_mode_without_mn9_631405,0.1,630,245,240
w120_i080_mode_without_mn9_631405,0.1,640,164,188
w120_i080_mode_without_mn9_631405,0.1,650,131,170
w120_i080_mode_without_mn9_631405,0.1,660,169,213
w120_i080_mode_without_mn9_631405,0.1,670,179,260
w120_i080_mode_without_mn9_631405,0.1,680,127,228
w120_i080_mode_without_mn9_631405,0.1,690,220,227
w120_i080_mode_without_mn9_631405,0.1,700,166,203
w120_i080_mode_without_mn9_631405,0.1,710,117,212
w120_i080_mode_without_mn9_631405,0.1,720,186,211
w120_i080_mode_without_mn9_631405,0.1,730,223,259
w120_i080_mode_without_mn9_631405,0.1,740,169,202
w120_i080_mode_without_mn9_631405,0.1,750,151,96
w120_i080_mode_without_mn9_631405,0.1,760,217,138
w120_i080_mode_without_mn9_631405,0.1,770,214,154
w120_i080_mode_without_mn9_631405,0.1,780,185,219
w120_i080_mode_without_mn9_631405,0.1,790,184,188
w120_i080_mode_without_mn9_631405,0.1,800,192,303
w120_i080_mode_without_mn9_631405,0.1,810,119,208
w120_i080_mode_without_mn9_631405,0.1,820,123,106
w120_i080_mode_without_mn9_631405,0.1,830,193,180
w120_i080_mode_without_mn9_631405,0.1,840,148,254
w120_i080_mode_without_mn9_631405,0.1,850,140,176
w120_i080_mode_without_mn9_631405,0.1,860,226,237
w120_i080_mode_without_mn9_631405,0.1,870,160,253
w120_i080_mode_without_mn9_631405,0.1,880,124,215
w120_i080_mode_without_mn9_631405,0.1,890,180,262
w120_i080_mode_without_mn9_631405,0.1,900,218,206
w120_i080_mode_without_mn9_631405,0.1,910,229,176
w120_i080_mode_without_mn9_631405,0.1,920,191,252
w120_i080_mode_without_mn9_631405,0.1,930,114,219
w120_i080_mode_without_mn9_631405,0.1,940,185,205
w120_i080_mode_without_mn9_631405,0.1,950,187,238
w120_i080_mode_without_mn9_631405,0.1,960,195,152
w120_i080_mode_without_mn9_631405,0.1,970,122,144
w120_i080_mode_without_mn9_631405,0.1,980,179,201
w120_i080_mode_without_mn9_631405,0.1,990,232,264
w120_i080_mode_without_mn9_631405,0.05,0,60,60
w120_i080_mode_without_mn9_631405,0.05,10,120,119
w120_i080_mode_without_mn9_631405,0.05,20,240,289
w120_i080_mode_without_mn9_631405,0.05,30,263,304
w120_i080_mode_without_mn9_631405,0.05,40,204,222
w120_i080_mode_without_mn9_631405,0.05,50,167,243
w120_i080_mode_without_mn9_631405,0.05,60,255,274
w120_i080_mode_without_mn9_631405,0.05,70,176,200
w120_i080_mode_without_mn9_631405,0.05,80,185,198
w120_i080_mode_without_mn9_631405,0.05,90,177,190
w120_i080_mode_without_mn9_631405,0.05,100,217,245
w120_i080_mode_without_mn9_631405,0.05,110,253,239
w120_i080_mode_without_mn9_631405,0.05,120,181,238
w120_i080_mode_without_mn9_631405,0.05,130,154,182
w120_i080_mode_without_mn9_631405,0.05,140,164,188
w120_i080_mode_without_mn9_631405,0.05,150,213,277
w120_i080_mode_without_mn9_631405,0.05,160,184,211
w120_i080_mode_without_mn9_631405,0.05,170,116,170
w120_i080_mode_without_mn9_631405,0.05,180,195,223
w120_i080_mode_without_mn9_631405,0.05,190,193,250
w120_i080_mode_without_mn9_631405,0.05,200,217,201
w120_i080_mode_without_mn9_631405,0.05,210,212,224
w120_i080_mode_without_mn9_631405,0.05,220,151,193
w120_i080_mode_without_mn9_631405,0.05,230,201,222
w120_i080_mode_without_mn9_631405,0.05,240,182,186
w120_i080_mode_without_mn9_631405,0.05,250,152,200
w120_i080_mode_without_mn9_631405,0.05,260,207,261
w120_i080_mode_without_mn9_631405,0.05,270,228,177
w120_i080_mode_without_mn9_631405,0.05,280,216,226
w120_i080_mode_without_mn9_631405,0.05,290,157,294
w120_i080_mode_without_mn9_631405,0.05,300,150,233
w120_i080_mode_without_mn9_631405,0.05,310,189,261
w120_i080_mode_without_mn9_631405,0.05,320,118,169
w120_i080_mode_without_mn9_631405,0.05,330,124,242
w120_i080_mode_without_mn9_631405,0.05,340,162,197
w120_i080_mode_without_mn9_631405,0.05,350,259,199
w120_i080_mode_without_mn9_631405,0.05,360,195,213
w120_i080_mode_without_mn9_631405,0.05,370,120,269
w120_i080_mode_without_mn9_631405,0.05,380,233,301
w120_i080_mode_without_mn9_631405,0.05,390,220,263
w120_i080_mode_without_mn9_631405,0.05,400,195,199
w120_i080_mode_without_mn9_631405,0.05,410,145,193
w120_i080_mode_without_mn9_631405,0.05,420,145,247
w120_i080_mode_without_mn9_631405,0.05,430,168,244
w120_i080_mode_without_mn9_631405,0.05,440,241,173
w120_i080_mode_without_mn9_631405,0.05,450,176,207
w120_i080_mode_without_mn9_631405,0.05,460,166,262
w120_i080_mode_without_mn9_631405,0.05,470,199,247
w120_i080_mode_without_mn9_631405,0.05,480,140,147
w120_i080_mode_without_mn9_631405,0.05,490,110,116
w120_i080_mode_without_mn9_631405,0.05,500,206,214
w120_i080_mode_without_mn9_631405,0.05,510,179,222
w120_i080_mode_without_mn9_631405,0.05,520,206,289
w120_i080_mode_without_mn9_631405,0.05,530,219,271
w120_i080_mode_without_mn9_631405,0.05,540,224,215
w120_i080_mode_without_mn9_631405,0.05,550,242,246
w120_i080_mode_without_mn9_631405,0.05,560,119,231
w120_i080_mode_without_mn9_631405,0.05,570,116,190
w120_i080_mode_without_mn9_631405,0.05,580,185,204
w120_i080_mode_without_mn9_631405,0.05,590,236,226
w120_i080_mode_without_mn9_631405,0.05,600,175,244
w120_i080_mode_without_mn9_631405,0.05,610,163,225
w120_i080_mode_without_mn9_631405,0.05,620,241,194
w120_i080_mode_without_mn9_631405,0.05,630,194,246
w120_i080_mode_without_mn9_631405,0.05,640,153,188
w120_i080_mode_without_mn9_631405,0.05,650,150,206
w120_i080_mode_without_mn9_631405,0.05,660,169,208
w120_i080_mode_without_mn9_631405,0.05,670,235,236
w120_i080_mode_without_mn9_631405,0.05,680,170,189
w120_i080_mode_without_mn9_631405,0.05,690,135,189
w120_i080_mode_without_mn9_631405,0.05,700,144,163
w120_i080_mode_without_mn9_631405,0.05,710,141,255
w120_i080_mode_without_mn9_631405,0.05,720,198,245
w120_i080_mode_without_mn9_631405,0.05,730,220,200
w120_i080_mode_without_mn9_631405,0.05,740,167,176
w120_i080_mode_without_mn9_631405,0.05,750,153,120
w120_i080_mode_without_mn9_631405,0.05,760,204,209
w120_i080_mode_without_mn9_631405,0.05,770,195,283
w120_i080_mode_without_mn9_631405,0.05,780,209,237
w120_i080_mode_without_mn9_631405,0.05,790,258,235
w120_i080_mode_without_mn9_631405,0.05,800,160,229
w120_i080_mode_without_mn9_631405,0.05,810,131,158
w120_i080_mode_without_mn9_631405,0.05,820,161,171
w120_i080_mode_without_mn9_631405,0.05,830,194,223
w120_i080_mode_without_mn9_631405,0.05,840,135,167
w120_i080_mode_without_mn9_631405,0.05,850,179,218
w120_i080_mode_without_mn9_631405,0.05,860,201,267
w120_i080_mode_without_mn9_631405,0.05,870,151,168
w120_i080_mode_without_mn9_631405,0.05,880,174,121
w120_i080_mode_without_mn9_631405,0.05,890,268,255
w120_i080_mode_without_mn9_631405,0.05,900,250,326
w120_i080_mode_without_mn9_631405,0.05,910,190,281
w120_i080_mode_without_mn9_631405,0.05,920,171,182
w120_i080_mode_without_mn9_631405,0.05,930,133,176
w120_i080_mode_without_mn9_631405,0.05,940,164,222
w120_i080_mode_without_mn9_631405,0.05,950,200,217
w120_i080_mode_without_mn9_631405,0.05,960,209,268
w120_i080_mode_without_mn9_631405,0.05,970,118,169
w120_i080_mode_without_mn9_631405,0.05,980,103,191
w120_i080_mode_without_mn9_631405,0.05,990,156,253
w120_i080_mode_without_mn9_631405,0.025,0,60,60
w120_i080_mode_without_mn9_631405,0.025,10,123,120
w120_i080_mode_without_mn9_631405,0.025,20,238,285
w120_i080_mode_without_mn9_631405,0.025,30,282,297
w120_i080_mode_without_mn9_631405,0.025,40,225,213
w120_i080_mode_without_mn9_631405,0.025,50,153,249
w120_i080_mode_without_mn9_631405,0.025,60,244,256
w120_i080_mode_without_mn9_631405,0.025,70,173,238
w120_i080_mode_without_mn9_631405,0.025,80,189,206
w120_i080_mode_without_mn9_631405,0.025,90,173,246
w120_i080_mode_without_mn9_631405,0.025,100,214,225
w120_i080_mode_without_mn9_631405,0.025,110,153,161
w120_i080_mode_without_mn9_631405,0.025,120,184,235
w120_i080_mode_without_mn9_631405,0.025,130,191,211
w120_i080_mode_without_mn9_631405,0.025,140,190,179
w120_i080_mode_without_mn9_631405,0.025,150,155,223
w120_i080_mode_without_mn9_631405,0.025,160,200,222
w120_i080_mode_without_mn9_631405,0.025,170,216,181
w120_i080_mode_without_mn9_631405,0.025,180,239,224
w120_i080_mode_without_mn9_631405,0.025,190,192,235
w120_i080_mode_without_mn9_631405,0.025,200,175,219
w120_i080_mode_without_mn9_631405,0.025,210,147,246
w120_i080_mode_without_mn9_631405,0.025,220,237,184
w120_i080_mode_without_mn9_631405,0.025,230,198,142
w120_i080_mode_without_mn9_631405,0.025,240,134,198
w120_i080_mode_without_mn9_631405,0.025,250,194,235
w120_i080_mode_without_mn9_631405,0.025,260,216,182
w120_i080_mode_without_mn9_631405,0.025,270,148,211
w120_i080_mode_without_mn9_631405,0.025,280,158,271
w120_i080_mode_without_mn9_631405,0.025,290,223,198
w120_i080_mode_without_mn9_631405,0.025,300,191,200
w120_i080_mode_without_mn9_631405,0.025,310,195,188
w120_i080_mode_without_mn9_631405,0.025,320,145,225
w120_i080_mode_without_mn9_631405,0.025,330,166,165
w120_i080_mode_without_mn9_631405,0.025,340,137,181
w120_i080_mode_without_mn9_631405,0.025,350,176,244
w120_i080_mode_without_mn9_631405,0.025,360,162,283
w120_i080_mode_without_mn9_631405,0.025,370,148,157
w120_i080_mode_without_mn9_631405,0.025,380,261,216
w120_i080_mode_without_mn9_631405,0.025,390,240,295
w120_i080_mode_without_mn9_631405,0.025,400,212,233
w120_i080_mode_without_mn9_631405,0.025,410,129,194
w120_i080_mode_without_mn9_631405,0.025,420,140,187
w120_i080_mode_without_mn9_631405,0.025,430,177,238
w120_i080_mode_without_mn9_631405,0.025,440,187,254
w120_i080_mode_without_mn9_631405,0.025,450,172,257
w120_i080_mode_without_mn9_631405,0.025,460,162,198
w120_i080_mode_without_mn9_631405,0.025,470,133,186
w120_i080_mode_without_mn9_631405,0.025,480,152,169
w120_i080_mode_without_mn9_631405,0.025,490,172,161
w120_i080_mode_without_mn9_631405,0.025,500,142,261
w120_i080_mode_without_mn9_631405,0.025,510,206,166
w120_i080_mode_without_mn9_631405,0.025,520,211,208
w120_i080_mode_without_mn9_631405,0.025,530,310,275
w120_i080_mode_without_mn9_631405,0.025,540,271,289
w120_i080_mode_without_mn9_631405,0.025,550,158,188
w120_i080_mode_without_mn9_631405,0.025,560,94,149
w120_i080_mode_without_mn9_631405,0.025,570,132,152
w120_i080_mode_without_mn9_631405,0.025,580,192,211
w120_i080_mode_without_mn9_631405,0.025,590,208,203
w120_i080_mode_without_mn9_631405,0.025,600,170,255
w120_i080_mode_without_mn9_631405,0.025,610,200,209
w120_i080_mode_without_mn9_631405,0.025,620,290,209
w120_i080_mode_without_mn9_631405,0.025,630,136,290
w120_i080_mode_without_mn9_631405,0.025,640,171,214
w120_i080_mode_without_mn9_631405,0.025,650,173,206
w120_i080_mode_without_mn9_631405,0.025,660,174,165
w120_i080_mode_without_mn9_631405,0.025,670,167,236
w120_i080_mode_without_mn9_631405,0.025,680,170,252
w120_i080_mode_without_mn9_631405,0.025,690,127,186
w120_i080_mode_without_mn9_631405,0.025,700,166,165
w120_i080_mode_without_mn9_631405,0.025,710,221,189
w120_i080_mode_without_mn9_631405,0.025,720,161,246
w120_i080_mode_without_mn9_631405,0.025,730,129,139
w120_i080_mode_without_mn9_631405,0.025,740,168,211
w120_i080_mode_without_mn9_631405,0.025,750,147,235
w120_i080_mode_without_mn9_631405,0.025,760,192,175
w120_i080_mode_without_mn9_631405,0.025,770,193,235
w120_i080_mode_without_mn9_631405,0.025,780,175,177
w120_i080_mode_without_mn9_631405,0.025,790,231,199
w120_i080_mode_without_mn9_631405,0.025,800,187,297
w120_i080_mode_without_mn9_631405,0.025,810,209,229
w120_i080_mode_without_mn9_631405,0.025,820,121,160
w120_i080_mode_without_mn9_631405,0.025,830,143,237
w120_i080_mode_without_mn9_631405,0.025,840,215,244
w120_i080_mode_without_mn9_631405,0.025,850,215,252
w120_i080_mode_without_mn9_631405,0.025,860,177,227
w120_i080_mode_without_mn9_631405,0.025,870,162,205
w120_i080_mode_without_mn9_631405,0.025,880,195,118
w120_i080_mode_without_mn9_631405,0.025,890,139,236
w120_i080_mode_without_mn9_631405,0.025,900,206,295
w120_i080_mode_without_mn9_631405,0.025,910,250,219
w120_i080_mode_without_mn9_631405,0.025,920,177,196
w120_i080_mode_without_mn9_631405,0.025,930,131,189
w120_i080_mode_without_mn9_631405,0.025,940,175,196
w120_i080_mode_without_mn9_631405,0.025,950,155,204
w120_i080_mode_without_mn9_631405,0.025,960,182,163
w120_i080_mode_without_mn9_631405,0.025,970,174,198
w120_i080_mode_without_mn9_631405,0.025,980,172,242
w120_i080_mode_without_mn9_631405,0.025,990,199,209
w120_i080_mode_without_mn9_631405,0.0125,0,60,60
w120_i080_mode_without_mn9_631405,0.0125,10,123,121
w120_i080_mode_without_mn9_631405,0.0125,20,235,283
w120_i080_mode_without_mn9_631405,0.0125,30,263,294
w120_i080_mode_without_mn9_631405,0.0125,40,199,191
w120_i080_mode_without_mn9_631405,0.0125,50,161,238
w120_i080_mode_without_mn9_631405,0.0125,60,213,312
w120_i080_mode_without_mn9_631405,0.0125,70,229,216
w120_i080_mode_without_mn9_631405,0.0125,80,272,186
w120_i080_mode_without_mn9_631405,0.0125,90,168,305
w120_i080_mode_without_mn9_631405,0.0125,100,193,272
w120_i080_mode_without_mn9_631405,0.0125,110,209,255
w120_i080_mode_without_mn9_631405,0.0125,120,254,138
w120_i080_mode_without_mn9_631405,0.0125,130,422,166
w120_i080_mode_without_mn9_631405,0.0125,140,402,306
w120_i080_mode_without_mn9_631405,0.0125,150,450,242
w120_i080_mode_without_mn9_631405,0.0125,160,478,194
w120_i080_mode_without_mn9_631405,0.0125,170,315,220
w120_i080_mode_without_mn9_631405,0.0125,180,375,277
w120_i080_mode_without_mn9_631405,0.0125,190,2525,263
w120_i080_mode_without_mn9_631405,0.0125,200,7000,199
w120_i080_mode_without_mn9_631405,0.0125,210,7585,144
w120_i080_mode_without_mn9_631405,0.0125,220,7707,154
w120_i080_mode_without_mn9_631405,0.0125,230,7778,285
w120_i080_mode_without_mn9_631405,0.0125,240,8034,226
w120_i080_mode_without_mn9_631405,0.0125,250,7623,164
w120_i080_mode_without_mn9_631405,0.0125,260,7865,194
w120_i080_mode_without_mn9_631405,0.0125,270,7774,257
w120_i080_mode_without_mn9_631405,0.0125,280,7655,239
w120_i080_mode_without_mn9_631405,0.0125,290,7847,192
w120_i080_mode_without_mn9_631405,0.0125,300,7639,137
w120_i080_mode_without_mn9_631405,0.0125,310,7811,156
w120_i080_mode_without_mn9_631405,0.0125,320,7637,238
w120_i080_mode_without_mn9_631405,0.0125,330,7669,214
w120_i080_mode_without_mn9_631405,0.0125,340,7738,211
w120_i080_mode_without_mn9_631405,0.0125,350,7868,245
w120_i080_mode_without_mn9_631405,0.0125,360,7887,238
w120_i080_mode_without_mn9_631405,0.0125,370,7860,238
w120_i080_mode_without_mn9_631405,0.0125,380,7659,205
w120_i080_mode_without_mn9_631405,0.0125,390,7885,242
w120_i080_mode_without_mn9_631405,0.0125,400,7644,263
w120_i080_mode_without_mn9_631405,0.0125,410,7954,151
w120_i080_mode_without_mn9_631405,0.0125,420,7561,204
w120_i080_mode_without_mn9_631405,0.0125,430,7798,212
w120_i080_mode_without_mn9_631405,0.0125,440,7821,266
w120_i080_mode_without_mn9_631405,0.0125,450,7843,190
w120_i080_mode_without_mn9_631405,0.0125,460,7646,177
w120_i080_mode_without_mn9_631405,0.0125,470,7941,192
w120_i080_mode_without_mn9_631405,0.0125,480,7829,147
w120_i080_mode_without_mn9_631405,0.0125,490,7663,191
w120_i080_mode_without_mn9_631405,0.0125,500,7908,274
w120_i080_mode_without_mn9_631405,0.0125,510,7849,209
w120_i080_mode_without_mn9_631405,0.0125,520,7742,203
w120_i080_mode_without_mn9_631405,0.0125,530,7691,217
w120_i080_mode_without_mn9_631405,0.0125,540,7928,283
w120_i080_mode_without_mn9_631405,0.0125,550,7766,195
w120_i080_mode_without_mn9_631405,0.0125,560,7713,118
w120_i080_mode_without_mn9_631405,0.0125,570,7725,196
w120_i080_mode_without_mn9_631405,0.0125,580,7833,189
w120_i080_mode_without_mn9_631405,0.0125,590,8068,141
w120_i080_mode_without_mn9_631405,0.0125,600,7584,240
w120_i080_mode_without_mn9_631405,0.0125,610,7829,194
w120_i080_mode_without_mn9_631405,0.0125,620,8031,185
w120_i080_mode_without_mn9_631405,0.0125,630,7676,235
w120_i080_mode_without_mn9_631405,0.0125,640,7743,202
w120_i080_mode_without_mn9_631405,0.0125,650,7716,232
w120_i080_mode_without_mn9_631405,0.0125,660,7659,200
w120_i080_mode_without_mn9_631405,0.0125,670,7958,174
w120_i080_mode_without_mn9_631405,0.0125,680,7890,262
w120_i080_mode_without_mn9_631405,0.0125,690,7674,240
w120_i080_mode_without_mn9_631405,0.0125,700,7731,188
w120_i080_mode_without_mn9_631405,0.0125,710,7760,175
w120_i080_mode_without_mn9_631405,0.0125,720,8086,185
w120_i080_mode_without_mn9_631405,0.0125,730,7938,250
w120_i080_mode_without_mn9_631405,0.0125,740,7808,202
w120_i080_mode_without_mn9_631405,0.0125,750,7381,208
w120_i080_mode_without_mn9_631405,0.0125,760,8094,166
w120_i080_mode_without_mn9_631405,0.0125,770,7840,173
w120_i080_mode_without_mn9_631405,0.0125,780,7890,288
w120_i080_mode_without_mn9_631405,0.0125,790,7882,249
w120_i080_mode_without_mn9_631405,0.0125,800,7693,188
w120_i080_mode_without_mn9_631405,0.0125,810,7747,120
w120_i080_mode_without_mn9_631405,0.0125,820,7782,189
w120_i080_mode_without_mn9_631405,0.0125,830,7825,257
w120_i080_mode_without_mn9_631405,0.0125,840,7627,225
w120_i080_mode_without_mn9_631405,0.0125,850,7824,231
w120_i080_mode_without_mn9_631405,0.0125,860,7753,211
w120_i080_mode_without_mn9_631405,0.0125,870,7783,154
w120_i080_mode_without_mn9_631405,0.0125,880,7746,245
w120_i080_mode_without_mn9_631405,0.0125,890,7661,137
w120_i080_mode_without_mn9_631405,0.0125,900,7759,224
w120_i080_mode_without_mn9_631405,0.0125,910,7723,283
w120_i080_mode_without_mn9_631405,0.0125,920,8004,206
w120_i080_mode_without_mn9_631405,0.0125,930,7899,213
w120_i080_mode_without_mn9_631405,0.0125,940,7713,168
w120_i080_mode_without_mn9_631405,0.0125,950,7913,263
w120_i080_mode_without_mn9_631405,0.0125,960,7649,205
w120_i080_mode_without_mn9_631405,0.0125,970,7842,192
w120_i080_mode_without_mn9_631405,0.0125,980,7620,274
w120_i080_mode_without_mn9_631405,0.0125,990,7834,225
w120_i080_mode_without_mn9_631405,0.00625,0,60,60
w120_i080_mode_without_mn9_631405,0.00625,10,123,122
w120_i080_mode_without_mn9_631405,0.00625,20,231,282
w120_i080_mode_without_mn9_631405,0.00625,30,266,292
w120_i080_mode_without_mn9_631405,0.00625,40,200,192
w120_i080_mode_without_mn9_631405,0.00625,50,173,238
w120_i080_mode_without_mn9_631405,0.00625,60,234,293
w120_i080_mode_without_mn9_631405,0.00625,70,190,207
w120_i080_mode_without_mn9_631405,0.00625,80,168,219
w120_i080_mode_without_mn9_631405,0.00625,90,177,247
w120_i080_mode_without_mn9_631405,0.00625,100,225,227
w120_i080_mode_without_mn9_631405,0.00625,110,203,191
w120_i080_mode_without_mn9_631405,0.00625,120,173,200
w120_i080_mode_without_mn9_631405,0.00625,130,211,202
w120_i080_mode_without_mn9_631405,0.00625,140,246,260
w120_i080_mode_without_mn9_631405,0.00625,150,175,201
w120_i080_mode_without_mn9_631405,0.00625,160,169,150
w120_i080_mode_without_mn9_631405,0.00625,170,173,132
w120_i080_mode_without_mn9_631405,0.00625,180,157,224
w120_i080_mode_without_mn9_631405,0.00625,190,203,231
w120_i080_mode_without_mn9_631405,0.00625,200,206,303
w120_i080_mode_without_mn9_631405,0.00625,210,182,243
w120_i080_mode_without_mn9_631405,0.00625,220,156,195
w120_i080_mode_without_mn9_631405,0.00625,230,205,168
w120_i080_mode_without_mn9_631405,0.00625,240,203,237
w120_i080_mode_without_mn9_631405,0.00625,250,141,195
w120_i080_mode_without_mn9_631405,0.00625,260,183,211
w120_i080_mode_without_mn9_631405,0.00625,270,205,232
w120_i080_mode_without_mn9_631405,0.00625,280,173,226
w120_i080_mode_without_mn9_631405,0.00625,290,160,189
w120_i080_mode_without_mn9_631405,0.00625,300,168,247
w120_i080_mode_without_mn9_631405,0.00625,310,166,221
w120_i080_mode_without_mn9_631405,0.00625,320,150,197
w120_i080_mode_without_mn9_631405,0.00625,330,230,162
w120_i080_mode_without_mn9_631405,0.00625,340,180,215
w120_i080_mode_without_mn9_631405,0.00625,350,170,268
w120_i080_mode_without_mn9_631405,0.00625,360,177,232
w120_i080_mode_without_mn9_631405,0.00625,370,167,260
w120_i080_mode_without_mn9_631405,0.00625,380,229,190
w120_i080_mode_without_mn9_631405,0.00625,390,229,212
w120_i080_mode_without_mn9_631405,0.00625,400,128,288
w120_i080_mode_without_mn9_631405,0.00625,410,173,167
w120_i080_mode_without_mn9_631405,0.00625,420,207,222
w120_i080_mode_without_mn9_631405,0.00625,430,140,236
w120_i080_mode_without_mn9_631405,0.00625,440,162,213
w120_i080_mode_without_mn9_631405,0.00625,450,260,232
w120_i080_mode_without_mn9_631405,0.00625,460,186,234
w120_i080_mode_without_mn9_631405,0.00625,470,101,190
w120_i080_mode_without_mn9_631405,0.00625,480,129,172
w120_i080_mode_without_mn9_631405,0.00625,490,162,150
w120_i080_mode_without_mn9_631405,0.00625,500,204,241
w120_i080_mode_without_mn9_631405,0.00625,510,144,207
w120_i080_mode_without_mn9_631405,0.00625,520,196,200
w120_i080_mode_without_mn9_631405,0.00625,530,200,295
w120_i080_mode_without_mn9_631405,0.00625,540,215,263
w120_i080_mode_without_mn9_631405,0.00625,550,141,186
w120_i080_mode_without_mn9_631405,0.00625,560,158,195
w120_i080_mode_without_mn9_631405,0.00625,570,190,239
w120_i080_mode_without_mn9_631405,0.00625,580,152,247
w120_i080_mode_without_mn9_631405,0.00625,590,149,249
w120_i080_mode_without_mn9_631405,0.00625,600,205,251
w120_i080_mode_without_mn9_631405,0.00625,610,157,223
w120_i080_mode_without_mn9_631405,0.00625,620,205,244
w120_i080_mode_without_mn9_631405,0.00625,630,218,161
w120_i080_mode_without_mn9_631405,0.00625,640,165,143
w120_i080_mode_without_mn9_631405,0.00625,650,184,166
w120_i080_mode_without_mn9_631405,0.00625,660,146,250
w120_i080_mode_without_mn9_631405,0.00625,670,148,190
w120_i080_mode_without_mn9_631405,0.00625,680,236,177
w120_i080_mode_without_mn9_631405,0.00625,690,167,178
w120_i080_mode_without_mn9_631405,0.00625,700,145,225
w120_i080_mode_without_mn9_631405,0.00625,710,142,243
w120_i080_mode_without_mn9_631405,0.00625,720,161,241
w120_i080_mode_without_mn9_631405,0.00625,730,217,161
w120_i080_mode_without_mn9_631405,0.00625,740,165,175
w120_i080_mode_without_mn9_631405,0.00625,750,146,277
w120_i080_mode_without_mn9_631405,0.00625,760,149,222
w120_i080_mode_without_mn9_631405,0.00625,770,235,135
w120_i080_mode_without_mn9_631405,0.00625,780,245,257
w120_i080_mode_without_mn9_631405,0.00625,790,181,254
w120_i080_mode_without_mn9_631405,0.00625,800,131,204
w120_i080_mode_without_mn9_631405,0.00625,810,131,188
w120_i080_mode_without_mn9_631405,0.00625,820,170,211
w120_i080_mode_without_mn9_631405,0.00625,830,217,240
w120_i080_mode_without_mn9_631405,0.00625,840,186,168
w120_i080_mode_without_mn9_631405,0.00625,850,147,187
w120_i080_mode_without_mn9_631405,0.00625,860,169,246
w120_i080_mode_without_mn9_631405,0.00625,870,181,192
w120_i080_mode_without_mn9_631405,0.00625,880,221,249
w120_i080_mode_without_mn9_631405,0.00625,890,153,188
w120_i080_mode_without_mn9_631405,0.00625,900,173,228
w120_i080_mode_without_mn9_631405,0.00625,910,237,266
w120_i080_mode_without_mn9_631405,0.00625,920,163,246
w120_i080_mode_without_mn9_631405,0.00625,930,97,140
w120_i080_mode_without_mn9_631405,0.00625,940,197,196
w120_i080_mode_without_mn9_631405,0.00625,950,221,191
w120_i080_mode_without_mn9_631405,0.00625,960,165,246
w120_i080_mode_without_mn9_631405,0.00625,970,122,184
w120_i080_mode_without_mn9_631405,0.00625,980,204,184
w120_i080_mode_without_mn9_631405,0.00625,990,223,254
w120_i080_motor_003_631417,0.1,0,44,44
w120_i080_motor_003_631417,0.1,10,73,84
w120_i080_motor_003_631417,0.1,20,191,212
w120_i080_motor_003_631417,0.1,30,354,323
w120_i080_motor_003_631417,0.1,40,220,203
w120_i080_motor_003_631417,0.1,50,111,208
w120_i080_motor_003_631417,0.1,60,70,240
w120_i080_motor_003_631417,0.1,70,130,180
w120_i080_motor_003_631417,0.1,80,217,180
w120_i080_motor_003_631417,0.1,90,367,198
w120_i080_motor_003_631417,0.1,100,269,230
w120_i080_motor_003_631417,0.1,110,135,259
w120_i080_motor_003_631417,0.1,120,140,215
w120_i080_motor_003_631417,0.1,130,220,220
w120_i080_motor_003_631417,0.1,140,275,155
w120_i080_motor_003_631417,0.1,150,155,225
w120_i080_motor_003_631417,0.1,160,96,251
w120_i080_motor_003_631417,0.1,170,138,130
w120_i080_motor_003_631417,0.1,180,213,138
w120_i080_motor_003_631417,0.1,190,290,269
w120_i080_motor_003_631417,0.1,200,161,180
w120_i080_motor_003_631417,0.1,210,142,204
w120_i080_motor_003_631417,0.1,220,240,216
w120_i080_motor_003_631417,0.1,230,220,232
w120_i080_motor_003_631417,0.1,240,117,234
w120_i080_motor_003_631417,0.1,250,162,236
w120_i080_motor_003_631417,0.1,260,253,200
w120_i080_motor_003_631417,0.1,270,233,205
w120_i080_motor_003_631417,0.1,280,158,217
w120_i080_motor_003_631417,0.1,290,171,242
w120_i080_motor_003_631417,0.1,300,127,237
w120_i080_motor_003_631417,0.1,310,213,207
w120_i080_motor_003_631417,0.1,320,251,296
w120_i080_motor_003_631417,0.1,330,173,187
w120_i080_motor_003_631417,0.1,340,151,183
w120_i080_motor_003_631417,0.1,350,230,156
w120_i080_motor_003_631417,0.1,360,181,147
w120_i080_motor_003_631417,0.1,370,222,234
w120_i080_motor_003_631417,0.1,380,188,295
w120_i080_motor_003_631417,0.1,390,198,242
w120_i080_motor_003_631417,0.1,400,183,100
w120_i080_motor_003_631417,0.1,410,142,123
w120_i080_motor_003_631417,0.1,420,118,211
w120_i080_motor_003_631417,0.1,430,189,148
w120_i080_motor_003_631417,0.1,440,184,248
w120_i080_motor_003_631417,0.1,450,259,313
w120_i080_motor_003_631417,0.1,460,192,198
w120_i080_motor_003_631417,0.1,470,169,143
w120_i080_motor_003_631417,0.1,480,153,189
w120_i080_motor_003_631417,0.1,490,181,203
w120_i080_motor_003_631417,0.1,500,268,262
w120_i080_motor_003_631417,0.1,510,257,281
w120_i080_motor_003_631417,0.1,520,224,183
w120_i080_motor_003_631417,0.1,530,225,181
w120_i080_motor_003_631417,0.1,540,211,223
w120_i080_motor_003_631417,0.1,550,204,247
w120_i080_motor_003_631417,0.1,560,158,202
w120_i080_motor_003_631417,0.1,570,178,199
w120_i080_motor_003_631417,0.1,580,213,216
w120_i080_motor_003_631417,0.1,590,181,256
w120_i080_motor_003_631417,0.1,600,247,229
w120_i080_motor_003_631417,0.1,610,166,181
w120_i080_motor_003_631417,0.1,620,140,148
w120_i080_motor_003_631417,0.1,630,116,242
w120_i080_motor_003_631417,0.1,640,279,236
w120_i080_motor_003_631417,0.1,650,252,182
w120_i080_motor_003_631417,0.1,660,187,173
w120_i080_motor_003_631417,0.1,670,175,152
w120_i080_motor_003_631417,0.1,680,175,193
w120_i080_motor_003_631417,0.1,690,254,209
w120_i080_motor_003_631417,0.1,700,163,158
w120_i080_motor_003_631417,0.1,710,157,269
w120_i080_motor_003_631417,0.1,720,169,234
w120_i080_motor_003_631417,0.1,730,275,272
w120_i080_motor_003_631417,0.1,740,127,216
w120_i080_motor_003_631417,0.1,750,173,185
w120_i080_motor_003_631417,0.1,760,209,250
w120_i080_motor_003_631417,0.1,770,269,314
w120_i080_motor_003_631417,0.1,780,221,218
w120_i080_motor_003_631417,0.1,790,158,209
w120_i080_motor_003_631417,0.1,800,186,254
w120_i080_motor_003_631417,0.1,810,203,224
w120_i080_motor_003_631417,0.1,820,296,297
w120_i080_motor_003_631417,0.1,830,259,262
w120_i080_motor_003_631417,0.1,840,134,192
w120_i080_motor_003_631417,0.1,850,210,163
w120_i080_motor_003_631417,0.1,860,267,296
w120_i080_motor_003_631417,0.1,870,234,245
w120_i080_motor_003_631417,0.1,880,135,190
w120_i080_motor_003_631417,0.1,890,108,232
w120_i080_motor_003_631417,0.1,900,145,262
w120_i080_motor_003_631417,0.1,910,242,261
w120_i080_motor_003_631417,0.1,920,168,173
w120_i080_motor_003_631417,0.1,930,299,254
w120_i080_motor_003_631417,0.1,940,145,284
w120_i080_motor_003_631417,0.1,950,109,227
w120_i080_motor_003_631417,0.1,960,242,191
w120_i080_motor_003_631417,0.1,970,287,273
w120_i080_motor_003_631417,0.1,980,229,230
w120_i080_motor_003_631417,0.1,990,131,191
w120_i080_motor_003_631417,0.05,0,47,47
w120_i080_motor_003_631417,0.05,10,82,89
w120_i080_motor_003_631417,0.05,20,203,233
w120_i080_motor_003_631417,0.05,30,363,312
w120_i080_motor_003_631417,0.05,40,190,206
w120_i080_motor_003_631417,0.05,50,78,161
w120_i080_motor_003_631417,0.05,60,71,179
w120_i080_motor_003_631417,0.05,70,157,208
w120_i080_motor_003_631417,0.05,80,309,227
w120_i080_motor_003_631417,0.05,90,250,251
w120_i080_motor_003_631417,0.05,100,134,139
w120_i080_motor_003_631417,0.05,110,102,170
w120_i080_motor_003_631417,0.05,120,148,226
w120_i080_motor_003_631417,0.05,130,282,231
w120_i080_motor_003_631417,0.05,140,336,207
w120_i080_motor_003_631417,0.05,150,134,156
w120_i080_motor_003_631417,0.05,160,130,292
w120_i080_motor_003_631417,0.05,170,206,163
w120_i080_motor_003_631417,0.05,180,269,212
w120_i080_motor_003_631417,0.05,190,162,219
w120_i080_motor_003_631417,0.05,200,159,238
w120_i080_motor_003_631417,0.05,210,201,205
w120_i080_motor_003_631417,0.05,220,283,194
w120_i080_motor_003_631417,0.05,230,302,232
w120_i080_motor_003_631417,0.05,240,204,257
w120_i080_motor_003_631417,0.05,250,150,192
w120_i080_motor_003_631417,0.05,260,261,210
w120_i080_motor_003_631417,0.05,270,267,171
w120_i080_motor_003_631417,0.05,280,133,208
w120_i080_motor_003_631417,0.05,290,189,265
w120_i080_motor_003_631417,0.05,300,217,292
w120_i080_motor_003_631417,0.05,310,256,285
w120_i080_motor_003_631417,0.05,320,229,207
w120_i080_motor_003_631417,0.05,330,183,151
w120_i080_motor_003_631417,0.05,340,165,215
w120_i080_motor_003_631417,0.05,350,205,255
w120_i080_motor_003_631417,0.05,360,176,185
w120_i080_motor_003_631417,0.05,370,195,214
w120_i080_motor_003_631417,0.05,380,190,230
w120_i080_motor_003_631417,0.05,390,200,230
w120_i080_motor_003_631417,0.05,400,203,275
w120_i080_motor_003_631417,0.05,410,162,206
w120_i080_motor_003_631417,0.05,420,163,202
w120_i080_motor_003_631417,0.05,430,297,216
w120_i080_motor_003_631417,0.05,440,176,257
w120_i080_motor_003_631417,0.05,450,174,149
w120_i080_motor_003_631417,0.05,460,166,212
w120_i080_motor_003_631417,0.05,470,242,253
w120_i080_motor_003_631417,0.05,480,156,193
w120_i080_motor_003_631417,0.05,490,196,209
w120_i080_motor_003_631417,0.05,500,181,243
w120_i080_motor_003_631417,0.05,510,304,245
w120_i080_motor_003_631417,0.05,520,282,287
w120_i080_motor_003_631417,0.05,530,190,183
w120_i080_motor_003_631417,0.05,540,140,111
w120_i080_motor_003_631417,0.05,550,160,172
w120_i080_motor_003_631417,0.05,560,219,213
w120_i080_motor_003_631417,0.05,570,212,245
w120_i080_motor_003_631417,0.05,580,213,274
w120_i080_motor_003_631417,0.05,590,134,181
w120_i080_motor_003_631417,0.05,600,183,192
w120_i080_motor_003_631417,0.05,610,212,223
w120_i080_motor_003_631417,0.05,620,184,254
w120_i080_motor_003_631417,0.05,630,214,154
w120_i080_motor_003_631417,0.05,640,235,203
w120_i080_motor_003_631417,0.05,650,105,284
w120_i080_motor_003_631417,0.05,660,135,162
w120_i080_motor_003_631417,0.05,670,200,100
w120_i080_motor_003_631417,0.05,680,248,191
w120_i080_motor_003_631417,0.05,690,189,269
w120_i080_motor_003_631417,0.05,700,173,234
w120_i080_motor_003_631417,0.05,710,224,174
w120_i080_motor_003_631417,0.05,720,221,180
w120_i080_motor_003_631417,0.05,730,155,256
w120_i080_motor_003_631417,0.05,740,132,191
w120_i080_motor_003_631417,0.05,750,202,307
w120_i080_motor_003_631417,0.05,760,250,210
w120_i080_motor_003_631417,0.05,770,267,226
w120_i080_motor_003_631417,0.05,780,194,279
w120_i080_motor_003_631417,0.05,790,206,200
w120_i080_motor_003_631417,0.05,800,265,204
w120_i080_motor_003_631417,0.05,810,193,221
w120_i080_motor_003_631417,0.05,820,179,250
w120_i080_motor_003_631417,0.05,830,297,231
w120_i080_motor_003_631417,0.05,840,222,219
w120_i080_motor_003_631417,0.05,850,176,304
w120_i080_motor_003_631417,0.05,860,274,239
w120_i080_motor_003_631417,0.05,870,224,205
w120_i080_motor_003_631417,0.05,880,176,222
w120_i080_motor_003_631417,0.05,890,237,213
w120_i080_motor_003_631417,0.05,900,195,229
w120_i080_motor_003_631417,0.05,910,186,308
w120_i080_motor_003_631417,0.05,920,146,181
w120_i080_motor_003_631417,0.05,930,234,197
w120_i080_motor_003_631417,0.05,940,167,179
w120_i080_motor_003_631417,0.05,950,200,238
w120_i080_motor_003_631417,0.05,960,185,257
w120_i080_motor_003_631417,0.05,970,255,201
w120_i080_motor_003_631417,0.05,980,231,220
w120_i080_motor_003_631417,0.05,990,177,171
w120_i080_motor_003_631417,0.025,0,47,47
w120_i080_motor_003_631417,0.025,10,82,91
w120_i080_motor_003_631417,0.025,20,205,234
w120_i080_motor_003_631417,0.025,30,362,311
w120_i080_motor_003_631417,0.025,40,183,202
w120_i080_motor_003_631417,0.025,50,99,196
w120_i080_motor_003_631417,0.025,60,116,177
w120_i080_motor_003_631417,0.025,70,233,244
w120_i080_motor_003_631417,0.025,80,302,254
w120_i080_motor_003_631417,0.025,90,206,214
w120_i080_motor_003_631417,0.025,100,223,199
w120_i080_motor_003_631417,0.025,110,184,241
w120_i080_motor_003_631417,0.025,120,147,224
w120_i080_motor_003_631417,0.025,130,281,230
w120_i080_motor_003_631417,0.025,140,275,183
w120_i080_motor_003_631417,0.025,150,188,217
w120_i080_motor_003_631417,0.025,160,188,232
w120_i080_motor_003_631417,0.025,170,173,249
w120_i080_motor_003_631417,0.025,180,174,278
w120_i080_motor_003_631417,0.025,190,194,197
w120_i080_motor_003_631417,0.025,200,162,244
w120_i080_motor_003_631417,0.025,210,147,195
w120_i080_motor_003_631417,0.025,220,258,190
w120_i080_motor_003_631417,0.025,230,226,253
w120_i080_motor_003_631417,0.025,240,147,263
w120_i080_motor_003_631417,0.025,250,176,232
w120_i080_motor_003_631417,0.025,260,177,120
w120_i080_motor_003_631417,0.025,270,250,97
w120_i080_motor_003_631417,0.025,280,178,142
w120_i080_motor_003_631417,0.025,290,202,286
w120_i080_motor_003_631417,0.025,300,184,302
w120_i080_motor_003_631417,0.025,310,254,185
w120_i080_motor_003_631417,0.025,320,200,194
w120_i080_motor_003_631417,0.025,330,162,182
w120_i080_motor_003_631417,0.025,340,135,226
w120_i080_motor_003_631417,0.025,350,220,258
w120_i080_motor_003_631417,0.025,360,142,192
w120_i080_motor_003_631417,0.025,370,192,218
w120_i080_motor_003_631417,0.025,380,270,277
w120_i080_motor_003_631417,0.025,390,194,183
w120_i080_motor_003_631417,0.025,400,161,179
w120_i080_motor_003_631417,0.025,410,178,242
w120_i080_motor_003_631417,0.025,420,116,257
w120_i080_motor_003_631417,0.025,430,136,173
w120_i080_motor_003_631417,0.025,440,294,236
w120_i080_motor_003_631417,0.025,450,172,247
w120_i080_motor_003_631417,0.025,460,151,249
w120_i080_motor_003_631417,0.025,470,241,215
w120_i080_motor_003_631417,0.025,480,252,177
w120_i080_motor_003_631417,0.025,490,257,229
w120_i080_motor_003_631417,0.025,500,166,278
w120_i080_motor_003_631417,0.025,510,220,284
w120_i080_motor_003_631417,0.025,520,238,195
w120_i080_motor_003_631417,0.025,530,175,269
w120_i080_motor_003_631417,0.025,540,159,213
w120_i080_motor_003_631417,0.025,550,162,239
w120_i080_motor_003_631417,0.025,560,160,217
w120_i080_motor_003_631417,0.025,570,258,174
w120_i080_motor_003_631417,0.025,580,152,189
w120_i080_motor_003_631417,0.025,590,139,212
w120_i080_motor_003_631417,0.025,600,202,201
w120_i080_motor_003_631417,0.025,610,223,205
w120_i080_motor_003_631417,0.025,620,204,268
w120_i080_motor_003_631417,0.025,630,123,167
w120_i080_motor_003_631417,0.025,640,178,177
w120_i080_motor_003_631417,0.025,650,173,201
w120_i080_motor_003_631417,0.025,660,217,237
w120_i080_motor_003_631417,0.025,670,234,226
w120_i080_motor_003_631417,0.025,680,194,181
w120_i080_motor_003_631417,0.025,690,205,197
w120_i080_motor_003_631417,0.025,700,183,236
w120_i080_motor_003_631417,0.025,710,181,207
w120_i080_motor_003_631417,0.025,720,209,185
w120_i080_motor_003_631417,0.025,730,272,203
w120_i080_motor_003_631417,0.025,740,181,224
w120_i080_motor_003_631417,0.025,750,181,284
w120_i080_motor_003_631417,0.025,760,234,189
w120_i080_motor_003_631417,0.025,770,301,212
w120_i080_motor_003_631417,0.025,780,183,189
w120_i080_motor_003_631417,0.025,790,136,221
w120_i080_motor_003_631417,0.025,800,186,244
w120_i080_motor_003_631417,0.025,810,239,227
w120_i080_motor_003_631417,0.025,820,220,245
w120_i080_motor_003_631417,0.025,830,177,210
w120_i080_motor_003_631417,0.025,840,246,187
w120_i080_motor_003_631417,0.025,850,240,264
w120_i080_motor_003_631417,0.025,860,158,193
w120_i080_motor_003_631417,0.025,870,235,251
w120_i080_motor_003_631417,0.025,880,241,272
w120_i080_motor_003_631417,0.025,890,185,182
w120_i080_motor_003_631417,0.025,900,214,203
w120_i080_motor_003_631417,0.025,910,141,159
w120_i080_motor_003_631417,0.025,920,164,206
w120_i080_motor_003_631417,0.025,930,212,248
w120_i080_motor_003_631417,0.025,940,217,271
w120_i080_motor_003_631417,0.025,950,218,233
w120_i080_motor_003_631417,0.025,960,248,193
w120_i080_motor_003_631417,0.025,970,141,183
w120_i080_motor_003_631417,0.025,980,191,195
w120_i080_motor_003_631417,0.025,990,205,219
w120_i080_motor_003_631417,0.0125,0,47,47
w120_i080_motor_003_631417,0.0125,10,82,92
w120_i080_motor_003_631417,0.0125,20,205,233
w120_i080_motor_003_631417,0.0125,30,362,313
w120_i080_motor_003_631417,0.0125,40,185,206
w120_i080_motor_003_631417,0.0125,50,92,154
w120_i080_motor_003_631417,0.0125,60,80,193
w120_i080_motor_003_631417,0.0125,70,182,209
w120_i080_motor_003_631417,0.0125,80,275,294
w120_i080_motor_003_631417,0.0125,90,301,239
w120_i080_motor_003_631417,0.0125,100,218,181
w120_i080_motor_003_631417,0.0125,110,114,237
w120_i080_motor_003_631417,0.0125,120,177,250
w120_i080_motor_003_631417,0.0125,130,208,227
w120_i080_motor_003_631417,0.0125,140,191,209
w120_i080_motor_003_631417,0.0125,150,187,195
w120_i080_motor_003_631417,0.0125,160,270,226
w120_i080_motor_003_631417,0.0125,170,133,177
w120_i080_motor_003_631417,0.0125,180,97,178
w120_i080_motor_003_631417,0.0125,190,165,184
w120_i080_motor_003_631417,0.0125,200,319,263
w120_i080_motor_003_631417,0.0125,210,232,202
w120_i080_motor_003_631417,0.0125,220,140,190
w120_i080_motor_003_631417,0.0125,230,139,198
w120_i080_motor_003_631417,0.0125,240,291,206
w120_i080_motor_003_631417,0.0125,250,246,229
w120_i080_motor_003_631417,0.0125,260,159,127
w120_i080_motor_003_631417,0.0125,270,133,155
w120_i080_motor_003_631417,0.0125,280,177,228
w120_i080_motor_003_631417,0.0125,290,315,253
w120_i080_motor_003_631417,0.0125,300,183,228
w120_i080_motor_003_631417,0.0125,310,205,166
w120_i080_motor_003_631417,0.0125,320,152,182
w120_i080_motor_003_631417,0.0125,330,192,282
w120_i080_motor_003_631417,0.0125,340,226,226
w120_i080_motor_003_631417,0.0125,350,147,165
w120_i080_motor_003_631417,0.0125,360,152,216
w120_i080_motor_003_631417,0.0125,370,278,312
w120_i080_motor_003_631417,0.0125,380,225,223
w120_i080_motor_003_631417,0.0125,390,140,235
w120_i080_motor_003_631417,0.0125,400,205,207
w120_i080_motor_003_631417,0.0125,410,187,145
w120_i080_motor_003_631417,0.0125,420,158,151
w120_i080_motor_003_631417,0.0125,430,155,229
w120_i080_motor_003_631417,0.0125,440,197,205
w120_i080_motor_003_631417,0.0125,450,273,201
w120_i080_motor_003_631417,0.0125,460,147,207
w120_i080_motor_003_631417,0.0125,470,171,264
w120_i080_motor_003_631417,0.0125,480,227,191
w120_i080_motor_003_631417,0.0125,490,189,150
w120_i080_motor_003_631417,0.0125,500,265,230
w120_i080_motor_003_631417,0.0125,510,241,229
w120_i080_motor_003_631417,0.0125,520,154,305
w120_i080_motor_003_631417,0.0125,530,173,223
w120_i080_motor_003_631417,0.0125,540,192,201
w120_i080_motor_003_631417,0.0125,550,195,208
w120_i080_motor_003_631417,0.0125,560,152,269
w120_i080_motor_003_631417,0.0125,570,207,248
w120_i080_motor_003_631417,0.0125,580,249,188
w120_i080_motor_003_631417,0.0125,590,178,227
w120_i080_motor_003_631417,0.0125,600,167,192
w120_i080_motor_003_631417,0.0125,610,215,187
w120_i080_motor_003_631417,0.0125,620,269,236
w120_i080_motor_003_631417,0.0125,630,123,211
w120_i080_motor_003_631417,0.0125,640,185,153
w120_i080_motor_003_631417,0.0125,650,229,196
w120_i080_motor_003_631417,0.0125,660,167,217
w120_i080_motor_003_631417,0.0125,670,143,240
w120_i080_motor_003_631417,0.0125,680,191,244
w120_i080_motor_003_631417,0.0125,690,186,215
w120_i080_motor_003_631417,0.0125,700,261,151
w120_i080_motor_003_631417,0.0125,710,171,209
w120_i080_motor_003_631417,0.0125,720,141,184
w120_i080_motor_003_631417,0.0125,730,152,237
w120_i080_motor_003_631417,0.0125,740,204,233
w120_i080_motor_003_631417,0.0125,750,357,230
w120_i080_motor_003_631417,0.0125,760,143,155
w120_i080_motor_003_631417,0.0125,770,111,225
w120_i080_motor_003_631417,0.0125,780,195,247
w120_i080_motor_003_631417,0.0125,790,268,168
w120_i080_motor_003_631417,0.0125,800,248,165
w120_i080_motor_003_631417,0.0125,810,156,253
w120_i080_motor_003_631417,0.0125,820,196,262
w120_i080_motor_003_631417,0.0125,830,255,273
w120_i080_motor_003_631417,0.0125,840,265,217
w120_i080_motor_003_631417,0.0125,850,225,219
w120_i080_motor_003_631417,0.0125,860,306,250
w120_i080_motor_003_631417,0.0125,870,152,250
w120_i080_motor_003_631417,0.0125,880,113,163
w120_i080_motor_003_631417,0.0125,890,145,161
w120_i080_motor_003_631417,0.0125,900,272,171
w120_i080_motor_003_631417,0.0125,910,276,304
w120_i080_motor_003_631417,0.0125,920,156,185
w120_i080_motor_003_631417,0.0125,930,188,203
w120_i080_motor_003_631417,0.0125,940,208,231
w120_i080_motor_003_631417,0.0125,950,101,254
w120_i080_motor_003_631417,0.0125,960,170,208
w120_i080_motor_003_631417,0.0125,970,314,196
w120_i080_motor_003_631417,0.0125,980,222,140
w120_i080_motor_003_631417,0.0125,990,233,235
w120_i080_motor_003_631417,0.00625,0,47,47
w120_i080_motor_003_631417,0.00625,10,82,92
w120_i080_motor_003_631417,0.00625,20,205,233
w120_i080_motor_003_631417,0.00625,30,362,313
w120_i080_motor_003_631417,0.00625,40,187,205
w120_i080_motor_003_631417,0.00625,50,115,155
w120_i080_motor_003_631417,0.00625,60,94,165
w120_i080_motor_003_631417,0.00625,70,180,247
w120_i080_motor_003_631417,0.00625,80,273,289
w120_i080_motor_003_631417,0.00625,90,200,238
w120_i080_motor_003_631417,0.00625,100,140,222
w120_i080_motor_003_631417,0.00625,110,199,233
w120_i080_motor_003_631417,0.00625,120,300,203
w120_i080_motor_003_631417,0.00625,130,172,202
w120_i080_motor_003_631417,0.00625,140,195,306
w120_i080_motor_003_631417,0.00625,150,208,231
w120_i080_motor_003_631417,0.00625,160,193,180
w120_i080_motor_003_631417,0.00625,170,204,164
w120_i080_motor_003_631417,0.00625,180,172,224
w120_i080_motor_003_631417,0.00625,190,260,158
w120_i080_motor_003_631417,0.00625,200,201,251
w120_i080_motor_003_631417,0.00625,210,137,313
w120_i080_motor_003_631417,0.00625,220,136,218
w120_i080_motor_003_631417,0.00625,230,213,211
w120_i080_motor_003_631417,0.00625,240,263,262
w120_i080_motor_003_631417,0.00625,250,213,165
w120_i080_motor_003_631417,0.00625,260,208,235
w120_i080_motor_003_631417,0.00625,270,168,285
w120_i080_motor_003_631417,0.00625,280,200,227
w120_i080_motor_003_631417,0.00625,290,234,164
w120_i080_motor_003_631417,0.00625,300,282,201
w120_i080_motor_003_631417,0.00625,310,201,254
w120_i080_motor_003_631417,0.00625,320,187,247
w120_i080_motor_003_631417,0.00625,330,187,180
w120_i080_motor_003_631417,0.00625,340,154,245
w120_i080_motor_003_631417,0.00625,350,254,295
w120_i080_motor_003_631417,0.00625,360,207,172
w120_i080_motor_003_631417,0.00625,370,186,185
w120_i080_motor_003_631417,0.00625,380,202,221
w120_i080_motor_003_631417,0.00625,390,292,244
w120_i080_motor_003_631417,0.00625,400,189,166
w120_i080_motor_003_631417,0.00625,410,144,167
w120_i080_motor_003_631417,0.00625,420,152,208
w120_i080_motor_003_631417,0.00625,430,167,251
w120_i080_motor_003_631417,0.00625,440,168,173
w120_i080_motor_003_631417,0.00625,450,173,143
w120_i080_motor_003_631417,0.00625,460,223,268
w120_i080_motor_003_631417,0.00625,470,210,177
w120_i080_motor_003_631417,0.00625,480,160,201
w120_i080_motor_003_631417,0.00625,490,215,221
w120_i080_motor_003_631417,0.00625,500,292,327
w120_i080_motor_003_631417,0.00625,510,204,264
w120_i080_motor_003_631417,0.00625,520,117,243
w120_i080_motor_003_631417,0.00625,530,170,194
w120_i080_motor_003_631417,0.00625,540,180,164
w120_i080_motor_003_631417,0.00625,550,128,259
w120_i080_motor_003_631417,0.00625,560,140,200
w120_i080_motor_003_631417,0.00625,570,301,116
w120_i080_motor_003_631417,0.00625,580,151,145
w120_i080_motor_003_631417,0.00625,590,159,165
w120_i080_motor_003_631417,0.00625,600,207,194
w120_i080_motor_003_631417,0.00625,610,259,179
w120_i080_motor_003_631417,0.00625,620,186,233
w120_i080_motor_003_631417,0.00625,630,116,331
w120_i080_motor_003_631417,0.00625,640,188,259
w120_i080_motor_003_631417,0.00625,650,225,226
w120_i080_motor_003_631417,0.00625,660,181,206
w120_i080_motor_003_631417,0.00625,670,175,212
w120_i080_motor_003_631417,0.00625,680,241,234
w120_i080_motor_003_631417,0.00625,690,147,244
w120_i080_motor_003_631417,0.00625,700,168,209
w120_i080_motor_003_631417,0.00625,710,208,221
w120_i080_motor_003_631417,0.00625,720,166,256
w120_i080_motor_003_631417,0.00625,730,240,280
w120_i080_motor_003_631417,0.00625,740,225,184
w120_i080_motor_003_631417,0.00625,750,185,218
w120_i080_motor_003_631417,0.00625,760,268,245
w120_i080_motor_003_631417,0.00625,770,186,285
w120_i080_motor_003_631417,0.00625,780,187,229
w120_i080_motor_003_631417,0.00625,790,146,167
w120_i080_motor_003_631417,0.00625,800,191,131
w120_i080_motor_003_631417,0.00625,810,234,127
w120_i080_motor_003_631417,0.00625,820,251,258
w120_i080_motor_003_631417,0.00625,830,171,259
w120_i080_motor_003_631417,0.00625,840,306,236
w120_i080_motor_003_631417,0.00625,850,280,215
w120_i080_motor_003_631417,0.00625,860,176,226
w120_i080_motor_003_631417,0.00625,870,151,255
w120_i080_motor_003_631417,0.00625,880,216,143
w120_i080_motor_003_631417,0.00625,890,272,120
w120_i080_motor_003_631417,0.00625,900,140,212
w120_i080_motor_003_631417,0.00625,910,137,246
w120_i080_motor_003_631417,0.00625,920,202,172
w120_i080_motor_003_631417,0.00625,930,248,244
w120_i080_motor_003_631417,0.00625,940,195,250
w120_i080_motor_003_631417,0.00625,950,180,245
w120_i080_motor_003_631417,0.00625,960,212,272
w120_i080_motor_003_631417,0.00625,970,332,216
w120_i080_motor_003_631417,0.00625,980,176,223
w120_i080_motor_003_631417,0.00625,990,216,252
w120_i080_motor_003_631418,0.1,0,38,38
w120_i080_motor_003_631418,0.1,10,89,98
w120_i080_motor_003_631418,0.1,20,224,251
w120_i080_motor_003_631418,0.1,30,322,295
w120_i080_motor_003_631418,0.1,40,218,265
w120_i080_motor_003_631418,0.1,50,190,207
w120_i080_motor_003_631418,0.1,60,217,240
w120_i080_motor_003_631418,0.1,70,184,260
w120_i080_motor_003_631418,0.1,80,197,255
w120_i080_motor_003_631418,0.1,90,199,146
w120_i080_motor_003_631418,0.1,100,264,181
w120_i080_motor_003_631418,0.1,110,194,255
w120_i080_motor_003_631418,0.1,120,143,153
w120_i080_motor_003_631418,0.1,130,158,167
w120_i080_motor_003_631418,0.1,140,186,208
w120_i080_motor_003_631418,0.1,150,201,204
w120_i080_motor_003_631418,0.1,160,227,236
w120_i080_motor_003_631418,0.1,170,164,173
w120_i080_motor_003_631418,0.1,180,127,145
w120_i080_motor_003_631418,0.1,190,191,187
w120_i080_motor_003_631418,0.1,200,223,237
w120_i080_motor_003_631418,0.1,210,186,256
w120_i080_motor_003_631418,0.1,220,181,130
w120_i080_motor_003_631418,0.1,230,222,164
w120_i080_motor_003_631418,0.1,240,213,206
w120_i080_motor_003_631418,0.1,250,241,217
w120_i080_motor_003_631418,0.1,260,228,212
w120_i080_motor_003_631418,0.1,270,206,282
w120_i080_motor_003_631418,0.1,280,193,186
w120_i080_motor_003_631418,0.1,290,219,196
w120_i080_motor_003_631418,0.1,300,226,180
w120_i080_motor_003_631418,0.1,310,168,219
w120_i080_motor_003_631418,0.1,320,156,306
w120_i080_motor_003_631418,0.1,330,333,186
w120_i080_motor_003_631418,0.1,340,253,263
w120_i080_motor_003_631418,0.1,350,236,274
w120_i080_motor_003_631418,0.1,360,220,275
w120_i080_motor_003_631418,0.1,370,252,174
w120_i080_motor_003_631418,0.1,380,317,192
w120_i080_motor_003_631418,0.1,390,201,229
w120_i080_motor_003_631418,0.1,400,177,234
w120_i080_motor_003_631418,0.1,410,167,214
w120_i080_motor_003_631418,0.1,420,244,181
w120_i080_motor_003_631418,0.1,430,238,257
w120_i080_motor_003_631418,0.1,440,183,223
w120_i080_motor_003_631418,0.1,450,247,238
w120_i080_motor_003_631418,0.1,460,180,232
w120_i080_motor_003_631418,0.1,470,135,212
w120_i080_motor_003_631418,0.1,480,236,310
w120_i080_motor_003_631418,0.1,490,311,256
w120_i080_motor_003_631418,0.1,500,246,171
w120_i080_motor_003_631418,0.1,510,94,218
w120_i080_motor_003_631418,0.1,520,113,249
w120_i080_motor_003_631418,0.1,530,201,157
w120_i080_motor_003_631418,0.1,540,217,142
w120_i080_motor_003_631418,0.1,550,177,202
w120_i080_motor_003_631418,0.1,560,180,279
w120_i080_motor_003_631418,0.1,570,184,174
w120_i080_motor_003_631418,0.1,580,209,203
w120_i080_motor_003_631418,0.1,590,224,258
w120_i080_motor_003_631418,0.1,600,142,208
w120_i080_motor_003_631418,0.1,610,160,249
w120_i080_motor_003_631418,0.1,620,276,203
w120_i080_motor_003_631418,0.1,630,249,264
w120_i080_motor_003_631418,0.1,640,133,222
w120_i080_motor_003_631418,0.1,650,204,145
w120_i080_motor_003_631418,0.1,660,146,138
w120_i080_motor_003_631418,0.1,670,131,231
w120_i080_motor_003_631418,0.1,680,176,278
w120_i080_motor_003_631418,0.1,690,207,187
w120_i080_motor_003_631418,0.1,700,209,183
w120_i080_motor_003_631418,0.1,710,192,237
w120_i080_motor_003_631418,0.1,720,180,151
w120_i080_motor_003_631418,0.1,730,167,227
w120_i080_motor_003_631418,0.1,740,225,163
w120_i080_motor_003_631418,0.1,750,274,203
w120_i080_motor_003_631418,0.1,760,146,246
w120_i080_motor_003_631418,0.1,770,179,180
w120_i080_motor_003_631418,0.1,780,182,218
w120_i080_motor_003_631418,0.1,790,223,224
w120_i080_motor_003_631418,0.1,800,195,295
w120_i080_motor_003_631418,0.1,810,206,231
w120_i080_motor_003_631418,0.1,820,244,154
w120_i080_motor_003_631418,0.1,830,220,278
w120_i080_motor_003_631418,0.1,840,199,272
w120_i080_motor_003_631418,0.1,850,182,189
w120_i080_motor_003_631418,0.1,860,255,211
w120_i080_motor_003_631418,0.1,870,243,255
w120_i080_motor_003_631418,0.1,880,171,231
w120_i080_motor_003_631418,0.1,890,167,184
w120_i080_motor_003_631418,0.1,900,215,222
w120_i080_motor_003_631418,0.1,910,227,278
w120_i080_motor_003_631418,0.1,920,198,184
w120_i080_motor_003_631418,0.1,930,123,175
w120_i080_motor_003_631418,0.1,940,148,221
w120_i080_motor_003_631418,0.1,950,214,271
w120_i080_motor_003_631418,0.1,960,174,198
w120_i080_motor_003_631418,0.1,970,85,167
w120_i080_motor_003_631418,0.1,980,164,224
w120_i080_motor_003_631418,0.1,990,270,270
w120_i080_motor_003_631418,0.05,0,45,45
w120_i080_motor_003_631418,0.05,10,90,98
w120_i080_motor_003_631418,0.05,20,236,258
w120_i080_motor_003_631418,0.05,30,329,307
w120_i080_motor_003_631418,0.05,40,204,259
w120_i080_motor_003_631418,0.05,50,151,165
w120_i080_motor_003_631418,0.05,60,237,245
w120_i080_motor_003_631418,0.05,70,250,268
w120_i080_motor_003_631418,0.05,80,137,291
w120_i080_motor_003_631418,0.05,90,167,178
w120_i080_motor_003_631418,0.05,100,289,152
w120_i080_motor_003_631418,0.05,110,162,270
w120_i080_motor_003_631418,0.05,120,171,272
w120_i080_motor_003_631418,0.05,130,173,190
w120_i080_motor_003_631418,0.05,140,139,123
w120_i080_motor_003_631418,0.05,150,121,205
w120_i080_motor_003_631418,0.05,160,265,251
w120_i080_motor_003_631418,0.05,170,177,210
w120_i080_motor_003_631418,0.05,180,120,137
w120_i080_motor_003_631418,0.05,190,180,228
w120_i080_motor_003_631418,0.05,200,249,233
w120_i080_motor_003_631418,0.05,210,175,235
w120_i080_motor_003_631418,0.05,220,161,177
w120_i080_motor_003_631418,0.05,230,268,254
w120_i080_motor_003_631418,0.05,240,243,265
w120_i080_motor_003_631418,0.05,250,173,197
w120_i080_motor_003_631418,0.05,260,181,215
w120_i080_motor_003_631418,0.05,270,278,284
w120_i080_motor_003_631418,0.05,280,287,277
w120_i080_motor_003_631418,0.05,290,176,203
w120_i080_motor_003_631418,0.05,300,125,170
w120_i080_motor_003_631418,0.05,310,178,246
w120_i080_motor_003_631418,0.05,320,231,317
w120_i080_motor_003_631418,0.05,330,292,300
w120_i080_motor_003_631418,0.05,340,200,241
w120_i080_motor_003_631418,0.05,350,215,195
w120_i080_motor_003_631418,0.05,360,214,285
w120_i080_motor_003_631418,0.05,370,247,265
w120_i080_motor_003_631418,0.05,380,213,219
w120_i080_motor_003_631418,0.05,390,183,182
w120_i080_motor_003_631418,0.05,400,266,293
w120_i080_motor_003_631418,0.05,410,223,150
w120_i080_motor_003_631418,0.05,420,184,209
w120_i080_motor_003_631418,0.05,430,159,259
w120_i080_motor_003_631418,0.05,440,169,243
w120_i080_motor_003_631418,0.05,450,222,228
w120_i080_motor_003_631418,0.05,460,223,259
w120_i080_motor_003_631418,0.05,470,234,233
w120_i080_motor_003_631418,0.05,480,297,287
w120_i080_motor_003_631418,0.05,490,222,249
w120_i080_motor_003_631418,0.05,500,215,253
w120_i080_motor_003_631418,0.05,510,231,159
w120_i080_motor_003_631418,0.05,520,126,149
w120_i080_motor_003_631418,0.05,530,82,298
w120_i080_motor_003_631418,0.05,540,126,209
w120_i080_motor_003_631418,0.05,550,282,173
w120_i080_motor_003_631418,0.05,560,221,238
w120_i080_motor_003_631418,0.05,570,136,268
w120_i080_motor_003_631418,0.05,580,139,228
w120_i080_motor_003_631418,0.05,590,256,191
w120_i080_motor_003_631418,0.05,600,265,201
w120_i080_motor_003_631418,0.05,610,184,227
w120_i080_motor_003_631418,0.05,620,208,303
w120_i080_motor_003_631418,0.05,630,220,210
w120_i080_motor_003_631418,0.05,640,199,207
w120_i080_motor_003_631418,0.05,650,158,226
w120_i080_motor_003_631418,0.05,660,106,257
w120_i080_motor_003_631418,0.05,670,140,151
w120_i080_motor_003_631418,0.05,680,221,248
w120_i080_motor_003_631418,0.05,690,206,205
w120_i080_motor_003_631418,0.05,700,229,184
w120_i080_motor_003_631418,0.05,710,176,258
w120_i080_motor_003_631418,0.05,720,169,243
w120_i080_motor_003_631418,0.05,730,292,183
w120_i080_motor_003_631418,0.05,740,154,150
w120_i080_motor_003_631418,0.05,750,134,260
w120_i080_motor_003_631418,0.05,760,129,184
w120_i080_motor_003_631418,0.05,770,189,190
w120_i080_motor_003_631418,0.05,780,227,264
w120_i080_motor_003_631418,0.05,790,233,191
w120_i080_motor_003_631418,0.05,800,204,180
w120_i080_motor_003_631418,0.05,810,226,247
w120_i080_motor_003_631418,0.05,820,230,217
w120_i080_motor_003_631418,0.05,830,189,209
w120_i080_motor_003_631418,0.05,840,225,251
w120_i080_motor_003_631418,0.05,850,160,284
w120_i080_motor_003_631418,0.05,860,255,243
w120_i080_motor_003_631418,0.05,870,197,177
w120_i080_motor_003_631418,0.05,880,186,226
w120_i080_motor_003_631418,0.05,890,207,331
w120_i080_motor_003_631418,0.05,900,206,247
w120_i080_motor_003_631418,0.05,910,213,190
w120_i080_motor_003_631418,0.05,920,208,213
w120_i080_motor_003_631418,0.05,930,152,214
w120_i080_motor_003_631418,0.05,940,199,219
w120_i080_motor_003_631418,0.05,950,224,248
w120_i080_motor_003_631418,0.05,960,209,255
w120_i080_motor_003_631418,0.05,970,164,177
w120_i080_motor_003_631418,0.05,980,191,264
w120_i080_motor_003_631418,0.05,990,220,216
w120_i080_motor_003_631418,0.025,0,45,45
w120_i080_motor_003_631418,0.025,10,91,98
w120_i080_motor_003_631418,0.025,20,235,260
w120_i080_motor_003_631418,0.025,30,336,308
w120_i080_motor_003_631418,0.025,40,204,257
w120_i080_motor_003_631418,0.025,50,195,176
w120_i080_motor_003_631418,0.025,60,226,252
w120_i080_motor_003_631418,0.025,70,210,250
w120_i080_motor_003_631418,0.025,80,201,204
w120_i080_motor_003_631418,0.025,90,134,216
w120_i080_motor_003_631418,0.025,100,160,194
w120_i080_motor_003_631418,0.025,110,222,210
w120_i080_motor_003_631418,0.025,120,199,258
w120_i080_motor_003_631418,0.025,130,206,246
w120_i080_motor_003_631418,0.025,140,199,189
w120_i080_motor_003_631418,0.025,150,177,182
w120_i080_motor_003_631418,0.025,160,190,265
w120_i080_motor_003_631418,0.025,170,174,163
w120_i080_motor_003_631418,0.025,180,211,183
w120_i080_motor_003_631418,0.025,190,138,185
w120_i080_motor_003_631418,0.025,200,237,282
w120_i080_motor_003_631418,0.025,210,228,192
w120_i080_motor_003_631418,0.025,220,137,263
w120_i080_motor_003_631418,0.025,230,214,196
w120_i080_motor_003_631418,0.025,240,132,225
w120_i080_motor_003_631418,0.025,250,156,216
w120_i080_motor_003_631418,0.025,260,226,256
w120_i080_motor_003_631418,0.025,270,247,180
w120_i080_motor_003_631418,0.025,280,165,172
w120_i080_motor_003_631418,0.025,290,202,208
w120_i080_motor_003_631418,0.025,300,257,308
w120_i080_motor_003_631418,0.025,310,119,228
w120_i080_motor_003_631418,0.025,320,129,206
w120_i080_motor_003_631418,0.025,330,234,283
w120_i080_motor_003_631418,0.025,340,287,233
w120_i080_motor_003_631418,0.025,350,327,242
w120_i080_motor_003_631418,0.025,360,229,217
w120_i080_motor_003_631418,0.025,370,197,245
w120_i080_motor_003_631418,0.025,380,141,245
w120_i080_motor_003_631418,0.025,390,136,149
w120_i080_motor_003_631418,0.025,400,225,219
w120_i080_motor_003_631418,0.025,410,264,206
w120_i080_motor_003_631418,0.025,420,172,211
w120_i080_motor_003_631418,0.025,430,182,191
w120_i080_motor_003_631418,0.025,440,197,275
w120_i080_motor_003_631418,0.025,450,236,202
w120_i080_motor_003_631418,0.025,460,236,223
w120_i080_motor_003_631418,0.025,470,192,243
w120_i080_motor_003_631418,0.025,480,289,282
w120_i080_motor_003_631418,0.025,490,270,237
w120_i080_motor_003_631418,0.025,500,118,195
w120_i080_motor_003_631418,0.025,510,165,251
w120_i080_motor_003_631418,0.025,520,210,213
w120_i080_motor_003_631418,0.025,530,254,214
w120_i080_motor_003_631418,0.025,540,176,142
w120_i080_motor_003_631418,0.025,550,161,198
w120_i080_motor_003_631418,0.025,560,206,195
w120_i080_motor_003_631418,0.025,570,237,203
w120_i080_motor_003_631418,0.025,580,259,204
w120_i080_motor_003_631418,0.025,590,111,236
w120_i080_motor_003_631418,0.025,600,137,230
w120_i080_motor_003_631418,0.025,610,223,213
w120_i080_motor_003_631418,0.025,620,244,184
w120_i080_motor_003_631418,0.025,630,195,241
w120_i080_motor_003_631418,0.025,640,186,289
w120_i080_motor_003_631418,0.025,650,167,196
w120_i080_motor_003_631418,0.025,660,108,161
w120_i080_motor_003_631418,0.025,670,107,159
w120_i080_motor_003_631418,0.025,680,184,275
w120_i080_motor_003_631418,0.025,690,148,218
w120_i080_motor_003_631418,0.025,700,256,203
w120_i080_motor_003_631418,0.025,710,277,189
w120_i080_motor_003_631418,0.025,720,174,220
w120_i080_motor_003_631418,0.025,730,145,171
w120_i080_motor_003_631418,0.025,740,195,191
w120_i080_motor_003_631418,0.025,750,174,249
w120_i080_motor_003_631418,0.025,760,167,191
w120_i080_motor_003_631418,0.025,770,167,165
w120_i080_motor_003_631418,0.025,780,160,201
w120_i080_motor_003_631418,0.025,790,164,235
w120_i080_motor_003_631418,0.025,800,300,195
w120_i080_motor_003_631418,0.025,810,257,323
w120_i080_motor_003_631418,0.025,820,148,189
w120_i080_motor_003_631418,0.025,830,203,193
w120_i080_motor_003_631418,0.025,840,229,210
w120_i080_motor_003_631418,0.025,850,209,153
w120_i080_motor_003_631418,0.025,860,240,272
w120_i080_motor_003_631418,0.025,870,181,205
w120_i080_motor_003_631418,0.025,880,154,199
w120_i080_motor_003_631418,0.025,890,192,214
w120_i080_motor_003_631418,0.025,900,252,228
w120_i080_motor_003_631418,0.025,910,184,195
w120_i080_motor_003_631418,0.025,920,212,239
w120_i080_motor_003_631418,0.025,930,150,260
w120_i080_motor_003_631418,0.025,940,248,182
w120_i080_motor_003_631418,0.025,950,238,192
w120_i080_motor_003_631418,0.025,960,148,180
w120_i080_motor_003_631418,0.025,970,98,279
w120_i080_motor_003_631418,0.025,980,203,212
w120_i080_motor_003_631418,0.025,990,219,206
w120_i080_motor_003_631418,0.0125,0,45,45
w120_i080_motor_003_631418,0.0125,10,91,99
w120_i080_motor_003_631418,0.0125,20,235,261
w120_i080_motor_003_631418,0.0125,30,337,307
w120_i080_motor_003_631418,0.0125,40,205,260
w120_i080_motor_003_631418,0.0125,50,189,148
w120_i080_motor_003_631418,0.0125,60,235,214
w120_i080_motor_003_631418,0.0125,70,229,238
w120_i080_motor_003_631418,0.0125,80,186,294
w120_i080_motor_003_631418,0.0125,90,215,181
w120_i080_motor_003_631418,0.0125,100,231,172
w120_i080_motor_003_631418,0.0125,110,172,264
w120_i080_motor_003_631418,0.0125,120,174,162
w120_i080_motor_003_631418,0.0125,130,126,169
w120_i080_motor_003_631418,0.0125,140,199,186
w120_i080_motor_003_631418,0.0125,150,195,189
w120_i080_motor_003_631418,0.0125,160,143,184
w120_i080_motor_003_631418,0.0125,170,99,161
w120_i080_motor_003_631418,0.0125,180,150,225
w120_i080_motor_003_631418,0.0125,190,234,176
w120_i080_motor_003_631418,0.0125,200,276,147
w120_i080_motor_003_631418,0.0125,210,157,219
w120_i080_motor_003_631418,0.0125,220,181,271
w120_i080_motor_003_631418,0.0125,230,248,201
w120_i080_motor_003_631418,0.0125,240,230,262
w120_i080_motor_003_631418,0.0125,250,161,269
w120_i080_motor_003_631418,0.0125,260,186,206
w120_i080_motor_003_631418,0.0125,270,239,205
w120_i080_motor_003_631418,0.0125,280,233,261
w120_i080_motor_003_631418,0.0125,290,204,273
w120_i080_motor_003_631418,0.0125,300,168,257
w120_i080_motor_003_631418,0.0125,310,163,235
w120_i080_motor_003_631418,0.0125,320,337,237
w120_i080_motor_003_631418,0.0125,330,285,272
w120_i080_motor_003_631418,0.0125,340,210,223
w120_i080_motor_003_631418,0.0125,350,219,243
w120_i080_motor_003_631418,0.0125,360,255,194
w120_i080_motor_003_631418,0.0125,370,164,248
w120_i080_motor_003_631418,0.0125,380,197,244
w120_i080_motor_003_631418,0.0125,390,230,235
w120_i080_motor_003_631418,0.0125,400,268,216
w120_i080_motor_003_631418,0.0125,410,234,163
w120_i080_motor_003_631418,0.0125,420,195,210
w120_i080_motor_003_631418,0.0125,430,179,206
w120_i080_motor_003_631418,0.0125,440,169,173
w120_i080_motor_003_631418,0.0125,450,193,168
w120_i080_motor_003_631418,0.0125,460,278,219
w120_i080_motor_003_631418,0.0125,470,293,262
w120_i080_motor_003_631418,0.0125,480,278,336
w120_i080_motor_003_631418,0.0125,490,163,244
w120_i080_motor_003_631418,0.0125,500,145,214
w120_i080_motor_003_631418,0.0125,510,243,183
w120_i080_motor_003_631418,0.0125,520,239,219
w120_i080_motor_003_631418,0.0125,530,154,221
w120_i080_motor_003_631418,0.0125,540,128,174
w120_i080_motor_003_631418,0.0125,550,177,227
w120_i080_motor_003_631418,0.0125,560,202,205
w120_i080_motor_003_631418,0.0125,570,205,235
w120_i080_motor_003_631418,0.0125,580,216,222
w120_i080_motor_003_631418,0.0125,590,162,150
w120_i080_motor_003_631418,0.0125,600,146,186
w120_i080_motor_003_631418,0.0125,610,263,231
w120_i080_motor_003_631418,0.0125,620,251,226
w120_i080_motor_003_631418,0.0125,630,174,241
w120_i080_motor_003_631418,0.0125,640,159,267
w120_i080_motor_003_631418,0.0125,650,262,264
w120_i080_motor_003_631418,0.0125,660,167,173
w120_i080_motor_003_631418,0.0125,670,126,185
w120_i080_motor_003_631418,0.0125,680,152,196
w120_i080_motor_003_631418,0.0125,690,212,224
w120_i080_motor_003_631418,0.0125,700,258,230
w120_i080_motor_003_631418,0.0125,710,218,224
w120_i080_motor_003_631418,0.0125,720,194,273
w120_i080_motor_003_631418,0.0125,730,218,280
w120_i080_motor_003_631418,0.0125,740,191,204
w120_i080_motor_003_631418,0.0125,750,127,186
w120_i080_motor_003_631418,0.0125,760,112,226
w120_i080_motor_003_631418,0.0125,770,147,249
w120_i080_motor_003_631418,0.0125,780,253,199
w120_i080_motor_003_631418,0.0125,790,174,219
w120_i080_motor_003_631418,0.0125,800,171,269
w120_i080_motor_003_631418,0.0125,810,257,248
w120_i080_motor_003_631418,0.0125,820,218,194
w120_i080_motor_003_631418,0.0125,830,193,133
w120_i080_motor_003_631418,0.0125,840,201,196
w120_i080_motor_003_631418,0.0125,850,123,251
w120_i080_motor_003_631418,0.0125,860,227,223
w120_i080_motor_003_631418,0.0125,870,220,230
w120_i080_motor_003_631418,0.0125,880,141,204
w120_i080_motor_003_631418,0.0125,890,110,184
w120_i080_motor_003_631418,0.0125,900,196,254
w120_i080_motor_003_631418,0.0125,910,283,138
w120_i080_motor_003_631418,0.0125,920,218,170
w120_i080_motor_003_631418,0.0125,930,138,243
w120_i080_motor_003_631418,0.0125,940,98,163
w120_i080_motor_003_631418,0.0125,950,174,158
w120_i080_motor_003_631418,0.0125,960,234,233
w120_i080_motor_003_631418,0.0125,970,183,261
w120_i080_motor_003_631418,0.0125,980,201,192
w120_i080_motor_003_631418,0.0125,990,186,208
w120_i080_motor_003_631418,0.00625,0,45,45
w120_i080_motor_003_631418,0.00625,10,92,100
w120_i080_motor_003_631418,0.00625,20,235,260
w120_i080_motor_003_631418,0.00625,30,333,307
w120_i080_motor_003_631418,0.00625,40,206,260
w120_i080_motor_003_631418,0.00625,50,190,149
w120_i080_motor_003_631418,0.00625,60,235,211
w120_i080_motor_003_631418,0.00625,70,212,241
w120_i080_motor_003_631418,0.00625,80,178,298
w120_i080_motor_003_631418,0.00625,90,228,167
w120_i080_motor_003_631418,0.00625,100,264,137
w120_i080_motor_003_631418,0.00625,110,180,256
w120_i080_motor_003_631418,0.00625,120,119,210
w120_i080_motor_003_631418,0.00625,130,224,199
w120_i080_motor_003_631418,0.00625,140,189,159
w120_i080_motor_003_631418,0.00625,150,169,199
w120_i080_motor_003_631418,0.00625,160,124,215
w120_i080_motor_003_631418,0.00625,170,157,153
w120_i080_motor_003_631418,0.00625,180,221,178
w120_i080_motor_003_631418,0.00625,190,284,211
w120_i080_motor_003_631418,0.00625,200,220,202
w120_i080_motor_003_631418,0.00625,210,105,251
w120_i080_motor_003_631418,0.00625,220,152,253
w120_i080_motor_003_631418,0.00625,230,219,200
w120_i080_motor_003_631418,0.00625,240,215,135
w120_i080_motor_003_631418,0.00625,250,195,268
w120_i080_motor_003_631418,0.00625,260,183,203
w120_i080_motor_003_631418,0.00625,270,224,259
w120_i080_motor_003_631418,0.00625,280,254,257
w120_i080_motor_003_631418,0.00625,290,170,216
w120_i080_motor_003_631418,0.00625,300,199,295
w120_i080_motor_003_631418,0.00625,310,182,198
w120_i080_motor_003_631418,0.00625,320,187,220
w120_i080_motor_003_631418,0.00625,330,286,251
w120_i080_motor_003_631418,0.00625,340,269,305
w120_i080_motor_003_631418,0.00625,350,253,238
w120_i080_motor_003_631418,0.00625,360,245,277
w120_i080_motor_003_631418,0.00625,370,214,212
w120_i080_motor_003_631418,0.00625,380,230,219
w120_i080_motor_003_631418,0.00625,390,218,225
w120_i080_motor_003_631418,0.00625,400,228,177
w120_i080_motor_003_631418,0.00625,410,245,221
w120_i080_motor_003_631418,0.00625,420,103,226
w120_i080_motor_003_631418,0.00625,430,112,214
w120_i080_motor_003_631418,0.00625,440,181,226
w120_i080_motor_003_631418,0.00625,450,270,206
w120_i080_motor_003_631418,0.00625,460,220,224
w120_i080_motor_003_631418,0.00625,470,218,246
w120_i080_motor_003_631418,0.00625,480,288,302
w120_i080_motor_003_631418,0.00625,490,258,263
w120_i080_motor_003_631418,0.00625,500,180,237
w120_i080_motor_003_631418,0.00625,510,127,199
w120_i080_motor_003_631418,0.00625,520,197,263
w120_i080_motor_003_631418,0.00625,530,238,224
w120_i080_motor_003_631418,0.00625,540,174,232
w120_i080_motor_003_631418,0.00625,550,128,251
w120_i080_motor_003_631418,0.00625,560,206,182
w120_i080_motor_003_631418,0.00625,570,245,167
w120_i080_motor_003_631418,0.00625,580,174,224
w120_i080_motor_003_631418,0.00625,590,185,242
w120_i080_motor_003_631418,0.00625,600,250,293
w120_i080_motor_003_631418,0.00625,610,278,202
w120_i080_motor_003_631418,0.00625,620,191,209
w120_i080_motor_003_631418,0.00625,630,167,268
w120_i080_motor_003_631418,0.00625,640,191,227
w120_i080_motor_003_631418,0.00625,650,277,204
w120_i080_motor_003_631418,0.00625,660,176,192
w120_i080_motor_003_631418,0.00625,670,150,234
w120_i080_motor_003_631418,0.00625,680,272,268
w120_i080_motor_003_631418,0.00625,690,232,240
w120_i080_motor_003_631418,0.00625,700,163,256
w120_i080_motor_003_631418,0.00625,710,163,204
w120_i080_motor_003_631418,0.00625,720,232,234
w120_i080_motor_003_631418,0.00625,730,183,183
w120_i080_motor_003_631418,0.00625,740,178,196
w120_i080_motor_003_631418,0.00625,750,187,194
w120_i080_motor_003_631418,0.00625,760,143,91
w120_i080_motor_003_631418,0.00625,770,207,197
w120_i080_motor_003_631418,0.00625,780,105,272
w120_i080_motor_003_631418,0.00625,790,213,233
w120_i080_motor_003_631418,0.00625,800,293,274
w120_i080_motor_003_631418,0.00625,810,253,195
w120_i080_motor_003_631418,0.00625,820,141,143
w120_i080_motor_003_631418,0.00625,830,112,212
w120_i080_motor_003_631418,0.00625,840,136,289
w120_i080_motor_003_631418,0.00625,850,234,226
w120_i080_motor_003_631418,0.00625,860,249,178
w120_i080_motor_003_631418,0.00625,870,188,219
w120_i080_motor_003_631418,0.00625,880,189,204
w120_i080_motor_003_631418,0.00625,890,197,168
w120_i080_motor_003_631418,0.00625,900,239,205
w120_i080_motor_003_631418,0.00625,910,189,290
w120_i080_motor_003_631418,0.00625,920,166,201
w120_i080_motor_003_631418,0.00625,930,89,210
w120_i080_motor_003_631418,0.00625,940,137,213
w120_i080_motor_003_631418,0.00625,950,274,222
w120_i080_motor_003_631418,0.00625,960,223,193
w120_i080_motor_003_631418,0.00625,970,96,151
w120_i080_motor_003_631418,0.00625,980,96,139
w120_i080_motor_003_631418,0.00625,990,170,244
w120_i080_motor_004_631401,0.1,0,27,27
w120_i080_motor_004_631401,0.1,10,62,66
w120_i080_motor_004_631401,0.1,20,127,146
w120_i080_motor_004_631401,0.1,30,254,294
w120_i080_motor_004_631401,0.1,40,321,209
w120_i080_motor_004_631401,0.1,50,118,123
w120_i080_motor_004_631401,0.1,60,67,168
w120_i080_motor_004_631401,0.1,70,75,174
w120_i080_motor_004_631401,0.1,80,76,120
w120_i080_motor_004_631401,0.1,90,166,227
w120_i080_motor_004_631401,0.1,100,236,276
w120_i080_motor_004_631401,0.1,110,185,256
w120_i080_motor_004_631401,0.1,120,220,199
w120_i080_motor_004_631401,0.1,130,235,241
w120_i080_motor_004_631401,0.1,140,202,248
w120_i080_motor_004_631401,0.1,150,199,227
w120_i080_motor_004_631401,0.1,160,160,209
w120_i080_motor_004_631401,0.1,170,161,180
w120_i080_motor_004_631401,0.1,180,189,153
w120_i080_motor_004_631401,0.1,190,237,218
w120_i080_motor_004_631401,0.1,200,161,191
w120_i080_motor_004_631401,0.1,210,113,198
w120_i080_motor_004_631401,0.1,220,185,299
w120_i080_motor_004_631401,0.1,230,304,240
w120_i080_motor_004_631401,0.1,240,193,186
w120_i080_motor_004_631401,0.1,250,155,147
w120_i080_motor_004_631401,0.1,260,75,196
w120_i080_motor_004_631401,0.1,270,85,262
w120_i080_motor_004_631401,0.1,280,147,230
w120_i080_motor_004_631401,0.1,290,270,194
w120_i080_motor_004_631401,0.1,300,170,175
w120_i080_motor_004_631401,0.1,310,206,288
w120_i080_motor_004_631401,0.1,320,162,260
w120_i080_motor_004_631401,0.1,330,194,268
w120_i080_motor_004_631401,0.1,340,217,189
w120_i080_motor_004_631401,0.1,350,228,154
w120_i080_motor_004_631401,0.1,360,164,195
w120_i080_motor_004_631401,0.1,370,172,270
w120_i080_motor_004_631401,0.1,380,281,237
w120_i080_motor_004_631401,0.1,390,286,270
w120_i080_motor_004_631401,0.1,400,151,212
w120_i080_motor_004_631401,0.1,410,171,193
w120_i080_motor_004_631401,0.1,420,218,235
w120_i080_motor_004_631401,0.1,430,239,323
w120_i080_motor_004_631401,0.1,440,162,240
w120_i080_motor_004_631401,0.1,450,136,138
w120_i080_motor_004_631401,0.1,460,263,140
w120_i080_motor_004_631401,0.1,470,264,287
w120_i080_motor_004_631401,0.1,480,212,206
w120_i080_motor_004_631401,0.1,490,88,185
w120_i080_motor_004_631401,0.1,500,121,178
w120_i080_motor_004_631401,0.1,510,216,268
w120_i080_motor_004_631401,0.1,520,244,231
w120_i080_motor_004_631401,0.1,530,146,130
w120_i080_motor_004_631401,0.1,540,76,177
w120_i080_motor_004_631401,0.1,550,194,188
w120_i080_motor_004_631401,0.1,560,199,213
w120_i080_motor_004_631401,0.1,570,225,253
w120_i080_motor_004_631401,0.1,580,189,223
w120_i080_motor_004_631401,0.1,590,196,252
w120_i080_motor_004_631401,0.1,600,237,255
w120_i080_motor_004_631401,0.1,610,241,221
w120_i080_motor_004_631401,0.1,620,168,172
w120_i080_motor_004_631401,0.1,630,192,152
w120_i080_motor_004_631401,0.1,640,209,241
w120_i080_motor_004_631401,0.1,650,143,270
w120_i080_motor_004_631401,0.1,660,109,256
w120_i080_motor_004_631401,0.1,670,200,186
w120_i080_motor_004_631401,0.1,680,217,156
w120_i080_motor_004_631401,0.1,690,179,182
w120_i080_motor_004_631401,0.1,700,174,192
w120_i080_motor_004_631401,0.1,710,147,225
w120_i080_motor_004_631401,0.1,720,151,181
w120_i080_motor_004_631401,0.1,730,254,204
w120_i080_motor_004_631401,0.1,740,284,181
w120_i080_motor_004_631401,0.1,750,214,197
w120_i080_motor_004_631401,0.1,760,235,218
w120_i080_motor_004_631401,0.1,770,115,174
w120_i080_motor_004_631401,0.1,780,103,278
w120_i080_motor_004_631401,0.1,790,162,191
w120_i080_motor_004_631401,0.1,800,288,243
w120_i080_motor_004_631401,0.1,810,155,158
w120_i080_motor_004_631401,0.1,820,200,157
w120_i080_motor_004_631401,0.1,830,235,292
w120_i080_motor_004_631401,0.1,840,275,305
w120_i080_motor_004_631401,0.1,850,261,315
w120_i080_motor_004_631401,0.1,860,178,264
w120_i080_motor_004_631401,0.1,870,94,207
w120_i080_motor_004_631401,0.1,880,147,196
w120_i080_motor_004_631401,0.1,890,246,204
w120_i080_motor_004_631401,0.1,900,233,177
w120_i080_motor_004_631401,0.1,910,155,216
w120_i080_motor_004_631401,0.1,920,219,119
w120_i080_motor_004_631401,0.1,930,209,87
w120_i080_motor_004_631401,0.1,940,139,187
w120_i080_motor_004_631401,0.1,950,117,256
w120_i080_motor_004_631401,0.1,960,130,209
w120_i080_motor_004_631401,0.1,970,193,184
w120_i080_motor_004_631401,0.1,980,217,174
w120_i080_motor_004_631401,0.1,990,203,204
w120_i080_motor_004_631401,0.05,0,27,27
w120_i080_motor_004_631401,0.05,10,63,66
w120_i080_motor_004_631401,0.05,20,129,149
w120_i080_motor_004_631401,0.05,30,258,303
w120_i080_motor_004_631401,0.05,40,314,198
w120_i080_motor_004_631401,0.05,50,126,101
w120_i080_motor_004_631401,0.05,60,143,177
w120_i080_motor_004_631401,0.05,70,116,196
w120_i080_motor_004_631401,0.05,80,173,240
w120_i080_motor_004_631401,0.05,90,280,165
w120_i080_motor_004_631401,0.05,100,191,254
w120_i080_motor_004_631401,0.05,110,218,174
w120_i080_motor_004_631401,0.05,120,206,269
w120_i080_motor_004_631401,0.05,130,203,209
w120_i080_motor_004_631401,0.05,140,260,257
w120_i080_motor_004_631401,0.05,150,122,291
w120_i080_motor_004_631401,0.05,160,141,197
w120_i080_motor_004_631401,0.05,170,192,206
w120_i080_motor_004_631401,0.05,180,229,255
w120_i080_motor_004_631401,0.05,190,127,242
w120_i080_motor_004_631401,0.05,200,241,201
w120_i080_motor_004_631401,0.05,210,282,214
w120_i080_motor_004_631401,0.05,220,149,202
w120_i080_motor_004_631401,0.05,230,199,240
w120_i080_motor_004_631401,0.05,240,217,206
w120_i080_motor_004_631401,0.05,250,165,142
w120_i080_motor_004_631401,0.05,260,97,126
w120_i080_motor_004_631401,0.05,270,172,252
w120_i080_motor_004_631401,0.05,280,284,224
w120_i080_motor_004_631401,0.05,290,160,263
w120_i080_motor_004_631401,0.05,300,83,219
w120_i080_motor_004_631401,0.05,310,145,253
w120_i080_motor_004_631401,0.05,320,177,244
w120_i080_motor_004_631401,0.05,330,168,146
w120_i080_motor_004_631401,0.05,340,167,195
w120_i080_motor_004_631401,0.05,350,257,247
w120_i080_motor_004_631401,0.05,360,207,169
w120_i080_motor_004_631401,0.05,370,117,223
w120_i080_motor_004_631401,0.05,380,122,222
w120_i080_motor_004_631401,0.05,390,189,199
w120_i080_motor_004_631401,0.05,400,247,252
w120_i080_motor_004_631401,0.05,410,209,220
w120_i080_motor_004_631401,0.05,420,184,174
w120_i080_motor_004_631401,0.05,430,140,202
w120_i080_motor_004_631401,0.05,440,279,234
w120_i080_motor_004_631401,0.05,450,193,211
w120_i080_motor_004_631401,0.05,460,105,265
w120_i080_motor_004_631401,0.05,470,120,260
w120_i080_motor_004_631401,0.05,480,167,209
w120_i080_motor_004_631401,0.05,490,180,209
w120_i080_motor_004_631401,0.05,500,179,214
w120_i080_motor_004_631401,0.05,510,232,198
w120_i080_motor_004_631401,0.05,520,214,200
w120_i080_motor_004_631401,0.05,530,160,206
w120_i080_motor_004_631401,0.05,540,116,178
w120_i080_motor_004_631401,0.05,550,151,269
w120_i080_motor_004_631401,0.05,560,219,260
w120_i080_motor_004_631401,0.05,570,253,219
w120_i080_motor_004_631401,0.05,580,160,225
w120_i080_motor_004_631401,0.05,590,150,203
w120_i080_motor_004_631401,0.05,600,275,275
w120_i080_motor_004_631401,0.05,610,213,256
w120_i080_motor_004_631401,0.05,620,106,216
w120_i080_motor_004_631401,0.05,630,81,211
w120_i080_motor_004_631401,0.05,640,144,222
w120_i080_motor_004_631401,0.05,650,219,224
w120_i080_motor_004_631401,0.05,660,192,231
w120_i080_motor_004_631401,0.05,670,208,222
w120_i080_motor_004_631401,0.05,680,239,263
w120_i080_motor_004_631401,0.05,690,213,174
w120_i080_motor_004_631401,0.05,700,139,226
w120_i080_motor_004_631401,0.05,710,164,259
w120_i080_motor_004_631401,0.05,720,183,213
w120_i080_motor_004_631401,0.05,730,263,183
w120_i080_motor_004_631401,0.05,740,170,269
w120_i080_motor_004_631401,0.05,750,135,241
w120_i080_motor_004_631401,0.05,760,216,183
w120_i080_motor_004_631401,0.05,770,254,248
w120_i080_motor_004_631401,0.05,780,190,274
w120_i080_motor_004_631401,0.05,790,190,174
w120_i080_motor_004_631401,0.05,800,222,221
w120_i080_motor_004_631401,0.05,810,178,163
w120_i080_motor_004_631401,0.05,820,176,246
w120_i080_motor_004_631401,0.05,830,230,263
w120_i080_motor_004_631401,0.05,840,298,291
w120_i080_motor_004_631401,0.05,850,223,205
w120_i080_motor_004_631401,0.05,860,111,253
w120_i080_motor_004_631401,0.05,870,154,209
w120_i080_motor_004_631401,0.05,880,243,216
w120_i080_motor_004_631401,0.05,890,187,198
w120_i080_motor_004_631401,0.05,900,178,279
w120_i080_motor_004_631401,0.05,910,255,207
w120_i080_motor_004_631401,0.05,920,180,134
w120_i080_motor_004_631401,0.05,930,84,129
w120_i080_motor_004_631401,0.05,940,84,274
w120_i080_motor_004_631401,0.05,950,133,167
w120_i080_motor_004_631401,0.05,960,195,135
w120_i080_motor_004_631401,0.05,970,199,136
w120_i080_motor_004_631401,0.05,980,198,190
w120_i080_motor_004_631401,0.05,990,145,197
w120_i080_motor_004_631401,0.025,0,27,27
w120_i080_motor_004_631401,0.025,10,64,68
w120_i080_motor_004_631401,0.025,20,128,150
w120_i080_motor_004_631401,0.025,30,258,305
w120_i080_motor_004_631401,0.025,40,310,200
w120_i080_motor_004_631401,0.025,50,119,110
w120_i080_motor_004_631401,0.025,60,78,170
w120_i080_motor_004_631401,0.025,70,118,202
w120_i080_motor_004_631401,0.025,80,115,221
w120_i080_motor_004_631401,0.025,90,205,236
w120_i080_motor_004_631401,0.025,100,272,284
w120_i080_motor_004_631401,0.025,110,215,193
w120_i080_motor_004_631401,0.025,120,194,218
w120_i080_motor_004_631401,0.025,130,202,267
w120_i080_motor_004_631401,0.025,140,275,189
w120_i080_motor_004_631401,0.025,150,218,124
w120_i080_motor_004_631401,0.025,160,110,149
w120_i080_motor_004_631401,0.025,170,103,250
w120_i080_motor_004_631401,0.025,180,136,215
w120_i080_motor_004_631401,0.025,190,221,219
w120_i080_motor_004_631401,0.025,200,303,194
w120_i080_motor_004_631401,0.025,210,151,214
w120_i080_motor_004_631401,0.025,220,96,192
w120_i080_motor_004_631401,0.025,230,128,232
w120_i080_motor_004_631401,0.025,240,225,162
w120_i080_motor_004_631401,0.025,250,216,141
w120_i080_motor_004_631401,0.025,260,169,168
w120_i080_motor_004_631401,0.025,270,208,254
w120_i080_motor_004_631401,0.025,280,193,236
w120_i080_motor_004_631401,0.025,290,169,190
w120_i080_motor_004_631401,0.025,300,229,200
w120_i080_motor_004_631401,0.025,310,194,199
w120_i080_motor_004_631401,0.025,320,148,220
w120_i080_motor_004_631401,0.025,330,184,205
w120_i080_motor_004_631401,0.025,340,228,234
w120_i080_motor_004_631401,0.025,350,249,232
w120_i080_motor_004_631401,0.025,360,193,168
w120_i080_motor_004_631401,0.025,370,124,263
w120_i080_motor_004_631401,0.025,380,145,266
w120_i080_motor_004_631401,0.025,390,235,231
w120_i080_motor_004_631401,0.025,400,289,233
w120_i080_motor_004_631401,0.025,410,141,188
w120_i080_motor_004_631401,0.025,420,111,166
w120_i080_motor_004_631401,0.025,430,112,278
w120_i080_motor_004_631401,0.025,440,134,254
w120_i080_motor_004_631401,0.025,450,220,225
w120_i080_motor_004_631401,0.025,460,183,195
w120_i080_motor_004_631401,0.025,470,184,260
w120_i080_motor_004_631401,0.025,480,170,149
w120_i080_motor_004_631401,0.025,490,200,93
w120_i080_motor_004_631401,0.025,500,198,157
w120_i080_motor_004_631401,0.025,510,220,230
w120_i080_motor_004_631401,0.025,520,311,301
w120_i080_motor_004_631401,0.025,530,175,149
w120_i080_motor_004_631401,0.025,540,91,99
w120_i080_motor_004_631401,0.025,550,152,174
w120_i080_motor_004_631401,0.025,560,254,281
w120_i080_motor_004_631401,0.025,570,201,207
w120_i080_motor_004_631401,0.025,580,137,252
w120_i080_motor_004_631401,0.025,590,220,214
w120_i080_motor_004_631401,0.025,600,258,236
w120_i080_motor_004_631401,0.025,610,150,225
w120_i080_motor_004_631401,0.025,620,189,204
w120_i080_motor_004_631401,0.025,630,164,193
w120_i080_motor_004_631401,0.025,640,244,190
w120_i080_motor_004_631401,0.025,650,226,202
w120_i080_motor_004_631401,0.025,660,160,249
w120_i080_motor_004_631401,0.025,670,183,205
w120_i080_motor_004_631401,0.025,680,278,228
w120_i080_motor_004_631401,0.025,690,172,176
w120_i080_motor_004_631401,0.025,700,133,207
w120_i080_motor_004_631401,0.025,710,176,233
w120_i080_motor_004_631401,0.025,720,189,182
w120_i080_motor_004_631401,0.025,730,280,189
w120_i080_motor_004_631401,0.025,740,208,264
w120_i080_motor_004_631401,0.025,750,202,229
w120_i080_motor_004_631401,0.025,760,256,259
w120_i080_motor_004_631401,0.025,770,171,136
w120_i080_motor_004_631401,0.025,780,163,194
w120_i080_motor_004_631401,0.025,790,165,257
w120_i080_motor_004_631401,0.025,800,187,171
w120_i080_motor_004_631401,0.025,810,209,199
w120_i080_motor_004_631401,0.025,820,183,172
w120_i080_motor_004_631401,0.025,830,192,235
w120_i080_motor_004_631401,0.025,840,285,295
w120_i080_motor_004_631401,0.025,850,182,196
w120_i080_motor_004_631401,0.025,860,106,226
w120_i080_motor_004_631401,0.025,870,195,240
w120_i080_motor_004_631401,0.025,880,272,214
w120_i080_motor_004_631401,0.025,890,191,217
w120_i080_motor_004_631401,0.025,900,146,265
w120_i080_motor_004_631401,0.025,910,232,166
w120_i080_motor_004_631401,0.025,920,186,265
w120_i080_motor_004_631401,0.025,930,119,116
w120_i080_motor_004_631401,0.025,940,176,104
w120_i080_motor_004_631401,0.025,950,191,194
w120_i080_motor_004_631401,0.025,960,226,251
w120_i080_motor_004_631401,0.025,970,204,137
w120_i080_motor_004_631401,0.025,980,153,203
w120_i080_motor_004_631401,0.025,990,191,289
w120_i080_motor_004_631401,0.0125,0,27,27
w120_i080_motor_004_631401,0.0125,10,64,68
w120_i080_motor_004_631401,0.0125,20,130,150
w120_i080_motor_004_631401,0.0125,30,258,285
w120_i080_motor_004_631401,0.0125,40,309,201
w120_i080_motor_004_631401,0.0125,50,117,113
w120_i080_motor_004_631401,0.0125,60,82,176
w120_i080_motor_004_631401,0.0125,70,117,143
w120_i080_motor_004_631401,0.0125,80,128,189
w120_i080_motor_004_631401,0.0125,90,198,203
w120_i080_motor_004_631401,0.0125,100,280,223
w120_i080_motor_004_631401,0.0125,110,203,276
w120_i080_motor_004_631401,0.0125,120,170,206
w120_i080_motor_004_631401,0.0125,130,201,155
w120_i080_motor_004_631401,0.0125,140,217,160
w120_i080_motor_004_631401,0.0125,150,190,259
w120_i080_motor_004_631401,0.0125,160,222,201
w120_i080_motor_004_631401,0.0125,170,127,207
w120_i080_motor_004_631401,0.0125,180,132,229
w120_i080_motor_004_631401,0.0125,190,271,284
w120_i080_motor_004_631401,0.0125,200,270,257
w120_i080_motor_004_631401,0.0125,210,140,217
w120_i080_motor_004_631401,0.0125,220,107,220
w120_i080_motor_004_631401,0.0125,230,204,274
w120_i080_motor_004_631401,0.0125,240,289,179
w120_i080_motor_004_631401,0.0125,250,173,131
w120_i080_motor_004_631401,0.0125,260,139,155
w120_i080_motor_004_631401,0.0125,270,126,250
w120_i080_motor_004_631401,0.0125,280,220,215
w120_i080_motor_004_631401,0.0125,290,289,218
w120_i080_motor_004_631401,0.0125,300,203,183
w120_i080_motor_004_631401,0.0125,310,146,248
w120_i080_motor_004_631401,0.0125,320,179,161
w120_i080_motor_004_631401,0.0125,330,193,122
w120_i080_motor_004_631401,0.0125,340,181,169
w120_i080_motor_004_631401,0.0125,350,187,262
w120_i080_motor_004_631401,0.0125,360,195,233
w120_i080_motor_004_631401,0.0125,370,221,118
w120_i080_motor_004_631401,0.0125,380,221,124
w120_i080_motor_004_631401,0.0125,390,186,201
w120_i080_motor_004_631401,0.0125,400,238,266
w120_i080_motor_004_631401,0.0125,410,175,256
w120_i080_motor_004_631401,0.0125,420,219,189
w120_i080_motor_004_631401,0.0125,430,252,280
w120_i080_motor_004_631401,0.0125,440,200,189
w120_i080_motor_004_631401,0.0125,450,150,177
w120_i080_motor_004_631401,0.0125,460,162,188
w120_i080_motor_004_631401,0.0125,470,245,223
w120_i080_motor_004_631401,0.0125,480,159,218
w120_i080_motor_004_631401,0.0125,490,122,230
w120_i080_motor_004_631401,0.0125,500,180,187
w120_i080_motor_004_631401,0.0125,510,253,174
w120_i080_motor_004_631401,0.0125,520,235,139
w120_i080_motor_004_631401,0.0125,530,128,149
w120_i080_motor_004_631401,0.0125,540,114,212
w120_i080_motor_004_631401,0.0125,550,145,165
w120_i080_motor_004_631401,0.0125,560,237,165
w120_i080_motor_004_631401,0.0125,570,198,235
w120_i080_motor_004_631401,0.0125,580,189,264
w120_i080_motor_004_631401,0.0125,590,226,249
w120_i080_motor_004_631401,0.0125,600,257,267
w120_i080_motor_004_631401,0.0125,610,160,216
w120_i080_motor_004_631401,0.0125,620,167,247
w120_i080_motor_004_631401,0.0125,630,144,198
w120_i080_motor_004_631401,0.0125,640,213,182
w120_i080_motor_004_631401,0.0125,650,216,156
w120_i080_motor_004_631401,0.0125,660,224,173
w120_i080_motor_004_631401,0.0125,670,214,264
w120_i080_motor_004_631401,0.0125,680,183,189
w120_i080_motor_004_631401,0.0125,690,208,207
w120_i080_motor_004_631401,0.0125,700,178,241
w120_i080_motor_004_631401,0.0125,710,170,141
w120_i080_motor_004_631401,0.0125,720,140,194
w120_i080_motor_004_631401,0.0125,730,208,218
w120_i080_motor_004_631401,0.0125,740,257,303
w120_i080_motor_004_631401,0.0125,750,233,244
w120_i080_motor_004_631401,0.0125,760,171,142
w120_i080_motor_004_631401,0.0125,770,123,206
w120_i080_motor_004_631401,0.0125,780,132,189
w120_i080_motor_004_631401,0.0125,790,207,188
w120_i080_motor_004_631401,0.0125,800,314,211
w120_i080_motor_004_631401,0.0125,810,166,139
w120_i080_motor_004_631401,0.0125,820,176,200
w120_i080_motor_004_631401,0.0125,830,185,251
w120_i080_motor_004_631401,0.0125,840,256,273
w120_i080_motor_004_631401,0.0125,850,265,253
w120_i080_motor_004_631401,0.0125,860,161,182
w120_i080_motor_004_631401,0.0125,870,167,230
w120_i080_motor_004_631401,0.0125,880,222,225
w120_i080_motor_004_631401,0.0125,890,203,262
w120_i080_motor_004_631401,0.0125,900,184,208
w120_i080_motor_004_631401,0.0125,910,211,196
w120_i080_motor_004_631401,0.0125,920,258,201
w120_i080_motor_004_631401,0.0125,930,121,241
w120_i080_motor_004_631401,0.0125,940,138,260
w120_i080_motor_004_631401,0.0125,950,233,214
w120_i080_motor_004_631401,0.0125,960,224,269
w120_i080_motor_004_631401,0.0125,970,133,225
w120_i080_motor_004_631401,0.0125,980,220,226
w120_i080_motor_004_631401,0.0125,990,226,158
w120_i080_motor_004_631401,0.00625,0,27,27
w120_i080_motor_004_631401,0.00625,10,64,68
w120_i080_motor_004_631401,0.00625,20,130,150
w120_i080_motor_004_631401,0.00625,30,259,287
w120_i080_motor_004_631401,0.00625,40,308,200
w120_i080_motor_004_631401,0.00625,50,117,115
w120_i080_motor_004_631401,0.00625,60,82,172
w120_i080_motor_004_631401,0.00625,70,118,138
w120_i080_motor_004_631401,0.00625,80,130,188
w120_i080_motor_004_631401,0.00625,90,187,243
w120_i080_motor_004_631401,0.00625,100,288,272
w120_i080_motor_004_631401,0.00625,110,202,230
w120_i080_motor_004_631401,0.00625,120,187,133
w120_i080_motor_004_631401,0.00625,130,217,188
w120_i080_motor_004_631401,0.00625,140,232,271
w120_i080_motor_004_631401,0.00625,150,199,225
w120_i080_motor_004_631401,0.00625,160,170,225
w120_i080_motor_004_631401,0.00625,170,191,162
w120_i080_motor_004_631401,0.00625,180,195,211
w120_i080_motor_004_631401,0.00625,190,223,298
w120_i080_motor_004_631401,0.00625,200,187,186
w120_i080_motor_004_631401,0.00625,210,227,185
w120_i080_motor_004_631401,0.00625,220,200,181
w120_i080_motor_004_631401,0.00625,230,155,233
w120_i080_motor_004_631401,0.00625,240,139,233
w120_i080_motor_004_631401,0.00625,250,173,164
w120_i080_motor_004_631401,0.00625,260,192,150
w120_i080_motor_004_631401,0.00625,270,176,234
w120_i080_motor_004_631401,0.00625,280,186,242
w120_i080_motor_004_631401,0.00625,290,214,216
w120_i080_motor_004_631401,0.00625,300,231,185
w120_i080_motor_004_631401,0.00625,310,164,253
w120_i080_motor_004_631401,0.00625,320,118,227
w120_i080_motor_004_631401,0.00625,330,200,183
w120_i080_motor_004_631401,0.00625,340,307,237
w120_i080_motor_004_631401,0.00625,350,239,247
w120_i080_motor_004_631401,0.00625,360,126,165
w120_i080_motor_004_631401,0.00625,370,217,250
w120_i080_motor_004_631401,0.00625,380,240,293
w120_i080_motor_004_631401,0.00625,390,222,197
w120_i080_motor_004_631401,0.00625,400,148,224
w120_i080_motor_004_631401,0.00625,410,228,221
w120_i080_motor_004_631401,0.00625,420,270,182
w120_i080_motor_004_631401,0.00625,430,129,286
w120_i080_motor_004_631401,0.00625,440,181,242
w120_i080_motor_004_631401,0.00625,450,167,223
w120_i080_motor_004_631401,0.00625,460,248,167
w120_i080_motor_004_631401,0.00625,470,173,162
w120_i080_motor_004_631401,0.00625,480,158,241
w120_i080_motor_004_631401,0.00625,490,165,239
w120_i080_motor_004_631401,0.00625,500,213,241
w120_i080_motor_004_631401,0.00625,510,221,213
w120_i080_motor_004_631401,0.00625,520,140,200
w120_i080_motor_004_631401,0.00625,530,161,243
w120_i080_motor_004_631401,0.00625,540,234,100
w120_i080_motor_004_631401,0.00625,550,194,166
w120_i080_motor_004_631401,0.00625,560,133,279
w120_i080_motor_004_631401,0.00625,570,242,243
w120_i080_motor_004_631401,0.00625,580,243,231
w120_i080_motor_004_631401,0.00625,590,237,210
w120_i080_motor_004_631401,0.00625,600,276,222
w120_i080_motor_004_631401,0.00625,610,141,195
w120_i080_motor_004_631401,0.00625,620,154,203
w120_i080_motor_004_631401,0.00625,630,156,159
w120_i080_motor_004_631401,0.00625,640,216,252
w120_i080_motor_004_631401,0.00625,650,227,200
w120_i080_motor_004_631401,0.00625,660,203,175
w120_i080_motor_004_631401,0.00625,670,169,249
w120_i080_motor_004_631401,0.00625,680,268,192
w120_i080_motor_004_631401,0.00625,690,240,207
w120_i080_motor_004_631401,0.00625,700,136,195
w120_i080_motor_004_631401,0.00625,710,163,208
w120_i080_motor_004_631401,0.00625,720,159,191
w120_i080_motor_004_631401,0.00625,730,209,194
w120_i080_motor_004_631401,0.00625,740,269,267
w120_i080_motor_004_631401,0.00625,750,291,202
w120_i080_motor_004_631401,0.00625,760,102,137
w120_i080_motor_004_631401,0.00625,770,106,206
w120_i080_motor_004_631401,0.00625,780,129,252
w120_i080_motor_004_631401,0.00625,790,166,174
w120_i080_motor_004_631401,0.00625,800,217,195
w120_i080_motor_004_631401,0.00625,810,289,278
w120_i080_motor_004_631401,0.00625,820,143,185
w120_i080_motor_004_631401,0.00625,830,199,167
w120_i080_motor_004_631401,0.00625,840,337,255
w120_i080_motor_004_631401,0.00625,850,276,258
w120_i080_motor_004_631401,0.00625,860,147,206
w120_i080_motor_004_631401,0.00625,870,136,210
w120_i080_motor_004_631401,0.00625,880,156,200
w120_i080_motor_004_631401,0.00625,890,209,229
w120_i080_motor_004_631401,0.00625,900,200,176
w120_i080_motor_004_631401,0.00625,910,174,223
w120_i080_motor_004_631401,0.00625,920,157,228
w120_i080_motor_004_631401,0.00625,930,123,159
w120_i080_motor_004_631401,0.00625,940,166,124
w120_i080_motor_004_631401,0.00625,950,195,167
w120_i080_motor_004_631401,0.00625,960,228,204
w120_i080_motor_004_631401,0.00625,970,196,207
w120_i080_motor_004_631401,0.00625,980,214,275
w120_i080_motor_004_631401,0.00625,990,224,199
w120_i080_motor_004_631427,0.1,0,40,40
w120_i080_motor_004_631427,0.1,10,83,90
w120_i080_motor_004_631427,0.1,20,166,185
w120_i080_motor_004_631427,0.1,30,320,298
w120_i080_motor_004_631427,0.1,40,197,247
w120_i080_motor_004_631427,0.1,50,63,223
w120_i080_motor_004_631427,0.1,60,127,283
w120_i080_motor_004_631427,0.1,70,233,190
w120_i080_motor_004_631427,0.1,80,238,136
w120_i080_motor_004_631427,0.1,90,192,135
w120_i080_motor_004_631427,0.1,100,165,220
w120_i080_motor_004_631427,0.1,110,170,230
w120_i080_motor_004_631427,0.1,120,246,175
w120_i080_motor_004_631427,0.1,130,517,150
w120_i080_motor_004_631427,0.1,140,480,175
w120_i080_motor_004_631427,0.1,150,258,155
w120_i080_motor_004_631427,0.1,160,283,274
w120_i080_motor_004_631427,0.1,170,528,251
w120_i080_motor_004_631427,0.1,180,691,194
w120_i080_motor_004_631427,0.1,190,3171,221
w120_i080_motor_004_631427,0.1,200,7256,300
w120_i080_motor_004_631427,0.1,210,8753,245
w120_i080_motor_004_631427,0.1,220,9203,200
w120_i080_motor_004_631427,0.1,230,9229,196
w120_i080_motor_004_631427,0.1,240,8927,158
w120_i080_motor_004_631427,0.1,250,8966,139
w120_i080_motor_004_631427,0.1,260,9358,219
w120_i080_motor_004_631427,0.1,270,9028,325
w120_i080_motor_004_631427,0.1,280,9303,202
w120_i080_motor_004_631427,0.1,290,9125,173
w120_i080_motor_004_631427,0.1,300,9218,201
w120_i080_motor_004_631427,0.1,310,9115,247
w120_i080_motor_004_631427,0.1,320,9165,198
w120_i080_motor_004_631427,0.1,330,9133,179
w120_i080_motor_004_631427,0.1,340,9008,241
w120_i080_motor_004_631427,0.1,350,9197,225
w120_i080_motor_004_631427,0.1,360,9338,212
w120_i080_motor_004_631427,0.1,370,9075,201
w120_i080_motor_004_631427,0.1,380,9202,225
w120_i080_motor_004_631427,0.1,390,9048,302
w120_i080_motor_004_631427,0.1,400,9028,224
w120_i080_motor_004_631427,0.1,410,9140,204
w120_i080_motor_004_631427,0.1,420,9449,259
w120_i080_motor_004_631427,0.1,430,8968,249
w120_i080_motor_004_631427,0.1,440,9116,169
w120_i080_motor_004_631427,0.1,450,9109,192
w120_i080_motor_004_631427,0.1,460,9365,215
w120_i080_motor_004_631427,0.1,470,9360,248
w120_i080_motor_004_631427,0.1,480,9059,219
w120_i080_motor_004_631427,0.1,490,9044,236
w120_i080_motor_004_631427,0.1,500,9190,213
w120_i080_motor_004_631427,0.1,510,9118,202
w120_i080_motor_004_631427,0.1,520,9052,143
w120_i080_motor_004_631427,0.1,530,9171,185
w120_i080_motor_004_631427,0.1,540,9194,228
w120_i080_motor_004_631427,0.1,550,9185,151
w120_i080_motor_004_631427,0.1,560,9097,179
w120_i080_motor_004_631427,0.1,570,9298,238
w120_i080_motor_004_631427,0.1,580,9148,160
w120_i080_motor_004_631427,0.1,590,9117,247
w120_i080_motor_004_631427,0.1,600,9247,267
w120_i080_motor_004_631427,0.1,610,9344,215
w120_i080_motor_004_631427,0.1,620,9272,209
w120_i080_motor_004_631427,0.1,630,9249,245
w120_i080_motor_004_631427,0.1,640,9128,270
w120_i080_motor_004_631427,0.1,650,9336,199
w120_i080_motor_004_631427,0.1,660,9310,154
w120_i080_motor_004_631427,0.1,670,9145,212
w120_i080_motor_004_631427,0.1,680,9105,281
w120_i080_motor_004_631427,0.1,690,9335,222
w120_i080_motor_004_631427,0.1,700,9244,195
w120_i080_motor_004_631427,0.1,710,9187,187
w120_i080_motor_004_631427,0.1,720,9135,198
w120_i080_motor_004_631427,0.1,730,9146,266
w120_i080_motor_004_631427,0.1,740,9257,179
w120_i080_motor_004_631427,0.1,750,9168,75
w120_i080_motor_004_631427,0.1,760,9243,101
w120_i080_motor_004_631427,0.1,770,9271,223
w120_i080_motor_004_631427,0.1,780,9002,228
w120_i080_motor_004_631427,0.1,790,9007,205
w120_i080_motor_004_631427,0.1,800,9339,176
w120_i080_motor_004_631427,0.1,810,9224,190
w120_i080_motor_004_631427,0.1,820,9386,195
w120_i080_motor_004_631427,0.1,830,9019,238
w120_i080_motor_004_631427,0.1,840,9224,218
w120_i080_motor_004_631427,0.1,850,9107,114
w120_i080_motor_004_631427,0.1,860,9232,228
w120_i080_motor_004_631427,0.1,870,9258,291
w120_i080_motor_004_631427,0.1,880,9108,206
w120_i080_motor_004_631427,0.1,890,9238,190
w120_i080_motor_004_631427,0.1,900,9193,238
w120_i080_motor_004_631427,0.1,910,9189,149
w120_i080_motor_004_631427,0.1,920,8965,150
w120_i080_motor_004_631427,0.1,930,9242,224
w120_i080_motor_004_631427,0.1,940,9109,227
w120_i080_motor_004_631427,0.1,950,9253,165
w120_i080_motor_004_631427,0.1,960,8795,232
w120_i080_motor_004_631427,0.1,970,9287,292
w120_i080_motor_004_631427,0.1,980,9224,281
w120_i080_motor_004_631427,0.1,990,9134,302
w120_i080_motor_004_631427,0.05,0,41,41
w120_i080_motor_004_631427,0.05,10,84,92
w120_i080_motor_004_631427,0.05,20,175,193
w120_i080_motor_004_631427,0.05,30,347,300
w120_i080_motor_004_631427,0.05,40,183,220
w120_i080_motor_004_631427,0.05,50,78,211
w120_i080_motor_004_631427,0.05,60,171,250
w120_i080_motor_004_631427,0.05,70,283,187
w120_i080_motor_004_631427,0.05,80,200,97
w120_i080_motor_004_631427,0.05,90,92,123
w120_i080_motor_004_631427,0.05,100,68,157
w120_i080_motor_004_631427,0.05,110,107,218
w120_i080_motor_004_631427,0.05,120,177,221
w120_i080_motor_004_631427,0.05,130,260,283
w120_i080_motor_004_631427,0.05,140,219,242
w120_i080_motor_004_631427,0.05,150,157,256
w120_i080_motor_004_631427,0.05,160,127,194
w120_i080_motor_004_631427,0.05,170,178,180
w120_i080_motor_004_631427,0.05,180,241,196
w120_i080_motor_004_631427,0.05,190,172,248
w120_i080_motor_004_631427,0.05,200,130,132
w120_i080_motor_004_631427,0.05,210,227,190
w120_i080_motor_004_631427,0.05,220,241,185
w120_i080_motor_004_631427,0.05,230,197,193
w120_i080_motor_004_631427,0.05,240,164,199
w120_i080_motor_004_631427,0.05,250,112,241
w120_i080_motor_004_631427,0.05,260,165,238
w120_i080_motor_004_631427,0.05,270,254,173
w120_i080_motor_004_631427,0.05,280,203,195
w120_i080_motor_004_631427,0.05,290,165,212
w120_i080_motor_004_631427,0.05,300,223,228
w120_i080_motor_004_631427,0.05,310,238,203
w120_i080_motor_004_631427,0.05,320,232,302
w120_i080_motor_004_631427,0.05,330,137,170
w120_i080_motor_004_631427,0.05,340,124,220
w120_i080_motor_004_631427,0.05,350,154,203
w120_i080_motor_004_631427,0.05,360,271,230
w120_i080_motor_004_631427,0.05,370,210,269
w120_i080_motor_004_631427,0.05,380,181,198
w120_i080_motor_004_631427,0.05,390,140,200
w120_i080_motor_004_631427,0.05,400,284,248
w120_i080_motor_004_631427,0.05,410,238,218
w120_i080_motor_004_631427,0.05,420,127,248
w120_i080_motor_004_631427,0.05,430,200,176
w120_i080_motor_004_631427,0.05,440,254,190
w120_i080_motor_004_631427,0.05,450,184,163
w120_i080_motor_004_631427,0.05,460,175,294
w120_i080_motor_004_631427,0.05,470,253,224
w120_i080_motor_004_631427,0.05,480,305,191
w120_i080_motor_004_631427,0.05,490,139,217
w120_i080_motor_004_631427,0.05,500,111,191
w120_i080_motor_004_631427,0.05,510,165,182
w120_i080_motor_004_631427,0.05,520,262,192
w120_i080_motor_004_631427,0.05,530,206,213
w120_i080_motor_004_631427,0.05,540,129,217
w120_i080_motor_004_631427,0.05,550,142,287
w120_i080_motor_004_631427,0.05,560,292,185
w120_i080_motor_004_631427,0.05,570,199,202
w120_i080_motor_004_631427,0.05,580,239,187
w120_i080_motor_004_631427,0.05,590,138,236
w120_i080_motor_004_631427,0.05,600,128,238
w120_i080_motor_004_631427,0.05,610,199,161
w120_i080_motor_004_631427,0.05,620,212,214
w120_i080_motor_004_631427,0.05,630,220,222
w120_i080_motor_004_631427,0.05,640,194,222
w120_i080_motor_004_631427,0.05,650,221,213
w120_i080_motor_004_631427,0.05,660,164,199
w120_i080_motor_004_631427,0.05,670,174,200
w120_i080_motor_004_631427,0.05,680,199,255
w120_i080_motor_004_631427,0.05,690,196,271
w120_i080_motor_004_631427,0.05,700,235,194
w120_i080_motor_004_631427,0.05,710,173,209
w120_i080_motor_004_631427,0.05,720,181,207
w120_i080_motor_004_631427,0.05,730,150,260
w120_i080_motor_004_631427,0.05,740,154,240
w120_i080_motor_004_631427,0.05,750,174,112
w120_i080_motor_004_631427,0.05,760,214,108
w120_i080_motor_004_631427,0.05,770,190,178
w120_i080_motor_004_631427,0.05,780,223,249
w120_i080_motor_004_631427,0.05,790,178,218
w120_i080_motor_004_631427,0.05,800,155,154
w120_i080_motor_004_631427,0.05,810,210,203
w120_i080_motor_004_631427,0.05,820,142,219
w120_i080_motor_004_631427,0.05,830,144,207
w120_i080_motor_004_631427,0.05,840,191,211
w120_i080_motor_004_631427,0.05,850,208,198
w120_i080_motor_004_631427,0.05,860,213,253
w120_i080_motor_004_631427,0.05,870,209,238
w120_i080_motor_004_631427,0.05,880,242,166
w120_i080_motor_004_631427,0.05,890,131,241
w120_i080_motor_004_631427,0.05,900,108,301
w120_i080_motor_004_631427,0.05,910,211,202
w120_i080_motor_004_631427,0.05,920,274,137
w120_i080_motor_004_631427,0.05,930,109,163
w120_i080_motor_004_631427,0.05,940,108,289
w120_i080_motor_004_631427,0.05,950,159,166
w120_i080_motor_004_631427,0.05,960,263,191
w120_i080_motor_004_631427,0.05,970,205,229
w120_i080_motor_004_631427,0.05,980,167,274
w120_i080_motor_004_631427,0.05,990,160,179
w120_i080_motor_004_631427,0.025,0,42,42
w120_i080_motor_004_631427,0.025,10,84,91
w120_i080_motor_004_631427,0.025,20,176,195
w120_i080_motor_004_631427,0.025,30,344,297
w120_i080_motor_004_631427,0.025,40,186,227
w120_i080_motor_004_631427,0.025,50,80,208
w120_i080_motor_004_631427,0.025,60,187,259
w120_i080_motor_004_631427,0.025,70,270,134
w120_i080_motor_004_631427,0.025,80,214,125
w120_i080_motor_004_631427,0.025,90,105,205
w120_i080_motor_004_631427,0.025,100,86,212
w120_i080_motor_004_631427,0.025,110,172,271
w120_i080_motor_004_631427,0.025,120,265,162
w120_i080_motor_004_631427,0.025,130,244,205
w120_i080_motor_004_631427,0.025,140,156,295
w120_i080_motor_004_631427,0.025,150,149,204
w120_i080_motor_004_631427,0.025,160,169,187
w120_i080_motor_004_631427,0.025,170,215,217
w120_i080_motor_004_631427,0.025,180,246,242
w120_i080_motor_004_631427,0.025,190,233,256
w120_i080_motor_004_631427,0.025,200,195,285
w120_i080_motor_004_631427,0.025,210,168,184
w120_i080_motor_004_631427,0.025,220,141,190
w120_i080_motor_004_631427,0.025,230,137,244
w120_i080_motor_004_631427,0.025,240,247,142
w120_i080_motor_004_631427,0.025,250,205,124
w120_i080_motor_004_631427,0.025,260,88,220
w120_i080_motor_004_631427,0.025,270,95,236
w120_i080_motor_004_631427,0.025,280,204,271
w120_i080_motor_004_631427,0.025,290,268,262
w120_i080_motor_004_631427,0.025,300,178,229
w120_i080_motor_004_631427,0.025,310,198,248
w120_i080_motor_004_631427,0.025,320,171,199
w120_i080_motor_004_631427,0.025,330,226,264
w120_i080_motor_004_631427,0.025,340,238,234
w120_i080_motor_004_631427,0.025,350,166,219
w120_i080_motor_004_631427,0.025,360,264,190
w120_i080_motor_004_631427,0.025,370,201,187
w120_i080_motor_004_631427,0.025,380,127,224
w120_i080_motor_004_631427,0.025,390,157,253
w120_i080_motor_004_631427,0.025,400,184,227
w120_i080_motor_004_631427,0.025,410,205,213
w120_i080_motor_004_631427,0.025,420,287,212
w120_i080_motor_004_631427,0.025,430,165,210
w120_i080_motor_004_631427,0.025,440,128,209
w120_i080_motor_004_631427,0.025,450,194,177
w120_i080_motor_004_631427,0.025,460,309,196
w120_i080_motor_004_631427,0.025,470,217,282
w120_i080_motor_004_631427,0.025,480,155,251
w120_i080_motor_004_631427,0.025,490,231,194
w120_i080_motor_004_631427,0.025,500,267,166
w120_i080_motor_004_631427,0.025,510,137,192
w120_i080_motor_004_631427,0.025,520,189,230
w120_i080_motor_004_631427,0.025,530,211,193
w120_i080_motor_004_631427,0.025,540,194,190
w120_i080_motor_004_631427,0.025,550,145,189
w120_i080_motor_004_631427,0.025,560,172,176
w120_i080_motor_004_631427,0.025,570,163,270
w120_i080_motor_004_631427,0.025,580,233,249
w120_i080_motor_004_631427,0.025,590,205,231
w120_i080_motor_004_631427,0.025,600,171,305
w120_i080_motor_004_631427,0.025,610,148,219
w120_i080_motor_004_631427,0.025,620,245,168
w120_i080_motor_004_631427,0.025,630,294,198
w120_i080_motor_004_631427,0.025,640,155,222
w120_i080_motor_004_631427,0.025,650,154,275
w120_i080_motor_004_631427,0.025,660,167,208
w120_i080_motor_004_631427,0.025,670,202,258
w120_i080_motor_004_631427,0.025,680,204,256
w120_i080_motor_004_631427,0.025,690,144,242
w120_i080_motor_004_631427,0.025,700,175,203
w120_i080_motor_004_631427,0.025,710,275,233
w120_i080_motor_004_631427,0.025,720,223,135
w120_i080_motor_004_631427,0.025,730,129,170
w120_i080_motor_004_631427,0.025,740,68,226
w120_i080_motor_004_631427,0.025,750,79,181
w120_i080_motor_004_631427,0.025,760,163,167
w120_i080_motor_004_631427,0.025,770,298,217
w120_i080_motor_004_631427,0.025,780,201,228
w120_i080_motor_004_631427,0.025,790,159,189
w120_i080_motor_004_631427,0.025,800,235,193
w120_i080_motor_004_631427,0.025,810,225,177
w120_i080_motor_004_631427,0.025,820,166,251
w120_i080_motor_004_631427,0.025,830,114,195
w120_i080_motor_004_631427,0.025,840,221,219
w120_i080_motor_004_631427,0.025,850,202,228
w120_i080_motor_004_631427,0.025,860,148,220
w120_i080_motor_004_631427,0.025,870,206,192
w120_i080_motor_004_631427,0.025,880,229,185
w120_i080_motor_004_631427,0.025,890,244,273
w120_i080_motor_004_631427,0.025,900,160,124
w120_i080_motor_004_631427,0.025,910,163,140
w120_i080_motor_004_631427,0.025,920,130,148
w120_i080_motor_004_631427,0.025,930,207,215
w120_i080_motor_004_631427,0.025,940,207,203
w120_i080_motor_004_631427,0.025,950,137,169
w120_i080_motor_004_631427,0.025,960,124,248
w120_i080_motor_004_631427,0.025,970,169,234
w120_i080_motor_004_631427,0.025,980,296,225
w120_i080_motor_004_631427,0.025,990,237,256
w120_i080_motor_004_631427,0.0125,0,42,42
w120_i080_motor_004_631427,0.0125,10,84,92
w120_i080_motor_004_631427,0.0125,20,176,186
w120_i080_motor_004_631427,0.0125,30,346,311
w120_i080_motor_004_631427,0.0125,40,186,222
w120_i080_motor_004_631427,0.0125,50,80,168
w120_i080_motor_004_631427,0.0125,60,191,277
w120_i080_motor_004_631427,0.0125,70,277,179
w120_i080_motor_004_631427,0.0125,80,223,173
w120_i080_motor_004_631427,0.0125,90,124,122
w120_i080_motor_004_631427,0.0125,100,64,182
w120_i080_motor_004_631427,0.0125,110,130,261
w120_i080_motor_004_631427,0.0125,120,194,214
w120_i080_motor_004_631427,0.0125,130,255,247
w120_i080_motor_004_631427,0.0125,140,183,177
w120_i080_motor_004_631427,0.0125,150,141,174
w120_i080_motor_004_631427,0.0125,160,188,221
w120_i080_motor_004_631427,0.0125,170,275,257
w120_i080_motor_004_631427,0.0125,180,216,273
w120_i080_motor_004_631427,0.0125,190,162,199
w120_i080_motor_004_631427,0.0125,200,198,138
w120_i080_motor_004_631427,0.0125,210,276,254
w120_i080_motor_004_631427,0.0125,220,183,267
w120_i080_motor_004_631427,0.0125,230,194,219
w120_i080_motor_004_631427,0.0125,240,213,181
w120_i080_motor_004_631427,0.0125,250,77,142
w120_i080_motor_004_631427,0.0125,260,103,186
w120_i080_motor_004_631427,0.0125,270,191,254
w120_i080_motor_004_631427,0.0125,280,283,230
w120_i080_motor_004_631427,0.0125,290,216,258
w120_i080_motor_004_631427,0.0125,300,148,257
w120_i080_motor_004_631427,0.0125,310,108,235
w120_i080_motor_004_631427,0.0125,320,251,218
w120_i080_motor_004_631427,0.0125,330,254,262
w120_i080_motor_004_631427,0.0125,340,198,258
w120_i080_motor_004_631427,0.0125,350,185,230
w120_i080_motor_004_631427,0.0125,360,183,228
w120_i080_motor_004_631427,0.0125,370,144,202
w120_i080_motor_004_631427,0.0125,380,219,260
w120_i080_motor_004_631427,0.0125,390,313,212
w120_i080_motor_004_631427,0.0125,400,223,232
w120_i080_motor_004_631427,0.0125,410,123,239
w120_i080_motor_004_631427,0.0125,420,110,272
w120_i080_motor_004_631427,0.0125,430,260,237
w120_i080_motor_004_631427,0.0125,440,221,212
w120_i080_motor_004_631427,0.0125,450,145,227
w120_i080_motor_004_631427,0.0125,460,174,248
w120_i080_motor_004_631427,0.0125,470,137,235
w120_i080_motor_004_631427,0.0125,480,192,198
w120_i080_motor_004_631427,0.0125,490,264,164
w120_i080_motor_004_631427,0.0125,500,209,257
w120_i080_motor_004_631427,0.0125,510,116,200
w120_i080_motor_004_631427,0.0125,520,99,178
w120_i080_motor_004_631427,0.0125,530,196,170
w120_i080_motor_004_631427,0.0125,540,208,175
w120_i080_motor_004_631427,0.0125,550,172,143
w120_i080_motor_004_631427,0.0125,560,107,258
w120_i080_motor_004_631427,0.0125,570,177,270
w120_i080_motor_004_631427,0.0125,580,228,214
w120_i080_motor_004_631427,0.0125,590,265,234
w120_i080_motor_004_631427,0.0125,600,257,227
w120_i080_motor_004_631427,0.0125,610,150,194
w120_i080_motor_004_631427,0.0125,620,153,198
w120_i080_motor_004_631427,0.0125,630,246,252
w120_i080_motor_004_631427,0.0125,640,263,196
w120_i080_motor_004_631427,0.0125,650,204,195
w120_i080_motor_004_631427,0.0125,660,129,200
w120_i080_motor_004_631427,0.0125,670,160,190
w120_i080_motor_004_631427,0.0125,680,233,182
w120_i080_motor_004_631427,0.0125,690,231,249
w120_i080_motor_004_631427,0.0125,700,227,215
w120_i080_motor_004_631427,0.0125,710,189,221
w120_i080_motor_004_631427,0.0125,720,137,160
w120_i080_motor_004_631427,0.0125,730,202,147
w120_i080_motor_004_631427,0.0125,740,130,252
w120_i080_motor_004_631427,0.0125,750,122,211
w120_i080_motor_004_631427,0.0125,760,79,213
w120_i080_motor_004_631427,0.0125,770,198,185
w120_i080_motor_004_631427,0.0125,780,274,181
w120_i080_motor_004_631427,0.0125,790,161,208
w120_i080_motor_004_631427,0.0125,800,183,188
w120_i080_motor_004_631427,0.0125,810,178,133
w120_i080_motor_004_631427,0.0125,820,174,193
w120_i080_motor_004_631427,0.0125,830,165,231
w120_i080_motor_004_631427,0.0125,840,178,257
w120_i080_motor_004_631427,0.0125,850,292,184
w120_i080_motor_004_631427,0.0125,860,179,216
w120_i080_motor_004_631427,0.0125,870,207,311
w120_i080_motor_004_631427,0.0125,880,212,214
w120_i080_motor_004_631427,0.0125,890,230,210
w120_i080_motor_004_631427,0.0125,900,191,265
w120_i080_motor_004_631427,0.0125,910,96,155
w120_i080_motor_004_631427,0.0125,920,164,122
w120_i080_motor_004_631427,0.0125,930,260,134
w120_i080_motor_004_631427,0.0125,940,157,165
w120_i080_motor_004_631427,0.0125,950,150,230
w120_i080_motor_004_631427,0.0125,960,206,257
w120_i080_motor_004_631427,0.0125,970,172,285
w120_i080_motor_004_631427,0.0125,980,278,240
w120_i080_motor_004_631427,0.0125,990,237,251
w120_i080_motor_004_631427,0.00625,0,42,42
w120_i080_motor_004_631427,0.00625,10,85,92
w120_i080_motor_004_631427,0.00625,20,175,186
w120_i080_motor_004_631427,0.00625,30,347,309
w120_i080_motor_004_631427,0.00625,40,185,220
w120_i080_motor_004_631427,0.00625,50,79,210
w120_i080_motor_004_631427,0.00625,60,188,260
w120_i080_motor_004_631427,0.00625,70,274,212
w120_i080_motor_004_631427,0.00625,80,213,180
w120_i080_motor_004_631427,0.00625,90,108,123
w120_i080_motor_004_631427,0.00625,100,68,157
w120_i080_motor_004_631427,0.00625,110,127,247
w120_i080_motor_004_631427,0.00625,120,194,186
w120_i080_motor_004_631427,0.00625,130,275,173
w120_i080_motor_004_631427,0.00625,140,235,184
w120_i080_motor_004_631427,0.00625,150,164,218
w120_i080_motor_004_631427,0.00625,160,122,191
w120_i080_motor_004_631427,0.00625,170,247,246
w120_i080_motor_004_631427,0.00625,180,275,185
w120_i080_motor_004_631427,0.00625,190,115,158
w120_i080_motor_004_631427,0.00625,200,80,217
w120_i080_motor_004_631427,0.00625,210,119,250
w120_i080_motor_004_631427,0.00625,220,256,218
w120_i080_motor_004_631427,0.00625,230,201,189
w120_i080_motor_004_631427,0.00625,240,185,143
w120_i080_motor_004_631427,0.00625,250,146,172
w120_i080_motor_004_631427,0.00625,260,133,191
w120_i080_motor_004_631427,0.00625,270,273,239
w120_i080_motor_004_631427,0.00625,280,169,192
w120_i080_motor_004_631427,0.00625,290,182,188
w120_i080_motor_004_631427,0.00625,300,306,277
w120_i080_motor_004_631427,0.00625,310,248,229
w120_i080_motor_004_631427,0.00625,320,175,227
w120_i080_motor_004_631427,0.00625,330,163,261
w120_i080_motor_004_631427,0.00625,340,229,283
w120_i080_motor_004_631427,0.00625,350,194,263
w120_i080_motor_004_631427,0.00625,360,137,158
w120_i080_motor_004_631427,0.00625,370,145,177
w120_i080_motor_004_631427,0.00625,380,265,274
w120_i080_motor_004_631427,0.00625,390,225,246
w120_i080_motor_004_631427,0.00625,400,139,179
w120_i080_motor_004_631427,0.00625,410,122,184
w120_i080_motor_004_631427,0.00625,420,252,266
w120_i080_motor_004_631427,0.00625,430,260,256
w120_i080_motor_004_631427,0.00625,440,161,175
w120_i080_motor_004_631427,0.00625,450,105,228
w120_i080_motor_004_631427,0.00625,460,175,316
w120_i080_motor_004_631427,0.00625,470,224,170
w120_i080_motor_004_631427,0.00625,480,282,140
w120_i080_motor_004_631427,0.00625,490,178,142
w120_i080_motor_004_631427,0.00625,500,127,223
w120_i080_motor_004_631427,0.00625,510,121,177
w120_i080_motor_004_631427,0.00625,520,159,259
w120_i080_motor_004_631427,0.00625,530,172,200
w120_i080_motor_004_631427,0.00625,540,155,125
w120_i080_motor_004_631427,0.00625,550,181,86
w120_i080_motor_004_631427,0.00625,560,217,159
w120_i080_motor_004_631427,0.00625,570,198,263
w120_i080_motor_004_631427,0.00625,580,194,161
w120_i080_motor_004_631427,0.00625,590,212,139
w120_i080_motor_004_631427,0.00625,600,181,229
w120_i080_motor_004_631427,0.00625,610,174,256
w120_i080_motor_004_631427,0.00625,620,209,257
w120_i080_motor_004_631427,0.00625,630,191,165
w120_i080_motor_004_631427,0.00625,640,194,175
w120_i080_motor_004_631427,0.00625,650,172,226
w120_i080_motor_004_631427,0.00625,660,136,222
w120_i080_motor_004_631427,0.00625,670,299,175
w120_i080_motor_004_631427,0.00625,680,268,209
w120_i080_motor_004_631427,0.00625,690,191,266
w120_i080_motor_004_631427,0.00625,700,139,212
w120_i080_motor_004_631427,0.00625,710,141,242
w120_i080_motor_004_631427,0.00625,720,234,263
w120_i080_motor_004_631427,0.00625,730,201,183
w120_i080_motor_004_631427,0.00625,740,168,169
w120_i080_motor_004_631427,0.00625,750,138,256
w120_i080_motor_004_631427,0.00625,760,201,201
w120_i080_motor_004_631427,0.00625,770,261,170
w120_i080_motor_004_631427,0.00625,780,153,175
w120_i080_motor_004_631427,0.00625,790,106,240
w120_i080_motor_004_631427,0.00625,800,193,272
w120_i080_motor_004_631427,0.00625,810,232,157
w120_i080_motor_004_631427,0.00625,820,165,167
w120_i080_motor_004_631427,0.00625,830,135,221
w120_i080_motor_004_631427,0.00625,840,126,249
w120_i080_motor_004_631427,0.00625,850,171,273
w120_i080_motor_004_631427,0.00625,860,249,219
w120_i080_motor_004_631427,0.00625,870,216,252
w120_i080_motor_004_631427,0.00625,880,160,270
w120_i080_motor_004_631427,0.00625,890,199,219
w120_i080_motor_004_631427,0.00625,900,204,167
w120_i080_motor_004_631427,0.00625,910,224,221
w120_i080_motor_004_631427,0.00625,920,146,163
w120_i080_motor_004_631427,0.00625,930,171,229
w120_i080_motor_004_631427,0.00625,940,196,230
w120_i080_motor_004_631427,0.00625,950,170,151
w120_i080_motor_004_631427,0.00625,960,177,226
w120_i080_motor_004_631427,0.00625,970,218,273
w120_i080_motor_004_631427,0.00625,980,261,260
w120_i080_motor_004_631427,0.00625,990,202,178
w120_i080_motor_005_631408,0.1,0,47,47
w120_i080_motor_005_631408,0.1,10,81,95
w120_i080_motor_005_631408,0.1,20,163,224
w120_i080_motor_005_631408,0.1,30,321,326
w120_i080_motor_005_631408,0.1,40,240,216
w120_i080_motor_005_631408,0.1,50,138,207
w120_i080_motor_005_631408,0.1,60,142,180
w120_i080_motor_005_631408,0.1,70,151,164
w120_i080_motor_005_631408,0.1,80,160,197
w120_i080_motor_005_631408,0.1,90,215,235
w120_i080_motor_005_631408,0.1,100,208,211
w120_i080_motor_005_631408,0.1,110,150,203
w120_i080_motor_005_631408,0.1,120,213,212
w120_i080_motor_005_631408,0.1,130,197,264
w120_i080_motor_005_631408,0.1,140,204,225
w120_i080_motor_005_631408,0.1,150,198,208
w120_i080_motor_005_631408,0.1,160,199,209
w120_i080_motor_005_631408,0.1,170,241,291
w120_i080_motor_005_631408,0.1,180,224,200
w120_i080_motor_005_631408,0.1,190,225,239
w120_i080_motor_005_631408,0.1,200,147,251
w120_i080_motor_005_631408,0.1,210,152,200
w120_i080_motor_005_631408,0.1,220,205,192
w120_i080_motor_005_631408,0.1,230,278,277
w120_i080_motor_005_631408,0.1,240,205,251
w120_i080_motor_005_631408,0.1,250,182,242
w120_i080_motor_005_631408,0.1,260,208,198
w120_i080_motor_005_631408,0.1,270,153,174
w120_i080_motor_005_631408,0.1,280,172,287
w120_i080_motor_005_631408,0.1,290,194,325
w120_i080_motor_005_631408,0.1,300,246,304
w120_i080_motor_005_631408,0.1,310,220,269
w120_i080_motor_005_631408,0.1,320,255,182
w120_i080_motor_005_631408,0.1,330,180,150
w120_i080_motor_005_631408,0.1,340,177,250
w120_i080_motor_005_631408,0.1,350,117,204
w120_i080_motor_005_631408,0.1,360,167,247
w120_i080_motor_005_631408,0.1,370,209,161
w120_i080_motor_005_631408,0.1,380,154,196
w120_i080_motor_005_631408,0.1,390,198,272
w120_i080_motor_005_631408,0.1,400,205,234
w120_i080_motor_005_631408,0.1,410,149,213
w120_i080_motor_005_631408,0.1,420,145,240
w120_i080_motor_005_631408,0.1,430,201,167
w120_i080_motor_005_631408,0.1,440,238,230
w120_i080_motor_005_631408,0.1,450,168,248
w120_i080_motor_005_631408,0.1,460,131,187
w120_i080_motor_005_631408,0.1,470,204,248
w120_i080_motor_005_631408,0.1,480,129,112
w120_i080_motor_005_631408,0.1,490,139,125
w120_i080_motor_005_631408,0.1,500,203,230
w120_i080_motor_005_631408,0.1,510,210,269
w120_i080_motor_005_631408,0.1,520,231,217
w120_i080_motor_005_631408,0.1,530,195,229
w120_i080_motor_005_631408,0.1,540,226,184
w120_i080_motor_005_631408,0.1,550,180,326
w120_i080_motor_005_631408,0.1,560,132,222
w120_i080_motor_005_631408,0.1,570,169,200
w120_i080_motor_005_631408,0.1,580,245,169
w120_i080_motor_005_631408,0.1,590,178,198
w120_i080_motor_005_631408,0.1,600,194,218
w120_i080_motor_005_631408,0.1,610,152,168
w120_i080_motor_005_631408,0.1,620,241,248
w120_i080_motor_005_631408,0.1,630,230,202
w120_i080_motor_005_631408,0.1,640,169,201
w120_i080_motor_005_631408,0.1,650,123,173
w120_i080_motor_005_631408,0.1,660,172,256
w120_i080_motor_005_631408,0.1,670,260,236
w120_i080_motor_005_631408,0.1,680,218,223
w120_i080_motor_005_631408,0.1,690,173,253
w120_i080_motor_005_631408,0.1,700,203,284
w120_i080_motor_005_631408,0.1,710,204,249
w120_i080_motor_005_631408,0.1,720,213,186
w120_i080_motor_005_631408,0.1,730,171,239
w120_i080_motor_005_631408,0.1,740,159,178
w120_i080_motor_005_631408,0.1,750,246,196
w120_i080_motor_005_631408,0.1,760,229,250
w120_i080_motor_005_631408,0.1,770,152,198
w120_i080_motor_005_631408,0.1,780,190,203
w120_i080_motor_005_631408,0.1,790,273,303
w120_i080_motor_005_631408,0.1,800,249,180
w120_i080_motor_005_631408,0.1,810,142,110
w120_i080_motor_005_631408,0.1,820,193,177
w120_i080_motor_005_631408,0.1,830,241,240
w120_i080_motor_005_631408,0.1,840,212,276
w120_i080_motor_005_631408,0.1,850,155,171
w120_i080_motor_005_631408,0.1,860,135,271
w120_i080_motor_005_631408,0.1,870,186,243
w120_i080_motor_005_631408,0.1,880,324,244
w120_i080_motor_005_631408,0.1,890,205,191
w120_i080_motor_005_631408,0.1,900,88,208
w120_i080_motor_005_631408,0.1,910,118,60
w120_i080_motor_005_631408,0.1,920,231,110
w120_i080_motor_005_631408,0.1,930,232,226
w120_i080_motor_005_631408,0.1,940,235,312
w120_i080_motor_005_631408,0.1,950,229,233
w120_i080_motor_005_631408,0.1,960,235,148
w120_i080_motor_005_631408,0.1,970,117,210
w120_i080_motor_005_631408,0.1,980,166,302
w120_i080_motor_005_631408,0.1,990,245,222
w120_i080_motor_005_631408,0.05,0,47,47
w120_i080_motor_005_631408,0.05,10,85,96
w120_i080_motor_005_631408,0.05,20,170,230
w120_i080_motor_005_631408,0.05,30,318,319
w120_i080_motor_005_631408,0.05,40,241,255
w120_i080_motor_005_631408,0.05,50,147,198
w120_i080_motor_005_631408,0.05,60,188,204
w120_i080_motor_005_631408,0.05,70,170,156
w120_i080_motor_005_631408,0.05,80,162,150
w120_i080_motor_005_631408,0.05,90,231,193
w120_i080_motor_005_631408,0.05,100,213,220
w120_i080_motor_005_631408,0.05,110,99,220
w120_i080_motor_005_631408,0.05,120,86,214
w120_i080_motor_005_631408,0.05,130,210,283
w120_i080_motor_005_631408,0.05,140,254,169
w120_i080_motor_005_631408,0.05,150,231,154
w120_i080_motor_005_631408,0.05,160,146,229
w120_i080_motor_005_631408,0.05,170,231,295
w120_i080_motor_005_631408,0.05,180,256,245
w120_i080_motor_005_631408,0.05,190,183,151
w120_i080_motor_005_631408,0.05,200,175,222
w120_i080_motor_005_631408,0.05,210,181,265
w120_i080_motor_005_631408,0.05,220,234,167
w120_i080_motor_005_631408,0.05,230,195,180
w120_i080_motor_005_631408,0.05,240,248,246
w120_i080_motor_005_631408,0.05,250,214,211
w120_i080_motor_005_631408,0.05,260,223,195
w120_i080_motor_005_631408,0.05,270,261,198
w120_i080_motor_005_631408,0.05,280,148,319
w120_i080_motor_005_631408,0.05,290,157,268
w120_i080_motor_005_631408,0.05,300,204,172
w120_i080_motor_005_631408,0.05,310,253,265
w120_i080_motor_005_631408,0.05,320,202,213
w120_i080_motor_005_631408,0.05,330,217,249
w120_i080_motor_005_631408,0.05,340,260,225
w120_i080_motor_005_631408,0.05,350,163,189
w120_i080_motor_005_631408,0.05,360,213,186
w120_i080_motor_005_631408,0.05,370,173,219
w120_i080_motor_005_631408,0.05,380,134,226
w120_i080_motor_005_631408,0.05,390,178,183
w120_i080_motor_005_631408,0.05,400,286,198
w120_i080_motor_005_631408,0.05,410,234,317
w120_i080_motor_005_631408,0.05,420,225,214
w120_i080_motor_005_631408,0.05,430,208,223
w120_i080_motor_005_631408,0.05,440,163,200
w120_i080_motor_005_631408,0.05,450,195,211
w120_i080_motor_005_631408,0.05,460,246,239
w120_i080_motor_005_631408,0.05,470,185,198
w120_i080_motor_005_631408,0.05,480,144,155
w120_i080_motor_005_631408,0.05,490,185,154
w120_i080_motor_005_631408,0.05,500,265,240
w120_i080_motor_005_631408,0.05,510,205,271
w120_i080_motor_005_631408,0.05,520,150,232
w120_i080_motor_005_631408,0.05,530,152,218
w120_i080_motor_005_631408,0.05,540,181,215
w120_i080_motor_005_631408,0.05,550,229,251
w120_i080_motor_005_631408,0.05,560,256,181
w120_i080_motor_005_631408,0.05,570,198,187
w120_i080_motor_005_631408,0.05,580,164,267
w120_i080_motor_005_631408,0.05,590,202,232
w120_i080_motor_005_631408,0.05,600,240,200
w120_i080_motor_005_631408,0.05,610,208,226
w120_i080_motor_005_631408,0.05,620,185,238
w120_i080_motor_005_631408,0.05,630,176,129
w120_i080_motor_005_631408,0.05,640,181,213
w120_i080_motor_005_631408,0.05,650,165,183
w120_i080_motor_005_631408,0.05,660,218,243
w120_i080_motor_005_631408,0.05,670,269,228
w120_i080_motor_005_631408,0.05,680,215,166
w120_i080_motor_005_631408,0.05,690,152,176
w120_i080_motor_005_631408,0.05,700,262,253
w120_i080_motor_005_631408,0.05,710,316,252
w120_i080_motor_005_631408,0.05,720,124,255
w120_i080_motor_005_631408,0.05,730,82,167
w120_i080_motor_005_631408,0.05,740,179,174
w120_i080_motor_005_631408,0.05,750,210,275
w120_i080_motor_005_631408,0.05,760,214,234
w120_i080_motor_005_631408,0.05,770,286,191
w120_i080_motor_005_631408,0.05,780,203,165
w120_i080_motor_005_631408,0.05,790,206,189
w120_i080_motor_005_631408,0.05,800,221,272
w120_i080_motor_005_631408,0.05,810,130,161
w120_i080_motor_005_631408,0.05,820,158,232
w120_i080_motor_005_631408,0.05,830,253,323
w120_i080_motor_005_631408,0.05,840,224,185
w120_i080_motor_005_631408,0.05,850,153,149
w120_i080_motor_005_631408,0.05,860,135,198
w120_i080_motor_005_631408,0.05,870,202,141
w120_i080_motor_005_631408,0.05,880,270,171
w120_i080_motor_005_631408,0.05,890,112,229
w120_i080_motor_005_631408,0.05,900,162,284
w120_i080_motor_005_631408,0.05,910,200,152
w120_i080_motor_005_631408,0.05,920,180,127
w120_i080_motor_005_631408,0.05,930,117,126
w120_i080_motor_005_631408,0.05,940,173,297
w120_i080_motor_005_631408,0.05,950,161,265
w120_i080_motor_005_631408,0.05,960,148,251
w120_i080_motor_005_631408,0.05,970,211,174
w120_i080_motor_005_631408,0.05,980,189,260
w120_i080_motor_005_631408,0.05,990,174,272
w120_i080_motor_005_631408,0.025,0,47,47
w120_i080_motor_005_631408,0.025,10,85,96
w120_i080_motor_005_631408,0.025,20,170,231
w120_i080_motor_005_631408,0.025,30,319,320
w120_i080_motor_005_631408,0.025,40,241,256
w120_i080_motor_005_631408,0.025,50,123,198
w120_i080_motor_005_631408,0.025,60,126,221
w120_i080_motor_005_631408,0.025,70,169,173
w120_i080_motor_005_631408,0.025,80,197,242
w120_i080_motor_005_631408,0.025,90,244,213
w120_i080_motor_005_631408,0.025,100,297,153
w120_i080_motor_005_631408,0.025,110,115,212
w120_i080_motor_005_631408,0.025,120,140,222
w120_i080_motor_005_631408,0.025,130,177,196
w120_i080_motor_005_631408,0.025,140,283,221
w120_i080_motor_005_631408,0.025,150,230,245
w120_i080_motor_005_631408,0.025,160,197,244
w120_i080_motor_005_631408,0.025,170,226,186
w120_i080_motor_005_631408,0.025,180,177,224
w120_i080_motor_005_631408,0.025,190,209,247
w120_i080_motor_005_631408,0.025,200,206,264
w120_i080_motor_005_631408,0.025,210,210,192
w120_i080_motor_005_631408,0.025,220,200,252
w120_i080_motor_005_631408,0.025,230,220,261
w120_i080_motor_005_631408,0.025,240,363,259
w120_i080_motor_005_631408,0.025,250,171,264
w120_i080_motor_005_631408,0.025,260,178,228
w120_i080_motor_005_631408,0.025,270,210,154
w120_i080_motor_005_631408,0.025,280,249,212
w120_i080_motor_005_631408,0.025,290,245,238
w120_i080_motor_005_631408,0.025,300,177,206
w120_i080_motor_005_631408,0.025,310,170,212
w120_i080_motor_005_631408,0.025,320,187,288
w120_i080_motor_005_631408,0.025,330,270,200
w120_i080_motor_005_631408,0.025,340,151,147
w120_i080_motor_005_631408,0.025,350,105,121
w120_i080_motor_005_631408,0.025,360,124,228
w120_i080_motor_005_631408,0.025,370,229,276
w120_i080_motor_005_631408,0.025,380,259,200
w120_i080_motor_005_631408,0.025,390,174,160
w120_i080_motor_005_631408,0.025,400,175,224
w120_i080_motor_005_631408,0.025,410,219,245
w120_i080_motor_005_631408,0.025,420,270,248
w120_i080_motor_005_631408,0.025,430,209,224
w120_i080_motor_005_631408,0.025,440,188,168
w120_i080_motor_005_631408,0.025,450,164,277
w120_i080_motor_005_631408,0.025,460,203,278
w120_i080_motor_005_631408,0.025,470,141,175
w120_i080_motor_005_631408,0.025,480,90,190
w120_i080_motor_005_631408,0.025,490,185,201
w120_i080_motor_005_631408,0.025,500,263,209
w120_i080_motor_005_631408,0.025,510,183,193
w120_i080_motor_005_631408,0.025,520,116,198
w120_i080_motor_005_631408,0.025,530,183,205
w120_i080_motor_005_631408,0.025,540,186,206
w120_i080_motor_005_631408,0.025,550,177,204
w120_i080_motor_005_631408,0.025,560,220,226
w120_i080_motor_005_631408,0.025,570,274,150
w120_i080_motor_005_631408,0.025,580,103,214
w120_i080_motor_005_631408,0.025,590,86,286
w120_i080_motor_005_631408,0.025,600,182,181
w120_i080_motor_005_631408,0.025,610,296,136
w120_i080_motor_005_631408,0.025,620,196,254
w120_i080_motor_005_631408,0.025,630,148,168
w120_i080_motor_005_631408,0.025,640,185,96
w120_i080_motor_005_631408,0.025,650,229,178
w120_i080_motor_005_631408,0.025,660,146,228
w120_i080_motor_005_631408,0.025,670,201,238
w120_i080_motor_005_631408,0.025,680,288,235
w120_i080_motor_005_631408,0.025,690,239,226
w120_i080_motor_005_631408,0.025,700,190,231
w120_i080_motor_005_631408,0.025,710,230,252
w120_i080_motor_005_631408,0.025,720,131,245
w120_i080_motor_005_631408,0.025,730,264,279
w120_i080_motor_005_631408,0.025,740,220,190
w120_i080_motor_005_631408,0.025,750,162,194
w120_i080_motor_005_631408,0.025,760,157,175
w120_i080_motor_005_631408,0.025,770,119,193
w120_i080_motor_005_631408,0.025,780,184,244
w120_i080_motor_005_631408,0.025,790,226,259
w120_i080_motor_005_631408,0.025,800,194,177
w120_i080_motor_005_631408,0.025,810,139,179
w120_i080_motor_005_631408,0.025,820,176,205
w120_i080_motor_005_631408,0.025,830,250,248
w120_i080_motor_005_631408,0.025,840,271,202
w120_i080_motor_005_631408,0.025,850,179,183
w120_i080_motor_005_631408,0.025,860,181,167
w120_i080_motor_005_631408,0.025,870,263,262
w120_i080_motor_005_631408,0.025,880,228,311
w120_i080_motor_005_631408,0.025,890,105,214
w120_i080_motor_005_631408,0.025,900,140,170
w120_i080_motor_005_631408,0.025,910,193,242
w120_i080_motor_005_631408,0.025,920,301,221
w120_i080_motor_005_631408,0.025,930,219,139
w120_i080_motor_005_631408,0.025,940,128,182
w120_i080_motor_005_631408,0.025,950,158,217
w120_i080_motor_005_631408,0.025,960,235,299
w120_i080_motor_005_631408,0.025,970,204,164
w120_i080_motor_005_631408,0.025,980,217,176
w120_i080_motor_005_631408,0.025,990,156,294
w120_i080_motor_005_631408,0.0125,0,47,47
w120_i080_motor_005_631408,0.0125,10,85,96
w120_i080_motor_005_631408,0.0125,20,170,231
w120_i080_motor_005_631408,0.0125,30,319,322
w120_i080_motor_005_631408,0.0125,40,246,269
w120_i080_motor_005_631408,0.0125,50,115,189
w120_i080_motor_005_631408,0.0125,60,124,177
w120_i080_motor_005_631408,0.0125,70,185,119
w120_i080_motor_005_631408,0.0125,80,227,167
w120_i080_motor_005_631408,0.0125,90,215,242
w120_i080_motor_005_631408,0.0125,100,220,230
w120_i080_motor_005_631408,0.0125,110,102,274
w120_i080_motor_005_631408,0.0125,120,84,181
w120_i080_motor_005_631408,0.0125,130,132,185
w120_i080_motor_005_631408,0.0125,140,303,250
w120_i080_motor_005_631408,0.0125,150,283,300
w120_i080_motor_005_631408,0.0125,160,164,250
w120_i080_motor_005_631408,0.0125,170,176,209
w120_i080_motor_005_631408,0.0125,180,213,240
w120_i080_motor_005_631408,0.0125,190,277,256
w120_i080_motor_005_631408,0.0125,200,167,217
w120_i080_motor_005_631408,0.0125,210,180,186
w120_i080_motor_005_631408,0.0125,220,269,237
w120_i080_motor_005_631408,0.0125,230,215,247
w120_i080_motor_005_631408,0.0125,240,154,312
w120_i080_motor_005_631408,0.0125,250,183,126
w120_i080_motor_005_631408,0.0125,260,260,97
w120_i080_motor_005_631408,0.0125,270,205,207
w120_i080_motor_005_631408,0.0125,280,156,196
w120_i080_motor_005_631408,0.0125,290,193,270
w120_i080_motor_005_631408,0.0125,300,258,235
w120_i080_motor_005_631408,0.0125,310,219,205
w120_i080_motor_005_631408,0.0125,320,150,277
w120_i080_motor_005_631408,0.0125,330,190,257
w120_i080_motor_005_631408,0.0125,340,178,176
w120_i080_motor_005_631408,0.0125,350,165,151
w120_i080_motor_005_631408,0.0125,360,174,211
w120_i080_motor_005_631408,0.0125,370,203,257
w120_i080_motor_005_631408,0.0125,380,215,201
w120_i080_motor_005_631408,0.0125,390,225,183
w120_i080_motor_005_631408,0.0125,400,187,203
w120_i080_motor_005_631408,0.0125,410,216,199
w120_i080_motor_005_631408,0.0125,420,139,246
w120_i080_motor_005_631408,0.0125,430,199,184
w120_i080_motor_005_631408,0.0125,440,185,126
w120_i080_motor_005_631408,0.0125,450,160,238
w120_i080_motor_005_631408,0.0125,460,215,221
w120_i080_motor_005_631408,0.0125,470,202,251
w120_i080_motor_005_631408,0.0125,480,230,141
w120_i080_motor_005_631408,0.0125,490,193,189
w120_i080_motor_005_631408,0.0125,500,243,222
w120_i080_motor_005_631408,0.0125,510,202,241
w120_i080_motor_005_631408,0.0125,520,182,202
w120_i080_motor_005_631408,0.0125,530,148,252
w120_i080_motor_005_631408,0.0125,540,176,243
w120_i080_motor_005_631408,0.0125,550,252,226
w120_i080_motor_005_631408,0.0125,560,164,203
w120_i080_motor_005_631408,0.0125,570,238,202
w120_i080_motor_005_631408,0.0125,580,190,257
w120_i080_motor_005_631408,0.0125,590,97,262
w120_i080_motor_005_631408,0.0125,600,112,218
w120_i080_motor_005_631408,0.0125,610,184,177
w120_i080_motor_005_631408,0.0125,620,273,259
w120_i080_motor_005_631408,0.0125,630,276,176
w120_i080_motor_005_631408,0.0125,640,141,223
w120_i080_motor_005_631408,0.0125,650,157,177
w120_i080_motor_005_631408,0.0125,660,200,237
w120_i080_motor_005_631408,0.0125,670,281,305
w120_i080_motor_005_631408,0.0125,680,161,178
w120_i080_motor_005_631408,0.0125,690,137,208
w120_i080_motor_005_631408,0.0125,700,282,222
w120_i080_motor_005_631408,0.0125,710,222,284
w120_i080_motor_005_631408,0.0125,720,219,243
w120_i080_motor_005_631408,0.0125,730,152,171
w120_i080_motor_005_631408,0.0125,740,105,264
w120_i080_motor_005_631408,0.0125,750,228,182
w120_i080_motor_005_631408,0.0125,760,290,176
w120_i080_motor_005_631408,0.0125,770,197,253
w120_i080_motor_005_631408,0.0125,780,166,195
w120_i080_motor_005_631408,0.0125,790,169,235
w120_i080_motor_005_631408,0.0125,800,209,216
w120_i080_motor_005_631408,0.0125,810,252,279
w120_i080_motor_005_631408,0.0125,820,192,190
w120_i080_motor_005_631408,0.0125,830,191,170
w120_i080_motor_005_631408,0.0125,840,185,247
w120_i080_motor_005_631408,0.0125,850,99,286
w120_i080_motor_005_631408,0.0125,860,176,199
w120_i080_motor_005_631408,0.0125,870,271,129
w120_i080_motor_005_631408,0.0125,880,275,185
w120_i080_motor_005_631408,0.0125,890,177,253
w120_i080_motor_005_631408,0.0125,900,209,242
w120_i080_motor_005_631408,0.0125,910,234,177
w120_i080_motor_005_631408,0.0125,920,193,116
w120_i080_motor_005_631408,0.0125,930,110,128
w120_i080_motor_005_631408,0.0125,940,97,278
w120_i080_motor_005_631408,0.0125,950,176,249
w120_i080_motor_005_631408,0.0125,960,234,200
w120_i080_motor_005_631408,0.0125,970,220,215
w120_i080_motor_005_631408,0.0125,980,190,191
w120_i080_motor_005_631408,0.0125,990,135,259
w120_i080_motor_005_631408,0.00625,0,47,47
w120_i080_motor_005_631408,0.00625,10,85,96
w120_i080_motor_005_631408,0.00625,20,170,232
w120_i080_motor_005_631408,0.00625,30,319,321
w120_i080_motor_005_631408,0.00625,40,246,269
w120_i080_motor_005_631408,0.00625,50,126,193
w120_i080_motor_005_631408,0.00625,60,122,184
w120_i080_motor_005_631408,0.00625,70,207,129
w120_i080_motor_005_631408,0.00625,80,192,228
w120_i080_motor_005_631408,0.00625,90,178,228
w120_i080_motor_005_631408,0.00625,100,266,220
w120_i080_motor_005_631408,0.00625,110,140,169
w120_i080_motor_005_631408,0.00625,120,150,198
w120_i080_motor_005_631408,0.00625,130,239,216
w120_i080_motor_005_631408,0.00625,140,297,176
w120_i080_motor_005_631408,0.00625,150,251,212
w120_i080_motor_005_631408,0.00625,160,169,195
w120_i080_motor_005_631408,0.00625,170,225,239
w120_i080_motor_005_631408,0.00625,180,237,289
w120_i080_motor_005_631408,0.00625,190,299,196
w120_i080_motor_005_631408,0.00625,200,195,209
w120_i080_motor_005_631408,0.00625,210,148,184
w120_i080_motor_005_631408,0.00625,220,250,218
w120_i080_motor_005_631408,0.00625,230,244,320
w120_i080_motor_005_631408,0.00625,240,176,235
w120_i080_motor_005_631408,0.00625,250,225,197
w120_i080_motor_005_631408,0.00625,260,234,254
w120_i080_motor_005_631408,0.00625,270,243,260
w120_i080_motor_005_631408,0.00625,280,156,190
w120_i080_motor_005_631408,0.00625,290,124,153
w120_i080_motor_005_631408,0.00625,300,195,191
w120_i080_motor_005_631408,0.00625,310,239,292
w120_i080_motor_005_631408,0.00625,320,333,211
w120_i080_motor_005_631408,0.00625,330,157,161
w120_i080_motor_005_631408,0.00625,340,97,160
w120_i080_motor_005_631408,0.00625,350,106,157
w120_i080_motor_005_631408,0.00625,360,244,182
w120_i080_motor_005_631408,0.00625,370,286,272
w120_i080_motor_005_631408,0.00625,380,232,169
w120_i080_motor_005_631408,0.00625,390,149,206
w120_i080_motor_005_631408,0.00625,400,156,154
w120_i080_motor_005_631408,0.00625,410,203,150
w120_i080_motor_005_631408,0.00625,420,169,279
w120_i080_motor_005_631408,0.00625,430,164,261
w120_i080_motor_005_631408,0.00625,440,229,210
w120_i080_motor_005_631408,0.00625,450,252,209
w120_i080_motor_005_631408,0.00625,460,183,237
w120_i080_motor_005_631408,0.00625,470,185,270
w120_i080_motor_005_631408,0.00625,480,135,182
w120_i080_motor_005_631408,0.00625,490,224,235
w120_i080_motor_005_631408,0.00625,500,231,168
w120_i080_motor_005_631408,0.00625,510,160,153
w120_i080_motor_005_631408,0.00625,520,151,236
w120_i080_motor_005_631408,0.00625,530,166,201
w120_i080_motor_005_631408,0.00625,540,244,288
w120_i080_motor_005_631408,0.00625,550,295,242
w120_i080_motor_005_631408,0.00625,560,243,225
w120_i080_motor_005_631408,0.00625,570,156,240
w120_i080_motor_005_631408,0.00625,580,148,147
w120_i080_motor_005_631408,0.00625,590,202,155
w120_i080_motor_005_631408,0.00625,600,180,272
w120_i080_motor_005_631408,0.00625,610,254,140
w120_i080_motor_005_631408,0.00625,620,207,157
w120_i080_motor_005_631408,0.00625,630,185,169
w120_i080_motor_005_631408,0.00625,640,170,214
w120_i080_motor_005_631408,0.00625,650,138,194
w120_i080_motor_005_631408,0.00625,660,261,207
w120_i080_motor_005_631408,0.00625,670,214,307
w120_i080_motor_005_631408,0.00625,680,126,256
w120_i080_motor_005_631408,0.00625,690,201,215
w120_i080_motor_005_631408,0.00625,700,291,252
w120_i080_motor_005_631408,0.00625,710,196,264
w120_i080_motor_005_631408,0.00625,720,175,168
w120_i080_motor_005_631408,0.00625,730,233,233
w120_i080_motor_005_631408,0.00625,740,151,232
w120_i080_motor_005_631408,0.00625,750,167,214
w120_i080_motor_005_631408,0.00625,760,167,212
w120_i080_motor_005_631408,0.00625,770,191,247
w120_i080_motor_005_631408,0.00625,780,201,294
w120_i080_motor_005_631408,0.00625,790,225,160
w120_i080_motor_005_631408,0.00625,800,195,243
w120_i080_motor_005_631408,0.00625,810,171,227
w120_i080_motor_005_631408,0.00625,820,263,267
w120_i080_motor_005_631408,0.00625,830,232,217
w120_i080_motor_005_631408,0.00625,840,182,295
w120_i080_motor_005_631408,0.00625,850,202,192
w120_i080_motor_005_631408,0.00625,860,319,197
w120_i080_motor_005_631408,0.00625,870,192,138
w120_i080_motor_005_631408,0.00625,880,163,154
w120_i080_motor_005_631408,0.00625,890,161,240
w120_i080_motor_005_631408,0.00625,900,224,234
w120_i080_motor_005_631408,0.00625,910,178,246
w120_i080_motor_005_631408,0.00625,920,193,181
w120_i080_motor_005_631408,0.00625,930,146,188
w120_i080_motor_005_631408,0.00625,940,162,249
w120_i080_motor_005_631408,0.00625,950,171,246
w120_i080_motor_005_631408,0.00625,960,180,195
w120_i080_motor_005_631408,0.00625,970,207,186
w120_i080_motor_005_631408,0.00625,980,172,245
w120_i080_motor_005_631408,0.00625,990,188,288
w120_i080_motor_005_631427,0.1,0,40,40
w120_i080_motor_005_631427,0.1,10,83,90
w120_i080_motor_005_631427,0.1,20,166,185
w120_i080_motor_005_631427,0.1,30,320,298
w120_i080_motor_005_631427,0.1,40,197,247
w120_i080_motor_005_631427,0.1,50,63,223
w120_i080_motor_005_631427,0.1,60,127,283
w120_i080_motor_005_631427,0.1,70,233,190
w120_i080_motor_005_631427,0.1,80,238,136
w120_i080_motor_005_631427,0.1,90,195,135
w120_i080_motor_005_631427,0.1,100,176,220
w120_i080_motor_005_631427,0.1,110,162,230
w120_i080_motor_005_631427,0.1,120,273,175
w120_i080_motor_005_631427,0.1,130,466,150
w120_i080_motor_005_631427,0.1,140,474,175
w120_i080_motor_005_631427,0.1,150,314,155
w120_i080_motor_005_631427,0.1,160,378,274
w120_i080_motor_005_631427,0.1,170,624,251
w120_i080_motor_005_631427,0.1,180,323,194
w120_i080_motor_005_631427,0.1,190,171,221
w120_i080_motor_005_631427,0.1,200,191,300
w120_i080_motor_005_631427,0.1,210,498,245
w120_i080_motor_005_631427,0.1,220,647,200
w120_i080_motor_005_631427,0.1,230,1699,196
w120_i080_motor_005_631427,0.1,240,5884,158
w120_i080_motor_005_631427,0.1,250,8415,139
w120_i080_motor_005_631427,0.1,260,9026,219
w120_i080_motor_005_631427,0.1,270,9084,325
w120_i080_motor_005_631427,0.1,280,9119,202
w120_i080_motor_005_631427,0.1,290,9144,173
w120_i080_motor_005_631427,0.1,300,9213,201
w120_i080_motor_005_631427,0.1,310,9314,247
w120_i080_motor_005_631427,0.1,320,9159,198
w120_i080_motor_005_631427,0.1,330,9191,179
w120_i080_motor_005_631427,0.1,340,9319,241
w120_i080_motor_005_631427,0.1,350,9059,225
w120_i080_motor_005_631427,0.1,360,9189,212
w120_i080_motor_005_631427,0.1,370,9262,201
w120_i080_motor_005_631427,0.1,380,9164,225
w120_i080_motor_005_631427,0.1,390,9102,302
w120_i080_motor_005_631427,0.1,400,9312,224
w120_i080_motor_005_631427,0.1,410,9186,204
w120_i080_motor_005_631427,0.1,420,9310,259
w120_i080_motor_005_631427,0.1,430,9146,249
w120_i080_motor_005_631427,0.1,440,9450,169
w120_i080_motor_005_631427,0.1,450,9049,192
w120_i080_motor_005_631427,0.1,460,9243,215
w120_i080_motor_005_631427,0.1,470,9206,248
w120_i080_motor_005_631427,0.1,480,9327,219
w120_i080_motor_005_631427,0.1,490,9229,236
w120_i080_motor_005_631427,0.1,500,9087,213
w120_i080_motor_005_631427,0.1,510,9195,202
w120_i080_motor_005_631427,0.1,520,9098,143
w120_i080_motor_005_631427,0.1,530,9130,185
w120_i080_motor_005_631427,0.1,540,8969,228
w120_i080_motor_005_631427,0.1,550,8993,151
w120_i080_motor_005_631427,0.1,560,9260,179
w120_i080_motor_005_631427,0.1,570,9200,238
w120_i080_motor_005_631427,0.1,580,9048,160
w120_i080_motor_005_631427,0.1,590,9234,247
w120_i080_motor_005_631427,0.1,600,9148,267
w120_i080_motor_005_631427,0.1,610,9086,215
w120_i080_motor_005_631427,0.1,620,9086,209
w120_i080_motor_005_631427,0.1,630,9128,245
w120_i080_motor_005_631427,0.1,640,9153,270
w120_i080_motor_005_631427,0.1,650,9193,199
w120_i080_motor_005_631427,0.1,660,9367,154
w120_i080_motor_005_631427,0.1,670,9014,212
w120_i080_motor_005_631427,0.1,680,9200,281
w120_i080_motor_005_631427,0.1,690,9122,222
w120_i080_motor_005_631427,0.1,700,9062,195
w120_i080_motor_005_631427,0.1,710,9128,187
w120_i080_motor_005_631427,0.1,720,9329,198
w120_i080_motor_005_631427,0.1,730,9145,266
w120_i080_motor_005_631427,0.1,740,9149,179
w120_i080_motor_005_631427,0.1,750,9038,75
w120_i080_motor_005_631427,0.1,760,9126,101
w120_i080_motor_005_631427,0.1,770,9048,223
w120_i080_motor_005_631427,0.1,780,9218,228
w120_i080_motor_005_631427,0.1,790,9165,205
w120_i080_motor_005_631427,0.1,800,8980,176
w120_i080_motor_005_631427,0.1,810,9283,190
w120_i080_motor_005_631427,0.1,820,9241,195
w120_i080_motor_005_631427,0.1,830,9146,238
w120_i080_motor_005_631427,0.1,840,9243,218
w120_i080_motor_005_631427,0.1,850,9066,114
w120_i080_motor_005_631427,0.1,860,9323,228
w120_i080_motor_005_631427,0.1,870,9216,291
w120_i080_motor_005_631427,0.1,880,9175,206
w120_i080_motor_005_631427,0.1,890,9132,190
w120_i080_motor_005_631427,0.1,900,9211,238
w120_i080_motor_005_631427,0.1,910,9060,149
w120_i080_motor_005_631427,0.1,920,8917,150
w120_i080_motor_005_631427,0.1,930,9298,224
w120_i080_motor_005_631427,0.1,940,8999,227
w120_i080_motor_005_631427,0.1,950,9084,165
w120_i080_motor_005_631427,0.1,960,9260,232
w120_i080_motor_005_631427,0.1,970,9154,292
w120_i080_motor_005_631427,0.1,980,8962,281
w120_i080_motor_005_631427,0.1,990,9268,302
w120_i080_motor_005_631427,0.05,0,41,41
w120_i080_motor_005_631427,0.05,10,84,92
w120_i080_motor_005_631427,0.05,20,175,193
w120_i080_motor_005_631427,0.05,30,347,300
w120_i080_motor_005_631427,0.05,40,186,220
w120_i080_motor_005_631427,0.05,50,77,211
w120_i080_motor_005_631427,0.05,60,170,250
w120_i080_motor_005_631427,0.05,70,282,187
w120_i080_motor_005_631427,0.05,80,194,97
w120_i080_motor_005_631427,0.05,90,95,123
w120_i080_motor_005_631427,0.05,100,71,157
w120_i080_motor_005_631427,0.05,110,115,218
w120_i080_motor_005_631427,0.05,120,177,221
w120_i080_motor_005_631427,0.05,130,260,283
w120_i080_motor_005_631427,0.05,140,172,242
w120_i080_motor_005_631427,0.05,150,123,256
w120_i080_motor_005_631427,0.05,160,181,194
w120_i080_motor_005_631427,0.05,170,243,180
w120_i080_motor_005_631427,0.05,180,223,196
w120_i080_motor_005_631427,0.05,190,105,248
w120_i080_motor_005_631427,0.05,200,150,132
w120_i080_motor_005_631427,0.05,210,276,190
w120_i080_motor_005_631427,0.05,220,197,185
w120_i080_motor_005_631427,0.05,230,117,193
w120_i080_motor_005_631427,0.05,240,134,199
w120_i080_motor_005_631427,0.05,250,172,241
w120_i080_motor_005_631427,0.05,260,225,238
w120_i080_motor_005_631427,0.05,270,230,173
w120_i080_motor_005_631427,0.05,280,199,195
w120_i080_motor_005_631427,0.05,290,200,212
w120_i080_motor_005_631427,0.05,300,249,228
w120_i080_motor_005_631427,0.05,310,153,203
w120_i080_motor_005_631427,0.05,320,243,302
w120_i080_motor_005_631427,0.05,330,223,170
w120_i080_motor_005_631427,0.05,340,203,220
w120_i080_motor_005_631427,0.05,350,189,203
w120_i080_motor_005_631427,0.05,360,192,230
w120_i080_motor_005_631427,0.05,370,157,269
w120_i080_motor_005_631427,0.05,380,186,198
w120_i080_motor_005_631427,0.05,390,275,200
w120_i080_motor_005_631427,0.05,400,177,248
w120_i080_motor_005_631427,0.05,410,129,218
w120_i080_motor_005_631427,0.05,420,181,248
w120_i080_motor_005_631427,0.05,430,220,176
w120_i080_motor_005_631427,0.05,440,147,190
w120_i080_motor_005_631427,0.05,450,158,163
w120_i080_motor_005_631427,0.05,460,242,294
w120_i080_motor_005_631427,0.05,470,265,224
w120_i080_motor_005_631427,0.05,480,185,191
w120_i080_motor_005_631427,0.05,490,213,217
w120_i080_motor_005_631427,0.05,500,217,191
w120_i080_motor_005_631427,0.05,510,151,182
w120_i080_motor_005_631427,0.05,520,140,192
w120_i080_motor_005_631427,0.05,530,189,213
w120_i080_motor_005_631427,0.05,540,172,217
w120_i080_motor_005_631427,0.05,550,180,287
w120_i080_motor_005_631427,0.05,560,124,185
w120_i080_motor_005_631427,0.05,570,147,202
w120_i080_motor_005_631427,0.05,580,193,187
w120_i080_motor_005_631427,0.05,590,230,236
w120_i080_motor_005_631427,0.05,600,140,238
w120_i080_motor_005_631427,0.05,610,150,161
w120_i080_motor_005_631427,0.05,620,246,214
w120_i080_motor_005_631427,0.05,630,149,222
w120_i080_motor_005_631427,0.05,640,125,222
w120_i080_motor_005_631427,0.05,650,120,213
w120_i080_motor_005_631427,0.05,660,130,199
w120_i080_motor_005_631427,0.05,670,255,200
w120_i080_motor_005_631427,0.05,680,303,255
w120_i080_motor_005_631427,0.05,690,231,271
w120_i080_motor_005_631427,0.05,700,114,194
w120_i080_motor_005_631427,0.05,710,152,209
w120_i080_motor_005_631427,0.05,720,189,207
w120_i080_motor_005_631427,0.05,730,242,260
w120_i080_motor_005_631427,0.05,740,157,240
w120_i080_motor_005_631427,0.05,750,93,112
w120_i080_motor_005_631427,0.05,760,100,108
w120_i080_motor_005_631427,0.05,770,97,178
w120_i080_motor_005_631427,0.05,780,174,249
w120_i080_motor_005_631427,0.05,790,220,218
w120_i080_motor_005_631427,0.05,800,254,154
w120_i080_motor_005_631427,0.05,810,167,203
w120_i080_motor_005_631427,0.05,820,145,219
w120_i080_motor_005_631427,0.05,830,140,207
w120_i080_motor_005_631427,0.05,840,194,211
w120_i080_motor_005_631427,0.05,850,263,198
w120_i080_motor_005_631427,0.05,860,185,253
w120_i080_motor_005_631427,0.05,870,146,238
w120_i080_motor_005_631427,0.05,880,186,166
w120_i080_motor_005_631427,0.05,890,228,241
w120_i080_motor_005_631427,0.05,900,209,301
w120_i080_motor_005_631427,0.05,910,156,202
w120_i080_motor_005_631427,0.05,920,117,137
w120_i080_motor_005_631427,0.05,930,137,163
w120_i080_motor_005_631427,0.05,940,150,289
w120_i080_motor_005_631427,0.05,950,190,166
w120_i080_motor_005_631427,0.05,960,275,191
w120_i080_motor_005_631427,0.05,970,229,229
w120_i080_motor_005_631427,0.05,980,257,274
w120_i080_motor_005_631427,0.05,990,207,179
w120_i080_motor_005_631427,0.025,0,42,42
w120_i080_motor_005_631427,0.025,10,84,91
w120_i080_motor_005_631427,0.025,20,176,195
w120_i080_motor_005_631427,0.025,30,344,297
w120_i080_motor_005_631427,0.025,40,186,227
w120_i080_motor_005_631427,0.025,50,79,208
w120_i080_motor_005_631427,0.025,60,187,259
w120_i080_motor_005_631427,0.025,70,270,134
w120_i080_motor_005_631427,0.025,80,213,125
w120_i080_motor_005_631427,0.025,90,109,205
w120_i080_motor_005_631427,0.025,100,79,212
w120_i080_motor_005_631427,0.025,110,170,271
w120_i080_motor_005_631427,0.025,120,262,162
w120_i080_motor_005_631427,0.025,130,208,205
w120_i080_motor_005_631427,0.025,140,182,295
w120_i080_motor_005_631427,0.025,150,113,204
w120_i080_motor_005_631427,0.025,160,140,187
w120_i080_motor_005_631427,0.025,170,233,217
w120_i080_motor_005_631427,0.025,180,261,242
w120_i080_motor_005_631427,0.025,190,211,256
w120_i080_motor_005_631427,0.025,200,171,285
w120_i080_motor_005_631427,0.025,210,172,184
w120_i080_motor_005_631427,0.025,220,127,190
w120_i080_motor_005_631427,0.025,230,232,244
w120_i080_motor_005_631427,0.025,240,203,142
w120_i080_motor_005_631427,0.025,250,142,124
w120_i080_motor_005_631427,0.025,260,127,220
w120_i080_motor_005_631427,0.025,270,224,236
w120_i080_motor_005_631427,0.025,280,220,271
w120_i080_motor_005_631427,0.025,290,161,262
w120_i080_motor_005_631427,0.025,300,174,229
w120_i080_motor_005_631427,0.025,310,242,248
w120_i080_motor_005_631427,0.025,320,219,199
w120_i080_motor_005_631427,0.025,330,202,264
w120_i080_motor_005_631427,0.025,340,225,234
w120_i080_motor_005_631427,0.025,350,215,219
w120_i080_motor_005_631427,0.025,360,247,190
w120_i080_motor_005_631427,0.025,370,158,187
w120_i080_motor_005_631427,0.025,380,85,224
w120_i080_motor_005_631427,0.025,390,94,253
w120_i080_motor_005_631427,0.025,400,196,227
w120_i080_motor_005_631427,0.025,410,277,213
w120_i080_motor_005_631427,0.025,420,203,212
w120_i080_motor_005_631427,0.025,430,174,210
w120_i080_motor_005_631427,0.025,440,179,209
w120_i080_motor_005_631427,0.025,450,135,177
w120_i080_motor_005_631427,0.025,460,182,196
w120_i080_motor_005_631427,0.025,470,248,282
w120_i080_motor_005_631427,0.025,480,248,251
w120_i080_motor_005_631427,0.025,490,249,194
w120_i080_motor_005_631427,0.025,500,251,166
w120_i080_motor_005_631427,0.025,510,148,192
w120_i080_motor_005_631427,0.025,520,82,230
w120_i080_motor_005_631427,0.025,530,116,193
w120_i080_motor_005_631427,0.025,540,172,190
w120_i080_motor_005_631427,0.025,550,253,189
w120_i080_motor_005_631427,0.025,560,185,176
w120_i080_motor_005_631427,0.025,570,131,270
w120_i080_motor_005_631427,0.025,580,102,249
w120_i080_motor_005_631427,0.025,590,172,231
w120_i080_motor_005_631427,0.025,600,343,305
w120_i080_motor_005_631427,0.025,610,205,219
w120_i080_motor_005_631427,0.025,620,100,168
w120_i080_motor_005_631427,0.025,630,146,198
w120_i080_motor_005_631427,0.025,640,232,222
w120_i080_motor_005_631427,0.025,650,214,275
w120_i080_motor_005_631427,0.025,660,185,208
w120_i080_motor_005_631427,0.025,670,176,258
w120_i080_motor_005_631427,0.025,680,214,256
w120_i080_motor_005_631427,0.025,690,198,242
w120_i080_motor_005_631427,0.025,700,225,203
w120_i080_motor_005_631427,0.025,710,211,233
w120_i080_motor_005_631427,0.025,720,241,135
w120_i080_motor_005_631427,0.025,730,252,170
w120_i080_motor_005_631427,0.025,740,98,226
w120_i080_motor_005_631427,0.025,750,113,181
w120_i080_motor_005_631427,0.025,760,102,167
w120_i080_motor_005_631427,0.025,770,114,217
w120_i080_motor_005_631427,0.025,780,252,228
w120_i080_motor_005_631427,0.025,790,233,189
w120_i080_motor_005_631427,0.025,800,228,193
w120_i080_motor_005_631427,0.025,810,174,177
w120_i080_motor_005_631427,0.025,820,114,251
w120_i080_motor_005_631427,0.025,830,168,195
w120_i080_motor_005_631427,0.025,840,171,219
w120_i080_motor_005_631427,0.025,850,211,228
w120_i080_motor_005_631427,0.025,860,247,220
w120_i080_motor_005_631427,0.025,870,148,192
w120_i080_motor_005_631427,0.025,880,117,185
w120_i080_motor_005_631427,0.025,890,207,273
w120_i080_motor_005_631427,0.025,900,165,124
w120_i080_motor_005_631427,0.025,910,226,140
w120_i080_motor_005_631427,0.025,920,244,148
w120_i080_motor_005_631427,0.025,930,182,215
w120_i080_motor_005_631427,0.025,940,103,203
w120_i080_motor_005_631427,0.025,950,186,169
w120_i080_motor_005_631427,0.025,960,213,248
w120_i080_motor_005_631427,0.025,970,246,234
w120_i080_motor_005_631427,0.025,980,258,225
w120_i080_motor_005_631427,0.025,990,174,256
w120_i080_motor_005_631427,0.0125,0,42,42
w120_i080_motor_005_631427,0.0125,10,84,92
w120_i080_motor_005_631427,0.0125,20,176,186
w120_i080_motor_005_631427,0.0125,30,346,311
w120_i080_motor_005_631427,0.0125,40,186,222
w120_i080_motor_005_631427,0.0125,50,79,168
w120_i080_motor_005_631427,0.0125,60,191,277
w120_i080_motor_005_631427,0.0125,70,275,179
w120_i080_motor_005_631427,0.0125,80,225,173
w120_i080_motor_005_631427,0.0125,90,126,122
w120_i080_motor_005_631427,0.0125,100,61,182
w120_i080_motor_005_631427,0.0125,110,133,261
w120_i080_motor_005_631427,0.0125,120,175,214
w120_i080_motor_005_631427,0.0125,130,286,247
w120_i080_motor_005_631427,0.0125,140,203,177
w120_i080_motor_005_631427,0.0125,150,99,174
w120_i080_motor_005_631427,0.0125,160,108,221
w120_i080_motor_005_631427,0.0125,170,196,257
w120_i080_motor_005_631427,0.0125,180,228,273
w120_i080_motor_005_631427,0.0125,190,224,199
w120_i080_motor_005_631427,0.0125,200,192,138
w120_i080_motor_005_631427,0.0125,210,211,254
w120_i080_motor_005_631427,0.0125,220,271,267
w120_i080_motor_005_631427,0.0125,230,192,219
w120_i080_motor_005_631427,0.0125,240,121,181
w120_i080_motor_005_631427,0.0125,250,59,142
w120_i080_motor_005_631427,0.0125,260,89,186
w120_i080_motor_005_631427,0.0125,270,197,254
w120_i080_motor_005_631427,0.0125,280,268,230
w120_i080_motor_005_631427,0.0125,290,271,258
w120_i080_motor_005_631427,0.0125,300,173,257
w120_i080_motor_005_631427,0.0125,310,116,235
w120_i080_motor_005_631427,0.0125,320,176,218
w120_i080_motor_005_631427,0.0125,330,192,262
w120_i080_motor_005_631427,0.0125,340,168,258
w120_i080_motor_005_631427,0.0125,350,197,230
w120_i080_motor_005_631427,0.0125,360,270,228
w120_i080_motor_005_631427,0.0125,370,163,202
w120_i080_motor_005_631427,0.0125,380,120,260
w120_i080_motor_005_631427,0.0125,390,224,212
w120_i080_motor_005_631427,0.0125,400,216,232
w120_i080_motor_005_631427,0.0125,410,169,239
w120_i080_motor_005_631427,0.0125,420,218,272
w120_i080_motor_005_631427,0.0125,430,181,237
w120_i080_motor_005_631427,0.0125,440,185,212
w120_i080_motor_005_631427,0.0125,450,181,227
w120_i080_motor_005_631427,0.0125,460,168,248
w120_i080_motor_005_631427,0.0125,470,246,235
w120_i080_motor_005_631427,0.0125,480,210,198
w120_i080_motor_005_631427,0.0125,490,172,164
w120_i080_motor_005_631427,0.0125,500,221,257
w120_i080_motor_005_631427,0.0125,510,198,200
w120_i080_motor_005_631427,0.0125,520,147,178
w120_i080_motor_005_631427,0.0125,530,169,170
w120_i080_motor_005_631427,0.0125,540,145,175
w120_i080_motor_005_631427,0.0125,550,204,143
w120_i080_motor_005_631427,0.0125,560,239,258
w120_i080_motor_005_631427,0.0125,570,213,270
w120_i080_motor_005_631427,0.0125,580,139,214
w120_i080_motor_005_631427,0.0125,590,89,234
w120_i080_motor_005_631427,0.0125,600,149,227
w120_i080_motor_005_631427,0.0125,610,239,194
w120_i080_motor_005_631427,0.0125,620,264,198
w120_i080_motor_005_631427,0.0125,630,205,252
w120_i080_motor_005_631427,0.0125,640,182,196
w120_i080_motor_005_631427,0.0125,650,201,195
w120_i080_motor_005_631427,0.0125,660,127,200
w120_i080_motor_005_631427,0.0125,670,248,190
w120_i080_motor_005_631427,0.0125,680,257,182
w120_i080_motor_005_631427,0.0125,690,165,249
w120_i080_motor_005_631427,0.0125,700,208,215
w120_i080_motor_005_631427,0.0125,710,223,221
w120_i080_motor_005_631427,0.0125,720,188,160
w120_i080_motor_005_631427,0.0125,730,158,147
w120_i080_motor_005_631427,0.0125,740,160,252
w120_i080_motor_005_631427,0.0125,750,202,211
w120_i080_motor_005_631427,0.0125,760,169,213
w120_i080_motor_005_631427,0.0125,770,180,185
w120_i080_motor_005_631427,0.0125,780,186,181
w120_i080_motor_005_631427,0.0125,790,240,208
w120_i080_motor_005_631427,0.0125,800,111,188
w120_i080_motor_005_631427,0.0125,810,198,133
w120_i080_motor_005_631427,0.0125,820,156,193
w120_i080_motor_005_631427,0.0125,830,199,231
w120_i080_motor_005_631427,0.0125,840,247,257
w120_i080_motor_005_631427,0.0125,850,238,184
w120_i080_motor_005_631427,0.0125,860,156,216
w120_i080_motor_005_631427,0.0125,870,171,311
w120_i080_motor_005_631427,0.0125,880,173,214
w120_i080_motor_005_631427,0.0125,890,203,210
w120_i080_motor_005_631427,0.0125,900,285,265
w120_i080_motor_005_631427,0.0125,910,140,155
w120_i080_motor_005_631427,0.0125,920,74,122
w120_i080_motor_005_631427,0.0125,930,124,134
w120_i080_motor_005_631427,0.0125,940,227,165
w120_i080_motor_005_631427,0.0125,950,211,230
w120_i080_motor_005_631427,0.0125,960,196,257
w120_i080_motor_005_631427,0.0125,970,180,285
w120_i080_motor_005_631427,0.0125,980,291,240
w120_i080_motor_005_631427,0.0125,990,260,251
w120_i080_motor_005_631427,0.00625,0,42,42
w120_i080_motor_005_631427,0.00625,10,85,92
w120_i080_motor_005_631427,0.00625,20,175,186
w120_i080_motor_005_631427,0.00625,30,347,309
w120_i080_motor_005_631427,0.00625,40,185,220
w120_i080_motor_005_631427,0.00625,50,78,210
w120_i080_motor_005_631427,0.00625,60,188,260
w120_i080_motor_005_631427,0.00625,70,274,212
w120_i080_motor_005_631427,0.00625,80,227,180
w120_i080_motor_005_631427,0.00625,90,124,123
w120_i080_motor_005_631427,0.00625,100,61,157
w120_i080_motor_005_631427,0.00625,110,118,247
w120_i080_motor_005_631427,0.00625,120,184,186
w120_i080_motor_005_631427,0.00625,130,244,173
w120_i080_motor_005_631427,0.00625,140,197,184
w120_i080_motor_005_631427,0.00625,150,144,218
w120_i080_motor_005_631427,0.00625,160,199,191
w120_i080_motor_005_631427,0.00625,170,164,246
w120_i080_motor_005_631427,0.00625,180,227,185
w120_i080_motor_005_631427,0.00625,190,220,158
w120_i080_motor_005_631427,0.00625,200,191,217
w120_i080_motor_005_631427,0.00625,210,199,250
w120_i080_motor_005_631427,0.00625,220,262,218
w120_i080_motor_005_631427,0.00625,230,146,189
w120_i080_motor_005_631427,0.00625,240,148,143
w120_i080_motor_005_631427,0.00625,250,124,172
w120_i080_motor_005_631427,0.00625,260,186,191
w120_i080_motor_005_631427,0.00625,270,249,239
w120_i080_motor_005_631427,0.00625,280,212,192
w120_i080_motor_005_631427,0.00625,290,172,188
w120_i080_motor_005_631427,0.00625,300,167,277
w120_i080_motor_005_631427,0.00625,310,209,229
w120_i080_motor_005_631427,0.00625,320,224,227
w120_i080_motor_005_631427,0.00625,330,222,261
w120_i080_motor_005_631427,0.00625,340,203,283
w120_i080_motor_005_631427,0.00625,350,165,263
w120_i080_motor_005_631427,0.00625,360,192,158
w120_i080_motor_005_631427,0.00625,370,176,177
w120_i080_motor_005_631427,0.00625,380,184,274
w120_i080_motor_005_631427,0.00625,390,264,246
w120_i080_motor_005_631427,0.00625,400,225,179
w120_i080_motor_005_631427,0.00625,410,153,184
w120_i080_motor_005_631427,0.00625,420,108,266
w120_i080_motor_005_631427,0.00625,430,204,256
w120_i080_motor_005_631427,0.00625,440,215,175
w120_i080_motor_005_631427,0.00625,450,193,228
w120_i080_motor_005_631427,0.00625,460,198,316
w120_i080_motor_005_631427,0.00625,470,227,170
w120_i080_motor_005_631427,0.00625,480,255,140
w120_i080_motor_005_631427,0.00625,490,105,142
w120_i080_motor_005_631427,0.00625,500,87,223
w120_i080_motor_005_631427,0.00625,510,153,177
w120_i080_motor_005_631427,0.00625,520,225,259
w120_i080_motor_005_631427,0.00625,530,199,200
w120_i080_motor_005_631427,0.00625,540,166,125
w120_i080_motor_005_631427,0.00625,550,126,86
w120_i080_motor_005_631427,0.00625,560,258,159
w120_i080_motor_005_631427,0.00625,570,250,263
w120_i080_motor_005_631427,0.00625,580,161,161
w120_i080_motor_005_631427,0.00625,590,247,139
w120_i080_motor_005_631427,0.00625,600,205,229
w120_i080_motor_005_631427,0.00625,610,127,256
w120_i080_motor_005_631427,0.00625,620,157,257
w120_i080_motor_005_631427,0.00625,630,201,165
w120_i080_motor_005_631427,0.00625,640,209,175
w120_i080_motor_005_631427,0.00625,650,216,226
w120_i080_motor_005_631427,0.00625,660,123,222
w120_i080_motor_005_631427,0.00625,670,151,175
w120_i080_motor_005_631427,0.00625,680,285,209
w120_i080_motor_005_631427,0.00625,690,262,266
w120_i080_motor_005_631427,0.00625,700,206,212
w120_i080_motor_005_631427,0.00625,710,152,242
w120_i080_motor_005_631427,0.00625,720,102,263
w120_i080_motor_005_631427,0.00625,730,136,183
w120_i080_motor_005_631427,0.00625,740,202,169
w120_i080_motor_005_631427,0.00625,750,163,256
w120_i080_motor_005_631427,0.00625,760,161,201
w120_i080_motor_005_631427,0.00625,770,201,170
w120_i080_motor_005_631427,0.00625,780,174,175
w120_i080_motor_005_631427,0.00625,790,205,240
w120_i080_motor_005_631427,0.00625,800,144,272
w120_i080_motor_005_631427,0.00625,810,102,157
w120_i080_motor_005_631427,0.00625,820,188,167
w120_i080_motor_005_631427,0.00625,830,261,221
w120_i080_motor_005_631427,0.00625,840,130,249
w120_i080_motor_005_631427,0.00625,850,201,273
w120_i080_motor_005_631427,0.00625,860,207,219
w120_i080_motor_005_631427,0.00625,870,173,252
w120_i080_motor_005_631427,0.00625,880,169,270
w120_i080_motor_005_631427,0.00625,890,216,219
w120_i080_motor_005_631427,0.00625,900,206,167
w120_i080_motor_005_631427,0.00625,910,120,221
w120_i080_motor_005_631427,0.00625,920,180,163
w120_i080_motor_005_631427,0.00625,930,271,229
w120_i080_motor_005_631427,0.00625,940,138,230
w120_i080_motor_005_631427,0.00625,950,219,151
w120_i080_motor_005_631427,0.00625,960,192,226
w120_i080_motor_005_631427,0.00625,970,140,273
w120_i080_motor_005_631427,0.00625,980,205,260
w120_i080_motor_005_631427,0.00625,990,290,178
