trial_id,variant,condition,seed,spikes,recruited_noninput,max_noninput_hz,scheduled_events,delivered_events,input_digest,min_noninput_isi_ms,paired_total_abs_hz,paired_fixed_mode_abs_hz,spike_file_identical_to_baseline,spikes_baseline,recruited_noninput_baseline,spike_count_change,recruited_change
w080_i080_mode_631401,w080_i080,mode,631401,10936,243,174.0,3114,3070,947b874a1f0642db593a25db863d1d9fafa83f779c71426db44ca34f517f65b4,3.0,4550.0,1092.0,False,12060,311,-1124,-68
w080_i080_mode_without_mn9_631401,w080_i080,mode_without_mn9,631401,11092,243,180.0,3114,3070,947b874a1f0642db593a25db863d1d9fafa83f779c71426db44ca34f517f65b4,3.1000000000000005,4600.0,1109.0,False,12060,311,-968,-68
w080_i080_mn9_only_631401,w080_i080,mn9_only,631401,12156,315,124.0,3114,3070,947b874a1f0642db593a25db863d1d9fafa83f779c71426db44ca34f517f65b4,3.4000000000000004,626.0,80.0,False,12060,311,96,4
w080_i080_motor_003_631401,w080_i080,motor_003,631401,11212,293,124.0,3114,3070,947b874a1f0642db593a25db863d1d9fafa83f779c71426db44ca34f517f65b4,3.3,2378.0,422.0,False,12060,311,-848,-18
w080_i080_motor_004_631401,w080_i080,motor_004,631401,11043,309,125.0,3114,3070,947b874a1f0642db593a25db863d1d9fafa83f779c71426db44ca34f517f65b4,3.6000000000000005,2691.0,461.0,False,12060,311,-1017,-2
w080_i080_motor_005_631401,w080_i080,motor_005,631401,11007,285,126.0,3114,3070,947b874a1f0642db593a25db863d1d9fafa83f779c71426db44ca34f517f65b4,3.5,2539.0,453.0,False,12060,311,-1053,-26
w080_i080_mode_631402,w080_i080,mode,631402,11232,249,173.0,3215,3170,68ec43809259fe87f64b275dd4e8d65eabc89f96fc2222a86e3b60ee2fe6c834,3.0,4570.0,1094.0,False,12784,312,-1552,-63
w080_i080_mode_without_mn9_631402,w080_i080,mode_without_mn9,631402,11333,241,172.0,3215,3170,68ec43809259fe87f64b275dd4e8d65eabc89f96fc2222a86e3b60ee2fe6c834,3.1000000000000005,4593.0,1104.0,False,12784,312,-1451,-71
w080_i080_mn9_only_631402,w080_i080,mn9_only,631402,12920,322,127.0,3215,3170,68ec43809259fe87f64b275dd4e8d65eabc89f96fc2222a86e3b60ee2fe6c834,3.2,528.0,78.0,False,12784,312,136,10
w080_i080_motor_003_631402,w080_i080,motor_003,631402,11467,284,127.0,3215,3170,68ec43809259fe87f64b275dd4e8d65eabc89f96fc2222a86e3b60ee2fe6c834,3.2,2521.0,430.0,False,12784,312,-1317,-28
w080_i080_motor_004_631402,w080_i080,motor_004,631402,11390,309,126.0,3215,3170,68ec43809259fe87f64b275dd4e8d65eabc89f96fc2222a86e3b60ee2fe6c834,3.5,2738.0,458.0,False,12784,312,-1394,-3
w080_i080_motor_005_631402,w080_i080,motor_005,631402,11667,301,126.0,3215,3170,68ec43809259fe87f64b275dd4e8d65eabc89f96fc2222a86e3b60ee2fe6c834,3.4000000000000004,2715.0,451.0,False,12784,312,-1117,-11
w080_i080_mode_631403,w080_i080,mode,631403,10703,235,166.0,3125,3088,ce434629d3484ce495a73482e054fe33ac6fc25ee2b7c015d104242563100383,3.2,4656.0,1168.0,False,12363,309,-1660,-74
w080_i080_mode_without_mn9_631403,w080_i080,mode_without_mn9,631403,10435,230,151.0,3125,3088,ce434629d3484ce495a73482e054fe33ac6fc25ee2b7c015d104242563100383,3.0,4384.0,1124.0,False,12363,309,-1928,-79
w080_i080_mn9_only_631403,w080_i080,mn9_only,631403,12217,309,121.0,3125,3088,ce434629d3484ce495a73482e054fe33ac6fc25ee2b7c015d104242563100383,3.4000000000000004,506.0,70.0,False,12363,309,-146,0
w080_i080_motor_003_631403,w080_i080,motor_003,631403,11316,299,121.0,3125,3088,ce434629d3484ce495a73482e054fe33ac6fc25ee2b7c015d104242563100383,3.5,2391.0,425.0,False,12363,309,-1047,-10
w080_i080_motor_004_631403,w080_i080,motor_004,631403,11143,284,121.0,3125,3088,ce434629d3484ce495a73482e054fe33ac6fc25ee2b7c015d104242563100383,3.2,2484.0,409.0,False,12363,309,-1220,-25
w080_i080_motor_005_631403,w080_i080,motor_005,631403,11187,292,120.0,3125,3088,ce434629d3484ce495a73482e054fe33ac6fc25ee2b7c015d104242563100383,3.4000000000000004,2542.0,421.0,False,12363,309,-1176,-17
w080_i080_mode_631404,w080_i080,mode,631404,11009,241,176.0,3108,3050,f95218a1ea37745551ca6815bec1fc551432e6125112557ee79f6d520493e2fb,3.0,4620.0,1112.0,False,12353,319,-1344,-78
w080_i080_mode_without_mn9_631404,w080_i080,mode_without_mn9,631404,11110,239,181.0,3108,3050,f95218a1ea37745551ca6815bec1fc551432e6125112557ee79f6d520493e2fb,3.2,4671.0,1119.0,False,12353,319,-1243,-80
w080_i080_mn9_only_631404,w080_i080,mn9_only,631404,12075,305,127.0,3108,3050,f95218a1ea37745551ca6815bec1fc551432e6125112557ee79f6d520493e2fb,3.3,598.0,98.0,False,12353,319,-278,-14
w080_i080_motor_003_631404,w080_i080,motor_003,631404,11200,296,126.0,3108,3050,f95218a1ea37745551ca6815bec1fc551432e6125112557ee79f6d520493e2fb,3.4000000000000004,2441.0,408.0,False,12353,319,-1153,-23
w080_i080_motor_004_631404,w080_i080,motor_004,631404,10609,273,125.0,3108,3050,f95218a1ea37745551ca6815bec1fc551432e6125112557ee79f6d520493e2fb,3.5,2678.0,410.0,False,12353,319,-1744,-46
w080_i080_motor_005_631404,w080_i080,motor_005,631404,10950,311,125.0,3108,3050,f95218a1ea37745551ca6815bec1fc551432e6125112557ee79f6d520493e2fb,3.5,2641.0,420.0,False,12353,319,-1403,-8
w080_i080_mode_631405,w080_i080,mode,631405,11012,235,171.0,3129,3075,36e28093cf09c4bf4c1c02102fdc1b3f219da0d4b16c463306c0193d088d5804,3.1000000000000005,4628.0,1097.0,False,12758,318,-1746,-83
w080_i080_mode_without_mn9_631405,w080_i080,mode_without_mn9,631405,10906,244,163.0,3129,3075,36e28093cf09c4bf4c1c02102fdc1b3f219da0d4b16c463306c0193d088d5804,3.0,4454.0,1068.0,False,12758,318,-1852,-74
w080_i080_mn9_only_631405,w080_i080,mn9_only,631405,11936,310,127.0,3129,3075,36e28093cf09c4bf4c1c02102fdc1b3f219da0d4b16c463306c0193d088d5804,3.4000000000000004,950.0,148.0,False,12758,318,-822,-8
w080_i080_motor_003_631405,w080_i080,motor_003,631405,11411,314,127.0,3129,3075,36e28093cf09c4bf4c1c02102fdc1b3f219da0d4b16c463306c0193d088d5804,3.5,2545.0,450.0,False,12758,318,-1347,-4
w080_i080_motor_004_631405,w080_i080,motor_004,631405,11296,315,127.0,3129,3075,36e28093cf09c4bf4c1c02102fdc1b3f219da0d4b16c463306c0193d088d5804,3.6000000000000005,2850.0,467.0,False,12758,318,-1462,-3
w080_i080_motor_005_631405,w080_i080,motor_005,631405,10891,301,127.0,3129,3075,36e28093cf09c4bf4c1c02102fdc1b3f219da0d4b16c463306c0193d088d5804,3.3,2895.0,495.0,False,12758,318,-1867,-17
w080_i080_mode_631406,w080_i080,mode,631406,11168,240,179.0,3140,3098,0863e7b24dfaae64071a8059c2628849bec7706d10bff82c1fb11d9bde965e8e,3.1000000000000005,4668.0,1123.0,False,12298,319,-1130,-79
w080_i080_mode_without_mn9_631406,w080_i080,mode_without_mn9,631406,11128,237,179.0,3140,3098,0863e7b24dfaae64071a8059c2628849bec7706d10bff82c1fb11d9bde965e8e,3.2,4702.0,1133.0,False,12298,319,-1170,-82
w080_i080_mn9_only_631406,w080_i080,mn9_only,631406,12532,308,126.0,3140,3098,0863e7b24dfaae64071a8059c2628849bec7706d10bff82c1fb11d9bde965e8e,3.4000000000000004,542.0,102.0,False,12298,319,234,-11
w080_i080_motor_003_631406,w080_i080,motor_003,631406,11307,288,127.0,3140,3098,0863e7b24dfaae64071a8059c2628849bec7706d10bff82c1fb11d9bde965e8e,3.4000000000000004,2335.0,415.0,False,12298,319,-991,-31
w080_i080_motor_004_631406,w080_i080,motor_004,631406,11305,300,126.0,3140,3098,0863e7b24dfaae64071a8059c2628849bec7706d10bff82c1fb11d9bde965e8e,3.7,2561.0,444.0,False,12298,319,-993,-19
w080_i080_motor_005_631406,w080_i080,motor_005,631406,10990,291,126.0,3140,3097,0863e7b24dfaae64071a8059c2628849bec7706d10bff82c1fb11d9bde965e8e,3.3,2446.0,402.0,False,12298,319,-1308,-28
w080_i080_mode_631407,w080_i080,mode,631407,10866,234,168.0,3078,3032,603c4b79b2112ccc7962759aca718cc6b7554ee1d572ac83aac65f335ad40c87,3.2,4727.0,1166.0,False,12427,319,-1561,-85
w080_i080_mode_without_mn9_631407,w080_i080,mode_without_mn9,631407,10962,235,182.0,3078,3032,603c4b79b2112ccc7962759aca718cc6b7554ee1d572ac83aac65f335ad40c87,3.1000000000000005,4911.0,1202.0,False,12427,319,-1465,-84
w080_i080_mn9_only_631407,w080_i080,mn9_only,631407,12249,307,125.0,3078,3032,603c4b79b2112ccc7962759aca718cc6b7554ee1d572ac83aac65f335ad40c87,3.2,696.0,160.0,False,12427,319,-178,-12
w080_i080_motor_003_631407,w080_i080,motor_003,631407,11398,296,125.0,3078,3032,603c4b79b2112ccc7962759aca718cc6b7554ee1d572ac83aac65f335ad40c87,3.2,2479.0,392.0,False,12427,319,-1029,-23
w080_i080_motor_004_631407,w080_i080,motor_004,631407,10715,284,124.0,3078,3032,603c4b79b2112ccc7962759aca718cc6b7554ee1d572ac83aac65f335ad40c87,3.2,2774.0,467.0,False,12427,319,-1712,-35
w080_i080_motor_005_631407,w080_i080,motor_005,631407,10807,282,125.0,3078,3032,603c4b79b2112ccc7962759aca718cc6b7554ee1d572ac83aac65f335ad40c87,3.2,2692.0,452.0,False,12427,319,-1620,-37
w080_i080_mode_631408,w080_i080,mode,631408,11246,242,181.0,3174,3129,a110f03f41d329a5a4ff5a93990a26dc2328fbce2bc702db76f24d98fae3f09d,3.1000000000000005,4626.0,1144.0,False,12782,321,-1536,-79
w080_i080_mode_without_mn9_631408,w080_i080,mode_without_mn9,631408,11372,245,181.0,3174,3129,a110f03f41d329a5a4ff5a93990a26dc2328fbce2bc702db76f24d98fae3f09d,3.2,4718.0,1157.0,False,12782,321,-1410,-76
w080_i080_mn9_only_631408,w080_i080,mn9_only,631408,12659,322,127.0,3174,3129,a110f03f41d329a5a4ff5a93990a26dc2328fbce2bc702db76f24d98fae3f09d,3.1000000000000005,461.0,92.0,False,12782,321,-123,1
w080_i080_motor_003_631408,w080_i080,motor_003,631408,11949,297,128.0,3174,3129,a110f03f41d329a5a4ff5a93990a26dc2328fbce2bc702db76f24d98fae3f09d,3.2,2663.0,445.0,False,12782,321,-833,-24
w080_i080_motor_004_631408,w080_i080,motor_004,631408,11669,297,129.0,3174,3129,a110f03f41d329a5a4ff5a93990a26dc2328fbce2bc702db76f24d98fae3f09d,3.1000000000000005,2875.0,439.0,False,12782,321,-1113,-24
w080_i080_motor_005_631408,w080_i080,motor_005,631408,11597,290,128.0,3174,3129,a110f03f41d329a5a4ff5a93990a26dc2328fbce2bc702db76f24d98fae3f09d,3.1000000000000005,2785.0,418.0,False,12782,321,-1185,-31
w080_i080_mode_631409,w080_i080,mode,631409,11254,237,179.0,3172,3119,458135437fed78e2cb995ecea989c1e7899b44fe7fb9ff633318a47c2a8515aa,3.1000000000000005,4963.0,1171.0,False,12655,332,-1401,-95
w080_i080_mode_without_mn9_631409,w080_i080,mode_without_mn9,631409,11412,242,190.0,3172,3119,458135437fed78e2cb995ecea989c1e7899b44fe7fb9ff633318a47c2a8515aa,2.8,5017.0,1180.0,False,12655,332,-1243,-90
w080_i080_mn9_only_631409,w080_i080,mn9_only,631409,12925,313,128.0,3172,3119,458135437fed78e2cb995ecea989c1e7899b44fe7fb9ff633318a47c2a8515aa,3.2,652.0,118.0,False,12655,332,270,-19
w080_i080_motor_003_631409,w080_i080,motor_003,631409,11754,306,126.0,3172,3119,458135437fed78e2cb995ecea989c1e7899b44fe7fb9ff633318a47c2a8515aa,3.8,2231.0,421.0,False,12655,332,-901,-26
w080_i080_motor_004_631409,w080_i080,motor_004,631409,11064,296,127.0,3172,3119,458135437fed78e2cb995ecea989c1e7899b44fe7fb9ff633318a47c2a8515aa,3.5,2411.0,400.0,False,12655,332,-1591,-36
w080_i080_motor_005_631409,w080_i080,motor_005,631409,11306,277,128.0,3172,3119,458135437fed78e2cb995ecea989c1e7899b44fe7fb9ff633318a47c2a8515aa,3.6000000000000005,2441.0,411.0,False,12655,332,-1349,-55
w080_i080_mode_631410,w080_i080,mode,631410,11157,239,178.0,3118,3072,561dbc154010d17b8c5d824d3dcbb379bbc8a4e8424cbff78bb956580dcd795f,3.1000000000000005,4556.0,1043.0,False,12113,319,-956,-80
w080_i080_mode_without_mn9_631410,w080_i080,mode_without_mn9,631410,11255,243,183.0,3118,3072,561dbc154010d17b8c5d824d3dcbb379bbc8a4e8424cbff78bb956580dcd795f,3.2,4626.0,1044.0,False,12113,319,-858,-76
w080_i080_mn9_only_631410,w080_i080,mn9_only,631410,12292,316,127.0,3118,3072,561dbc154010d17b8c5d824d3dcbb379bbc8a4e8424cbff78bb956580dcd795f,3.2,573.0,88.0,False,12113,319,179,-3
w080_i080_motor_003_631410,w080_i080,motor_003,631410,11389,297,126.0,3118,3072,561dbc154010d17b8c5d824d3dcbb379bbc8a4e8424cbff78bb956580dcd795f,3.5,2252.0,417.0,False,12113,319,-724,-22
w080_i080_motor_004_631410,w080_i080,motor_004,631410,10769,286,126.0,3118,3072,561dbc154010d17b8c5d824d3dcbb379bbc8a4e8424cbff78bb956580dcd795f,3.4000000000000004,2366.0,434.0,False,12113,319,-1344,-33
w080_i080_motor_005_631410,w080_i080,motor_005,631410,10676,299,126.0,3118,3072,561dbc154010d17b8c5d824d3dcbb379bbc8a4e8424cbff78bb956580dcd795f,3.7,2409.0,418.0,False,12113,319,-1437,-20
w080_i080_mode_631411,w080_i080,mode,631411,11457,250,168.0,3226,3176,22c7bbdba5b1f37cef84a66f763b43c863ac85629eb59bf6f9c0097493189b0b,2.9000000000000004,4548.0,1071.0,False,12679,327,-1222,-77
w080_i080_mode_without_mn9_631411,w080_i080,mode_without_mn9,631411,11713,251,182.0,3226,3176,22c7bbdba5b1f37cef84a66f763b43c863ac85629eb59bf6f9c0097493189b0b,3.0,4762.0,1110.0,False,12679,327,-966,-76
w080_i080_mn9_only_631411,w080_i080,mn9_only,631411,13136,326,126.0,3226,3176,22c7bbdba5b1f37cef84a66f763b43c863ac85629eb59bf6f9c0097493189b0b,3.3,623.0,104.0,False,12679,327,457,-1
w080_i080_motor_003_631411,w080_i080,motor_003,631411,11617,314,128.0,3226,3176,22c7bbdba5b1f37cef84a66f763b43c863ac85629eb59bf6f9c0097493189b0b,3.5,2242.0,405.0,False,12679,327,-1062,-13
w080_i080_motor_004_631411,w080_i080,motor_004,631411,11313,292,127.0,3226,3176,22c7bbdba5b1f37cef84a66f763b43c863ac85629eb59bf6f9c0097493189b0b,3.7,2474.0,400.0,False,12679,327,-1366,-35
w080_i080_motor_005_631411,w080_i080,motor_005,631411,11052,287,127.0,3226,3176,22c7bbdba5b1f37cef84a66f763b43c863ac85629eb59bf6f9c0097493189b0b,3.5,2513.0,403.0,False,12679,327,-1627,-40
w080_i080_mode_631412,w080_i080,mode,631412,11229,239,175.0,3219,3155,8a950cbb70621f799e7b21b7adce161b71f800da95c71582ce42614881a76e54,3.2,4827.0,1165.0,False,12754,320,-1525,-81
w080_i080_mode_without_mn9_631412,w080_i080,mode_without_mn9,631412,11151,236,174.0,3219,3155,8a950cbb70621f799e7b21b7adce161b71f800da95c71582ce42614881a76e54,3.0,4841.0,1167.0,False,12754,320,-1603,-84
w080_i080_mn9_only_631412,w080_i080,mn9_only,631412,12591,319,129.0,3219,3155,8a950cbb70621f799e7b21b7adce161b71f800da95c71582ce42614881a76e54,3.1000000000000005,491.0,89.0,False,12754,320,-163,-1
w080_i080_motor_003_631412,w080_i080,motor_003,631412,11318,295,128.0,3219,3155,8a950cbb70621f799e7b21b7adce161b71f800da95c71582ce42614881a76e54,3.4000000000000004,2448.0,423.0,False,12754,320,-1436,-25
w080_i080_motor_004_631412,w080_i080,motor_004,631412,11230,289,129.0,3219,3155,8a950cbb70621f799e7b21b7adce161b71f800da95c71582ce42614881a76e54,3.4000000000000004,2576.0,410.0,False,12754,320,-1524,-31
w080_i080_motor_005_631412,w080_i080,motor_005,631412,11169,295,129.0,3219,3155,8a950cbb70621f799e7b21b7adce161b71f800da95c71582ce42614881a76e54,3.6000000000000005,2669.0,448.0,False,12754,320,-1585,-25
w080_i080_mode_631413,w080_i080,mode,631413,11473,239,181.0,3264,3210,7f2670b931c35e7aa1a4d1c0c682c0045b38f5d7a6131756b2a6f74759e70005,3.2,4683.0,1156.0,False,12882,328,-1409,-89
w080_i080_mode_without_mn9_631413,w080_i080,mode_without_mn9,631413,11446,241,181.0,3264,3210,7f2670b931c35e7aa1a4d1c0c682c0045b38f5d7a6131756b2a6f74759e70005,3.1000000000000005,4620.0,1137.0,False,12882,328,-1436,-87
w080_i080_mn9_only_631413,w080_i080,mn9_only,631413,12477,306,129.0,3264,3210,7f2670b931c35e7aa1a4d1c0c682c0045b38f5d7a6131756b2a6f74759e70005,2.9000000000000004,681.0,152.0,False,12882,328,-405,-22
w080_i080_motor_003_631413,w080_i080,motor_003,631413,12143,311,129.0,3264,3210,7f2670b931c35e7aa1a4d1c0c682c0045b38f5d7a6131756b2a6f74759e70005,3.2,2533.0,421.0,False,12882,328,-739,-17
w080_i080_motor_004_631413,w080_i080,motor_004,631413,11154,293,128.0,3264,3210,7f2670b931c35e7aa1a4d1c0c682c0045b38f5d7a6131756b2a6f74759e70005,3.8,2728.0,435.0,False,12882,328,-1728,-35
w080_i080_motor_005_631413,w080_i080,motor_005,631413,11318,303,129.0,3264,3210,7f2670b931c35e7aa1a4d1c0c682c0045b38f5d7a6131756b2a6f74759e70005,3.5,2730.0,459.0,False,12882,328,-1564,-25
w080_i080_mode_631414,w080_i080,mode,631414,11226,246,181.0,3060,3020,b05f750a0b66a38d43a6565df118f40419adfc2f82250bd2929914ad2812c2d3,3.1000000000000005,4537.0,1081.0,False,12723,331,-1497,-85
w080_i080_mode_without_mn9_631414,w080_i080,mode_without_mn9,631414,11170,241,178.0,3060,3020,b05f750a0b66a38d43a6565df118f40419adfc2f82250bd2929914ad2812c2d3,3.2,4457.0,1067.0,False,12723,331,-1553,-90
w080_i080_mn9_only_631414,w080_i080,mn9_only,631414,12259,324,126.0,3060,3020,b05f750a0b66a38d43a6565df118f40419adfc2f82250bd2929914ad2812c2d3,3.3,698.0,101.0,False,12723,331,-464,-7
w080_i080_motor_003_631414,w080_i080,motor_003,631414,11269,297,126.0,3060,3020,b05f750a0b66a38d43a6565df118f40419adfc2f82250bd2929914ad2812c2d3,3.3,2522.0,426.0,False,12723,331,-1454,-34
w080_i080_motor_004_631414,w080_i080,motor_004,631414,11056,281,126.0,3060,3020,b05f750a0b66a38d43a6565df118f40419adfc2f82250bd2929914ad2812c2d3,3.8,2735.0,433.0,False,12723,331,-1667,-50
w080_i080_motor_005_631414,w080_i080,motor_005,631414,10369,284,126.0,3060,3020,b05f750a0b66a38d43a6565df118f40419adfc2f82250bd2929914ad2812c2d3,3.4000000000000004,3032.0,545.0,False,12723,331,-2354,-47
w080_i080_mode_631415,w080_i080,mode,631415,11483,245,180.0,3233,3183,4fec2ec87e17ade5b340a00e2f95e714e871c644894d78e3e73c5eed1f3cefd7,3.3,4638.0,1144.0,False,12529,318,-1046,-73
w080_i080_mode_without_mn9_631415,w080_i080,mode_without_mn9,631415,11506,241,183.0,3233,3183,4fec2ec87e17ade5b340a00e2f95e714e871c644894d78e3e73c5eed1f3cefd7,3.2,4697.0,1147.0,False,12529,318,-1023,-77
w080_i080_mn9_only_631415,w080_i080,mn9_only,631415,12484,310,126.0,3233,3183,4fec2ec87e17ade5b340a00e2f95e714e871c644894d78e3e73c5eed1f3cefd7,3.3,455.0,69.0,False,12529,318,-45,-8
w080_i080_motor_003_631415,w080_i080,motor_003,631415,11617,299,127.0,3233,3183,4fec2ec87e17ade5b340a00e2f95e714e871c644894d78e3e73c5eed1f3cefd7,3.1000000000000005,2382.0,434.0,False,12529,318,-912,-19
w080_i080_motor_004_631415,w080_i080,motor_004,631415,11798,313,126.0,3233,3183,4fec2ec87e17ade5b340a00e2f95e714e871c644894d78e3e73c5eed1f3cefd7,3.4000000000000004,2675.0,459.0,False,12529,318,-731,-5
w080_i080_motor_005_631415,w080_i080,motor_005,631415,11360,303,126.0,3233,3183,4fec2ec87e17ade5b340a00e2f95e714e871c644894d78e3e73c5eed1f3cefd7,3.4000000000000004,2665.0,451.0,False,12529,318,-1169,-15
w080_i080_mode_631416,w080_i080,mode,631416,10861,228,179.0,3133,3085,983be3a36ca84d69d8a9627809bfe4679716991660b5631e6a0b9849f2e4e985,3.3,4402.0,1070.0,False,12225,308,-1364,-80
w080_i080_mode_without_mn9_631416,w080_i080,mode_without_mn9,631416,10910,227,181.0,3133,3085,983be3a36ca84d69d8a9627809bfe4679716991660b5631e6a0b9849f2e4e985,3.2,4505.0,1085.0,False,12225,308,-1315,-81
w080_i080_mn9_only_631416,w080_i080,mn9_only,631416,11948,307,126.0,3133,3085,983be3a36ca84d69d8a9627809bfe4679716991660b5631e6a0b9849f2e4e985,3.2,589.0,75.0,False,12225,308,-277,-1
w080_i080_motor_003_631416,w080_i080,motor_003,631416,11143,299,125.0,3133,3085,983be3a36ca84d69d8a9627809bfe4679716991660b5631e6a0b9849f2e4e985,3.4000000000000004,2376.0,463.0,False,12225,308,-1082,-9
w080_i080_motor_004_631416,w080_i080,motor_004,631416,10965,295,125.0,3133,3085,983be3a36ca84d69d8a9627809bfe4679716991660b5631e6a0b9849f2e4e985,3.7,2540.0,444.0,False,12225,308,-1260,-13
w080_i080_motor_005_631416,w080_i080,motor_005,631416,10944,303,125.0,3133,3085,983be3a36ca84d69d8a9627809bfe4679716991660b5631e6a0b9849f2e4e985,3.4000000000000004,2539.0,462.0,False,12225,308,-1281,-5
w080_i080_mode_631417,w080_i080,mode,631417,11380,240,175.0,3230,3186,2990fe15c20330ea5052361acbb45694bafbe190076f6d722f6c3b73598a6cdf,3.1000000000000005,4676.0,1090.0,False,12904,322,-1524,-82
w080_i080_mode_without_mn9_631417,w080_i080,mode_without_mn9,631417,11271,235,177.0,3230,3186,2990fe15c20330ea5052361acbb45694bafbe190076f6d722f6c3b73598a6cdf,3.1000000000000005,4691.0,1119.0,False,12904,322,-1633,-87
w080_i080_mn9_only_631417,w080_i080,mn9_only,631417,12823,317,128.0,3230,3186,2990fe15c20330ea5052361acbb45694bafbe190076f6d722f6c3b73598a6cdf,3.2,479.0,48.0,False,12904,322,-81,-5
w080_i080_motor_003_631417,w080_i080,motor_003,631417,11517,295,128.0,3230,3186,2990fe15c20330ea5052361acbb45694bafbe190076f6d722f6c3b73598a6cdf,3.6000000000000005,2541.0,432.0,False,12904,322,-1387,-27
w080_i080_motor_004_631417,w080_i080,motor_004,631417,11212,293,129.0,3230,3186,2990fe15c20330ea5052361acbb45694bafbe190076f6d722f6c3b73598a6cdf,3.8,2746.0,442.0,False,12904,322,-1692,-29
w080_i080_motor_005_631417,w080_i080,motor_005,631417,11582,283,129.0,3230,3186,2990fe15c20330ea5052361acbb45694bafbe190076f6d722f6c3b73598a6cdf,3.5,2716.0,417.0,False,12904,322,-1322,-39
w080_i080_mode_631418,w080_i080,mode,631418,11680,247,180.0,3286,3238,46de1871008b658723cab9a3d5b408a4492db89e0603e0eef1ad3cc9eeef8fea,3.2,4349.0,1023.0,False,12819,328,-1139,-81
w080_i080_mode_without_mn9_631418,w080_i080,mode_without_mn9,631418,11543,248,174.0,3286,3238,46de1871008b658723cab9a3d5b408a4492db89e0603e0eef1ad3cc9eeef8fea,3.0,4190.0,992.0,False,12819,328,-1276,-80
w080_i080_mn9_only_631418,w080_i080,mn9_only,631418,12959,323,126.0,3286,3238,46de1871008b658723cab9a3d5b408a4492db89e0603e0eef1ad3cc9eeef8fea,3.1000000000000005,620.0,102.0,False,12819,328,140,-5
w080_i080_motor_003_631418,w080_i080,motor_003,631418,11738,308,128.0,3286,3238,46de1871008b658723cab9a3d5b408a4492db89e0603e0eef1ad3cc9eeef8fea,3.5,2573.0,464.0,False,12819,328,-1081,-20
w080_i080_motor_004_631418,w080_i080,motor_004,631418,11773,313,128.0,3286,3238,46de1871008b658723cab9a3d5b408a4492db89e0603e0eef1ad3cc9eeef8fea,3.6000000000000005,2792.0,474.0,False,12819,328,-1046,-15
w080_i080_motor_005_631418,w080_i080,motor_005,631418,11973,318,126.0,3286,3238,46de1871008b658723cab9a3d5b408a4492db89e0603e0eef1ad3cc9eeef8fea,3.3,2912.0,511.0,False,12819,328,-846,-10
w080_i080_mode_631419,w080_i080,mode,631419,11011,239,173.0,3139,3083,6f48116eb54c69e28d2a3fd266db36c5d3574765971a6667b9e5865a9eb5e4c8,3.1000000000000005,4469.0,1085.0,False,12514,316,-1503,-77
w080_i080_mode_without_mn9_631419,w080_i080,mode_without_mn9,631419,11156,240,179.0,3139,3083,6f48116eb54c69e28d2a3fd266db36c5d3574765971a6667b9e5865a9eb5e4c8,3.1000000000000005,4640.0,1123.0,False,12514,316,-1358,-76
w080_i080_mn9_only_631419,w080_i080,mn9_only,631419,12090,315,125.0,3139,3083,6f48116eb54c69e28d2a3fd266db36c5d3574765971a6667b9e5865a9eb5e4c8,3.4000000000000004,680.0,94.0,False,12514,316,-424,-1
w080_i080_motor_003_631419,w080_i080,motor_003,631419,10973,293,125.0,3139,3083,6f48116eb54c69e28d2a3fd266db36c5d3574765971a6667b9e5865a9eb5e4c8,3.3,2509.0,446.0,False,12514,316,-1541,-23
w080_i080_motor_004_631419,w080_i080,motor_004,631419,11482,301,125.0,3139,3083,6f48116eb54c69e28d2a3fd266db36c5d3574765971a6667b9e5865a9eb5e4c8,3.5,2738.0,434.0,False,12514,316,-1032,-15
w080_i080_motor_005_631419,w080_i080,motor_005,631419,11017,298,125.0,3139,3083,6f48116eb54c69e28d2a3fd266db36c5d3574765971a6667b9e5865a9eb5e4c8,3.3,2689.0,432.0,False,12514,316,-1497,-18
w080_i080_mode_631420,w080_i080,mode,631420,10627,238,160.0,3085,3025,6c8e7959a7ed9c033caf1f7699f74167c8a00e3bd5d56fc4d704ed1347646d89,3.2,4579.0,1102.0,False,12072,307,-1445,-69
w080_i080_mode_without_mn9_631420,w080_i080,mode_without_mn9,631420,10722,240,174.0,3085,3025,6c8e7959a7ed9c033caf1f7699f74167c8a00e3bd5d56fc4d704ed1347646d89,3.2,4494.0,1094.0,False,12072,307,-1350,-67
w080_i080_mn9_only_631420,w080_i080,mn9_only,631420,11982,319,125.0,3085,3025,6c8e7959a7ed9c033caf1f7699f74167c8a00e3bd5d56fc4d704ed1347646d89,3.0,514.0,69.0,False,12072,307,-90,12
w080_i080_motor_003_631420,w080_i080,motor_003,631420,10974,299,125.0,3085,3025,6c8e7959a7ed9c033caf1f7699f74167c8a00e3bd5d56fc4d704ed1347646d89,3.4000000000000004,2268.0,431.0,False,12072,307,-1098,-8
w080_i080_motor_004_631420,w080_i080,motor_004,631420,10422,284,125.0,3085,3025,6c8e7959a7ed9c033caf1f7699f74167c8a00e3bd5d56fc4d704ed1347646d89,3.2,2478.0,440.0,False,12072,307,-1650,-23
w080_i080_motor_005_631420,w080_i080,motor_005,631420,10429,285,125.0,3085,3025,6c8e7959a7ed9c033caf1f7699f74167c8a00e3bd5d56fc4d704ed1347646d89,3.4000000000000004,2539.0,472.0,False,12072,307,-1643,-22
w080_i080_mode_631421,w080_i080,mode,631421,11295,242,175.0,3210,3153,59022bd53269375055fcd296502d7a4ec89f47ec92a0a51b5f5ee94d108663ec,2.8,4311.0,1036.0,False,12638,314,-1343,-72
w080_i080_mode_without_mn9_631421,w080_i080,mode_without_mn9,631421,11351,243,175.0,3210,3153,59022bd53269375055fcd296502d7a4ec89f47ec92a0a51b5f5ee94d108663ec,3.3,4351.0,1019.0,False,12638,314,-1287,-71
w080_i080_mn9_only_631421,w080_i080,mn9_only,631421,12770,317,125.0,3210,3153,59022bd53269375055fcd296502d7a4ec89f47ec92a0a51b5f5ee94d108663ec,3.2,802.0,162.0,False,12638,314,132,3
w080_i080_motor_003_631421,w080_i080,motor_003,631421,11614,305,125.0,3210,3153,59022bd53269375055fcd296502d7a4ec89f47ec92a0a51b5f5ee94d108663ec,3.1000000000000005,2484.0,438.0,False,12638,314,-1024,-9
w080_i080_motor_004_631421,w080_i080,motor_004,631421,11134,296,125.0,3210,3153,59022bd53269375055fcd296502d7a4ec89f47ec92a0a51b5f5ee94d108663ec,3.7,2700.0,440.0,False,12638,314,-1504,-18
w080_i080_motor_005_631421,w080_i080,motor_005,631421,11679,301,125.0,3210,3153,59022bd53269375055fcd296502d7a4ec89f47ec92a0a51b5f5ee94d108663ec,3.7,2815.0,470.0,False,12638,314,-959,-13
w080_i080_mode_631422,w080_i080,mode,631422,10954,230,179.0,3097,3066,2e7e47c1064ebd8647f5e211d459f5818e5fd2f6414577d90d3f28fc093b6e36,3.1000000000000005,4599.0,1111.0,False,12169,311,-1215,-81
w080_i080_mode_without_mn9_631422,w080_i080,mode_without_mn9,631422,11080,242,178.0,3097,3066,2e7e47c1064ebd8647f5e211d459f5818e5fd2f6414577d90d3f28fc093b6e36,3.1000000000000005,4541.0,1077.0,False,12169,311,-1089,-69
w080_i080_mn9_only_631422,w080_i080,mn9_only,631422,11936,321,126.0,3097,3066,2e7e47c1064ebd8647f5e211d459f5818e5fd2f6414577d90d3f28fc093b6e36,3.4000000000000004,639.0,85.0,False,12169,311,-233,10
w080_i080_motor_003_631422,w080_i080,motor_003,631422,11271,304,127.0,3097,3066,2e7e47c1064ebd8647f5e211d459f5818e5fd2f6414577d90d3f28fc093b6e36,3.0,2348.0,417.0,False,12169,311,-898,-7
w080_i080_motor_004_631422,w080_i080,motor_004,631422,10912,293,126.0,3097,3066,2e7e47c1064ebd8647f5e211d459f5818e5fd2f6414577d90d3f28fc093b6e36,3.2,2543.0,433.0,False,12169,311,-1257,-18
w080_i080_motor_005_631422,w080_i080,motor_005,631422,11009,296,126.0,3097,3066,2e7e47c1064ebd8647f5e211d459f5818e5fd2f6414577d90d3f28fc093b6e36,3.3,2560.0,442.0,False,12169,311,-1160,-15
w080_i080_mode_631423,w080_i080,mode,631423,10828,240,172.0,3116,3064,e27e23e46e2dc5a392403f453a37b8509da014334d187fa858576e04985a583d,3.1000000000000005,4945.0,1211.0,False,12385,313,-1557,-73
w080_i080_mode_without_mn9_631423,w080_i080,mode_without_mn9,631423,10952,239,176.0,3116,3064,e27e23e46e2dc5a392403f453a37b8509da014334d187fa858576e04985a583d,3.3,4971.0,1192.0,False,12385,313,-1433,-74
w080_i080_mn9_only_631423,w080_i080,mn9_only,631423,12033,305,125.0,3116,3064,e27e23e46e2dc5a392403f453a37b8509da014334d187fa858576e04985a583d,3.4000000000000004,578.0,96.0,False,12385,313,-352,-8
w080_i080_motor_003_631423,w080_i080,motor_003,631423,11331,298,126.0,3116,3064,e27e23e46e2dc5a392403f453a37b8509da014334d187fa858576e04985a583d,3.3,2272.0,413.0,False,12385,313,-1054,-15
w080_i080_motor_004_631423,w080_i080,motor_004,631423,10556,297,125.0,3116,3064,e27e23e46e2dc5a392403f453a37b8509da014334d187fa858576e04985a583d,3.9,2667.0,500.0,False,12385,313,-1829,-16
w080_i080_motor_005_631423,w080_i080,motor_005,631423,10971,290,125.0,3116,3064,e27e23e46e2dc5a392403f453a37b8509da014334d187fa858576e04985a583d,3.7,2568.0,444.0,False,12385,313,-1414,-23
w080_i080_mode_631424,w080_i080,mode,631424,10872,234,175.0,3085,3045,73556388aa50eba89fdfcc280e02713d26007b18afa395c1fb37bf28b3e788bf,3.3,4609.0,1153.0,False,12209,317,-1337,-83
w080_i080_mode_without_mn9_631424,w080_i080,mode_without_mn9,631424,11228,238,188.0,3085,3046,73556388aa50eba89fdfcc280e02713d26007b18afa395c1fb37bf28b3e788bf,3.4000000000000004,4881.0,1185.0,False,12209,317,-981,-79
w080_i080_mn9_only_631424,w080_i080,mn9_only,631424,12060,297,125.0,3085,3046,73556388aa50eba89fdfcc280e02713d26007b18afa395c1fb37bf28b3e788bf,3.2,487.0,63.0,False,12209,317,-149,-20
w080_i080_motor_003_631424,w080_i080,motor_003,631424,10965,290,125.0,3085,3046,73556388aa50eba89fdfcc280e02713d26007b18afa395c1fb37bf28b3e788bf,3.1000000000000005,2330.0,435.0,False,12209,317,-1244,-27
w080_i080_motor_004_631424,w080_i080,motor_004,631424,10870,294,125.0,3085,3046,73556388aa50eba89fdfcc280e02713d26007b18afa395c1fb37bf28b3e788bf,3.0,2551.0,426.0,False,12209,317,-1339,-23
w080_i080_motor_005_631424,w080_i080,motor_005,631424,10775,284,126.0,3085,3046,73556388aa50eba89fdfcc280e02713d26007b18afa395c1fb37bf28b3e788bf,3.9,2530.0,439.0,False,12209,317,-1434,-33
w080_i080_mode_631425,w080_i080,mode,631425,11264,237,175.0,3182,3130,f710ff6463d7ca98dc53926044f0745a7bb669a60a8606de490934473682982b,2.9000000000000004,4675.0,1143.0,False,12831,310,-1567,-73
w080_i080_mode_without_mn9_631425,w080_i080,mode_without_mn9,631425,11349,233,185.0,3182,3130,f710ff6463d7ca98dc53926044f0745a7bb669a60a8606de490934473682982b,3.2,4836.0,1176.0,False,12831,310,-1482,-77
w080_i080_mn9_only_631425,w080_i080,mn9_only,631425,12319,306,127.0,3182,3130,f710ff6463d7ca98dc53926044f0745a7bb669a60a8606de490934473682982b,3.1000000000000005,736.0,98.0,False,12831,310,-512,-4
w080_i080_motor_003_631425,w080_i080,motor_003,631425,11772,310,125.0,3182,3130,f710ff6463d7ca98dc53926044f0745a7bb669a60a8606de490934473682982b,3.4000000000000004,2499.0,456.0,False,12831,310,-1059,0
w080_i080_motor_004_631425,w080_i080,motor_004,631425,11508,301,127.0,3182,3130,f710ff6463d7ca98dc53926044f0745a7bb669a60a8606de490934473682982b,3.4000000000000004,2759.0,458.0,False,12831,310,-1323,-9
w080_i080_motor_005_631425,w080_i080,motor_005,631425,11575,296,126.0,3182,3130,f710ff6463d7ca98dc53926044f0745a7bb669a60a8606de490934473682982b,3.4000000000000004,2720.0,473.0,False,12831,310,-1256,-14
w080_i080_mode_631426,w080_i080,mode,631426,11365,243,178.0,3167,3127,5b26a62924f518ae79ec0bd6d0af0cb4c529aaf699effb3c35635f63a45e2824,3.0,4911.0,1180.0,False,12530,320,-1165,-77
w080_i080_mode_without_mn9_631426,w080_i080,mode_without_mn9,631426,11537,241,184.0,3167,3127,5b26a62924f518ae79ec0bd6d0af0cb4c529aaf699effb3c35635f63a45e2824,3.2,4999.0,1194.0,False,12530,320,-993,-79
w080_i080_mn9_only_631426,w080_i080,mn9_only,631426,12254,311,129.0,3167,3127,5b26a62924f518ae79ec0bd6d0af0cb4c529aaf699effb3c35635f63a45e2824,3.3,740.0,126.0,False,12530,320,-276,-9
w080_i080_motor_003_631426,w080_i080,motor_003,631426,11903,310,128.0,3167,3127,5b26a62924f518ae79ec0bd6d0af0cb4c529aaf699effb3c35635f63a45e2824,3.4000000000000004,2501.0,434.0,False,12530,320,-627,-10
w080_i080_motor_004_631426,w080_i080,motor_004,631426,11306,309,128.0,3167,3127,5b26a62924f518ae79ec0bd6d0af0cb4c529aaf699effb3c35635f63a45e2824,3.8,2572.0,400.0,False,12530,320,-1224,-11
w080_i080_motor_005_631426,w080_i080,motor_005,631426,11543,297,126.0,3167,3127,5b26a62924f518ae79ec0bd6d0af0cb4c529aaf699effb3c35635f63a45e2824,3.3,2627.0,399.0,False,12530,320,-987,-23
w080_i080_mode_631427,w080_i080,mode,631427,10736,243,164.0,3032,2989,a5ef70bc66f08b067cc69ccfd2ae1c8787b249a41d1926d119f34e0f2034a500,3.1000000000000005,4345.0,1054.0,False,11827,317,-1091,-74
w080_i080_mode_without_mn9_631427,w080_i080,mode_without_mn9,631427,10611,240,161.0,3032,2989,a5ef70bc66f08b067cc69ccfd2ae1c8787b249a41d1926d119f34e0f2034a500,3.2,4328.0,1065.0,False,11827,317,-1216,-77
w080_i080_mn9_only_631427,w080_i080,mn9_only,631427,12185,312,124.0,3032,2989,a5ef70bc66f08b067cc69ccfd2ae1c8787b249a41d1926d119f34e0f2034a500,3.3,632.0,89.0,False,11827,317,358,-5
w080_i080_motor_003_631427,w080_i080,motor_003,631427,11003,296,124.0,3032,2989,a5ef70bc66f08b067cc69ccfd2ae1c8787b249a41d1926d119f34e0f2034a500,3.5,2206.0,390.0,False,11827,317,-824,-21
w080_i080_motor_004_631427,w080_i080,motor_004,631427,11157,287,124.0,3032,2989,a5ef70bc66f08b067cc69ccfd2ae1c8787b249a41d1926d119f34e0f2034a500,3.6000000000000005,2468.0,422.0,False,11827,317,-670,-30
w080_i080_motor_005_631427,w080_i080,motor_005,631427,10820,290,124.0,3032,2989,a5ef70bc66f08b067cc69ccfd2ae1c8787b249a41d1926d119f34e0f2034a500,3.3,2371.0,404.0,False,11827,317,-1007,-27
w080_i080_mode_631428,w080_i080,mode,631428,11430,244,176.0,3155,3107,6122183b8e1e90ae6da8ea292fcd7052b279cdd5a8099ada7c4e733edef92212,3.1000000000000005,4710.0,1097.0,False,12574,321,-1144,-77
w080_i080_mode_without_mn9_631428,w080_i080,mode_without_mn9,631428,11438,244,187.0,3155,3107,6122183b8e1e90ae6da8ea292fcd7052b279cdd5a8099ada7c4e733edef92212,3.1000000000000005,4768.0,1133.0,False,12574,321,-1136,-77
w080_i080_mn9_only_631428,w080_i080,mn9_only,631428,12641,311,127.0,3155,3107,6122183b8e1e90ae6da8ea292fcd7052b279cdd5a8099ada7c4e733edef92212,3.4000000000000004,483.0,64.0,False,12574,321,67,-10
w080_i080_motor_003_631428,w080_i080,motor_003,631428,11693,291,127.0,3155,3107,6122183b8e1e90ae6da8ea292fcd7052b279cdd5a8099ada7c4e733edef92212,3.4000000000000004,2579.0,444.0,False,12574,321,-881,-30
w080_i080_motor_004_631428,w080_i080,motor_004,631428,10790,300,128.0,3155,3107,6122183b8e1e90ae6da8ea292fcd7052b279cdd5a8099ada7c4e733edef92212,3.8,2844.0,481.0,False,12574,321,-1784,-21
w080_i080_motor_005_631428,w080_i080,motor_005,631428,11094,283,127.0,3155,3107,6122183b8e1e90ae6da8ea292fcd7052b279cdd5a8099ada7c4e733edef92212,3.4000000000000004,2690.0,435.0,False,12574,321,-1480,-38
w080_i080_mode_631429,w080_i080,mode,631429,11181,240,178.0,3149,3103,8e949af61b96f2ea5996e68015b4de8ada41ae02902578e106bf1e865535951c,3.2,4519.0,1074.0,False,12446,316,-1265,-76
w080_i080_mode_without_mn9_631429,w080_i080,mode_without_mn9,631429,11250,240,175.0,3149,3103,8e949af61b96f2ea5996e68015b4de8ada41ae02902578e106bf1e865535951c,3.2,4526.0,1052.0,False,12446,316,-1196,-76
w080_i080_mn9_only_631429,w080_i080,mn9_only,631429,12445,313,126.0,3149,3103,8e949af61b96f2ea5996e68015b4de8ada41ae02902578e106bf1e865535951c,3.3,613.0,117.0,False,12446,316,-1,-3
w080_i080_motor_003_631429,w080_i080,motor_003,631429,11548,308,128.0,3149,3103,8e949af61b96f2ea5996e68015b4de8ada41ae02902578e106bf1e865535951c,3.8,2538.0,452.0,False,12446,316,-898,-8
w080_i080_motor_004_631429,w080_i080,motor_004,631429,11021,297,126.0,3149,3103,8e949af61b96f2ea5996e68015b4de8ada41ae02902578e106bf1e865535951c,3.8,2653.0,453.0,False,12446,316,-1425,-19
w080_i080_motor_005_631429,w080_i080,motor_005,631429,11382,311,126.0,3149,3103,8e949af61b96f2ea5996e68015b4de8ada41ae02902578e106bf1e865535951c,3.6000000000000005,2730.0,456.0,False,12446,316,-1064,-5
w080_i080_mode_631430,w080_i080,mode,631430,11343,242,177.0,3220,3165,6d4b9a8c6cba3759dc3c6d9e22a48da5044e475e4de4f738cd99fc52ab3370a3,3.1000000000000005,4825.0,1165.0,False,12784,322,-1441,-80
w080_i080_mode_without_mn9_631430,w080_i080,mode_without_mn9,631430,11339,238,173.0,3220,3165,6d4b9a8c6cba3759dc3c6d9e22a48da5044e475e4de4f738cd99fc52ab3370a3,3.2,4837.0,1160.0,False,12784,322,-1445,-84
w080_i080_mn9_only_631430,w080_i080,mn9_only,631430,12440,314,127.0,3220,3165,6d4b9a8c6cba3759dc3c6d9e22a48da5044e475e4de4f738cd99fc52ab3370a3,3.1000000000000005,602.0,78.0,False,12784,322,-344,-8
w080_i080_motor_003_631430,w080_i080,motor_003,631430,11415,294,127.0,3220,3165,6d4b9a8c6cba3759dc3c6d9e22a48da5044e475e4de4f738cd99fc52ab3370a3,3.4000000000000004,2423.0,431.0,False,12784,322,-1369,-28
w080_i080_motor_004_631430,w080_i080,motor_004,631430,11263,295,126.0,3220,3165,6d4b9a8c6cba3759dc3c6d9e22a48da5044e475e4de4f738cd99fc52ab3370a3,3.2,2697.0,478.0,False,12784,322,-1521,-27
w080_i080_motor_005_631430,w080_i080,motor_005,631430,11644,302,126.0,3220,3165,6d4b9a8c6cba3759dc3c6d9e22a48da5044e475e4de4f738cd99fc52ab3370a3,3.6000000000000005,2590.0,416.0,False,12784,322,-1140,-20
w080_i100_mode_631401,w080_i100,mode,631401,9650,219,163.0,3114,3070,947b874a1f0642db593a25db863d1d9fafa83f779c71426db44ca34f517f65b4,3.1000000000000005,3731.0,969.0,False,9731,257,-81,-38
w080_i100_mode_without_mn9_631401,w080_i100,mode_without_mn9,631401,9650,219,163.0,3114,3070,947b874a1f0642db593a25db863d1d9fafa83f779c71426db44ca34f517f65b4,3.1000000000000005,3731.0,969.0,False,9731,257,-81,-38
w080_i100_mn9_only_631401,w080_i100,mn9_only,631401,9361,252,126.0,3114,3070,947b874a1f0642db593a25db863d1d9fafa83f779c71426db44ca34f517f65b4,3.5,672.0,136.0,False,9731,257,-370,-5
w080_i100_motor_003_631401,w080_i100,motor_003,631401,8358,252,126.0,3114,3070,947b874a1f0642db593a25db863d1d9fafa83f779c71426db44ca34f517f65b4,3.7,2011.0,523.0,False,9731,257,-1373,-5
w080_i100_motor_004_631401,w080_i100,motor_004,631401,8212,227,126.0,3114,3070,947b874a1f0642db593a25db863d1d9fafa83f779c71426db44ca34f517f65b4,3.2,2235.0,589.0,False,9731,257,-1519,-30
w080_i100_motor_005_631401,w080_i100,motor_005,631401,8103,225,128.0,3114,3070,947b874a1f0642db593a25db863d1d9fafa83f779c71426db44ca34f517f65b4,3.5,2314.0,619.0,False,9731,257,-1628,-32
w080_i100_mode_631402,w080_i100,mode,631402,10021,205,166.0,3215,3170,68ec43809259fe87f64b275dd4e8d65eabc89f96fc2222a86e3b60ee2fe6c834,3.1000000000000005,3725.0,968.0,False,10532,271,-511,-66
w080_i100_mode_without_mn9_631402,w080_i100,mode_without_mn9,631402,10032,204,174.0,3215,3170,68ec43809259fe87f64b275dd4e8d65eabc89f96fc2222a86e3b60ee2fe6c834,3.2,3876.0,1004.0,False,10532,271,-500,-67
w080_i100_mn9_only_631402,w080_i100,mn9_only,631402,10223,275,127.0,3215,3170,68ec43809259fe87f64b275dd4e8d65eabc89f96fc2222a86e3b60ee2fe6c834,3.2,523.0,78.0,False,10532,271,-309,4
w080_i100_motor_003_631402,w080_i100,motor_003,631402,8463,231,126.0,3215,3170,68ec43809259fe87f64b275dd4e8d65eabc89f96fc2222a86e3b60ee2fe6c834,3.7,2451.0,634.0,False,10532,271,-2069,-40
w080_i100_motor_004_631402,w080_i100,motor_004,631402,8667,233,127.0,3215,3170,68ec43809259fe87f64b275dd4e8d65eabc89f96fc2222a86e3b60ee2fe6c834,3.6000000000000005,2429.0,581.0,False,10532,271,-1865,-38
w080_i100_motor_005_631402,w080_i100,motor_005,631402,8717,238,127.0,3215,3170,68ec43809259fe87f64b275dd4e8d65eabc89f96fc2222a86e3b60ee2fe6c834,3.1000000000000005,2395.0,571.0,False,10532,271,-1815,-33
w080_i100_mode_631403,w080_i100,mode,631403,9776,197,169.0,3125,3088,ce434629d3484ce495a73482e054fe33ac6fc25ee2b7c015d104242563100383,3.2,3982.0,1021.0,False,9800,272,-24,-75
w080_i100_mode_without_mn9_631403,w080_i100,mode_without_mn9,631403,9776,197,169.0,3125,3088,ce434629d3484ce495a73482e054fe33ac6fc25ee2b7c015d104242563100383,3.2,3982.0,1021.0,False,9800,272,-24,-75
w080_i100_mn9_only_631403,w080_i100,mn9_only,631403,9785,269,122.0,3125,3088,ce434629d3484ce495a73482e054fe33ac6fc25ee2b7c015d104242563100383,3.3,611.0,111.0,False,9800,272,-15,-3
w080_i100_motor_003_631403,w080_i100,motor_003,631403,8756,222,121.0,3125,3088,ce434629d3484ce495a73482e054fe33ac6fc25ee2b7c015d104242563100383,3.8,1692.0,429.0,False,9800,272,-1044,-50
w080_i100_motor_004_631403,w080_i100,motor_004,631403,8279,224,121.0,3125,3088,ce434629d3484ce495a73482e054fe33ac6fc25ee2b7c015d104242563100383,3.5,2071.0,531.0,False,9800,272,-1521,-48
w080_i100_motor_005_631403,w080_i100,motor_005,631403,8769,237,122.0,3125,3088,ce434629d3484ce495a73482e054fe33ac6fc25ee2b7c015d104242563100383,3.6000000000000005,1769.0,398.0,False,9800,272,-1031,-35
w080_i100_mode_631404,w080_i100,mode,631404,9834,199,173.0,3108,3050,f95218a1ea37745551ca6815bec1fc551432e6125112557ee79f6d520493e2fb,3.3,3825.0,983.0,False,9797,265,37,-66
w080_i100_mode_without_mn9_631404,w080_i100,mode_without_mn9,631404,9834,199,173.0,3108,3050,f95218a1ea37745551ca6815bec1fc551432e6125112557ee79f6d520493e2fb,3.3,3825.0,983.0,False,9797,265,37,-66
w080_i100_mn9_only_631404,w080_i100,mn9_only,631404,9634,258,127.0,3108,3050,f95218a1ea37745551ca6815bec1fc551432e6125112557ee79f6d520493e2fb,3.4000000000000004,371.0,59.0,False,9797,265,-163,-7
w080_i100_motor_003_631404,w080_i100,motor_003,631404,8780,249,127.0,3108,3050,f95218a1ea37745551ca6815bec1fc551432e6125112557ee79f6d520493e2fb,4.0,1715.0,414.0,False,9797,265,-1017,-16
w080_i100_motor_004_631404,w080_i100,motor_004,631404,8665,258,127.0,3108,3050,f95218a1ea37745551ca6815bec1fc551432e6125112557ee79f6d520493e2fb,3.9,1996.0,469.0,False,9797,265,-1132,-7
w080_i100_motor_005_631404,w080_i100,motor_005,631404,8337,238,127.0,3108,3050,f95218a1ea37745551ca6815bec1fc551432e6125112557ee79f6d520493e2fb,3.5,2098.0,519.0,False,9797,265,-1460,-27
w080_i100_mode_631405,w080_i100,mode,631405,9853,207,165.0,3129,3075,36e28093cf09c4bf4c1c02102fdc1b3f219da0d4b16c463306c0193d088d5804,3.3,4047.0,1033.0,False,10298,270,-445,-63
w080_i100_mode_without_mn9_631405,w080_i100,mode_without_mn9,631405,9776,212,164.0,3129,3075,36e28093cf09c4bf4c1c02102fdc1b3f219da0d4b16c463306c0193d088d5804,3.1000000000000005,4026.0,1046.0,False,10298,270,-522,-58
w080_i100_mn9_only_631405,w080_i100,mn9_only,631405,9735,260,127.0,3129,3075,36e28093cf09c4bf4c1c02102fdc1b3f219da0d4b16c463306c0193d088d5804,3.4000000000000004,723.0,149.0,False,10298,270,-563,-10
w080_i100_motor_003_631405,w080_i100,motor_003,631405,9021,241,127.0,3129,3075,36e28093cf09c4bf4c1c02102fdc1b3f219da0d4b16c463306c0193d088d5804,4.0,1963.0,474.0,False,10298,270,-1277,-29
w080_i100_motor_004_631405,w080_i100,motor_004,631405,8601,225,127.0,3129,3075,36e28093cf09c4bf4c1c02102fdc1b3f219da0d4b16c463306c0193d088d5804,3.5,2305.0,542.0,False,10298,270,-1697,-45
w080_i100_motor_005_631405,w080_i100,motor_005,631405,8555,225,127.0,3129,3075,36e28093cf09c4bf4c1c02102fdc1b3f219da0d4b16c463306c0193d088d5804,3.6000000000000005,2313.0,581.0,False,10298,270,-1743,-45
w080_i100_mode_631406,w080_i100,mode,631406,9974,209,170.0,3140,3098,0863e7b24dfaae64071a8059c2628849bec7706d10bff82c1fb11d9bde965e8e,2.9000000000000004,4056.0,1050.0,False,10102,261,-128,-52
w080_i100_mode_without_mn9_631406,w080_i100,mode_without_mn9,631406,9974,209,170.0,3140,3098,0863e7b24dfaae64071a8059c2628849bec7706d10bff82c1fb11d9bde965e8e,2.9000000000000004,4056.0,1050.0,False,10102,261,-128,-52
w080_i100_mn9_only_631406,w080_i100,mn9_only,631406,9542,256,126.0,3140,3098,0863e7b24dfaae64071a8059c2628849bec7706d10bff82c1fb11d9bde965e8e,3.7,724.0,173.0,False,10102,261,-560,-5
w080_i100_motor_003_631406,w080_i100,motor_003,631406,8825,229,126.0,3140,3098,0863e7b24dfaae64071a8059c2628849bec7706d10bff82c1fb11d9bde965e8e,3.8,2019.0,507.0,False,10102,261,-1277,-32
w080_i100_motor_004_631406,w080_i100,motor_004,631406,8524,217,126.0,3140,3098,0863e7b24dfaae64071a8059c2628849bec7706d10bff82c1fb11d9bde965e8e,3.7,2230.0,537.0,False,10102,261,-1578,-44
w080_i100_motor_005_631406,w080_i100,motor_005,631406,8460,224,126.0,3140,3098,0863e7b24dfaae64071a8059c2628849bec7706d10bff82c1fb11d9bde965e8e,3.5,2312.0,573.0,False,10102,261,-1642,-37
w080_i100_mode_631407,w080_i100,mode,631407,9738,209,169.0,3078,3032,603c4b79b2112ccc7962759aca718cc6b7554ee1d572ac83aac65f335ad40c87,2.9000000000000004,3879.0,966.0,False,9455,257,283,-48
w080_i100_mode_without_mn9_631407,w080_i100,mode_without_mn9,631407,9738,209,169.0,3078,3032,603c4b79b2112ccc7962759aca718cc6b7554ee1d572ac83aac65f335ad40c87,2.9000000000000004,3879.0,966.0,False,9455,257,283,-48
w080_i100_mn9_only_631407,w080_i100,mn9_only,631407,9154,258,125.0,3078,3032,603c4b79b2112ccc7962759aca718cc6b7554ee1d572ac83aac65f335ad40c87,3.2,531.0,97.0,False,9455,257,-301,1
w080_i100_motor_003_631407,w080_i100,motor_003,631407,8656,247,125.0,3078,3032,603c4b79b2112ccc7962759aca718cc6b7554ee1d572ac83aac65f335ad40c87,4.0,1621.0,401.0,False,9455,257,-799,-10
w080_i100_motor_004_631407,w080_i100,motor_004,631407,8119,218,124.0,3078,3032,603c4b79b2112ccc7962759aca718cc6b7554ee1d572ac83aac65f335ad40c87,3.4000000000000004,1810.0,449.0,False,9455,257,-1336,-39
w080_i100_motor_005_631407,w080_i100,motor_005,631407,8593,228,124.0,3078,3032,603c4b79b2112ccc7962759aca718cc6b7554ee1d572ac83aac65f335ad40c87,3.8,1628.0,373.0,False,9455,257,-862,-29
w080_i100_mode_631408,w080_i100,mode,631408,10034,216,169.0,3174,3129,a110f03f41d329a5a4ff5a93990a26dc2328fbce2bc702db76f24d98fae3f09d,3.2,3816.0,960.0,False,9916,265,118,-49
w080_i100_mode_without_mn9_631408,w080_i100,mode_without_mn9,631408,9939,203,172.0,3174,3129,a110f03f41d329a5a4ff5a93990a26dc2328fbce2bc702db76f24d98fae3f09d,3.0,3755.0,949.0,False,9916,265,23,-62
w080_i100_mn9_only_631408,w080_i100,mn9_only,631408,10566,275,129.0,3174,3129,a110f03f41d329a5a4ff5a93990a26dc2328fbce2bc702db76f24d98fae3f09d,3.3,762.0,137.0,False,9916,265,650,10
w080_i100_motor_003_631408,w080_i100,motor_003,631408,8715,234,128.0,3174,3129,a110f03f41d329a5a4ff5a93990a26dc2328fbce2bc702db76f24d98fae3f09d,3.7,1809.0,479.0,False,9916,265,-1201,-31
w080_i100_motor_004_631408,w080_i100,motor_004,631408,8775,253,127.0,3174,3129,a110f03f41d329a5a4ff5a93990a26dc2328fbce2bc702db76f24d98fae3f09d,3.5,1949.0,463.0,False,9916,265,-1141,-12
w080_i100_motor_005_631408,w080_i100,motor_005,631408,8658,241,127.0,3174,3129,a110f03f41d329a5a4ff5a93990a26dc2328fbce2bc702db76f24d98fae3f09d,3.7,2018.0,486.0,False,9916,265,-1258,-24
w080_i100_mode_631409,w080_i100,mode,631409,10099,217,167.0,3172,3119,458135437fed78e2cb995ecea989c1e7899b44fe7fb9ff633318a47c2a8515aa,2.9000000000000004,3766.0,974.0,False,10325,278,-226,-61
w080_i100_mode_without_mn9_631409,w080_i100,mode_without_mn9,631409,9323,206,129.0,3172,3119,458135437fed78e2cb995ecea989c1e7899b44fe7fb9ff633318a47c2a8515aa,3.3,3232.0,889.0,False,10325,278,-1002,-72
w080_i100_mn9_only_631409,w080_i100,mn9_only,631409,9923,277,127.0,3172,3119,458135437fed78e2cb995ecea989c1e7899b44fe7fb9ff633318a47c2a8515aa,3.2,604.0,102.0,False,10325,278,-402,-1
w080_i100_motor_003_631409,w080_i100,motor_003,631409,8935,241,128.0,3172,3119,458135437fed78e2cb995ecea989c1e7899b44fe7fb9ff633318a47c2a8515aa,3.5,1946.0,465.0,False,10325,278,-1390,-37
w080_i100_motor_004_631409,w080_i100,motor_004,631409,8724,227,127.0,3172,3119,458135437fed78e2cb995ecea989c1e7899b44fe7fb9ff633318a47c2a8515aa,3.2,2167.0,491.0,False,10325,278,-1601,-51
w080_i100_motor_005_631409,w080_i100,motor_005,631409,8567,230,127.0,3172,3119,458135437fed78e2cb995ecea989c1e7899b44fe7fb9ff633318a47c2a8515aa,4.1000000000000005,2298.0,538.0,False,10325,278,-1758,-48
w080_i100_mode_631410,w080_i100,mode,631410,9745,214,167.0,3118,3072,561dbc154010d17b8c5d824d3dcbb379bbc8a4e8424cbff78bb956580dcd795f,3.2,3662.0,956.0,False,9877,284,-132,-70
w080_i100_mode_without_mn9_631410,w080_i100,mode_without_mn9,631410,9583,203,161.0,3118,3072,561dbc154010d17b8c5d824d3dcbb379bbc8a4e8424cbff78bb956580dcd795f,3.0,3546.0,923.0,False,9877,284,-294,-81
w080_i100_mn9_only_631410,w080_i100,mn9_only,631410,9800,266,126.0,3118,3072,561dbc154010d17b8c5d824d3dcbb379bbc8a4e8424cbff78bb956580dcd795f,3.0,423.0,58.0,False,9877,284,-77,-18
w080_i100_motor_003_631410,w080_i100,motor_003,631410,8957,253,125.0,3118,3072,561dbc154010d17b8c5d824d3dcbb379bbc8a4e8424cbff78bb956580dcd795f,3.6000000000000005,1618.0,380.0,False,9877,284,-920,-31
w080_i100_motor_004_631410,w080_i100,motor_004,631410,8577,249,126.0,3118,3072,561dbc154010d17b8c5d824d3dcbb379bbc8a4e8424cbff78bb956580dcd795f,3.4000000000000004,1852.0,417.0,False,9877,284,-1300,-35
w080_i100_motor_005_631410,w080_i100,motor_005,631410,8449,251,126.0,3118,3072,561dbc154010d17b8c5d824d3dcbb379bbc8a4e8424cbff78bb956580dcd795f,3.4000000000000004,1882.0,445.0,False,9877,284,-1428,-33
w080_i100_mode_631411,w080_i100,mode,631411,9943,206,155.0,3226,3176,22c7bbdba5b1f37cef84a66f763b43c863ac85629eb59bf6f9c0097493189b0b,3.2,3877.0,973.0,False,10018,269,-75,-63
w080_i100_mode_without_mn9_631411,w080_i100,mode_without_mn9,631411,10190,206,170.0,3226,3176,22c7bbdba5b1f37cef84a66f763b43c863ac85629eb59bf6f9c0097493189b0b,3.2,4106.0,1010.0,False,10018,269,172,-63
w080_i100_mn9_only_631411,w080_i100,mn9_only,631411,10335,261,126.0,3226,3176,22c7bbdba5b1f37cef84a66f763b43c863ac85629eb59bf6f9c0097493189b0b,3.8,583.0,126.0,False,10018,269,317,-8
w080_i100_motor_003_631411,w080_i100,motor_003,631411,9062,251,127.0,3226,3176,22c7bbdba5b1f37cef84a66f763b43c863ac85629eb59bf6f9c0097493189b0b,3.6000000000000005,1604.0,411.0,False,10018,269,-956,-18
w080_i100_motor_004_631411,w080_i100,motor_004,631411,8750,233,127.0,3226,3176,22c7bbdba5b1f37cef84a66f763b43c863ac85629eb59bf6f9c0097493189b0b,3.6000000000000005,1918.0,472.0,False,10018,269,-1268,-36
w080_i100_motor_005_631411,w080_i100,motor_005,631411,8804,235,127.0,3226,3176,22c7bbdba5b1f37cef84a66f763b43c863ac85629eb59bf6f9c0097493189b0b,3.5,1872.0,451.0,False,10018,269,-1214,-34
w080_i100_mode_631412,w080_i100,mode,631412,9641,212,145.0,3219,3155,8a950cbb70621f799e7b21b7adce161b71f800da95c71582ce42614881a76e54,3.2,3549.0,912.0,False,9612,268,29,-56
w080_i100_mode_without_mn9_631412,w080_i100,mode_without_mn9,631412,10157,212,171.0,3219,3155,8a950cbb70621f799e7b21b7adce161b71f800da95c71582ce42614881a76e54,3.1000000000000005,4005.0,978.0,False,9612,268,545,-56
w080_i100_mn9_only_631412,w080_i100,mn9_only,631412,10146,265,129.0,3219,3155,8a950cbb70621f799e7b21b7adce161b71f800da95c71582ce42614881a76e54,3.5,660.0,108.0,False,9612,268,534,-3
w080_i100_motor_003_631412,w080_i100,motor_003,631412,9007,270,129.0,3219,3155,8a950cbb70621f799e7b21b7adce161b71f800da95c71582ce42614881a76e54,3.9,1537.0,398.0,False,9612,268,-605,2
w080_i100_motor_004_631412,w080_i100,motor_004,631412,9015,250,128.0,3219,3155,8a950cbb70621f799e7b21b7adce161b71f800da95c71582ce42614881a76e54,3.8,1603.0,364.0,False,9612,268,-597,-18
w080_i100_motor_005_631412,w080_i100,motor_005,631412,8853,232,128.0,3219,3155,8a950cbb70621f799e7b21b7adce161b71f800da95c71582ce42614881a76e54,3.7,1531.0,372.0,False,9612,268,-759,-36
w080_i100_mode_631413,w080_i100,mode,631413,10204,212,168.0,3264,3210,7f2670b931c35e7aa1a4d1c0c682c0045b38f5d7a6131756b2a6f74759e70005,3.4000000000000004,4124.0,996.0,False,10092,273,112,-61
w080_i100_mode_without_mn9_631413,w080_i100,mode_without_mn9,631413,10204,212,168.0,3264,3210,7f2670b931c35e7aa1a4d1c0c682c0045b38f5d7a6131756b2a6f74759e70005,3.4000000000000004,4124.0,996.0,False,10092,273,112,-61
w080_i100_mn9_only_631413,w080_i100,mn9_only,631413,9923,267,129.0,3264,3210,7f2670b931c35e7aa1a4d1c0c682c0045b38f5d7a6131756b2a6f74759e70005,3.9,443.0,73.0,False,10092,273,-169,-6
w080_i100_motor_003_631413,w080_i100,motor_003,631413,9126,231,129.0,3264,3210,7f2670b931c35e7aa1a4d1c0c682c0045b38f5d7a6131756b2a6f74759e70005,3.6000000000000005,1662.0,394.0,False,10092,273,-966,-42
w080_i100_motor_004_631413,w080_i100,motor_004,631413,8658,240,130.0,3264,3210,7f2670b931c35e7aa1a4d1c0c682c0045b38f5d7a6131756b2a6f74759e70005,4.2,1962.0,478.0,False,10092,273,-1434,-33
w080_i100_motor_005_631413,w080_i100,motor_005,631413,8887,244,128.0,3264,3210,7f2670b931c35e7aa1a4d1c0c682c0045b38f5d7a6131756b2a6f74759e70005,4.2,1967.0,462.0,False,10092,273,-1205,-29
w080_i100_mode_631414,w080_i100,mode,631414,9979,216,172.0,3060,3020,b05f750a0b66a38d43a6565df118f40419adfc2f82250bd2929914ad2812c2d3,3.2,3899.0,894.0,False,9652,275,327,-59
w080_i100_mode_without_mn9_631414,w080_i100,mode_without_mn9,631414,9912,204,174.0,3060,3020,b05f750a0b66a38d43a6565df118f40419adfc2f82250bd2929914ad2812c2d3,3.0,3952.0,928.0,False,9652,275,260,-71
w080_i100_mn9_only_631414,w080_i100,mn9_only,631414,10088,265,124.0,3060,3020,b05f750a0b66a38d43a6565df118f40419adfc2f82250bd2929914ad2812c2d3,3.2,664.0,138.0,False,9652,275,436,-10
w080_i100_motor_003_631414,w080_i100,motor_003,631414,8159,218,126.0,3060,3020,b05f750a0b66a38d43a6565df118f40419adfc2f82250bd2929914ad2812c2d3,3.4000000000000004,1999.0,507.0,False,9652,275,-1493,-57
w080_i100_motor_004_631414,w080_i100,motor_004,631414,8338,242,126.0,3060,3020,b05f750a0b66a38d43a6565df118f40419adfc2f82250bd2929914ad2812c2d3,4.0,1928.0,449.0,False,9652,275,-1314,-33
w080_i100_motor_005_631414,w080_i100,motor_005,631414,8397,240,126.0,3060,3020,b05f750a0b66a38d43a6565df118f40419adfc2f82250bd2929914ad2812c2d3,3.7,1919.0,435.0,False,9652,275,-1255,-35
w080_i100_mode_631415,w080_i100,mode,631415,10191,203,174.0,3233,3183,4fec2ec87e17ade5b340a00e2f95e714e871c644894d78e3e73c5eed1f3cefd7,3.2,4619.0,1198.0,False,10590,268,-399,-65
w080_i100_mode_without_mn9_631415,w080_i100,mode_without_mn9,631415,10071,207,165.0,3233,3183,4fec2ec87e17ade5b340a00e2f95e714e871c644894d78e3e73c5eed1f3cefd7,3.1000000000000005,4441.0,1148.0,False,10590,268,-519,-61
w080_i100_mn9_only_631415,w080_i100,mn9_only,631415,10166,265,126.0,3233,3183,4fec2ec87e17ade5b340a00e2f95e714e871c644894d78e3e73c5eed1f3cefd7,3.3,926.0,231.0,False,10590,268,-424,-3
w080_i100_motor_003_631415,w080_i100,motor_003,631415,9125,232,126.0,3233,3183,4fec2ec87e17ade5b340a00e2f95e714e871c644894d78e3e73c5eed1f3cefd7,3.8,2003.0,529.0,False,10590,268,-1465,-36
w080_i100_motor_004_631415,w080_i100,motor_004,631415,8813,229,128.0,3233,3183,4fec2ec87e17ade5b340a00e2f95e714e871c644894d78e3e73c5eed1f3cefd7,3.4000000000000004,2299.0,594.0,False,10590,268,-1777,-39
w080_i100_motor_005_631415,w080_i100,motor_005,631415,8731,224,127.0,3233,3183,4fec2ec87e17ade5b340a00e2f95e714e871c644894d78e3e73c5eed1f3cefd7,3.8,2501.0,658.0,False,10590,268,-1859,-44
w080_i100_mode_631416,w080_i100,mode,631416,9757,195,169.0,3133,3085,983be3a36ca84d69d8a9627809bfe4679716991660b5631e6a0b9849f2e4e985,3.2,4010.0,1010.0,False,9955,277,-198,-82
w080_i100_mode_without_mn9_631416,w080_i100,mode_without_mn9,631416,9757,195,169.0,3133,3085,983be3a36ca84d69d8a9627809bfe4679716991660b5631e6a0b9849f2e4e985,3.2,4010.0,1010.0,False,9955,277,-198,-82
w080_i100_mn9_only_631416,w080_i100,mn9_only,631416,9979,262,125.0,3133,3085,983be3a36ca84d69d8a9627809bfe4679716991660b5631e6a0b9849f2e4e985,3.2,464.0,72.0,False,9955,277,24,-15
w080_i100_motor_003_631416,w080_i100,motor_003,631416,8828,235,125.0,3133,3085,983be3a36ca84d69d8a9627809bfe4679716991660b5631e6a0b9849f2e4e985,3.7,1789.0,438.0,False,9955,277,-1127,-42
w080_i100_motor_004_631416,w080_i100,motor_004,631416,8355,215,126.0,3133,3085,983be3a36ca84d69d8a9627809bfe4679716991660b5631e6a0b9849f2e4e985,3.7,2128.0,515.0,False,9955,277,-1600,-62
w080_i100_motor_005_631416,w080_i100,motor_005,631416,8334,226,125.0,3133,3085,983be3a36ca84d69d8a9627809bfe4679716991660b5631e6a0b9849f2e4e985,3.7,2049.0,509.0,False,9955,277,-1621,-51
w080_i100_mode_631417,w080_i100,mode,631417,10223,209,174.0,3230,3186,2990fe15c20330ea5052361acbb45694bafbe190076f6d722f6c3b73598a6cdf,3.2,4177.0,1059.0,False,10192,265,31,-56
w080_i100_mode_without_mn9_631417,w080_i100,mode_without_mn9,631417,10228,210,176.0,3230,3186,2990fe15c20330ea5052361acbb45694bafbe190076f6d722f6c3b73598a6cdf,3.0,4104.0,1025.0,False,10192,265,36,-55
w080_i100_mn9_only_631417,w080_i100,mn9_only,631417,10536,274,127.0,3230,3186,2990fe15c20330ea5052361acbb45694bafbe190076f6d722f6c3b73598a6cdf,3.5,554.0,59.0,False,10192,265,344,9
w080_i100_motor_003_631417,w080_i100,motor_003,631417,9065,245,128.0,3230,3186,2990fe15c20330ea5052361acbb45694bafbe190076f6d722f6c3b73598a6cdf,3.6000000000000005,1829.0,473.0,False,10192,265,-1127,-20
w080_i100_motor_004_631417,w080_i100,motor_004,631417,8944,242,128.0,3230,3186,2990fe15c20330ea5052361acbb45694bafbe190076f6d722f6c3b73598a6cdf,4.0,1934.0,460.0,False,10192,265,-1248,-23
w080_i100_motor_005_631417,w080_i100,motor_005,631417,8828,236,128.0,3230,3186,2990fe15c20330ea5052361acbb45694bafbe190076f6d722f6c3b73598a6cdf,3.4000000000000004,2012.0,495.0,False,10192,265,-1364,-29
w080_i100_mode_631418,w080_i100,mode,631418,10259,211,177.0,3286,3238,46de1871008b658723cab9a3d5b408a4492db89e0603e0eef1ad3cc9eeef8fea,3.2,3973.0,1037.0,False,10772,276,-513,-65
w080_i100_mode_without_mn9_631418,w080_i100,mode_without_mn9,631418,10259,211,177.0,3286,3238,46de1871008b658723cab9a3d5b408a4492db89e0603e0eef1ad3cc9eeef8fea,3.2,3973.0,1037.0,False,10772,276,-513,-65
w080_i100_mn9_only_631418,w080_i100,mn9_only,631418,10320,272,127.0,3286,3238,46de1871008b658723cab9a3d5b408a4492db89e0603e0eef1ad3cc9eeef8fea,3.3,662.0,158.0,False,10772,276,-452,-4
w080_i100_motor_003_631418,w080_i100,motor_003,631418,8934,245,127.0,3286,3238,46de1871008b658723cab9a3d5b408a4492db89e0603e0eef1ad3cc9eeef8fea,3.0,2474.0,588.0,False,10772,276,-1838,-31
w080_i100_motor_004_631418,w080_i100,motor_004,631418,8774,245,127.0,3286,3238,46de1871008b658723cab9a3d5b408a4492db89e0603e0eef1ad3cc9eeef8fea,3.8,2612.0,621.0,False,10772,276,-1998,-31
w080_i100_motor_005_631418,w080_i100,motor_005,631418,9006,229,128.0,3286,3238,46de1871008b658723cab9a3d5b408a4492db89e0603e0eef1ad3cc9eeef8fea,3.2,2460.0,538.0,False,10772,276,-1766,-47
w080_i100_mode_631419,w080_i100,mode,631419,9806,207,167.0,3139,3083,6f48116eb54c69e28d2a3fd266db36c5d3574765971a6667b9e5865a9eb5e4c8,3.1000000000000005,3800.0,1006.0,False,9898,269,-92,-62
w080_i100_mode_without_mn9_631419,w080_i100,mode_without_mn9,631419,9960,215,174.0,3139,3083,6f48116eb54c69e28d2a3fd266db36c5d3574765971a6667b9e5865a9eb5e4c8,3.0,3974.0,1010.0,False,9898,269,62,-54
w080_i100_mn9_only_631419,w080_i100,mn9_only,631419,10230,267,123.0,3139,3083,6f48116eb54c69e28d2a3fd266db36c5d3574765971a6667b9e5865a9eb5e4c8,3.5,556.0,99.0,False,9898,269,332,-2
w080_i100_motor_003_631419,w080_i100,motor_003,631419,8675,262,124.0,3139,3083,6f48116eb54c69e28d2a3fd266db36c5d3574765971a6667b9e5865a9eb5e4c8,4.0,1823.0,477.0,False,9898,269,-1223,-7
w080_i100_motor_004_631419,w080_i100,motor_004,631419,8702,229,123.0,3139,3083,6f48116eb54c69e28d2a3fd266db36c5d3574765971a6667b9e5865a9eb5e4c8,3.7,1834.0,408.0,False,9898,269,-1196,-40
w080_i100_motor_005_631419,w080_i100,motor_005,631419,8570,230,124.0,3139,3083,6f48116eb54c69e28d2a3fd266db36c5d3574765971a6667b9e5865a9eb5e4c8,3.7,1940.0,453.0,False,9898,269,-1328,-39
w080_i100_mode_631420,w080_i100,mode,631420,9513,198,152.0,3085,3025,6c8e7959a7ed9c033caf1f7699f74167c8a00e3bd5d56fc4d704ed1347646d89,3.3,3589.0,879.0,False,9274,262,239,-64
w080_i100_mode_without_mn9_631420,w080_i100,mode_without_mn9,631420,9513,198,152.0,3085,3025,6c8e7959a7ed9c033caf1f7699f74167c8a00e3bd5d56fc4d704ed1347646d89,3.3,3589.0,879.0,False,9274,262,239,-64
w080_i100_mn9_only_631420,w080_i100,mn9_only,631420,9645,268,125.0,3085,3025,6c8e7959a7ed9c033caf1f7699f74167c8a00e3bd5d56fc4d704ed1347646d89,3.4000000000000004,651.0,101.0,False,9274,262,371,6
w080_i100_motor_003_631420,w080_i100,motor_003,631420,8751,241,125.0,3085,3025,6c8e7959a7ed9c033caf1f7699f74167c8a00e3bd5d56fc4d704ed1347646d89,3.3,1423.0,308.0,False,9274,262,-523,-21
w080_i100_motor_004_631420,w080_i100,motor_004,631420,8578,229,125.0,3085,3025,6c8e7959a7ed9c033caf1f7699f74167c8a00e3bd5d56fc4d704ed1347646d89,3.8,1608.0,331.0,False,9274,262,-696,-33
w080_i100_motor_005_631420,w080_i100,motor_005,631420,8556,241,124.0,3085,3025,6c8e7959a7ed9c033caf1f7699f74167c8a00e3bd5d56fc4d704ed1347646d89,3.5,1598.0,327.0,False,9274,262,-718,-21
w080_i100_mode_631421,w080_i100,mode,631421,9743,207,150.0,3210,3153,59022bd53269375055fcd296502d7a4ec89f47ec92a0a51b5f5ee94d108663ec,3.2,3801.0,986.0,False,10196,283,-453,-76
w080_i100_mode_without_mn9_631421,w080_i100,mode_without_mn9,631421,9743,207,150.0,3210,3153,59022bd53269375055fcd296502d7a4ec89f47ec92a0a51b5f5ee94d108663ec,3.2,3801.0,986.0,False,10196,283,-453,-76
w080_i100_mn9_only_631421,w080_i100,mn9_only,631421,10178,273,125.0,3210,3153,59022bd53269375055fcd296502d7a4ec89f47ec92a0a51b5f5ee94d108663ec,3.6000000000000005,304.0,57.0,False,10196,283,-18,-10
w080_i100_motor_003_631421,w080_i100,motor_003,631421,8708,227,125.0,3210,3153,59022bd53269375055fcd296502d7a4ec89f47ec92a0a51b5f5ee94d108663ec,4.3,2116.0,563.0,False,10196,283,-1488,-56
w080_i100_motor_004_631421,w080_i100,motor_004,631421,9230,248,126.0,3210,3153,59022bd53269375055fcd296502d7a4ec89f47ec92a0a51b5f5ee94d108663ec,3.8,1922.0,428.0,False,10196,283,-966,-35
w080_i100_motor_005_631421,w080_i100,motor_005,631421,8767,240,125.0,3210,3153,59022bd53269375055fcd296502d7a4ec89f47ec92a0a51b5f5ee94d108663ec,3.6000000000000005,2139.0,514.0,False,10196,283,-1429,-43
w080_i100_mode_631422,w080_i100,mode,631422,9808,211,157.0,3097,3066,2e7e47c1064ebd8647f5e211d459f5818e5fd2f6414577d90d3f28fc093b6e36,2.8,3827.0,932.0,False,9639,261,169,-50
w080_i100_mode_without_mn9_631422,w080_i100,mode_without_mn9,631422,9881,206,166.0,3097,3066,2e7e47c1064ebd8647f5e211d459f5818e5fd2f6414577d90d3f28fc093b6e36,3.0,3886.0,943.0,False,9639,261,242,-55
w080_i100_mn9_only_631422,w080_i100,mn9_only,631422,9660,263,126.0,3097,3066,2e7e47c1064ebd8647f5e211d459f5818e5fd2f6414577d90d3f28fc093b6e36,3.6000000000000005,331.0,58.0,False,9639,261,21,2
w080_i100_motor_003_631422,w080_i100,motor_003,631422,8421,223,127.0,3097,3066,2e7e47c1064ebd8647f5e211d459f5818e5fd2f6414577d90d3f28fc093b6e36,4.3,1686.0,450.0,False,9639,261,-1218,-38
w080_i100_motor_004_631422,w080_i100,motor_004,631422,8467,221,127.0,3097,3066,2e7e47c1064ebd8647f5e211d459f5818e5fd2f6414577d90d3f28fc093b6e36,4.1000000000000005,1700.0,392.0,False,9639,261,-1172,-40
w080_i100_motor_005_631422,w080_i100,motor_005,631422,8215,220,126.0,3097,3066,2e7e47c1064ebd8647f5e211d459f5818e5fd2f6414577d90d3f28fc093b6e36,4.1000000000000005,1892.0,472.0,False,9639,261,-1424,-41
w080_i100_mode_631423,w080_i100,mode,631423,9677,208,159.0,3116,3064,e27e23e46e2dc5a392403f453a37b8509da014334d187fa858576e04985a583d,3.2,4233.0,1090.0,False,9960,268,-283,-60
w080_i100_mode_without_mn9_631423,w080_i100,mode_without_mn9,631423,9677,208,159.0,3116,3064,e27e23e46e2dc5a392403f453a37b8509da014334d187fa858576e04985a583d,3.2,4233.0,1090.0,False,9960,268,-283,-60
w080_i100_mn9_only_631423,w080_i100,mn9_only,631423,10058,272,126.0,3116,3064,e27e23e46e2dc5a392403f453a37b8509da014334d187fa858576e04985a583d,3.2,650.0,111.0,False,9960,268,98,4
w080_i100_motor_003_631423,w080_i100,motor_003,631423,8691,231,126.0,3116,3064,e27e23e46e2dc5a392403f453a37b8509da014334d187fa858576e04985a583d,3.9,1821.0,484.0,False,9960,268,-1269,-37
w080_i100_motor_004_631423,w080_i100,motor_004,631423,8367,220,125.0,3116,3064,e27e23e46e2dc5a392403f453a37b8509da014334d187fa858576e04985a583d,3.7,2053.0,542.0,False,9960,268,-1593,-48
w080_i100_motor_005_631423,w080_i100,motor_005,631423,8499,233,126.0,3116,3064,e27e23e46e2dc5a392403f453a37b8509da014334d187fa858576e04985a583d,3.7,2063.0,550.0,False,9960,268,-1461,-35
w080_i100_mode_631424,w080_i100,mode,631424,9770,203,170.0,3085,3046,73556388aa50eba89fdfcc280e02713d26007b18afa395c1fb37bf28b3e788bf,3.1000000000000005,4335.0,1101.0,False,9719,261,51,-58
w080_i100_mode_without_mn9_631424,w080_i100,mode_without_mn9,631424,9639,202,168.0,3085,3046,73556388aa50eba89fdfcc280e02713d26007b18afa395c1fb37bf28b3e788bf,3.1000000000000005,4360.0,1120.0,False,9719,261,-80,-59
w080_i100_mn9_only_631424,w080_i100,mn9_only,631424,9354,257,125.0,3085,3046,73556388aa50eba89fdfcc280e02713d26007b18afa395c1fb37bf28b3e788bf,3.3,651.0,165.0,False,9719,261,-365,-4
w080_i100_motor_003_631424,w080_i100,motor_003,631424,8412,243,125.0,3085,3046,73556388aa50eba89fdfcc280e02713d26007b18afa395c1fb37bf28b3e788bf,4.0,1867.0,542.0,False,9719,261,-1307,-18
w080_i100_motor_004_631424,w080_i100,motor_004,631424,8326,233,126.0,3085,3046,73556388aa50eba89fdfcc280e02713d26007b18afa395c1fb37bf28b3e788bf,3.4000000000000004,2005.0,553.0,False,9719,261,-1393,-28
w080_i100_motor_005_631424,w080_i100,motor_005,631424,8576,239,125.0,3085,3046,73556388aa50eba89fdfcc280e02713d26007b18afa395c1fb37bf28b3e788bf,3.4000000000000004,1797.0,469.0,False,9719,261,-1143,-22
w080_i100_mode_631425,w080_i100,mode,631425,10188,209,172.0,3182,3130,f710ff6463d7ca98dc53926044f0745a7bb669a60a8606de490934473682982b,3.2,4147.0,1038.0,False,10171,270,17,-61
w080_i100_mode_without_mn9_631425,w080_i100,mode_without_mn9,631425,10014,213,169.0,3182,3130,f710ff6463d7ca98dc53926044f0745a7bb669a60a8606de490934473682982b,3.1000000000000005,3995.0,1020.0,False,10171,270,-157,-57
w080_i100_mn9_only_631425,w080_i100,mn9_only,631425,9876,251,127.0,3182,3130,f710ff6463d7ca98dc53926044f0745a7bb669a60a8606de490934473682982b,3.5,495.0,72.0,False,10171,270,-295,-19
w080_i100_motor_003_631425,w080_i100,motor_003,631425,9081,238,127.0,3182,3130,f710ff6463d7ca98dc53926044f0745a7bb669a60a8606de490934473682982b,3.3,1762.0,430.0,False,10171,270,-1090,-32
w080_i100_motor_004_631425,w080_i100,motor_004,631425,8661,222,127.0,3182,3130,f710ff6463d7ca98dc53926044f0745a7bb669a60a8606de490934473682982b,3.8,2096.0,514.0,False,10171,270,-1510,-48
w080_i100_motor_005_631425,w080_i100,motor_005,631425,8501,222,126.0,3182,3130,f710ff6463d7ca98dc53926044f0745a7bb669a60a8606de490934473682982b,3.6000000000000005,2158.0,552.0,False,10171,270,-1670,-48
w080_i100_mode_631426,w080_i100,mode,631426,9992,199,168.0,3167,3127,5b26a62924f518ae79ec0bd6d0af0cb4c529aaf699effb3c35635f63a45e2824,3.0,4169.0,1059.0,False,10125,274,-133,-75
w080_i100_mode_without_mn9_631426,w080_i100,mode_without_mn9,631426,9992,199,168.0,3167,3127,5b26a62924f518ae79ec0bd6d0af0cb4c529aaf699effb3c35635f63a45e2824,3.0,4169.0,1059.0,False,10125,274,-133,-75
w080_i100_mn9_only_631426,w080_i100,mn9_only,631426,9923,262,129.0,3167,3127,5b26a62924f518ae79ec0bd6d0af0cb4c529aaf699effb3c35635f63a45e2824,3.7,464.0,91.0,False,10125,274,-202,-12
w080_i100_motor_003_631426,w080_i100,motor_003,631426,9063,242,127.0,3167,3127,5b26a62924f518ae79ec0bd6d0af0cb4c529aaf699effb3c35635f63a45e2824,3.7,1766.0,434.0,False,10125,274,-1062,-32
w080_i100_motor_004_631426,w080_i100,motor_004,631426,8826,248,127.0,3167,3127,5b26a62924f518ae79ec0bd6d0af0cb4c529aaf699effb3c35635f63a45e2824,3.4000000000000004,1921.0,457.0,False,10125,274,-1299,-26
w080_i100_motor_005_631426,w080_i100,motor_005,631426,8733,237,128.0,3167,3127,5b26a62924f518ae79ec0bd6d0af0cb4c529aaf699effb3c35635f63a45e2824,3.6000000000000005,2060.0,489.0,False,10125,274,-1392,-37
w080_i100_mode_631427,w080_i100,mode,631427,9693,201,165.0,3032,2989,a5ef70bc66f08b067cc69ccfd2ae1c8787b249a41d1926d119f34e0f2034a500,3.1000000000000005,3869.0,948.0,False,9488,253,205,-52
w080_i100_mode_without_mn9_631427,w080_i100,mode_without_mn9,631427,9520,198,167.0,3032,2989,a5ef70bc66f08b067cc69ccfd2ae1c8787b249a41d1926d119f34e0f2034a500,3.2,3680.0,918.0,False,9488,253,32,-55
w080_i100_mn9_only_631427,w080_i100,mn9_only,631427,9488,262,124.0,3032,2989,a5ef70bc66f08b067cc69ccfd2ae1c8787b249a41d1926d119f34e0f2034a500,3.6000000000000005,416.0,71.0,False,9488,253,0,9
w080_i100_motor_003_631427,w080_i100,motor_003,631427,8944,263,124.0,3032,2989,a5ef70bc66f08b067cc69ccfd2ae1c8787b249a41d1926d119f34e0f2034a500,3.8,1554.0,365.0,False,9488,253,-544,10
w080_i100_motor_004_631427,w080_i100,motor_004,631427,8397,210,124.0,3032,2989,a5ef70bc66f08b067cc69ccfd2ae1c8787b249a41d1926d119f34e0f2034a500,3.3,1789.0,406.0,False,9488,253,-1091,-43
w080_i100_motor_005_631427,w080_i100,motor_005,631427,8297,228,124.0,3032,2989,a5ef70bc66f08b067cc69ccfd2ae1c8787b249a41d1926d119f34e0f2034a500,3.3,1785.0,436.0,False,9488,253,-1191,-25
w080_i100_mode_631428,w080_i100,mode,631428,10160,209,177.0,3155,3107,6122183b8e1e90ae6da8ea292fcd7052b279cdd5a8099ada7c4e733edef92212,3.2,4082.0,1018.0,False,10140,277,20,-68
w080_i100_mode_without_mn9_631428,w080_i100,mode_without_mn9,631428,10030,206,169.0,3155,3107,6122183b8e1e90ae6da8ea292fcd7052b279cdd5a8099ada7c4e733edef92212,3.0,4086.0,1035.0,False,10140,277,-110,-71
w080_i100_mn9_only_631428,w080_i100,mn9_only,631428,9859,266,127.0,3155,3107,6122183b8e1e90ae6da8ea292fcd7052b279cdd5a8099ada7c4e733edef92212,3.3,507.0,91.0,False,10140,277,-281,-11
w080_i100_motor_003_631428,w080_i100,motor_003,631428,9128,243,127.0,3155,3107,6122183b8e1e90ae6da8ea292fcd7052b279cdd5a8099ada7c4e733edef92212,3.4000000000000004,1866.0,407.0,False,10140,277,-1012,-34
w080_i100_motor_004_631428,w080_i100,motor_004,631428,8426,218,127.0,3155,3107,6122183b8e1e90ae6da8ea292fcd7052b279cdd5a8099ada7c4e733edef92212,3.8,2314.0,531.0,False,10140,277,-1714,-59
w080_i100_motor_005_631428,w080_i100,motor_005,631428,9031,227,127.0,3155,3107,6122183b8e1e90ae6da8ea292fcd7052b279cdd5a8099ada7c4e733edef92212,3.7,1939.0,406.0,False,10140,277,-1109,-50
w080_i100_mode_631429,w080_i100,mode,631429,10000,209,174.0,3149,3103,8e949af61b96f2ea5996e68015b4de8ada41ae02902578e106bf1e865535951c,3.0,4133.0,1034.0,False,10001,257,-1,-48
w080_i100_mode_without_mn9_631429,w080_i100,mode_without_mn9,631429,9984,207,174.0,3149,3103,8e949af61b96f2ea5996e68015b4de8ada41ae02902578e106bf1e865535951c,3.2,4087.0,1028.0,False,10001,257,-17,-50
w080_i100_mn9_only_631429,w080_i100,mn9_only,631429,10126,277,126.0,3149,3103,8e949af61b96f2ea5996e68015b4de8ada41ae02902578e106bf1e865535951c,3.4000000000000004,491.0,61.0,False,10001,257,125,20
w080_i100_motor_003_631429,w080_i100,motor_003,631429,8601,240,127.0,3149,3103,8e949af61b96f2ea5996e68015b4de8ada41ae02902578e106bf1e865535951c,4.0,1884.0,502.0,False,10001,257,-1400,-17
w080_i100_motor_004_631429,w080_i100,motor_004,631429,8850,229,126.0,3149,3103,8e949af61b96f2ea5996e68015b4de8ada41ae02902578e106bf1e865535951c,3.4000000000000004,1899.0,442.0,False,10001,257,-1151,-28
w080_i100_motor_005_631429,w080_i100,motor_005,631429,8671,235,127.0,3149,3103,8e949af61b96f2ea5996e68015b4de8ada41ae02902578e106bf1e865535951c,3.4000000000000004,2054.0,503.0,False,10001,257,-1330,-22
w080_i100_mode_631430,w080_i100,mode,631430,9795,207,152.0,3220,3165,6d4b9a8c6cba3759dc3c6d9e22a48da5044e475e4de4f738cd99fc52ab3370a3,3.1000000000000005,3801.0,991.0,False,10322,266,-527,-59
w080_i100_mode_without_mn9_631430,w080_i100,mode_without_mn9,631430,10057,214,163.0,3220,3165,6d4b9a8c6cba3759dc3c6d9e22a48da5044e475e4de4f738cd99fc52ab3370a3,3.3,3995.0,1042.0,False,10322,266,-265,-52
w080_i100_mn9_only_631430,w080_i100,mn9_only,631430,10006,274,126.0,3220,3165,6d4b9a8c6cba3759dc3c6d9e22a48da5044e475e4de4f738cd99fc52ab3370a3,3.6000000000000005,552.0,102.0,False,10322,266,-316,8
w080_i100_motor_003_631430,w080_i100,motor_003,631430,8849,244,126.0,3220,3165,6d4b9a8c6cba3759dc3c6d9e22a48da5044e475e4de4f738cd99fc52ab3370a3,3.7,2111.0,536.0,False,10322,266,-1473,-22
w080_i100_motor_004_631430,w080_i100,motor_004,631430,8898,249,126.0,3220,3165,6d4b9a8c6cba3759dc3c6d9e22a48da5044e475e4de4f738cd99fc52ab3370a3,3.0,2164.0,529.0,False,10322,266,-1424,-17
w080_i100_motor_005_631430,w080_i100,motor_005,631430,8924,238,126.0,3220,3165,6d4b9a8c6cba3759dc3c6d9e22a48da5044e475e4de4f738cd99fc52ab3370a3,3.8,2204.0,506.0,False,10322,266,-1398,-28
w080_i120_mode_631401,w080_i120,mode,631401,8951,189,156.0,3114,3070,947b874a1f0642db593a25db863d1d9fafa83f779c71426db44ca34f517f65b4,3.1000000000000005,2466.0,589.0,False,7935,231,1016,-42
w080_i120_mode_without_mn9_631401,w080_i120,mode_without_mn9,631401,8951,189,156.0,3114,3070,947b874a1f0642db593a25db863d1d9fafa83f779c71426db44ca34f517f65b4,3.1000000000000005,2466.0,589.0,False,7935,231,1016,-42
w080_i120_mn9_only_631401,w080_i120,mn9_only,631401,8084,234,124.0,3114,3070,947b874a1f0642db593a25db863d1d9fafa83f779c71426db44ca34f517f65b4,3.7,405.0,71.0,False,7935,231,149,3
w080_i120_motor_003_631401,w080_i120,motor_003,631401,6739,144,124.0,3114,3070,947b874a1f0642db593a25db863d1d9fafa83f779c71426db44ca34f517f65b4,5.200000000000001,1478.0,473.0,False,7935,231,-1196,-87
w080_i120_motor_004_631401,w080_i120,motor_004,631401,6827,172,124.0,3114,3070,947b874a1f0642db593a25db863d1d9fafa83f779c71426db44ca34f517f65b4,5.3,1358.0,416.0,False,7935,231,-1108,-59
w080_i120_motor_005_631401,w080_i120,motor_005,631401,6827,172,124.0,3114,3070,947b874a1f0642db593a25db863d1d9fafa83f779c71426db44ca34f517f65b4,5.3,1358.0,416.0,False,7935,231,-1108,-59
w080_i120_mode_631402,w080_i120,mode,631402,9289,187,158.0,3215,3170,68ec43809259fe87f64b275dd4e8d65eabc89f96fc2222a86e3b60ee2fe6c834,3.1000000000000005,2559.0,605.0,False,8224,243,1065,-56
w080_i120_mode_without_mn9_631402,w080_i120,mode_without_mn9,631402,9289,187,158.0,3215,3170,68ec43809259fe87f64b275dd4e8d65eabc89f96fc2222a86e3b60ee2fe6c834,3.1000000000000005,2559.0,605.0,False,8224,243,1065,-56
w080_i120_mn9_only_631402,w080_i120,mn9_only,631402,8269,240,126.0,3215,3170,68ec43809259fe87f64b275dd4e8d65eabc89f96fc2222a86e3b60ee2fe6c834,3.6000000000000005,367.0,55.0,False,8224,243,45,-3
w080_i120_motor_003_631402,w080_i120,motor_003,631402,7370,193,127.0,3215,3170,68ec43809259fe87f64b275dd4e8d65eabc89f96fc2222a86e3b60ee2fe6c834,4.500000000000001,1268.0,370.0,False,8224,243,-854,-50
w080_i120_motor_004_631402,w080_i120,motor_004,631402,7105,171,126.0,3215,3170,68ec43809259fe87f64b275dd4e8d65eabc89f96fc2222a86e3b60ee2fe6c834,4.3,1483.0,468.0,False,8224,243,-1119,-72
w080_i120_motor_005_631402,w080_i120,motor_005,631402,7105,171,126.0,3215,3170,68ec43809259fe87f64b275dd4e8d65eabc89f96fc2222a86e3b60ee2fe6c834,4.3,1483.0,468.0,False,8224,243,-1119,-72
w080_i120_mode_631403,w080_i120,mode,631403,8687,180,135.0,3125,3088,ce434629d3484ce495a73482e054fe33ac6fc25ee2b7c015d104242563100383,3.0,2624.0,650.0,False,7959,215,728,-35
w080_i120_mode_without_mn9_631403,w080_i120,mode_without_mn9,631403,8687,180,135.0,3125,3088,ce434629d3484ce495a73482e054fe33ac6fc25ee2b7c015d104242563100383,3.0,2624.0,650.0,False,7959,215,728,-35
w080_i120_mn9_only_631403,w080_i120,mn9_only,631403,8222,242,121.0,3125,3088,ce434629d3484ce495a73482e054fe33ac6fc25ee2b7c015d104242563100383,3.4000000000000004,449.0,83.0,False,7959,215,263,27
w080_i120_motor_003_631403,w080_i120,motor_003,631403,7298,194,121.0,3125,3088,ce434629d3484ce495a73482e054fe33ac6fc25ee2b7c015d104242563100383,4.500000000000001,1171.0,369.0,False,7959,215,-661,-21
w080_i120_motor_004_631403,w080_i120,motor_004,631403,6978,182,121.0,3125,3088,ce434629d3484ce495a73482e054fe33ac6fc25ee2b7c015d104242563100383,4.0,1393.0,469.0,False,7959,215,-981,-33
w080_i120_motor_005_631403,w080_i120,motor_005,631403,6978,182,121.0,3125,3088,ce434629d3484ce495a73482e054fe33ac6fc25ee2b7c015d104242563100383,4.0,1393.0,469.0,False,7959,215,-981,-33
w080_i120_mode_631404,w080_i120,mode,631404,8577,176,130.0,3108,3050,f95218a1ea37745551ca6815bec1fc551432e6125112557ee79f6d520493e2fb,3.1000000000000005,2010.0,541.0,False,8283,240,294,-64
w080_i120_mode_without_mn9_631404,w080_i120,mode_without_mn9,631404,8577,176,130.0,3108,3050,f95218a1ea37745551ca6815bec1fc551432e6125112557ee79f6d520493e2fb,3.1000000000000005,2010.0,541.0,False,8283,240,294,-64
w080_i120_mn9_only_631404,w080_i120,mn9_only,631404,8043,236,125.0,3108,3050,f95218a1ea37745551ca6815bec1fc551432e6125112557ee79f6d520493e2fb,3.4000000000000004,450.0,70.0,False,8283,240,-240,-4
w080_i120_motor_003_631404,w080_i120,motor_003,631404,7028,203,126.0,3108,3050,f95218a1ea37745551ca6815bec1fc551432e6125112557ee79f6d520493e2fb,4.4,1605.0,486.0,False,8283,240,-1255,-37
w080_i120_motor_004_631404,w080_i120,motor_004,631404,6849,180,127.0,3108,3050,f95218a1ea37745551ca6815bec1fc551432e6125112557ee79f6d520493e2fb,4.0,1752.0,510.0,False,8283,240,-1434,-60
w080_i120_motor_005_631404,w080_i120,motor_005,631404,6849,180,127.0,3108,3050,f95218a1ea37745551ca6815bec1fc551432e6125112557ee79f6d520493e2fb,4.0,1752.0,510.0,False,8283,240,-1434,-60
w080_i120_mode_631405,w080_i120,mode,631405,9084,197,159.0,3129,3075,36e28093cf09c4bf4c1c02102fdc1b3f219da0d4b16c463306c0193d088d5804,2.9000000000000004,2920.0,695.0,False,8080,225,1004,-28
w080_i120_mode_without_mn9_631405,w080_i120,mode_without_mn9,631405,9084,197,159.0,3129,3075,36e28093cf09c4bf4c1c02102fdc1b3f219da0d4b16c463306c0193d088d5804,2.9000000000000004,2920.0,695.0,False,8080,225,1004,-28
w080_i120_mn9_only_631405,w080_i120,mn9_only,631405,8041,228,127.0,3129,3075,36e28093cf09c4bf4c1c02102fdc1b3f219da0d4b16c463306c0193d088d5804,3.6000000000000005,369.0,67.0,False,8080,225,-39,3
w080_i120_motor_003_631405,w080_i120,motor_003,631405,6953,176,126.0,3129,3075,36e28093cf09c4bf4c1c02102fdc1b3f219da0d4b16c463306c0193d088d5804,3.8,1499.0,516.0,False,8080,225,-1127,-49
w080_i120_motor_004_631405,w080_i120,motor_004,631405,6977,190,126.0,3129,3075,36e28093cf09c4bf4c1c02102fdc1b3f219da0d4b16c463306c0193d088d5804,3.5,1451.0,481.0,False,8080,225,-1103,-35
w080_i120_motor_005_631405,w080_i120,motor_005,631405,6977,190,126.0,3129,3075,36e28093cf09c4bf4c1c02102fdc1b3f219da0d4b16c463306c0193d088d5804,3.5,1451.0,481.0,False,8080,225,-1103,-35
w080_i120_mode_631406,w080_i120,mode,631406,9052,191,149.0,3140,3098,0863e7b24dfaae64071a8059c2628849bec7706d10bff82c1fb11d9bde965e8e,3.1000000000000005,2638.0,618.0,False,7820,221,1232,-30
w080_i120_mode_without_mn9_631406,w080_i120,mode_without_mn9,631406,9052,191,149.0,3140,3098,0863e7b24dfaae64071a8059c2628849bec7706d10bff82c1fb11d9bde965e8e,3.1000000000000005,2638.0,618.0,False,7820,221,1232,-30
w080_i120_mn9_only_631406,w080_i120,mn9_only,631406,8048,235,126.0,3140,3098,0863e7b24dfaae64071a8059c2628849bec7706d10bff82c1fb11d9bde965e8e,3.4000000000000004,436.0,66.0,False,7820,221,228,14
w080_i120_motor_003_631406,w080_i120,motor_003,631406,7184,196,126.0,3140,3098,0863e7b24dfaae64071a8059c2628849bec7706d10bff82c1fb11d9bde965e8e,5.0,1132.0,333.0,False,7820,221,-636,-25
w080_i120_motor_004_631406,w080_i120,motor_004,631406,6965,167,126.0,3140,3098,0863e7b24dfaae64071a8059c2628849bec7706d10bff82c1fb11d9bde965e8e,4.0,1347.0,427.0,False,7820,221,-855,-54
w080_i120_motor_005_631406,w080_i120,motor_005,631406,6965,167,126.0,3140,3098,0863e7b24dfaae64071a8059c2628849bec7706d10bff82c1fb11d9bde965e8e,4.0,1347.0,427.0,False,7820,221,-855,-54
w080_i120_mode_631407,w080_i120,mode,631407,8702,185,142.0,3078,3032,603c4b79b2112ccc7962759aca718cc6b7554ee1d572ac83aac65f335ad40c87,3.0,2188.0,555.0,False,8040,231,662,-46
w080_i120_mode_without_mn9_631407,w080_i120,mode_without_mn9,631407,8702,185,142.0,3078,3032,603c4b79b2112ccc7962759aca718cc6b7554ee1d572ac83aac65f335ad40c87,3.0,2188.0,555.0,False,8040,231,662,-46
w080_i120_mn9_only_631407,w080_i120,mn9_only,631407,7964,227,124.0,3078,3032,603c4b79b2112ccc7962759aca718cc6b7554ee1d572ac83aac65f335ad40c87,3.7,354.0,47.0,False,8040,231,-76,-4
w080_i120_motor_003_631407,w080_i120,motor_003,631407,6768,155,124.0,3078,3032,603c4b79b2112ccc7962759aca718cc6b7554ee1d572ac83aac65f335ad40c87,4.0,1644.0,497.0,False,8040,231,-1272,-76
w080_i120_motor_004_631407,w080_i120,motor_004,631407,7075,187,124.0,3078,3032,603c4b79b2112ccc7962759aca718cc6b7554ee1d572ac83aac65f335ad40c87,3.3,1401.0,350.0,False,8040,231,-965,-44
w080_i120_motor_005_631407,w080_i120,motor_005,631407,6947,191,124.0,3078,3032,603c4b79b2112ccc7962759aca718cc6b7554ee1d572ac83aac65f335ad40c87,4.0,1469.0,404.0,False,8040,231,-1093,-40
w080_i120_mode_631408,w080_i120,mode,631408,9283,188,161.0,3174,3129,a110f03f41d329a5a4ff5a93990a26dc2328fbce2bc702db76f24d98fae3f09d,3.3,2268.0,535.0,False,8157,235,1126,-47
w080_i120_mode_without_mn9_631408,w080_i120,mode_without_mn9,631408,9283,188,161.0,3174,3129,a110f03f41d329a5a4ff5a93990a26dc2328fbce2bc702db76f24d98fae3f09d,3.3,2268.0,535.0,False,8157,235,1126,-47
w080_i120_mn9_only_631408,w080_i120,mn9_only,631408,7909,222,127.0,3174,3129,a110f03f41d329a5a4ff5a93990a26dc2328fbce2bc702db76f24d98fae3f09d,3.2,634.0,106.0,False,8157,235,-248,-13
w080_i120_motor_003_631408,w080_i120,motor_003,631408,7343,212,128.0,3174,3129,a110f03f41d329a5a4ff5a93990a26dc2328fbce2bc702db76f24d98fae3f09d,4.1000000000000005,1254.0,337.0,False,8157,235,-814,-23
w080_i120_motor_004_631408,w080_i120,motor_004,631408,7389,215,127.0,3174,3129,a110f03f41d329a5a4ff5a93990a26dc2328fbce2bc702db76f24d98fae3f09d,4.500000000000001,1278.0,323.0,False,8157,235,-768,-20
w080_i120_motor_005_631408,w080_i120,motor_005,631408,7389,215,127.0,3174,3129,a110f03f41d329a5a4ff5a93990a26dc2328fbce2bc702db76f24d98fae3f09d,4.500000000000001,1278.0,323.0,False,8157,235,-768,-20
w080_i120_mode_631409,w080_i120,mode,631409,9098,181,155.0,3172,3119,458135437fed78e2cb995ecea989c1e7899b44fe7fb9ff633318a47c2a8515aa,3.4000000000000004,2831.0,712.0,False,8399,240,699,-59
w080_i120_mode_without_mn9_631409,w080_i120,mode_without_mn9,631409,9098,181,155.0,3172,3119,458135437fed78e2cb995ecea989c1e7899b44fe7fb9ff633318a47c2a8515aa,3.4000000000000004,2831.0,712.0,False,8399,240,699,-59
w080_i120_mn9_only_631409,w080_i120,mn9_only,631409,8042,235,127.0,3172,3119,458135437fed78e2cb995ecea989c1e7899b44fe7fb9ff633318a47c2a8515aa,3.8,525.0,94.0,False,8399,240,-357,-5
w080_i120_motor_003_631409,w080_i120,motor_003,631409,7146,198,127.0,3172,3119,458135437fed78e2cb995ecea989c1e7899b44fe7fb9ff633318a47c2a8515aa,3.5,1563.0,501.0,False,8399,240,-1253,-42
w080_i120_motor_004_631409,w080_i120,motor_004,631409,7120,190,126.0,3172,3119,458135437fed78e2cb995ecea989c1e7899b44fe7fb9ff633318a47c2a8515aa,4.4,1655.0,500.0,False,8399,240,-1279,-50
w080_i120_motor_005_631409,w080_i120,motor_005,631409,6934,189,126.0,3172,3119,458135437fed78e2cb995ecea989c1e7899b44fe7fb9ff633318a47c2a8515aa,5.0,1731.0,567.0,False,8399,240,-1465,-51
w080_i120_mode_631410,w080_i120,mode,631410,8758,187,139.0,3118,3072,561dbc154010d17b8c5d824d3dcbb379bbc8a4e8424cbff78bb956580dcd795f,3.0,2349.0,595.0,False,8339,237,419,-50
w080_i120_mode_without_mn9_631410,w080_i120,mode_without_mn9,631410,8758,187,139.0,3118,3072,561dbc154010d17b8c5d824d3dcbb379bbc8a4e8424cbff78bb956580dcd795f,3.0,2349.0,595.0,False,8339,237,419,-50
w080_i120_mn9_only_631410,w080_i120,mn9_only,631410,7984,232,125.0,3118,3072,561dbc154010d17b8c5d824d3dcbb379bbc8a4e8424cbff78bb956580dcd795f,3.4000000000000004,441.0,103.0,False,8339,237,-355,-5
w080_i120_motor_003_631410,w080_i120,motor_003,631410,7148,206,126.0,3118,3072,561dbc154010d17b8c5d824d3dcbb379bbc8a4e8424cbff78bb956580dcd795f,4.0,1607.0,450.0,False,8339,237,-1191,-31
w080_i120_motor_004_631410,w080_i120,motor_004,631410,6844,175,126.0,3118,3072,561dbc154010d17b8c5d824d3dcbb379bbc8a4e8424cbff78bb956580dcd795f,5.1000000000000005,1759.0,544.0,False,8339,237,-1495,-62
w080_i120_motor_005_631410,w080_i120,motor_005,631410,6844,175,126.0,3118,3072,561dbc154010d17b8c5d824d3dcbb379bbc8a4e8424cbff78bb956580dcd795f,5.1000000000000005,1759.0,544.0,False,8339,237,-1495,-62
w080_i120_mode_631411,w080_i120,mode,631411,9495,187,170.0,3226,3176,22c7bbdba5b1f37cef84a66f763b43c863ac85629eb59bf6f9c0097493189b0b,3.0,3168.0,784.0,False,8715,251,780,-64
w080_i120_mode_without_mn9_631411,w080_i120,mode_without_mn9,631411,9495,187,170.0,3226,3176,22c7bbdba5b1f37cef84a66f763b43c863ac85629eb59bf6f9c0097493189b0b,3.0,3168.0,784.0,False,8715,251,780,-64
w080_i120_mn9_only_631411,w080_i120,mn9_only,631411,8326,231,126.0,3226,3176,22c7bbdba5b1f37cef84a66f763b43c863ac85629eb59bf6f9c0097493189b0b,3.8,547.0,142.0,False,8715,251,-389,-20
w080_i120_motor_003_631411,w080_i120,motor_003,631411,7356,183,127.0,3226,3176,22c7bbdba5b1f37cef84a66f763b43c863ac85629eb59bf6f9c0097493189b0b,3.5,1755.0,555.0,False,8715,251,-1359,-68
w080_i120_motor_004_631411,w080_i120,motor_004,631411,7339,185,127.0,3226,3176,22c7bbdba5b1f37cef84a66f763b43c863ac85629eb59bf6f9c0097493189b0b,4.2,1774.0,526.0,False,8715,251,-1376,-66
w080_i120_motor_005_631411,w080_i120,motor_005,631411,7339,185,127.0,3226,3176,22c7bbdba5b1f37cef84a66f763b43c863ac85629eb59bf6f9c0097493189b0b,4.2,1774.0,526.0,False,8715,251,-1376,-66
w080_i120_mode_631412,w080_i120,mode,631412,9064,184,151.0,3219,3155,8a950cbb70621f799e7b21b7adce161b71f800da95c71582ce42614881a76e54,3.0,2405.0,588.0,False,8215,238,849,-54
w080_i120_mode_without_mn9_631412,w080_i120,mode_without_mn9,631412,9064,184,151.0,3219,3155,8a950cbb70621f799e7b21b7adce161b71f800da95c71582ce42614881a76e54,3.0,2405.0,588.0,False,8215,238,849,-54
w080_i120_mn9_only_631412,w080_i120,mn9_only,631412,8026,229,128.0,3219,3155,8a950cbb70621f799e7b21b7adce161b71f800da95c71582ce42614881a76e54,3.5,419.0,56.0,False,8215,238,-189,-9
w080_i120_motor_003_631412,w080_i120,motor_003,631412,7116,180,128.0,3219,3155,8a950cbb70621f799e7b21b7adce161b71f800da95c71582ce42614881a76e54,3.9,1423.0,436.0,False,8215,238,-1099,-58
w080_i120_motor_004_631412,w080_i120,motor_004,631412,6975,170,128.0,3219,3155,8a950cbb70621f799e7b21b7adce161b71f800da95c71582ce42614881a76e54,4.3,1508.0,464.0,False,8215,238,-1240,-68
w080_i120_motor_005_631412,w080_i120,motor_005,631412,6975,170,128.0,3219,3155,8a950cbb70621f799e7b21b7adce161b71f800da95c71582ce42614881a76e54,4.3,1508.0,464.0,False,8215,238,-1240,-68
w080_i120_mode_631413,w080_i120,mode,631413,9490,190,163.0,3264,3210,7f2670b931c35e7aa1a4d1c0c682c0045b38f5d7a6131756b2a6f74759e70005,3.2,2646.0,595.0,False,8270,233,1220,-43
w080_i120_mode_without_mn9_631413,w080_i120,mode_without_mn9,631413,9396,186,156.0,3264,3210,7f2670b931c35e7aa1a4d1c0c682c0045b38f5d7a6131756b2a6f74759e70005,3.3,2534.0,584.0,False,8270,233,1126,-47
w080_i120_mn9_only_631413,w080_i120,mn9_only,631413,8366,241,128.0,3264,3210,7f2670b931c35e7aa1a4d1c0c682c0045b38f5d7a6131756b2a6f74759e70005,3.5,350.0,75.0,False,8270,233,96,8
w080_i120_motor_003_631413,w080_i120,motor_003,631413,7363,198,129.0,3264,3210,7f2670b931c35e7aa1a4d1c0c682c0045b38f5d7a6131756b2a6f74759e70005,4.2,1287.0,400.0,False,8270,233,-907,-35
w080_i120_motor_004_631413,w080_i120,motor_004,631413,7194,176,128.0,3264,3210,7f2670b931c35e7aa1a4d1c0c682c0045b38f5d7a6131756b2a6f74759e70005,5.1000000000000005,1440.0,444.0,False,8270,233,-1076,-57
w080_i120_motor_005_631413,w080_i120,motor_005,631413,7182,178,127.0,3264,3210,7f2670b931c35e7aa1a4d1c0c682c0045b38f5d7a6131756b2a6f74759e70005,4.2,1454.0,451.0,False,8270,233,-1088,-55
w080_i120_mode_631414,w080_i120,mode,631414,9092,182,165.0,3060,3020,b05f750a0b66a38d43a6565df118f40419adfc2f82250bd2929914ad2812c2d3,3.5,2914.0,709.0,False,8148,240,944,-58
w080_i120_mode_without_mn9_631414,w080_i120,mode_without_mn9,631414,8729,184,148.0,3060,3020,b05f750a0b66a38d43a6565df118f40419adfc2f82250bd2929914ad2812c2d3,3.3,2575.0,657.0,False,8148,240,581,-56
w080_i120_mn9_only_631414,w080_i120,mn9_only,631414,7801,222,126.0,3060,3020,b05f750a0b66a38d43a6565df118f40419adfc2f82250bd2929914ad2812c2d3,4.2,501.0,94.0,False,8148,240,-347,-18
w080_i120_motor_003_631414,w080_i120,motor_003,631414,6799,172,125.0,3060,3020,b05f750a0b66a38d43a6565df118f40419adfc2f82250bd2929914ad2812c2d3,5.500000000000001,1685.0,574.0,False,8148,240,-1349,-68
w080_i120_motor_004_631414,w080_i120,motor_004,631414,6776,174,125.0,3060,3020,b05f750a0b66a38d43a6565df118f40419adfc2f82250bd2929914ad2812c2d3,5.3,1614.0,532.0,False,8148,240,-1372,-66
w080_i120_motor_005_631414,w080_i120,motor_005,631414,6776,174,125.0,3060,3020,b05f750a0b66a38d43a6565df118f40419adfc2f82250bd2929914ad2812c2d3,5.3,1614.0,532.0,False,8148,240,-1372,-66
w080_i120_mode_631415,w080_i120,mode,631415,9380,183,161.0,3233,3183,4fec2ec87e17ade5b340a00e2f95e714e871c644894d78e3e73c5eed1f3cefd7,3.1000000000000005,2538.0,646.0,False,8668,236,712,-53
w080_i120_mode_without_mn9_631415,w080_i120,mode_without_mn9,631415,9380,183,161.0,3233,3183,4fec2ec87e17ade5b340a00e2f95e714e871c644894d78e3e73c5eed1f3cefd7,3.1000000000000005,2538.0,646.0,False,8668,236,712,-53
w080_i120_mn9_only_631415,w080_i120,mn9_only,631415,8438,227,126.0,3233,3183,4fec2ec87e17ade5b340a00e2f95e714e871c644894d78e3e73c5eed1f3cefd7,3.3,594.0,97.0,False,8668,236,-230,-9
w080_i120_motor_003_631415,w080_i120,motor_003,631415,7179,154,127.0,3233,3183,4fec2ec87e17ade5b340a00e2f95e714e871c644894d78e3e73c5eed1f3cefd7,5.500000000000001,1849.0,554.0,False,8668,236,-1489,-82
w080_i120_motor_004_631415,w080_i120,motor_004,631415,7081,172,126.0,3233,3183,4fec2ec87e17ade5b340a00e2f95e714e871c644894d78e3e73c5eed1f3cefd7,4.9,1845.0,547.0,False,8668,236,-1587,-64
w080_i120_motor_005_631415,w080_i120,motor_005,631415,7227,194,127.0,3233,3183,4fec2ec87e17ade5b340a00e2f95e714e871c644894d78e3e73c5eed1f3cefd7,4.9,1711.0,498.0,False,8668,236,-1441,-42
w080_i120_mode_631416,w080_i120,mode,631416,8934,185,159.0,3133,3085,983be3a36ca84d69d8a9627809bfe4679716991660b5631e6a0b9849f2e4e985,3.3,2623.0,657.0,False,8007,234,927,-49
w080_i120_mode_without_mn9_631416,w080_i120,mode_without_mn9,631416,8934,185,159.0,3133,3085,983be3a36ca84d69d8a9627809bfe4679716991660b5631e6a0b9849f2e4e985,3.3,2623.0,657.0,False,8007,234,927,-49
w080_i120_mn9_only_631416,w080_i120,mn9_only,631416,7686,223,125.0,3133,3085,983be3a36ca84d69d8a9627809bfe4679716991660b5631e6a0b9849f2e4e985,3.6000000000000005,511.0,138.0,False,8007,234,-321,-11
w080_i120_motor_003_631416,w080_i120,motor_003,631416,6956,185,125.0,3133,3085,983be3a36ca84d69d8a9627809bfe4679716991660b5631e6a0b9849f2e4e985,4.800000000000001,1401.0,451.0,False,8007,234,-1051,-49
w080_i120_motor_004_631416,w080_i120,motor_004,631416,6821,164,124.0,3133,3085,983be3a36ca84d69d8a9627809bfe4679716991660b5631e6a0b9849f2e4e985,4.2,1476.0,469.0,False,8007,234,-1186,-70
w080_i120_motor_005_631416,w080_i120,motor_005,631416,6821,164,124.0,3133,3085,983be3a36ca84d69d8a9627809bfe4679716991660b5631e6a0b9849f2e4e985,4.2,1476.0,469.0,False,8007,234,-1186,-70
w080_i120_mode_631417,w080_i120,mode,631417,9171,189,146.0,3230,3186,2990fe15c20330ea5052361acbb45694bafbe190076f6d722f6c3b73598a6cdf,3.1000000000000005,2416.0,626.0,False,8787,241,384,-52
w080_i120_mode_without_mn9_631417,w080_i120,mode_without_mn9,631417,9171,189,146.0,3230,3186,2990fe15c20330ea5052361acbb45694bafbe190076f6d722f6c3b73598a6cdf,3.1000000000000005,2416.0,626.0,False,8787,241,384,-52
w080_i120_mn9_only_631417,w080_i120,mn9_only,631417,8650,245,126.0,3230,3186,2990fe15c20330ea5052361acbb45694bafbe190076f6d722f6c3b73598a6cdf,3.7,585.0,93.0,False,8787,241,-137,4
w080_i120_motor_003_631417,w080_i120,motor_003,631417,7410,211,127.0,3230,3186,2990fe15c20330ea5052361acbb45694bafbe190076f6d722f6c3b73598a6cdf,3.1000000000000005,1783.0,533.0,False,8787,241,-1377,-30
w080_i120_motor_004_631417,w080_i120,motor_004,631417,7430,195,128.0,3230,3186,2990fe15c20330ea5052361acbb45694bafbe190076f6d722f6c3b73598a6cdf,4.7,1851.0,537.0,False,8787,241,-1357,-46
w080_i120_motor_005_631417,w080_i120,motor_005,631417,7430,195,128.0,3230,3186,2990fe15c20330ea5052361acbb45694bafbe190076f6d722f6c3b73598a6cdf,4.7,1851.0,537.0,False,8787,241,-1357,-46
w080_i120_mode_631418,w080_i120,mode,631418,9505,190,163.0,3286,3238,46de1871008b658723cab9a3d5b408a4492db89e0603e0eef1ad3cc9eeef8fea,3.0,2622.0,619.0,False,8529,240,976,-50
w080_i120_mode_without_mn9_631418,w080_i120,mode_without_mn9,631418,9505,190,163.0,3286,3238,46de1871008b658723cab9a3d5b408a4492db89e0603e0eef1ad3cc9eeef8fea,3.0,2622.0,619.0,False,8529,240,976,-50
w080_i120_mn9_only_631418,w080_i120,mn9_only,631418,8282,240,126.0,3286,3238,46de1871008b658723cab9a3d5b408a4492db89e0603e0eef1ad3cc9eeef8fea,3.3,425.0,60.0,False,8529,240,-247,0
w080_i120_motor_003_631418,w080_i120,motor_003,631418,7287,195,126.0,3286,3238,46de1871008b658723cab9a3d5b408a4492db89e0603e0eef1ad3cc9eeef8fea,4.0,1588.0,498.0,False,8529,240,-1242,-45
w080_i120_motor_004_631418,w080_i120,motor_004,631418,7227,186,127.0,3286,3238,46de1871008b658723cab9a3d5b408a4492db89e0603e0eef1ad3cc9eeef8fea,3.9,1720.0,515.0,False,8529,240,-1302,-54
w080_i120_motor_005_631418,w080_i120,motor_005,631418,7227,186,127.0,3286,3238,46de1871008b658723cab9a3d5b408a4492db89e0603e0eef1ad3cc9eeef8fea,3.9,1720.0,515.0,False,8529,240,-1302,-54
w080_i120_mode_631419,w080_i120,mode,631419,8871,193,143.0,3139,3083,6f48116eb54c69e28d2a3fd266db36c5d3574765971a6667b9e5865a9eb5e4c8,3.3,2682.0,693.0,False,8303,235,568,-42
w080_i120_mode_without_mn9_631419,w080_i120,mode_without_mn9,631419,8871,193,143.0,3139,3083,6f48116eb54c69e28d2a3fd266db36c5d3574765971a6667b9e5865a9eb5e4c8,3.3,2682.0,693.0,False,8303,235,568,-42
w080_i120_mn9_only_631419,w080_i120,mn9_only,631419,7904,229,124.0,3139,3083,6f48116eb54c69e28d2a3fd266db36c5d3574765971a6667b9e5865a9eb5e4c8,3.4000000000000004,669.0,213.0,False,8303,235,-399,-6
w080_i120_motor_003_631419,w080_i120,motor_003,631419,7001,191,123.0,3139,3083,6f48116eb54c69e28d2a3fd266db36c5d3574765971a6667b9e5865a9eb5e4c8,4.500000000000001,1606.0,529.0,False,8303,235,-1302,-44
w080_i120_motor_004_631419,w080_i120,motor_004,631419,7382,189,123.0,3139,3083,6f48116eb54c69e28d2a3fd266db36c5d3574765971a6667b9e5865a9eb5e4c8,3.5,1433.0,390.0,False,8303,235,-921,-46
w080_i120_motor_005_631419,w080_i120,motor_005,631419,7382,189,123.0,3139,3083,6f48116eb54c69e28d2a3fd266db36c5d3574765971a6667b9e5865a9eb5e4c8,3.5,1433.0,390.0,False,8303,235,-921,-46
w080_i120_mode_631420,w080_i120,mode,631420,8908,188,151.0,3085,3025,6c8e7959a7ed9c033caf1f7699f74167c8a00e3bd5d56fc4d704ed1347646d89,3.1000000000000005,2370.0,543.0,False,7890,233,1018,-45
w080_i120_mode_without_mn9_631420,w080_i120,mode_without_mn9,631420,8908,188,151.0,3085,3025,6c8e7959a7ed9c033caf1f7699f74167c8a00e3bd5d56fc4d704ed1347646d89,3.1000000000000005,2370.0,543.0,False,7890,233,1018,-45
w080_i120_mn9_only_631420,w080_i120,mn9_only,631420,7825,225,124.0,3085,3025,6c8e7959a7ed9c033caf1f7699f74167c8a00e3bd5d56fc4d704ed1347646d89,3.3,279.0,38.0,False,7890,233,-65,-8
w080_i120_motor_003_631420,w080_i120,motor_003,631420,6971,214,125.0,3085,3025,6c8e7959a7ed9c033caf1f7699f74167c8a00e3bd5d56fc4d704ed1347646d89,4.7,1375.0,393.0,False,7890,233,-919,-19
w080_i120_motor_004_631420,w080_i120,motor_004,631420,7045,197,123.0,3085,3025,6c8e7959a7ed9c033caf1f7699f74167c8a00e3bd5d56fc4d704ed1347646d89,3.6000000000000005,1299.0,349.0,False,7890,233,-845,-36
w080_i120_motor_005_631420,w080_i120,motor_005,631420,6953,195,123.0,3085,3025,6c8e7959a7ed9c033caf1f7699f74167c8a00e3bd5d56fc4d704ed1347646d89,3.6000000000000005,1341.0,372.0,False,7890,233,-937,-38
w080_i120_mode_631421,w080_i120,mode,631421,9178,183,155.0,3210,3153,59022bd53269375055fcd296502d7a4ec89f47ec92a0a51b5f5ee94d108663ec,3.2,2692.0,646.0,False,8208,238,970,-55
w080_i120_mode_without_mn9_631421,w080_i120,mode_without_mn9,631421,9178,183,155.0,3210,3153,59022bd53269375055fcd296502d7a4ec89f47ec92a0a51b5f5ee94d108663ec,3.2,2692.0,646.0,False,8208,238,970,-55
w080_i120_mn9_only_631421,w080_i120,mn9_only,631421,8366,235,124.0,3210,3153,59022bd53269375055fcd296502d7a4ec89f47ec92a0a51b5f5ee94d108663ec,3.5,428.0,59.0,False,8208,238,158,-3
w080_i120_motor_003_631421,w080_i120,motor_003,631421,7188,189,125.0,3210,3153,59022bd53269375055fcd296502d7a4ec89f47ec92a0a51b5f5ee94d108663ec,4.0,1356.0,418.0,False,8208,238,-1020,-49
w080_i120_motor_004_631421,w080_i120,motor_004,631421,6955,174,124.0,3210,3153,59022bd53269375055fcd296502d7a4ec89f47ec92a0a51b5f5ee94d108663ec,5.0,1541.0,507.0,False,8208,238,-1253,-64
w080_i120_motor_005_631421,w080_i120,motor_005,631421,6955,174,124.0,3210,3153,59022bd53269375055fcd296502d7a4ec89f47ec92a0a51b5f5ee94d108663ec,5.0,1541.0,507.0,False,8208,238,-1253,-64
w080_i120_mode_631422,w080_i120,mode,631422,8846,187,152.0,3097,3066,2e7e47c1064ebd8647f5e211d459f5818e5fd2f6414577d90d3f28fc093b6e36,3.4000000000000004,2404.0,578.0,False,7944,225,902,-38
w080_i120_mode_without_mn9_631422,w080_i120,mode_without_mn9,631422,8846,187,152.0,3097,3066,2e7e47c1064ebd8647f5e211d459f5818e5fd2f6414577d90d3f28fc093b6e36,3.4000000000000004,2404.0,578.0,False,7944,225,902,-38
w080_i120_mn9_only_631422,w080_i120,mn9_only,631422,8019,232,126.0,3097,3066,2e7e47c1064ebd8647f5e211d459f5818e5fd2f6414577d90d3f28fc093b6e36,3.5,343.0,78.0,False,7944,225,75,7
w080_i120_motor_003_631422,w080_i120,motor_003,631422,6841,177,127.0,3097,3066,2e7e47c1064ebd8647f5e211d459f5818e5fd2f6414577d90d3f28fc093b6e36,4.3,1429.0,458.0,False,7944,225,-1103,-48
w080_i120_motor_004_631422,w080_i120,motor_004,631422,6809,152,126.0,3097,3066,2e7e47c1064ebd8647f5e211d459f5818e5fd2f6414577d90d3f28fc093b6e36,5.500000000000001,1493.0,468.0,False,7944,225,-1135,-73
w080_i120_motor_005_631422,w080_i120,motor_005,631422,6809,152,126.0,3097,3066,2e7e47c1064ebd8647f5e211d459f5818e5fd2f6414577d90d3f28fc093b6e36,5.500000000000001,1493.0,468.0,False,7944,225,-1135,-73
w080_i120_mode_631423,w080_i120,mode,631423,8872,190,146.0,3116,3064,e27e23e46e2dc5a392403f453a37b8509da014334d187fa858576e04985a583d,3.4000000000000004,2698.0,663.0,False,8336,237,536,-47
w080_i120_mode_without_mn9_631423,w080_i120,mode_without_mn9,631423,8872,190,146.0,3116,3064,e27e23e46e2dc5a392403f453a37b8509da014334d187fa858576e04985a583d,3.4000000000000004,2698.0,663.0,False,8336,237,536,-47
w080_i120_mn9_only_631423,w080_i120,mn9_only,631423,8047,226,126.0,3116,3064,e27e23e46e2dc5a392403f453a37b8509da014334d187fa858576e04985a583d,3.3,491.0,116.0,False,8336,237,-289,-11
w080_i120_motor_003_631423,w080_i120,motor_003,631423,6885,165,125.0,3116,3064,e27e23e46e2dc5a392403f453a37b8509da014334d187fa858576e04985a583d,5.0,1711.0,558.0,False,8336,237,-1451,-72
w080_i120_motor_004_631423,w080_i120,motor_004,631423,6933,178,126.0,3116,3064,e27e23e46e2dc5a392403f453a37b8509da014334d187fa858576e04985a583d,3.7,1675.0,521.0,False,8336,237,-1403,-59
w080_i120_motor_005_631423,w080_i120,motor_005,631423,6933,178,126.0,3116,3064,e27e23e46e2dc5a392403f453a37b8509da014334d187fa858576e04985a583d,3.7,1675.0,521.0,False,8336,237,-1403,-59
w080_i120_mode_631424,w080_i120,mode,631424,8911,187,163.0,3085,3046,73556388aa50eba89fdfcc280e02713d26007b18afa395c1fb37bf28b3e788bf,3.2,2419.0,579.0,False,7944,234,967,-47
w080_i120_mode_without_mn9_631424,w080_i120,mode_without_mn9,631424,8911,187,163.0,3085,3046,73556388aa50eba89fdfcc280e02713d26007b18afa395c1fb37bf28b3e788bf,3.2,2419.0,579.0,False,7944,234,967,-47
w080_i120_mn9_only_631424,w080_i120,mn9_only,631424,7843,220,125.0,3085,3046,73556388aa50eba89fdfcc280e02713d26007b18afa395c1fb37bf28b3e788bf,3.9,255.0,62.0,False,7944,234,-101,-14
w080_i120_motor_003_631424,w080_i120,motor_003,631424,6845,180,125.0,3085,3046,73556388aa50eba89fdfcc280e02713d26007b18afa395c1fb37bf28b3e788bf,5.500000000000001,1449.0,482.0,False,7944,234,-1099,-54
w080_i120_motor_004_631424,w080_i120,motor_004,631424,6888,176,125.0,3085,3046,73556388aa50eba89fdfcc280e02713d26007b18afa395c1fb37bf28b3e788bf,3.6000000000000005,1354.0,421.0,False,7944,234,-1056,-58
w080_i120_motor_005_631424,w080_i120,motor_005,631424,6888,176,125.0,3085,3046,73556388aa50eba89fdfcc280e02713d26007b18afa395c1fb37bf28b3e788bf,3.6000000000000005,1354.0,421.0,False,7944,234,-1056,-58
w080_i120_mode_631425,w080_i120,mode,631425,9355,188,161.0,3182,3130,f710ff6463d7ca98dc53926044f0745a7bb669a60a8606de490934473682982b,3.3,2851.0,691.0,False,8354,239,1001,-51
w080_i120_mode_without_mn9_631425,w080_i120,mode_without_mn9,631425,9355,188,161.0,3182,3130,f710ff6463d7ca98dc53926044f0745a7bb669a60a8606de490934473682982b,3.3,2851.0,691.0,False,8354,239,1001,-51
w080_i120_mn9_only_631425,w080_i120,mn9_only,631425,8495,242,126.0,3182,3130,f710ff6463d7ca98dc53926044f0745a7bb669a60a8606de490934473682982b,3.2,449.0,84.0,False,8354,239,141,3
w080_i120_motor_003_631425,w080_i120,motor_003,631425,6922,153,127.0,3182,3130,f710ff6463d7ca98dc53926044f0745a7bb669a60a8606de490934473682982b,4.500000000000001,1758.0,569.0,False,8354,239,-1432,-86
w080_i120_motor_004_631425,w080_i120,motor_004,631425,7098,175,127.0,3182,3130,f710ff6463d7ca98dc53926044f0745a7bb669a60a8606de490934473682982b,3.7,1666.0,516.0,False,8354,239,-1256,-64
w080_i120_motor_005_631425,w080_i120,motor_005,631425,7098,175,127.0,3182,3130,f710ff6463d7ca98dc53926044f0745a7bb669a60a8606de490934473682982b,3.7,1666.0,516.0,False,8354,239,-1256,-64
w080_i120_mode_631426,w080_i120,mode,631426,9207,188,159.0,3167,3127,5b26a62924f518ae79ec0bd6d0af0cb4c529aaf699effb3c35635f63a45e2824,3.2,2334.0,571.0,False,8387,228,820,-40
w080_i120_mode_without_mn9_631426,w080_i120,mode_without_mn9,631426,9207,188,159.0,3167,3127,5b26a62924f518ae79ec0bd6d0af0cb4c529aaf699effb3c35635f63a45e2824,3.2,2334.0,571.0,False,8387,228,820,-40
w080_i120_mn9_only_631426,w080_i120,mn9_only,631426,8296,236,128.0,3167,3127,5b26a62924f518ae79ec0bd6d0af0cb4c529aaf699effb3c35635f63a45e2824,3.5,523.0,90.0,False,8387,228,-91,8
w080_i120_motor_003_631426,w080_i120,motor_003,631426,7427,187,128.0,3167,3127,5b26a62924f518ae79ec0bd6d0af0cb4c529aaf699effb3c35635f63a45e2824,3.3,1592.0,399.0,False,8387,228,-960,-41
w080_i120_motor_004_631426,w080_i120,motor_004,631426,7502,190,127.0,3167,3127,5b26a62924f518ae79ec0bd6d0af0cb4c529aaf699effb3c35635f63a45e2824,4.0,1511.0,344.0,False,8387,228,-885,-38
w080_i120_motor_005_631426,w080_i120,motor_005,631426,7282,176,128.0,3167,3127,5b26a62924f518ae79ec0bd6d0af0cb4c529aaf699effb3c35635f63a45e2824,4.1000000000000005,1601.0,400.0,False,8387,228,-1105,-52
w080_i120_mode_631427,w080_i120,mode,631427,8962,182,164.0,3032,2989,a5ef70bc66f08b067cc69ccfd2ae1c8787b249a41d1926d119f34e0f2034a500,3.2,2753.0,670.0,False,7791,230,1171,-48
w080_i120_mode_without_mn9_631427,w080_i120,mode_without_mn9,631427,8906,190,157.0,3032,2989,a5ef70bc66f08b067cc69ccfd2ae1c8787b249a41d1926d119f34e0f2034a500,3.4000000000000004,2619.0,631.0,False,7791,230,1115,-40
w080_i120_mn9_only_631427,w080_i120,mn9_only,631427,7600,230,124.0,3032,2989,a5ef70bc66f08b067cc69ccfd2ae1c8787b249a41d1926d119f34e0f2034a500,3.5,393.0,106.0,False,7791,230,-191,0
w080_i120_motor_003_631427,w080_i120,motor_003,631427,6748,163,124.0,3032,2989,a5ef70bc66f08b067cc69ccfd2ae1c8787b249a41d1926d119f34e0f2034a500,5.3,1389.0,467.0,False,7791,230,-1043,-67
w080_i120_motor_004_631427,w080_i120,motor_004,631427,7030,186,124.0,3032,2989,a5ef70bc66f08b067cc69ccfd2ae1c8787b249a41d1926d119f34e0f2034a500,3.4000000000000004,1139.0,357.0,False,7791,230,-761,-44
w080_i120_motor_005_631427,w080_i120,motor_005,631427,6972,186,124.0,3032,2989,a5ef70bc66f08b067cc69ccfd2ae1c8787b249a41d1926d119f34e0f2034a500,3.4000000000000004,1199.0,360.0,False,7791,230,-819,-44
w080_i120_mode_631428,w080_i120,mode,631428,9132,190,167.0,3155,3107,6122183b8e1e90ae6da8ea292fcd7052b279cdd5a8099ada7c4e733edef92212,2.9000000000000004,2357.0,574.0,False,8187,233,945,-43
w080_i120_mode_without_mn9_631428,w080_i120,mode_without_mn9,631428,9132,190,167.0,3155,3107,6122183b8e1e90ae6da8ea292fcd7052b279cdd5a8099ada7c4e733edef92212,2.9000000000000004,2357.0,574.0,False,8187,233,945,-43
w080_i120_mn9_only_631428,w080_i120,mn9_only,631428,7796,219,127.0,3155,3107,6122183b8e1e90ae6da8ea292fcd7052b279cdd5a8099ada7c4e733edef92212,3.2,489.0,58.0,False,8187,233,-391,-14
w080_i120_motor_003_631428,w080_i120,motor_003,631428,7121,181,127.0,3155,3107,6122183b8e1e90ae6da8ea292fcd7052b279cdd5a8099ada7c4e733edef92212,4.2,1520.0,412.0,False,8187,233,-1066,-52
w080_i120_motor_004_631428,w080_i120,motor_004,631428,6949,183,127.0,3155,3107,6122183b8e1e90ae6da8ea292fcd7052b279cdd5a8099ada7c4e733edef92212,4.4,1640.0,467.0,False,8187,233,-1238,-50
w080_i120_motor_005_631428,w080_i120,motor_005,631428,6949,183,127.0,3155,3107,6122183b8e1e90ae6da8ea292fcd7052b279cdd5a8099ada7c4e733edef92212,4.4,1640.0,467.0,False,8187,233,-1238,-50
w080_i120_mode_631429,w080_i120,mode,631429,9016,190,154.0,3149,3103,8e949af61b96f2ea5996e68015b4de8ada41ae02902578e106bf1e865535951c,3.1000000000000005,2514.0,629.0,False,8222,238,794,-48
w080_i120_mode_without_mn9_631429,w080_i120,mode_without_mn9,631429,9016,190,154.0,3149,3103,8e949af61b96f2ea5996e68015b4de8ada41ae02902578e106bf1e865535951c,3.1000000000000005,2514.0,629.0,False,8222,238,794,-48
w080_i120_mn9_only_631429,w080_i120,mn9_only,631429,8036,222,125.0,3149,3103,8e949af61b96f2ea5996e68015b4de8ada41ae02902578e106bf1e865535951c,3.5,396.0,68.0,False,8222,238,-186,-16
w080_i120_motor_003_631429,w080_i120,motor_003,631429,7073,182,125.0,3149,3103,8e949af61b96f2ea5996e68015b4de8ada41ae02902578e106bf1e865535951c,5.7,1477.0,466.0,False,8222,238,-1149,-56
w080_i120_motor_004_631429,w080_i120,motor_004,631429,7333,184,126.0,3149,3103,8e949af61b96f2ea5996e68015b4de8ada41ae02902578e106bf1e865535951c,3.6000000000000005,1401.0,371.0,False,8222,238,-889,-54
w080_i120_motor_005_631429,w080_i120,motor_005,631429,7136,186,125.0,3149,3103,8e949af61b96f2ea5996e68015b4de8ada41ae02902578e106bf1e865535951c,4.1000000000000005,1412.0,407.0,False,8222,238,-1086,-52
w080_i120_mode_631430,w080_i120,mode,631430,9155,186,151.0,3220,3165,6d4b9a8c6cba3759dc3c6d9e22a48da5044e475e4de4f738cd99fc52ab3370a3,3.2,2792.0,727.0,False,8569,239,586,-53
w080_i120_mode_without_mn9_631430,w080_i120,mode_without_mn9,631430,9155,186,151.0,3220,3165,6d4b9a8c6cba3759dc3c6d9e22a48da5044e475e4de4f738cd99fc52ab3370a3,3.2,2792.0,727.0,False,8569,239,586,-53
w080_i120_mn9_only_631430,w080_i120,mn9_only,631430,8412,229,126.0,3220,3165,6d4b9a8c6cba3759dc3c6d9e22a48da5044e475e4de4f738cd99fc52ab3370a3,4.0,401.0,83.0,False,8569,239,-157,-10
w080_i120_motor_003_631430,w080_i120,motor_003,631430,7365,197,126.0,3220,3165,6d4b9a8c6cba3759dc3c6d9e22a48da5044e475e4de4f738cd99fc52ab3370a3,4.6,1564.0,511.0,False,8569,239,-1204,-42
w080_i120_motor_004_631430,w080_i120,motor_004,631430,7309,202,126.0,3220,3165,6d4b9a8c6cba3759dc3c6d9e22a48da5044e475e4de4f738cd99fc52ab3370a3,4.0,1628.0,515.0,False,8569,239,-1260,-37
w080_i120_motor_005_631430,w080_i120,motor_005,631430,7276,200,126.0,3220,3165,6d4b9a8c6cba3759dc3c6d9e22a48da5044e475e4de4f738cd99fc52ab3370a3,4.0,1649.0,527.0,False,8569,239,-1293,-39
w100_i080_mode_631401,w100_i080,mode,631401,14755,331,208.0,3114,3070,947b874a1f0642db593a25db863d1d9fafa83f779c71426db44ca34f517f65b4,2.9000000000000004,6123.0,1174.0,False,16916,396,-2161,-65
w100_i080_mode_without_mn9_631401,w100_i080,mode_without_mn9,631401,14831,328,212.0,3114,3070,947b874a1f0642db593a25db863d1d9fafa83f779c71426db44ca34f517f65b4,2.9000000000000004,6061.0,1182.0,False,16916,396,-2085,-68
w100_i080_mn9_only_631401,w100_i080,mn9_only,631401,17262,410,140.0,3114,3070,947b874a1f0642db593a25db863d1d9fafa83f779c71426db44ca34f517f65b4,2.9000000000000004,1006.0,161.0,False,16916,396,346,14
w100_i080_motor_003_631401,w100_i080,motor_003,631401,15660,409,138.0,3114,3070,947b874a1f0642db593a25db863d1d9fafa83f779c71426db44ca34f517f65b4,3.2,4238.0,685.0,False,16916,396,-1256,13
w100_i080_motor_004_631401,w100_i080,motor_004,631401,15490,405,138.0,3114,3070,947b874a1f0642db593a25db863d1d9fafa83f779c71426db44ca34f517f65b4,3.0,4354.0,697.0,False,16916,396,-1426,9
w100_i080_motor_005_631401,w100_i080,motor_005,631401,15331,410,139.0,3114,3070,947b874a1f0642db593a25db863d1d9fafa83f779c71426db44ca34f517f65b4,3.1000000000000005,4403.0,716.0,False,16916,396,-1585,14
w100_i080_mode_631402,w100_i080,mode,631402,15032,329,210.0,3215,3170,68ec43809259fe87f64b275dd4e8d65eabc89f96fc2222a86e3b60ee2fe6c834,3.0,6117.0,1210.0,False,17477,403,-2445,-74
w100_i080_mode_without_mn9_631402,w100_i080,mode_without_mn9,631402,15035,328,211.0,3215,3170,68ec43809259fe87f64b275dd4e8d65eabc89f96fc2222a86e3b60ee2fe6c834,2.8,6174.0,1218.0,False,17477,403,-2442,-75
w100_i080_mn9_only_631402,w100_i080,mn9_only,631402,17102,391,138.0,3215,3170,68ec43809259fe87f64b275dd4e8d65eabc89f96fc2222a86e3b60ee2fe6c834,3.1000000000000005,807.0,99.0,False,17477,403,-375,-12
w100_i080_motor_003_631402,w100_i080,motor_003,631402,16067,429,138.0,3215,3170,68ec43809259fe87f64b275dd4e8d65eabc89f96fc2222a86e3b60ee2fe6c834,3.1000000000000005,4354.0,732.0,False,17477,403,-1410,26
w100_i080_motor_004_631402,w100_i080,motor_004,631402,15720,419,139.0,3215,3170,68ec43809259fe87f64b275dd4e8d65eabc89f96fc2222a86e3b60ee2fe6c834,2.8,4389.0,706.0,False,17477,403,-1757,16
w100_i080_motor_005_631402,w100_i080,motor_005,631402,16351,421,139.0,3215,3170,68ec43809259fe87f64b275dd4e8d65eabc89f96fc2222a86e3b60ee2fe6c834,3.4000000000000004,4498.0,703.0,False,17477,403,-1126,18
w100_i080_mode_631403,w100_i080,mode,631403,14807,316,208.0,3125,3088,ce434629d3484ce495a73482e054fe33ac6fc25ee2b7c015d104242563100383,2.9000000000000004,6150.0,1180.0,False,17363,392,-2556,-76
w100_i080_mode_without_mn9_631403,w100_i080,mode_without_mn9,631403,14814,331,208.0,3125,3087,ce434629d3484ce495a73482e054fe33ac6fc25ee2b7c015d104242563100383,3.0,6163.0,1226.0,False,17363,392,-2549,-61
w100_i080_mn9_only_631403,w100_i080,mn9_only,631403,17441,391,140.0,3125,3088,ce434629d3484ce495a73482e054fe33ac6fc25ee2b7c015d104242563100383,3.0,764.0,82.0,False,17363,392,78,-1
w100_i080_motor_003_631403,w100_i080,motor_003,631403,15653,416,136.0,3125,3088,ce434629d3484ce495a73482e054fe33ac6fc25ee2b7c015d104242563100383,3.3,4318.0,656.0,False,17363,392,-1710,24
w100_i080_motor_004_631403,w100_i080,motor_004,631403,15717,407,136.0,3125,3088,ce434629d3484ce495a73482e054fe33ac6fc25ee2b7c015d104242563100383,3.1000000000000005,4616.0,765.0,False,17363,392,-1646,15
w100_i080_motor_005_631403,w100_i080,motor_005,631403,15370,389,137.0,3125,3087,ce434629d3484ce495a73482e054fe33ac6fc25ee2b7c015d104242563100383,3.1000000000000005,4675.0,752.0,False,17363,392,-1993,-3
w100_i080_mode_631404,w100_i080,mode,631404,14305,316,198.0,3108,3050,f95218a1ea37745551ca6815bec1fc551432e6125112557ee79f6d520493e2fb,2.9000000000000004,6057.0,1281.0,False,17224,408,-2919,-92
w100_i080_mode_without_mn9_631404,w100_i080,mode_without_mn9,631404,14832,333,209.0,3108,3050,f95218a1ea37745551ca6815bec1fc551432e6125112557ee79f6d520493e2fb,3.0,6192.0,1275.0,False,17224,408,-2392,-75
w100_i080_mn9_only_631404,w100_i080,mn9_only,631404,17408,396,159.0,3108,3050,f95218a1ea37745551ca6815bec1fc551432e6125112557ee79f6d520493e2fb,3.0,778.0,120.0,False,17224,408,184,-12
w100_i080_motor_003_631404,w100_i080,motor_003,631404,16272,413,137.0,3108,3050,f95218a1ea37745551ca6815bec1fc551432e6125112557ee79f6d520493e2fb,3.2,4234.0,692.0,False,17224,408,-952,5
w100_i080_motor_004_631404,w100_i080,motor_004,631404,15762,409,136.0,3108,3050,f95218a1ea37745551ca6815bec1fc551432e6125112557ee79f6d520493e2fb,3.2,4466.0,771.0,False,17224,408,-1462,1
w100_i080_motor_005_631404,w100_i080,motor_005,631404,15462,408,136.0,3108,3050,f95218a1ea37745551ca6815bec1fc551432e6125112557ee79f6d520493e2fb,3.2,4450.0,764.0,False,17224,408,-1762,0
w100_i080_mode_631405,w100_i080,mode,631405,15099,328,209.0,3129,3075,36e28093cf09c4bf4c1c02102fdc1b3f219da0d4b16c463306c0193d088d5804,2.9000000000000004,6299.0,1241.0,False,16980,391,-1881,-63
w100_i080_mode_without_mn9_631405,w100_i080,mode_without_mn9,631405,14818,334,212.0,3129,3075,36e28093cf09c4bf4c1c02102fdc1b3f219da0d4b16c463306c0193d088d5804,2.9000000000000004,6298.0,1280.0,False,16980,391,-2162,-57
w100_i080_mn9_only_631405,w100_i080,mn9_only,631405,16948,395,141.0,3129,3075,36e28093cf09c4bf4c1c02102fdc1b3f219da0d4b16c463306c0193d088d5804,3.0,656.0,83.0,False,16980,391,-32,4
w100_i080_motor_003_631405,w100_i080,motor_003,631405,16031,410,139.0,3129,3074,36e28093cf09c4bf4c1c02102fdc1b3f219da0d4b16c463306c0193d088d5804,3.1000000000000005,4143.0,694.0,False,16980,391,-949,19
w100_i080_motor_004_631405,w100_i080,motor_004,631405,15624,417,140.0,3129,3075,36e28093cf09c4bf4c1c02102fdc1b3f219da0d4b16c463306c0193d088d5804,3.0,4426.0,714.0,False,16980,391,-1356,26
w100_i080_motor_005_631405,w100_i080,motor_005,631405,15365,422,140.0,3129,3074,36e28093cf09c4bf4c1c02102fdc1b3f219da0d4b16c463306c0193d088d5804,3.3,4381.0,740.0,False,16980,391,-1615,31
w100_i080_mode_631406,w100_i080,mode,631406,14970,329,211.0,3140,3098,0863e7b24dfaae64071a8059c2628849bec7706d10bff82c1fb11d9bde965e8e,2.8,6345.0,1292.0,False,17563,398,-2593,-69
w100_i080_mode_without_mn9_631406,w100_i080,mode_without_mn9,631406,14772,329,212.0,3140,3098,0863e7b24dfaae64071a8059c2628849bec7706d10bff82c1fb11d9bde965e8e,3.0,6335.0,1269.0,False,17563,398,-2791,-69
w100_i080_mn9_only_631406,w100_i080,mn9_only,631406,17078,397,139.0,3140,3098,0863e7b24dfaae64071a8059c2628849bec7706d10bff82c1fb11d9bde965e8e,3.0,919.0,153.0,False,17563,398,-485,-1
w100_i080_motor_003_631406,w100_i080,motor_003,631406,15828,411,138.0,3140,3098,0863e7b24dfaae64071a8059c2628849bec7706d10bff82c1fb11d9bde965e8e,3.2,4489.0,739.0,False,17563,398,-1735,13
w100_i080_motor_004_631406,w100_i080,motor_004,631406,15505,416,139.0,3140,3098,0863e7b24dfaae64071a8059c2628849bec7706d10bff82c1fb11d9bde965e8e,3.1000000000000005,4610.0,732.0,False,17563,398,-2058,18
w100_i080_motor_005_631406,w100_i080,motor_005,631406,16028,409,139.0,3140,3098,0863e7b24dfaae64071a8059c2628849bec7706d10bff82c1fb11d9bde965e8e,3.1000000000000005,4431.0,716.0,False,17563,398,-1535,11
w100_i080_mode_631407,w100_i080,mode,631407,14739,328,211.0,3078,3032,603c4b79b2112ccc7962759aca718cc6b7554ee1d572ac83aac65f335ad40c87,2.8,6104.0,1231.0,False,17345,391,-2606,-63
w100_i080_mode_without_mn9_631407,w100_i080,mode_without_mn9,631407,14619,327,209.0,3078,3032,603c4b79b2112ccc7962759aca718cc6b7554ee1d572ac83aac65f335ad40c87,3.0,6098.0,1224.0,False,17345,391,-2726,-64
w100_i080_mn9_only_631407,w100_i080,mn9_only,631407,17451,415,150.0,3078,3032,603c4b79b2112ccc7962759aca718cc6b7554ee1d572ac83aac65f335ad40c87,2.9000000000000004,760.0,93.0,False,17345,391,106,24
w100_i080_motor_003_631407,w100_i080,motor_003,631407,15674,399,139.0,3078,3032,603c4b79b2112ccc7962759aca718cc6b7554ee1d572ac83aac65f335ad40c87,3.2,4333.0,659.0,False,17345,391,-1671,8
w100_i080_motor_004_631407,w100_i080,motor_004,631407,15681,402,137.0,3078,3032,603c4b79b2112ccc7962759aca718cc6b7554ee1d572ac83aac65f335ad40c87,3.0,4634.0,702.0,False,17345,391,-1664,11
w100_i080_motor_005_631407,w100_i080,motor_005,631407,15261,405,138.0,3078,3032,603c4b79b2112ccc7962759aca718cc6b7554ee1d572ac83aac65f335ad40c87,3.1000000000000005,4816.0,766.0,False,17345,391,-2084,14
w100_i080_mode_631408,w100_i080,mode,631408,15297,334,214.0,3174,3129,a110f03f41d329a5a4ff5a93990a26dc2328fbce2bc702db76f24d98fae3f09d,2.8,6532.0,1293.0,False,17865,406,-2568,-72
w100_i080_mode_without_mn9_631408,w100_i080,mode_without_mn9,631408,14889,326,207.0,3174,3129,a110f03f41d329a5a4ff5a93990a26dc2328fbce2bc702db76f24d98fae3f09d,2.9000000000000004,6610.0,1333.0,False,17865,406,-2976,-80
w100_i080_mn9_only_631408,w100_i080,mn9_only,631408,17420,408,144.0,3174,3129,a110f03f41d329a5a4ff5a93990a26dc2328fbce2bc702db76f24d98fae3f09d,3.0,781.0,84.0,False,17865,406,-445,2
w100_i080_motor_003_631408,w100_i080,motor_003,631408,16050,408,138.0,3174,3129,a110f03f41d329a5a4ff5a93990a26dc2328fbce2bc702db76f24d98fae3f09d,3.1000000000000005,4655.0,781.0,False,17865,406,-1815,2
w100_i080_motor_004_631408,w100_i080,motor_004,631408,16212,426,139.0,3174,3129,a110f03f41d329a5a4ff5a93990a26dc2328fbce2bc702db76f24d98fae3f09d,2.9000000000000004,4649.0,750.0,False,17865,406,-1653,20
w100_i080_motor_005_631408,w100_i080,motor_005,631408,16242,419,138.0,3174,3129,a110f03f41d329a5a4ff5a93990a26dc2328fbce2bc702db76f24d98fae3f09d,3.2,4691.0,709.0,False,17865,406,-1623,13
w100_i080_mode_631409,w100_i080,mode,631409,15094,331,208.0,3172,3119,458135437fed78e2cb995ecea989c1e7899b44fe7fb9ff633318a47c2a8515aa,2.7,6089.0,1205.0,False,17539,426,-2445,-95
w100_i080_mode_without_mn9_631409,w100_i080,mode_without_mn9,631409,15287,335,208.0,3172,3119,458135437fed78e2cb995ecea989c1e7899b44fe7fb9ff633318a47c2a8515aa,2.9000000000000004,6126.0,1201.0,False,17539,426,-2252,-91
w100_i080_mn9_only_631409,w100_i080,mn9_only,631409,17854,404,143.0,3172,3119,458135437fed78e2cb995ecea989c1e7899b44fe7fb9ff633318a47c2a8515aa,3.0,823.0,123.0,False,17539,426,315,-22
w100_i080_motor_003_631409,w100_i080,motor_003,631409,15983,407,139.0,3172,3119,458135437fed78e2cb995ecea989c1e7899b44fe7fb9ff633318a47c2a8515aa,3.1000000000000005,4512.0,731.0,False,17539,426,-1556,-19
w100_i080_motor_004_631409,w100_i080,motor_004,631409,15916,407,139.0,3172,3119,458135437fed78e2cb995ecea989c1e7899b44fe7fb9ff633318a47c2a8515aa,3.2,4483.0,684.0,False,17539,426,-1623,-19
w100_i080_motor_005_631409,w100_i080,motor_005,631409,15574,407,139.0,3172,3119,458135437fed78e2cb995ecea989c1e7899b44fe7fb9ff633318a47c2a8515aa,3.0,4613.0,720.0,False,17539,426,-1965,-19
w100_i080_mode_631410,w100_i080,mode,631410,14495,325,208.0,3118,3071,561dbc154010d17b8c5d824d3dcbb379bbc8a4e8424cbff78bb956580dcd795f,2.8,6031.0,1208.0,False,17356,412,-2861,-87
w100_i080_mode_without_mn9_631410,w100_i080,mode_without_mn9,631410,14647,332,205.0,3118,3072,561dbc154010d17b8c5d824d3dcbb379bbc8a4e8424cbff78bb956580dcd795f,2.9000000000000004,5981.0,1207.0,False,17356,412,-2709,-80
w100_i080_mn9_only_631410,w100_i080,mn9_only,631410,17436,424,150.0,3118,3072,561dbc154010d17b8c5d824d3dcbb379bbc8a4e8424cbff78bb956580dcd795f,3.0,754.0,84.0,False,17356,412,80,12
w100_i080_motor_003_631410,w100_i080,motor_003,631410,15693,412,138.0,3118,3072,561dbc154010d17b8c5d824d3dcbb379bbc8a4e8424cbff78bb956580dcd795f,3.2,4417.0,688.0,False,17356,412,-1663,0
w100_i080_motor_004_631410,w100_i080,motor_004,631410,15763,402,139.0,3118,3072,561dbc154010d17b8c5d824d3dcbb379bbc8a4e8424cbff78bb956580dcd795f,3.0,4667.0,753.0,False,17356,412,-1593,-10
w100_i080_motor_005_631410,w100_i080,motor_005,631410,15558,424,138.0,3118,3072,561dbc154010d17b8c5d824d3dcbb379bbc8a4e8424cbff78bb956580dcd795f,3.1000000000000005,4708.0,760.0,False,17356,412,-1798,12
w100_i080_mode_631411,w100_i080,mode,631411,14958,324,210.0,3226,3176,22c7bbdba5b1f37cef84a66f763b43c863ac85629eb59bf6f9c0097493189b0b,2.7,6114.0,1217.0,False,17522,401,-2564,-77
w100_i080_mode_without_mn9_631411,w100_i080,mode_without_mn9,631411,15252,329,212.0,3226,3176,22c7bbdba5b1f37cef84a66f763b43c863ac85629eb59bf6f9c0097493189b0b,2.8,5980.0,1188.0,False,17522,401,-2270,-72
w100_i080_mn9_only_631411,w100_i080,mn9_only,631411,17811,415,140.0,3226,3176,22c7bbdba5b1f37cef84a66f763b43c863ac85629eb59bf6f9c0097493189b0b,3.0,699.0,99.0,False,17522,401,289,14
w100_i080_motor_003_631411,w100_i080,motor_003,631411,16236,412,139.0,3226,3176,22c7bbdba5b1f37cef84a66f763b43c863ac85629eb59bf6f9c0097493189b0b,3.0,4124.0,678.0,False,17522,401,-1286,11
w100_i080_motor_004_631411,w100_i080,motor_004,631411,16127,412,138.0,3226,3176,22c7bbdba5b1f37cef84a66f763b43c863ac85629eb59bf6f9c0097493189b0b,3.2,4463.0,739.0,False,17522,401,-1395,11
w100_i080_motor_005_631411,w100_i080,motor_005,631411,16580,426,140.0,3226,3176,22c7bbdba5b1f37cef84a66f763b43c863ac85629eb59bf6f9c0097493189b0b,3.3,4568.0,731.0,False,17522,401,-942,25
w100_i080_mode_631412,w100_i080,mode,631412,15038,326,206.0,3219,3155,8a950cbb70621f799e7b21b7adce161b71f800da95c71582ce42614881a76e54,2.8,6262.0,1210.0,False,17440,416,-2402,-90
w100_i080_mode_without_mn9_631412,w100_i080,mode_without_mn9,631412,15171,329,213.0,3219,3155,8a950cbb70621f799e7b21b7adce161b71f800da95c71582ce42614881a76e54,2.8,6289.0,1230.0,False,17440,416,-2269,-87
w100_i080_mn9_only_631412,w100_i080,mn9_only,631412,16765,391,140.0,3219,3155,8a950cbb70621f799e7b21b7adce161b71f800da95c71582ce42614881a76e54,3.0,959.0,105.0,False,17440,416,-675,-25
w100_i080_motor_003_631412,w100_i080,motor_003,631412,15899,423,140.0,3219,3155,8a950cbb70621f799e7b21b7adce161b71f800da95c71582ce42614881a76e54,3.1000000000000005,4101.0,661.0,False,17440,416,-1541,7
w100_i080_motor_004_631412,w100_i080,motor_004,631412,15827,407,139.0,3219,3155,8a950cbb70621f799e7b21b7adce161b71f800da95c71582ce42614881a76e54,3.2,4355.0,691.0,False,17440,416,-1613,-9
w100_i080_motor_005_631412,w100_i080,motor_005,631412,15914,417,138.0,3219,3155,8a950cbb70621f799e7b21b7adce161b71f800da95c71582ce42614881a76e54,3.3,4380.0,696.0,False,17440,416,-1526,1
w100_i080_mode_631413,w100_i080,mode,631413,15565,335,208.0,3264,3210,7f2670b931c35e7aa1a4d1c0c682c0045b38f5d7a6131756b2a6f74759e70005,2.9000000000000004,6260.0,1219.0,False,17705,408,-2140,-73
w100_i080_mode_without_mn9_631413,w100_i080,mode_without_mn9,631413,15141,327,212.0,3264,3210,7f2670b931c35e7aa1a4d1c0c682c0045b38f5d7a6131756b2a6f74759e70005,2.9000000000000004,6138.0,1223.0,False,17705,408,-2564,-81
w100_i080_mn9_only_631413,w100_i080,mn9_only,631413,17188,401,143.0,3264,3210,7f2670b931c35e7aa1a4d1c0c682c0045b38f5d7a6131756b2a6f74759e70005,3.0,819.0,87.0,False,17705,408,-517,-7
w100_i080_motor_003_631413,w100_i080,motor_003,631413,16138,415,139.0,3264,3210,7f2670b931c35e7aa1a4d1c0c682c0045b38f5d7a6131756b2a6f74759e70005,3.0,4473.0,724.0,False,17705,408,-1567,7
w100_i080_motor_004_631413,w100_i080,motor_004,631413,15945,412,139.0,3264,3210,7f2670b931c35e7aa1a4d1c0c682c0045b38f5d7a6131756b2a6f74759e70005,2.8,4702.0,770.0,False,17705,408,-1760,4
w100_i080_motor_005_631413,w100_i080,motor_005,631413,16069,405,139.0,3264,3210,7f2670b931c35e7aa1a4d1c0c682c0045b38f5d7a6131756b2a6f74759e70005,3.3,4780.0,792.0,False,17705,408,-1636,-3
w100_i080_mode_631414,w100_i080,mode,631414,14634,320,210.0,3060,3020,b05f750a0b66a38d43a6565df118f40419adfc2f82250bd2929914ad2812c2d3,2.8,6336.0,1288.0,False,17216,407,-2582,-87
w100_i080_mode_without_mn9_631414,w100_i080,mode_without_mn9,631414,14609,322,208.0,3060,3020,b05f750a0b66a38d43a6565df118f40419adfc2f82250bd2929914ad2812c2d3,3.0,6395.0,1311.0,False,17216,407,-2607,-85
w100_i080_mn9_only_631414,w100_i080,mn9_only,631414,16595,386,138.0,3060,3020,b05f750a0b66a38d43a6565df118f40419adfc2f82250bd2929914ad2812c2d3,2.9000000000000004,887.0,94.0,False,17216,407,-621,-21
w100_i080_motor_003_631414,w100_i080,motor_003,631414,15954,405,136.0,3060,3020,b05f750a0b66a38d43a6565df118f40419adfc2f82250bd2929914ad2812c2d3,3.1000000000000005,4320.0,725.0,False,17216,407,-1262,-2
w100_i080_motor_004_631414,w100_i080,motor_004,631414,15632,424,137.0,3060,3020,b05f750a0b66a38d43a6565df118f40419adfc2f82250bd2929914ad2812c2d3,3.2,4462.0,757.0,False,17216,407,-1584,17
w100_i080_motor_005_631414,w100_i080,motor_005,631414,15422,420,136.0,3060,3020,b05f750a0b66a38d43a6565df118f40419adfc2f82250bd2929914ad2812c2d3,3.1000000000000005,4370.0,698.0,False,17216,407,-1794,13
w100_i080_mode_631415,w100_i080,mode,631415,15118,328,211.0,3233,3183,4fec2ec87e17ade5b340a00e2f95e714e871c644894d78e3e73c5eed1f3cefd7,3.0,6111.0,1186.0,False,17359,409,-2241,-81
w100_i080_mode_without_mn9_631415,w100_i080,mode_without_mn9,631415,15100,333,214.0,3233,3183,4fec2ec87e17ade5b340a00e2f95e714e871c644894d78e3e73c5eed1f3cefd7,2.7,6217.0,1244.0,False,17359,409,-2259,-76
w100_i080_mn9_only_631415,w100_i080,mn9_only,631415,17841,409,153.0,3233,3183,4fec2ec87e17ade5b340a00e2f95e714e871c644894d78e3e73c5eed1f3cefd7,2.9000000000000004,842.0,92.0,False,17359,409,482,0
w100_i080_motor_003_631415,w100_i080,motor_003,631415,16380,414,137.0,3233,3183,4fec2ec87e17ade5b340a00e2f95e714e871c644894d78e3e73c5eed1f3cefd7,3.2,4269.0,695.0,False,17359,409,-979,5
w100_i080_motor_004_631415,w100_i080,motor_004,631415,15793,405,139.0,3233,3183,4fec2ec87e17ade5b340a00e2f95e714e871c644894d78e3e73c5eed1f3cefd7,3.1000000000000005,4464.0,741.0,False,17359,409,-1566,-4
w100_i080_motor_005_631415,w100_i080,motor_005,631415,16183,417,138.0,3233,3183,4fec2ec87e17ade5b340a00e2f95e714e871c644894d78e3e73c5eed1f3cefd7,3.2,4632.0,743.0,False,17359,409,-1176,8
w100_i080_mode_631416,w100_i080,mode,631416,14566,323,211.0,3133,3085,983be3a36ca84d69d8a9627809bfe4679716991660b5631e6a0b9849f2e4e985,3.1000000000000005,5992.0,1187.0,False,16626,405,-2060,-82
w100_i080_mode_without_mn9_631416,w100_i080,mode_without_mn9,631416,14602,322,208.0,3133,3085,983be3a36ca84d69d8a9627809bfe4679716991660b5631e6a0b9849f2e4e985,2.9000000000000004,6012.0,1178.0,False,16626,405,-2024,-83
w100_i080_mn9_only_631416,w100_i080,mn9_only,631416,16843,404,139.0,3133,3085,983be3a36ca84d69d8a9627809bfe4679716991660b5631e6a0b9849f2e4e985,3.0,739.0,100.0,False,16626,405,217,-1
w100_i080_motor_003_631416,w100_i080,motor_003,631416,15872,426,136.0,3133,3085,983be3a36ca84d69d8a9627809bfe4679716991660b5631e6a0b9849f2e4e985,3.3,4244.0,705.0,False,16626,405,-754,21
w100_i080_motor_004_631416,w100_i080,motor_004,631416,15350,398,136.0,3133,3085,983be3a36ca84d69d8a9627809bfe4679716991660b5631e6a0b9849f2e4e985,3.3,4318.0,668.0,False,16626,405,-1276,-7
w100_i080_motor_005_631416,w100_i080,motor_005,631416,15565,418,135.0,3133,3085,983be3a36ca84d69d8a9627809bfe4679716991660b5631e6a0b9849f2e4e985,3.3,4443.0,672.0,False,16626,405,-1061,13
w100_i080_mode_631417,w100_i080,mode,631417,15369,332,217.0,3230,3186,2990fe15c20330ea5052361acbb45694bafbe190076f6d722f6c3b73598a6cdf,3.0,6149.0,1225.0,False,17656,393,-2287,-61
w100_i080_mode_without_mn9_631417,w100_i080,mode_without_mn9,631417,15617,336,212.0,3230,3186,2990fe15c20330ea5052361acbb45694bafbe190076f6d722f6c3b73598a6cdf,2.8,6217.0,1219.0,False,17656,393,-2039,-57
w100_i080_mn9_only_631417,w100_i080,mn9_only,631417,17315,407,142.0,3230,3186,2990fe15c20330ea5052361acbb45694bafbe190076f6d722f6c3b73598a6cdf,2.9000000000000004,857.0,104.0,False,17656,393,-341,14
w100_i080_motor_003_631417,w100_i080,motor_003,631417,16387,439,139.0,3230,3186,2990fe15c20330ea5052361acbb45694bafbe190076f6d722f6c3b73598a6cdf,3.1000000000000005,4519.0,737.0,False,17656,393,-1269,46
w100_i080_motor_004_631417,w100_i080,motor_004,631417,15950,404,140.0,3230,3186,2990fe15c20330ea5052361acbb45694bafbe190076f6d722f6c3b73598a6cdf,3.2,4432.0,696.0,False,17656,393,-1706,11
w100_i080_motor_005_631417,w100_i080,motor_005,631417,16031,407,140.0,3230,3186,2990fe15c20330ea5052361acbb45694bafbe190076f6d722f6c3b73598a6cdf,3.1000000000000005,4499.0,699.0,False,17656,393,-1625,14
w100_i080_mode_631418,w100_i080,mode,631418,15726,339,213.0,3286,3238,46de1871008b658723cab9a3d5b408a4492db89e0603e0eef1ad3cc9eeef8fea,2.9000000000000004,6325.0,1260.0,False,17583,410,-1857,-71
w100_i080_mode_without_mn9_631418,w100_i080,mode_without_mn9,631418,15214,342,213.0,3286,3238,46de1871008b658723cab9a3d5b408a4492db89e0603e0eef1ad3cc9eeef8fea,2.9000000000000004,6141.0,1248.0,False,17583,410,-2369,-68
w100_i080_mn9_only_631418,w100_i080,mn9_only,631418,17498,416,140.0,3286,3238,46de1871008b658723cab9a3d5b408a4492db89e0603e0eef1ad3cc9eeef8fea,3.0,735.0,106.0,False,17583,410,-85,6
w100_i080_motor_003_631418,w100_i080,motor_003,631418,16606,413,140.0,3286,3238,46de1871008b658723cab9a3d5b408a4492db89e0603e0eef1ad3cc9eeef8fea,3.0,4329.0,732.0,False,17583,410,-977,3
w100_i080_motor_004_631418,w100_i080,motor_004,631418,16209,428,140.0,3286,3238,46de1871008b658723cab9a3d5b408a4492db89e0603e0eef1ad3cc9eeef8fea,3.1000000000000005,4500.0,752.0,False,17583,410,-1374,18
w100_i080_motor_005_631418,w100_i080,motor_005,631418,16611,411,140.0,3286,3238,46de1871008b658723cab9a3d5b408a4492db89e0603e0eef1ad3cc9eeef8fea,3.0,4596.0,760.0,False,17583,410,-972,1
w100_i080_mode_631419,w100_i080,mode,631419,14903,333,213.0,3139,3083,6f48116eb54c69e28d2a3fd266db36c5d3574765971a6667b9e5865a9eb5e4c8,2.8,6237.0,1232.0,False,17124,392,-2221,-59
w100_i080_mode_without_mn9_631419,w100_i080,mode_without_mn9,631419,14470,326,208.0,3139,3083,6f48116eb54c69e28d2a3fd266db36c5d3574765971a6667b9e5865a9eb5e4c8,3.0,6292.0,1288.0,False,17124,392,-2654,-66
w100_i080_mn9_only_631419,w100_i080,mn9_only,631419,17113,395,142.0,3139,3083,6f48116eb54c69e28d2a3fd266db36c5d3574765971a6667b9e5865a9eb5e4c8,2.9000000000000004,605.0,57.0,False,17124,392,-11,3
w100_i080_motor_003_631419,w100_i080,motor_003,631419,15438,404,138.0,3139,3083,6f48116eb54c69e28d2a3fd266db36c5d3574765971a6667b9e5865a9eb5e4c8,3.1000000000000005,4324.0,691.0,False,17124,392,-1686,12
w100_i080_motor_004_631419,w100_i080,motor_004,631419,15419,412,136.0,3139,3083,6f48116eb54c69e28d2a3fd266db36c5d3574765971a6667b9e5865a9eb5e4c8,3.0,4531.0,755.0,False,17124,392,-1705,20
w100_i080_motor_005_631419,w100_i080,motor_005,631419,15762,406,138.0,3139,3083,6f48116eb54c69e28d2a3fd266db36c5d3574765971a6667b9e5865a9eb5e4c8,3.1000000000000005,4422.0,730.0,False,17124,392,-1362,14
w100_i080_mode_631420,w100_i080,mode,631420,14533,321,214.0,3085,3025,6c8e7959a7ed9c033caf1f7699f74167c8a00e3bd5d56fc4d704ed1347646d89,3.0,6002.0,1251.0,False,17279,411,-2746,-90
w100_i080_mode_without_mn9_631420,w100_i080,mode_without_mn9,631420,14556,324,214.0,3085,3025,6c8e7959a7ed9c033caf1f7699f74167c8a00e3bd5d56fc4d704ed1347646d89,2.9000000000000004,6157.0,1271.0,False,17279,411,-2723,-87
w100_i080_mn9_only_631420,w100_i080,mn9_only,631420,16824,408,137.0,3085,3025,6c8e7959a7ed9c033caf1f7699f74167c8a00e3bd5d56fc4d704ed1347646d89,2.9000000000000004,841.0,113.0,False,17279,411,-455,-3
w100_i080_motor_003_631420,w100_i080,motor_003,631420,15722,408,135.0,3085,3025,6c8e7959a7ed9c033caf1f7699f74167c8a00e3bd5d56fc4d704ed1347646d89,3.4000000000000004,4539.0,735.0,False,17279,411,-1557,-3
w100_i080_motor_004_631420,w100_i080,motor_004,631420,15642,407,136.0,3085,3025,6c8e7959a7ed9c033caf1f7699f74167c8a00e3bd5d56fc4d704ed1347646d89,3.2,4619.0,715.0,False,17279,411,-1637,-4
w100_i080_motor_005_631420,w100_i080,motor_005,631420,15598,418,135.0,3085,3025,6c8e7959a7ed9c033caf1f7699f74167c8a00e3bd5d56fc4d704ed1347646d89,3.1000000000000005,4659.0,753.0,False,17279,411,-1681,7
w100_i080_mode_631421,w100_i080,mode,631421,14975,333,212.0,3210,3153,59022bd53269375055fcd296502d7a4ec89f47ec92a0a51b5f5ee94d108663ec,2.9000000000000004,6103.0,1219.0,False,17588,398,-2613,-65
w100_i080_mode_without_mn9_631421,w100_i080,mode_without_mn9,631421,15009,324,204.0,3210,3153,59022bd53269375055fcd296502d7a4ec89f47ec92a0a51b5f5ee94d108663ec,3.0,6147.0,1231.0,False,17588,398,-2579,-74
w100_i080_mn9_only_631421,w100_i080,mn9_only,631421,17571,397,156.0,3210,3153,59022bd53269375055fcd296502d7a4ec89f47ec92a0a51b5f5ee94d108663ec,3.1000000000000005,681.0,68.0,False,17588,398,-17,-1
w100_i080_motor_003_631421,w100_i080,motor_003,631421,16636,433,139.0,3210,3153,59022bd53269375055fcd296502d7a4ec89f47ec92a0a51b5f5ee94d108663ec,3.3,4348.0,718.0,False,17588,398,-952,35
w100_i080_motor_004_631421,w100_i080,motor_004,631421,15371,410,139.0,3210,3153,59022bd53269375055fcd296502d7a4ec89f47ec92a0a51b5f5ee94d108663ec,3.2,4769.0,814.0,False,17588,398,-2217,12
w100_i080_motor_005_631421,w100_i080,motor_005,631421,15472,408,139.0,3210,3153,59022bd53269375055fcd296502d7a4ec89f47ec92a0a51b5f5ee94d108663ec,3.1000000000000005,4854.0,803.0,False,17588,398,-2116,10
w100_i080_mode_631422,w100_i080,mode,631422,14657,321,207.0,3097,3066,2e7e47c1064ebd8647f5e211d459f5818e5fd2f6414577d90d3f28fc093b6e36,3.0,6173.0,1233.0,False,17394,402,-2737,-81
w100_i080_mode_without_mn9_631422,w100_i080,mode_without_mn9,631422,14665,330,203.0,3097,3066,2e7e47c1064ebd8647f5e211d459f5818e5fd2f6414577d90d3f28fc093b6e36,2.9000000000000004,6171.0,1232.0,False,17394,402,-2729,-72
w100_i080_mn9_only_631422,w100_i080,mn9_only,631422,17038,392,149.0,3097,3066,2e7e47c1064ebd8647f5e211d459f5818e5fd2f6414577d90d3f28fc093b6e36,3.0,792.0,80.0,False,17394,402,-356,-10
w100_i080_motor_003_631422,w100_i080,motor_003,631422,15697,408,137.0,3097,3066,2e7e47c1064ebd8647f5e211d459f5818e5fd2f6414577d90d3f28fc093b6e36,3.1000000000000005,4399.0,752.0,False,17394,402,-1697,6
w100_i080_motor_004_631422,w100_i080,motor_004,631422,15876,425,138.0,3097,3066,2e7e47c1064ebd8647f5e211d459f5818e5fd2f6414577d90d3f28fc093b6e36,3.1000000000000005,4368.0,705.0,False,17394,402,-1518,23
w100_i080_motor_005_631422,w100_i080,motor_005,631422,15129,403,138.0,3097,3066,2e7e47c1064ebd8647f5e211d459f5818e5fd2f6414577d90d3f28fc093b6e36,3.1000000000000005,4587.0,747.0,False,17394,402,-2265,1
w100_i080_mode_631423,w100_i080,mode,631423,14706,322,211.0,3116,3064,e27e23e46e2dc5a392403f453a37b8509da014334d187fa858576e04985a583d,2.9000000000000004,6199.0,1259.0,False,17383,401,-2677,-79
w100_i080_mode_without_mn9_631423,w100_i080,mode_without_mn9,631423,14633,331,210.0,3116,3064,e27e23e46e2dc5a392403f453a37b8509da014334d187fa858576e04985a583d,3.0,6270.0,1279.0,False,17383,401,-2750,-70
w100_i080_mn9_only_631423,w100_i080,mn9_only,631423,17126,397,148.0,3116,3064,e27e23e46e2dc5a392403f453a37b8509da014334d187fa858576e04985a583d,2.9000000000000004,645.0,80.0,False,17383,401,-257,-4
w100_i080_motor_003_631423,w100_i080,motor_003,631423,15806,418,139.0,3116,3064,e27e23e46e2dc5a392403f453a37b8509da014334d187fa858576e04985a583d,3.0,4409.0,748.0,False,17383,401,-1577,17
w100_i080_motor_004_631423,w100_i080,motor_004,631423,15486,416,139.0,3116,3064,e27e23e46e2dc5a392403f453a37b8509da014334d187fa858576e04985a583d,3.1000000000000005,4613.0,737.0,False,17383,401,-1897,15
w100_i080_motor_005_631423,w100_i080,motor_005,631423,15499,398,139.0,3116,3064,e27e23e46e2dc5a392403f453a37b8509da014334d187fa858576e04985a583d,3.2,4622.0,724.0,False,17383,401,-1884,-3
w100_i080_mode_631424,w100_i080,mode,631424,14453,311,215.0,3085,3046,73556388aa50eba89fdfcc280e02713d26007b18afa395c1fb37bf28b3e788bf,2.9000000000000004,6244.0,1246.0,False,17183,395,-2730,-84
w100_i080_mode_without_mn9_631424,w100_i080,mode_without_mn9,631424,14640,334,205.0,3085,3046,73556388aa50eba89fdfcc280e02713d26007b18afa395c1fb37bf28b3e788bf,3.0,6161.0,1188.0,False,17183,395,-2543,-61
w100_i080_mn9_only_631424,w100_i080,mn9_only,631424,17039,394,140.0,3085,3046,73556388aa50eba89fdfcc280e02713d26007b18afa395c1fb37bf28b3e788bf,3.0,690.0,70.0,False,17183,395,-144,-1
w100_i080_motor_003_631424,w100_i080,motor_003,631424,15554,411,137.0,3085,3046,73556388aa50eba89fdfcc280e02713d26007b18afa395c1fb37bf28b3e788bf,2.8,4081.0,679.0,False,17183,395,-1629,16
w100_i080_motor_004_631424,w100_i080,motor_004,631424,15370,405,138.0,3085,3046,73556388aa50eba89fdfcc280e02713d26007b18afa395c1fb37bf28b3e788bf,3.3,4349.0,663.0,False,17183,395,-1813,10
w100_i080_motor_005_631424,w100_i080,motor_005,631424,16113,407,138.0,3085,3046,73556388aa50eba89fdfcc280e02713d26007b18afa395c1fb37bf28b3e788bf,3.1000000000000005,4424.0,719.0,False,17183,395,-1070,12
w100_i080_mode_631425,w100_i080,mode,631425,14830,328,213.0,3182,3130,f710ff6463d7ca98dc53926044f0745a7bb669a60a8606de490934473682982b,2.9000000000000004,5920.0,1179.0,False,17030,393,-2200,-65
w100_i080_mode_without_mn9_631425,w100_i080,mode_without_mn9,631425,14813,326,212.0,3182,3130,f710ff6463d7ca98dc53926044f0745a7bb669a60a8606de490934473682982b,2.9000000000000004,5975.0,1213.0,False,17030,393,-2217,-67
w100_i080_mn9_only_631425,w100_i080,mn9_only,631425,16890,395,140.0,3182,3130,f710ff6463d7ca98dc53926044f0745a7bb669a60a8606de490934473682982b,3.2,772.0,106.0,False,17030,393,-140,2
w100_i080_motor_003_631425,w100_i080,motor_003,631425,16006,430,138.0,3182,3130,f710ff6463d7ca98dc53926044f0745a7bb669a60a8606de490934473682982b,3.0,4318.0,723.0,False,17030,393,-1024,37
w100_i080_motor_004_631425,w100_i080,motor_004,631425,15971,408,141.0,3182,3130,f710ff6463d7ca98dc53926044f0745a7bb669a60a8606de490934473682982b,2.9000000000000004,4383.0,719.0,False,17030,393,-1059,15
w100_i080_motor_005_631425,w100_i080,motor_005,631425,15970,400,139.0,3182,3130,f710ff6463d7ca98dc53926044f0745a7bb669a60a8606de490934473682982b,3.2,4440.0,746.0,False,17030,393,-1060,7
w100_i080_mode_631426,w100_i080,mode,631426,15035,331,205.0,3167,3127,5b26a62924f518ae79ec0bd6d0af0cb4c529aaf699effb3c35635f63a45e2824,3.0,6338.0,1269.0,False,17821,413,-2786,-82
w100_i080_mode_without_mn9_631426,w100_i080,mode_without_mn9,631426,14883,328,209.0,3167,3127,5b26a62924f518ae79ec0bd6d0af0cb4c529aaf699effb3c35635f63a45e2824,2.9000000000000004,6266.0,1257.0,False,17821,413,-2938,-85
w100_i080_mn9_only_631426,w100_i080,mn9_only,631426,17367,403,155.0,3167,3126,5b26a62924f518ae79ec0bd6d0af0cb4c529aaf699effb3c35635f63a45e2824,3.0,964.0,118.0,False,17821,413,-454,-10
w100_i080_motor_003_631426,w100_i080,motor_003,631426,16171,412,139.0,3167,3126,5b26a62924f518ae79ec0bd6d0af0cb4c529aaf699effb3c35635f63a45e2824,3.0,4460.0,707.0,False,17821,413,-1650,-1
w100_i080_motor_004_631426,w100_i080,motor_004,631426,15677,425,139.0,3167,3127,5b26a62924f518ae79ec0bd6d0af0cb4c529aaf699effb3c35635f63a45e2824,3.1000000000000005,4750.0,801.0,False,17821,413,-2144,12
w100_i080_motor_005_631426,w100_i080,motor_005,631426,15649,416,140.0,3167,3127,5b26a62924f518ae79ec0bd6d0af0cb4c529aaf699effb3c35635f63a45e2824,3.2,4762.0,761.0,False,17821,413,-2172,3
w100_i080_mode_631427,w100_i080,mode,631427,14571,325,211.0,3032,2989,a5ef70bc66f08b067cc69ccfd2ae1c8787b249a41d1926d119f34e0f2034a500,2.9000000000000004,5909.0,1164.0,False,16530,391,-1959,-66
w100_i080_mode_without_mn9_631427,w100_i080,mode_without_mn9,631427,14525,329,212.0,3032,2989,a5ef70bc66f08b067cc69ccfd2ae1c8787b249a41d1926d119f34e0f2034a500,2.8,5815.0,1185.0,False,16530,391,-2005,-62
w100_i080_mn9_only_631427,w100_i080,mn9_only,631427,17157,394,155.0,3032,2989,a5ef70bc66f08b067cc69ccfd2ae1c8787b249a41d1926d119f34e0f2034a500,3.0,973.0,153.0,False,16530,391,627,3
w100_i080_motor_003_631427,w100_i080,motor_003,631427,15663,406,133.0,3032,2989,a5ef70bc66f08b067cc69ccfd2ae1c8787b249a41d1926d119f34e0f2034a500,3.2,4023.0,664.0,False,16530,391,-867,15
w100_i080_motor_004_631427,w100_i080,motor_004,631427,15619,421,134.0,3032,2989,a5ef70bc66f08b067cc69ccfd2ae1c8787b249a41d1926d119f34e0f2034a500,3.2,4151.0,669.0,False,16530,391,-911,30
w100_i080_motor_005_631427,w100_i080,motor_005,631427,15528,398,134.0,3032,2989,a5ef70bc66f08b067cc69ccfd2ae1c8787b249a41d1926d119f34e0f2034a500,3.2,4128.0,640.0,False,16530,391,-1002,7
w100_i080_mode_631428,w100_i080,mode,631428,15082,335,209.0,3155,3107,6122183b8e1e90ae6da8ea292fcd7052b279cdd5a8099ada7c4e733edef92212,2.8,6017.0,1165.0,False,17107,414,-2025,-79
w100_i080_mode_without_mn9_631428,w100_i080,mode_without_mn9,631428,14898,333,215.0,3155,3107,6122183b8e1e90ae6da8ea292fcd7052b279cdd5a8099ada7c4e733edef92212,3.0,5977.0,1197.0,False,17107,414,-2209,-81
w100_i080_mn9_only_631428,w100_i080,mn9_only,631428,16709,408,137.0,3155,3107,6122183b8e1e90ae6da8ea292fcd7052b279cdd5a8099ada7c4e733edef92212,3.1000000000000005,782.0,79.0,False,17107,414,-398,-6
w100_i080_motor_003_631428,w100_i080,motor_003,631428,16029,426,137.0,3155,3107,6122183b8e1e90ae6da8ea292fcd7052b279cdd5a8099ada7c4e733edef92212,3.2,4242.0,704.0,False,17107,414,-1078,12
w100_i080_motor_004_631428,w100_i080,motor_004,631428,16247,405,138.0,3155,3107,6122183b8e1e90ae6da8ea292fcd7052b279cdd5a8099ada7c4e733edef92212,3.2,4414.0,716.0,False,17107,414,-860,-9
w100_i080_motor_005_631428,w100_i080,motor_005,631428,15868,393,137.0,3155,3107,6122183b8e1e90ae6da8ea292fcd7052b279cdd5a8099ada7c4e733edef92212,3.3,4593.0,727.0,False,17107,414,-1239,-21
w100_i080_mode_631429,w100_i080,mode,631429,14880,332,209.0,3149,3103,8e949af61b96f2ea5996e68015b4de8ada41ae02902578e106bf1e865535951c,3.0,6660.0,1343.0,False,17184,408,-2304,-76
w100_i080_mode_without_mn9_631429,w100_i080,mode_without_mn9,631429,15245,338,208.0,3149,3103,8e949af61b96f2ea5996e68015b4de8ada41ae02902578e106bf1e865535951c,3.0,6503.0,1294.0,False,17184,408,-1939,-70
w100_i080_mn9_only_631429,w100_i080,mn9_only,631429,17214,414,145.0,3149,3103,8e949af61b96f2ea5996e68015b4de8ada41ae02902578e106bf1e865535951c,2.8,1070.0,149.0,False,17184,408,30,6
w100_i080_motor_003_631429,w100_i080,motor_003,631429,16036,427,138.0,3149,3103,8e949af61b96f2ea5996e68015b4de8ada41ae02902578e106bf1e865535951c,3.2,4326.0,698.0,False,17184,408,-1148,19
w100_i080_motor_004_631429,w100_i080,motor_004,631429,16294,433,136.0,3149,3103,8e949af61b96f2ea5996e68015b4de8ada41ae02902578e106bf1e865535951c,3.2,4390.0,672.0,False,17184,408,-890,25
w100_i080_motor_005_631429,w100_i080,motor_005,631429,15892,412,137.0,3149,3103,8e949af61b96f2ea5996e68015b4de8ada41ae02902578e106bf1e865535951c,3.4000000000000004,4484.0,707.0,False,17184,408,-1292,4
w100_i080_mode_631430,w100_i080,mode,631430,15015,328,210.0,3220,3165,6d4b9a8c6cba3759dc3c6d9e22a48da5044e475e4de4f738cd99fc52ab3370a3,2.7,6585.0,1324.0,False,18076,410,-3061,-82
w100_i080_mode_without_mn9_631430,w100_i080,mode_without_mn9,631430,15154,329,202.0,3220,3165,6d4b9a8c6cba3759dc3c6d9e22a48da5044e475e4de4f738cd99fc52ab3370a3,2.9000000000000004,6528.0,1312.0,False,18076,410,-2922,-81
w100_i080_mn9_only_631430,w100_i080,mn9_only,631430,17498,409,148.0,3220,3165,6d4b9a8c6cba3759dc3c6d9e22a48da5044e475e4de4f738cd99fc52ab3370a3,2.9000000000000004,950.0,106.0,False,18076,410,-578,-1
w100_i080_motor_003_631430,w100_i080,motor_003,631430,16047,427,140.0,3220,3165,6d4b9a8c6cba3759dc3c6d9e22a48da5044e475e4de4f738cd99fc52ab3370a3,3.0,4607.0,776.0,False,18076,410,-2029,17
w100_i080_motor_004_631430,w100_i080,motor_004,631430,15818,416,139.0,3220,3165,6d4b9a8c6cba3759dc3c6d9e22a48da5044e475e4de4f738cd99fc52ab3370a3,3.3,4744.0,731.0,False,18076,410,-2258,6
w100_i080_motor_005_631430,w100_i080,motor_005,631430,16157,405,140.0,3220,3165,6d4b9a8c6cba3759dc3c6d9e22a48da5044e475e4de4f738cd99fc52ab3370a3,2.9000000000000004,4783.0,711.0,False,18076,410,-1919,-5
default_mode_631401,default,mode,631401,12219,269,199.0,3114,3070,947b874a1f0642db593a25db863d1d9fafa83f779c71426db44ca34f517f65b4,2.8,5087.0,1187.0,False,13762,365,-1543,-96
default_mode_without_mn9_631401,default,mode_without_mn9,631401,12229,273,208.0,3114,3070,947b874a1f0642db593a25db863d1d9fafa83f779c71426db44ca34f517f65b4,2.8,5223.0,1233.0,False,13762,365,-1533,-92
default_mn9_only_631401,default,mn9_only,631401,12862,348,138.0,3114,3070,947b874a1f0642db593a25db863d1d9fafa83f779c71426db44ca34f517f65b4,3.0,1070.0,136.0,False,13762,365,-900,-17
default_motor_003_631401,default,motor_003,631401,11746,326,139.0,3114,3070,947b874a1f0642db593a25db863d1d9fafa83f779c71426db44ca34f517f65b4,3.6000000000000005,3594.0,610.0,False,13762,365,-2016,-39
default_motor_004_631401,default,motor_004,631401,11795,358,138.0,3114,3070,947b874a1f0642db593a25db863d1d9fafa83f779c71426db44ca34f517f65b4,3.3,3355.0,512.0,False,13762,365,-1967,-7
default_motor_005_631401,default,motor_005,631401,12053,353,138.0,3114,3070,947b874a1f0642db593a25db863d1d9fafa83f779c71426db44ca34f517f65b4,2.9000000000000004,3389.0,531.0,False,13762,365,-1709,-12
default_mode_cell_00_631401,default,mode_cell_00,631401,11588,328,139.0,3114,3070,947b874a1f0642db593a25db863d1d9fafa83f779c71426db44ca34f517f65b4,3.1000000000000005,2648.0,462.0,False,13762,365,-2174,-37
default_mode_cell_01_631401,default,mode_cell_01,631401,13762,365,139.0,3114,3070,947b874a1f0642db593a25db863d1d9fafa83f779c71426db44ca34f517f65b4,3.0,0.0,0.0,True,13762,365,0,0
default_mode_cell_02_631401,default,mode_cell_02,631401,13762,365,139.0,3114,3070,947b874a1f0642db593a25db863d1d9fafa83f779c71426db44ca34f517f65b4,3.0,0.0,0.0,True,13762,365,0,0
default_mode_cell_03_631401,default,mode_cell_03,631401,13801,382,140.0,3114,3070,947b874a1f0642db593a25db863d1d9fafa83f779c71426db44ca34f517f65b4,3.1000000000000005,589.0,67.0,False,13762,365,39,17
default_mode_cell_04_631401,default,mode_cell_04,631401,13762,365,139.0,3114,3070,947b874a1f0642db593a25db863d1d9fafa83f779c71426db44ca34f517f65b4,3.0,0.0,0.0,True,13762,365,0,0
default_mode_cell_05_631401,default,mode_cell_05,631401,13762,365,139.0,3114,3070,947b874a1f0642db593a25db863d1d9fafa83f779c71426db44ca34f517f65b4,3.0,0.0,0.0,True,13762,365,0,0
default_mode_cell_06_631401,default,mode_cell_06,631401,13186,367,140.0,3114,3070,947b874a1f0642db593a25db863d1d9fafa83f779c71426db44ca34f517f65b4,3.1000000000000005,946.0,134.0,False,13762,365,-576,2
default_mode_cell_07_631401,default,mode_cell_07,631401,14881,354,139.0,3114,3070,947b874a1f0642db593a25db863d1d9fafa83f779c71426db44ca34f517f65b4,2.9000000000000004,1707.0,279.0,False,13762,365,1119,-11
default_mode_cell_08_631401,default,mode_cell_08,631401,12950,337,140.0,3114,3070,947b874a1f0642db593a25db863d1d9fafa83f779c71426db44ca34f517f65b4,3.2,1178.0,206.0,False,13762,365,-812,-28
default_mode_cell_09_631401,default,mode_cell_09,631401,13762,365,139.0,3114,3070,947b874a1f0642db593a25db863d1d9fafa83f779c71426db44ca34f517f65b4,3.0,0.0,0.0,True,13762,365,0,0
default_mode_cell_10_631401,default,mode_cell_10,631401,12995,342,139.0,3114,3070,947b874a1f0642db593a25db863d1d9fafa83f779c71426db44ca34f517f65b4,2.9000000000000004,947.0,162.0,False,13762,365,-767,-23
default_mode_cell_11_631401,default,mode_cell_11,631401,13762,365,139.0,3114,3070,947b874a1f0642db593a25db863d1d9fafa83f779c71426db44ca34f517f65b4,3.0,0.0,0.0,True,13762,365,0,0
default_mode_cell_12_631401,default,mode_cell_12,631401,12846,336,139.0,3114,3070,947b874a1f0642db593a25db863d1d9fafa83f779c71426db44ca34f517f65b4,3.0,1240.0,180.0,False,13762,365,-916,-29
default_mode_cell_13_631401,default,mode_cell_13,631401,12731,330,138.0,3114,3070,947b874a1f0642db593a25db863d1d9fafa83f779c71426db44ca34f517f65b4,3.0,1329.0,246.0,False,13762,365,-1031,-35
default_mode_cell_14_631401,default,mode_cell_14,631401,13762,365,139.0,3114,3070,947b874a1f0642db593a25db863d1d9fafa83f779c71426db44ca34f517f65b4,3.0,0.0,0.0,True,13762,365,0,0
default_mode_cell_15_631401,default,mode_cell_15,631401,13082,350,140.0,3114,3070,947b874a1f0642db593a25db863d1d9fafa83f779c71426db44ca34f517f65b4,3.2,982.0,190.0,False,13762,365,-680,-15
default_mode_cell_16_631401,default,mode_cell_16,631401,13762,365,139.0,3114,3070,947b874a1f0642db593a25db863d1d9fafa83f779c71426db44ca34f517f65b4,3.0,0.0,0.0,True,13762,365,0,0
default_mode_cell_17_631401,default,mode_cell_17,631401,13499,355,140.0,3114,3070,947b874a1f0642db593a25db863d1d9fafa83f779c71426db44ca34f517f65b4,2.9000000000000004,917.0,174.0,False,13762,365,-263,-10
default_mode_cell_18_631401,default,mode_cell_18,631401,13243,348,140.0,3114,3070,947b874a1f0642db593a25db863d1d9fafa83f779c71426db44ca34f517f65b4,3.0,821.0,141.0,False,13762,365,-519,-17
default_mode_cell_19_631401,default,mode_cell_19,631401,13076,344,138.0,3114,3070,947b874a1f0642db593a25db863d1d9fafa83f779c71426db44ca34f517f65b4,3.1000000000000005,1106.0,202.0,False,13762,365,-686,-21
default_mode_cell_20_631401,default,mode_cell_20,631401,13310,365,140.0,3114,3070,947b874a1f0642db593a25db863d1d9fafa83f779c71426db44ca34f517f65b4,3.1000000000000005,716.0,131.0,False,13762,365,-452,0
default_mode_cell_21_631401,default,mode_cell_21,631401,13762,365,139.0,3114,3070,947b874a1f0642db593a25db863d1d9fafa83f779c71426db44ca34f517f65b4,3.0,0.0,0.0,True,13762,365,0,0
default_mode_cell_22_631401,default,mode_cell_22,631401,13762,365,139.0,3114,3070,947b874a1f0642db593a25db863d1d9fafa83f779c71426db44ca34f517f65b4,3.0,0.0,0.0,True,13762,365,0,0
default_mode_cell_23_631401,default,mode_cell_23,631401,13762,365,139.0,3114,3070,947b874a1f0642db593a25db863d1d9fafa83f779c71426db44ca34f517f65b4,3.0,0.0,0.0,True,13762,365,0,0
default_mode_cell_24_631401,default,mode_cell_24,631401,11829,308,139.0,3114,3070,947b874a1f0642db593a25db863d1d9fafa83f779c71426db44ca34f517f65b4,3.1000000000000005,2467.0,466.0,False,13762,365,-1933,-57
default_mode_cell_25_631401,default,mode_cell_25,631401,13576,362,140.0,3114,3070,947b874a1f0642db593a25db863d1d9fafa83f779c71426db44ca34f517f65b4,3.0,608.0,90.0,False,13762,365,-186,-3
default_mode_cell_26_631401,default,mode_cell_26,631401,13762,365,139.0,3114,3070,947b874a1f0642db593a25db863d1d9fafa83f779c71426db44ca34f517f65b4,3.0,0.0,0.0,True,13762,365,0,0
default_mode_cell_27_631401,default,mode_cell_27,631401,13762,365,139.0,3114,3070,947b874a1f0642db593a25db863d1d9fafa83f779c71426db44ca34f517f65b4,3.0,0.0,0.0,True,13762,365,0,0
default_mode_cell_28_631401,default,mode_cell_28,631401,13762,365,139.0,3114,3070,947b874a1f0642db593a25db863d1d9fafa83f779c71426db44ca34f517f65b4,3.0,0.0,0.0,True,13762,365,0,0
default_mode_cell_29_631401,default,mode_cell_29,631401,13762,365,139.0,3114,3070,947b874a1f0642db593a25db863d1d9fafa83f779c71426db44ca34f517f65b4,3.0,0.0,0.0,True,13762,365,0,0
default_mode_cell_30_631401,default,mode_cell_30,631401,13546,350,141.0,3114,3070,947b874a1f0642db593a25db863d1d9fafa83f779c71426db44ca34f517f65b4,2.9000000000000004,576.0,80.0,False,13762,365,-216,-15
default_mode_cell_31_631401,default,mode_cell_31,631401,13208,353,140.0,3114,3070,947b874a1f0642db593a25db863d1d9fafa83f779c71426db44ca34f517f65b4,2.9000000000000004,814.0,112.0,False,13762,365,-554,-12
default_mode_cell_32_631401,default,mode_cell_32,631401,13552,372,140.0,3114,3070,947b874a1f0642db593a25db863d1d9fafa83f779c71426db44ca34f517f65b4,3.0,654.0,75.0,False,13762,365,-210,7
default_mode_cell_33_631401,default,mode_cell_33,631401,13762,365,139.0,3114,3070,947b874a1f0642db593a25db863d1d9fafa83f779c71426db44ca34f517f65b4,3.0,0.0,0.0,True,13762,365,0,0
default_mode_cell_34_631401,default,mode_cell_34,631401,13762,365,139.0,3114,3070,947b874a1f0642db593a25db863d1d9fafa83f779c71426db44ca34f517f65b4,3.0,0.0,0.0,True,13762,365,0,0
default_mode_cell_35_631401,default,mode_cell_35,631401,13762,365,139.0,3114,3070,947b874a1f0642db593a25db863d1d9fafa83f779c71426db44ca34f517f65b4,3.0,0.0,0.0,True,13762,365,0,0
default_mode_cell_36_631401,default,mode_cell_36,631401,13484,351,139.0,3114,3070,947b874a1f0642db593a25db863d1d9fafa83f779c71426db44ca34f517f65b4,3.0,652.0,82.0,False,13762,365,-278,-14
default_mode_cell_37_631401,default,mode_cell_37,631401,13362,356,140.0,3114,3070,947b874a1f0642db593a25db863d1d9fafa83f779c71426db44ca34f517f65b4,3.0,728.0,111.0,False,13762,365,-400,-9
default_mode_cell_38_631401,default,mode_cell_38,631401,13495,362,140.0,3114,3070,947b874a1f0642db593a25db863d1d9fafa83f779c71426db44ca34f517f65b4,3.0,731.0,84.0,False,13762,365,-267,-3
default_mode_cell_39_631401,default,mode_cell_39,631401,13328,365,138.0,3114,3070,947b874a1f0642db593a25db863d1d9fafa83f779c71426db44ca34f517f65b4,3.2,792.0,138.0,False,13762,365,-434,0
default_mode_cell_40_631401,default,mode_cell_40,631401,13307,346,140.0,3114,3070,947b874a1f0642db593a25db863d1d9fafa83f779c71426db44ca34f517f65b4,3.1000000000000005,733.0,94.0,False,13762,365,-455,-19
default_mode_cell_41_631401,default,mode_cell_41,631401,13129,355,139.0,3114,3070,947b874a1f0642db593a25db863d1d9fafa83f779c71426db44ca34f517f65b4,3.1000000000000005,909.0,144.0,False,13762,365,-633,-10
default_mode_cell_42_631401,default,mode_cell_42,631401,13762,365,139.0,3114,3070,947b874a1f0642db593a25db863d1d9fafa83f779c71426db44ca34f517f65b4,3.0,0.0,0.0,True,13762,365,0,0
default_mode_cell_43_631401,default,mode_cell_43,631401,13332,346,140.0,3114,3070,947b874a1f0642db593a25db863d1d9fafa83f779c71426db44ca34f517f65b4,2.9000000000000004,702.0,110.0,False,13762,365,-430,-19
default_mode_cell_44_631401,default,mode_cell_44,631401,13762,365,139.0,3114,3070,947b874a1f0642db593a25db863d1d9fafa83f779c71426db44ca34f517f65b4,3.0,0.0,0.0,True,13762,365,0,0
default_mode_cell_45_631401,default,mode_cell_45,631401,13762,365,139.0,3114,3070,947b874a1f0642db593a25db863d1d9fafa83f779c71426db44ca34f517f65b4,3.0,0.0,0.0,True,13762,365,0,0
default_mode_cell_46_631401,default,mode_cell_46,631401,13412,364,140.0,3114,3070,947b874a1f0642db593a25db863d1d9fafa83f779c71426db44ca34f517f65b4,3.0,478.0,69.0,False,13762,365,-350,-1
default_mode_cell_47_631401,default,mode_cell_47,631401,15162,357,202.0,3114,3070,947b874a1f0642db593a25db863d1d9fafa83f779c71426db44ca34f517f65b4,2.8,2368.0,343.0,False,13762,365,1400,-8
default_mode_cell_48_631401,default,mode_cell_48,631401,13347,358,138.0,3114,3070,947b874a1f0642db593a25db863d1d9fafa83f779c71426db44ca34f517f65b4,3.0,883.0,149.0,False,13762,365,-415,-7
default_mode_cell_49_631401,default,mode_cell_49,631401,13762,365,139.0,3114,3070,947b874a1f0642db593a25db863d1d9fafa83f779c71426db44ca34f517f65b4,3.0,0.0,0.0,True,13762,365,0,0
default_mode_631402,default,mode,631402,12946,275,205.0,3215,3170,68ec43809259fe87f64b275dd4e8d65eabc89f96fc2222a86e3b60ee2fe6c834,2.9000000000000004,5096.0,1151.0,False,14240,365,-1294,-90
default_mode_without_mn9_631402,default,mode_without_mn9,631402,12827,276,205.0,3215,3170,68ec43809259fe87f64b275dd4e8d65eabc89f96fc2222a86e3b60ee2fe6c834,2.9000000000000004,5065.0,1145.0,False,14240,365,-1413,-89
default_mn9_only_631402,default,mn9_only,631402,14245,367,139.0,3215,3170,68ec43809259fe87f64b275dd4e8d65eabc89f96fc2222a86e3b60ee2fe6c834,2.9000000000000004,903.0,140.0,False,14240,365,5,2
default_motor_003_631402,default,motor_003,631402,12472,357,139.0,3215,3170,68ec43809259fe87f64b275dd4e8d65eabc89f96fc2222a86e3b60ee2fe6c834,3.4000000000000004,3662.0,581.0,False,14240,365,-1768,-8
default_motor_004_631402,default,motor_004,631402,12156,358,138.0,3215,3170,68ec43809259fe87f64b275dd4e8d65eabc89f96fc2222a86e3b60ee2fe6c834,3.2,3772.0,602.0,False,14240,365,-2084,-7
default_motor_005_631402,default,motor_005,631402,12363,359,138.0,3215,3170,68ec43809259fe87f64b275dd4e8d65eabc89f96fc2222a86e3b60ee2fe6c834,3.3,3639.0,589.0,False,14240,365,-1877,-6
default_mode_cell_00_631402,default,mode_cell_00,631402,12193,357,138.0,3215,3170,68ec43809259fe87f64b275dd4e8d65eabc89f96fc2222a86e3b60ee2fe6c834,2.9000000000000004,2673.0,475.0,False,14240,365,-2047,-8
default_mode_cell_01_631402,default,mode_cell_01,631402,14240,365,139.0,3215,3170,68ec43809259fe87f64b275dd4e8d65eabc89f96fc2222a86e3b60ee2fe6c834,3.1000000000000005,0.0,0.0,True,14240,365,0,0
default_mode_cell_02_631402,default,mode_cell_02,631402,14240,365,139.0,3215,3170,68ec43809259fe87f64b275dd4e8d65eabc89f96fc2222a86e3b60ee2fe6c834,3.1000000000000005,0.0,0.0,True,14240,365,0,0
default_mode_cell_03_631402,default,mode_cell_03,631402,14227,372,138.0,3215,3170,68ec43809259fe87f64b275dd4e8d65eabc89f96fc2222a86e3b60ee2fe6c834,3.0,657.0,76.0,False,14240,365,-13,7
default_mode_cell_04_631402,default,mode_cell_04,631402,14240,365,139.0,3215,3170,68ec43809259fe87f64b275dd4e8d65eabc89f96fc2222a86e3b60ee2fe6c834,3.1000000000000005,0.0,0.0,True,14240,365,0,0
default_mode_cell_05_631402,default,mode_cell_05,631402,14240,365,139.0,3215,3170,68ec43809259fe87f64b275dd4e8d65eabc89f96fc2222a86e3b60ee2fe6c834,3.1000000000000005,0.0,0.0,True,14240,365,0,0
default_mode_cell_06_631402,default,mode_cell_06,631402,14216,383,140.0,3215,3170,68ec43809259fe87f64b275dd4e8d65eabc89f96fc2222a86e3b60ee2fe6c834,3.1000000000000005,642.0,96.0,False,14240,365,-24,18
default_mode_cell_07_631402,default,mode_cell_07,631402,15722,377,139.0,3215,3170,68ec43809259fe87f64b275dd4e8d65eabc89f96fc2222a86e3b60ee2fe6c834,3.0,2148.0,389.0,False,14240,365,1482,12
default_mode_cell_08_631402,default,mode_cell_08,631402,13413,344,138.0,3215,3170,68ec43809259fe87f64b275dd4e8d65eabc89f96fc2222a86e3b60ee2fe6c834,2.9000000000000004,1275.0,191.0,False,14240,365,-827,-21
default_mode_cell_09_631402,default,mode_cell_09,631402,14240,365,139.0,3215,3170,68ec43809259fe87f64b275dd4e8d65eabc89f96fc2222a86e3b60ee2fe6c834,3.1000000000000005,0.0,0.0,True,14240,365,0,0
default_mode_cell_10_631402,default,mode_cell_10,631402,13947,367,139.0,3215,3170,68ec43809259fe87f64b275dd4e8d65eabc89f96fc2222a86e3b60ee2fe6c834,3.1000000000000005,683.0,103.0,False,14240,365,-293,2
default_mode_cell_11_631402,default,mode_cell_11,631402,14240,365,139.0,3215,3170,68ec43809259fe87f64b275dd4e8d65eabc89f96fc2222a86e3b60ee2fe6c834,3.1000000000000005,0.0,0.0,True,14240,365,0,0
default_mode_cell_12_631402,default,mode_cell_12,631402,14049,354,138.0,3215,3170,68ec43809259fe87f64b275dd4e8d65eabc89f96fc2222a86e3b60ee2fe6c834,3.1000000000000005,769.0,146.0,False,14240,365,-191,-11
default_mode_cell_13_631402,default,mode_cell_13,631402,13369,326,137.0,3215,3170,68ec43809259fe87f64b275dd4e8d65eabc89f96fc2222a86e3b60ee2fe6c834,2.9000000000000004,1349.0,197.0,False,14240,365,-871,-39
default_mode_cell_14_631402,default,mode_cell_14,631402,14240,365,139.0,3215,3170,68ec43809259fe87f64b275dd4e8d65eabc89f96fc2222a86e3b60ee2fe6c834,3.1000000000000005,0.0,0.0,True,14240,365,0,0
default_mode_cell_15_631402,default,mode_cell_15,631402,14031,369,138.0,3215,3170,68ec43809259fe87f64b275dd4e8d65eabc89f96fc2222a86e3b60ee2fe6c834,3.0,789.0,91.0,False,14240,365,-209,4
default_mode_cell_16_631402,default,mode_cell_16,631402,14240,365,139.0,3215,3170,68ec43809259fe87f64b275dd4e8d65eabc89f96fc2222a86e3b60ee2fe6c834,3.1000000000000005,0.0,0.0,True,14240,365,0,0
default_mode_cell_17_631402,default,mode_cell_17,631402,14091,369,139.0,3215,3170,68ec43809259fe87f64b275dd4e8d65eabc89f96fc2222a86e3b60ee2fe6c834,2.9000000000000004,897.0,166.0,False,14240,365,-149,4
default_mode_cell_18_631402,default,mode_cell_18,631402,13296,362,140.0,3215,3170,68ec43809259fe87f64b275dd4e8d65eabc89f96fc2222a86e3b60ee2fe6c834,3.0,1270.0,174.0,False,14240,365,-944,-3
default_mode_cell_19_631402,default,mode_cell_19,631402,13972,355,139.0,3215,3170,68ec43809259fe87f64b275dd4e8d65eabc89f96fc2222a86e3b60ee2fe6c834,2.9000000000000004,970.0,124.0,False,14240,365,-268,-10
default_mode_cell_20_631402,default,mode_cell_20,631402,13952,356,139.0,3215,3170,68ec43809259fe87f64b275dd4e8d65eabc89f96fc2222a86e3b60ee2fe6c834,3.1000000000000005,876.0,162.0,False,14240,365,-288,-9
default_mode_cell_21_631402,default,mode_cell_21,631402,14240,365,139.0,3215,3170,68ec43809259fe87f64b275dd4e8d65eabc89f96fc2222a86e3b60ee2fe6c834,3.1000000000000005,0.0,0.0,True,14240,365,0,0
default_mode_cell_22_631402,default,mode_cell_22,631402,14240,365,139.0,3215,3170,68ec43809259fe87f64b275dd4e8d65eabc89f96fc2222a86e3b60ee2fe6c834,3.1000000000000005,0.0,0.0,True,14240,365,0,0
default_mode_cell_23_631402,default,mode_cell_23,631402,14240,365,139.0,3215,3170,68ec43809259fe87f64b275dd4e8d65eabc89f96fc2222a86e3b60ee2fe6c834,3.1000000000000005,0.0,0.0,True,14240,365,0,0
default_mode_cell_24_631402,default,mode_cell_24,631402,12471,317,138.0,3215,3170,68ec43809259fe87f64b275dd4e8d65eabc89f96fc2222a86e3b60ee2fe6c834,3.2,2511.0,374.0,False,14240,365,-1769,-48
default_mode_cell_25_631402,default,mode_cell_25,631402,13466,350,139.0,3215,3170,68ec43809259fe87f64b275dd4e8d65eabc89f96fc2222a86e3b60ee2fe6c834,2.9000000000000004,1010.0,151.0,False,14240,365,-774,-15
default_mode_cell_26_631402,default,mode_cell_26,631402,14240,365,139.0,3215,3170,68ec43809259fe87f64b275dd4e8d65eabc89f96fc2222a86e3b60ee2fe6c834,3.1000000000000005,0.0,0.0,True,14240,365,0,0
default_mode_cell_27_631402,default,mode_cell_27,631402,14240,365,139.0,3215,3170,68ec43809259fe87f64b275dd4e8d65eabc89f96fc2222a86e3b60ee2fe6c834,3.1000000000000005,0.0,0.0,True,14240,365,0,0
default_mode_cell_28_631402,default,mode_cell_28,631402,14240,365,139.0,3215,3170,68ec43809259fe87f64b275dd4e8d65eabc89f96fc2222a86e3b60ee2fe6c834,3.1000000000000005,0.0,0.0,True,14240,365,0,0
default_mode_cell_29_631402,default,mode_cell_29,631402,14240,365,139.0,3215,3170,68ec43809259fe87f64b275dd4e8d65eabc89f96fc2222a86e3b60ee2fe6c834,3.1000000000000005,0.0,0.0,True,14240,365,0,0
default_mode_cell_30_631402,default,mode_cell_30,631402,13892,367,139.0,3215,3170,68ec43809259fe87f64b275dd4e8d65eabc89f96fc2222a86e3b60ee2fe6c834,3.1000000000000005,672.0,106.0,False,14240,365,-348,2
default_mode_cell_31_631402,default,mode_cell_31,631402,13770,361,139.0,3215,3170,68ec43809259fe87f64b275dd4e8d65eabc89f96fc2222a86e3b60ee2fe6c834,3.0,924.0,149.0,False,14240,365,-470,-4
default_mode_cell_32_631402,default,mode_cell_32,631402,14060,371,139.0,3215,3170,68ec43809259fe87f64b275dd4e8d65eabc89f96fc2222a86e3b60ee2fe6c834,3.1000000000000005,750.0,72.0,False,14240,365,-180,6
default_mode_cell_33_631402,default,mode_cell_33,631402,14240,365,139.0,3215,3170,68ec43809259fe87f64b275dd4e8d65eabc89f96fc2222a86e3b60ee2fe6c834,3.1000000000000005,0.0,0.0,True,14240,365,0,0
default_mode_cell_34_631402,default,mode_cell_34,631402,14240,365,139.0,3215,3170,68ec43809259fe87f64b275dd4e8d65eabc89f96fc2222a86e3b60ee2fe6c834,3.1000000000000005,0.0,0.0,True,14240,365,0,0
default_mode_cell_35_631402,default,mode_cell_35,631402,14240,365,139.0,3215,3170,68ec43809259fe87f64b275dd4e8d65eabc89f96fc2222a86e3b60ee2fe6c834,3.1000000000000005,0.0,0.0,True,14240,365,0,0
default_mode_cell_36_631402,default,mode_cell_36,631402,13858,362,140.0,3215,3170,68ec43809259fe87f64b275dd4e8d65eabc89f96fc2222a86e3b60ee2fe6c834,3.0,794.0,149.0,False,14240,365,-382,-3
default_mode_cell_37_631402,default,mode_cell_37,631402,14303,358,138.0,3215,3170,68ec43809259fe87f64b275dd4e8d65eabc89f96fc2222a86e3b60ee2fe6c834,3.0,665.0,89.0,False,14240,365,63,-7
default_mode_cell_38_631402,default,mode_cell_38,631402,14161,367,141.0,3215,3170,68ec43809259fe87f64b275dd4e8d65eabc89f96fc2222a86e3b60ee2fe6c834,2.9000000000000004,691.0,96.0,False,14240,365,-79,2
default_mode_cell_39_631402,default,mode_cell_39,631402,13689,352,139.0,3215,3170,68ec43809259fe87f64b275dd4e8d65eabc89f96fc2222a86e3b60ee2fe6c834,2.9000000000000004,853.0,102.0,False,14240,365,-551,-13
default_mode_cell_40_631402,default,mode_cell_40,631402,13899,352,139.0,3215,3170,68ec43809259fe87f64b275dd4e8d65eabc89f96fc2222a86e3b60ee2fe6c834,3.0,681.0,94.0,False,14240,365,-341,-13
default_mode_cell_41_631402,default,mode_cell_41,631402,14139,375,137.0,3215,3170,68ec43809259fe87f64b275dd4e8d65eabc89f96fc2222a86e3b60ee2fe6c834,3.0,893.0,143.0,False,14240,365,-101,10
default_mode_cell_42_631402,default,mode_cell_42,631402,14240,365,139.0,3215,3170,68ec43809259fe87f64b275dd4e8d65eabc89f96fc2222a86e3b60ee2fe6c834,3.1000000000000005,0.0,0.0,True,14240,365,0,0
default_mode_cell_43_631402,default,mode_cell_43,631402,13631,356,140.0,3215,3170,68ec43809259fe87f64b275dd4e8d65eabc89f96fc2222a86e3b60ee2fe6c834,3.0,865.0,105.0,False,14240,365,-609,-9
default_mode_cell_44_631402,default,mode_cell_44,631402,14240,365,139.0,3215,3170,68ec43809259fe87f64b275dd4e8d65eabc89f96fc2222a86e3b60ee2fe6c834,3.1000000000000005,0.0,0.0,True,14240,365,0,0
default_mode_cell_45_631402,default,mode_cell_45,631402,14240,365,139.0,3215,3170,68ec43809259fe87f64b275dd4e8d65eabc89f96fc2222a86e3b60ee2fe6c834,3.1000000000000005,0.0,0.0,True,14240,365,0,0
default_mode_cell_46_631402,default,mode_cell_46,631402,14485,359,139.0,3215,3170,68ec43809259fe87f64b275dd4e8d65eabc89f96fc2222a86e3b60ee2fe6c834,3.0,505.0,59.0,False,14240,365,245,-6
default_mode_cell_47_631402,default,mode_cell_47,631402,15616,374,205.0,3215,3170,68ec43809259fe87f64b275dd4e8d65eabc89f96fc2222a86e3b60ee2fe6c834,2.9000000000000004,1968.0,286.0,False,14240,365,1376,9
default_mode_cell_48_631402,default,mode_cell_48,631402,13785,369,139.0,3215,3170,68ec43809259fe87f64b275dd4e8d65eabc89f96fc2222a86e3b60ee2fe6c834,3.1000000000000005,893.0,124.0,False,14240,365,-455,4
default_mode_cell_49_631402,default,mode_cell_49,631402,14240,365,139.0,3215,3170,68ec43809259fe87f64b275dd4e8d65eabc89f96fc2222a86e3b60ee2fe6c834,3.1000000000000005,0.0,0.0,True,14240,365,0,0
default_mode_631403,default,mode,631403,12279,260,201.0,3125,3088,ce434629d3484ce495a73482e054fe33ac6fc25ee2b7c015d104242563100383,3.0,5171.0,1182.0,False,13198,351,-919,-91
default_mode_without_mn9_631403,default,mode_without_mn9,631403,12539,267,199.0,3125,3088,ce434629d3484ce495a73482e054fe33ac6fc25ee2b7c015d104242563100383,2.9000000000000004,5265.0,1173.0,False,13198,351,-659,-84
default_mn9_only_631403,default,mn9_only,631403,13439,348,136.0,3125,3088,ce434629d3484ce495a73482e054fe33ac6fc25ee2b7c015d104242563100383,3.1000000000000005,863.0,103.0,False,13198,351,241,-3
default_motor_003_631403,default,motor_003,631403,12403,345,135.0,3125,3088,ce434629d3484ce495a73482e054fe33ac6fc25ee2b7c015d104242563100383,3.5,2803.0,441.0,False,13198,351,-795,-6
default_motor_004_631403,default,motor_004,631403,12036,350,136.0,3125,3088,ce434629d3484ce495a73482e054fe33ac6fc25ee2b7c015d104242563100383,3.2,2970.0,476.0,False,13198,351,-1162,-1
default_motor_005_631403,default,motor_005,631403,11550,330,137.0,3125,3088,ce434629d3484ce495a73482e054fe33ac6fc25ee2b7c015d104242563100383,3.4000000000000004,3098.0,531.0,False,13198,351,-1648,-21
default_mode_cell_00_631403,default,mode_cell_00,631403,11724,325,136.0,3125,3088,ce434629d3484ce495a73482e054fe33ac6fc25ee2b7c015d104242563100383,3.0,2016.0,401.0,False,13198,351,-1474,-26
default_mode_cell_01_631403,default,mode_cell_01,631403,13198,351,136.0,3125,3088,ce434629d3484ce495a73482e054fe33ac6fc25ee2b7c015d104242563100383,3.1000000000000005,0.0,0.0,True,13198,351,0,0
default_mode_cell_02_631403,default,mode_cell_02,631403,13198,351,136.0,3125,3088,ce434629d3484ce495a73482e054fe33ac6fc25ee2b7c015d104242563100383,3.1000000000000005,0.0,0.0,True,13198,351,0,0
default_mode_cell_03_631403,default,mode_cell_03,631403,13462,354,137.0,3125,3088,ce434629d3484ce495a73482e054fe33ac6fc25ee2b7c015d104242563100383,2.9000000000000004,738.0,106.0,False,13198,351,264,3
default_mode_cell_04_631403,default,mode_cell_04,631403,13198,351,136.0,3125,3088,ce434629d3484ce495a73482e054fe33ac6fc25ee2b7c015d104242563100383,3.1000000000000005,0.0,0.0,True,13198,351,0,0
default_mode_cell_05_631403,default,mode_cell_05,631403,13198,351,136.0,3125,3088,ce434629d3484ce495a73482e054fe33ac6fc25ee2b7c015d104242563100383,3.1000000000000005,0.0,0.0,True,13198,351,0,0
default_mode_cell_06_631403,default,mode_cell_06,631403,13504,347,136.0,3125,3088,ce434629d3484ce495a73482e054fe33ac6fc25ee2b7c015d104242563100383,3.0,756.0,119.0,False,13198,351,306,-4
default_mode_cell_07_631403,default,mode_cell_07,631403,15786,371,137.0,3125,3088,ce434629d3484ce495a73482e054fe33ac6fc25ee2b7c015d104242563100383,2.9000000000000004,3028.0,531.0,False,13198,351,2588,20
default_mode_cell_08_631403,default,mode_cell_08,631403,13394,337,135.0,3125,3088,ce434629d3484ce495a73482e054fe33ac6fc25ee2b7c015d104242563100383,3.0,1552.0,236.0,False,13198,351,196,-14
default_mode_cell_09_631403,default,mode_cell_09,631403,13198,351,136.0,3125,3088,ce434629d3484ce495a73482e054fe33ac6fc25ee2b7c015d104242563100383,3.1000000000000005,0.0,0.0,True,13198,351,0,0
default_mode_cell_10_631403,default,mode_cell_10,631403,13682,339,136.0,3125,3088,ce434629d3484ce495a73482e054fe33ac6fc25ee2b7c015d104242563100383,3.0,932.0,133.0,False,13198,351,484,-12
default_mode_cell_11_631403,default,mode_cell_11,631403,13198,351,136.0,3125,3088,ce434629d3484ce495a73482e054fe33ac6fc25ee2b7c015d104242563100383,3.1000000000000005,0.0,0.0,True,13198,351,0,0
default_mode_cell_12_631403,default,mode_cell_12,631403,12995,328,135.0,3125,3088,ce434629d3484ce495a73482e054fe33ac6fc25ee2b7c015d104242563100383,3.1000000000000005,917.0,133.0,False,13198,351,-203,-23
default_mode_cell_13_631403,default,mode_cell_13,631403,12703,333,135.0,3125,3088,ce434629d3484ce495a73482e054fe33ac6fc25ee2b7c015d104242563100383,3.0,1129.0,198.0,False,13198,351,-495,-18
default_mode_cell_14_631403,default,mode_cell_14,631403,13198,351,136.0,3125,3088,ce434629d3484ce495a73482e054fe33ac6fc25ee2b7c015d104242563100383,3.1000000000000005,0.0,0.0,True,13198,351,0,0
default_mode_cell_15_631403,default,mode_cell_15,631403,13640,352,136.0,3125,3088,ce434629d3484ce495a73482e054fe33ac6fc25ee2b7c015d104242563100383,3.1000000000000005,916.0,104.0,False,13198,351,442,1
default_mode_cell_16_631403,default,mode_cell_16,631403,13198,351,136.0,3125,3088,ce434629d3484ce495a73482e054fe33ac6fc25ee2b7c015d104242563100383,3.1000000000000005,0.0,0.0,True,13198,351,0,0
default_mode_cell_17_631403,default,mode_cell_17,631403,13213,362,136.0,3125,3088,ce434629d3484ce495a73482e054fe33ac6fc25ee2b7c015d104242563100383,3.0,931.0,163.0,False,13198,351,15,11
default_mode_cell_18_631403,default,mode_cell_18,631403,13351,348,136.0,3125,3088,ce434629d3484ce495a73482e054fe33ac6fc25ee2b7c015d104242563100383,3.0,841.0,100.0,False,13198,351,153,-3
default_mode_cell_19_631403,default,mode_cell_19,631403,14175,366,136.0,3125,3088,ce434629d3484ce495a73482e054fe33ac6fc25ee2b7c015d104242563100383,3.0,1543.0,218.0,False,13198,351,977,15
default_mode_cell_20_631403,default,mode_cell_20,631403,13569,352,136.0,3125,3088,ce434629d3484ce495a73482e054fe33ac6fc25ee2b7c015d104242563100383,3.1000000000000005,771.0,125.0,False,13198,351,371,1
default_mode_cell_21_631403,default,mode_cell_21,631403,13198,351,136.0,3125,3088,ce434629d3484ce495a73482e054fe33ac6fc25ee2b7c015d104242563100383,3.1000000000000005,0.0,0.0,True,13198,351,0,0
default_mode_cell_22_631403,default,mode_cell_22,631403,13198,351,136.0,3125,3088,ce434629d3484ce495a73482e054fe33ac6fc25ee2b7c015d104242563100383,3.1000000000000005,0.0,0.0,True,13198,351,0,0
default_mode_cell_23_631403,default,mode_cell_23,631403,13198,351,136.0,3125,3088,ce434629d3484ce495a73482e054fe33ac6fc25ee2b7c015d104242563100383,3.1000000000000005,0.0,0.0,True,13198,351,0,0
default_mode_cell_24_631403,default,mode_cell_24,631403,11617,307,137.0,3125,3088,ce434629d3484ce495a73482e054fe33ac6fc25ee2b7c015d104242563100383,2.9000000000000004,2127.0,377.0,False,13198,351,-1581,-44
default_mode_cell_25_631403,default,mode_cell_25,631403,13366,350,137.0,3125,3088,ce434629d3484ce495a73482e054fe33ac6fc25ee2b7c015d104242563100383,3.1000000000000005,826.0,92.0,False,13198,351,168,-1
default_mode_cell_26_631403,default,mode_cell_26,631403,13198,351,136.0,3125,3088,ce434629d3484ce495a73482e054fe33ac6fc25ee2b7c015d104242563100383,3.1000000000000005,0.0,0.0,True,13198,351,0,0
default_mode_cell_27_631403,default,mode_cell_27,631403,13198,351,136.0,3125,3088,ce434629d3484ce495a73482e054fe33ac6fc25ee2b7c015d104242563100383,3.1000000000000005,0.0,0.0,True,13198,351,0,0
default_mode_cell_28_631403,default,mode_cell_28,631403,13198,351,136.0,3125,3088,ce434629d3484ce495a73482e054fe33ac6fc25ee2b7c015d104242563100383,3.1000000000000005,0.0,0.0,True,13198,351,0,0
default_mode_cell_29_631403,default,mode_cell_29,631403,13198,351,136.0,3125,3088,ce434629d3484ce495a73482e054fe33ac6fc25ee2b7c015d104242563100383,3.1000000000000005,0.0,0.0,True,13198,351,0,0
default_mode_cell_30_631403,default,mode_cell_30,631403,13286,345,137.0,3125,3088,ce434629d3484ce495a73482e054fe33ac6fc25ee2b7c015d104242563100383,3.0,696.0,100.0,False,13198,351,88,-6
default_mode_cell_31_631403,default,mode_cell_31,631403,13408,344,136.0,3125,3088,ce434629d3484ce495a73482e054fe33ac6fc25ee2b7c015d104242563100383,3.1000000000000005,816.0,121.0,False,13198,351,210,-7
default_mode_cell_32_631403,default,mode_cell_32,631403,13557,358,136.0,3125,3088,ce434629d3484ce495a73482e054fe33ac6fc25ee2b7c015d104242563100383,3.1000000000000005,887.0,113.0,False,13198,351,359,7
default_mode_cell_33_631403,default,mode_cell_33,631403,13198,351,136.0,3125,3088,ce434629d3484ce495a73482e054fe33ac6fc25ee2b7c015d104242563100383,3.1000000000000005,0.0,0.0,True,13198,351,0,0
default_mode_cell_34_631403,default,mode_cell_34,631403,13198,351,136.0,3125,3088,ce434629d3484ce495a73482e054fe33ac6fc25ee2b7c015d104242563100383,3.1000000000000005,0.0,0.0,True,13198,351,0,0
default_mode_cell_35_631403,default,mode_cell_35,631403,13198,351,136.0,3125,3088,ce434629d3484ce495a73482e054fe33ac6fc25ee2b7c015d104242563100383,3.1000000000000005,0.0,0.0,True,13198,351,0,0
default_mode_cell_36_631403,default,mode_cell_36,631403,13290,349,136.0,3125,3088,ce434629d3484ce495a73482e054fe33ac6fc25ee2b7c015d104242563100383,3.0,774.0,100.0,False,13198,351,92,-2
default_mode_cell_37_631403,default,mode_cell_37,631403,13014,343,136.0,3125,3088,ce434629d3484ce495a73482e054fe33ac6fc25ee2b7c015d104242563100383,3.0,658.0,113.0,False,13198,351,-184,-8
default_mode_cell_38_631403,default,mode_cell_38,631403,13385,346,135.0,3125,3088,ce434629d3484ce495a73482e054fe33ac6fc25ee2b7c015d104242563100383,3.0,703.0,91.0,False,13198,351,187,-5
default_mode_cell_39_631403,default,mode_cell_39,631403,13551,351,136.0,3125,3088,ce434629d3484ce495a73482e054fe33ac6fc25ee2b7c015d104242563100383,2.8,985.0,121.0,False,13198,351,353,0
default_mode_cell_40_631403,default,mode_cell_40,631403,13306,357,136.0,3125,3088,ce434629d3484ce495a73482e054fe33ac6fc25ee2b7c015d104242563100383,2.9000000000000004,698.0,77.0,False,13198,351,108,6
default_mode_cell_41_631403,default,mode_cell_41,631403,13652,356,136.0,3125,3088,ce434629d3484ce495a73482e054fe33ac6fc25ee2b7c015d104242563100383,3.1000000000000005,1216.0,200.0,False,13198,351,454,5
default_mode_cell_42_631403,default,mode_cell_42,631403,13198,351,136.0,3125,3088,ce434629d3484ce495a73482e054fe33ac6fc25ee2b7c015d104242563100383,3.1000000000000005,0.0,0.0,True,13198,351,0,0
default_mode_cell_43_631403,default,mode_cell_43,631403,13915,359,136.0,3125,3088,ce434629d3484ce495a73482e054fe33ac6fc25ee2b7c015d104242563100383,3.1000000000000005,1063.0,133.0,False,13198,351,717,8
default_mode_cell_44_631403,default,mode_cell_44,631403,13198,351,136.0,3125,3088,ce434629d3484ce495a73482e054fe33ac6fc25ee2b7c015d104242563100383,3.1000000000000005,0.0,0.0,True,13198,351,0,0
default_mode_cell_45_631403,default,mode_cell_45,631403,13198,351,136.0,3125,3088,ce434629d3484ce495a73482e054fe33ac6fc25ee2b7c015d104242563100383,3.1000000000000005,0.0,0.0,True,13198,351,0,0
default_mode_cell_46_631403,default,mode_cell_46,631403,13189,354,136.0,3125,3088,ce434629d3484ce495a73482e054fe33ac6fc25ee2b7c015d104242563100383,3.2,827.0,114.0,False,13198,351,-9,3
default_mode_cell_47_631403,default,mode_cell_47,631403,14994,349,200.0,3125,3088,ce434629d3484ce495a73482e054fe33ac6fc25ee2b7c015d104242563100383,3.0,2410.0,331.0,False,13198,351,1796,-2
default_mode_cell_48_631403,default,mode_cell_48,631403,13657,358,136.0,3125,3088,ce434629d3484ce495a73482e054fe33ac6fc25ee2b7c015d104242563100383,2.9000000000000004,1025.0,126.0,False,13198,351,459,7
default_mode_cell_49_631403,default,mode_cell_49,631403,13198,351,136.0,3125,3088,ce434629d3484ce495a73482e054fe33ac6fc25ee2b7c015d104242563100383,3.1000000000000005,0.0,0.0,True,13198,351,0,0
default_mode_631404,default,mode,631404,12314,269,200.0,3108,3050,f95218a1ea37745551ca6815bec1fc551432e6125112557ee79f6d520493e2fb,2.9000000000000004,4962.0,1144.0,False,13306,365,-992,-96
default_mode_without_mn9_631404,default,mode_without_mn9,631404,12348,269,202.0,3108,3050,f95218a1ea37745551ca6815bec1fc551432e6125112557ee79f6d520493e2fb,2.9000000000000004,4958.0,1120.0,False,13306,365,-958,-96
default_mn9_only_631404,default,mn9_only,631404,13241,364,136.0,3108,3050,f95218a1ea37745551ca6815bec1fc551432e6125112557ee79f6d520493e2fb,3.1000000000000005,727.0,89.0,False,13306,365,-65,-1
default_motor_003_631404,default,motor_003,631404,11943,340,137.0,3108,3050,f95218a1ea37745551ca6815bec1fc551432e6125112557ee79f6d520493e2fb,3.2,3013.0,478.0,False,13306,365,-1363,-25
default_motor_004_631404,default,motor_004,631404,11502,339,137.0,3108,3050,f95218a1ea37745551ca6815bec1fc551432e6125112557ee79f6d520493e2fb,3.2,3428.0,615.0,False,13306,365,-1804,-26
default_motor_005_631404,default,motor_005,631404,12135,353,137.0,3108,3050,f95218a1ea37745551ca6815bec1fc551432e6125112557ee79f6d520493e2fb,3.1000000000000005,3161.0,519.0,False,13306,365,-1171,-12
default_mode_cell_00_631404,default,mode_cell_00,631404,11627,330,136.0,3108,3050,f95218a1ea37745551ca6815bec1fc551432e6125112557ee79f6d520493e2fb,3.0,2179.0,411.0,False,13306,365,-1679,-35
default_mode_cell_01_631404,default,mode_cell_01,631404,13306,365,135.0,3108,3050,f95218a1ea37745551ca6815bec1fc551432e6125112557ee79f6d520493e2fb,3.1000000000000005,0.0,0.0,True,13306,365,0,0
default_mode_cell_02_631404,default,mode_cell_02,631404,13306,365,135.0,3108,3050,f95218a1ea37745551ca6815bec1fc551432e6125112557ee79f6d520493e2fb,3.1000000000000005,0.0,0.0,True,13306,365,0,0
default_mode_cell_03_631404,default,mode_cell_03,631404,13339,367,136.0,3108,3050,f95218a1ea37745551ca6815bec1fc551432e6125112557ee79f6d520493e2fb,3.1000000000000005,571.0,78.0,False,13306,365,33,2
default_mode_cell_04_631404,default,mode_cell_04,631404,13306,365,135.0,3108,3050,f95218a1ea37745551ca6815bec1fc551432e6125112557ee79f6d520493e2fb,3.1000000000000005,0.0,0.0,True,13306,365,0,0
default_mode_cell_05_631404,default,mode_cell_05,631404,13306,365,135.0,3108,3050,f95218a1ea37745551ca6815bec1fc551432e6125112557ee79f6d520493e2fb,3.1000000000000005,0.0,0.0,True,13306,365,0,0
default_mode_cell_06_631404,default,mode_cell_06,631404,13245,360,136.0,3108,3050,f95218a1ea37745551ca6815bec1fc551432e6125112557ee79f6d520493e2fb,2.9000000000000004,583.0,80.0,False,13306,365,-61,-5
default_mode_cell_07_631404,default,mode_cell_07,631404,15361,368,137.0,3108,3050,f95218a1ea37745551ca6815bec1fc551432e6125112557ee79f6d520493e2fb,2.9000000000000004,2379.0,460.0,False,13306,365,2055,3
default_mode_cell_08_631404,default,mode_cell_08,631404,12813,334,136.0,3108,3050,f95218a1ea37745551ca6815bec1fc551432e6125112557ee79f6d520493e2fb,3.2,1257.0,202.0,False,13306,365,-493,-31
default_mode_cell_09_631404,default,mode_cell_09,631404,13306,365,135.0,3108,3050,f95218a1ea37745551ca6815bec1fc551432e6125112557ee79f6d520493e2fb,3.1000000000000005,0.0,0.0,True,13306,365,0,0
default_mode_cell_10_631404,default,mode_cell_10,631404,13494,363,136.0,3108,3050,f95218a1ea37745551ca6815bec1fc551432e6125112557ee79f6d520493e2fb,3.1000000000000005,594.0,80.0,False,13306,365,188,-2
default_mode_cell_11_631404,default,mode_cell_11,631404,13306,365,135.0,3108,3050,f95218a1ea37745551ca6815bec1fc551432e6125112557ee79f6d520493e2fb,3.1000000000000005,0.0,0.0,True,13306,365,0,0
default_mode_cell_12_631404,default,mode_cell_12,631404,12948,346,137.0,3108,3050,f95218a1ea37745551ca6815bec1fc551432e6125112557ee79f6d520493e2fb,2.9000000000000004,838.0,124.0,False,13306,365,-358,-19
default_mode_cell_13_631404,default,mode_cell_13,631404,12986,331,136.0,3108,3050,f95218a1ea37745551ca6815bec1fc551432e6125112557ee79f6d520493e2fb,3.0,908.0,112.0,False,13306,365,-320,-34
default_mode_cell_14_631404,default,mode_cell_14,631404,13306,365,135.0,3108,3050,f95218a1ea37745551ca6815bec1fc551432e6125112557ee79f6d520493e2fb,3.1000000000000005,0.0,0.0,True,13306,365,0,0
default_mode_cell_15_631404,default,mode_cell_15,631404,13217,349,137.0,3108,3050,f95218a1ea37745551ca6815bec1fc551432e6125112557ee79f6d520493e2fb,3.1000000000000005,607.0,85.0,False,13306,365,-89,-16
default_mode_cell_16_631404,default,mode_cell_16,631404,13306,365,135.0,3108,3050,f95218a1ea37745551ca6815bec1fc551432e6125112557ee79f6d520493e2fb,3.1000000000000005,0.0,0.0,True,13306,365,0,0
default_mode_cell_17_631404,default,mode_cell_17,631404,13232,372,136.0,3108,3050,f95218a1ea37745551ca6815bec1fc551432e6125112557ee79f6d520493e2fb,3.1000000000000005,798.0,119.0,False,13306,365,-74,7
default_mode_cell_18_631404,default,mode_cell_18,631404,12854,339,137.0,3108,3050,f95218a1ea37745551ca6815bec1fc551432e6125112557ee79f6d520493e2fb,3.1000000000000005,832.0,153.0,False,13306,365,-452,-26
default_mode_cell_19_631404,default,mode_cell_19,631404,13452,346,137.0,3108,3050,f95218a1ea37745551ca6815bec1fc551432e6125112557ee79f6d520493e2fb,2.9000000000000004,890.0,124.0,False,13306,365,146,-19
default_mode_cell_20_631404,default,mode_cell_20,631404,13440,364,137.0,3108,3050,f95218a1ea37745551ca6815bec1fc551432e6125112557ee79f6d520493e2fb,3.0,624.0,81.0,False,13306,365,134,-1
default_mode_cell_21_631404,default,mode_cell_21,631404,13306,365,135.0,3108,3050,f95218a1ea37745551ca6815bec1fc551432e6125112557ee79f6d520493e2fb,3.1000000000000005,0.0,0.0,True,13306,365,0,0
default_mode_cell_22_631404,default,mode_cell_22,631404,13306,365,135.0,3108,3050,f95218a1ea37745551ca6815bec1fc551432e6125112557ee79f6d520493e2fb,3.1000000000000005,0.0,0.0,True,13306,365,0,0
default_mode_cell_23_631404,default,mode_cell_23,631404,13306,365,135.0,3108,3050,f95218a1ea37745551ca6815bec1fc551432e6125112557ee79f6d520493e2fb,3.1000000000000005,0.0,0.0,True,13306,365,0,0
default_mode_cell_24_631404,default,mode_cell_24,631404,11980,319,136.0,3108,3050,f95218a1ea37745551ca6815bec1fc551432e6125112557ee79f6d520493e2fb,2.9000000000000004,2010.0,369.0,False,13306,365,-1326,-46
default_mode_cell_25_631404,default,mode_cell_25,631404,13186,347,136.0,3108,3050,f95218a1ea37745551ca6815bec1fc551432e6125112557ee79f6d520493e2fb,3.1000000000000005,648.0,92.0,False,13306,365,-120,-18
default_mode_cell_26_631404,default,mode_cell_26,631404,13306,365,135.0,3108,3050,f95218a1ea37745551ca6815bec1fc551432e6125112557ee79f6d520493e2fb,3.1000000000000005,0.0,0.0,True,13306,365,0,0
default_mode_cell_27_631404,default,mode_cell_27,631404,13306,365,135.0,3108,3050,f95218a1ea37745551ca6815bec1fc551432e6125112557ee79f6d520493e2fb,3.1000000000000005,0.0,0.0,True,13306,365,0,0
default_mode_cell_28_631404,default,mode_cell_28,631404,13306,365,135.0,3108,3050,f95218a1ea37745551ca6815bec1fc551432e6125112557ee79f6d520493e2fb,3.1000000000000005,0.0,0.0,True,13306,365,0,0
default_mode_cell_29_631404,default,mode_cell_29,631404,13306,365,135.0,3108,3050,f95218a1ea37745551ca6815bec1fc551432e6125112557ee79f6d520493e2fb,3.1000000000000005,0.0,0.0,True,13306,365,0,0
default_mode_cell_30_631404,default,mode_cell_30,631404,13328,358,136.0,3108,3050,f95218a1ea37745551ca6815bec1fc551432e6125112557ee79f6d520493e2fb,3.0,548.0,68.0,False,13306,365,22,-7
default_mode_cell_31_631404,default,mode_cell_31,631404,13546,354,136.0,3108,3050,f95218a1ea37745551ca6815bec1fc551432e6125112557ee79f6d520493e2fb,3.1000000000000005,688.0,80.0,False,13306,365,240,-11
default_mode_cell_32_631404,default,mode_cell_32,631404,13100,347,136.0,3108,3050,f95218a1ea37745551ca6815bec1fc551432e6125112557ee79f6d520493e2fb,3.0,680.0,92.0,False,13306,365,-206,-18
default_mode_cell_33_631404,default,mode_cell_33,631404,13306,365,135.0,3108,3050,f95218a1ea37745551ca6815bec1fc551432e6125112557ee79f6d520493e2fb,3.1000000000000005,0.0,0.0,True,13306,365,0,0
default_mode_cell_34_631404,default,mode_cell_34,631404,13306,365,135.0,3108,3050,f95218a1ea37745551ca6815bec1fc551432e6125112557ee79f6d520493e2fb,3.1000000000000005,0.0,0.0,True,13306,365,0,0
default_mode_cell_35_631404,default,mode_cell_35,631404,13306,365,135.0,3108,3050,f95218a1ea37745551ca6815bec1fc551432e6125112557ee79f6d520493e2fb,3.1000000000000005,0.0,0.0,True,13306,365,0,0
default_mode_cell_36_631404,default,mode_cell_36,631404,13377,349,135.0,3108,3050,f95218a1ea37745551ca6815bec1fc551432e6125112557ee79f6d520493e2fb,3.1000000000000005,631.0,78.0,False,13306,365,71,-16
default_mode_cell_37_631404,default,mode_cell_37,631404,13528,371,136.0,3108,3050,f95218a1ea37745551ca6815bec1fc551432e6125112557ee79f6d520493e2fb,3.0,662.0,91.0,False,13306,365,222,6
default_mode_cell_38_631404,default,mode_cell_38,631404,13695,351,137.0,3108,3050,f95218a1ea37745551ca6815bec1fc551432e6125112557ee79f6d520493e2fb,3.0,725.0,67.0,False,13306,365,389,-14
default_mode_cell_39_631404,default,mode_cell_39,631404,13076,358,136.0,3108,3050,f95218a1ea37745551ca6815bec1fc551432e6125112557ee79f6d520493e2fb,3.0,794.0,117.0,False,13306,365,-230,-7
default_mode_cell_40_631404,default,mode_cell_40,631404,13504,368,137.0,3108,3050,f95218a1ea37745551ca6815bec1fc551432e6125112557ee79f6d520493e2fb,3.1000000000000005,666.0,81.0,False,13306,365,198,3
default_mode_cell_41_631404,default,mode_cell_41,631404,13440,364,137.0,3108,3050,f95218a1ea37745551ca6815bec1fc551432e6125112557ee79f6d520493e2fb,3.1000000000000005,946.0,138.0,False,13306,365,134,-1
default_mode_cell_42_631404,default,mode_cell_42,631404,13306,365,135.0,3108,3050,f95218a1ea37745551ca6815bec1fc551432e6125112557ee79f6d520493e2fb,3.1000000000000005,0.0,0.0,True,13306,365,0,0
default_mode_cell_43_631404,default,mode_cell_43,631404,13044,346,136.0,3108,3050,f95218a1ea37745551ca6815bec1fc551432e6125112557ee79f6d520493e2fb,3.1000000000000005,684.0,118.0,False,13306,365,-262,-19
default_mode_cell_44_631404,default,mode_cell_44,631404,13306,365,135.0,3108,3050,f95218a1ea37745551ca6815bec1fc551432e6125112557ee79f6d520493e2fb,3.1000000000000005,0.0,0.0,True,13306,365,0,0
default_mode_cell_45_631404,default,mode_cell_45,631404,13306,365,135.0,3108,3050,f95218a1ea37745551ca6815bec1fc551432e6125112557ee79f6d520493e2fb,3.1000000000000005,0.0,0.0,True,13306,365,0,0
default_mode_cell_46_631404,default,mode_cell_46,631404,13346,360,136.0,3108,3050,f95218a1ea37745551ca6815bec1fc551432e6125112557ee79f6d520493e2fb,3.1000000000000005,414.0,64.0,False,13306,365,40,-5
default_mode_cell_47_631404,default,mode_cell_47,631404,15356,360,202.0,3108,3050,f95218a1ea37745551ca6815bec1fc551432e6125112557ee79f6d520493e2fb,3.0,2408.0,304.0,False,13306,365,2050,-5
default_mode_cell_48_631404,default,mode_cell_48,631404,13185,366,136.0,3108,3050,f95218a1ea37745551ca6815bec1fc551432e6125112557ee79f6d520493e2fb,3.0,605.0,90.0,False,13306,365,-121,1
default_mode_cell_49_631404,default,mode_cell_49,631404,13306,365,135.0,3108,3050,f95218a1ea37745551ca6815bec1fc551432e6125112557ee79f6d520493e2fb,3.1000000000000005,0.0,0.0,True,13306,365,0,0
default_mode_631405,default,mode,631405,12563,271,203.0,3129,3075,36e28093cf09c4bf4c1c02102fdc1b3f219da0d4b16c463306c0193d088d5804,3.0,5325.0,1213.0,False,13334,344,-771,-73
default_mode_without_mn9_631405,default,mode_without_mn9,631405,12537,272,200.0,3129,3075,36e28093cf09c4bf4c1c02102fdc1b3f219da0d4b16c463306c0193d088d5804,2.8,5149.0,1173.0,False,13334,344,-797,-72
default_mn9_only_631405,default,mn9_only,631405,13765,354,141.0,3129,3075,36e28093cf09c4bf4c1c02102fdc1b3f219da0d4b16c463306c0193d088d5804,3.0,919.0,116.0,False,13334,344,431,10
default_motor_003_631405,default,motor_003,631405,11975,353,140.0,3129,3075,36e28093cf09c4bf4c1c02102fdc1b3f219da0d4b16c463306c0193d088d5804,3.9,3189.0,563.0,False,13334,344,-1359,9
default_motor_004_631405,default,motor_004,631405,12148,343,141.0,3129,3075,36e28093cf09c4bf4c1c02102fdc1b3f219da0d4b16c463306c0193d088d5804,3.3,3214.0,510.0,False,13334,344,-1186,-1
default_motor_005_631405,default,motor_005,631405,12557,353,140.0,3129,3075,36e28093cf09c4bf4c1c02102fdc1b3f219da0d4b16c463306c0193d088d5804,3.7,3299.0,532.0,False,13334,344,-777,9
default_mode_cell_00_631405,default,mode_cell_00,631405,11767,328,141.0,3129,3075,36e28093cf09c4bf4c1c02102fdc1b3f219da0d4b16c463306c0193d088d5804,3.2,2101.0,419.0,False,13334,344,-1567,-16
default_mode_cell_01_631405,default,mode_cell_01,631405,13334,344,142.0,3129,3075,36e28093cf09c4bf4c1c02102fdc1b3f219da0d4b16c463306c0193d088d5804,3.1000000000000005,0.0,0.0,True,13334,344,0,0
default_mode_cell_02_631405,default,mode_cell_02,631405,13334,344,142.0,3129,3075,36e28093cf09c4bf4c1c02102fdc1b3f219da0d4b16c463306c0193d088d5804,3.1000000000000005,0.0,0.0,True,13334,344,0,0
default_mode_cell_03_631405,default,mode_cell_03,631405,13736,351,140.0,3129,3075,36e28093cf09c4bf4c1c02102fdc1b3f219da0d4b16c463306c0193d088d5804,3.2,782.0,129.0,False,13334,344,402,7
default_mode_cell_04_631405,default,mode_cell_04,631405,13334,344,142.0,3129,3075,36e28093cf09c4bf4c1c02102fdc1b3f219da0d4b16c463306c0193d088d5804,3.1000000000000005,0.0,0.0,True,13334,344,0,0
default_mode_cell_05_631405,default,mode_cell_05,631405,13334,344,142.0,3129,3075,36e28093cf09c4bf4c1c02102fdc1b3f219da0d4b16c463306c0193d088d5804,3.1000000000000005,0.0,0.0,True,13334,344,0,0
default_mode_cell_06_631405,default,mode_cell_06,631405,13280,356,142.0,3129,3075,36e28093cf09c4bf4c1c02102fdc1b3f219da0d4b16c463306c0193d088d5804,3.0,540.0,85.0,False,13334,344,-54,12
default_mode_cell_07_631405,default,mode_cell_07,631405,15381,364,140.0,3129,3075,36e28093cf09c4bf4c1c02102fdc1b3f219da0d4b16c463306c0193d088d5804,3.0,2395.0,423.0,False,13334,344,2047,20
default_mode_cell_08_631405,default,mode_cell_08,631405,13515,353,141.0,3129,3075,36e28093cf09c4bf4c1c02102fdc1b3f219da0d4b16c463306c0193d088d5804,3.1000000000000005,901.0,132.0,False,13334,344,181,9
default_mode_cell_09_631405,default,mode_cell_09,631405,13334,344,142.0,3129,3075,36e28093cf09c4bf4c1c02102fdc1b3f219da0d4b16c463306c0193d088d5804,3.1000000000000005,0.0,0.0,True,13334,344,0,0
default_mode_cell_10_631405,default,mode_cell_10,631405,13794,353,141.0,3129,3075,36e28093cf09c4bf4c1c02102fdc1b3f219da0d4b16c463306c0193d088d5804,3.1000000000000005,818.0,103.0,False,13334,344,460,9
default_mode_cell_11_631405,default,mode_cell_11,631405,13334,344,142.0,3129,3075,36e28093cf09c4bf4c1c02102fdc1b3f219da0d4b16c463306c0193d088d5804,3.1000000000000005,0.0,0.0,True,13334,344,0,0
default_mode_cell_12_631405,default,mode_cell_12,631405,13165,349,142.0,3129,3075,36e28093cf09c4bf4c1c02102fdc1b3f219da0d4b16c463306c0193d088d5804,2.9000000000000004,717.0,105.0,False,13334,344,-169,5
default_mode_cell_13_631405,default,mode_cell_13,631405,13158,331,141.0,3129,3075,36e28093cf09c4bf4c1c02102fdc1b3f219da0d4b16c463306c0193d088d5804,3.0,1066.0,156.0,False,13334,344,-176,-13
default_mode_cell_14_631405,default,mode_cell_14,631405,13334,344,142.0,3129,3075,36e28093cf09c4bf4c1c02102fdc1b3f219da0d4b16c463306c0193d088d5804,3.1000000000000005,0.0,0.0,True,13334,344,0,0
default_mode_cell_15_631405,default,mode_cell_15,631405,13174,342,141.0,3129,3075,36e28093cf09c4bf4c1c02102fdc1b3f219da0d4b16c463306c0193d088d5804,3.2,760.0,131.0,False,13334,344,-160,-2
default_mode_cell_16_631405,default,mode_cell_16,631405,13334,344,142.0,3129,3075,36e28093cf09c4bf4c1c02102fdc1b3f219da0d4b16c463306c0193d088d5804,3.1000000000000005,0.0,0.0,True,13334,344,0,0
default_mode_cell_17_631405,default,mode_cell_17,631405,13330,362,142.0,3129,3075,36e28093cf09c4bf4c1c02102fdc1b3f219da0d4b16c463306c0193d088d5804,2.8,744.0,146.0,False,13334,344,-4,18
default_mode_cell_18_631405,default,mode_cell_18,631405,13694,352,140.0,3129,3075,36e28093cf09c4bf4c1c02102fdc1b3f219da0d4b16c463306c0193d088d5804,3.1000000000000005,980.0,134.0,False,13334,344,360,8
default_mode_cell_19_631405,default,mode_cell_19,631405,13722,370,140.0,3129,3075,36e28093cf09c4bf4c1c02102fdc1b3f219da0d4b16c463306c0193d088d5804,3.2,1036.0,136.0,False,13334,344,388,26
default_mode_cell_20_631405,default,mode_cell_20,631405,13452,362,142.0,3129,3075,36e28093cf09c4bf4c1c02102fdc1b3f219da0d4b16c463306c0193d088d5804,3.4000000000000004,652.0,99.0,False,13334,344,118,18
default_mode_cell_21_631405,default,mode_cell_21,631405,13334,344,142.0,3129,3075,36e28093cf09c4bf4c1c02102fdc1b3f219da0d4b16c463306c0193d088d5804,3.1000000000000005,0.0,0.0,True,13334,344,0,0
default_mode_cell_22_631405,default,mode_cell_22,631405,13334,344,142.0,3129,3075,36e28093cf09c4bf4c1c02102fdc1b3f219da0d4b16c463306c0193d088d5804,3.1000000000000005,0.0,0.0,True,13334,344,0,0
default_mode_cell_23_631405,default,mode_cell_23,631405,13334,344,142.0,3129,3075,36e28093cf09c4bf4c1c02102fdc1b3f219da0d4b16c463306c0193d088d5804,3.1000000000000005,0.0,0.0,True,13334,344,0,0
default_mode_cell_24_631405,default,mode_cell_24,631405,12436,317,141.0,3129,3075,36e28093cf09c4bf4c1c02102fdc1b3f219da0d4b16c463306c0193d088d5804,2.9000000000000004,1732.0,326.0,False,13334,344,-898,-27
default_mode_cell_25_631405,default,mode_cell_25,631405,13565,361,141.0,3129,3075,36e28093cf09c4bf4c1c02102fdc1b3f219da0d4b16c463306c0193d088d5804,3.0,599.0,71.0,False,13334,344,231,17
default_mode_cell_26_631405,default,mode_cell_26,631405,13334,344,142.0,3129,3075,36e28093cf09c4bf4c1c02102fdc1b3f219da0d4b16c463306c0193d088d5804,3.1000000000000005,0.0,0.0,True,13334,344,0,0
default_mode_cell_27_631405,default,mode_cell_27,631405,13334,344,142.0,3129,3075,36e28093cf09c4bf4c1c02102fdc1b3f219da0d4b16c463306c0193d088d5804,3.1000000000000005,0.0,0.0,True,13334,344,0,0
default_mode_cell_28_631405,default,mode_cell_28,631405,13334,344,142.0,3129,3075,36e28093cf09c4bf4c1c02102fdc1b3f219da0d4b16c463306c0193d088d5804,3.1000000000000005,0.0,0.0,True,13334,344,0,0
default_mode_cell_29_631405,default,mode_cell_29,631405,13334,344,142.0,3129,3075,36e28093cf09c4bf4c1c02102fdc1b3f219da0d4b16c463306c0193d088d5804,3.1000000000000005,0.0,0.0,True,13334,344,0,0
default_mode_cell_30_631405,default,mode_cell_30,631405,13870,349,141.0,3129,3075,36e28093cf09c4bf4c1c02102fdc1b3f219da0d4b16c463306c0193d088d5804,3.1000000000000005,886.0,122.0,False,13334,344,536,5
default_mode_cell_31_631405,default,mode_cell_31,631405,13462,348,142.0,3129,3075,36e28093cf09c4bf4c1c02102fdc1b3f219da0d4b16c463306c0193d088d5804,3.0,682.0,70.0,False,13334,344,128,4
default_mode_cell_32_631405,default,mode_cell_32,631405,13580,361,140.0,3129,3075,36e28093cf09c4bf4c1c02102fdc1b3f219da0d4b16c463306c0193d088d5804,3.1000000000000005,638.0,85.0,False,13334,344,246,17
default_mode_cell_33_631405,default,mode_cell_33,631405,13334,344,142.0,3129,3075,36e28093cf09c4bf4c1c02102fdc1b3f219da0d4b16c463306c0193d088d5804,3.1000000000000005,0.0,0.0,True,13334,344,0,0
default_mode_cell_34_631405,default,mode_cell_34,631405,13334,344,142.0,3129,3075,36e28093cf09c4bf4c1c02102fdc1b3f219da0d4b16c463306c0193d088d5804,3.1000000000000005,0.0,0.0,True,13334,344,0,0
default_mode_cell_35_631405,default,mode_cell_35,631405,13334,344,142.0,3129,3075,36e28093cf09c4bf4c1c02102fdc1b3f219da0d4b16c463306c0193d088d5804,3.1000000000000005,0.0,0.0,True,13334,344,0,0
default_mode_cell_36_631405,default,mode_cell_36,631405,13674,369,142.0,3129,3075,36e28093cf09c4bf4c1c02102fdc1b3f219da0d4b16c463306c0193d088d5804,3.0,670.0,109.0,False,13334,344,340,25
default_mode_cell_37_631405,default,mode_cell_37,631405,13443,354,140.0,3129,3075,36e28093cf09c4bf4c1c02102fdc1b3f219da0d4b16c463306c0193d088d5804,3.1000000000000005,577.0,93.0,False,13334,344,109,10
default_mode_cell_38_631405,default,mode_cell_38,631405,13425,358,141.0,3129,3075,36e28093cf09c4bf4c1c02102fdc1b3f219da0d4b16c463306c0193d088d5804,3.0,801.0,129.0,False,13334,344,91,14
default_mode_cell_39_631405,default,mode_cell_39,631405,13770,361,141.0,3129,3075,36e28093cf09c4bf4c1c02102fdc1b3f219da0d4b16c463306c0193d088d5804,3.1000000000000005,776.0,121.0,False,13334,344,436,17
default_mode_cell_40_631405,default,mode_cell_40,631405,13610,352,141.0,3129,3075,36e28093cf09c4bf4c1c02102fdc1b3f219da0d4b16c463306c0193d088d5804,2.9000000000000004,842.0,120.0,False,13334,344,276,8
default_mode_cell_41_631405,default,mode_cell_41,631405,13816,349,140.0,3129,3075,36e28093cf09c4bf4c1c02102fdc1b3f219da0d4b16c463306c0193d088d5804,3.0,1126.0,192.0,False,13334,344,482,5
default_mode_cell_42_631405,default,mode_cell_42,631405,13334,344,142.0,3129,3075,36e28093cf09c4bf4c1c02102fdc1b3f219da0d4b16c463306c0193d088d5804,3.1000000000000005,0.0,0.0,True,13334,344,0,0
default_mode_cell_43_631405,default,mode_cell_43,631405,13517,358,141.0,3129,3075,36e28093cf09c4bf4c1c02102fdc1b3f219da0d4b16c463306c0193d088d5804,2.8,581.0,69.0,False,13334,344,183,14
default_mode_cell_44_631405,default,mode_cell_44,631405,13334,344,142.0,3129,3075,36e28093cf09c4bf4c1c02102fdc1b3f219da0d4b16c463306c0193d088d5804,3.1000000000000005,0.0,0.0,True,13334,344,0,0
default_mode_cell_45_631405,default,mode_cell_45,631405,13334,344,142.0,3129,3075,36e28093cf09c4bf4c1c02102fdc1b3f219da0d4b16c463306c0193d088d5804,3.1000000000000005,0.0,0.0,True,13334,344,0,0
default_mode_cell_46_631405,default,mode_cell_46,631405,13461,348,142.0,3129,3075,36e28093cf09c4bf4c1c02102fdc1b3f219da0d4b16c463306c0193d088d5804,3.1000000000000005,439.0,38.0,False,13334,344,127,4
default_mode_cell_47_631405,default,mode_cell_47,631405,15211,350,209.0,3129,3075,36e28093cf09c4bf4c1c02102fdc1b3f219da0d4b16c463306c0193d088d5804,2.9000000000000004,2415.0,333.0,False,13334,344,1877,6
default_mode_cell_48_631405,default,mode_cell_48,631405,12952,343,142.0,3129,3075,36e28093cf09c4bf4c1c02102fdc1b3f219da0d4b16c463306c0193d088d5804,3.1000000000000005,700.0,127.0,False,13334,344,-382,-1
default_mode_cell_49_631405,default,mode_cell_49,631405,13334,344,142.0,3129,3075,36e28093cf09c4bf4c1c02102fdc1b3f219da0d4b16c463306c0193d088d5804,3.1000000000000005,0.0,0.0,True,13334,344,0,0
default_mode_631406,default,mode,631406,12618,273,199.0,3140,3098,0863e7b24dfaae64071a8059c2628849bec7706d10bff82c1fb11d9bde965e8e,3.0,4867.0,1088.0,False,13489,351,-871,-78
default_mode_without_mn9_631406,default,mode_without_mn9,631406,12570,263,207.0,3140,3098,0863e7b24dfaae64071a8059c2628849bec7706d10bff82c1fb11d9bde965e8e,3.0,4915.0,1091.0,False,13489,351,-919,-88
default_mn9_only_631406,default,mn9_only,631406,13101,360,139.0,3140,3098,0863e7b24dfaae64071a8059c2628849bec7706d10bff82c1fb11d9bde965e8e,3.1000000000000005,762.0,105.0,False,13489,351,-388,9
default_motor_003_631406,default,motor_003,631406,12662,369,138.0,3140,3098,0863e7b24dfaae64071a8059c2628849bec7706d10bff82c1fb11d9bde965e8e,3.3,3179.0,548.0,False,13489,351,-827,18
default_motor_004_631406,default,motor_004,631406,12038,354,138.0,3140,3098,0863e7b24dfaae64071a8059c2628849bec7706d10bff82c1fb11d9bde965e8e,3.4000000000000004,3151.0,528.0,False,13489,351,-1451,3
default_motor_005_631406,default,motor_005,631406,11953,354,138.0,3140,3098,0863e7b24dfaae64071a8059c2628849bec7706d10bff82c1fb11d9bde965e8e,3.4000000000000004,3290.0,547.0,False,13489,351,-1536,3
default_mode_cell_00_631406,default,mode_cell_00,631406,12210,355,139.0,3140,3098,0863e7b24dfaae64071a8059c2628849bec7706d10bff82c1fb11d9bde965e8e,3.1000000000000005,1899.0,374.0,False,13489,351,-1279,4
default_mode_cell_01_631406,default,mode_cell_01,631406,13489,351,138.0,3140,3098,0863e7b24dfaae64071a8059c2628849bec7706d10bff82c1fb11d9bde965e8e,3.1000000000000005,0.0,0.0,True,13489,351,0,0
default_mode_cell_02_631406,default,mode_cell_02,631406,13489,351,138.0,3140,3098,0863e7b24dfaae64071a8059c2628849bec7706d10bff82c1fb11d9bde965e8e,3.1000000000000005,0.0,0.0,True,13489,351,0,0
default_mode_cell_03_631406,default,mode_cell_03,631406,14064,368,139.0,3140,3098,0863e7b24dfaae64071a8059c2628849bec7706d10bff82c1fb11d9bde965e8e,3.0,911.0,177.0,False,13489,351,575,17
default_mode_cell_04_631406,default,mode_cell_04,631406,13489,351,138.0,3140,3098,0863e7b24dfaae64071a8059c2628849bec7706d10bff82c1fb11d9bde965e8e,3.1000000000000005,0.0,0.0,True,13489,351,0,0
default_mode_cell_05_631406,default,mode_cell_05,631406,13489,351,138.0,3140,3098,0863e7b24dfaae64071a8059c2628849bec7706d10bff82c1fb11d9bde965e8e,3.1000000000000005,0.0,0.0,True,13489,351,0,0
default_mode_cell_06_631406,default,mode_cell_06,631406,13406,352,139.0,3140,3098,0863e7b24dfaae64071a8059c2628849bec7706d10bff82c1fb11d9bde965e8e,3.0,571.0,88.0,False,13489,351,-83,1
default_mode_cell_07_631406,default,mode_cell_07,631406,15409,373,139.0,3140,3098,0863e7b24dfaae64071a8059c2628849bec7706d10bff82c1fb11d9bde965e8e,2.8,2270.0,397.0,False,13489,351,1920,22
default_mode_cell_08_631406,default,mode_cell_08,631406,12971,346,138.0,3140,3098,0863e7b24dfaae64071a8059c2628849bec7706d10bff82c1fb11d9bde965e8e,3.0,990.0,168.0,False,13489,351,-518,-5
default_mode_cell_09_631406,default,mode_cell_09,631406,13489,351,138.0,3140,3098,0863e7b24dfaae64071a8059c2628849bec7706d10bff82c1fb11d9bde965e8e,3.1000000000000005,0.0,0.0,True,13489,351,0,0
default_mode_cell_10_631406,default,mode_cell_10,631406,13485,353,138.0,3140,3098,0863e7b24dfaae64071a8059c2628849bec7706d10bff82c1fb11d9bde965e8e,2.9000000000000004,694.0,94.0,False,13489,351,-4,2
default_mode_cell_11_631406,default,mode_cell_11,631406,13489,351,138.0,3140,3098,0863e7b24dfaae64071a8059c2628849bec7706d10bff82c1fb11d9bde965e8e,3.1000000000000005,0.0,0.0,True,13489,351,0,0
default_mode_cell_12_631406,default,mode_cell_12,631406,13444,341,139.0,3140,3098,0863e7b24dfaae64071a8059c2628849bec7706d10bff82c1fb11d9bde965e8e,3.1000000000000005,733.0,150.0,False,13489,351,-45,-10
default_mode_cell_13_631406,default,mode_cell_13,631406,12706,343,138.0,3140,3098,0863e7b24dfaae64071a8059c2628849bec7706d10bff82c1fb11d9bde965e8e,2.8,1155.0,181.0,False,13489,351,-783,-8
default_mode_cell_14_631406,default,mode_cell_14,631406,13489,351,138.0,3140,3098,0863e7b24dfaae64071a8059c2628849bec7706d10bff82c1fb11d9bde965e8e,3.1000000000000005,0.0,0.0,True,13489,351,0,0
default_mode_cell_15_631406,default,mode_cell_15,631406,13384,367,139.0,3140,3098,0863e7b24dfaae64071a8059c2628849bec7706d10bff82c1fb11d9bde965e8e,3.1000000000000005,689.0,92.0,False,13489,351,-105,16
default_mode_cell_16_631406,default,mode_cell_16,631406,13489,351,138.0,3140,3098,0863e7b24dfaae64071a8059c2628849bec7706d10bff82c1fb11d9bde965e8e,3.1000000000000005,0.0,0.0,True,13489,351,0,0
default_mode_cell_17_631406,default,mode_cell_17,631406,13543,358,139.0,3140,3098,0863e7b24dfaae64071a8059c2628849bec7706d10bff82c1fb11d9bde965e8e,3.0,788.0,144.0,False,13489,351,54,7
default_mode_cell_18_631406,default,mode_cell_18,631406,13290,348,139.0,3140,3098,0863e7b24dfaae64071a8059c2628849bec7706d10bff82c1fb11d9bde965e8e,3.1000000000000005,773.0,123.0,False,13489,351,-199,-3
default_mode_cell_19_631406,default,mode_cell_19,631406,14193,354,138.0,3140,3098,0863e7b24dfaae64071a8059c2628849bec7706d10bff82c1fb11d9bde965e8e,3.0,1102.0,196.0,False,13489,351,704,3
default_mode_cell_20_631406,default,mode_cell_20,631406,13980,354,138.0,3140,3098,0863e7b24dfaae64071a8059c2628849bec7706d10bff82c1fb11d9bde965e8e,3.0,807.0,142.0,False,13489,351,491,3
default_mode_cell_21_631406,default,mode_cell_21,631406,13489,351,138.0,3140,3098,0863e7b24dfaae64071a8059c2628849bec7706d10bff82c1fb11d9bde965e8e,3.1000000000000005,0.0,0.0,True,13489,351,0,0
default_mode_cell_22_631406,default,mode_cell_22,631406,13489,351,138.0,3140,3098,0863e7b24dfaae64071a8059c2628849bec7706d10bff82c1fb11d9bde965e8e,3.1000000000000005,0.0,0.0,True,13489,351,0,0
default_mode_cell_23_631406,default,mode_cell_23,631406,13489,351,138.0,3140,3098,0863e7b24dfaae64071a8059c2628849bec7706d10bff82c1fb11d9bde965e8e,3.1000000000000005,0.0,0.0,True,13489,351,0,0
default_mode_cell_24_631406,default,mode_cell_24,631406,12202,328,138.0,3140,3098,0863e7b24dfaae64071a8059c2628849bec7706d10bff82c1fb11d9bde965e8e,2.8,2025.0,333.0,False,13489,351,-1287,-23
default_mode_cell_25_631406,default,mode_cell_25,631406,13526,363,139.0,3140,3098,0863e7b24dfaae64071a8059c2628849bec7706d10bff82c1fb11d9bde965e8e,2.8,753.0,132.0,False,13489,351,37,12
default_mode_cell_26_631406,default,mode_cell_26,631406,13489,351,138.0,3140,3098,0863e7b24dfaae64071a8059c2628849bec7706d10bff82c1fb11d9bde965e8e,3.1000000000000005,0.0,0.0,True,13489,351,0,0
default_mode_cell_27_631406,default,mode_cell_27,631406,13489,351,138.0,3140,3098,0863e7b24dfaae64071a8059c2628849bec7706d10bff82c1fb11d9bde965e8e,3.1000000000000005,0.0,0.0,True,13489,351,0,0
default_mode_cell_28_631406,default,mode_cell_28,631406,13489,351,138.0,3140,3098,0863e7b24dfaae64071a8059c2628849bec7706d10bff82c1fb11d9bde965e8e,3.1000000000000005,0.0,0.0,True,13489,351,0,0
default_mode_cell_29_631406,default,mode_cell_29,631406,13489,351,138.0,3140,3098,0863e7b24dfaae64071a8059c2628849bec7706d10bff82c1fb11d9bde965e8e,3.1000000000000005,0.0,0.0,True,13489,351,0,0
default_mode_cell_30_631406,default,mode_cell_30,631406,13641,359,139.0,3140,3098,0863e7b24dfaae64071a8059c2628849bec7706d10bff82c1fb11d9bde965e8e,3.0,666.0,121.0,False,13489,351,152,8
default_mode_cell_31_631406,default,mode_cell_31,631406,13524,352,139.0,3140,3098,0863e7b24dfaae64071a8059c2628849bec7706d10bff82c1fb11d9bde965e8e,2.9000000000000004,669.0,102.0,False,13489,351,35,1
default_mode_cell_32_631406,default,mode_cell_32,631406,13503,342,138.0,3140,3098,0863e7b24dfaae64071a8059c2628849bec7706d10bff82c1fb11d9bde965e8e,3.0,634.0,83.0,False,13489,351,14,-9
default_mode_cell_33_631406,default,mode_cell_33,631406,13489,351,138.0,3140,3098,0863e7b24dfaae64071a8059c2628849bec7706d10bff82c1fb11d9bde965e8e,3.1000000000000005,0.0,0.0,True,13489,351,0,0
default_mode_cell_34_631406,default,mode_cell_34,631406,13489,351,138.0,3140,3098,0863e7b24dfaae64071a8059c2628849bec7706d10bff82c1fb11d9bde965e8e,3.1000000000000005,0.0,0.0,True,13489,351,0,0
default_mode_cell_35_631406,default,mode_cell_35,631406,13489,351,138.0,3140,3098,0863e7b24dfaae64071a8059c2628849bec7706d10bff82c1fb11d9bde965e8e,3.1000000000000005,0.0,0.0,True,13489,351,0,0
default_mode_cell_36_631406,default,mode_cell_36,631406,13735,361,138.0,3140,3098,0863e7b24dfaae64071a8059c2628849bec7706d10bff82c1fb11d9bde965e8e,3.1000000000000005,658.0,103.0,False,13489,351,246,10
default_mode_cell_37_631406,default,mode_cell_37,631406,13515,360,138.0,3140,3098,0863e7b24dfaae64071a8059c2628849bec7706d10bff82c1fb11d9bde965e8e,3.1000000000000005,630.0,100.0,False,13489,351,26,9
default_mode_cell_38_631406,default,mode_cell_38,631406,13237,358,139.0,3140,3098,0863e7b24dfaae64071a8059c2628849bec7706d10bff82c1fb11d9bde965e8e,3.1000000000000005,654.0,87.0,False,13489,351,-252,7
default_mode_cell_39_631406,default,mode_cell_39,631406,13538,350,139.0,3140,3098,0863e7b24dfaae64071a8059c2628849bec7706d10bff82c1fb11d9bde965e8e,3.0,613.0,67.0,False,13489,351,49,-1
default_mode_cell_40_631406,default,mode_cell_40,631406,13187,361,139.0,3140,3098,0863e7b24dfaae64071a8059c2628849bec7706d10bff82c1fb11d9bde965e8e,3.1000000000000005,680.0,89.0,False,13489,351,-302,10
default_mode_cell_41_631406,default,mode_cell_41,631406,13950,362,139.0,3140,3097,0863e7b24dfaae64071a8059c2628849bec7706d10bff82c1fb11d9bde965e8e,3.1000000000000005,1077.0,201.0,False,13489,351,461,11
default_mode_cell_42_631406,default,mode_cell_42,631406,13489,351,138.0,3140,3098,0863e7b24dfaae64071a8059c2628849bec7706d10bff82c1fb11d9bde965e8e,3.1000000000000005,0.0,0.0,True,13489,351,0,0
default_mode_cell_43_631406,default,mode_cell_43,631406,13226,352,138.0,3140,3098,0863e7b24dfaae64071a8059c2628849bec7706d10bff82c1fb11d9bde965e8e,3.0,623.0,87.0,False,13489,351,-263,1
default_mode_cell_44_631406,default,mode_cell_44,631406,13489,351,138.0,3140,3098,0863e7b24dfaae64071a8059c2628849bec7706d10bff82c1fb11d9bde965e8e,3.1000000000000005,0.0,0.0,True,13489,351,0,0
default_mode_cell_45_631406,default,mode_cell_45,631406,13489,351,138.0,3140,3098,0863e7b24dfaae64071a8059c2628849bec7706d10bff82c1fb11d9bde965e8e,3.1000000000000005,0.0,0.0,True,13489,351,0,0
default_mode_cell_46_631406,default,mode_cell_46,631406,13416,342,138.0,3140,3098,0863e7b24dfaae64071a8059c2628849bec7706d10bff82c1fb11d9bde965e8e,2.9000000000000004,457.0,64.0,False,13489,351,-73,-9
default_mode_cell_47_631406,default,mode_cell_47,631406,15041,348,205.0,3140,3098,0863e7b24dfaae64071a8059c2628849bec7706d10bff82c1fb11d9bde965e8e,3.0,2148.0,324.0,False,13489,351,1552,-3
default_mode_cell_48_631406,default,mode_cell_48,631406,13505,351,139.0,3140,3098,0863e7b24dfaae64071a8059c2628849bec7706d10bff82c1fb11d9bde965e8e,3.1000000000000005,568.0,93.0,False,13489,351,16,0
default_mode_cell_49_631406,default,mode_cell_49,631406,13489,351,138.0,3140,3098,0863e7b24dfaae64071a8059c2628849bec7706d10bff82c1fb11d9bde965e8e,3.1000000000000005,0.0,0.0,True,13489,351,0,0
default_mode_631407,default,mode,631407,12289,260,195.0,3078,3032,603c4b79b2112ccc7962759aca718cc6b7554ee1d572ac83aac65f335ad40c87,2.8,4708.0,1095.0,False,13527,352,-1238,-92
default_mode_without_mn9_631407,default,mode_without_mn9,631407,12274,271,200.0,3078,3032,603c4b79b2112ccc7962759aca718cc6b7554ee1d572ac83aac65f335ad40c87,3.0,4849.0,1124.0,False,13527,352,-1253,-81
default_mn9_only_631407,default,mn9_only,631407,13177,342,139.0,3078,3032,603c4b79b2112ccc7962759aca718cc6b7554ee1d572ac83aac65f335ad40c87,3.2,700.0,83.0,False,13527,352,-350,-10
default_motor_003_631407,default,motor_003,631407,11971,355,139.0,3078,3032,603c4b79b2112ccc7962759aca718cc6b7554ee1d572ac83aac65f335ad40c87,3.1000000000000005,3294.0,535.0,False,13527,352,-1556,3
default_motor_004_631407,default,motor_004,631407,11977,352,138.0,3078,3032,603c4b79b2112ccc7962759aca718cc6b7554ee1d572ac83aac65f335ad40c87,3.2,3430.0,544.0,False,13527,352,-1550,0
default_motor_005_631407,default,motor_005,631407,12016,354,139.0,3078,3032,603c4b79b2112ccc7962759aca718cc6b7554ee1d572ac83aac65f335ad40c87,3.4000000000000004,3501.0,564.0,False,13527,352,-1511,2
default_mode_cell_00_631407,default,mode_cell_00,631407,11612,339,139.0,3078,3032,603c4b79b2112ccc7962759aca718cc6b7554ee1d572ac83aac65f335ad40c87,2.8,2363.0,431.0,False,13527,352,-1915,-13
default_mode_cell_01_631407,default,mode_cell_01,631407,13527,352,139.0,3078,3032,603c4b79b2112ccc7962759aca718cc6b7554ee1d572ac83aac65f335ad40c87,3.1000000000000005,0.0,0.0,True,13527,352,0,0
default_mode_cell_02_631407,default,mode_cell_02,631407,13527,352,139.0,3078,3032,603c4b79b2112ccc7962759aca718cc6b7554ee1d572ac83aac65f335ad40c87,3.1000000000000005,0.0,0.0,True,13527,352,0,0
default_mode_cell_03_631407,default,mode_cell_03,631407,13722,354,139.0,3078,3032,603c4b79b2112ccc7962759aca718cc6b7554ee1d572ac83aac65f335ad40c87,3.0,739.0,123.0,False,13527,352,195,2
default_mode_cell_04_631407,default,mode_cell_04,631407,13527,352,139.0,3078,3032,603c4b79b2112ccc7962759aca718cc6b7554ee1d572ac83aac65f335ad40c87,3.1000000000000005,0.0,0.0,True,13527,352,0,0
default_mode_cell_05_631407,default,mode_cell_05,631407,13527,352,139.0,3078,3032,603c4b79b2112ccc7962759aca718cc6b7554ee1d572ac83aac65f335ad40c87,3.1000000000000005,0.0,0.0,True,13527,352,0,0
default_mode_cell_06_631407,default,mode_cell_06,631407,13021,355,139.0,3078,3032,603c4b79b2112ccc7962759aca718cc6b7554ee1d572ac83aac65f335ad40c87,3.0,818.0,127.0,False,13527,352,-506,3
default_mode_cell_07_631407,default,mode_cell_07,631407,15680,376,138.0,3078,3032,603c4b79b2112ccc7962759aca718cc6b7554ee1d572ac83aac65f335ad40c87,2.8,2513.0,439.0,False,13527,352,2153,24
default_mode_cell_08_631407,default,mode_cell_08,631407,13034,342,139.0,3078,3032,603c4b79b2112ccc7962759aca718cc6b7554ee1d572ac83aac65f335ad40c87,3.0,913.0,136.0,False,13527,352,-493,-10
default_mode_cell_09_631407,default,mode_cell_09,631407,13527,352,139.0,3078,3032,603c4b79b2112ccc7962759aca718cc6b7554ee1d572ac83aac65f335ad40c87,3.1000000000000005,0.0,0.0,True,13527,352,0,0
default_mode_cell_10_631407,default,mode_cell_10,631407,13277,347,139.0,3078,3032,603c4b79b2112ccc7962759aca718cc6b7554ee1d572ac83aac65f335ad40c87,2.9000000000000004,880.0,144.0,False,13527,352,-250,-5
default_mode_cell_11_631407,default,mode_cell_11,631407,13527,352,139.0,3078,3032,603c4b79b2112ccc7962759aca718cc6b7554ee1d572ac83aac65f335ad40c87,3.1000000000000005,0.0,0.0,True,13527,352,0,0
default_mode_cell_12_631407,default,mode_cell_12,631407,13350,334,139.0,3078,3032,603c4b79b2112ccc7962759aca718cc6b7554ee1d572ac83aac65f335ad40c87,2.9000000000000004,839.0,152.0,False,13527,352,-177,-18
default_mode_cell_13_631407,default,mode_cell_13,631407,12326,321,139.0,3078,3032,603c4b79b2112ccc7962759aca718cc6b7554ee1d572ac83aac65f335ad40c87,3.1000000000000005,1433.0,221.0,False,13527,352,-1201,-31
default_mode_cell_14_631407,default,mode_cell_14,631407,13527,352,139.0,3078,3032,603c4b79b2112ccc7962759aca718cc6b7554ee1d572ac83aac65f335ad40c87,3.1000000000000005,0.0,0.0,True,13527,352,0,0
default_mode_cell_15_631407,default,mode_cell_15,631407,12867,346,139.0,3078,3032,603c4b79b2112ccc7962759aca718cc6b7554ee1d572ac83aac65f335ad40c87,3.1000000000000005,890.0,133.0,False,13527,352,-660,-6
default_mode_cell_16_631407,default,mode_cell_16,631407,13527,352,139.0,3078,3032,603c4b79b2112ccc7962759aca718cc6b7554ee1d572ac83aac65f335ad40c87,3.1000000000000005,0.0,0.0,True,13527,352,0,0
default_mode_cell_17_631407,default,mode_cell_17,631407,12812,368,139.0,3078,3032,603c4b79b2112ccc7962759aca718cc6b7554ee1d572ac83aac65f335ad40c87,3.2,1161.0,172.0,False,13527,352,-715,16
default_mode_cell_18_631407,default,mode_cell_18,631407,13429,372,139.0,3078,3032,603c4b79b2112ccc7962759aca718cc6b7554ee1d572ac83aac65f335ad40c87,2.9000000000000004,762.0,121.0,False,13527,352,-98,20
default_mode_cell_19_631407,default,mode_cell_19,631407,13560,350,139.0,3078,3032,603c4b79b2112ccc7962759aca718cc6b7554ee1d572ac83aac65f335ad40c87,3.1000000000000005,711.0,111.0,False,13527,352,33,-2
default_mode_cell_20_631407,default,mode_cell_20,631407,13094,339,139.0,3078,3032,603c4b79b2112ccc7962759aca718cc6b7554ee1d572ac83aac65f335ad40c87,3.0,687.0,111.0,False,13527,352,-433,-13
default_mode_cell_21_631407,default,mode_cell_21,631407,13527,352,139.0,3078,3032,603c4b79b2112ccc7962759aca718cc6b7554ee1d572ac83aac65f335ad40c87,3.1000000000000005,0.0,0.0,True,13527,352,0,0
default_mode_cell_22_631407,default,mode_cell_22,631407,13527,352,139.0,3078,3032,603c4b79b2112ccc7962759aca718cc6b7554ee1d572ac83aac65f335ad40c87,3.1000000000000005,0.0,0.0,True,13527,352,0,0
default_mode_cell_23_631407,default,mode_cell_23,631407,13527,352,139.0,3078,3032,603c4b79b2112ccc7962759aca718cc6b7554ee1d572ac83aac65f335ad40c87,3.1000000000000005,0.0,0.0,True,13527,352,0,0
default_mode_cell_24_631407,default,mode_cell_24,631407,11853,319,139.0,3078,3032,603c4b79b2112ccc7962759aca718cc6b7554ee1d572ac83aac65f335ad40c87,3.0,2156.0,373.0,False,13527,352,-1674,-33
default_mode_cell_25_631407,default,mode_cell_25,631407,13228,358,139.0,3078,3032,603c4b79b2112ccc7962759aca718cc6b7554ee1d572ac83aac65f335ad40c87,3.0,753.0,149.0,False,13527,352,-299,6
default_mode_cell_26_631407,default,mode_cell_26,631407,13527,352,139.0,3078,3032,603c4b79b2112ccc7962759aca718cc6b7554ee1d572ac83aac65f335ad40c87,3.1000000000000005,0.0,0.0,True,13527,352,0,0
default_mode_cell_27_631407,default,mode_cell_27,631407,13527,352,139.0,3078,3032,603c4b79b2112ccc7962759aca718cc6b7554ee1d572ac83aac65f335ad40c87,3.1000000000000005,0.0,0.0,True,13527,352,0,0
default_mode_cell_28_631407,default,mode_cell_28,631407,13527,352,139.0,3078,3032,603c4b79b2112ccc7962759aca718cc6b7554ee1d572ac83aac65f335ad40c87,3.1000000000000005,0.0,0.0,True,13527,352,0,0
default_mode_cell_29_631407,default,mode_cell_29,631407,13527,352,139.0,3078,3032,603c4b79b2112ccc7962759aca718cc6b7554ee1d572ac83aac65f335ad40c87,3.1000000000000005,0.0,0.0,True,13527,352,0,0
default_mode_cell_30_631407,default,mode_cell_30,631407,13117,358,139.0,3078,3032,603c4b79b2112ccc7962759aca718cc6b7554ee1d572ac83aac65f335ad40c87,3.3,674.0,80.0,False,13527,352,-410,6
default_mode_cell_31_631407,default,mode_cell_31,631407,13324,352,139.0,3078,3032,603c4b79b2112ccc7962759aca718cc6b7554ee1d572ac83aac65f335ad40c87,3.1000000000000005,631.0,61.0,False,13527,352,-203,0
default_mode_cell_32_631407,default,mode_cell_32,631407,13698,361,139.0,3078,3032,603c4b79b2112ccc7962759aca718cc6b7554ee1d572ac83aac65f335ad40c87,2.9000000000000004,563.0,85.0,False,13527,352,171,9
default_mode_cell_33_631407,default,mode_cell_33,631407,13527,352,139.0,3078,3032,603c4b79b2112ccc7962759aca718cc6b7554ee1d572ac83aac65f335ad40c87,3.1000000000000005,0.0,0.0,True,13527,352,0,0
default_mode_cell_34_631407,default,mode_cell_34,631407,13527,352,139.0,3078,3032,603c4b79b2112ccc7962759aca718cc6b7554ee1d572ac83aac65f335ad40c87,3.1000000000000005,0.0,0.0,True,13527,352,0,0
default_mode_cell_35_631407,default,mode_cell_35,631407,13527,352,139.0,3078,3032,603c4b79b2112ccc7962759aca718cc6b7554ee1d572ac83aac65f335ad40c87,3.1000000000000005,0.0,0.0,True,13527,352,0,0
default_mode_cell_36_631407,default,mode_cell_36,631407,13289,351,138.0,3078,3032,603c4b79b2112ccc7962759aca718cc6b7554ee1d572ac83aac65f335ad40c87,3.3,600.0,92.0,False,13527,352,-238,-1
default_mode_cell_37_631407,default,mode_cell_37,631407,13415,347,138.0,3078,3032,603c4b79b2112ccc7962759aca718cc6b7554ee1d572ac83aac65f335ad40c87,3.0,670.0,81.0,False,13527,352,-112,-5
default_mode_cell_38_631407,default,mode_cell_38,631407,12965,345,139.0,3078,3032,603c4b79b2112ccc7962759aca718cc6b7554ee1d572ac83aac65f335ad40c87,3.0,856.0,102.0,False,13527,352,-562,-7
default_mode_cell_39_631407,default,mode_cell_39,631407,13433,349,139.0,3078,3032,603c4b79b2112ccc7962759aca718cc6b7554ee1d572ac83aac65f335ad40c87,3.1000000000000005,632.0,79.0,False,13527,352,-94,-3
default_mode_cell_40_631407,default,mode_cell_40,631407,13055,349,139.0,3078,3032,603c4b79b2112ccc7962759aca718cc6b7554ee1d572ac83aac65f335ad40c87,3.2,700.0,125.0,False,13527,352,-472,-3
default_mode_cell_41_631407,default,mode_cell_41,631407,13229,343,139.0,3078,3032,603c4b79b2112ccc7962759aca718cc6b7554ee1d572ac83aac65f335ad40c87,3.0,766.0,140.0,False,13527,352,-298,-9
default_mode_cell_42_631407,default,mode_cell_42,631407,13527,352,139.0,3078,3032,603c4b79b2112ccc7962759aca718cc6b7554ee1d572ac83aac65f335ad40c87,3.1000000000000005,0.0,0.0,True,13527,352,0,0
default_mode_cell_43_631407,default,mode_cell_43,631407,13450,366,139.0,3078,3032,603c4b79b2112ccc7962759aca718cc6b7554ee1d572ac83aac65f335ad40c87,3.1000000000000005,633.0,82.0,False,13527,352,-77,14
default_mode_cell_44_631407,default,mode_cell_44,631407,13527,352,139.0,3078,3032,603c4b79b2112ccc7962759aca718cc6b7554ee1d572ac83aac65f335ad40c87,3.1000000000000005,0.0,0.0,True,13527,352,0,0
default_mode_cell_45_631407,default,mode_cell_45,631407,13527,352,139.0,3078,3032,603c4b79b2112ccc7962759aca718cc6b7554ee1d572ac83aac65f335ad40c87,3.1000000000000005,0.0,0.0,True,13527,352,0,0
default_mode_cell_46_631407,default,mode_cell_46,631407,13228,349,139.0,3078,3032,603c4b79b2112ccc7962759aca718cc6b7554ee1d572ac83aac65f335ad40c87,3.1000000000000005,727.0,93.0,False,13527,352,-299,-3
default_mode_cell_47_631407,default,mode_cell_47,631407,15323,366,208.0,3078,3032,603c4b79b2112ccc7962759aca718cc6b7554ee1d572ac83aac65f335ad40c87,2.8,2166.0,326.0,False,13527,352,1796,14
default_mode_cell_48_631407,default,mode_cell_48,631407,13064,360,138.0,3078,3032,603c4b79b2112ccc7962759aca718cc6b7554ee1d572ac83aac65f335ad40c87,3.0,855.0,101.0,False,13527,352,-463,8
default_mode_cell_49_631407,default,mode_cell_49,631407,13527,352,139.0,3078,3032,603c4b79b2112ccc7962759aca718cc6b7554ee1d572ac83aac65f335ad40c87,3.1000000000000005,0.0,0.0,True,13527,352,0,0
default_mode_631408,default,mode,631408,12536,264,208.0,3174,3129,a110f03f41d329a5a4ff5a93990a26dc2328fbce2bc702db76f24d98fae3f09d,2.8,5585.0,1281.0,False,13967,355,-1431,-91
default_mode_without_mn9_631408,default,mode_without_mn9,631408,12481,265,197.0,3174,3129,a110f03f41d329a5a4ff5a93990a26dc2328fbce2bc702db76f24d98fae3f09d,3.0,5732.0,1302.0,False,13967,355,-1486,-90
default_mn9_only_631408,default,mn9_only,631408,13743,350,138.0,3174,3129,a110f03f41d329a5a4ff5a93990a26dc2328fbce2bc702db76f24d98fae3f09d,3.2,674.0,101.0,False,13967,355,-224,-5
default_motor_003_631408,default,motor_003,631408,13099,384,137.0,3174,3129,a110f03f41d329a5a4ff5a93990a26dc2328fbce2bc702db76f24d98fae3f09d,3.2,3212.0,491.0,False,13967,355,-868,29
default_motor_004_631408,default,motor_004,631408,12266,351,138.0,3174,3129,a110f03f41d329a5a4ff5a93990a26dc2328fbce2bc702db76f24d98fae3f09d,3.2,3317.0,536.0,False,13967,355,-1701,-4
default_motor_005_631408,default,motor_005,631408,12428,353,138.0,3174,3129,a110f03f41d329a5a4ff5a93990a26dc2328fbce2bc702db76f24d98fae3f09d,3.1000000000000005,3471.0,552.0,False,13967,355,-1539,-2
default_mode_cell_00_631408,default,mode_cell_00,631408,12121,346,138.0,3174,3129,a110f03f41d329a5a4ff5a93990a26dc2328fbce2bc702db76f24d98fae3f09d,3.0,2444.0,478.0,False,13967,355,-1846,-9
default_mode_cell_01_631408,default,mode_cell_01,631408,13967,355,139.0,3174,3129,a110f03f41d329a5a4ff5a93990a26dc2328fbce2bc702db76f24d98fae3f09d,3.1000000000000005,0.0,0.0,True,13967,355,0,0
default_mode_cell_02_631408,default,mode_cell_02,631408,13967,355,139.0,3174,3129,a110f03f41d329a5a4ff5a93990a26dc2328fbce2bc702db76f24d98fae3f09d,3.1000000000000005,0.0,0.0,True,13967,355,0,0
default_mode_cell_03_631408,default,mode_cell_03,631408,13767,371,140.0,3174,3129,a110f03f41d329a5a4ff5a93990a26dc2328fbce2bc702db76f24d98fae3f09d,3.2,858.0,157.0,False,13967,355,-200,16
default_mode_cell_04_631408,default,mode_cell_04,631408,13967,355,139.0,3174,3129,a110f03f41d329a5a4ff5a93990a26dc2328fbce2bc702db76f24d98fae3f09d,3.1000000000000005,0.0,0.0,True,13967,355,0,0
default_mode_cell_05_631408,default,mode_cell_05,631408,13967,355,139.0,3174,3129,a110f03f41d329a5a4ff5a93990a26dc2328fbce2bc702db76f24d98fae3f09d,3.1000000000000005,0.0,0.0,True,13967,355,0,0
default_mode_cell_06_631408,default,mode_cell_06,631408,13662,364,138.0,3174,3129,a110f03f41d329a5a4ff5a93990a26dc2328fbce2bc702db76f24d98fae3f09d,3.0,687.0,120.0,False,13967,355,-305,9
default_mode_cell_07_631408,default,mode_cell_07,631408,15688,370,139.0,3174,3129,a110f03f41d329a5a4ff5a93990a26dc2328fbce2bc702db76f24d98fae3f09d,3.0,2157.0,332.0,False,13967,355,1721,15
default_mode_cell_08_631408,default,mode_cell_08,631408,13123,338,138.0,3174,3129,a110f03f41d329a5a4ff5a93990a26dc2328fbce2bc702db76f24d98fae3f09d,3.0,1400.0,275.0,False,13967,355,-844,-17
default_mode_cell_09_631408,default,mode_cell_09,631408,13967,355,139.0,3174,3129,a110f03f41d329a5a4ff5a93990a26dc2328fbce2bc702db76f24d98fae3f09d,3.1000000000000005,0.0,0.0,True,13967,355,0,0
default_mode_cell_10_631408,default,mode_cell_10,631408,13887,361,138.0,3174,3129,a110f03f41d329a5a4ff5a93990a26dc2328fbce2bc702db76f24d98fae3f09d,2.9000000000000004,670.0,102.0,False,13967,355,-80,6
default_mode_cell_11_631408,default,mode_cell_11,631408,13967,355,139.0,3174,3129,a110f03f41d329a5a4ff5a93990a26dc2328fbce2bc702db76f24d98fae3f09d,3.1000000000000005,0.0,0.0,True,13967,355,0,0
default_mode_cell_12_631408,default,mode_cell_12,631408,13503,351,139.0,3174,3129,a110f03f41d329a5a4ff5a93990a26dc2328fbce2bc702db76f24d98fae3f09d,3.3,1164.0,194.0,False,13967,355,-464,-4
default_mode_cell_13_631408,default,mode_cell_13,631408,13665,321,138.0,3174,3129,a110f03f41d329a5a4ff5a93990a26dc2328fbce2bc702db76f24d98fae3f09d,3.0,1492.0,239.0,False,13967,355,-302,-34
default_mode_cell_14_631408,default,mode_cell_14,631408,13967,355,139.0,3174,3129,a110f03f41d329a5a4ff5a93990a26dc2328fbce2bc702db76f24d98fae3f09d,3.1000000000000005,0.0,0.0,True,13967,355,0,0
default_mode_cell_15_631408,default,mode_cell_15,631408,14034,360,138.0,3174,3129,a110f03f41d329a5a4ff5a93990a26dc2328fbce2bc702db76f24d98fae3f09d,2.8,911.0,122.0,False,13967,355,67,5
default_mode_cell_16_631408,default,mode_cell_16,631408,13967,355,139.0,3174,3129,a110f03f41d329a5a4ff5a93990a26dc2328fbce2bc702db76f24d98fae3f09d,3.1000000000000005,0.0,0.0,True,13967,355,0,0
default_mode_cell_17_631408,default,mode_cell_17,631408,13449,362,139.0,3174,3129,a110f03f41d329a5a4ff5a93990a26dc2328fbce2bc702db76f24d98fae3f09d,3.0,1280.0,276.0,False,13967,355,-518,7
default_mode_cell_18_631408,default,mode_cell_18,631408,13209,355,138.0,3174,3129,a110f03f41d329a5a4ff5a93990a26dc2328fbce2bc702db76f24d98fae3f09d,3.1000000000000005,1174.0,167.0,False,13967,355,-758,0
default_mode_cell_19_631408,default,mode_cell_19,631408,13668,351,139.0,3174,3129,a110f03f41d329a5a4ff5a93990a26dc2328fbce2bc702db76f24d98fae3f09d,3.2,891.0,146.0,False,13967,355,-299,-4
default_mode_cell_20_631408,default,mode_cell_20,631408,13449,360,138.0,3174,3129,a110f03f41d329a5a4ff5a93990a26dc2328fbce2bc702db76f24d98fae3f09d,3.1000000000000005,930.0,181.0,False,13967,355,-518,5
default_mode_cell_21_631408,default,mode_cell_21,631408,13967,355,139.0,3174,3129,a110f03f41d329a5a4ff5a93990a26dc2328fbce2bc702db76f24d98fae3f09d,3.1000000000000005,0.0,0.0,True,13967,355,0,0
default_mode_cell_22_631408,default,mode_cell_22,631408,13967,355,139.0,3174,3129,a110f03f41d329a5a4ff5a93990a26dc2328fbce2bc702db76f24d98fae3f09d,3.1000000000000005,0.0,0.0,True,13967,355,0,0
default_mode_cell_23_631408,default,mode_cell_23,631408,13967,355,139.0,3174,3129,a110f03f41d329a5a4ff5a93990a26dc2328fbce2bc702db76f24d98fae3f09d,3.1000000000000005,0.0,0.0,True,13967,355,0,0
default_mode_cell_24_631408,default,mode_cell_24,631408,12456,309,138.0,3174,3129,a110f03f41d329a5a4ff5a93990a26dc2328fbce2bc702db76f24d98fae3f09d,2.9000000000000004,2329.0,463.0,False,13967,355,-1511,-46
default_mode_cell_25_631408,default,mode_cell_25,631408,14082,356,138.0,3174,3129,a110f03f41d329a5a4ff5a93990a26dc2328fbce2bc702db76f24d98fae3f09d,3.0,883.0,144.0,False,13967,355,115,1
default_mode_cell_26_631408,default,mode_cell_26,631408,13967,355,139.0,3174,3129,a110f03f41d329a5a4ff5a93990a26dc2328fbce2bc702db76f24d98fae3f09d,3.1000000000000005,0.0,0.0,True,13967,355,0,0
default_mode_cell_27_631408,default,mode_cell_27,631408,13967,355,139.0,3174,3129,a110f03f41d329a5a4ff5a93990a26dc2328fbce2bc702db76f24d98fae3f09d,3.1000000000000005,0.0,0.0,True,13967,355,0,0
default_mode_cell_28_631408,default,mode_cell_28,631408,13967,355,139.0,3174,3129,a110f03f41d329a5a4ff5a93990a26dc2328fbce2bc702db76f24d98fae3f09d,3.1000000000000005,0.0,0.0,True,13967,355,0,0
default_mode_cell_29_631408,default,mode_cell_29,631408,13967,355,139.0,3174,3129,a110f03f41d329a5a4ff5a93990a26dc2328fbce2bc702db76f24d98fae3f09d,3.1000000000000005,0.0,0.0,True,13967,355,0,0
default_mode_cell_30_631408,default,mode_cell_30,631408,13888,353,139.0,3174,3129,a110f03f41d329a5a4ff5a93990a26dc2328fbce2bc702db76f24d98fae3f09d,3.0,811.0,134.0,False,13967,355,-79,-2
default_mode_cell_31_631408,default,mode_cell_31,631408,14126,362,138.0,3174,3129,a110f03f41d329a5a4ff5a93990a26dc2328fbce2bc702db76f24d98fae3f09d,3.2,765.0,107.0,False,13967,355,159,7
default_mode_cell_32_631408,default,mode_cell_32,631408,13608,351,138.0,3174,3129,a110f03f41d329a5a4ff5a93990a26dc2328fbce2bc702db76f24d98fae3f09d,3.1000000000000005,883.0,166.0,False,13967,355,-359,-4
default_mode_cell_33_631408,default,mode_cell_33,631408,13967,355,139.0,3174,3129,a110f03f41d329a5a4ff5a93990a26dc2328fbce2bc702db76f24d98fae3f09d,3.1000000000000005,0.0,0.0,True,13967,355,0,0
default_mode_cell_34_631408,default,mode_cell_34,631408,13967,355,139.0,3174,3129,a110f03f41d329a5a4ff5a93990a26dc2328fbce2bc702db76f24d98fae3f09d,3.1000000000000005,0.0,0.0,True,13967,355,0,0
default_mode_cell_35_631408,default,mode_cell_35,631408,13967,355,139.0,3174,3129,a110f03f41d329a5a4ff5a93990a26dc2328fbce2bc702db76f24d98fae3f09d,3.1000000000000005,0.0,0.0,True,13967,355,0,0
default_mode_cell_36_631408,default,mode_cell_36,631408,13634,345,138.0,3174,3129,a110f03f41d329a5a4ff5a93990a26dc2328fbce2bc702db76f24d98fae3f09d,2.9000000000000004,695.0,117.0,False,13967,355,-333,-10
default_mode_cell_37_631408,default,mode_cell_37,631408,14487,358,140.0,3174,3129,a110f03f41d329a5a4ff5a93990a26dc2328fbce2bc702db76f24d98fae3f09d,2.9000000000000004,926.0,116.0,False,13967,355,520,3
default_mode_cell_38_631408,default,mode_cell_38,631408,13770,369,139.0,3174,3129,a110f03f41d329a5a4ff5a93990a26dc2328fbce2bc702db76f24d98fae3f09d,3.0,1061.0,193.0,False,13967,355,-197,14
default_mode_cell_39_631408,default,mode_cell_39,631408,13814,362,138.0,3174,3129,a110f03f41d329a5a4ff5a93990a26dc2328fbce2bc702db76f24d98fae3f09d,3.0,749.0,102.0,False,13967,355,-153,7
default_mode_cell_40_631408,default,mode_cell_40,631408,13866,353,138.0,3174,3129,a110f03f41d329a5a4ff5a93990a26dc2328fbce2bc702db76f24d98fae3f09d,3.0,835.0,107.0,False,13967,355,-101,-2
default_mode_cell_41_631408,default,mode_cell_41,631408,14294,344,138.0,3174,3129,a110f03f41d329a5a4ff5a93990a26dc2328fbce2bc702db76f24d98fae3f09d,3.0,1267.0,169.0,False,13967,355,327,-11
default_mode_cell_42_631408,default,mode_cell_42,631408,13967,355,139.0,3174,3129,a110f03f41d329a5a4ff5a93990a26dc2328fbce2bc702db76f24d98fae3f09d,3.1000000000000005,0.0,0.0,True,13967,355,0,0
default_mode_cell_43_631408,default,mode_cell_43,631408,13878,366,138.0,3174,3129,a110f03f41d329a5a4ff5a93990a26dc2328fbce2bc702db76f24d98fae3f09d,3.2,805.0,114.0,False,13967,355,-89,11
default_mode_cell_44_631408,default,mode_cell_44,631408,13967,355,139.0,3174,3129,a110f03f41d329a5a4ff5a93990a26dc2328fbce2bc702db76f24d98fae3f09d,3.1000000000000005,0.0,0.0,True,13967,355,0,0
default_mode_cell_45_631408,default,mode_cell_45,631408,13967,355,139.0,3174,3129,a110f03f41d329a5a4ff5a93990a26dc2328fbce2bc702db76f24d98fae3f09d,3.1000000000000005,0.0,0.0,True,13967,355,0,0
default_mode_cell_46_631408,default,mode_cell_46,631408,14006,364,138.0,3174,3129,a110f03f41d329a5a4ff5a93990a26dc2328fbce2bc702db76f24d98fae3f09d,3.0,617.0,74.0,False,13967,355,39,9
default_mode_cell_47_631408,default,mode_cell_47,631408,15474,360,200.0,3174,3129,a110f03f41d329a5a4ff5a93990a26dc2328fbce2bc702db76f24d98fae3f09d,2.9000000000000004,2471.0,356.0,False,13967,355,1507,5
default_mode_cell_48_631408,default,mode_cell_48,631408,13410,344,138.0,3174,3129,a110f03f41d329a5a4ff5a93990a26dc2328fbce2bc702db76f24d98fae3f09d,3.0,1179.0,199.0,False,13967,355,-557,-11
default_mode_cell_49_631408,default,mode_cell_49,631408,13967,355,139.0,3174,3129,a110f03f41d329a5a4ff5a93990a26dc2328fbce2bc702db76f24d98fae3f09d,3.1000000000000005,0.0,0.0,True,13967,355,0,0
default_mode_631409,default,mode,631409,12477,261,209.0,3172,3119,458135437fed78e2cb995ecea989c1e7899b44fe7fb9ff633318a47c2a8515aa,2.9000000000000004,5369.0,1188.0,False,13864,362,-1387,-101
default_mode_without_mn9_631409,default,mode_without_mn9,631409,12550,265,202.0,3172,3119,458135437fed78e2cb995ecea989c1e7899b44fe7fb9ff633318a47c2a8515aa,2.9000000000000004,5244.0,1159.0,False,13864,362,-1314,-97
default_mn9_only_631409,default,mn9_only,631409,13760,356,139.0,3172,3119,458135437fed78e2cb995ecea989c1e7899b44fe7fb9ff633318a47c2a8515aa,3.2,668.0,75.0,False,13864,362,-104,-6
default_motor_003_631409,default,motor_003,631409,12398,358,140.0,3172,3119,458135437fed78e2cb995ecea989c1e7899b44fe7fb9ff633318a47c2a8515aa,3.1000000000000005,3230.0,484.0,False,13864,362,-1466,-4
default_motor_004_631409,default,motor_004,631409,12870,368,139.0,3172,3119,458135437fed78e2cb995ecea989c1e7899b44fe7fb9ff633318a47c2a8515aa,3.0,3240.0,521.0,False,13864,362,-994,6
default_motor_005_631409,default,motor_005,631409,12588,350,138.0,3172,3119,458135437fed78e2cb995ecea989c1e7899b44fe7fb9ff633318a47c2a8515aa,3.1000000000000005,3222.0,514.0,False,13864,362,-1276,-12
default_mode_cell_00_631409,default,mode_cell_00,631409,12485,339,139.0,3172,3119,458135437fed78e2cb995ecea989c1e7899b44fe7fb9ff633318a47c2a8515aa,3.0,1899.0,307.0,False,13864,362,-1379,-23
default_mode_cell_01_631409,default,mode_cell_01,631409,13864,362,139.0,3172,3119,458135437fed78e2cb995ecea989c1e7899b44fe7fb9ff633318a47c2a8515aa,3.1000000000000005,0.0,0.0,True,13864,362,0,0
default_mode_cell_02_631409,default,mode_cell_02,631409,13864,362,139.0,3172,3119,458135437fed78e2cb995ecea989c1e7899b44fe7fb9ff633318a47c2a8515aa,3.1000000000000005,0.0,0.0,True,13864,362,0,0
default_mode_cell_03_631409,default,mode_cell_03,631409,13534,364,139.0,3172,3119,458135437fed78e2cb995ecea989c1e7899b44fe7fb9ff633318a47c2a8515aa,3.0,1116.0,192.0,False,13864,362,-330,2
default_mode_cell_04_631409,default,mode_cell_04,631409,13864,362,139.0,3172,3119,458135437fed78e2cb995ecea989c1e7899b44fe7fb9ff633318a47c2a8515aa,3.1000000000000005,0.0,0.0,True,13864,362,0,0
default_mode_cell_05_631409,default,mode_cell_05,631409,13864,362,139.0,3172,3119,458135437fed78e2cb995ecea989c1e7899b44fe7fb9ff633318a47c2a8515aa,3.1000000000000005,0.0,0.0,True,13864,362,0,0
default_mode_cell_06_631409,default,mode_cell_06,631409,13541,361,139.0,3172,3119,458135437fed78e2cb995ecea989c1e7899b44fe7fb9ff633318a47c2a8515aa,3.0,803.0,116.0,False,13864,362,-323,-1
default_mode_cell_07_631409,default,mode_cell_07,631409,15526,372,139.0,3172,3119,458135437fed78e2cb995ecea989c1e7899b44fe7fb9ff633318a47c2a8515aa,3.0,2264.0,366.0,False,13864,362,1662,10
default_mode_cell_08_631409,default,mode_cell_08,631409,13342,334,139.0,3172,3119,458135437fed78e2cb995ecea989c1e7899b44fe7fb9ff633318a47c2a8515aa,3.2,1132.0,188.0,False,13864,362,-522,-28
default_mode_cell_09_631409,default,mode_cell_09,631409,13864,362,139.0,3172,3119,458135437fed78e2cb995ecea989c1e7899b44fe7fb9ff633318a47c2a8515aa,3.1000000000000005,0.0,0.0,True,13864,362,0,0
default_mode_cell_10_631409,default,mode_cell_10,631409,13597,364,139.0,3172,3119,458135437fed78e2cb995ecea989c1e7899b44fe7fb9ff633318a47c2a8515aa,2.9000000000000004,693.0,76.0,False,13864,362,-267,2
default_mode_cell_11_631409,default,mode_cell_11,631409,13864,362,139.0,3172,3119,458135437fed78e2cb995ecea989c1e7899b44fe7fb9ff633318a47c2a8515aa,3.1000000000000005,0.0,0.0,True,13864,362,0,0
default_mode_cell_12_631409,default,mode_cell_12,631409,13548,347,139.0,3172,3119,458135437fed78e2cb995ecea989c1e7899b44fe7fb9ff633318a47c2a8515aa,3.1000000000000005,824.0,143.0,False,13864,362,-316,-15
default_mode_cell_13_631409,default,mode_cell_13,631409,13342,344,139.0,3172,3119,458135437fed78e2cb995ecea989c1e7899b44fe7fb9ff633318a47c2a8515aa,2.9000000000000004,1242.0,185.0,False,13864,362,-522,-18
default_mode_cell_14_631409,default,mode_cell_14,631409,13864,362,139.0,3172,3119,458135437fed78e2cb995ecea989c1e7899b44fe7fb9ff633318a47c2a8515aa,3.1000000000000005,0.0,0.0,True,13864,362,0,0
default_mode_cell_15_631409,default,mode_cell_15,631409,13503,355,139.0,3172,3119,458135437fed78e2cb995ecea989c1e7899b44fe7fb9ff633318a47c2a8515aa,3.0,1033.0,145.0,False,13864,362,-361,-7
default_mode_cell_16_631409,default,mode_cell_16,631409,13864,362,139.0,3172,3119,458135437fed78e2cb995ecea989c1e7899b44fe7fb9ff633318a47c2a8515aa,3.1000000000000005,0.0,0.0,True,13864,362,0,0
default_mode_cell_17_631409,default,mode_cell_17,631409,14128,373,139.0,3172,3119,458135437fed78e2cb995ecea989c1e7899b44fe7fb9ff633318a47c2a8515aa,3.0,1126.0,150.0,False,13864,362,264,11
default_mode_cell_18_631409,default,mode_cell_18,631409,13594,352,139.0,3172,3119,458135437fed78e2cb995ecea989c1e7899b44fe7fb9ff633318a47c2a8515aa,3.1000000000000005,816.0,122.0,False,13864,362,-270,-10
default_mode_cell_19_631409,default,mode_cell_19,631409,13886,366,140.0,3172,3119,458135437fed78e2cb995ecea989c1e7899b44fe7fb9ff633318a47c2a8515aa,3.0,892.0,116.0,False,13864,362,22,4
default_mode_cell_20_631409,default,mode_cell_20,631409,13744,359,139.0,3172,3119,458135437fed78e2cb995ecea989c1e7899b44fe7fb9ff633318a47c2a8515aa,3.1000000000000005,688.0,91.0,False,13864,362,-120,-3
default_mode_cell_21_631409,default,mode_cell_21,631409,13864,362,139.0,3172,3119,458135437fed78e2cb995ecea989c1e7899b44fe7fb9ff633318a47c2a8515aa,3.1000000000000005,0.0,0.0,True,13864,362,0,0
default_mode_cell_22_631409,default,mode_cell_22,631409,13864,362,139.0,3172,3119,458135437fed78e2cb995ecea989c1e7899b44fe7fb9ff633318a47c2a8515aa,3.1000000000000005,0.0,0.0,True,13864,362,0,0
default_mode_cell_23_631409,default,mode_cell_23,631409,13864,362,139.0,3172,3119,458135437fed78e2cb995ecea989c1e7899b44fe7fb9ff633318a47c2a8515aa,3.1000000000000005,0.0,0.0,True,13864,362,0,0
default_mode_cell_24_631409,default,mode_cell_24,631409,12344,321,139.0,3172,3119,458135437fed78e2cb995ecea989c1e7899b44fe7fb9ff633318a47c2a8515aa,3.0,2072.0,352.0,False,13864,362,-1520,-41
default_mode_cell_25_631409,default,mode_cell_25,631409,14000,345,138.0,3172,3119,458135437fed78e2cb995ecea989c1e7899b44fe7fb9ff633318a47c2a8515aa,3.1000000000000005,984.0,121.0,False,13864,362,136,-17
default_mode_cell_26_631409,default,mode_cell_26,631409,13864,362,139.0,3172,3119,458135437fed78e2cb995ecea989c1e7899b44fe7fb9ff633318a47c2a8515aa,3.1000000000000005,0.0,0.0,True,13864,362,0,0
default_mode_cell_27_631409,default,mode_cell_27,631409,13864,362,139.0,3172,3119,458135437fed78e2cb995ecea989c1e7899b44fe7fb9ff633318a47c2a8515aa,3.1000000000000005,0.0,0.0,True,13864,362,0,0
default_mode_cell_28_631409,default,mode_cell_28,631409,13864,362,139.0,3172,3119,458135437fed78e2cb995ecea989c1e7899b44fe7fb9ff633318a47c2a8515aa,3.1000000000000005,0.0,0.0,True,13864,362,0,0
default_mode_cell_29_631409,default,mode_cell_29,631409,13864,362,139.0,3172,3119,458135437fed78e2cb995ecea989c1e7899b44fe7fb9ff633318a47c2a8515aa,3.1000000000000005,0.0,0.0,True,13864,362,0,0
default_mode_cell_30_631409,default,mode_cell_30,631409,14390,359,139.0,3172,3119,458135437fed78e2cb995ecea989c1e7899b44fe7fb9ff633318a47c2a8515aa,3.0,1024.0,110.0,False,13864,362,526,-3
default_mode_cell_31_631409,default,mode_cell_31,631409,14218,353,139.0,3172,3119,458135437fed78e2cb995ecea989c1e7899b44fe7fb9ff633318a47c2a8515aa,3.1000000000000005,912.0,87.0,False,13864,362,354,-9
default_mode_cell_32_631409,default,mode_cell_32,631409,13852,360,139.0,3172,3119,458135437fed78e2cb995ecea989c1e7899b44fe7fb9ff633318a47c2a8515aa,3.0,554.0,65.0,False,13864,362,-12,-2
default_mode_cell_33_631409,default,mode_cell_33,631409,13864,362,139.0,3172,3119,458135437fed78e2cb995ecea989c1e7899b44fe7fb9ff633318a47c2a8515aa,3.1000000000000005,0.0,0.0,True,13864,362,0,0
default_mode_cell_34_631409,default,mode_cell_34,631409,13864,362,139.0,3172,3119,458135437fed78e2cb995ecea989c1e7899b44fe7fb9ff633318a47c2a8515aa,3.1000000000000005,0.0,0.0,True,13864,362,0,0
default_mode_cell_35_631409,default,mode_cell_35,631409,13864,362,139.0,3172,3119,458135437fed78e2cb995ecea989c1e7899b44fe7fb9ff633318a47c2a8515aa,3.1000000000000005,0.0,0.0,True,13864,362,0,0
default_mode_cell_36_631409,default,mode_cell_36,631409,13658,368,139.0,3172,3119,458135437fed78e2cb995ecea989c1e7899b44fe7fb9ff633318a47c2a8515aa,3.0,702.0,120.0,False,13864,362,-206,6
default_mode_cell_37_631409,default,mode_cell_37,631409,14135,366,139.0,3172,3119,458135437fed78e2cb995ecea989c1e7899b44fe7fb9ff633318a47c2a8515aa,3.1000000000000005,761.0,117.0,False,13864,362,271,4
default_mode_cell_38_631409,default,mode_cell_38,631409,13725,367,138.0,3172,3119,458135437fed78e2cb995ecea989c1e7899b44fe7fb9ff633318a47c2a8515aa,2.9000000000000004,931.0,123.0,False,13864,362,-139,5
default_mode_cell_39_631409,default,mode_cell_39,631409,13404,355,139.0,3172,3119,458135437fed78e2cb995ecea989c1e7899b44fe7fb9ff633318a47c2a8515aa,3.0,748.0,98.0,False,13864,362,-460,-7
default_mode_cell_40_631409,default,mode_cell_40,631409,13713,364,139.0,3172,3119,458135437fed78e2cb995ecea989c1e7899b44fe7fb9ff633318a47c2a8515aa,3.0,823.0,98.0,False,13864,362,-151,2
default_mode_cell_41_631409,default,mode_cell_41,631409,13711,344,139.0,3172,3119,458135437fed78e2cb995ecea989c1e7899b44fe7fb9ff633318a47c2a8515aa,3.0,1039.0,170.0,False,13864,362,-153,-18
default_mode_cell_42_631409,default,mode_cell_42,631409,13864,362,139.0,3172,3119,458135437fed78e2cb995ecea989c1e7899b44fe7fb9ff633318a47c2a8515aa,3.1000000000000005,0.0,0.0,True,13864,362,0,0
default_mode_cell_43_631409,default,mode_cell_43,631409,13587,368,139.0,3172,3119,458135437fed78e2cb995ecea989c1e7899b44fe7fb9ff633318a47c2a8515aa,3.0,851.0,112.0,False,13864,362,-277,6
default_mode_cell_44_631409,default,mode_cell_44,631409,13864,362,139.0,3172,3119,458135437fed78e2cb995ecea989c1e7899b44fe7fb9ff633318a47c2a8515aa,3.1000000000000005,0.0,0.0,True,13864,362,0,0
default_mode_cell_45_631409,default,mode_cell_45,631409,13864,362,139.0,3172,3119,458135437fed78e2cb995ecea989c1e7899b44fe7fb9ff633318a47c2a8515aa,3.1000000000000005,0.0,0.0,True,13864,362,0,0
default_mode_cell_46_631409,default,mode_cell_46,631409,13602,359,139.0,3172,3119,458135437fed78e2cb995ecea989c1e7899b44fe7fb9ff633318a47c2a8515aa,3.1000000000000005,640.0,93.0,False,13864,362,-262,-3
default_mode_cell_47_631409,default,mode_cell_47,631409,15191,356,205.0,3172,3119,458135437fed78e2cb995ecea989c1e7899b44fe7fb9ff633318a47c2a8515aa,2.8,2557.0,366.0,False,13864,362,1327,-6
default_mode_cell_48_631409,default,mode_cell_48,631409,13698,351,139.0,3172,3119,458135437fed78e2cb995ecea989c1e7899b44fe7fb9ff633318a47c2a8515aa,3.0,1218.0,188.0,False,13864,362,-166,-11
default_mode_cell_49_631409,default,mode_cell_49,631409,13864,362,139.0,3172,3119,458135437fed78e2cb995ecea989c1e7899b44fe7fb9ff633318a47c2a8515aa,3.1000000000000005,0.0,0.0,True,13864,362,0,0
default_mode_631410,default,mode,631410,12636,273,198.0,3118,3072,561dbc154010d17b8c5d824d3dcbb379bbc8a4e8424cbff78bb956580dcd795f,3.0,5306.0,1194.0,False,13704,362,-1068,-89
default_mode_without_mn9_631410,default,mode_without_mn9,631410,12535,271,196.0,3118,3072,561dbc154010d17b8c5d824d3dcbb379bbc8a4e8424cbff78bb956580dcd795f,2.9000000000000004,5275.0,1198.0,False,13704,362,-1169,-91
default_mn9_only_631410,default,mn9_only,631410,14039,383,138.0,3118,3072,561dbc154010d17b8c5d824d3dcbb379bbc8a4e8424cbff78bb956580dcd795f,3.1000000000000005,871.0,109.0,False,13704,362,335,21
default_motor_003_631410,default,motor_003,631410,12479,354,137.0,3118,3072,561dbc154010d17b8c5d824d3dcbb379bbc8a4e8424cbff78bb956580dcd795f,3.1000000000000005,3239.0,532.0,False,13704,362,-1225,-8
default_motor_004_631410,default,motor_004,631410,12363,367,139.0,3118,3072,561dbc154010d17b8c5d824d3dcbb379bbc8a4e8424cbff78bb956580dcd795f,3.4000000000000004,3263.0,537.0,False,13704,362,-1341,5
default_motor_005_631410,default,motor_005,631410,12251,348,137.0,3118,3072,561dbc154010d17b8c5d824d3dcbb379bbc8a4e8424cbff78bb956580dcd795f,3.1000000000000005,3157.0,517.0,False,13704,362,-1453,-14
default_mode_cell_00_631410,default,mode_cell_00,631410,11783,338,137.0,3118,3072,561dbc154010d17b8c5d824d3dcbb379bbc8a4e8424cbff78bb956580dcd795f,3.0,2323.0,424.0,False,13704,362,-1921,-24
default_mode_cell_01_631410,default,mode_cell_01,631410,13704,362,137.0,3118,3072,561dbc154010d17b8c5d824d3dcbb379bbc8a4e8424cbff78bb956580dcd795f,3.0,0.0,0.0,True,13704,362,0,0
default_mode_cell_02_631410,default,mode_cell_02,631410,13704,362,137.0,3118,3072,561dbc154010d17b8c5d824d3dcbb379bbc8a4e8424cbff78bb956580dcd795f,3.0,0.0,0.0,True,13704,362,0,0
default_mode_cell_03_631410,default,mode_cell_03,631410,13653,360,138.0,3118,3072,561dbc154010d17b8c5d824d3dcbb379bbc8a4e8424cbff78bb956580dcd795f,2.9000000000000004,663.0,102.0,False,13704,362,-51,-2
default_mode_cell_04_631410,default,mode_cell_04,631410,13704,362,137.0,3118,3072,561dbc154010d17b8c5d824d3dcbb379bbc8a4e8424cbff78bb956580dcd795f,3.0,0.0,0.0,True,13704,362,0,0
default_mode_cell_05_631410,default,mode_cell_05,631410,13704,362,137.0,3118,3072,561dbc154010d17b8c5d824d3dcbb379bbc8a4e8424cbff78bb956580dcd795f,3.0,0.0,0.0,True,13704,362,0,0
default_mode_cell_06_631410,default,mode_cell_06,631410,13749,349,137.0,3118,3072,561dbc154010d17b8c5d824d3dcbb379bbc8a4e8424cbff78bb956580dcd795f,2.9000000000000004,553.0,70.0,False,13704,362,45,-13
default_mode_cell_07_631410,default,mode_cell_07,631410,15724,372,138.0,3118,3072,561dbc154010d17b8c5d824d3dcbb379bbc8a4e8424cbff78bb956580dcd795f,2.8,2436.0,371.0,False,13704,362,2020,10
default_mode_cell_08_631410,default,mode_cell_08,631410,13300,346,137.0,3118,3072,561dbc154010d17b8c5d824d3dcbb379bbc8a4e8424cbff78bb956580dcd795f,3.0,1342.0,251.0,False,13704,362,-404,-16
default_mode_cell_09_631410,default,mode_cell_09,631410,13704,362,137.0,3118,3072,561dbc154010d17b8c5d824d3dcbb379bbc8a4e8424cbff78bb956580dcd795f,3.0,0.0,0.0,True,13704,362,0,0
default_mode_cell_10_631410,default,mode_cell_10,631410,13475,355,137.0,3118,3072,561dbc154010d17b8c5d824d3dcbb379bbc8a4e8424cbff78bb956580dcd795f,3.0,585.0,94.0,False,13704,362,-229,-7
default_mode_cell_11_631410,default,mode_cell_11,631410,13704,362,137.0,3118,3072,561dbc154010d17b8c5d824d3dcbb379bbc8a4e8424cbff78bb956580dcd795f,3.0,0.0,0.0,True,13704,362,0,0
default_mode_cell_12_631410,default,mode_cell_12,631410,13507,340,138.0,3118,3072,561dbc154010d17b8c5d824d3dcbb379bbc8a4e8424cbff78bb956580dcd795f,3.0,767.0,138.0,False,13704,362,-197,-22
default_mode_cell_13_631410,default,mode_cell_13,631410,12864,338,138.0,3118,3072,561dbc154010d17b8c5d824d3dcbb379bbc8a4e8424cbff78bb956580dcd795f,2.9000000000000004,1288.0,239.0,False,13704,362,-840,-24
default_mode_cell_14_631410,default,mode_cell_14,631410,13704,362,137.0,3118,3072,561dbc154010d17b8c5d824d3dcbb379bbc8a4e8424cbff78bb956580dcd795f,3.0,0.0,0.0,True,13704,362,0,0
default_mode_cell_15_631410,default,mode_cell_15,631410,13710,357,138.0,3118,3072,561dbc154010d17b8c5d824d3dcbb379bbc8a4e8424cbff78bb956580dcd795f,3.1000000000000005,1100.0,159.0,False,13704,362,6,-5
default_mode_cell_16_631410,default,mode_cell_16,631410,13704,362,137.0,3118,3072,561dbc154010d17b8c5d824d3dcbb379bbc8a4e8424cbff78bb956580dcd795f,3.0,0.0,0.0,True,13704,362,0,0
default_mode_cell_17_631410,default,mode_cell_17,631410,13178,365,138.0,3118,3072,561dbc154010d17b8c5d824d3dcbb379bbc8a4e8424cbff78bb956580dcd795f,3.0,1074.0,201.0,False,13704,362,-526,3
default_mode_cell_18_631410,default,mode_cell_18,631410,13515,358,139.0,3118,3072,561dbc154010d17b8c5d824d3dcbb379bbc8a4e8424cbff78bb956580dcd795f,2.8,769.0,87.0,False,13704,362,-189,-4
default_mode_cell_19_631410,default,mode_cell_19,631410,13860,353,138.0,3118,3072,561dbc154010d17b8c5d824d3dcbb379bbc8a4e8424cbff78bb956580dcd795f,2.8,860.0,114.0,False,13704,362,156,-9
default_mode_cell_20_631410,default,mode_cell_20,631410,13506,352,137.0,3118,3072,561dbc154010d17b8c5d824d3dcbb379bbc8a4e8424cbff78bb956580dcd795f,3.0,694.0,82.0,False,13704,362,-198,-10
default_mode_cell_21_631410,default,mode_cell_21,631410,13704,362,137.0,3118,3072,561dbc154010d17b8c5d824d3dcbb379bbc8a4e8424cbff78bb956580dcd795f,3.0,0.0,0.0,True,13704,362,0,0
default_mode_cell_22_631410,default,mode_cell_22,631410,13704,362,137.0,3118,3072,561dbc154010d17b8c5d824d3dcbb379bbc8a4e8424cbff78bb956580dcd795f,3.0,0.0,0.0,True,13704,362,0,0
default_mode_cell_23_631410,default,mode_cell_23,631410,13704,362,137.0,3118,3072,561dbc154010d17b8c5d824d3dcbb379bbc8a4e8424cbff78bb956580dcd795f,3.0,0.0,0.0,True,13704,362,0,0
default_mode_cell_24_631410,default,mode_cell_24,631410,12244,336,137.0,3118,3072,561dbc154010d17b8c5d824d3dcbb379bbc8a4e8424cbff78bb956580dcd795f,3.1000000000000005,2102.0,434.0,False,13704,362,-1460,-26
default_mode_cell_25_631410,default,mode_cell_25,631410,13379,365,138.0,3118,3072,561dbc154010d17b8c5d824d3dcbb379bbc8a4e8424cbff78bb956580dcd795f,3.2,677.0,98.0,False,13704,362,-325,3
default_mode_cell_26_631410,default,mode_cell_26,631410,13704,362,137.0,3118,3072,561dbc154010d17b8c5d824d3dcbb379bbc8a4e8424cbff78bb956580dcd795f,3.0,0.0,0.0,True,13704,362,0,0
default_mode_cell_27_631410,default,mode_cell_27,631410,13704,362,137.0,3118,3072,561dbc154010d17b8c5d824d3dcbb379bbc8a4e8424cbff78bb956580dcd795f,3.0,0.0,0.0,True,13704,362,0,0
default_mode_cell_28_631410,default,mode_cell_28,631410,13704,362,137.0,3118,3072,561dbc154010d17b8c5d824d3dcbb379bbc8a4e8424cbff78bb956580dcd795f,3.0,0.0,0.0,True,13704,362,0,0
default_mode_cell_29_631410,default,mode_cell_29,631410,13704,362,137.0,3118,3072,561dbc154010d17b8c5d824d3dcbb379bbc8a4e8424cbff78bb956580dcd795f,3.0,0.0,0.0,True,13704,362,0,0
default_mode_cell_30_631410,default,mode_cell_30,631410,13538,365,137.0,3118,3072,561dbc154010d17b8c5d824d3dcbb379bbc8a4e8424cbff78bb956580dcd795f,3.0,710.0,114.0,False,13704,362,-166,3
default_mode_cell_31_631410,default,mode_cell_31,631410,13682,369,138.0,3118,3072,561dbc154010d17b8c5d824d3dcbb379bbc8a4e8424cbff78bb956580dcd795f,3.2,600.0,68.0,False,13704,362,-22,7
default_mode_cell_32_631410,default,mode_cell_32,631410,13838,348,138.0,3118,3072,561dbc154010d17b8c5d824d3dcbb379bbc8a4e8424cbff78bb956580dcd795f,3.0,706.0,89.0,False,13704,362,134,-14
default_mode_cell_33_631410,default,mode_cell_33,631410,13704,362,137.0,3118,3072,561dbc154010d17b8c5d824d3dcbb379bbc8a4e8424cbff78bb956580dcd795f,3.0,0.0,0.0,True,13704,362,0,0
default_mode_cell_34_631410,default,mode_cell_34,631410,13704,362,137.0,3118,3072,561dbc154010d17b8c5d824d3dcbb379bbc8a4e8424cbff78bb956580dcd795f,3.0,0.0,0.0,True,13704,362,0,0
default_mode_cell_35_631410,default,mode_cell_35,631410,13704,362,137.0,3118,3072,561dbc154010d17b8c5d824d3dcbb379bbc8a4e8424cbff78bb956580dcd795f,3.0,0.0,0.0,True,13704,362,0,0
default_mode_cell_36_631410,default,mode_cell_36,631410,13574,352,137.0,3118,3072,561dbc154010d17b8c5d824d3dcbb379bbc8a4e8424cbff78bb956580dcd795f,3.1000000000000005,902.0,140.0,False,13704,362,-130,-10
default_mode_cell_37_631410,default,mode_cell_37,631410,13818,357,137.0,3118,3072,561dbc154010d17b8c5d824d3dcbb379bbc8a4e8424cbff78bb956580dcd795f,3.0,656.0,91.0,False,13704,362,114,-5
default_mode_cell_38_631410,default,mode_cell_38,631410,13813,349,138.0,3118,3072,561dbc154010d17b8c5d824d3dcbb379bbc8a4e8424cbff78bb956580dcd795f,2.9000000000000004,771.0,107.0,False,13704,362,109,-13
default_mode_cell_39_631410,default,mode_cell_39,631410,13891,368,138.0,3118,3072,561dbc154010d17b8c5d824d3dcbb379bbc8a4e8424cbff78bb956580dcd795f,3.0,891.0,116.0,False,13704,362,187,6
default_mode_cell_40_631410,default,mode_cell_40,631410,13807,373,138.0,3118,3072,561dbc154010d17b8c5d824d3dcbb379bbc8a4e8424cbff78bb956580dcd795f,3.1000000000000005,645.0,98.0,False,13704,362,103,11
default_mode_cell_41_631410,default,mode_cell_41,631410,13279,338,138.0,3118,3072,561dbc154010d17b8c5d824d3dcbb379bbc8a4e8424cbff78bb956580dcd795f,3.2,883.0,107.0,False,13704,362,-425,-24
default_mode_cell_42_631410,default,mode_cell_42,631410,13704,362,137.0,3118,3072,561dbc154010d17b8c5d824d3dcbb379bbc8a4e8424cbff78bb956580dcd795f,3.0,0.0,0.0,True,13704,362,0,0
default_mode_cell_43_631410,default,mode_cell_43,631410,13667,355,137.0,3118,3072,561dbc154010d17b8c5d824d3dcbb379bbc8a4e8424cbff78bb956580dcd795f,3.0,709.0,101.0,False,13704,362,-37,-7
default_mode_cell_44_631410,default,mode_cell_44,631410,13704,362,137.0,3118,3072,561dbc154010d17b8c5d824d3dcbb379bbc8a4e8424cbff78bb956580dcd795f,3.0,0.0,0.0,True,13704,362,0,0
default_mode_cell_45_631410,default,mode_cell_45,631410,13704,362,137.0,3118,3072,561dbc154010d17b8c5d824d3dcbb379bbc8a4e8424cbff78bb956580dcd795f,3.0,0.0,0.0,True,13704,362,0,0
default_mode_cell_46_631410,default,mode_cell_46,631410,13669,366,139.0,3118,3072,561dbc154010d17b8c5d824d3dcbb379bbc8a4e8424cbff78bb956580dcd795f,3.1000000000000005,645.0,108.0,False,13704,362,-35,4
default_mode_cell_47_631410,default,mode_cell_47,631410,15396,368,207.0,3118,3072,561dbc154010d17b8c5d824d3dcbb379bbc8a4e8424cbff78bb956580dcd795f,2.8,2474.0,365.0,False,13704,362,1692,6
default_mode_cell_48_631410,default,mode_cell_48,631410,13760,356,138.0,3118,3072,561dbc154010d17b8c5d824d3dcbb379bbc8a4e8424cbff78bb956580dcd795f,3.0,634.0,68.0,False,13704,362,56,-6
default_mode_cell_49_631410,default,mode_cell_49,631410,13704,362,137.0,3118,3072,561dbc154010d17b8c5d824d3dcbb379bbc8a4e8424cbff78bb956580dcd795f,3.0,0.0,0.0,True,13704,362,0,0
default_mode_631411,default,mode,631411,12908,278,193.0,3226,3176,22c7bbdba5b1f37cef84a66f763b43c863ac85629eb59bf6f9c0097493189b0b,2.9000000000000004,5002.0,1138.0,False,14144,367,-1236,-89
default_mode_without_mn9_631411,default,mode_without_mn9,631411,13062,297,207.0,3226,3176,22c7bbdba5b1f37cef84a66f763b43c863ac85629eb59bf6f9c0097493189b0b,2.9000000000000004,5116.0,1162.0,False,14144,367,-1082,-70
default_mn9_only_631411,default,mn9_only,631411,14006,357,140.0,3226,3176,22c7bbdba5b1f37cef84a66f763b43c863ac85629eb59bf6f9c0097493189b0b,3.0,638.0,76.0,False,14144,367,-138,-10
default_motor_003_631411,default,motor_003,631411,12694,357,138.0,3226,3176,22c7bbdba5b1f37cef84a66f763b43c863ac85629eb59bf6f9c0097493189b0b,3.2,3380.0,535.0,False,14144,367,-1450,-10
default_motor_004_631411,default,motor_004,631411,12588,372,140.0,3226,3176,22c7bbdba5b1f37cef84a66f763b43c863ac85629eb59bf6f9c0097493189b0b,3.2,3388.0,573.0,False,14144,367,-1556,5
default_motor_005_631411,default,motor_005,631411,12576,369,140.0,3226,3176,22c7bbdba5b1f37cef84a66f763b43c863ac85629eb59bf6f9c0097493189b0b,3.3,3484.0,581.0,False,14144,367,-1568,2
default_mode_cell_00_631411,default,mode_cell_00,631411,12979,349,139.0,3226,3176,22c7bbdba5b1f37cef84a66f763b43c863ac85629eb59bf6f9c0097493189b0b,3.2,1963.0,369.0,False,14144,367,-1165,-18
default_mode_cell_01_631411,default,mode_cell_01,631411,14144,367,140.0,3226,3176,22c7bbdba5b1f37cef84a66f763b43c863ac85629eb59bf6f9c0097493189b0b,3.0,0.0,0.0,True,14144,367,0,0
default_mode_cell_02_631411,default,mode_cell_02,631411,14144,367,140.0,3226,3176,22c7bbdba5b1f37cef84a66f763b43c863ac85629eb59bf6f9c0097493189b0b,3.0,0.0,0.0,True,14144,367,0,0
default_mode_cell_03_631411,default,mode_cell_03,631411,13704,358,140.0,3226,3176,22c7bbdba5b1f37cef84a66f763b43c863ac85629eb59bf6f9c0097493189b0b,3.0,1006.0,122.0,False,14144,367,-440,-9
default_mode_cell_04_631411,default,mode_cell_04,631411,14144,367,140.0,3226,3176,22c7bbdba5b1f37cef84a66f763b43c863ac85629eb59bf6f9c0097493189b0b,3.0,0.0,0.0,True,14144,367,0,0
default_mode_cell_05_631411,default,mode_cell_05,631411,14144,367,140.0,3226,3176,22c7bbdba5b1f37cef84a66f763b43c863ac85629eb59bf6f9c0097493189b0b,3.0,0.0,0.0,True,14144,367,0,0
default_mode_cell_06_631411,default,mode_cell_06,631411,13947,364,140.0,3226,3176,22c7bbdba5b1f37cef84a66f763b43c863ac85629eb59bf6f9c0097493189b0b,2.9000000000000004,615.0,79.0,False,14144,367,-197,-3
default_mode_cell_07_631411,default,mode_cell_07,631411,16196,376,140.0,3226,3176,22c7bbdba5b1f37cef84a66f763b43c863ac85629eb59bf6f9c0097493189b0b,3.0,2504.0,426.0,False,14144,367,2052,9
default_mode_cell_08_631411,default,mode_cell_08,631411,13118,355,140.0,3226,3176,22c7bbdba5b1f37cef84a66f763b43c863ac85629eb59bf6f9c0097493189b0b,2.9000000000000004,1590.0,226.0,False,14144,367,-1026,-12
default_mode_cell_09_631411,default,mode_cell_09,631411,14144,367,140.0,3226,3176,22c7bbdba5b1f37cef84a66f763b43c863ac85629eb59bf6f9c0097493189b0b,3.0,0.0,0.0,True,14144,367,0,0
default_mode_cell_10_631411,default,mode_cell_10,631411,14290,375,141.0,3226,3176,22c7bbdba5b1f37cef84a66f763b43c863ac85629eb59bf6f9c0097493189b0b,2.9000000000000004,770.0,87.0,False,14144,367,146,8
default_mode_cell_11_631411,default,mode_cell_11,631411,14144,367,140.0,3226,3176,22c7bbdba5b1f37cef84a66f763b43c863ac85629eb59bf6f9c0097493189b0b,3.0,0.0,0.0,True,14144,367,0,0
default_mode_cell_12_631411,default,mode_cell_12,631411,13793,341,140.0,3226,3176,22c7bbdba5b1f37cef84a66f763b43c863ac85629eb59bf6f9c0097493189b0b,3.0,947.0,155.0,False,14144,367,-351,-26
default_mode_cell_13_631411,default,mode_cell_13,631411,13795,341,139.0,3226,3176,22c7bbdba5b1f37cef84a66f763b43c863ac85629eb59bf6f9c0097493189b0b,3.0,931.0,152.0,False,14144,367,-349,-26
default_mode_cell_14_631411,default,mode_cell_14,631411,14144,367,140.0,3226,3176,22c7bbdba5b1f37cef84a66f763b43c863ac85629eb59bf6f9c0097493189b0b,3.0,0.0,0.0,True,14144,367,0,0
default_mode_cell_15_631411,default,mode_cell_15,631411,13818,361,139.0,3226,3176,22c7bbdba5b1f37cef84a66f763b43c863ac85629eb59bf6f9c0097493189b0b,3.0,730.0,103.0,False,14144,367,-326,-6
default_mode_cell_16_631411,default,mode_cell_16,631411,14144,367,140.0,3226,3176,22c7bbdba5b1f37cef84a66f763b43c863ac85629eb59bf6f9c0097493189b0b,3.0,0.0,0.0,True,14144,367,0,0
default_mode_cell_17_631411,default,mode_cell_17,631411,13852,365,140.0,3226,3176,22c7bbdba5b1f37cef84a66f763b43c863ac85629eb59bf6f9c0097493189b0b,3.0,942.0,176.0,False,14144,367,-292,-2
default_mode_cell_18_631411,default,mode_cell_18,631411,13832,352,140.0,3226,3176,22c7bbdba5b1f37cef84a66f763b43c863ac85629eb59bf6f9c0097493189b0b,3.0,792.0,107.0,False,14144,367,-312,-15
default_mode_cell_19_631411,default,mode_cell_19,631411,14291,374,140.0,3226,3176,22c7bbdba5b1f37cef84a66f763b43c863ac85629eb59bf6f9c0097493189b0b,3.0,909.0,136.0,False,14144,367,147,7
default_mode_cell_20_631411,default,mode_cell_20,631411,14437,365,139.0,3226,3176,22c7bbdba5b1f37cef84a66f763b43c863ac85629eb59bf6f9c0097493189b0b,3.0,695.0,104.0,False,14144,367,293,-2
default_mode_cell_21_631411,default,mode_cell_21,631411,14144,367,140.0,3226,3176,22c7bbdba5b1f37cef84a66f763b43c863ac85629eb59bf6f9c0097493189b0b,3.0,0.0,0.0,True,14144,367,0,0
default_mode_cell_22_631411,default,mode_cell_22,631411,14144,367,140.0,3226,3176,22c7bbdba5b1f37cef84a66f763b43c863ac85629eb59bf6f9c0097493189b0b,3.0,0.0,0.0,True,14144,367,0,0
default_mode_cell_23_631411,default,mode_cell_23,631411,14144,367,140.0,3226,3176,22c7bbdba5b1f37cef84a66f763b43c863ac85629eb59bf6f9c0097493189b0b,3.0,0.0,0.0,True,14144,367,0,0
default_mode_cell_24_631411,default,mode_cell_24,631411,12241,308,140.0,3226,3176,22c7bbdba5b1f37cef84a66f763b43c863ac85629eb59bf6f9c0097493189b0b,3.1000000000000005,2457.0,435.0,False,14144,367,-1903,-59
default_mode_cell_25_631411,default,mode_cell_25,631411,13849,360,140.0,3226,3176,22c7bbdba5b1f37cef84a66f763b43c863ac85629eb59bf6f9c0097493189b0b,3.0,699.0,86.0,False,14144,367,-295,-7
default_mode_cell_26_631411,default,mode_cell_26,631411,14144,367,140.0,3226,3176,22c7bbdba5b1f37cef84a66f763b43c863ac85629eb59bf6f9c0097493189b0b,3.0,0.0,0.0,True,14144,367,0,0
default_mode_cell_27_631411,default,mode_cell_27,631411,14144,367,140.0,3226,3176,22c7bbdba5b1f37cef84a66f763b43c863ac85629eb59bf6f9c0097493189b0b,3.0,0.0,0.0,True,14144,367,0,0
default_mode_cell_28_631411,default,mode_cell_28,631411,14144,367,140.0,3226,3176,22c7bbdba5b1f37cef84a66f763b43c863ac85629eb59bf6f9c0097493189b0b,3.0,0.0,0.0,True,14144,367,0,0
default_mode_cell_29_631411,default,mode_cell_29,631411,14144,367,140.0,3226,3176,22c7bbdba5b1f37cef84a66f763b43c863ac85629eb59bf6f9c0097493189b0b,3.0,0.0,0.0,True,14144,367,0,0
default_mode_cell_30_631411,default,mode_cell_30,631411,13999,363,139.0,3226,3176,22c7bbdba5b1f37cef84a66f763b43c863ac85629eb59bf6f9c0097493189b0b,3.0,617.0,67.0,False,14144,367,-145,-4
default_mode_cell_31_631411,default,mode_cell_31,631411,13636,362,141.0,3226,3176,22c7bbdba5b1f37cef84a66f763b43c863ac85629eb59bf6f9c0097493189b0b,2.9000000000000004,810.0,98.0,False,14144,367,-508,-5
default_mode_cell_32_631411,default,mode_cell_32,631411,14143,358,140.0,3226,3176,22c7bbdba5b1f37cef84a66f763b43c863ac85629eb59bf6f9c0097493189b0b,2.9000000000000004,597.0,99.0,False,14144,367,-1,-9
default_mode_cell_33_631411,default,mode_cell_33,631411,14144,367,140.0,3226,3176,22c7bbdba5b1f37cef84a66f763b43c863ac85629eb59bf6f9c0097493189b0b,3.0,0.0,0.0,True,14144,367,0,0
default_mode_cell_34_631411,default,mode_cell_34,631411,14144,367,140.0,3226,3176,22c7bbdba5b1f37cef84a66f763b43c863ac85629eb59bf6f9c0097493189b0b,3.0,0.0,0.0,True,14144,367,0,0
default_mode_cell_35_631411,default,mode_cell_35,631411,14144,367,140.0,3226,3176,22c7bbdba5b1f37cef84a66f763b43c863ac85629eb59bf6f9c0097493189b0b,3.0,0.0,0.0,True,14144,367,0,0
default_mode_cell_36_631411,default,mode_cell_36,631411,14029,364,140.0,3226,3176,22c7bbdba5b1f37cef84a66f763b43c863ac85629eb59bf6f9c0097493189b0b,3.0,639.0,123.0,False,14144,367,-115,-3
default_mode_cell_37_631411,default,mode_cell_37,631411,13993,361,141.0,3226,3176,22c7bbdba5b1f37cef84a66f763b43c863ac85629eb59bf6f9c0097493189b0b,3.0,691.0,88.0,False,14144,367,-151,-6
default_mode_cell_38_631411,default,mode_cell_38,631411,14391,355,140.0,3226,3176,22c7bbdba5b1f37cef84a66f763b43c863ac85629eb59bf6f9c0097493189b0b,3.0,771.0,94.0,False,14144,367,247,-12
default_mode_cell_39_631411,default,mode_cell_39,631411,14102,366,139.0,3226,3176,22c7bbdba5b1f37cef84a66f763b43c863ac85629eb59bf6f9c0097493189b0b,3.1000000000000005,568.0,71.0,False,14144,367,-42,-1
default_mode_cell_40_631411,default,mode_cell_40,631411,14178,356,139.0,3226,3176,22c7bbdba5b1f37cef84a66f763b43c863ac85629eb59bf6f9c0097493189b0b,2.8,688.0,80.0,False,14144,367,34,-11
default_mode_cell_41_631411,default,mode_cell_41,631411,13865,350,140.0,3226,3176,22c7bbdba5b1f37cef84a66f763b43c863ac85629eb59bf6f9c0097493189b0b,2.9000000000000004,827.0,139.0,False,14144,367,-279,-17
default_mode_cell_42_631411,default,mode_cell_42,631411,14144,367,140.0,3226,3176,22c7bbdba5b1f37cef84a66f763b43c863ac85629eb59bf6f9c0097493189b0b,3.0,0.0,0.0,True,14144,367,0,0
default_mode_cell_43_631411,default,mode_cell_43,631411,14214,369,139.0,3226,3176,22c7bbdba5b1f37cef84a66f763b43c863ac85629eb59bf6f9c0097493189b0b,3.0,674.0,90.0,False,14144,367,70,2
default_mode_cell_44_631411,default,mode_cell_44,631411,14144,367,140.0,3226,3176,22c7bbdba5b1f37cef84a66f763b43c863ac85629eb59bf6f9c0097493189b0b,3.0,0.0,0.0,True,14144,367,0,0
default_mode_cell_45_631411,default,mode_cell_45,631411,14144,367,140.0,3226,3176,22c7bbdba5b1f37cef84a66f763b43c863ac85629eb59bf6f9c0097493189b0b,3.0,0.0,0.0,True,14144,367,0,0
default_mode_cell_46_631411,default,mode_cell_46,631411,13862,357,140.0,3226,3176,22c7bbdba5b1f37cef84a66f763b43c863ac85629eb59bf6f9c0097493189b0b,3.0,600.0,102.0,False,14144,367,-282,-10
default_mode_cell_47_631411,default,mode_cell_47,631411,15763,374,208.0,3226,3176,22c7bbdba5b1f37cef84a66f763b43c863ac85629eb59bf6f9c0097493189b0b,2.8,2119.0,316.0,False,14144,367,1619,7
default_mode_cell_48_631411,default,mode_cell_48,631411,14035,361,139.0,3226,3176,22c7bbdba5b1f37cef84a66f763b43c863ac85629eb59bf6f9c0097493189b0b,2.9000000000000004,671.0,101.0,False,14144,367,-109,-6
default_mode_cell_49_631411,default,mode_cell_49,631411,14144,367,140.0,3226,3176,22c7bbdba5b1f37cef84a66f763b43c863ac85629eb59bf6f9c0097493189b0b,3.0,0.0,0.0,True,14144,367,0,0
default_mode_631412,default,mode,631412,12619,268,200.0,3219,3155,8a950cbb70621f799e7b21b7adce161b71f800da95c71582ce42614881a76e54,2.9000000000000004,5044.0,1154.0,False,13975,367,-1356,-99
default_mode_without_mn9_631412,default,mode_without_mn9,631412,12442,280,189.0,3219,3155,8a950cbb70621f799e7b21b7adce161b71f800da95c71582ce42614881a76e54,2.9000000000000004,4891.0,1139.0,False,13975,367,-1533,-87
default_mn9_only_631412,default,mn9_only,631412,14409,374,139.0,3219,3155,8a950cbb70621f799e7b21b7adce161b71f800da95c71582ce42614881a76e54,3.0,876.0,108.0,False,13975,367,434,7
default_motor_003_631412,default,motor_003,631412,12335,347,139.0,3219,3155,8a950cbb70621f799e7b21b7adce161b71f800da95c71582ce42614881a76e54,3.0,3480.0,527.0,False,13975,367,-1640,-20
default_motor_004_631412,default,motor_004,631412,12126,356,139.0,3219,3155,8a950cbb70621f799e7b21b7adce161b71f800da95c71582ce42614881a76e54,3.1000000000000005,3481.0,525.0,False,13975,367,-1849,-11
default_motor_005_631412,default,motor_005,631412,11990,338,139.0,3219,3155,8a950cbb70621f799e7b21b7adce161b71f800da95c71582ce42614881a76e54,2.8,3567.0,543.0,False,13975,367,-1985,-29
default_mode_cell_00_631412,default,mode_cell_00,631412,11858,332,139.0,3219,3155,8a950cbb70621f799e7b21b7adce161b71f800da95c71582ce42614881a76e54,3.0,2593.0,437.0,False,13975,367,-2117,-35
default_mode_cell_01_631412,default,mode_cell_01,631412,13975,367,139.0,3219,3155,8a950cbb70621f799e7b21b7adce161b71f800da95c71582ce42614881a76e54,3.0,0.0,0.0,True,13975,367,0,0
default_mode_cell_02_631412,default,mode_cell_02,631412,13975,367,139.0,3219,3155,8a950cbb70621f799e7b21b7adce161b71f800da95c71582ce42614881a76e54,3.0,0.0,0.0,True,13975,367,0,0
default_mode_cell_03_631412,default,mode_cell_03,631412,13823,367,139.0,3219,3155,8a950cbb70621f799e7b21b7adce161b71f800da95c71582ce42614881a76e54,2.9000000000000004,770.0,135.0,False,13975,367,-152,0
default_mode_cell_04_631412,default,mode_cell_04,631412,13975,367,139.0,3219,3155,8a950cbb70621f799e7b21b7adce161b71f800da95c71582ce42614881a76e54,3.0,0.0,0.0,True,13975,367,0,0
default_mode_cell_05_631412,default,mode_cell_05,631412,13975,367,139.0,3219,3155,8a950cbb70621f799e7b21b7adce161b71f800da95c71582ce42614881a76e54,3.0,0.0,0.0,True,13975,367,0,0
default_mode_cell_06_631412,default,mode_cell_06,631412,14007,372,139.0,3219,3155,8a950cbb70621f799e7b21b7adce161b71f800da95c71582ce42614881a76e54,2.9000000000000004,584.0,78.0,False,13975,367,32,5
default_mode_cell_07_631412,default,mode_cell_07,631412,15783,373,139.0,3219,3155,8a950cbb70621f799e7b21b7adce161b71f800da95c71582ce42614881a76e54,3.0,2222.0,421.0,False,13975,367,1808,6
default_mode_cell_08_631412,default,mode_cell_08,631412,13273,340,140.0,3219,3155,8a950cbb70621f799e7b21b7adce161b71f800da95c71582ce42614881a76e54,3.1000000000000005,1200.0,162.0,False,13975,367,-702,-27
default_mode_cell_09_631412,default,mode_cell_09,631412,13975,367,139.0,3219,3155,8a950cbb70621f799e7b21b7adce161b71f800da95c71582ce42614881a76e54,3.0,0.0,0.0,True,13975,367,0,0
default_mode_cell_10_631412,default,mode_cell_10,631412,13805,366,140.0,3219,3155,8a950cbb70621f799e7b21b7adce161b71f800da95c71582ce42614881a76e54,3.0,788.0,91.0,False,13975,367,-170,-1
default_mode_cell_11_631412,default,mode_cell_11,631412,13975,367,139.0,3219,3155,8a950cbb70621f799e7b21b7adce161b71f800da95c71582ce42614881a76e54,3.0,0.0,0.0,True,13975,367,0,0
default_mode_cell_12_631412,default,mode_cell_12,631412,13838,358,139.0,3219,3155,8a950cbb70621f799e7b21b7adce161b71f800da95c71582ce42614881a76e54,3.1000000000000005,761.0,126.0,False,13975,367,-137,-9
default_mode_cell_13_631412,default,mode_cell_13,631412,12501,337,139.0,3219,3155,8a950cbb70621f799e7b21b7adce161b71f800da95c71582ce42614881a76e54,3.1000000000000005,1786.0,295.0,False,13975,367,-1474,-30
default_mode_cell_14_631412,default,mode_cell_14,631412,13975,367,139.0,3219,3155,8a950cbb70621f799e7b21b7adce161b71f800da95c71582ce42614881a76e54,3.0,0.0,0.0,True,13975,367,0,0
default_mode_cell_15_631412,default,mode_cell_15,631412,14100,369,139.0,3219,3155,8a950cbb70621f799e7b21b7adce161b71f800da95c71582ce42614881a76e54,3.3,681.0,101.0,False,13975,367,125,2
default_mode_cell_16_631412,default,mode_cell_16,631412,13975,367,139.0,3219,3155,8a950cbb70621f799e7b21b7adce161b71f800da95c71582ce42614881a76e54,3.0,0.0,0.0,True,13975,367,0,0
default_mode_cell_17_631412,default,mode_cell_17,631412,13764,367,139.0,3219,3155,8a950cbb70621f799e7b21b7adce161b71f800da95c71582ce42614881a76e54,3.0,851.0,155.0,False,13975,367,-211,0
default_mode_cell_18_631412,default,mode_cell_18,631412,13667,349,139.0,3219,3155,8a950cbb70621f799e7b21b7adce161b71f800da95c71582ce42614881a76e54,3.0,1082.0,121.0,False,13975,367,-308,-18
default_mode_cell_19_631412,default,mode_cell_19,631412,14212,367,139.0,3219,3155,8a950cbb70621f799e7b21b7adce161b71f800da95c71582ce42614881a76e54,3.1000000000000005,859.0,134.0,False,13975,367,237,0
default_mode_cell_20_631412,default,mode_cell_20,631412,13857,349,139.0,3219,3155,8a950cbb70621f799e7b21b7adce161b71f800da95c71582ce42614881a76e54,3.1000000000000005,724.0,100.0,False,13975,367,-118,-18
default_mode_cell_21_631412,default,mode_cell_21,631412,13975,367,139.0,3219,3155,8a950cbb70621f799e7b21b7adce161b71f800da95c71582ce42614881a76e54,3.0,0.0,0.0,True,13975,367,0,0
default_mode_cell_22_631412,default,mode_cell_22,631412,13975,367,139.0,3219,3155,8a950cbb70621f799e7b21b7adce161b71f800da95c71582ce42614881a76e54,3.0,0.0,0.0,True,13975,367,0,0
default_mode_cell_23_631412,default,mode_cell_23,631412,13975,367,139.0,3219,3155,8a950cbb70621f799e7b21b7adce161b71f800da95c71582ce42614881a76e54,3.0,0.0,0.0,True,13975,367,0,0
default_mode_cell_24_631412,default,mode_cell_24,631412,12218,321,139.0,3219,3155,8a950cbb70621f799e7b21b7adce161b71f800da95c71582ce42614881a76e54,3.1000000000000005,2457.0,427.0,False,13975,367,-1757,-46
default_mode_cell_25_631412,default,mode_cell_25,631412,13818,360,139.0,3219,3155,8a950cbb70621f799e7b21b7adce161b71f800da95c71582ce42614881a76e54,3.1000000000000005,697.0,83.0,False,13975,367,-157,-7
default_mode_cell_26_631412,default,mode_cell_26,631412,13975,367,139.0,3219,3155,8a950cbb70621f799e7b21b7adce161b71f800da95c71582ce42614881a76e54,3.0,0.0,0.0,True,13975,367,0,0
default_mode_cell_27_631412,default,mode_cell_27,631412,13975,367,139.0,3219,3155,8a950cbb70621f799e7b21b7adce161b71f800da95c71582ce42614881a76e54,3.0,0.0,0.0,True,13975,367,0,0
default_mode_cell_28_631412,default,mode_cell_28,631412,13975,367,139.0,3219,3155,8a950cbb70621f799e7b21b7adce161b71f800da95c71582ce42614881a76e54,3.0,0.0,0.0,True,13975,367,0,0
default_mode_cell_29_631412,default,mode_cell_29,631412,13975,367,139.0,3219,3155,8a950cbb70621f799e7b21b7adce161b71f800da95c71582ce42614881a76e54,3.0,0.0,0.0,True,13975,367,0,0
default_mode_cell_30_631412,default,mode_cell_30,631412,13947,367,139.0,3219,3155,8a950cbb70621f799e7b21b7adce161b71f800da95c71582ce42614881a76e54,3.0,634.0,106.0,False,13975,367,-28,0
default_mode_cell_31_631412,default,mode_cell_31,631412,14097,373,139.0,3219,3155,8a950cbb70621f799e7b21b7adce161b71f800da95c71582ce42614881a76e54,3.0,620.0,71.0,False,13975,367,122,6
default_mode_cell_32_631412,default,mode_cell_32,631412,13959,366,139.0,3219,3155,8a950cbb70621f799e7b21b7adce161b71f800da95c71582ce42614881a76e54,3.1000000000000005,656.0,85.0,False,13975,367,-16,-1
default_mode_cell_33_631412,default,mode_cell_33,631412,13975,367,139.0,3219,3155,8a950cbb70621f799e7b21b7adce161b71f800da95c71582ce42614881a76e54,3.0,0.0,0.0,True,13975,367,0,0
default_mode_cell_34_631412,default,mode_cell_34,631412,13975,367,139.0,3219,3155,8a950cbb70621f799e7b21b7adce161b71f800da95c71582ce42614881a76e54,3.0,0.0,0.0,True,13975,367,0,0
default_mode_cell_35_631412,default,mode_cell_35,631412,13975,367,139.0,3219,3155,8a950cbb70621f799e7b21b7adce161b71f800da95c71582ce42614881a76e54,3.0,0.0,0.0,True,13975,367,0,0
default_mode_cell_36_631412,default,mode_cell_36,631412,13706,362,139.0,3219,3155,8a950cbb70621f799e7b21b7adce161b71f800da95c71582ce42614881a76e54,3.0,643.0,82.0,False,13975,367,-269,-5
default_mode_cell_37_631412,default,mode_cell_37,631412,13656,366,139.0,3219,3155,8a950cbb70621f799e7b21b7adce161b71f800da95c71582ce42614881a76e54,3.0,887.0,153.0,False,13975,367,-319,-1
default_mode_cell_38_631412,default,mode_cell_38,631412,13895,356,139.0,3219,3155,8a950cbb70621f799e7b21b7adce161b71f800da95c71582ce42614881a76e54,3.0,706.0,110.0,False,13975,367,-80,-11
default_mode_cell_39_631412,default,mode_cell_39,631412,13624,377,139.0,3219,3155,8a950cbb70621f799e7b21b7adce161b71f800da95c71582ce42614881a76e54,3.1000000000000005,863.0,125.0,False,13975,367,-351,10
default_mode_cell_40_631412,default,mode_cell_40,631412,13821,362,139.0,3219,3155,8a950cbb70621f799e7b21b7adce161b71f800da95c71582ce42614881a76e54,3.0,758.0,90.0,False,13975,367,-154,-5
default_mode_cell_41_631412,default,mode_cell_41,631412,13508,362,139.0,3219,3155,8a950cbb70621f799e7b21b7adce161b71f800da95c71582ce42614881a76e54,2.8,1007.0,132.0,False,13975,367,-467,-5
default_mode_cell_42_631412,default,mode_cell_42,631412,13975,367,139.0,3219,3155,8a950cbb70621f799e7b21b7adce161b71f800da95c71582ce42614881a76e54,3.0,0.0,0.0,True,13975,367,0,0
default_mode_cell_43_631412,default,mode_cell_43,631412,14268,350,139.0,3219,3155,8a950cbb70621f799e7b21b7adce161b71f800da95c71582ce42614881a76e54,3.1000000000000005,895.0,137.0,False,13975,367,293,-17
default_mode_cell_44_631412,default,mode_cell_44,631412,13975,367,139.0,3219,3155,8a950cbb70621f799e7b21b7adce161b71f800da95c71582ce42614881a76e54,3.0,0.0,0.0,True,13975,367,0,0
default_mode_cell_45_631412,default,mode_cell_45,631412,13975,367,139.0,3219,3155,8a950cbb70621f799e7b21b7adce161b71f800da95c71582ce42614881a76e54,3.0,0.0,0.0,True,13975,367,0,0
default_mode_cell_46_631412,default,mode_cell_46,631412,13708,362,139.0,3219,3155,8a950cbb70621f799e7b21b7adce161b71f800da95c71582ce42614881a76e54,3.1000000000000005,755.0,110.0,False,13975,367,-267,-5
default_mode_cell_47_631412,default,mode_cell_47,631412,15463,374,209.0,3219,3155,8a950cbb70621f799e7b21b7adce161b71f800da95c71582ce42614881a76e54,2.8,2066.0,298.0,False,13975,367,1488,7
default_mode_cell_48_631412,default,mode_cell_48,631412,13598,367,139.0,3219,3155,8a950cbb70621f799e7b21b7adce161b71f800da95c71582ce42614881a76e54,2.9000000000000004,857.0,77.0,False,13975,367,-377,0
default_mode_cell_49_631412,default,mode_cell_49,631412,13975,367,139.0,3219,3155,8a950cbb70621f799e7b21b7adce161b71f800da95c71582ce42614881a76e54,3.0,0.0,0.0,True,13975,367,0,0
default_mode_631413,default,mode,631413,12763,273,201.0,3264,3210,7f2670b931c35e7aa1a4d1c0c682c0045b38f5d7a6131756b2a6f74759e70005,2.9000000000000004,4938.0,1126.0,False,14149,352,-1386,-79
default_mode_without_mn9_631413,default,mode_without_mn9,631413,12965,276,205.0,3264,3210,7f2670b931c35e7aa1a4d1c0c682c0045b38f5d7a6131756b2a6f74759e70005,2.9000000000000004,4960.0,1106.0,False,14149,352,-1184,-76
default_mn9_only_631413,default,mn9_only,631413,13730,356,140.0,3264,3210,7f2670b931c35e7aa1a4d1c0c682c0045b38f5d7a6131756b2a6f74759e70005,3.0,847.0,115.0,False,14149,352,-419,4
default_motor_003_631413,default,motor_003,631413,12776,352,140.0,3264,3210,7f2670b931c35e7aa1a4d1c0c682c0045b38f5d7a6131756b2a6f74759e70005,3.2,3473.0,563.0,False,14149,352,-1373,0
default_motor_004_631413,default,motor_004,631413,12694,357,139.0,3264,3210,7f2670b931c35e7aa1a4d1c0c682c0045b38f5d7a6131756b2a6f74759e70005,3.2,3473.0,590.0,False,14149,352,-1455,5
default_motor_005_631413,default,motor_005,631413,12337,356,139.0,3264,3210,7f2670b931c35e7aa1a4d1c0c682c0045b38f5d7a6131756b2a6f74759e70005,3.1000000000000005,3638.0,584.0,False,14149,352,-1812,4
default_mode_cell_00_631413,default,mode_cell_00,631413,12469,343,139.0,3264,3210,7f2670b931c35e7aa1a4d1c0c682c0045b38f5d7a6131756b2a6f74759e70005,3.1000000000000005,2214.0,414.0,False,14149,352,-1680,-9
default_mode_cell_01_631413,default,mode_cell_01,631413,14149,352,139.0,3264,3210,7f2670b931c35e7aa1a4d1c0c682c0045b38f5d7a6131756b2a6f74759e70005,3.0,0.0,0.0,True,14149,352,0,0
default_mode_cell_02_631413,default,mode_cell_02,631413,14149,352,139.0,3264,3210,7f2670b931c35e7aa1a4d1c0c682c0045b38f5d7a6131756b2a6f74759e70005,3.0,0.0,0.0,True,14149,352,0,0
default_mode_cell_03_631413,default,mode_cell_03,631413,14012,364,139.0,3264,3210,7f2670b931c35e7aa1a4d1c0c682c0045b38f5d7a6131756b2a6f74759e70005,3.3,791.0,107.0,False,14149,352,-137,12
default_mode_cell_04_631413,default,mode_cell_04,631413,14149,352,139.0,3264,3210,7f2670b931c35e7aa1a4d1c0c682c0045b38f5d7a6131756b2a6f74759e70005,3.0,0.0,0.0,True,14149,352,0,0
default_mode_cell_05_631413,default,mode_cell_05,631413,14149,352,139.0,3264,3210,7f2670b931c35e7aa1a4d1c0c682c0045b38f5d7a6131756b2a6f74759e70005,3.0,0.0,0.0,True,14149,352,0,0
default_mode_cell_06_631413,default,mode_cell_06,631413,13982,362,140.0,3264,3210,7f2670b931c35e7aa1a4d1c0c682c0045b38f5d7a6131756b2a6f74759e70005,3.0,703.0,113.0,False,14149,352,-167,10
default_mode_cell_07_631413,default,mode_cell_07,631413,16024,375,139.0,3264,3210,7f2670b931c35e7aa1a4d1c0c682c0045b38f5d7a6131756b2a6f74759e70005,3.1000000000000005,2459.0,436.0,False,14149,352,1875,23
default_mode_cell_08_631413,default,mode_cell_08,631413,13512,338,140.0,3264,3210,7f2670b931c35e7aa1a4d1c0c682c0045b38f5d7a6131756b2a6f74759e70005,3.0,1173.0,185.0,False,14149,352,-637,-14
default_mode_cell_09_631413,default,mode_cell_09,631413,14149,352,139.0,3264,3210,7f2670b931c35e7aa1a4d1c0c682c0045b38f5d7a6131756b2a6f74759e70005,3.0,0.0,0.0,True,14149,352,0,0
default_mode_cell_10_631413,default,mode_cell_10,631413,14180,365,140.0,3264,3210,7f2670b931c35e7aa1a4d1c0c682c0045b38f5d7a6131756b2a6f74759e70005,3.0,651.0,92.0,False,14149,352,31,13
default_mode_cell_11_631413,default,mode_cell_11,631413,14149,352,139.0,3264,3210,7f2670b931c35e7aa1a4d1c0c682c0045b38f5d7a6131756b2a6f74759e70005,3.0,0.0,0.0,True,14149,352,0,0
default_mode_cell_12_631413,default,mode_cell_12,631413,13332,339,139.0,3264,3210,7f2670b931c35e7aa1a4d1c0c682c0045b38f5d7a6131756b2a6f74759e70005,3.1000000000000005,1071.0,180.0,False,14149,352,-817,-13
default_mode_cell_13_631413,default,mode_cell_13,631413,13155,332,139.0,3264,3210,7f2670b931c35e7aa1a4d1c0c682c0045b38f5d7a6131756b2a6f74759e70005,3.2,1344.0,246.0,False,14149,352,-994,-20
default_mode_cell_14_631413,default,mode_cell_14,631413,14149,352,139.0,3264,3210,7f2670b931c35e7aa1a4d1c0c682c0045b38f5d7a6131756b2a6f74759e70005,3.0,0.0,0.0,True,14149,352,0,0
default_mode_cell_15_631413,default,mode_cell_15,631413,13605,344,139.0,3264,3210,7f2670b931c35e7aa1a4d1c0c682c0045b38f5d7a6131756b2a6f74759e70005,3.0,854.0,145.0,False,14149,352,-544,-8
default_mode_cell_16_631413,default,mode_cell_16,631413,14149,352,139.0,3264,3210,7f2670b931c35e7aa1a4d1c0c682c0045b38f5d7a6131756b2a6f74759e70005,3.0,0.0,0.0,True,14149,352,0,0
default_mode_cell_17_631413,default,mode_cell_17,631413,13748,359,139.0,3264,3210,7f2670b931c35e7aa1a4d1c0c682c0045b38f5d7a6131756b2a6f74759e70005,3.0,993.0,167.0,False,14149,352,-401,7
default_mode_cell_18_631413,default,mode_cell_18,631413,13421,346,139.0,3264,3210,7f2670b931c35e7aa1a4d1c0c682c0045b38f5d7a6131756b2a6f74759e70005,2.9000000000000004,1010.0,165.0,False,14149,352,-728,-6
default_mode_cell_19_631413,default,mode_cell_19,631413,14449,353,139.0,3264,3210,7f2670b931c35e7aa1a4d1c0c682c0045b38f5d7a6131756b2a6f74759e70005,3.2,1020.0,188.0,False,14149,352,300,1
default_mode_cell_20_631413,default,mode_cell_20,631413,13598,359,139.0,3264,3210,7f2670b931c35e7aa1a4d1c0c682c0045b38f5d7a6131756b2a6f74759e70005,2.9000000000000004,891.0,125.0,False,14149,352,-551,7
default_mode_cell_21_631413,default,mode_cell_21,631413,14149,352,139.0,3264,3210,7f2670b931c35e7aa1a4d1c0c682c0045b38f5d7a6131756b2a6f74759e70005,3.0,0.0,0.0,True,14149,352,0,0
default_mode_cell_22_631413,default,mode_cell_22,631413,14149,352,139.0,3264,3210,7f2670b931c35e7aa1a4d1c0c682c0045b38f5d7a6131756b2a6f74759e70005,3.0,0.0,0.0,True,14149,352,0,0
default_mode_cell_23_631413,default,mode_cell_23,631413,14149,352,139.0,3264,3210,7f2670b931c35e7aa1a4d1c0c682c0045b38f5d7a6131756b2a6f74759e70005,3.0,0.0,0.0,True,14149,352,0,0
default_mode_cell_24_631413,default,mode_cell_24,631413,12853,331,139.0,3264,3210,7f2670b931c35e7aa1a4d1c0c682c0045b38f5d7a6131756b2a6f74759e70005,3.1000000000000005,1918.0,357.0,False,14149,352,-1296,-21
default_mode_cell_25_631413,default,mode_cell_25,631413,14018,366,139.0,3264,3210,7f2670b931c35e7aa1a4d1c0c682c0045b38f5d7a6131756b2a6f74759e70005,3.1000000000000005,645.0,85.0,False,14149,352,-131,14
default_mode_cell_26_631413,default,mode_cell_26,631413,14149,352,139.0,3264,3210,7f2670b931c35e7aa1a4d1c0c682c0045b38f5d7a6131756b2a6f74759e70005,3.0,0.0,0.0,True,14149,352,0,0
default_mode_cell_27_631413,default,mode_cell_27,631413,14149,352,139.0,3264,3210,7f2670b931c35e7aa1a4d1c0c682c0045b38f5d7a6131756b2a6f74759e70005,3.0,0.0,0.0,True,14149,352,0,0
default_mode_cell_28_631413,default,mode_cell_28,631413,14149,352,139.0,3264,3210,7f2670b931c35e7aa1a4d1c0c682c0045b38f5d7a6131756b2a6f74759e70005,3.0,0.0,0.0,True,14149,352,0,0
default_mode_cell_29_631413,default,mode_cell_29,631413,14149,352,139.0,3264,3210,7f2670b931c35e7aa1a4d1c0c682c0045b38f5d7a6131756b2a6f74759e70005,3.0,0.0,0.0,True,14149,352,0,0
default_mode_cell_30_631413,default,mode_cell_30,631413,13588,354,139.0,3264,3210,7f2670b931c35e7aa1a4d1c0c682c0045b38f5d7a6131756b2a6f74759e70005,3.0,819.0,109.0,False,14149,352,-561,2
default_mode_cell_31_631413,default,mode_cell_31,631413,13602,344,139.0,3264,3210,7f2670b931c35e7aa1a4d1c0c682c0045b38f5d7a6131756b2a6f74759e70005,3.1000000000000005,853.0,130.0,False,14149,352,-547,-8
default_mode_cell_32_631413,default,mode_cell_32,631413,13904,376,140.0,3264,3210,7f2670b931c35e7aa1a4d1c0c682c0045b38f5d7a6131756b2a6f74759e70005,3.2,737.0,97.0,False,14149,352,-245,24
default_mode_cell_33_631413,default,mode_cell_33,631413,14149,352,139.0,3264,3210,7f2670b931c35e7aa1a4d1c0c682c0045b38f5d7a6131756b2a6f74759e70005,3.0,0.0,0.0,True,14149,352,0,0
default_mode_cell_34_631413,default,mode_cell_34,631413,14149,352,139.0,3264,3210,7f2670b931c35e7aa1a4d1c0c682c0045b38f5d7a6131756b2a6f74759e70005,3.0,0.0,0.0,True,14149,352,0,0
default_mode_cell_35_631413,default,mode_cell_35,631413,14149,352,139.0,3264,3210,7f2670b931c35e7aa1a4d1c0c682c0045b38f5d7a6131756b2a6f74759e70005,3.0,0.0,0.0,True,14149,352,0,0
default_mode_cell_36_631413,default,mode_cell_36,631413,14047,343,139.0,3264,3210,7f2670b931c35e7aa1a4d1c0c682c0045b38f5d7a6131756b2a6f74759e70005,3.3,624.0,80.0,False,14149,352,-102,-9
default_mode_cell_37_631413,default,mode_cell_37,631413,13697,359,140.0,3264,3210,7f2670b931c35e7aa1a4d1c0c682c0045b38f5d7a6131756b2a6f74759e70005,3.0,872.0,116.0,False,14149,352,-452,7
default_mode_cell_38_631413,default,mode_cell_38,631413,13504,356,139.0,3264,3210,7f2670b931c35e7aa1a4d1c0c682c0045b38f5d7a6131756b2a6f74759e70005,3.1000000000000005,971.0,130.0,False,14149,352,-645,4
default_mode_cell_39_631413,default,mode_cell_39,631413,13984,348,139.0,3264,3210,7f2670b931c35e7aa1a4d1c0c682c0045b38f5d7a6131756b2a6f74759e70005,3.1000000000000005,641.0,97.0,False,14149,352,-165,-4
default_mode_cell_40_631413,default,mode_cell_40,631413,14336,360,139.0,3264,3210,7f2670b931c35e7aa1a4d1c0c682c0045b38f5d7a6131756b2a6f74759e70005,2.8,655.0,112.0,False,14149,352,187,8
default_mode_cell_41_631413,default,mode_cell_41,631413,13834,353,139.0,3264,3210,7f2670b931c35e7aa1a4d1c0c682c0045b38f5d7a6131756b2a6f74759e70005,3.0,831.0,156.0,False,14149,352,-315,1
default_mode_cell_42_631413,default,mode_cell_42,631413,14149,352,139.0,3264,3210,7f2670b931c35e7aa1a4d1c0c682c0045b38f5d7a6131756b2a6f74759e70005,3.0,0.0,0.0,True,14149,352,0,0
default_mode_cell_43_631413,default,mode_cell_43,631413,13927,362,140.0,3264,3210,7f2670b931c35e7aa1a4d1c0c682c0045b38f5d7a6131756b2a6f74759e70005,2.8,782.0,114.0,False,14149,352,-222,10
default_mode_cell_44_631413,default,mode_cell_44,631413,14149,352,139.0,3264,3210,7f2670b931c35e7aa1a4d1c0c682c0045b38f5d7a6131756b2a6f74759e70005,3.0,0.0,0.0,True,14149,352,0,0
default_mode_cell_45_631413,default,mode_cell_45,631413,14149,352,139.0,3264,3210,7f2670b931c35e7aa1a4d1c0c682c0045b38f5d7a6131756b2a6f74759e70005,3.0,0.0,0.0,True,14149,352,0,0
default_mode_cell_46_631413,default,mode_cell_46,631413,14315,356,140.0,3264,3210,7f2670b931c35e7aa1a4d1c0c682c0045b38f5d7a6131756b2a6f74759e70005,3.2,532.0,92.0,False,14149,352,166,4
default_mode_cell_47_631413,default,mode_cell_47,631413,15550,366,202.0,3264,3210,7f2670b931c35e7aa1a4d1c0c682c0045b38f5d7a6131756b2a6f74759e70005,2.9000000000000004,1913.0,279.0,False,14149,352,1401,14
default_mode_cell_48_631413,default,mode_cell_48,631413,13936,358,139.0,3264,3210,7f2670b931c35e7aa1a4d1c0c682c0045b38f5d7a6131756b2a6f74759e70005,3.3,785.0,160.0,False,14149,352,-213,6
default_mode_cell_49_631413,default,mode_cell_49,631413,14149,352,139.0,3264,3210,7f2670b931c35e7aa1a4d1c0c682c0045b38f5d7a6131756b2a6f74759e70005,3.0,0.0,0.0,True,14149,352,0,0
default_mode_631414,default,mode,631414,12202,269,196.0,3060,3020,b05f750a0b66a38d43a6565df118f40419adfc2f82250bd2929914ad2812c2d3,2.9000000000000004,5093.0,1133.0,False,13721,355,-1519,-86
default_mode_without_mn9_631414,default,mode_without_mn9,631414,12327,276,206.0,3060,3020,b05f750a0b66a38d43a6565df118f40419adfc2f82250bd2929914ad2812c2d3,3.0,5092.0,1147.0,False,13721,355,-1394,-79
default_mn9_only_631414,default,mn9_only,631414,13419,368,138.0,3060,3020,b05f750a0b66a38d43a6565df118f40419adfc2f82250bd2929914ad2812c2d3,3.0,676.0,69.0,False,13721,355,-302,13
default_motor_003_631414,default,motor_003,631414,12068,341,136.0,3060,3020,b05f750a0b66a38d43a6565df118f40419adfc2f82250bd2929914ad2812c2d3,3.1000000000000005,3357.0,503.0,False,13721,355,-1653,-14
default_motor_004_631414,default,motor_004,631414,12052,363,137.0,3060,3020,b05f750a0b66a38d43a6565df118f40419adfc2f82250bd2929914ad2812c2d3,3.2,3539.0,566.0,False,13721,355,-1669,8
default_motor_005_631414,default,motor_005,631414,11764,361,136.0,3060,3020,b05f750a0b66a38d43a6565df118f40419adfc2f82250bd2929914ad2812c2d3,3.3,3547.0,549.0,False,13721,355,-1957,6
default_mode_cell_00_631414,default,mode_cell_00,631414,11992,347,138.0,3060,3020,b05f750a0b66a38d43a6565df118f40419adfc2f82250bd2929914ad2812c2d3,3.0,2295.0,406.0,False,13721,355,-1729,-8
default_mode_cell_01_631414,default,mode_cell_01,631414,13721,355,136.0,3060,3020,b05f750a0b66a38d43a6565df118f40419adfc2f82250bd2929914ad2812c2d3,3.1000000000000005,0.0,0.0,True,13721,355,0,0
default_mode_cell_02_631414,default,mode_cell_02,631414,13721,355,136.0,3060,3020,b05f750a0b66a38d43a6565df118f40419adfc2f82250bd2929914ad2812c2d3,3.1000000000000005,0.0,0.0,True,13721,355,0,0
default_mode_cell_03_631414,default,mode_cell_03,631414,13142,361,137.0,3060,3020,b05f750a0b66a38d43a6565df118f40419adfc2f82250bd2929914ad2812c2d3,3.1000000000000005,899.0,95.0,False,13721,355,-579,6
default_mode_cell_04_631414,default,mode_cell_04,631414,13721,355,136.0,3060,3020,b05f750a0b66a38d43a6565df118f40419adfc2f82250bd2929914ad2812c2d3,3.1000000000000005,0.0,0.0,True,13721,355,0,0
default_mode_cell_05_631414,default,mode_cell_05,631414,13721,355,136.0,3060,3020,b05f750a0b66a38d43a6565df118f40419adfc2f82250bd2929914ad2812c2d3,3.1000000000000005,0.0,0.0,True,13721,355,0,0
default_mode_cell_06_631414,default,mode_cell_06,631414,13325,356,137.0,3060,3020,b05f750a0b66a38d43a6565df118f40419adfc2f82250bd2929914ad2812c2d3,3.1000000000000005,772.0,72.0,False,13721,355,-396,1
default_mode_cell_07_631414,default,mode_cell_07,631414,15046,379,137.0,3060,3020,b05f750a0b66a38d43a6565df118f40419adfc2f82250bd2929914ad2812c2d3,3.1000000000000005,2033.0,352.0,False,13721,355,1325,24
default_mode_cell_08_631414,default,mode_cell_08,631414,12913,340,137.0,3060,3020,b05f750a0b66a38d43a6565df118f40419adfc2f82250bd2929914ad2812c2d3,2.9000000000000004,1208.0,213.0,False,13721,355,-808,-15
default_mode_cell_09_631414,default,mode_cell_09,631414,13721,355,136.0,3060,3020,b05f750a0b66a38d43a6565df118f40419adfc2f82250bd2929914ad2812c2d3,3.1000000000000005,0.0,0.0,True,13721,355,0,0
default_mode_cell_10_631414,default,mode_cell_10,631414,13511,364,137.0,3060,3020,b05f750a0b66a38d43a6565df118f40419adfc2f82250bd2929914ad2812c2d3,3.1000000000000005,824.0,119.0,False,13721,355,-210,9
default_mode_cell_11_631414,default,mode_cell_11,631414,13721,355,136.0,3060,3020,b05f750a0b66a38d43a6565df118f40419adfc2f82250bd2929914ad2812c2d3,3.1000000000000005,0.0,0.0,True,13721,355,0,0
default_mode_cell_12_631414,default,mode_cell_12,631414,12911,345,138.0,3060,3020,b05f750a0b66a38d43a6565df118f40419adfc2f82250bd2929914ad2812c2d3,3.0,1070.0,158.0,False,13721,355,-810,-10
default_mode_cell_13_631414,default,mode_cell_13,631414,12499,338,138.0,3060,3020,b05f750a0b66a38d43a6565df118f40419adfc2f82250bd2929914ad2812c2d3,2.9000000000000004,1560.0,231.0,False,13721,355,-1222,-17
default_mode_cell_14_631414,default,mode_cell_14,631414,13721,355,136.0,3060,3020,b05f750a0b66a38d43a6565df118f40419adfc2f82250bd2929914ad2812c2d3,3.1000000000000005,0.0,0.0,True,13721,355,0,0
default_mode_cell_15_631414,default,mode_cell_15,631414,13686,380,136.0,3060,3020,b05f750a0b66a38d43a6565df118f40419adfc2f82250bd2929914ad2812c2d3,3.0,657.0,93.0,False,13721,355,-35,25
default_mode_cell_16_631414,default,mode_cell_16,631414,13721,355,136.0,3060,3020,b05f750a0b66a38d43a6565df118f40419adfc2f82250bd2929914ad2812c2d3,3.1000000000000005,0.0,0.0,True,13721,355,0,0
default_mode_cell_17_631414,default,mode_cell_17,631414,13202,364,137.0,3060,3020,b05f750a0b66a38d43a6565df118f40419adfc2f82250bd2929914ad2812c2d3,2.9000000000000004,1017.0,119.0,False,13721,355,-519,9
default_mode_cell_18_631414,default,mode_cell_18,631414,12944,361,136.0,3060,3020,b05f750a0b66a38d43a6565df118f40419adfc2f82250bd2929914ad2812c2d3,2.9000000000000004,1159.0,164.0,False,13721,355,-777,6
default_mode_cell_19_631414,default,mode_cell_19,631414,13119,350,137.0,3060,3020,b05f750a0b66a38d43a6565df118f40419adfc2f82250bd2929914ad2812c2d3,3.0,1084.0,143.0,False,13721,355,-602,-5
default_mode_cell_20_631414,default,mode_cell_20,631414,12998,367,137.0,3060,3020,b05f750a0b66a38d43a6565df118f40419adfc2f82250bd2929914ad2812c2d3,3.0,1003.0,124.0,False,13721,355,-723,12
default_mode_cell_21_631414,default,mode_cell_21,631414,13721,355,136.0,3060,3020,b05f750a0b66a38d43a6565df118f40419adfc2f82250bd2929914ad2812c2d3,3.1000000000000005,0.0,0.0,True,13721,355,0,0
default_mode_cell_22_631414,default,mode_cell_22,631414,13721,355,136.0,3060,3020,b05f750a0b66a38d43a6565df118f40419adfc2f82250bd2929914ad2812c2d3,3.1000000000000005,0.0,0.0,True,13721,355,0,0
default_mode_cell_23_631414,default,mode_cell_23,631414,13721,355,136.0,3060,3020,b05f750a0b66a38d43a6565df118f40419adfc2f82250bd2929914ad2812c2d3,3.1000000000000005,0.0,0.0,True,13721,355,0,0
default_mode_cell_24_631414,default,mode_cell_24,631414,12233,319,138.0,3060,3020,b05f750a0b66a38d43a6565df118f40419adfc2f82250bd2929914ad2812c2d3,3.2,2016.0,329.0,False,13721,355,-1488,-36
default_mode_cell_25_631414,default,mode_cell_25,631414,13100,350,137.0,3060,3020,b05f750a0b66a38d43a6565df118f40419adfc2f82250bd2929914ad2812c2d3,3.0,867.0,86.0,False,13721,355,-621,-5
default_mode_cell_26_631414,default,mode_cell_26,631414,13721,355,136.0,3060,3020,b05f750a0b66a38d43a6565df118f40419adfc2f82250bd2929914ad2812c2d3,3.1000000000000005,0.0,0.0,True,13721,355,0,0
default_mode_cell_27_631414,default,mode_cell_27,631414,13721,355,136.0,3060,3020,b05f750a0b66a38d43a6565df118f40419adfc2f82250bd2929914ad2812c2d3,3.1000000000000005,0.0,0.0,True,13721,355,0,0
default_mode_cell_28_631414,default,mode_cell_28,631414,13721,355,136.0,3060,3020,b05f750a0b66a38d43a6565df118f40419adfc2f82250bd2929914ad2812c2d3,3.1000000000000005,0.0,0.0,True,13721,355,0,0
default_mode_cell_29_631414,default,mode_cell_29,631414,13721,355,136.0,3060,3020,b05f750a0b66a38d43a6565df118f40419adfc2f82250bd2929914ad2812c2d3,3.1000000000000005,0.0,0.0,True,13721,355,0,0
default_mode_cell_30_631414,default,mode_cell_30,631414,13503,352,138.0,3060,3020,b05f750a0b66a38d43a6565df118f40419adfc2f82250bd2929914ad2812c2d3,3.1000000000000005,674.0,73.0,False,13721,355,-218,-3
default_mode_cell_31_631414,default,mode_cell_31,631414,13608,367,136.0,3060,3020,b05f750a0b66a38d43a6565df118f40419adfc2f82250bd2929914ad2812c2d3,3.0,611.0,88.0,False,13721,355,-113,12
default_mode_cell_32_631414,default,mode_cell_32,631414,13571,365,136.0,3060,3020,b05f750a0b66a38d43a6565df118f40419adfc2f82250bd2929914ad2812c2d3,3.1000000000000005,648.0,81.0,False,13721,355,-150,10
default_mode_cell_33_631414,default,mode_cell_33,631414,13721,355,136.0,3060,3020,b05f750a0b66a38d43a6565df118f40419adfc2f82250bd2929914ad2812c2d3,3.1000000000000005,0.0,0.0,True,13721,355,0,0
default_mode_cell_34_631414,default,mode_cell_34,631414,13721,355,136.0,3060,3020,b05f750a0b66a38d43a6565df118f40419adfc2f82250bd2929914ad2812c2d3,3.1000000000000005,0.0,0.0,True,13721,355,0,0
default_mode_cell_35_631414,default,mode_cell_35,631414,13721,355,136.0,3060,3020,b05f750a0b66a38d43a6565df118f40419adfc2f82250bd2929914ad2812c2d3,3.1000000000000005,0.0,0.0,True,13721,355,0,0
default_mode_cell_36_631414,default,mode_cell_36,631414,13624,352,137.0,3060,3020,b05f750a0b66a38d43a6565df118f40419adfc2f82250bd2929914ad2812c2d3,3.0,537.0,64.0,False,13721,355,-97,-3
default_mode_cell_37_631414,default,mode_cell_37,631414,13147,362,136.0,3060,3020,b05f750a0b66a38d43a6565df118f40419adfc2f82250bd2929914ad2812c2d3,2.9000000000000004,1016.0,129.0,False,13721,355,-574,7
default_mode_cell_38_631414,default,mode_cell_38,631414,13537,362,137.0,3060,3020,b05f750a0b66a38d43a6565df118f40419adfc2f82250bd2929914ad2812c2d3,3.1000000000000005,888.0,122.0,False,13721,355,-184,7
default_mode_cell_39_631414,default,mode_cell_39,631414,13804,355,137.0,3060,3020,b05f750a0b66a38d43a6565df118f40419adfc2f82250bd2929914ad2812c2d3,3.0,645.0,100.0,False,13721,355,83,0
default_mode_cell_40_631414,default,mode_cell_40,631414,13408,359,138.0,3060,3020,b05f750a0b66a38d43a6565df118f40419adfc2f82250bd2929914ad2812c2d3,3.1000000000000005,671.0,99.0,False,13721,355,-313,4
default_mode_cell_41_631414,default,mode_cell_41,631414,13885,362,137.0,3060,3020,b05f750a0b66a38d43a6565df118f40419adfc2f82250bd2929914ad2812c2d3,3.0,1014.0,210.0,False,13721,355,164,7
default_mode_cell_42_631414,default,mode_cell_42,631414,13721,355,136.0,3060,3020,b05f750a0b66a38d43a6565df118f40419adfc2f82250bd2929914ad2812c2d3,3.1000000000000005,0.0,0.0,True,13721,355,0,0
default_mode_cell_43_631414,default,mode_cell_43,631414,13395,384,136.0,3060,3020,b05f750a0b66a38d43a6565df118f40419adfc2f82250bd2929914ad2812c2d3,3.0,758.0,95.0,False,13721,355,-326,29
default_mode_cell_44_631414,default,mode_cell_44,631414,13721,355,136.0,3060,3020,b05f750a0b66a38d43a6565df118f40419adfc2f82250bd2929914ad2812c2d3,3.1000000000000005,0.0,0.0,True,13721,355,0,0
default_mode_cell_45_631414,default,mode_cell_45,631414,13721,355,136.0,3060,3020,b05f750a0b66a38d43a6565df118f40419adfc2f82250bd2929914ad2812c2d3,3.1000000000000005,0.0,0.0,True,13721,355,0,0
default_mode_cell_46_631414,default,mode_cell_46,631414,13250,354,137.0,3060,3020,b05f750a0b66a38d43a6565df118f40419adfc2f82250bd2929914ad2812c2d3,3.1000000000000005,671.0,89.0,False,13721,355,-471,-1
default_mode_cell_47_631414,default,mode_cell_47,631414,15197,368,203.0,3060,3020,b05f750a0b66a38d43a6565df118f40419adfc2f82250bd2929914ad2812c2d3,2.8,2166.0,286.0,False,13721,355,1476,13
default_mode_cell_48_631414,default,mode_cell_48,631414,13397,364,137.0,3060,3020,b05f750a0b66a38d43a6565df118f40419adfc2f82250bd2929914ad2812c2d3,3.0,736.0,86.0,False,13721,355,-324,9
default_mode_cell_49_631414,default,mode_cell_49,631414,13721,355,136.0,3060,3020,b05f750a0b66a38d43a6565df118f40419adfc2f82250bd2929914ad2812c2d3,3.1000000000000005,0.0,0.0,True,13721,355,0,0
default_mode_631415,default,mode,631415,12728,267,199.0,3233,3183,4fec2ec87e17ade5b340a00e2f95e714e871c644894d78e3e73c5eed1f3cefd7,3.0,5030.0,1129.0,False,14282,365,-1554,-98
default_mode_without_mn9_631415,default,mode_without_mn9,631415,12920,281,199.0,3233,3183,4fec2ec87e17ade5b340a00e2f95e714e871c644894d78e3e73c5eed1f3cefd7,3.0,4906.0,1129.0,False,14282,365,-1362,-84
default_mn9_only_631415,default,mn9_only,631415,14024,361,138.0,3233,3183,4fec2ec87e17ade5b340a00e2f95e714e871c644894d78e3e73c5eed1f3cefd7,3.0,778.0,90.0,False,14282,365,-258,-4
default_motor_003_631415,default,motor_003,631415,12580,337,137.0,3233,3183,4fec2ec87e17ade5b340a00e2f95e714e871c644894d78e3e73c5eed1f3cefd7,3.1000000000000005,3556.0,624.0,False,14282,365,-1702,-28
default_motor_004_631415,default,motor_004,631415,12374,352,138.0,3233,3183,4fec2ec87e17ade5b340a00e2f95e714e871c644894d78e3e73c5eed1f3cefd7,3.2,3478.0,559.0,False,14282,365,-1908,-13
default_motor_005_631415,default,motor_005,631415,12407,358,137.0,3233,3183,4fec2ec87e17ade5b340a00e2f95e714e871c644894d78e3e73c5eed1f3cefd7,3.2,3587.0,575.0,False,14282,365,-1875,-7
default_mode_cell_00_631415,default,mode_cell_00,631415,12476,336,138.0,3233,3183,4fec2ec87e17ade5b340a00e2f95e714e871c644894d78e3e73c5eed1f3cefd7,3.0,2294.0,363.0,False,14282,365,-1806,-29
default_mode_cell_01_631415,default,mode_cell_01,631415,14282,365,138.0,3233,3183,4fec2ec87e17ade5b340a00e2f95e714e871c644894d78e3e73c5eed1f3cefd7,3.0,0.0,0.0,True,14282,365,0,0
default_mode_cell_02_631415,default,mode_cell_02,631415,14282,365,138.0,3233,3183,4fec2ec87e17ade5b340a00e2f95e714e871c644894d78e3e73c5eed1f3cefd7,3.0,0.0,0.0,True,14282,365,0,0
default_mode_cell_03_631415,default,mode_cell_03,631415,13676,354,139.0,3233,3183,4fec2ec87e17ade5b340a00e2f95e714e871c644894d78e3e73c5eed1f3cefd7,3.0,874.0,101.0,False,14282,365,-606,-11
default_mode_cell_04_631415,default,mode_cell_04,631415,14282,365,138.0,3233,3183,4fec2ec87e17ade5b340a00e2f95e714e871c644894d78e3e73c5eed1f3cefd7,3.0,0.0,0.0,True,14282,365,0,0
default_mode_cell_05_631415,default,mode_cell_05,631415,14282,365,138.0,3233,3183,4fec2ec87e17ade5b340a00e2f95e714e871c644894d78e3e73c5eed1f3cefd7,3.0,0.0,0.0,True,14282,365,0,0
default_mode_cell_06_631415,default,mode_cell_06,631415,13710,347,137.0,3233,3183,4fec2ec87e17ade5b340a00e2f95e714e871c644894d78e3e73c5eed1f3cefd7,3.0,1050.0,115.0,False,14282,365,-572,-18
default_mode_cell_07_631415,default,mode_cell_07,631415,15904,374,138.0,3233,3183,4fec2ec87e17ade5b340a00e2f95e714e871c644894d78e3e73c5eed1f3cefd7,3.1000000000000005,2364.0,404.0,False,14282,365,1622,9
default_mode_cell_08_631415,default,mode_cell_08,631415,14105,338,138.0,3233,3183,4fec2ec87e17ade5b340a00e2f95e714e871c644894d78e3e73c5eed1f3cefd7,2.8,955.0,152.0,False,14282,365,-177,-27
default_mode_cell_09_631415,default,mode_cell_09,631415,14282,365,138.0,3233,3183,4fec2ec87e17ade5b340a00e2f95e714e871c644894d78e3e73c5eed1f3cefd7,3.0,0.0,0.0,True,14282,365,0,0
default_mode_cell_10_631415,default,mode_cell_10,631415,13906,363,138.0,3233,3183,4fec2ec87e17ade5b340a00e2f95e714e871c644894d78e3e73c5eed1f3cefd7,3.0,878.0,111.0,False,14282,365,-376,-2
default_mode_cell_11_631415,default,mode_cell_11,631415,14282,365,138.0,3233,3183,4fec2ec87e17ade5b340a00e2f95e714e871c644894d78e3e73c5eed1f3cefd7,3.0,0.0,0.0,True,14282,365,0,0
default_mode_cell_12_631415,default,mode_cell_12,631415,13766,354,138.0,3233,3183,4fec2ec87e17ade5b340a00e2f95e714e871c644894d78e3e73c5eed1f3cefd7,3.0,970.0,134.0,False,14282,365,-516,-11
default_mode_cell_13_631415,default,mode_cell_13,631415,13451,339,139.0,3233,3183,4fec2ec87e17ade5b340a00e2f95e714e871c644894d78e3e73c5eed1f3cefd7,3.0,1111.0,144.0,False,14282,365,-831,-26
default_mode_cell_14_631415,default,mode_cell_14,631415,14282,365,138.0,3233,3183,4fec2ec87e17ade5b340a00e2f95e714e871c644894d78e3e73c5eed1f3cefd7,3.0,0.0,0.0,True,14282,365,0,0
default_mode_cell_15_631415,default,mode_cell_15,631415,13650,364,137.0,3233,3183,4fec2ec87e17ade5b340a00e2f95e714e871c644894d78e3e73c5eed1f3cefd7,2.8,946.0,133.0,False,14282,365,-632,-1
default_mode_cell_16_631415,default,mode_cell_16,631415,14282,365,138.0,3233,3183,4fec2ec87e17ade5b340a00e2f95e714e871c644894d78e3e73c5eed1f3cefd7,3.0,0.0,0.0,True,14282,365,0,0
default_mode_cell_17_631415,default,mode_cell_17,631415,13473,380,139.0,3233,3183,4fec2ec87e17ade5b340a00e2f95e714e871c644894d78e3e73c5eed1f3cefd7,2.8,1275.0,153.0,False,14282,365,-809,15
default_mode_cell_18_631415,default,mode_cell_18,631415,13807,349,139.0,3233,3183,4fec2ec87e17ade5b340a00e2f95e714e871c644894d78e3e73c5eed1f3cefd7,3.0,863.0,131.0,False,14282,365,-475,-16
default_mode_cell_19_631415,default,mode_cell_19,631415,13809,362,138.0,3233,3183,4fec2ec87e17ade5b340a00e2f95e714e871c644894d78e3e73c5eed1f3cefd7,2.9000000000000004,1309.0,153.0,False,14282,365,-473,-3
default_mode_cell_20_631415,default,mode_cell_20,631415,13888,361,139.0,3233,3183,4fec2ec87e17ade5b340a00e2f95e714e871c644894d78e3e73c5eed1f3cefd7,3.0,884.0,77.0,False,14282,365,-394,-4
default_mode_cell_21_631415,default,mode_cell_21,631415,14282,365,138.0,3233,3183,4fec2ec87e17ade5b340a00e2f95e714e871c644894d78e3e73c5eed1f3cefd7,3.0,0.0,0.0,True,14282,365,0,0
default_mode_cell_22_631415,default,mode_cell_22,631415,14282,365,138.0,3233,3183,4fec2ec87e17ade5b340a00e2f95e714e871c644894d78e3e73c5eed1f3cefd7,3.0,0.0,0.0,True,14282,365,0,0
default_mode_cell_23_631415,default,mode_cell_23,631415,14282,365,138.0,3233,3183,4fec2ec87e17ade5b340a00e2f95e714e871c644894d78e3e73c5eed1f3cefd7,3.0,0.0,0.0,True,14282,365,0,0
default_mode_cell_24_631415,default,mode_cell_24,631415,11870,315,138.0,3233,3183,4fec2ec87e17ade5b340a00e2f95e714e871c644894d78e3e73c5eed1f3cefd7,3.1000000000000005,2824.0,498.0,False,14282,365,-2412,-50
default_mode_cell_25_631415,default,mode_cell_25,631415,13795,364,138.0,3233,3183,4fec2ec87e17ade5b340a00e2f95e714e871c644894d78e3e73c5eed1f3cefd7,3.0,897.0,112.0,False,14282,365,-487,-1
default_mode_cell_26_631415,default,mode_cell_26,631415,14282,365,138.0,3233,3183,4fec2ec87e17ade5b340a00e2f95e714e871c644894d78e3e73c5eed1f3cefd7,3.0,0.0,0.0,True,14282,365,0,0
default_mode_cell_27_631415,default,mode_cell_27,631415,14282,365,138.0,3233,3183,4fec2ec87e17ade5b340a00e2f95e714e871c644894d78e3e73c5eed1f3cefd7,3.0,0.0,0.0,True,14282,365,0,0
default_mode_cell_28_631415,default,mode_cell_28,631415,14282,365,138.0,3233,3183,4fec2ec87e17ade5b340a00e2f95e714e871c644894d78e3e73c5eed1f3cefd7,3.0,0.0,0.0,True,14282,365,0,0
default_mode_cell_29_631415,default,mode_cell_29,631415,14282,365,138.0,3233,3183,4fec2ec87e17ade5b340a00e2f95e714e871c644894d78e3e73c5eed1f3cefd7,3.0,0.0,0.0,True,14282,365,0,0
default_mode_cell_30_631415,default,mode_cell_30,631415,13834,347,137.0,3233,3183,4fec2ec87e17ade5b340a00e2f95e714e871c644894d78e3e73c5eed1f3cefd7,2.9000000000000004,796.0,60.0,False,14282,365,-448,-18
default_mode_cell_31_631415,default,mode_cell_31,631415,14334,356,137.0,3233,3183,4fec2ec87e17ade5b340a00e2f95e714e871c644894d78e3e73c5eed1f3cefd7,3.0,822.0,101.0,False,14282,365,52,-9
default_mode_cell_32_631415,default,mode_cell_32,631415,14102,354,137.0,3233,3183,4fec2ec87e17ade5b340a00e2f95e714e871c644894d78e3e73c5eed1f3cefd7,3.0,666.0,89.0,False,14282,365,-180,-11
default_mode_cell_33_631415,default,mode_cell_33,631415,14282,365,138.0,3233,3183,4fec2ec87e17ade5b340a00e2f95e714e871c644894d78e3e73c5eed1f3cefd7,3.0,0.0,0.0,True,14282,365,0,0
default_mode_cell_34_631415,default,mode_cell_34,631415,14282,365,138.0,3233,3183,4fec2ec87e17ade5b340a00e2f95e714e871c644894d78e3e73c5eed1f3cefd7,3.0,0.0,0.0,True,14282,365,0,0
default_mode_cell_35_631415,default,mode_cell_35,631415,14282,365,138.0,3233,3183,4fec2ec87e17ade5b340a00e2f95e714e871c644894d78e3e73c5eed1f3cefd7,3.0,0.0,0.0,True,14282,365,0,0
default_mode_cell_36_631415,default,mode_cell_36,631415,13913,365,138.0,3233,3183,4fec2ec87e17ade5b340a00e2f95e714e871c644894d78e3e73c5eed1f3cefd7,3.0,687.0,85.0,False,14282,365,-369,0
default_mode_cell_37_631415,default,mode_cell_37,631415,14059,363,138.0,3233,3183,4fec2ec87e17ade5b340a00e2f95e714e871c644894d78e3e73c5eed1f3cefd7,3.0,757.0,74.0,False,14282,365,-223,-2
default_mode_cell_38_631415,default,mode_cell_38,631415,13964,357,137.0,3233,3183,4fec2ec87e17ade5b340a00e2f95e714e871c644894d78e3e73c5eed1f3cefd7,2.9000000000000004,708.0,92.0,False,14282,365,-318,-8
default_mode_cell_39_631415,default,mode_cell_39,631415,14264,362,137.0,3233,3183,4fec2ec87e17ade5b340a00e2f95e714e871c644894d78e3e73c5eed1f3cefd7,3.0,670.0,75.0,False,14282,365,-18,-3
default_mode_cell_40_631415,default,mode_cell_40,631415,13766,362,139.0,3233,3183,4fec2ec87e17ade5b340a00e2f95e714e871c644894d78e3e73c5eed1f3cefd7,3.0,766.0,81.0,False,14282,365,-516,-3
default_mode_cell_41_631415,default,mode_cell_41,631415,13812,346,140.0,3233,3183,4fec2ec87e17ade5b340a00e2f95e714e871c644894d78e3e73c5eed1f3cefd7,3.0,990.0,136.0,False,14282,365,-470,-19
default_mode_cell_42_631415,default,mode_cell_42,631415,14282,365,138.0,3233,3183,4fec2ec87e17ade5b340a00e2f95e714e871c644894d78e3e73c5eed1f3cefd7,3.0,0.0,0.0,True,14282,365,0,0
default_mode_cell_43_631415,default,mode_cell_43,631415,13622,355,137.0,3233,3183,4fec2ec87e17ade5b340a00e2f95e714e871c644894d78e3e73c5eed1f3cefd7,3.0,836.0,111.0,False,14282,365,-660,-10
default_mode_cell_44_631415,default,mode_cell_44,631415,14282,365,138.0,3233,3183,4fec2ec87e17ade5b340a00e2f95e714e871c644894d78e3e73c5eed1f3cefd7,3.0,0.0,0.0,True,14282,365,0,0
default_mode_cell_45_631415,default,mode_cell_45,631415,14282,365,138.0,3233,3183,4fec2ec87e17ade5b340a00e2f95e714e871c644894d78e3e73c5eed1f3cefd7,3.0,0.0,0.0,True,14282,365,0,0
default_mode_cell_46_631415,default,mode_cell_46,631415,13297,354,138.0,3233,3183,4fec2ec87e17ade5b340a00e2f95e714e871c644894d78e3e73c5eed1f3cefd7,3.0,1231.0,188.0,False,14282,365,-985,-11
default_mode_cell_47_631415,default,mode_cell_47,631415,15469,359,205.0,3233,3183,4fec2ec87e17ade5b340a00e2f95e714e871c644894d78e3e73c5eed1f3cefd7,2.9000000000000004,2057.0,305.0,False,14282,365,1187,-6
default_mode_cell_48_631415,default,mode_cell_48,631415,13975,357,138.0,3233,3183,4fec2ec87e17ade5b340a00e2f95e714e871c644894d78e3e73c5eed1f3cefd7,3.0,765.0,109.0,False,14282,365,-307,-8
default_mode_cell_49_631415,default,mode_cell_49,631415,14282,365,138.0,3233,3183,4fec2ec87e17ade5b340a00e2f95e714e871c644894d78e3e73c5eed1f3cefd7,3.0,0.0,0.0,True,14282,365,0,0
default_mode_631416,default,mode,631416,12330,288,199.0,3133,3085,983be3a36ca84d69d8a9627809bfe4679716991660b5631e6a0b9849f2e4e985,2.7,4777.0,1092.0,False,13423,358,-1093,-70
default_mode_without_mn9_631416,default,mode_without_mn9,631416,12351,275,201.0,3133,3085,983be3a36ca84d69d8a9627809bfe4679716991660b5631e6a0b9849f2e4e985,2.8,4790.0,1090.0,False,13423,358,-1072,-83
default_mn9_only_631416,default,mn9_only,631416,13656,358,134.0,3133,3085,983be3a36ca84d69d8a9627809bfe4679716991660b5631e6a0b9849f2e4e985,3.0,681.0,99.0,False,13423,358,233,0
default_motor_003_631416,default,motor_003,631416,12283,343,135.0,3133,3085,983be3a36ca84d69d8a9627809bfe4679716991660b5631e6a0b9849f2e4e985,3.3,3330.0,524.0,False,13423,358,-1140,-15
default_motor_004_631416,default,motor_004,631416,12283,357,136.0,3133,3085,983be3a36ca84d69d8a9627809bfe4679716991660b5631e6a0b9849f2e4e985,3.3,3400.0,554.0,False,13423,358,-1140,-1
default_motor_005_631416,default,motor_005,631416,12036,351,134.0,3133,3085,983be3a36ca84d69d8a9627809bfe4679716991660b5631e6a0b9849f2e4e985,3.5,3411.0,562.0,False,13423,358,-1387,-7
default_mode_cell_00_631416,default,mode_cell_00,631416,11932,337,137.0,3133,3085,983be3a36ca84d69d8a9627809bfe4679716991660b5631e6a0b9849f2e4e985,3.1000000000000005,2009.0,396.0,False,13423,358,-1491,-21
default_mode_cell_01_631416,default,mode_cell_01,631416,13423,358,136.0,3133,3085,983be3a36ca84d69d8a9627809bfe4679716991660b5631e6a0b9849f2e4e985,2.9000000000000004,0.0,0.0,True,13423,358,0,0
default_mode_cell_02_631416,default,mode_cell_02,631416,13423,358,136.0,3133,3085,983be3a36ca84d69d8a9627809bfe4679716991660b5631e6a0b9849f2e4e985,2.9000000000000004,0.0,0.0,True,13423,358,0,0
default_mode_cell_03_631416,default,mode_cell_03,631416,13645,388,135.0,3133,3085,983be3a36ca84d69d8a9627809bfe4679716991660b5631e6a0b9849f2e4e985,3.0,930.0,138.0,False,13423,358,222,30
default_mode_cell_04_631416,default,mode_cell_04,631416,13423,358,136.0,3133,3085,983be3a36ca84d69d8a9627809bfe4679716991660b5631e6a0b9849f2e4e985,2.9000000000000004,0.0,0.0,True,13423,358,0,0
default_mode_cell_05_631416,default,mode_cell_05,631416,13423,358,136.0,3133,3085,983be3a36ca84d69d8a9627809bfe4679716991660b5631e6a0b9849f2e4e985,2.9000000000000004,0.0,0.0,True,13423,358,0,0
default_mode_cell_06_631416,default,mode_cell_06,631416,13757,367,136.0,3133,3085,983be3a36ca84d69d8a9627809bfe4679716991660b5631e6a0b9849f2e4e985,2.9000000000000004,760.0,137.0,False,13423,358,334,9
default_mode_cell_07_631416,default,mode_cell_07,631416,15588,374,135.0,3133,3085,983be3a36ca84d69d8a9627809bfe4679716991660b5631e6a0b9849f2e4e985,3.0,2525.0,467.0,False,13423,358,2165,16
default_mode_cell_08_631416,default,mode_cell_08,631416,13400,344,136.0,3133,3085,983be3a36ca84d69d8a9627809bfe4679716991660b5631e6a0b9849f2e4e985,3.1000000000000005,939.0,134.0,False,13423,358,-23,-14
default_mode_cell_09_631416,default,mode_cell_09,631416,13423,358,136.0,3133,3085,983be3a36ca84d69d8a9627809bfe4679716991660b5631e6a0b9849f2e4e985,2.9000000000000004,0.0,0.0,True,13423,358,0,0
default_mode_cell_10_631416,default,mode_cell_10,631416,13176,362,136.0,3133,3085,983be3a36ca84d69d8a9627809bfe4679716991660b5631e6a0b9849f2e4e985,2.9000000000000004,765.0,85.0,False,13423,358,-247,4
default_mode_cell_11_631416,default,mode_cell_11,631416,13423,358,136.0,3133,3085,983be3a36ca84d69d8a9627809bfe4679716991660b5631e6a0b9849f2e4e985,2.9000000000000004,0.0,0.0,True,13423,358,0,0
default_mode_cell_12_631416,default,mode_cell_12,631416,12971,351,135.0,3133,3085,983be3a36ca84d69d8a9627809bfe4679716991660b5631e6a0b9849f2e4e985,3.3,858.0,116.0,False,13423,358,-452,-7
default_mode_cell_13_631416,default,mode_cell_13,631416,12908,349,137.0,3133,3085,983be3a36ca84d69d8a9627809bfe4679716991660b5631e6a0b9849f2e4e985,2.7,1051.0,125.0,False,13423,358,-515,-9
default_mode_cell_14_631416,default,mode_cell_14,631416,13423,358,136.0,3133,3085,983be3a36ca84d69d8a9627809bfe4679716991660b5631e6a0b9849f2e4e985,2.9000000000000004,0.0,0.0,True,13423,358,0,0
default_mode_cell_15_631416,default,mode_cell_15,631416,13454,366,136.0,3133,3085,983be3a36ca84d69d8a9627809bfe4679716991660b5631e6a0b9849f2e4e985,3.1000000000000005,777.0,131.0,False,13423,358,31,8
default_mode_cell_16_631416,default,mode_cell_16,631416,13423,358,136.0,3133,3085,983be3a36ca84d69d8a9627809bfe4679716991660b5631e6a0b9849f2e4e985,2.9000000000000004,0.0,0.0,True,13423,358,0,0
default_mode_cell_17_631416,default,mode_cell_17,631416,13693,371,136.0,3133,3085,983be3a36ca84d69d8a9627809bfe4679716991660b5631e6a0b9849f2e4e985,3.0,738.0,112.0,False,13423,358,270,13
default_mode_cell_18_631416,default,mode_cell_18,631416,13328,354,136.0,3133,3085,983be3a36ca84d69d8a9627809bfe4679716991660b5631e6a0b9849f2e4e985,2.9000000000000004,989.0,97.0,False,13423,358,-95,-4
default_mode_cell_19_631416,default,mode_cell_19,631416,13762,357,135.0,3133,3085,983be3a36ca84d69d8a9627809bfe4679716991660b5631e6a0b9849f2e4e985,2.9000000000000004,877.0,142.0,False,13423,358,339,-1
default_mode_cell_20_631416,default,mode_cell_20,631416,13518,358,137.0,3133,3085,983be3a36ca84d69d8a9627809bfe4679716991660b5631e6a0b9849f2e4e985,2.8,637.0,76.0,False,13423,358,95,0
default_mode_cell_21_631416,default,mode_cell_21,631416,13423,358,136.0,3133,3085,983be3a36ca84d69d8a9627809bfe4679716991660b5631e6a0b9849f2e4e985,2.9000000000000004,0.0,0.0,True,13423,358,0,0
default_mode_cell_22_631416,default,mode_cell_22,631416,13423,358,136.0,3133,3085,983be3a36ca84d69d8a9627809bfe4679716991660b5631e6a0b9849f2e4e985,2.9000000000000004,0.0,0.0,True,13423,358,0,0
default_mode_cell_23_631416,default,mode_cell_23,631416,13423,358,136.0,3133,3085,983be3a36ca84d69d8a9627809bfe4679716991660b5631e6a0b9849f2e4e985,2.9000000000000004,0.0,0.0,True,13423,358,0,0
default_mode_cell_24_631416,default,mode_cell_24,631416,12230,334,136.0,3133,3085,983be3a36ca84d69d8a9627809bfe4679716991660b5631e6a0b9849f2e4e985,3.1000000000000005,1993.0,273.0,False,13423,358,-1193,-24
default_mode_cell_25_631416,default,mode_cell_25,631416,13245,358,136.0,3133,3084,983be3a36ca84d69d8a9627809bfe4679716991660b5631e6a0b9849f2e4e985,2.8,868.0,112.0,False,13423,358,-178,0
default_mode_cell_26_631416,default,mode_cell_26,631416,13423,358,136.0,3133,3085,983be3a36ca84d69d8a9627809bfe4679716991660b5631e6a0b9849f2e4e985,2.9000000000000004,0.0,0.0,True,13423,358,0,0
default_mode_cell_27_631416,default,mode_cell_27,631416,13423,358,136.0,3133,3085,983be3a36ca84d69d8a9627809bfe4679716991660b5631e6a0b9849f2e4e985,2.9000000000000004,0.0,0.0,True,13423,358,0,0
default_mode_cell_28_631416,default,mode_cell_28,631416,13423,358,136.0,3133,3085,983be3a36ca84d69d8a9627809bfe4679716991660b5631e6a0b9849f2e4e985,2.9000000000000004,0.0,0.0,True,13423,358,0,0
default_mode_cell_29_631416,default,mode_cell_29,631416,13423,358,136.0,3133,3085,983be3a36ca84d69d8a9627809bfe4679716991660b5631e6a0b9849f2e4e985,2.9000000000000004,0.0,0.0,True,13423,358,0,0
default_mode_cell_30_631416,default,mode_cell_30,631416,13186,355,136.0,3133,3085,983be3a36ca84d69d8a9627809bfe4679716991660b5631e6a0b9849f2e4e985,2.9000000000000004,829.0,106.0,False,13423,358,-237,-3
default_mode_cell_31_631416,default,mode_cell_31,631416,13041,361,137.0,3133,3085,983be3a36ca84d69d8a9627809bfe4679716991660b5631e6a0b9849f2e4e985,2.9000000000000004,840.0,102.0,False,13423,358,-382,3
default_mode_cell_32_631416,default,mode_cell_32,631416,13689,352,135.0,3133,3085,983be3a36ca84d69d8a9627809bfe4679716991660b5631e6a0b9849f2e4e985,2.9000000000000004,658.0,128.0,False,13423,358,266,-6
default_mode_cell_33_631416,default,mode_cell_33,631416,13423,358,136.0,3133,3085,983be3a36ca84d69d8a9627809bfe4679716991660b5631e6a0b9849f2e4e985,2.9000000000000004,0.0,0.0,True,13423,358,0,0
default_mode_cell_34_631416,default,mode_cell_34,631416,13423,358,136.0,3133,3085,983be3a36ca84d69d8a9627809bfe4679716991660b5631e6a0b9849f2e4e985,2.9000000000000004,0.0,0.0,True,13423,358,0,0
default_mode_cell_35_631416,default,mode_cell_35,631416,13423,358,136.0,3133,3085,983be3a36ca84d69d8a9627809bfe4679716991660b5631e6a0b9849f2e4e985,2.9000000000000004,0.0,0.0,True,13423,358,0,0
default_mode_cell_36_631416,default,mode_cell_36,631416,13770,365,136.0,3133,3085,983be3a36ca84d69d8a9627809bfe4679716991660b5631e6a0b9849f2e4e985,2.9000000000000004,629.0,105.0,False,13423,358,347,7
default_mode_cell_37_631416,default,mode_cell_37,631416,13205,349,135.0,3133,3085,983be3a36ca84d69d8a9627809bfe4679716991660b5631e6a0b9849f2e4e985,2.9000000000000004,632.0,106.0,False,13423,358,-218,-9
default_mode_cell_38_631416,default,mode_cell_38,631416,13289,357,135.0,3133,3085,983be3a36ca84d69d8a9627809bfe4679716991660b5631e6a0b9849f2e4e985,2.9000000000000004,768.0,94.0,False,13423,358,-134,-1
default_mode_cell_39_631416,default,mode_cell_39,631416,13769,356,137.0,3133,3085,983be3a36ca84d69d8a9627809bfe4679716991660b5631e6a0b9849f2e4e985,3.3,684.0,107.0,False,13423,358,346,-2
default_mode_cell_40_631416,default,mode_cell_40,631416,13473,365,137.0,3133,3085,983be3a36ca84d69d8a9627809bfe4679716991660b5631e6a0b9849f2e4e985,2.9000000000000004,554.0,55.0,False,13423,358,50,7
default_mode_cell_41_631416,default,mode_cell_41,631416,13267,343,135.0,3133,3085,983be3a36ca84d69d8a9627809bfe4679716991660b5631e6a0b9849f2e4e985,3.1000000000000005,852.0,150.0,False,13423,358,-156,-15
default_mode_cell_42_631416,default,mode_cell_42,631416,13423,358,136.0,3133,3085,983be3a36ca84d69d8a9627809bfe4679716991660b5631e6a0b9849f2e4e985,2.9000000000000004,0.0,0.0,True,13423,358,0,0
default_mode_cell_43_631416,default,mode_cell_43,631416,13906,377,136.0,3133,3085,983be3a36ca84d69d8a9627809bfe4679716991660b5631e6a0b9849f2e4e985,2.9000000000000004,697.0,91.0,False,13423,358,483,19
default_mode_cell_44_631416,default,mode_cell_44,631416,13423,358,136.0,3133,3085,983be3a36ca84d69d8a9627809bfe4679716991660b5631e6a0b9849f2e4e985,2.9000000000000004,0.0,0.0,True,13423,358,0,0
default_mode_cell_45_631416,default,mode_cell_45,631416,13423,358,136.0,3133,3085,983be3a36ca84d69d8a9627809bfe4679716991660b5631e6a0b9849f2e4e985,2.9000000000000004,0.0,0.0,True,13423,358,0,0
default_mode_cell_46_631416,default,mode_cell_46,631416,13370,349,135.0,3133,3085,983be3a36ca84d69d8a9627809bfe4679716991660b5631e6a0b9849f2e4e985,2.9000000000000004,423.0,52.0,False,13423,358,-53,-9
default_mode_cell_47_631416,default,mode_cell_47,631416,15248,359,201.0,3133,3085,983be3a36ca84d69d8a9627809bfe4679716991660b5631e6a0b9849f2e4e985,2.9000000000000004,2231.0,312.0,False,13423,358,1825,1
default_mode_cell_48_631416,default,mode_cell_48,631416,13112,361,135.0,3133,3085,983be3a36ca84d69d8a9627809bfe4679716991660b5631e6a0b9849f2e4e985,2.9000000000000004,703.0,62.0,False,13423,358,-311,3
default_mode_cell_49_631416,default,mode_cell_49,631416,13423,358,136.0,3133,3085,983be3a36ca84d69d8a9627809bfe4679716991660b5631e6a0b9849f2e4e985,2.9000000000000004,0.0,0.0,True,13423,358,0,0
default_mode_631417,default,mode,631417,12940,275,201.0,3230,3186,2990fe15c20330ea5052361acbb45694bafbe190076f6d722f6c3b73598a6cdf,2.9000000000000004,5398.0,1192.0,False,13714,369,-774,-94
default_mode_without_mn9_631417,default,mode_without_mn9,631417,12905,273,203.0,3230,3186,2990fe15c20330ea5052361acbb45694bafbe190076f6d722f6c3b73598a6cdf,2.9000000000000004,5417.0,1193.0,False,13714,369,-809,-96
default_mn9_only_631417,default,mn9_only,631417,13706,353,141.0,3230,3186,2990fe15c20330ea5052361acbb45694bafbe190076f6d722f6c3b73598a6cdf,2.9000000000000004,742.0,127.0,False,13714,369,-8,-16
default_motor_003_631417,default,motor_003,631417,12430,360,139.0,3230,3186,2990fe15c20330ea5052361acbb45694bafbe190076f6d722f6c3b73598a6cdf,3.5,3034.0,461.0,False,13714,369,-1284,-9
default_motor_004_631417,default,motor_004,631417,12822,354,141.0,3230,3186,2990fe15c20330ea5052361acbb45694bafbe190076f6d722f6c3b73598a6cdf,3.4000000000000004,3042.0,503.0,False,13714,369,-892,-15
default_motor_005_631417,default,motor_005,631417,12412,339,139.0,3230,3186,2990fe15c20330ea5052361acbb45694bafbe190076f6d722f6c3b73598a6cdf,3.1000000000000005,3102.0,464.0,False,13714,369,-1302,-30
default_mode_cell_00_631417,default,mode_cell_00,631417,11886,341,141.0,3230,3186,2990fe15c20330ea5052361acbb45694bafbe190076f6d722f6c3b73598a6cdf,2.9000000000000004,2386.0,469.0,False,13714,369,-1828,-28
default_mode_cell_01_631417,default,mode_cell_01,631417,13714,369,141.0,3230,3186,2990fe15c20330ea5052361acbb45694bafbe190076f6d722f6c3b73598a6cdf,3.2,0.0,0.0,True,13714,369,0,0
default_mode_cell_02_631417,default,mode_cell_02,631417,13714,369,141.0,3230,3186,2990fe15c20330ea5052361acbb45694bafbe190076f6d722f6c3b73598a6cdf,3.2,0.0,0.0,True,13714,369,0,0
default_mode_cell_03_631417,default,mode_cell_03,631417,14171,367,140.0,3230,3186,2990fe15c20330ea5052361acbb45694bafbe190076f6d722f6c3b73598a6cdf,3.0,1009.0,177.0,False,13714,369,457,-2
default_mode_cell_04_631417,default,mode_cell_04,631417,13714,369,141.0,3230,3186,2990fe15c20330ea5052361acbb45694bafbe190076f6d722f6c3b73598a6cdf,3.2,0.0,0.0,True,13714,369,0,0
default_mode_cell_05_631417,default,mode_cell_05,631417,13714,369,141.0,3230,3186,2990fe15c20330ea5052361acbb45694bafbe190076f6d722f6c3b73598a6cdf,3.2,0.0,0.0,True,13714,369,0,0
default_mode_cell_06_631417,default,mode_cell_06,631417,13938,358,140.0,3230,3186,2990fe15c20330ea5052361acbb45694bafbe190076f6d722f6c3b73598a6cdf,3.1000000000000005,716.0,120.0,False,13714,369,224,-11
default_mode_cell_07_631417,default,mode_cell_07,631417,15859,377,141.0,3230,3186,2990fe15c20330ea5052361acbb45694bafbe190076f6d722f6c3b73598a6cdf,2.9000000000000004,2541.0,448.0,False,13714,369,2145,8
default_mode_cell_08_631417,default,mode_cell_08,631417,13769,340,140.0,3230,3186,2990fe15c20330ea5052361acbb45694bafbe190076f6d722f6c3b73598a6cdf,3.2,1399.0,194.0,False,13714,369,55,-29
default_mode_cell_09_631417,default,mode_cell_09,631417,13714,369,141.0,3230,3186,2990fe15c20330ea5052361acbb45694bafbe190076f6d722f6c3b73598a6cdf,3.2,0.0,0.0,True,13714,369,0,0
default_mode_cell_10_631417,default,mode_cell_10,631417,13907,369,140.0,3230,3186,2990fe15c20330ea5052361acbb45694bafbe190076f6d722f6c3b73598a6cdf,3.1000000000000005,921.0,127.0,False,13714,369,193,0
default_mode_cell_11_631417,default,mode_cell_11,631417,13714,369,141.0,3230,3186,2990fe15c20330ea5052361acbb45694bafbe190076f6d722f6c3b73598a6cdf,3.2,0.0,0.0,True,13714,369,0,0
default_mode_cell_12_631417,default,mode_cell_12,631417,13493,347,140.0,3230,3186,2990fe15c20330ea5052361acbb45694bafbe190076f6d722f6c3b73598a6cdf,3.1000000000000005,993.0,200.0,False,13714,369,-221,-22
default_mode_cell_13_631417,default,mode_cell_13,631417,13348,339,140.0,3230,3186,2990fe15c20330ea5052361acbb45694bafbe190076f6d722f6c3b73598a6cdf,3.0,1376.0,239.0,False,13714,369,-366,-30
default_mode_cell_14_631417,default,mode_cell_14,631417,13714,369,141.0,3230,3186,2990fe15c20330ea5052361acbb45694bafbe190076f6d722f6c3b73598a6cdf,3.2,0.0,0.0,True,13714,369,0,0
default_mode_cell_15_631417,default,mode_cell_15,631417,14130,363,141.0,3230,3186,2990fe15c20330ea5052361acbb45694bafbe190076f6d722f6c3b73598a6cdf,2.9000000000000004,1032.0,175.0,False,13714,369,416,-6
default_mode_cell_16_631417,default,mode_cell_16,631417,13714,369,141.0,3230,3186,2990fe15c20330ea5052361acbb45694bafbe190076f6d722f6c3b73598a6cdf,3.2,0.0,0.0,True,13714,369,0,0
default_mode_cell_17_631417,default,mode_cell_17,631417,13749,369,141.0,3230,3186,2990fe15c20330ea5052361acbb45694bafbe190076f6d722f6c3b73598a6cdf,3.1000000000000005,1011.0,170.0,False,13714,369,35,0
default_mode_cell_18_631417,default,mode_cell_18,631417,13504,351,140.0,3230,3186,2990fe15c20330ea5052361acbb45694bafbe190076f6d722f6c3b73598a6cdf,2.8,954.0,121.0,False,13714,369,-210,-18
default_mode_cell_19_631417,default,mode_cell_19,631417,14450,357,139.0,3230,3186,2990fe15c20330ea5052361acbb45694bafbe190076f6d722f6c3b73598a6cdf,2.9000000000000004,1220.0,198.0,False,13714,369,736,-12
default_mode_cell_20_631417,default,mode_cell_20,631417,13794,356,141.0,3230,3186,2990fe15c20330ea5052361acbb45694bafbe190076f6d722f6c3b73598a6cdf,3.0,712.0,130.0,False,13714,369,80,-13
default_mode_cell_21_631417,default,mode_cell_21,631417,13714,369,141.0,3230,3186,2990fe15c20330ea5052361acbb45694bafbe190076f6d722f6c3b73598a6cdf,3.2,0.0,0.0,True,13714,369,0,0
default_mode_cell_22_631417,default,mode_cell_22,631417,13714,369,141.0,3230,3186,2990fe15c20330ea5052361acbb45694bafbe190076f6d722f6c3b73598a6cdf,3.2,0.0,0.0,True,13714,369,0,0
default_mode_cell_23_631417,default,mode_cell_23,631417,13714,369,141.0,3230,3186,2990fe15c20330ea5052361acbb45694bafbe190076f6d722f6c3b73598a6cdf,3.2,0.0,0.0,True,13714,369,0,0
default_mode_cell_24_631417,default,mode_cell_24,631417,12493,315,140.0,3230,3186,2990fe15c20330ea5052361acbb45694bafbe190076f6d722f6c3b73598a6cdf,3.1000000000000005,1997.0,412.0,False,13714,369,-1221,-54
default_mode_cell_25_631417,default,mode_cell_25,631417,13908,366,139.0,3230,3186,2990fe15c20330ea5052361acbb45694bafbe190076f6d722f6c3b73598a6cdf,3.0,786.0,116.0,False,13714,369,194,-3
default_mode_cell_26_631417,default,mode_cell_26,631417,13714,369,141.0,3230,3186,2990fe15c20330ea5052361acbb45694bafbe190076f6d722f6c3b73598a6cdf,3.2,0.0,0.0,True,13714,369,0,0
default_mode_cell_27_631417,default,mode_cell_27,631417,13714,369,141.0,3230,3186,2990fe15c20330ea5052361acbb45694bafbe190076f6d722f6c3b73598a6cdf,3.2,0.0,0.0,True,13714,369,0,0
default_mode_cell_28_631417,default,mode_cell_28,631417,13714,369,141.0,3230,3186,2990fe15c20330ea5052361acbb45694bafbe190076f6d722f6c3b73598a6cdf,3.2,0.0,0.0,True,13714,369,0,0
default_mode_cell_29_631417,default,mode_cell_29,631417,13714,369,141.0,3230,3186,2990fe15c20330ea5052361acbb45694bafbe190076f6d722f6c3b73598a6cdf,3.2,0.0,0.0,True,13714,369,0,0
default_mode_cell_30_631417,default,mode_cell_30,631417,13844,367,141.0,3230,3186,2990fe15c20330ea5052361acbb45694bafbe190076f6d722f6c3b73598a6cdf,3.0,816.0,133.0,False,13714,369,130,-2
default_mode_cell_31_631417,default,mode_cell_31,631417,13770,354,139.0,3230,3186,2990fe15c20330ea5052361acbb45694bafbe190076f6d722f6c3b73598a6cdf,2.9000000000000004,726.0,135.0,False,13714,369,56,-15
default_mode_cell_32_631417,default,mode_cell_32,631417,13685,354,141.0,3230,3186,2990fe15c20330ea5052361acbb45694bafbe190076f6d722f6c3b73598a6cdf,3.1000000000000005,659.0,101.0,False,13714,369,-29,-15
default_mode_cell_33_631417,default,mode_cell_33,631417,13714,369,141.0,3230,3186,2990fe15c20330ea5052361acbb45694bafbe190076f6d722f6c3b73598a6cdf,3.2,0.0,0.0,True,13714,369,0,0
default_mode_cell_34_631417,default,mode_cell_34,631417,13714,369,141.0,3230,3186,2990fe15c20330ea5052361acbb45694bafbe190076f6d722f6c3b73598a6cdf,3.2,0.0,0.0,True,13714,369,0,0
default_mode_cell_35_631417,default,mode_cell_35,631417,13714,369,141.0,3230,3186,2990fe15c20330ea5052361acbb45694bafbe190076f6d722f6c3b73598a6cdf,3.2,0.0,0.0,True,13714,369,0,0
default_mode_cell_36_631417,default,mode_cell_36,631417,13578,360,141.0,3230,3186,2990fe15c20330ea5052361acbb45694bafbe190076f6d722f6c3b73598a6cdf,3.2,730.0,105.0,False,13714,369,-136,-9
default_mode_cell_37_631417,default,mode_cell_37,631417,14145,365,140.0,3230,3186,2990fe15c20330ea5052361acbb45694bafbe190076f6d722f6c3b73598a6cdf,3.0,1025.0,167.0,False,13714,369,431,-4
default_mode_cell_38_631417,default,mode_cell_38,631417,14107,369,140.0,3230,3186,2990fe15c20330ea5052361acbb45694bafbe190076f6d722f6c3b73598a6cdf,3.0,1253.0,186.0,False,13714,369,393,0
default_mode_cell_39_631417,default,mode_cell_39,631417,13940,355,140.0,3230,3186,2990fe15c20330ea5052361acbb45694bafbe190076f6d722f6c3b73598a6cdf,3.1000000000000005,1122.0,163.0,False,13714,369,226,-14
default_mode_cell_40_631417,default,mode_cell_40,631417,13978,353,140.0,3230,3186,2990fe15c20330ea5052361acbb45694bafbe190076f6d722f6c3b73598a6cdf,3.2,824.0,124.0,False,13714,369,264,-16
default_mode_cell_41_631417,default,mode_cell_41,631417,13847,356,141.0,3230,3186,2990fe15c20330ea5052361acbb45694bafbe190076f6d722f6c3b73598a6cdf,3.1000000000000005,1047.0,175.0,False,13714,369,133,-13
default_mode_cell_42_631417,default,mode_cell_42,631417,13714,369,141.0,3230,3186,2990fe15c20330ea5052361acbb45694bafbe190076f6d722f6c3b73598a6cdf,3.2,0.0,0.0,True,13714,369,0,0
default_mode_cell_43_631417,default,mode_cell_43,631417,13881,366,141.0,3230,3186,2990fe15c20330ea5052361acbb45694bafbe190076f6d722f6c3b73598a6cdf,3.0,833.0,123.0,False,13714,369,167,-3
default_mode_cell_44_631417,default,mode_cell_44,631417,13714,369,141.0,3230,3186,2990fe15c20330ea5052361acbb45694bafbe190076f6d722f6c3b73598a6cdf,3.2,0.0,0.0,True,13714,369,0,0
default_mode_cell_45_631417,default,mode_cell_45,631417,13714,369,141.0,3230,3186,2990fe15c20330ea5052361acbb45694bafbe190076f6d722f6c3b73598a6cdf,3.2,0.0,0.0,True,13714,369,0,0
default_mode_cell_46_631417,default,mode_cell_46,631417,13769,356,140.0,3230,3186,2990fe15c20330ea5052361acbb45694bafbe190076f6d722f6c3b73598a6cdf,3.1000000000000005,891.0,148.0,False,13714,369,55,-13
default_mode_cell_47_631417,default,mode_cell_47,631417,15449,365,207.0,3230,3186,2990fe15c20330ea5052361acbb45694bafbe190076f6d722f6c3b73598a6cdf,2.9000000000000004,2579.0,375.0,False,13714,369,1735,-4
default_mode_cell_48_631417,default,mode_cell_48,631417,13714,368,140.0,3230,3186,2990fe15c20330ea5052361acbb45694bafbe190076f6d722f6c3b73598a6cdf,3.0,756.0,120.0,False,13714,369,0,-1
default_mode_cell_49_631417,default,mode_cell_49,631417,13714,369,141.0,3230,3186,2990fe15c20330ea5052361acbb45694bafbe190076f6d722f6c3b73598a6cdf,3.2,0.0,0.0,True,13714,369,0,0
default_mode_631418,default,mode,631418,12936,276,201.0,3286,3238,46de1871008b658723cab9a3d5b408a4492db89e0603e0eef1ad3cc9eeef8fea,2.9000000000000004,4851.0,1088.0,False,14085,360,-1149,-84
default_mode_without_mn9_631418,default,mode_without_mn9,631418,12884,278,197.0,3286,3238,46de1871008b658723cab9a3d5b408a4492db89e0603e0eef1ad3cc9eeef8fea,3.0,4865.0,1097.0,False,14085,360,-1201,-82
default_mn9_only_631418,default,mn9_only,631418,14177,372,141.0,3286,3238,46de1871008b658723cab9a3d5b408a4492db89e0603e0eef1ad3cc9eeef8fea,3.2,660.0,56.0,False,14085,360,92,12
default_motor_003_631418,default,motor_003,631418,12555,386,139.0,3286,3238,46de1871008b658723cab9a3d5b408a4492db89e0603e0eef1ad3cc9eeef8fea,3.3,3504.0,558.0,False,14085,360,-1530,26
default_motor_004_631418,default,motor_004,631418,12889,353,138.0,3286,3238,46de1871008b658723cab9a3d5b408a4492db89e0603e0eef1ad3cc9eeef8fea,2.9000000000000004,3498.0,579.0,False,14085,360,-1196,-7
default_motor_005_631418,default,motor_005,631418,13056,366,139.0,3286,3238,46de1871008b658723cab9a3d5b408a4492db89e0603e0eef1ad3cc9eeef8fea,3.3,3573.0,567.0,False,14085,360,-1029,6
default_mode_cell_00_631418,default,mode_cell_00,631418,12296,339,141.0,3286,3238,46de1871008b658723cab9a3d5b408a4492db89e0603e0eef1ad3cc9eeef8fea,3.1000000000000005,2273.0,369.0,False,14085,360,-1789,-21
default_mode_cell_01_631418,default,mode_cell_01,631418,14085,360,140.0,3286,3238,46de1871008b658723cab9a3d5b408a4492db89e0603e0eef1ad3cc9eeef8fea,3.3,0.0,0.0,True,14085,360,0,0
default_mode_cell_02_631418,default,mode_cell_02,631418,14085,360,140.0,3286,3238,46de1871008b658723cab9a3d5b408a4492db89e0603e0eef1ad3cc9eeef8fea,3.3,0.0,0.0,True,14085,360,0,0
default_mode_cell_03_631418,default,mode_cell_03,631418,13642,350,142.0,3286,3238,46de1871008b658723cab9a3d5b408a4492db89e0603e0eef1ad3cc9eeef8fea,3.3,793.0,85.0,False,14085,360,-443,-10
default_mode_cell_04_631418,default,mode_cell_04,631418,14085,360,140.0,3286,3238,46de1871008b658723cab9a3d5b408a4492db89e0603e0eef1ad3cc9eeef8fea,3.3,0.0,0.0,True,14085,360,0,0
default_mode_cell_05_631418,default,mode_cell_05,631418,14085,360,140.0,3286,3238,46de1871008b658723cab9a3d5b408a4492db89e0603e0eef1ad3cc9eeef8fea,3.3,0.0,0.0,True,14085,360,0,0
default_mode_cell_06_631418,default,mode_cell_06,631418,14082,364,140.0,3286,3238,46de1871008b658723cab9a3d5b408a4492db89e0603e0eef1ad3cc9eeef8fea,3.0,573.0,75.0,False,14085,360,-3,4
default_mode_cell_07_631418,default,mode_cell_07,631418,15901,377,139.0,3286,3238,46de1871008b658723cab9a3d5b408a4492db89e0603e0eef1ad3cc9eeef8fea,3.0,2318.0,406.0,False,14085,360,1816,17
default_mode_cell_08_631418,default,mode_cell_08,631418,13570,341,141.0,3286,3238,46de1871008b658723cab9a3d5b408a4492db89e0603e0eef1ad3cc9eeef8fea,2.9000000000000004,1061.0,129.0,False,14085,360,-515,-19
default_mode_cell_09_631418,default,mode_cell_09,631418,14085,360,140.0,3286,3238,46de1871008b658723cab9a3d5b408a4492db89e0603e0eef1ad3cc9eeef8fea,3.3,0.0,0.0,True,14085,360,0,0
default_mode_cell_10_631418,default,mode_cell_10,631418,14131,367,140.0,3286,3238,46de1871008b658723cab9a3d5b408a4492db89e0603e0eef1ad3cc9eeef8fea,3.0,670.0,73.0,False,14085,360,46,7
default_mode_cell_11_631418,default,mode_cell_11,631418,14085,360,140.0,3286,3238,46de1871008b658723cab9a3d5b408a4492db89e0603e0eef1ad3cc9eeef8fea,3.3,0.0,0.0,True,14085,360,0,0
default_mode_cell_12_631418,default,mode_cell_12,631418,14234,361,139.0,3286,3238,46de1871008b658723cab9a3d5b408a4492db89e0603e0eef1ad3cc9eeef8fea,3.1000000000000005,775.0,145.0,False,14085,360,149,1
default_mode_cell_13_631418,default,mode_cell_13,631418,13351,344,141.0,3286,3238,46de1871008b658723cab9a3d5b408a4492db89e0603e0eef1ad3cc9eeef8fea,3.1000000000000005,1114.0,151.0,False,14085,360,-734,-16
default_mode_cell_14_631418,default,mode_cell_14,631418,14085,360,140.0,3286,3238,46de1871008b658723cab9a3d5b408a4492db89e0603e0eef1ad3cc9eeef8fea,3.3,0.0,0.0,True,14085,360,0,0
default_mode_cell_15_631418,default,mode_cell_15,631418,14200,366,139.0,3286,3238,46de1871008b658723cab9a3d5b408a4492db89e0603e0eef1ad3cc9eeef8fea,2.8,679.0,107.0,False,14085,360,115,6
default_mode_cell_16_631418,default,mode_cell_16,631418,14085,360,140.0,3286,3238,46de1871008b658723cab9a3d5b408a4492db89e0603e0eef1ad3cc9eeef8fea,3.3,0.0,0.0,True,14085,360,0,0
default_mode_cell_17_631418,default,mode_cell_17,631418,13867,373,140.0,3286,3238,46de1871008b658723cab9a3d5b408a4492db89e0603e0eef1ad3cc9eeef8fea,3.1000000000000005,978.0,138.0,False,14085,360,-218,13
default_mode_cell_18_631418,default,mode_cell_18,631418,14067,355,142.0,3286,3238,46de1871008b658723cab9a3d5b408a4492db89e0603e0eef1ad3cc9eeef8fea,2.9000000000000004,804.0,112.0,False,14085,360,-18,-5
default_mode_cell_19_631418,default,mode_cell_19,631418,14292,358,140.0,3286,3238,46de1871008b658723cab9a3d5b408a4492db89e0603e0eef1ad3cc9eeef8fea,3.0,817.0,109.0,False,14085,360,207,-2
default_mode_cell_20_631418,default,mode_cell_20,631418,13693,367,139.0,3286,3238,46de1871008b658723cab9a3d5b408a4492db89e0603e0eef1ad3cc9eeef8fea,3.0,922.0,84.0,False,14085,360,-392,7
default_mode_cell_21_631418,default,mode_cell_21,631418,14085,360,140.0,3286,3238,46de1871008b658723cab9a3d5b408a4492db89e0603e0eef1ad3cc9eeef8fea,3.3,0.0,0.0,True,14085,360,0,0
default_mode_cell_22_631418,default,mode_cell_22,631418,14085,360,140.0,3286,3238,46de1871008b658723cab9a3d5b408a4492db89e0603e0eef1ad3cc9eeef8fea,3.3,0.0,0.0,True,14085,360,0,0
default_mode_cell_23_631418,default,mode_cell_23,631418,14085,360,140.0,3286,3238,46de1871008b658723cab9a3d5b408a4492db89e0603e0eef1ad3cc9eeef8fea,3.3,0.0,0.0,True,14085,360,0,0
default_mode_cell_24_631418,default,mode_cell_24,631418,12482,323,141.0,3286,3238,46de1871008b658723cab9a3d5b408a4492db89e0603e0eef1ad3cc9eeef8fea,3.1000000000000005,2155.0,360.0,False,14085,360,-1603,-37
default_mode_cell_25_631418,default,mode_cell_25,631418,14081,355,140.0,3286,3238,46de1871008b658723cab9a3d5b408a4492db89e0603e0eef1ad3cc9eeef8fea,3.1000000000000005,556.0,68.0,False,14085,360,-4,-5
default_mode_cell_26_631418,default,mode_cell_26,631418,14085,360,140.0,3286,3238,46de1871008b658723cab9a3d5b408a4492db89e0603e0eef1ad3cc9eeef8fea,3.3,0.0,0.0,True,14085,360,0,0
default_mode_cell_27_631418,default,mode_cell_27,631418,14085,360,140.0,3286,3238,46de1871008b658723cab9a3d5b408a4492db89e0603e0eef1ad3cc9eeef8fea,3.3,0.0,0.0,True,14085,360,0,0
default_mode_cell_28_631418,default,mode_cell_28,631418,14085,360,140.0,3286,3238,46de1871008b658723cab9a3d5b408a4492db89e0603e0eef1ad3cc9eeef8fea,3.3,0.0,0.0,True,14085,360,0,0
default_mode_cell_29_631418,default,mode_cell_29,631418,14085,360,140.0,3286,3238,46de1871008b658723cab9a3d5b408a4492db89e0603e0eef1ad3cc9eeef8fea,3.3,0.0,0.0,True,14085,360,0,0
default_mode_cell_30_631418,default,mode_cell_30,631418,14474,370,140.0,3286,3238,46de1871008b658723cab9a3d5b408a4492db89e0603e0eef1ad3cc9eeef8fea,2.9000000000000004,703.0,86.0,False,14085,360,389,10
default_mode_cell_31_631418,default,mode_cell_31,631418,14229,366,141.0,3286,3238,46de1871008b658723cab9a3d5b408a4492db89e0603e0eef1ad3cc9eeef8fea,2.9000000000000004,578.0,60.0,False,14085,360,144,6
default_mode_cell_32_631418,default,mode_cell_32,631418,13972,353,140.0,3286,3238,46de1871008b658723cab9a3d5b408a4492db89e0603e0eef1ad3cc9eeef8fea,3.1000000000000005,707.0,75.0,False,14085,360,-113,-7
default_mode_cell_33_631418,default,mode_cell_33,631418,14085,360,140.0,3286,3238,46de1871008b658723cab9a3d5b408a4492db89e0603e0eef1ad3cc9eeef8fea,3.3,0.0,0.0,True,14085,360,0,0
default_mode_cell_34_631418,default,mode_cell_34,631418,14085,360,140.0,3286,3238,46de1871008b658723cab9a3d5b408a4492db89e0603e0eef1ad3cc9eeef8fea,3.3,0.0,0.0,True,14085,360,0,0
default_mode_cell_35_631418,default,mode_cell_35,631418,14085,360,140.0,3286,3238,46de1871008b658723cab9a3d5b408a4492db89e0603e0eef1ad3cc9eeef8fea,3.3,0.0,0.0,True,14085,360,0,0
default_mode_cell_36_631418,default,mode_cell_36,631418,14091,358,142.0,3286,3238,46de1871008b658723cab9a3d5b408a4492db89e0603e0eef1ad3cc9eeef8fea,3.1000000000000005,542.0,66.0,False,14085,360,6,-2
default_mode_cell_37_631418,default,mode_cell_37,631418,13972,357,142.0,3286,3238,46de1871008b658723cab9a3d5b408a4492db89e0603e0eef1ad3cc9eeef8fea,3.0,563.0,63.0,False,14085,360,-113,-3
default_mode_cell_38_631418,default,mode_cell_38,631418,13920,350,140.0,3286,3238,46de1871008b658723cab9a3d5b408a4492db89e0603e0eef1ad3cc9eeef8fea,2.9000000000000004,617.0,92.0,False,14085,360,-165,-10
default_mode_cell_39_631418,default,mode_cell_39,631418,14490,374,140.0,3286,3238,46de1871008b658723cab9a3d5b408a4492db89e0603e0eef1ad3cc9eeef8fea,3.0,749.0,95.0,False,14085,360,405,14
default_mode_cell_40_631418,default,mode_cell_40,631418,14057,365,142.0,3286,3238,46de1871008b658723cab9a3d5b408a4492db89e0603e0eef1ad3cc9eeef8fea,2.8,894.0,142.0,False,14085,360,-28,5
default_mode_cell_41_631418,default,mode_cell_41,631418,13610,361,140.0,3286,3238,46de1871008b658723cab9a3d5b408a4492db89e0603e0eef1ad3cc9eeef8fea,3.0,1089.0,135.0,False,14085,360,-475,1
default_mode_cell_42_631418,default,mode_cell_42,631418,14085,360,140.0,3286,3238,46de1871008b658723cab9a3d5b408a4492db89e0603e0eef1ad3cc9eeef8fea,3.3,0.0,0.0,True,14085,360,0,0
default_mode_cell_43_631418,default,mode_cell_43,631418,14173,364,140.0,3286,3238,46de1871008b658723cab9a3d5b408a4492db89e0603e0eef1ad3cc9eeef8fea,3.1000000000000005,672.0,93.0,False,14085,360,88,4
default_mode_cell_44_631418,default,mode_cell_44,631418,14085,360,140.0,3286,3238,46de1871008b658723cab9a3d5b408a4492db89e0603e0eef1ad3cc9eeef8fea,3.3,0.0,0.0,True,14085,360,0,0
default_mode_cell_45_631418,default,mode_cell_45,631418,14085,360,140.0,3286,3238,46de1871008b658723cab9a3d5b408a4492db89e0603e0eef1ad3cc9eeef8fea,3.3,0.0,0.0,True,14085,360,0,0
default_mode_cell_46_631418,default,mode_cell_46,631418,13889,367,140.0,3286,3238,46de1871008b658723cab9a3d5b408a4492db89e0603e0eef1ad3cc9eeef8fea,2.9000000000000004,834.0,82.0,False,14085,360,-196,7
default_mode_cell_47_631418,default,mode_cell_47,631418,15638,371,212.0,3286,3238,46de1871008b658723cab9a3d5b408a4492db89e0603e0eef1ad3cc9eeef8fea,2.9000000000000004,2157.0,301.0,False,14085,360,1553,11
default_mode_cell_48_631418,default,mode_cell_48,631418,14204,368,142.0,3286,3238,46de1871008b658723cab9a3d5b408a4492db89e0603e0eef1ad3cc9eeef8fea,3.0,693.0,81.0,False,14085,360,119,8
default_mode_cell_49_631418,default,mode_cell_49,631418,14085,360,140.0,3286,3238,46de1871008b658723cab9a3d5b408a4492db89e0603e0eef1ad3cc9eeef8fea,3.3,0.0,0.0,True,14085,360,0,0
default_mode_631419,default,mode,631419,12548,274,202.0,3139,3083,6f48116eb54c69e28d2a3fd266db36c5d3574765971a6667b9e5865a9eb5e4c8,2.8,5044.0,1149.0,False,13766,365,-1218,-91
default_mode_without_mn9_631419,default,mode_without_mn9,631419,12419,268,202.0,3139,3083,6f48116eb54c69e28d2a3fd266db36c5d3574765971a6667b9e5865a9eb5e4c8,3.0,5231.0,1215.0,False,13766,365,-1347,-97
default_mn9_only_631419,default,mn9_only,631419,13475,349,137.0,3139,3083,6f48116eb54c69e28d2a3fd266db36c5d3574765971a6667b9e5865a9eb5e4c8,3.0,697.0,93.0,False,13766,365,-291,-16
default_motor_003_631419,default,motor_003,631419,12273,344,137.0,3139,3083,6f48116eb54c69e28d2a3fd266db36c5d3574765971a6667b9e5865a9eb5e4c8,3.1000000000000005,3345.0,493.0,False,13766,365,-1493,-21
default_motor_004_631419,default,motor_004,631419,12053,356,137.0,3139,3083,6f48116eb54c69e28d2a3fd266db36c5d3574765971a6667b9e5865a9eb5e4c8,3.3,3403.0,535.0,False,13766,365,-1713,-9
default_motor_005_631419,default,motor_005,631419,12328,348,137.0,3139,3083,6f48116eb54c69e28d2a3fd266db36c5d3574765971a6667b9e5865a9eb5e4c8,3.1000000000000005,3454.0,537.0,False,13766,365,-1438,-17
default_mode_cell_00_631419,default,mode_cell_00,631419,12275,337,138.0,3139,3083,6f48116eb54c69e28d2a3fd266db36c5d3574765971a6667b9e5865a9eb5e4c8,2.8,2105.0,409.0,False,13766,365,-1491,-28
default_mode_cell_01_631419,default,mode_cell_01,631419,13766,365,137.0,3139,3083,6f48116eb54c69e28d2a3fd266db36c5d3574765971a6667b9e5865a9eb5e4c8,3.0,0.0,0.0,True,13766,365,0,0
default_mode_cell_02_631419,default,mode_cell_02,631419,13766,365,137.0,3139,3083,6f48116eb54c69e28d2a3fd266db36c5d3574765971a6667b9e5865a9eb5e4c8,3.0,0.0,0.0,True,13766,365,0,0
default_mode_cell_03_631419,default,mode_cell_03,631419,13376,361,138.0,3139,3083,6f48116eb54c69e28d2a3fd266db36c5d3574765971a6667b9e5865a9eb5e4c8,3.0,748.0,122.0,False,13766,365,-390,-4
default_mode_cell_04_631419,default,mode_cell_04,631419,13766,365,137.0,3139,3083,6f48116eb54c69e28d2a3fd266db36c5d3574765971a6667b9e5865a9eb5e4c8,3.0,0.0,0.0,True,13766,365,0,0
default_mode_cell_05_631419,default,mode_cell_05,631419,13766,365,137.0,3139,3083,6f48116eb54c69e28d2a3fd266db36c5d3574765971a6667b9e5865a9eb5e4c8,3.0,0.0,0.0,True,13766,365,0,0
default_mode_cell_06_631419,default,mode_cell_06,631419,13483,360,136.0,3139,3083,6f48116eb54c69e28d2a3fd266db36c5d3574765971a6667b9e5865a9eb5e4c8,3.0,663.0,107.0,False,13766,365,-283,-5
default_mode_cell_07_631419,default,mode_cell_07,631419,15704,373,138.0,3139,3083,6f48116eb54c69e28d2a3fd266db36c5d3574765971a6667b9e5865a9eb5e4c8,3.0,2450.0,423.0,False,13766,365,1938,8
default_mode_cell_08_631419,default,mode_cell_08,631419,13715,348,137.0,3139,3083,6f48116eb54c69e28d2a3fd266db36c5d3574765971a6667b9e5865a9eb5e4c8,2.9000000000000004,1067.0,157.0,False,13766,365,-51,-17
default_mode_cell_09_631419,default,mode_cell_09,631419,13766,365,137.0,3139,3083,6f48116eb54c69e28d2a3fd266db36c5d3574765971a6667b9e5865a9eb5e4c8,3.0,0.0,0.0,True,13766,365,0,0
default_mode_cell_10_631419,default,mode_cell_10,631419,13703,364,137.0,3139,3083,6f48116eb54c69e28d2a3fd266db36c5d3574765971a6667b9e5865a9eb5e4c8,3.0,877.0,128.0,False,13766,365,-63,-1
default_mode_cell_11_631419,default,mode_cell_11,631419,13766,365,137.0,3139,3083,6f48116eb54c69e28d2a3fd266db36c5d3574765971a6667b9e5865a9eb5e4c8,3.0,0.0,0.0,True,13766,365,0,0
default_mode_cell_12_631419,default,mode_cell_12,631419,13436,362,137.0,3139,3083,6f48116eb54c69e28d2a3fd266db36c5d3574765971a6667b9e5865a9eb5e4c8,3.0,808.0,106.0,False,13766,365,-330,-3
default_mode_cell_13_631419,default,mode_cell_13,631419,13216,331,138.0,3139,3083,6f48116eb54c69e28d2a3fd266db36c5d3574765971a6667b9e5865a9eb5e4c8,2.8,1162.0,172.0,False,13766,365,-550,-34
default_mode_cell_14_631419,default,mode_cell_14,631419,13766,365,137.0,3139,3083,6f48116eb54c69e28d2a3fd266db36c5d3574765971a6667b9e5865a9eb5e4c8,3.0,0.0,0.0,True,13766,365,0,0
default_mode_cell_15_631419,default,mode_cell_15,631419,13301,357,137.0,3139,3083,6f48116eb54c69e28d2a3fd266db36c5d3574765971a6667b9e5865a9eb5e4c8,2.9000000000000004,835.0,131.0,False,13766,365,-465,-8
default_mode_cell_16_631419,default,mode_cell_16,631419,13766,365,137.0,3139,3083,6f48116eb54c69e28d2a3fd266db36c5d3574765971a6667b9e5865a9eb5e4c8,3.0,0.0,0.0,True,13766,365,0,0
default_mode_cell_17_631419,default,mode_cell_17,631419,13551,359,137.0,3139,3083,6f48116eb54c69e28d2a3fd266db36c5d3574765971a6667b9e5865a9eb5e4c8,3.1000000000000005,897.0,175.0,False,13766,365,-215,-6
default_mode_cell_18_631419,default,mode_cell_18,631419,13794,351,137.0,3139,3083,6f48116eb54c69e28d2a3fd266db36c5d3574765971a6667b9e5865a9eb5e4c8,3.0,856.0,122.0,False,13766,365,28,-14
default_mode_cell_19_631419,default,mode_cell_19,631419,13238,341,136.0,3139,3083,6f48116eb54c69e28d2a3fd266db36c5d3574765971a6667b9e5865a9eb5e4c8,3.0,976.0,158.0,False,13766,365,-528,-24
default_mode_cell_20_631419,default,mode_cell_20,631419,13704,370,138.0,3139,3083,6f48116eb54c69e28d2a3fd266db36c5d3574765971a6667b9e5865a9eb5e4c8,3.0,636.0,97.0,False,13766,365,-62,5
default_mode_cell_21_631419,default,mode_cell_21,631419,13766,365,137.0,3139,3083,6f48116eb54c69e28d2a3fd266db36c5d3574765971a6667b9e5865a9eb5e4c8,3.0,0.0,0.0,True,13766,365,0,0
default_mode_cell_22_631419,default,mode_cell_22,631419,13766,365,137.0,3139,3083,6f48116eb54c69e28d2a3fd266db36c5d3574765971a6667b9e5865a9eb5e4c8,3.0,0.0,0.0,True,13766,365,0,0
default_mode_cell_23_631419,default,mode_cell_23,631419,13766,365,137.0,3139,3083,6f48116eb54c69e28d2a3fd266db36c5d3574765971a6667b9e5865a9eb5e4c8,3.0,0.0,0.0,True,13766,365,0,0
default_mode_cell_24_631419,default,mode_cell_24,631419,12009,317,137.0,3139,3083,6f48116eb54c69e28d2a3fd266db36c5d3574765971a6667b9e5865a9eb5e4c8,3.2,2327.0,444.0,False,13766,365,-1757,-48
default_mode_cell_25_631419,default,mode_cell_25,631419,13423,369,137.0,3139,3083,6f48116eb54c69e28d2a3fd266db36c5d3574765971a6667b9e5865a9eb5e4c8,2.8,853.0,113.0,False,13766,365,-343,4
default_mode_cell_26_631419,default,mode_cell_26,631419,13766,365,137.0,3139,3083,6f48116eb54c69e28d2a3fd266db36c5d3574765971a6667b9e5865a9eb5e4c8,3.0,0.0,0.0,True,13766,365,0,0
default_mode_cell_27_631419,default,mode_cell_27,631419,13766,365,137.0,3139,3083,6f48116eb54c69e28d2a3fd266db36c5d3574765971a6667b9e5865a9eb5e4c8,3.0,0.0,0.0,True,13766,365,0,0
default_mode_cell_28_631419,default,mode_cell_28,631419,13766,365,137.0,3139,3083,6f48116eb54c69e28d2a3fd266db36c5d3574765971a6667b9e5865a9eb5e4c8,3.0,0.0,0.0,True,13766,365,0,0
default_mode_cell_29_631419,default,mode_cell_29,631419,13766,365,137.0,3139,3083,6f48116eb54c69e28d2a3fd266db36c5d3574765971a6667b9e5865a9eb5e4c8,3.0,0.0,0.0,True,13766,365,0,0
default_mode_cell_30_631419,default,mode_cell_30,631419,13730,367,137.0,3139,3083,6f48116eb54c69e28d2a3fd266db36c5d3574765971a6667b9e5865a9eb5e4c8,3.0,736.0,101.0,False,13766,365,-36,2
default_mode_cell_31_631419,default,mode_cell_31,631419,13955,361,137.0,3139,3083,6f48116eb54c69e28d2a3fd266db36c5d3574765971a6667b9e5865a9eb5e4c8,3.0,679.0,95.0,False,13766,365,189,-4
default_mode_cell_32_631419,default,mode_cell_32,631419,13414,368,137.0,3139,3083,6f48116eb54c69e28d2a3fd266db36c5d3574765971a6667b9e5865a9eb5e4c8,2.9000000000000004,664.0,89.0,False,13766,365,-352,3
default_mode_cell_33_631419,default,mode_cell_33,631419,13766,365,137.0,3139,3083,6f48116eb54c69e28d2a3fd266db36c5d3574765971a6667b9e5865a9eb5e4c8,3.0,0.0,0.0,True,13766,365,0,0
default_mode_cell_34_631419,default,mode_cell_34,631419,13766,365,137.0,3139,3083,6f48116eb54c69e28d2a3fd266db36c5d3574765971a6667b9e5865a9eb5e4c8,3.0,0.0,0.0,True,13766,365,0,0
default_mode_cell_35_631419,default,mode_cell_35,631419,13766,365,137.0,3139,3083,6f48116eb54c69e28d2a3fd266db36c5d3574765971a6667b9e5865a9eb5e4c8,3.0,0.0,0.0,True,13766,365,0,0
default_mode_cell_36_631419,default,mode_cell_36,631419,13517,368,136.0,3139,3083,6f48116eb54c69e28d2a3fd266db36c5d3574765971a6667b9e5865a9eb5e4c8,3.0,745.0,97.0,False,13766,365,-249,3
default_mode_cell_37_631419,default,mode_cell_37,631419,13433,368,137.0,3139,3083,6f48116eb54c69e28d2a3fd266db36c5d3574765971a6667b9e5865a9eb5e4c8,3.0,739.0,90.0,False,13766,365,-333,3
default_mode_cell_38_631419,default,mode_cell_38,631419,13756,364,137.0,3139,3083,6f48116eb54c69e28d2a3fd266db36c5d3574765971a6667b9e5865a9eb5e4c8,3.1000000000000005,774.0,105.0,False,13766,365,-10,-1
default_mode_cell_39_631419,default,mode_cell_39,631419,13820,369,138.0,3139,3083,6f48116eb54c69e28d2a3fd266db36c5d3574765971a6667b9e5865a9eb5e4c8,3.2,638.0,82.0,False,13766,365,54,4
default_mode_cell_40_631419,default,mode_cell_40,631419,14124,368,137.0,3139,3083,6f48116eb54c69e28d2a3fd266db36c5d3574765971a6667b9e5865a9eb5e4c8,2.9000000000000004,868.0,94.0,False,13766,365,358,3
default_mode_cell_41_631419,default,mode_cell_41,631419,13498,351,138.0,3139,3083,6f48116eb54c69e28d2a3fd266db36c5d3574765971a6667b9e5865a9eb5e4c8,3.1000000000000005,918.0,140.0,False,13766,365,-268,-14
default_mode_cell_42_631419,default,mode_cell_42,631419,13766,365,137.0,3139,3083,6f48116eb54c69e28d2a3fd266db36c5d3574765971a6667b9e5865a9eb5e4c8,3.0,0.0,0.0,True,13766,365,0,0
default_mode_cell_43_631419,default,mode_cell_43,631419,13527,365,138.0,3139,3083,6f48116eb54c69e28d2a3fd266db36c5d3574765971a6667b9e5865a9eb5e4c8,3.1000000000000005,577.0,80.0,False,13766,365,-239,0
default_mode_cell_44_631419,default,mode_cell_44,631419,13766,365,137.0,3139,3083,6f48116eb54c69e28d2a3fd266db36c5d3574765971a6667b9e5865a9eb5e4c8,3.0,0.0,0.0,True,13766,365,0,0
default_mode_cell_45_631419,default,mode_cell_45,631419,13766,365,137.0,3139,3083,6f48116eb54c69e28d2a3fd266db36c5d3574765971a6667b9e5865a9eb5e4c8,3.0,0.0,0.0,True,13766,365,0,0
default_mode_cell_46_631419,default,mode_cell_46,631419,13263,356,137.0,3139,3083,6f48116eb54c69e28d2a3fd266db36c5d3574765971a6667b9e5865a9eb5e4c8,3.0,777.0,138.0,False,13766,365,-503,-9
default_mode_cell_47_631419,default,mode_cell_47,631419,15190,369,201.0,3139,3083,6f48116eb54c69e28d2a3fd266db36c5d3574765971a6667b9e5865a9eb5e4c8,2.9000000000000004,2322.0,319.0,False,13766,365,1424,4
default_mode_cell_48_631419,default,mode_cell_48,631419,13568,355,136.0,3139,3083,6f48116eb54c69e28d2a3fd266db36c5d3574765971a6667b9e5865a9eb5e4c8,3.0,708.0,101.0,False,13766,365,-198,-10
default_mode_cell_49_631419,default,mode_cell_49,631419,13766,365,137.0,3139,3083,6f48116eb54c69e28d2a3fd266db36c5d3574765971a6667b9e5865a9eb5e4c8,3.0,0.0,0.0,True,13766,365,0,0
default_mode_631420,default,mode,631420,12336,266,201.0,3085,3025,6c8e7959a7ed9c033caf1f7699f74167c8a00e3bd5d56fc4d704ed1347646d89,3.0,4795.0,1102.0,False,13467,356,-1131,-90
default_mode_without_mn9_631420,default,mode_without_mn9,631420,12459,270,199.0,3085,3025,6c8e7959a7ed9c033caf1f7699f74167c8a00e3bd5d56fc4d704ed1347646d89,2.9000000000000004,4808.0,1088.0,False,13467,356,-1008,-86
default_mn9_only_631420,default,mn9_only,631420,13221,347,136.0,3085,3025,6c8e7959a7ed9c033caf1f7699f74167c8a00e3bd5d56fc4d704ed1347646d89,3.2,658.0,113.0,False,13467,356,-246,-9
default_motor_003_631420,default,motor_003,631420,12154,354,136.0,3085,3025,6c8e7959a7ed9c033caf1f7699f74167c8a00e3bd5d56fc4d704ed1347646d89,3.2,3379.0,534.0,False,13467,356,-1313,-2
default_motor_004_631420,default,motor_004,631420,11650,344,136.0,3085,3025,6c8e7959a7ed9c033caf1f7699f74167c8a00e3bd5d56fc4d704ed1347646d89,3.3,3407.0,539.0,False,13467,356,-1817,-12
default_motor_005_631420,default,motor_005,631420,11472,343,136.0,3085,3025,6c8e7959a7ed9c033caf1f7699f74167c8a00e3bd5d56fc4d704ed1347646d89,3.3,3487.0,591.0,False,13467,356,-1995,-13
default_mode_cell_00_631420,default,mode_cell_00,631420,11828,348,137.0,3085,3025,6c8e7959a7ed9c033caf1f7699f74167c8a00e3bd5d56fc4d704ed1347646d89,3.1000000000000005,2101.0,417.0,False,13467,356,-1639,-8
default_mode_cell_01_631420,default,mode_cell_01,631420,13467,356,135.0,3085,3025,6c8e7959a7ed9c033caf1f7699f74167c8a00e3bd5d56fc4d704ed1347646d89,2.8,0.0,0.0,True,13467,356,0,0
default_mode_cell_02_631420,default,mode_cell_02,631420,13467,356,135.0,3085,3025,6c8e7959a7ed9c033caf1f7699f74167c8a00e3bd5d56fc4d704ed1347646d89,2.8,0.0,0.0,True,13467,356,0,0
default_mode_cell_03_631420,default,mode_cell_03,631420,13236,347,136.0,3085,3025,6c8e7959a7ed9c033caf1f7699f74167c8a00e3bd5d56fc4d704ed1347646d89,3.0,645.0,105.0,False,13467,356,-231,-9
default_mode_cell_04_631420,default,mode_cell_04,631420,13467,356,135.0,3085,3025,6c8e7959a7ed9c033caf1f7699f74167c8a00e3bd5d56fc4d704ed1347646d89,2.8,0.0,0.0,True,13467,356,0,0
default_mode_cell_05_631420,default,mode_cell_05,631420,13467,356,135.0,3085,3025,6c8e7959a7ed9c033caf1f7699f74167c8a00e3bd5d56fc4d704ed1347646d89,2.8,0.0,0.0,True,13467,356,0,0
default_mode_cell_06_631420,default,mode_cell_06,631420,13345,359,136.0,3085,3025,6c8e7959a7ed9c033caf1f7699f74167c8a00e3bd5d56fc4d704ed1347646d89,3.0,782.0,113.0,False,13467,356,-122,3
default_mode_cell_07_631420,default,mode_cell_07,631420,15711,377,135.0,3085,3025,6c8e7959a7ed9c033caf1f7699f74167c8a00e3bd5d56fc4d704ed1347646d89,3.0,2624.0,429.0,False,13467,356,2244,21
default_mode_cell_08_631420,default,mode_cell_08,631420,12728,340,136.0,3085,3025,6c8e7959a7ed9c033caf1f7699f74167c8a00e3bd5d56fc4d704ed1347646d89,3.1000000000000005,1205.0,198.0,False,13467,356,-739,-16
default_mode_cell_09_631420,default,mode_cell_09,631420,13467,356,135.0,3085,3025,6c8e7959a7ed9c033caf1f7699f74167c8a00e3bd5d56fc4d704ed1347646d89,2.8,0.0,0.0,True,13467,356,0,0
default_mode_cell_10_631420,default,mode_cell_10,631420,13196,359,135.0,3085,3025,6c8e7959a7ed9c033caf1f7699f74167c8a00e3bd5d56fc4d704ed1347646d89,2.9000000000000004,849.0,116.0,False,13467,356,-271,3
default_mode_cell_11_631420,default,mode_cell_11,631420,13467,356,135.0,3085,3025,6c8e7959a7ed9c033caf1f7699f74167c8a00e3bd5d56fc4d704ed1347646d89,2.8,0.0,0.0,True,13467,356,0,0
default_mode_cell_12_631420,default,mode_cell_12,631420,12938,351,137.0,3085,3025,6c8e7959a7ed9c033caf1f7699f74167c8a00e3bd5d56fc4d704ed1347646d89,3.1000000000000005,979.0,135.0,False,13467,356,-529,-5
default_mode_cell_13_631420,default,mode_cell_13,631420,12726,323,136.0,3085,3025,6c8e7959a7ed9c033caf1f7699f74167c8a00e3bd5d56fc4d704ed1347646d89,3.1000000000000005,1211.0,194.0,False,13467,356,-741,-33
default_mode_cell_14_631420,default,mode_cell_14,631420,13467,356,135.0,3085,3025,6c8e7959a7ed9c033caf1f7699f74167c8a00e3bd5d56fc4d704ed1347646d89,2.8,0.0,0.0,True,13467,356,0,0
default_mode_cell_15_631420,default,mode_cell_15,631420,13294,351,137.0,3085,3025,6c8e7959a7ed9c033caf1f7699f74167c8a00e3bd5d56fc4d704ed1347646d89,3.1000000000000005,653.0,108.0,False,13467,356,-173,-5
default_mode_cell_16_631420,default,mode_cell_16,631420,13467,356,135.0,3085,3025,6c8e7959a7ed9c033caf1f7699f74167c8a00e3bd5d56fc4d704ed1347646d89,2.8,0.0,0.0,True,13467,356,0,0
default_mode_cell_17_631420,default,mode_cell_17,631420,13250,351,135.0,3085,3025,6c8e7959a7ed9c033caf1f7699f74167c8a00e3bd5d56fc4d704ed1347646d89,2.9000000000000004,857.0,171.0,False,13467,356,-217,-5
default_mode_cell_18_631420,default,mode_cell_18,631420,13508,350,136.0,3085,3025,6c8e7959a7ed9c033caf1f7699f74167c8a00e3bd5d56fc4d704ed1347646d89,3.0,747.0,117.0,False,13467,356,41,-6
default_mode_cell_19_631420,default,mode_cell_19,631420,13482,350,136.0,3085,3025,6c8e7959a7ed9c033caf1f7699f74167c8a00e3bd5d56fc4d704ed1347646d89,3.0,771.0,148.0,False,13467,356,15,-6
default_mode_cell_20_631420,default,mode_cell_20,631420,13229,352,136.0,3085,3025,6c8e7959a7ed9c033caf1f7699f74167c8a00e3bd5d56fc4d704ed1347646d89,3.0,680.0,116.0,False,13467,356,-238,-4
default_mode_cell_21_631420,default,mode_cell_21,631420,13467,356,135.0,3085,3025,6c8e7959a7ed9c033caf1f7699f74167c8a00e3bd5d56fc4d704ed1347646d89,2.8,0.0,0.0,True,13467,356,0,0
default_mode_cell_22_631420,default,mode_cell_22,631420,13467,356,135.0,3085,3025,6c8e7959a7ed9c033caf1f7699f74167c8a00e3bd5d56fc4d704ed1347646d89,2.8,0.0,0.0,True,13467,356,0,0
default_mode_cell_23_631420,default,mode_cell_23,631420,13467,356,135.0,3085,3025,6c8e7959a7ed9c033caf1f7699f74167c8a00e3bd5d56fc4d704ed1347646d89,2.8,0.0,0.0,True,13467,356,0,0
default_mode_cell_24_631420,default,mode_cell_24,631420,11773,320,137.0,3085,3025,6c8e7959a7ed9c033caf1f7699f74167c8a00e3bd5d56fc4d704ed1347646d89,3.0,2162.0,411.0,False,13467,356,-1694,-36
default_mode_cell_25_631420,default,mode_cell_25,631420,13611,355,137.0,3085,3025,6c8e7959a7ed9c033caf1f7699f74167c8a00e3bd5d56fc4d704ed1347646d89,3.0,692.0,104.0,False,13467,356,144,-1
default_mode_cell_26_631420,default,mode_cell_26,631420,13467,356,135.0,3085,3025,6c8e7959a7ed9c033caf1f7699f74167c8a00e3bd5d56fc4d704ed1347646d89,2.8,0.0,0.0,True,13467,356,0,0
default_mode_cell_27_631420,default,mode_cell_27,631420,13467,356,135.0,3085,3025,6c8e7959a7ed9c033caf1f7699f74167c8a00e3bd5d56fc4d704ed1347646d89,2.8,0.0,0.0,True,13467,356,0,0
default_mode_cell_28_631420,default,mode_cell_28,631420,13467,356,135.0,3085,3025,6c8e7959a7ed9c033caf1f7699f74167c8a00e3bd5d56fc4d704ed1347646d89,2.8,0.0,0.0,True,13467,356,0,0
default_mode_cell_29_631420,default,mode_cell_29,631420,13467,356,135.0,3085,3025,6c8e7959a7ed9c033caf1f7699f74167c8a00e3bd5d56fc4d704ed1347646d89,2.8,0.0,0.0,True,13467,356,0,0
default_mode_cell_30_631420,default,mode_cell_30,631420,13285,343,137.0,3085,3025,6c8e7959a7ed9c033caf1f7699f74167c8a00e3bd5d56fc4d704ed1347646d89,2.9000000000000004,606.0,92.0,False,13467,356,-182,-13
default_mode_cell_31_631420,default,mode_cell_31,631420,12934,343,136.0,3085,3025,6c8e7959a7ed9c033caf1f7699f74167c8a00e3bd5d56fc4d704ed1347646d89,3.1000000000000005,881.0,157.0,False,13467,356,-533,-13
default_mode_cell_32_631420,default,mode_cell_32,631420,13044,344,137.0,3085,3025,6c8e7959a7ed9c033caf1f7699f74167c8a00e3bd5d56fc4d704ed1347646d89,3.3,847.0,147.0,False,13467,356,-423,-12
default_mode_cell_33_631420,default,mode_cell_33,631420,13467,356,135.0,3085,3025,6c8e7959a7ed9c033caf1f7699f74167c8a00e3bd5d56fc4d704ed1347646d89,2.8,0.0,0.0,True,13467,356,0,0
default_mode_cell_34_631420,default,mode_cell_34,631420,13467,356,135.0,3085,3025,6c8e7959a7ed9c033caf1f7699f74167c8a00e3bd5d56fc4d704ed1347646d89,2.8,0.0,0.0,True,13467,356,0,0
default_mode_cell_35_631420,default,mode_cell_35,631420,13467,356,135.0,3085,3025,6c8e7959a7ed9c033caf1f7699f74167c8a00e3bd5d56fc4d704ed1347646d89,2.8,0.0,0.0,True,13467,356,0,0
default_mode_cell_36_631420,default,mode_cell_36,631420,13219,352,136.0,3085,3025,6c8e7959a7ed9c033caf1f7699f74167c8a00e3bd5d56fc4d704ed1347646d89,3.0,718.0,134.0,False,13467,356,-248,-4
default_mode_cell_37_631420,default,mode_cell_37,631420,13353,350,137.0,3085,3025,6c8e7959a7ed9c033caf1f7699f74167c8a00e3bd5d56fc4d704ed1347646d89,3.1000000000000005,706.0,86.0,False,13467,356,-114,-6
default_mode_cell_38_631420,default,mode_cell_38,631420,12801,361,136.0,3085,3025,6c8e7959a7ed9c033caf1f7699f74167c8a00e3bd5d56fc4d704ed1347646d89,3.0,992.0,157.0,False,13467,356,-666,5
default_mode_cell_39_631420,default,mode_cell_39,631420,13208,350,136.0,3085,3025,6c8e7959a7ed9c033caf1f7699f74167c8a00e3bd5d56fc4d704ed1347646d89,3.0,701.0,110.0,False,13467,356,-259,-6
default_mode_cell_40_631420,default,mode_cell_40,631420,13272,356,137.0,3085,3025,6c8e7959a7ed9c033caf1f7699f74167c8a00e3bd5d56fc4d704ed1347646d89,3.1000000000000005,735.0,110.0,False,13467,356,-195,0
default_mode_cell_41_631420,default,mode_cell_41,631420,12794,338,135.0,3085,3025,6c8e7959a7ed9c033caf1f7699f74167c8a00e3bd5d56fc4d704ed1347646d89,3.2,1061.0,166.0,False,13467,356,-673,-18
default_mode_cell_42_631420,default,mode_cell_42,631420,13467,356,135.0,3085,3025,6c8e7959a7ed9c033caf1f7699f74167c8a00e3bd5d56fc4d704ed1347646d89,2.8,0.0,0.0,True,13467,356,0,0
default_mode_cell_43_631420,default,mode_cell_43,631420,13036,348,136.0,3085,3025,6c8e7959a7ed9c033caf1f7699f74167c8a00e3bd5d56fc4d704ed1347646d89,3.0,749.0,118.0,False,13467,356,-431,-8
default_mode_cell_44_631420,default,mode_cell_44,631420,13467,356,135.0,3085,3025,6c8e7959a7ed9c033caf1f7699f74167c8a00e3bd5d56fc4d704ed1347646d89,2.8,0.0,0.0,True,13467,356,0,0
default_mode_cell_45_631420,default,mode_cell_45,631420,13467,356,135.0,3085,3025,6c8e7959a7ed9c033caf1f7699f74167c8a00e3bd5d56fc4d704ed1347646d89,2.8,0.0,0.0,True,13467,356,0,0
default_mode_cell_46_631420,default,mode_cell_46,631420,13402,347,136.0,3085,3025,6c8e7959a7ed9c033caf1f7699f74167c8a00e3bd5d56fc4d704ed1347646d89,2.8,579.0,105.0,False,13467,356,-65,-9
default_mode_cell_47_631420,default,mode_cell_47,631420,14921,354,207.0,3085,3025,6c8e7959a7ed9c033caf1f7699f74167c8a00e3bd5d56fc4d704ed1347646d89,3.0,2078.0,299.0,False,13467,356,1454,-2
default_mode_cell_48_631420,default,mode_cell_48,631420,13747,371,136.0,3085,3025,6c8e7959a7ed9c033caf1f7699f74167c8a00e3bd5d56fc4d704ed1347646d89,2.9000000000000004,734.0,93.0,False,13467,356,280,15
default_mode_cell_49_631420,default,mode_cell_49,631420,13467,356,135.0,3085,3025,6c8e7959a7ed9c033caf1f7699f74167c8a00e3bd5d56fc4d704ed1347646d89,2.8,0.0,0.0,True,13467,356,0,0
default_mode_631421,default,mode,631421,12533,271,203.0,3210,3153,59022bd53269375055fcd296502d7a4ec89f47ec92a0a51b5f5ee94d108663ec,2.8,5078.0,1154.0,False,13783,365,-1250,-94
default_mode_without_mn9_631421,default,mode_without_mn9,631421,12694,283,210.0,3210,3153,59022bd53269375055fcd296502d7a4ec89f47ec92a0a51b5f5ee94d108663ec,2.7,5207.0,1169.0,False,13783,365,-1089,-82
default_mn9_only_631421,default,mn9_only,631421,13914,356,139.0,3210,3153,59022bd53269375055fcd296502d7a4ec89f47ec92a0a51b5f5ee94d108663ec,3.2,709.0,78.0,False,13783,365,131,-9
default_motor_003_631421,default,motor_003,631421,12905,355,139.0,3210,3153,59022bd53269375055fcd296502d7a4ec89f47ec92a0a51b5f5ee94d108663ec,3.2,3374.0,538.0,False,13783,365,-878,-10
default_motor_004_631421,default,motor_004,631421,12465,360,139.0,3210,3153,59022bd53269375055fcd296502d7a4ec89f47ec92a0a51b5f5ee94d108663ec,3.1000000000000005,3350.0,497.0,False,13783,365,-1318,-5
default_motor_005_631421,default,motor_005,631421,12286,338,139.0,3210,3153,59022bd53269375055fcd296502d7a4ec89f47ec92a0a51b5f5ee94d108663ec,3.3,3535.0,549.0,False,13783,365,-1497,-27
default_mode_cell_00_631421,default,mode_cell_00,631421,12436,341,139.0,3210,3153,59022bd53269375055fcd296502d7a4ec89f47ec92a0a51b5f5ee94d108663ec,3.1000000000000005,2101.0,398.0,False,13783,365,-1347,-24
default_mode_cell_01_631421,default,mode_cell_01,631421,13783,365,139.0,3210,3153,59022bd53269375055fcd296502d7a4ec89f47ec92a0a51b5f5ee94d108663ec,3.2,0.0,0.0,True,13783,365,0,0
default_mode_cell_02_631421,default,mode_cell_02,631421,13783,365,139.0,3210,3153,59022bd53269375055fcd296502d7a4ec89f47ec92a0a51b5f5ee94d108663ec,3.2,0.0,0.0,True,13783,365,0,0
default_mode_cell_03_631421,default,mode_cell_03,631421,13688,358,139.0,3210,3153,59022bd53269375055fcd296502d7a4ec89f47ec92a0a51b5f5ee94d108663ec,3.0,771.0,107.0,False,13783,365,-95,-7
default_mode_cell_04_631421,default,mode_cell_04,631421,13783,365,139.0,3210,3153,59022bd53269375055fcd296502d7a4ec89f47ec92a0a51b5f5ee94d108663ec,3.2,0.0,0.0,True,13783,365,0,0
default_mode_cell_05_631421,default,mode_cell_05,631421,13783,365,139.0,3210,3153,59022bd53269375055fcd296502d7a4ec89f47ec92a0a51b5f5ee94d108663ec,3.2,0.0,0.0,True,13783,365,0,0
default_mode_cell_06_631421,default,mode_cell_06,631421,14288,375,139.0,3210,3153,59022bd53269375055fcd296502d7a4ec89f47ec92a0a51b5f5ee94d108663ec,3.1000000000000005,785.0,105.0,False,13783,365,505,10
default_mode_cell_07_631421,default,mode_cell_07,631421,15618,370,139.0,3210,3153,59022bd53269375055fcd296502d7a4ec89f47ec92a0a51b5f5ee94d108663ec,2.9000000000000004,2305.0,411.0,False,13783,365,1835,5
default_mode_cell_08_631421,default,mode_cell_08,631421,13413,347,140.0,3210,3153,59022bd53269375055fcd296502d7a4ec89f47ec92a0a51b5f5ee94d108663ec,2.9000000000000004,1046.0,169.0,False,13783,365,-370,-18
default_mode_cell_09_631421,default,mode_cell_09,631421,13783,365,139.0,3210,3153,59022bd53269375055fcd296502d7a4ec89f47ec92a0a51b5f5ee94d108663ec,3.2,0.0,0.0,True,13783,365,0,0
default_mode_cell_10_631421,default,mode_cell_10,631421,13253,347,139.0,3210,3153,59022bd53269375055fcd296502d7a4ec89f47ec92a0a51b5f5ee94d108663ec,3.0,890.0,101.0,False,13783,365,-530,-18
default_mode_cell_11_631421,default,mode_cell_11,631421,13783,365,139.0,3210,3153,59022bd53269375055fcd296502d7a4ec89f47ec92a0a51b5f5ee94d108663ec,3.2,0.0,0.0,True,13783,365,0,0
default_mode_cell_12_631421,default,mode_cell_12,631421,13636,346,139.0,3210,3153,59022bd53269375055fcd296502d7a4ec89f47ec92a0a51b5f5ee94d108663ec,3.1000000000000005,941.0,172.0,False,13783,365,-147,-19
default_mode_cell_13_631421,default,mode_cell_13,631421,13148,340,139.0,3210,3153,59022bd53269375055fcd296502d7a4ec89f47ec92a0a51b5f5ee94d108663ec,2.9000000000000004,1223.0,196.0,False,13783,365,-635,-25
default_mode_cell_14_631421,default,mode_cell_14,631421,13783,365,139.0,3210,3153,59022bd53269375055fcd296502d7a4ec89f47ec92a0a51b5f5ee94d108663ec,3.2,0.0,0.0,True,13783,365,0,0
default_mode_cell_15_631421,default,mode_cell_15,631421,14184,347,139.0,3210,3153,59022bd53269375055fcd296502d7a4ec89f47ec92a0a51b5f5ee94d108663ec,3.0,1059.0,119.0,False,13783,365,401,-18
default_mode_cell_16_631421,default,mode_cell_16,631421,13783,365,139.0,3210,3153,59022bd53269375055fcd296502d7a4ec89f47ec92a0a51b5f5ee94d108663ec,3.2,0.0,0.0,True,13783,365,0,0
default_mode_cell_17_631421,default,mode_cell_17,631421,13819,360,140.0,3210,3153,59022bd53269375055fcd296502d7a4ec89f47ec92a0a51b5f5ee94d108663ec,3.0,926.0,148.0,False,13783,365,36,-5
default_mode_cell_18_631421,default,mode_cell_18,631421,13441,352,139.0,3210,3153,59022bd53269375055fcd296502d7a4ec89f47ec92a0a51b5f5ee94d108663ec,3.0,838.0,113.0,False,13783,365,-342,-13
default_mode_cell_19_631421,default,mode_cell_19,631421,14374,373,138.0,3210,3153,59022bd53269375055fcd296502d7a4ec89f47ec92a0a51b5f5ee94d108663ec,2.9000000000000004,967.0,166.0,False,13783,365,591,8
default_mode_cell_20_631421,default,mode_cell_20,631421,13629,353,141.0,3210,3153,59022bd53269375055fcd296502d7a4ec89f47ec92a0a51b5f5ee94d108663ec,3.2,702.0,88.0,False,13783,365,-154,-12
default_mode_cell_21_631421,default,mode_cell_21,631421,13783,365,139.0,3210,3153,59022bd53269375055fcd296502d7a4ec89f47ec92a0a51b5f5ee94d108663ec,3.2,0.0,0.0,True,13783,365,0,0
default_mode_cell_22_631421,default,mode_cell_22,631421,13783,365,139.0,3210,3153,59022bd53269375055fcd296502d7a4ec89f47ec92a0a51b5f5ee94d108663ec,3.2,0.0,0.0,True,13783,365,0,0
default_mode_cell_23_631421,default,mode_cell_23,631421,13783,365,139.0,3210,3153,59022bd53269375055fcd296502d7a4ec89f47ec92a0a51b5f5ee94d108663ec,3.2,0.0,0.0,True,13783,365,0,0
default_mode_cell_24_631421,default,mode_cell_24,631421,12250,316,139.0,3210,3153,59022bd53269375055fcd296502d7a4ec89f47ec92a0a51b5f5ee94d108663ec,3.2,2181.0,363.0,False,13783,365,-1533,-49
default_mode_cell_25_631421,default,mode_cell_25,631421,13672,357,139.0,3210,3153,59022bd53269375055fcd296502d7a4ec89f47ec92a0a51b5f5ee94d108663ec,3.3,773.0,102.0,False,13783,365,-111,-8
default_mode_cell_26_631421,default,mode_cell_26,631421,13783,365,139.0,3210,3153,59022bd53269375055fcd296502d7a4ec89f47ec92a0a51b5f5ee94d108663ec,3.2,0.0,0.0,True,13783,365,0,0
default_mode_cell_27_631421,default,mode_cell_27,631421,13783,365,139.0,3210,3153,59022bd53269375055fcd296502d7a4ec89f47ec92a0a51b5f5ee94d108663ec,3.2,0.0,0.0,True,13783,365,0,0
default_mode_cell_28_631421,default,mode_cell_28,631421,13783,365,139.0,3210,3153,59022bd53269375055fcd296502d7a4ec89f47ec92a0a51b5f5ee94d108663ec,3.2,0.0,0.0,True,13783,365,0,0
default_mode_cell_29_631421,default,mode_cell_29,631421,13783,365,139.0,3210,3153,59022bd53269375055fcd296502d7a4ec89f47ec92a0a51b5f5ee94d108663ec,3.2,0.0,0.0,True,13783,365,0,0
default_mode_cell_30_631421,default,mode_cell_30,631421,13657,360,139.0,3210,3153,59022bd53269375055fcd296502d7a4ec89f47ec92a0a51b5f5ee94d108663ec,3.2,742.0,103.0,False,13783,365,-126,-5
default_mode_cell_31_631421,default,mode_cell_31,631421,13236,342,139.0,3210,3153,59022bd53269375055fcd296502d7a4ec89f47ec92a0a51b5f5ee94d108663ec,3.0,819.0,106.0,False,13783,365,-547,-23
default_mode_cell_32_631421,default,mode_cell_32,631421,13584,360,139.0,3210,3153,59022bd53269375055fcd296502d7a4ec89f47ec92a0a51b5f5ee94d108663ec,2.9000000000000004,761.0,112.0,False,13783,365,-199,-5
default_mode_cell_33_631421,default,mode_cell_33,631421,13783,365,139.0,3210,3153,59022bd53269375055fcd296502d7a4ec89f47ec92a0a51b5f5ee94d108663ec,3.2,0.0,0.0,True,13783,365,0,0
default_mode_cell_34_631421,default,mode_cell_34,631421,13783,365,139.0,3210,3153,59022bd53269375055fcd296502d7a4ec89f47ec92a0a51b5f5ee94d108663ec,3.2,0.0,0.0,True,13783,365,0,0
default_mode_cell_35_631421,default,mode_cell_35,631421,13783,365,139.0,3210,3153,59022bd53269375055fcd296502d7a4ec89f47ec92a0a51b5f5ee94d108663ec,3.2,0.0,0.0,True,13783,365,0,0
default_mode_cell_36_631421,default,mode_cell_36,631421,13765,359,139.0,3210,3153,59022bd53269375055fcd296502d7a4ec89f47ec92a0a51b5f5ee94d108663ec,2.9000000000000004,684.0,102.0,False,13783,365,-18,-6
default_mode_cell_37_631421,default,mode_cell_37,631421,13589,362,139.0,3210,3153,59022bd53269375055fcd296502d7a4ec89f47ec92a0a51b5f5ee94d108663ec,3.1000000000000005,714.0,116.0,False,13783,365,-194,-3
default_mode_cell_38_631421,default,mode_cell_38,631421,13586,347,139.0,3210,3153,59022bd53269375055fcd296502d7a4ec89f47ec92a0a51b5f5ee94d108663ec,3.0,833.0,119.0,False,13783,365,-197,-18
default_mode_cell_39_631421,default,mode_cell_39,631421,14083,356,139.0,3210,3153,59022bd53269375055fcd296502d7a4ec89f47ec92a0a51b5f5ee94d108663ec,2.8,842.0,132.0,False,13783,365,300,-9
default_mode_cell_40_631421,default,mode_cell_40,631421,14081,347,140.0,3210,3153,59022bd53269375055fcd296502d7a4ec89f47ec92a0a51b5f5ee94d108663ec,3.0,788.0,96.0,False,13783,365,298,-18
default_mode_cell_41_631421,default,mode_cell_41,631421,13966,355,139.0,3210,3153,59022bd53269375055fcd296502d7a4ec89f47ec92a0a51b5f5ee94d108663ec,3.2,1139.0,167.0,False,13783,365,183,-10
default_mode_cell_42_631421,default,mode_cell_42,631421,13783,365,139.0,3210,3153,59022bd53269375055fcd296502d7a4ec89f47ec92a0a51b5f5ee94d108663ec,3.2,0.0,0.0,True,13783,365,0,0
default_mode_cell_43_631421,default,mode_cell_43,631421,13521,358,139.0,3210,3153,59022bd53269375055fcd296502d7a4ec89f47ec92a0a51b5f5ee94d108663ec,3.0,818.0,133.0,False,13783,365,-262,-7
default_mode_cell_44_631421,default,mode_cell_44,631421,13783,365,139.0,3210,3153,59022bd53269375055fcd296502d7a4ec89f47ec92a0a51b5f5ee94d108663ec,3.2,0.0,0.0,True,13783,365,0,0
default_mode_cell_45_631421,default,mode_cell_45,631421,13783,365,139.0,3210,3153,59022bd53269375055fcd296502d7a4ec89f47ec92a0a51b5f5ee94d108663ec,3.2,0.0,0.0,True,13783,365,0,0
default_mode_cell_46_631421,default,mode_cell_46,631421,13642,363,139.0,3210,3153,59022bd53269375055fcd296502d7a4ec89f47ec92a0a51b5f5ee94d108663ec,3.2,251.0,38.0,False,13783,365,-141,-2
default_mode_cell_47_631421,default,mode_cell_47,631421,15129,355,207.0,3210,3153,59022bd53269375055fcd296502d7a4ec89f47ec92a0a51b5f5ee94d108663ec,2.9000000000000004,2202.0,316.0,False,13783,365,1346,-10
default_mode_cell_48_631421,default,mode_cell_48,631421,13612,353,139.0,3210,3153,59022bd53269375055fcd296502d7a4ec89f47ec92a0a51b5f5ee94d108663ec,3.0,775.0,103.0,False,13783,365,-171,-12
default_mode_cell_49_631421,default,mode_cell_49,631421,13783,365,139.0,3210,3153,59022bd53269375055fcd296502d7a4ec89f47ec92a0a51b5f5ee94d108663ec,3.2,0.0,0.0,True,13783,365,0,0
default_mode_631422,default,mode,631422,12470,267,202.0,3097,3066,2e7e47c1064ebd8647f5e211d459f5818e5fd2f6414577d90d3f28fc093b6e36,2.9000000000000004,5203.0,1181.0,False,13597,363,-1127,-96
default_mode_without_mn9_631422,default,mode_without_mn9,631422,12331,261,207.0,3097,3066,2e7e47c1064ebd8647f5e211d459f5818e5fd2f6414577d90d3f28fc093b6e36,3.0,5108.0,1173.0,False,13597,363,-1266,-102
default_mn9_only_631422,default,mn9_only,631422,13155,340,138.0,3097,3066,2e7e47c1064ebd8647f5e211d459f5818e5fd2f6414577d90d3f28fc093b6e36,3.0,782.0,105.0,False,13597,363,-442,-23
default_motor_003_631422,default,motor_003,631422,11690,332,138.0,3097,3066,2e7e47c1064ebd8647f5e211d459f5818e5fd2f6414577d90d3f28fc093b6e36,3.1000000000000005,3291.0,574.0,False,13597,363,-1907,-31
default_motor_004_631422,default,motor_004,631422,11891,357,138.0,3097,3066,2e7e47c1064ebd8647f5e211d459f5818e5fd2f6414577d90d3f28fc093b6e36,3.3,3312.0,547.0,False,13597,363,-1706,-6
default_motor_005_631422,default,motor_005,631422,12130,343,138.0,3097,3066,2e7e47c1064ebd8647f5e211d459f5818e5fd2f6414577d90d3f28fc093b6e36,3.2,3123.0,483.0,False,13597,363,-1467,-20
default_mode_cell_00_631422,default,mode_cell_00,631422,11644,328,137.0,3097,3066,2e7e47c1064ebd8647f5e211d459f5818e5fd2f6414577d90d3f28fc093b6e36,3.0,2291.0,415.0,False,13597,363,-1953,-35
default_mode_cell_01_631422,default,mode_cell_01,631422,13597,363,137.0,3097,3066,2e7e47c1064ebd8647f5e211d459f5818e5fd2f6414577d90d3f28fc093b6e36,3.1000000000000005,0.0,0.0,True,13597,363,0,0
default_mode_cell_02_631422,default,mode_cell_02,631422,13597,363,137.0,3097,3066,2e7e47c1064ebd8647f5e211d459f5818e5fd2f6414577d90d3f28fc093b6e36,3.1000000000000005,0.0,0.0,True,13597,363,0,0
default_mode_cell_03_631422,default,mode_cell_03,631422,13541,345,138.0,3097,3066,2e7e47c1064ebd8647f5e211d459f5818e5fd2f6414577d90d3f28fc093b6e36,2.8,620.0,79.0,False,13597,363,-56,-18
default_mode_cell_04_631422,default,mode_cell_04,631422,13597,363,137.0,3097,3066,2e7e47c1064ebd8647f5e211d459f5818e5fd2f6414577d90d3f28fc093b6e36,3.1000000000000005,0.0,0.0,True,13597,363,0,0
default_mode_cell_05_631422,default,mode_cell_05,631422,13597,363,137.0,3097,3066,2e7e47c1064ebd8647f5e211d459f5818e5fd2f6414577d90d3f28fc093b6e36,3.1000000000000005,0.0,0.0,True,13597,363,0,0
default_mode_cell_06_631422,default,mode_cell_06,631422,13394,359,138.0,3097,3066,2e7e47c1064ebd8647f5e211d459f5818e5fd2f6414577d90d3f28fc093b6e36,3.0,681.0,110.0,False,13597,363,-203,-4
default_mode_cell_07_631422,default,mode_cell_07,631422,15656,369,138.0,3097,3066,2e7e47c1064ebd8647f5e211d459f5818e5fd2f6414577d90d3f28fc093b6e36,3.0,2621.0,482.0,False,13597,363,2059,6
default_mode_cell_08_631422,default,mode_cell_08,631422,13113,341,137.0,3097,3066,2e7e47c1064ebd8647f5e211d459f5818e5fd2f6414577d90d3f28fc093b6e36,3.0,1014.0,185.0,False,13597,363,-484,-22
default_mode_cell_09_631422,default,mode_cell_09,631422,13597,363,137.0,3097,3066,2e7e47c1064ebd8647f5e211d459f5818e5fd2f6414577d90d3f28fc093b6e36,3.1000000000000005,0.0,0.0,True,13597,363,0,0
default_mode_cell_10_631422,default,mode_cell_10,631422,13250,344,137.0,3097,3066,2e7e47c1064ebd8647f5e211d459f5818e5fd2f6414577d90d3f28fc093b6e36,3.1000000000000005,687.0,82.0,False,13597,363,-347,-19
default_mode_cell_11_631422,default,mode_cell_11,631422,13597,363,137.0,3097,3066,2e7e47c1064ebd8647f5e211d459f5818e5fd2f6414577d90d3f28fc093b6e36,3.1000000000000005,0.0,0.0,True,13597,363,0,0
default_mode_cell_12_631422,default,mode_cell_12,631422,13460,352,138.0,3097,3066,2e7e47c1064ebd8647f5e211d459f5818e5fd2f6414577d90d3f28fc093b6e36,3.1000000000000005,807.0,148.0,False,13597,363,-137,-11
default_mode_cell_13_631422,default,mode_cell_13,631422,12656,336,137.0,3097,3066,2e7e47c1064ebd8647f5e211d459f5818e5fd2f6414577d90d3f28fc093b6e36,3.2,1141.0,160.0,False,13597,363,-941,-27
default_mode_cell_14_631422,default,mode_cell_14,631422,13597,363,137.0,3097,3066,2e7e47c1064ebd8647f5e211d459f5818e5fd2f6414577d90d3f28fc093b6e36,3.1000000000000005,0.0,0.0,True,13597,363,0,0
default_mode_cell_15_631422,default,mode_cell_15,631422,13137,358,137.0,3097,3066,2e7e47c1064ebd8647f5e211d459f5818e5fd2f6414577d90d3f28fc093b6e36,3.1000000000000005,940.0,180.0,False,13597,363,-460,-5
default_mode_cell_16_631422,default,mode_cell_16,631422,13597,363,137.0,3097,3066,2e7e47c1064ebd8647f5e211d459f5818e5fd2f6414577d90d3f28fc093b6e36,3.1000000000000005,0.0,0.0,True,13597,363,0,0
default_mode_cell_17_631422,default,mode_cell_17,631422,13285,370,138.0,3097,3066,2e7e47c1064ebd8647f5e211d459f5818e5fd2f6414577d90d3f28fc093b6e36,3.0,950.0,177.0,False,13597,363,-312,7
default_mode_cell_18_631422,default,mode_cell_18,631422,12998,347,136.0,3097,3066,2e7e47c1064ebd8647f5e211d459f5818e5fd2f6414577d90d3f28fc093b6e36,2.8,977.0,131.0,False,13597,363,-599,-16
default_mode_cell_19_631422,default,mode_cell_19,631422,13750,351,139.0,3097,3066,2e7e47c1064ebd8647f5e211d459f5818e5fd2f6414577d90d3f28fc093b6e36,2.9000000000000004,811.0,109.0,False,13597,363,153,-12
default_mode_cell_20_631422,default,mode_cell_20,631422,13306,352,137.0,3097,3066,2e7e47c1064ebd8647f5e211d459f5818e5fd2f6414577d90d3f28fc093b6e36,3.0,721.0,86.0,False,13597,363,-291,-11
default_mode_cell_21_631422,default,mode_cell_21,631422,13597,363,137.0,3097,3066,2e7e47c1064ebd8647f5e211d459f5818e5fd2f6414577d90d3f28fc093b6e36,3.1000000000000005,0.0,0.0,True,13597,363,0,0
default_mode_cell_22_631422,default,mode_cell_22,631422,13597,363,137.0,3097,3066,2e7e47c1064ebd8647f5e211d459f5818e5fd2f6414577d90d3f28fc093b6e36,3.1000000000000005,0.0,0.0,True,13597,363,0,0
default_mode_cell_23_631422,default,mode_cell_23,631422,13597,363,137.0,3097,3066,2e7e47c1064ebd8647f5e211d459f5818e5fd2f6414577d90d3f28fc093b6e36,3.1000000000000005,0.0,0.0,True,13597,363,0,0
default_mode_cell_24_631422,default,mode_cell_24,631422,12059,306,138.0,3097,3066,2e7e47c1064ebd8647f5e211d459f5818e5fd2f6414577d90d3f28fc093b6e36,3.2,1954.0,350.0,False,13597,363,-1538,-57
default_mode_cell_25_631422,default,mode_cell_25,631422,13706,347,138.0,3097,3066,2e7e47c1064ebd8647f5e211d459f5818e5fd2f6414577d90d3f28fc093b6e36,3.2,827.0,114.0,False,13597,363,109,-16
default_mode_cell_26_631422,default,mode_cell_26,631422,13597,363,137.0,3097,3066,2e7e47c1064ebd8647f5e211d459f5818e5fd2f6414577d90d3f28fc093b6e36,3.1000000000000005,0.0,0.0,True,13597,363,0,0
default_mode_cell_27_631422,default,mode_cell_27,631422,13597,363,137.0,3097,3066,2e7e47c1064ebd8647f5e211d459f5818e5fd2f6414577d90d3f28fc093b6e36,3.1000000000000005,0.0,0.0,True,13597,363,0,0
default_mode_cell_28_631422,default,mode_cell_28,631422,13597,363,137.0,3097,3066,2e7e47c1064ebd8647f5e211d459f5818e5fd2f6414577d90d3f28fc093b6e36,3.1000000000000005,0.0,0.0,True,13597,363,0,0
default_mode_cell_29_631422,default,mode_cell_29,631422,13597,363,137.0,3097,3066,2e7e47c1064ebd8647f5e211d459f5818e5fd2f6414577d90d3f28fc093b6e36,3.1000000000000005,0.0,0.0,True,13597,363,0,0
default_mode_cell_30_631422,default,mode_cell_30,631422,12856,369,137.0,3097,3066,2e7e47c1064ebd8647f5e211d459f5818e5fd2f6414577d90d3f28fc093b6e36,2.9000000000000004,973.0,160.0,False,13597,363,-741,6
default_mode_cell_31_631422,default,mode_cell_31,631422,13178,349,137.0,3097,3066,2e7e47c1064ebd8647f5e211d459f5818e5fd2f6414577d90d3f28fc093b6e36,3.1000000000000005,765.0,93.0,False,13597,363,-419,-14
default_mode_cell_32_631422,default,mode_cell_32,631422,13477,351,136.0,3097,3066,2e7e47c1064ebd8647f5e211d459f5818e5fd2f6414577d90d3f28fc093b6e36,3.1000000000000005,574.0,76.0,False,13597,363,-120,-12
default_mode_cell_33_631422,default,mode_cell_33,631422,13597,363,137.0,3097,3066,2e7e47c1064ebd8647f5e211d459f5818e5fd2f6414577d90d3f28fc093b6e36,3.1000000000000005,0.0,0.0,True,13597,363,0,0
default_mode_cell_34_631422,default,mode_cell_34,631422,13597,363,137.0,3097,3066,2e7e47c1064ebd8647f5e211d459f5818e5fd2f6414577d90d3f28fc093b6e36,3.1000000000000005,0.0,0.0,True,13597,363,0,0
default_mode_cell_35_631422,default,mode_cell_35,631422,13597,363,137.0,3097,3066,2e7e47c1064ebd8647f5e211d459f5818e5fd2f6414577d90d3f28fc093b6e36,3.1000000000000005,0.0,0.0,True,13597,363,0,0
default_mode_cell_36_631422,default,mode_cell_36,631422,13458,341,138.0,3097,3066,2e7e47c1064ebd8647f5e211d459f5818e5fd2f6414577d90d3f28fc093b6e36,3.0,885.0,146.0,False,13597,363,-139,-22
default_mode_cell_37_631422,default,mode_cell_37,631422,13392,347,137.0,3097,3066,2e7e47c1064ebd8647f5e211d459f5818e5fd2f6414577d90d3f28fc093b6e36,2.9000000000000004,769.0,111.0,False,13597,363,-205,-16
default_mode_cell_38_631422,default,mode_cell_38,631422,13053,346,136.0,3097,3066,2e7e47c1064ebd8647f5e211d459f5818e5fd2f6414577d90d3f28fc093b6e36,3.0,824.0,163.0,False,13597,363,-544,-17
default_mode_cell_39_631422,default,mode_cell_39,631422,13810,366,137.0,3097,3066,2e7e47c1064ebd8647f5e211d459f5818e5fd2f6414577d90d3f28fc093b6e36,3.0,753.0,110.0,False,13597,363,213,3
default_mode_cell_40_631422,default,mode_cell_40,631422,12749,343,136.0,3097,3066,2e7e47c1064ebd8647f5e211d459f5818e5fd2f6414577d90d3f28fc093b6e36,3.0,1146.0,151.0,False,13597,363,-848,-20
default_mode_cell_41_631422,default,mode_cell_41,631422,13497,356,139.0,3097,3066,2e7e47c1064ebd8647f5e211d459f5818e5fd2f6414577d90d3f28fc093b6e36,2.9000000000000004,916.0,148.0,False,13597,363,-100,-7
default_mode_cell_42_631422,default,mode_cell_42,631422,13597,363,137.0,3097,3066,2e7e47c1064ebd8647f5e211d459f5818e5fd2f6414577d90d3f28fc093b6e36,3.1000000000000005,0.0,0.0,True,13597,363,0,0
default_mode_cell_43_631422,default,mode_cell_43,631422,13287,346,138.0,3097,3066,2e7e47c1064ebd8647f5e211d459f5818e5fd2f6414577d90d3f28fc093b6e36,3.0,676.0,93.0,False,13597,363,-310,-17
default_mode_cell_44_631422,default,mode_cell_44,631422,13597,363,137.0,3097,3066,2e7e47c1064ebd8647f5e211d459f5818e5fd2f6414577d90d3f28fc093b6e36,3.1000000000000005,0.0,0.0,True,13597,363,0,0
default_mode_cell_45_631422,default,mode_cell_45,631422,13597,363,137.0,3097,3066,2e7e47c1064ebd8647f5e211d459f5818e5fd2f6414577d90d3f28fc093b6e36,3.1000000000000005,0.0,0.0,True,13597,363,0,0
default_mode_cell_46_631422,default,mode_cell_46,631422,13597,363,137.0,3097,3066,2e7e47c1064ebd8647f5e211d459f5818e5fd2f6414577d90d3f28fc093b6e36,3.1000000000000005,0.0,0.0,True,13597,363,0,0
default_mode_cell_47_631422,default,mode_cell_47,631422,15217,354,202.0,3097,3066,2e7e47c1064ebd8647f5e211d459f5818e5fd2f6414577d90d3f28fc093b6e36,3.0,2346.0,339.0,False,13597,363,1620,-9
default_mode_cell_48_631422,default,mode_cell_48,631422,13452,351,138.0,3097,3066,2e7e47c1064ebd8647f5e211d459f5818e5fd2f6414577d90d3f28fc093b6e36,3.1000000000000005,631.0,75.0,False,13597,363,-145,-12
default_mode_cell_49_631422,default,mode_cell_49,631422,13597,363,137.0,3097,3066,2e7e47c1064ebd8647f5e211d459f5818e5fd2f6414577d90d3f28fc093b6e36,3.1000000000000005,0.0,0.0,True,13597,363,0,0
default_mode_631423,default,mode,631423,12531,279,203.0,3116,3064,e27e23e46e2dc5a392403f453a37b8509da014334d187fa858576e04985a583d,2.9000000000000004,5033.0,1147.0,False,13598,366,-1067,-87
default_mode_without_mn9_631423,default,mode_without_mn9,631423,12064,263,192.0,3116,3064,e27e23e46e2dc5a392403f453a37b8509da014334d187fa858576e04985a583d,2.9000000000000004,4882.0,1160.0,False,13598,366,-1534,-103
default_mn9_only_631423,default,mn9_only,631423,13392,369,139.0,3116,3064,e27e23e46e2dc5a392403f453a37b8509da014334d187fa858576e04985a583d,3.0,798.0,90.0,False,13598,366,-206,3
default_motor_003_631423,default,motor_003,631423,12173,353,138.0,3116,3064,e27e23e46e2dc5a392403f453a37b8509da014334d187fa858576e04985a583d,3.2,3367.0,540.0,False,13598,366,-1425,-13
default_motor_004_631423,default,motor_004,631423,11978,359,138.0,3116,3064,e27e23e46e2dc5a392403f453a37b8509da014334d187fa858576e04985a583d,3.0,3468.0,509.0,False,13598,366,-1620,-7
default_motor_005_631423,default,motor_005,631423,11983,350,139.0,3116,3064,e27e23e46e2dc5a392403f453a37b8509da014334d187fa858576e04985a583d,3.6000000000000005,3465.0,539.0,False,13598,366,-1615,-16
default_mode_cell_00_631423,default,mode_cell_00,631423,12312,361,139.0,3116,3064,e27e23e46e2dc5a392403f453a37b8509da014334d187fa858576e04985a583d,3.1000000000000005,2128.0,362.0,False,13598,366,-1286,-5
default_mode_cell_01_631423,default,mode_cell_01,631423,13598,366,139.0,3116,3064,e27e23e46e2dc5a392403f453a37b8509da014334d187fa858576e04985a583d,2.9000000000000004,0.0,0.0,True,13598,366,0,0
default_mode_cell_02_631423,default,mode_cell_02,631423,13598,366,139.0,3116,3064,e27e23e46e2dc5a392403f453a37b8509da014334d187fa858576e04985a583d,2.9000000000000004,0.0,0.0,True,13598,366,0,0
default_mode_cell_03_631423,default,mode_cell_03,631423,13606,364,140.0,3116,3064,e27e23e46e2dc5a392403f453a37b8509da014334d187fa858576e04985a583d,2.9000000000000004,694.0,74.0,False,13598,366,8,-2
default_mode_cell_04_631423,default,mode_cell_04,631423,13598,366,139.0,3116,3064,e27e23e46e2dc5a392403f453a37b8509da014334d187fa858576e04985a583d,2.9000000000000004,0.0,0.0,True,13598,366,0,0
default_mode_cell_05_631423,default,mode_cell_05,631423,13598,366,139.0,3116,3064,e27e23e46e2dc5a392403f453a37b8509da014334d187fa858576e04985a583d,2.9000000000000004,0.0,0.0,True,13598,366,0,0
default_mode_cell_06_631423,default,mode_cell_06,631423,13258,348,139.0,3116,3064,e27e23e46e2dc5a392403f453a37b8509da014334d187fa858576e04985a583d,3.0,708.0,78.0,False,13598,366,-340,-18
default_mode_cell_07_631423,default,mode_cell_07,631423,15430,379,139.0,3116,3064,e27e23e46e2dc5a392403f453a37b8509da014334d187fa858576e04985a583d,3.1000000000000005,2106.0,381.0,False,13598,366,1832,13
default_mode_cell_08_631423,default,mode_cell_08,631423,13169,345,139.0,3116,3064,e27e23e46e2dc5a392403f453a37b8509da014334d187fa858576e04985a583d,3.2,879.0,161.0,False,13598,366,-429,-21
default_mode_cell_09_631423,default,mode_cell_09,631423,13598,366,139.0,3116,3064,e27e23e46e2dc5a392403f453a37b8509da014334d187fa858576e04985a583d,2.9000000000000004,0.0,0.0,True,13598,366,0,0
default_mode_cell_10_631423,default,mode_cell_10,631423,13270,354,140.0,3116,3064,e27e23e46e2dc5a392403f453a37b8509da014334d187fa858576e04985a583d,2.9000000000000004,830.0,76.0,False,13598,366,-328,-12
default_mode_cell_11_631423,default,mode_cell_11,631423,13598,366,139.0,3116,3064,e27e23e46e2dc5a392403f453a37b8509da014334d187fa858576e04985a583d,2.9000000000000004,0.0,0.0,True,13598,366,0,0
default_mode_cell_12_631423,default,mode_cell_12,631423,13473,353,139.0,3116,3064,e27e23e46e2dc5a392403f453a37b8509da014334d187fa858576e04985a583d,3.1000000000000005,735.0,117.0,False,13598,366,-125,-13
default_mode_cell_13_631423,default,mode_cell_13,631423,12789,333,139.0,3116,3064,e27e23e46e2dc5a392403f453a37b8509da014334d187fa858576e04985a583d,2.9000000000000004,1271.0,189.0,False,13598,366,-809,-33
default_mode_cell_14_631423,default,mode_cell_14,631423,13598,366,139.0,3116,3064,e27e23e46e2dc5a392403f453a37b8509da014334d187fa858576e04985a583d,2.9000000000000004,0.0,0.0,True,13598,366,0,0
default_mode_cell_15_631423,default,mode_cell_15,631423,13311,354,139.0,3116,3064,e27e23e46e2dc5a392403f453a37b8509da014334d187fa858576e04985a583d,3.2,855.0,87.0,False,13598,366,-287,-12
default_mode_cell_16_631423,default,mode_cell_16,631423,13598,366,139.0,3116,3064,e27e23e46e2dc5a392403f453a37b8509da014334d187fa858576e04985a583d,2.9000000000000004,0.0,0.0,True,13598,366,0,0
default_mode_cell_17_631423,default,mode_cell_17,631423,13021,365,139.0,3116,3064,e27e23e46e2dc5a392403f453a37b8509da014334d187fa858576e04985a583d,3.0,1003.0,150.0,False,13598,366,-577,-1
default_mode_cell_18_631423,default,mode_cell_18,631423,13213,354,139.0,3116,3064,e27e23e46e2dc5a392403f453a37b8509da014334d187fa858576e04985a583d,3.0,1001.0,108.0,False,13598,366,-385,-12
default_mode_cell_19_631423,default,mode_cell_19,631423,13685,349,139.0,3116,3064,e27e23e46e2dc5a392403f453a37b8509da014334d187fa858576e04985a583d,3.1000000000000005,921.0,109.0,False,13598,366,87,-17
default_mode_cell_20_631423,default,mode_cell_20,631423,13339,366,139.0,3116,3064,e27e23e46e2dc5a392403f453a37b8509da014334d187fa858576e04985a583d,3.0,581.0,69.0,False,13598,366,-259,0
default_mode_cell_21_631423,default,mode_cell_21,631423,13598,366,139.0,3116,3064,e27e23e46e2dc5a392403f453a37b8509da014334d187fa858576e04985a583d,2.9000000000000004,0.0,0.0,True,13598,366,0,0
default_mode_cell_22_631423,default,mode_cell_22,631423,13598,366,139.0,3116,3064,e27e23e46e2dc5a392403f453a37b8509da014334d187fa858576e04985a583d,2.9000000000000004,0.0,0.0,True,13598,366,0,0
default_mode_cell_23_631423,default,mode_cell_23,631423,13598,366,139.0,3116,3064,e27e23e46e2dc5a392403f453a37b8509da014334d187fa858576e04985a583d,2.9000000000000004,0.0,0.0,True,13598,366,0,0
default_mode_cell_24_631423,default,mode_cell_24,631423,11900,316,139.0,3116,3064,e27e23e46e2dc5a392403f453a37b8509da014334d187fa858576e04985a583d,3.0,2364.0,408.0,False,13598,366,-1698,-50
default_mode_cell_25_631423,default,mode_cell_25,631423,13427,351,139.0,3116,3064,e27e23e46e2dc5a392403f453a37b8509da014334d187fa858576e04985a583d,3.1000000000000005,595.0,81.0,False,13598,366,-171,-15
default_mode_cell_26_631423,default,mode_cell_26,631423,13598,366,139.0,3116,3064,e27e23e46e2dc5a392403f453a37b8509da014334d187fa858576e04985a583d,2.9000000000000004,0.0,0.0,True,13598,366,0,0
default_mode_cell_27_631423,default,mode_cell_27,631423,13598,366,139.0,3116,3064,e27e23e46e2dc5a392403f453a37b8509da014334d187fa858576e04985a583d,2.9000000000000004,0.0,0.0,True,13598,366,0,0
default_mode_cell_28_631423,default,mode_cell_28,631423,13598,366,139.0,3116,3064,e27e23e46e2dc5a392403f453a37b8509da014334d187fa858576e04985a583d,2.9000000000000004,0.0,0.0,True,13598,366,0,0
default_mode_cell_29_631423,default,mode_cell_29,631423,13598,366,139.0,3116,3064,e27e23e46e2dc5a392403f453a37b8509da014334d187fa858576e04985a583d,2.9000000000000004,0.0,0.0,True,13598,366,0,0
default_mode_cell_30_631423,default,mode_cell_30,631423,13763,365,139.0,3116,3064,e27e23e46e2dc5a392403f453a37b8509da014334d187fa858576e04985a583d,3.2,641.0,73.0,False,13598,366,165,-1
default_mode_cell_31_631423,default,mode_cell_31,631423,13452,350,139.0,3116,3064,e27e23e46e2dc5a392403f453a37b8509da014334d187fa858576e04985a583d,2.9000000000000004,736.0,86.0,False,13598,366,-146,-16
default_mode_cell_32_631423,default,mode_cell_32,631423,13298,352,139.0,3116,3064,e27e23e46e2dc5a392403f453a37b8509da014334d187fa858576e04985a583d,3.0,722.0,76.0,False,13598,366,-300,-14
default_mode_cell_33_631423,default,mode_cell_33,631423,13598,366,139.0,3116,3064,e27e23e46e2dc5a392403f453a37b8509da014334d187fa858576e04985a583d,2.9000000000000004,0.0,0.0,True,13598,366,0,0
default_mode_cell_34_631423,default,mode_cell_34,631423,13598,366,139.0,3116,3064,e27e23e46e2dc5a392403f453a37b8509da014334d187fa858576e04985a583d,2.9000000000000004,0.0,0.0,True,13598,366,0,0
default_mode_cell_35_631423,default,mode_cell_35,631423,13598,366,139.0,3116,3064,e27e23e46e2dc5a392403f453a37b8509da014334d187fa858576e04985a583d,2.9000000000000004,0.0,0.0,True,13598,366,0,0
default_mode_cell_36_631423,default,mode_cell_36,631423,13406,361,139.0,3116,3064,e27e23e46e2dc5a392403f453a37b8509da014334d187fa858576e04985a583d,3.0,590.0,80.0,False,13598,366,-192,-5
default_mode_cell_37_631423,default,mode_cell_37,631423,13436,350,139.0,3116,3064,e27e23e46e2dc5a392403f453a37b8509da014334d187fa858576e04985a583d,3.0,694.0,59.0,False,13598,366,-162,-16
default_mode_cell_38_631423,default,mode_cell_38,631423,13614,349,139.0,3116,3064,e27e23e46e2dc5a392403f453a37b8509da014334d187fa858576e04985a583d,3.0,798.0,105.0,False,13598,366,16,-17
default_mode_cell_39_631423,default,mode_cell_39,631423,13358,353,139.0,3116,3064,e27e23e46e2dc5a392403f453a37b8509da014334d187fa858576e04985a583d,3.2,782.0,99.0,False,13598,366,-240,-13
default_mode_cell_40_631423,default,mode_cell_40,631423,13520,358,138.0,3116,3064,e27e23e46e2dc5a392403f453a37b8509da014334d187fa858576e04985a583d,3.0,746.0,60.0,False,13598,366,-78,-8
default_mode_cell_41_631423,default,mode_cell_41,631423,13541,348,139.0,3116,3064,e27e23e46e2dc5a392403f453a37b8509da014334d187fa858576e04985a583d,3.1000000000000005,897.0,124.0,False,13598,366,-57,-18
default_mode_cell_42_631423,default,mode_cell_42,631423,13598,366,139.0,3116,3064,e27e23e46e2dc5a392403f453a37b8509da014334d187fa858576e04985a583d,2.9000000000000004,0.0,0.0,True,13598,366,0,0
default_mode_cell_43_631423,default,mode_cell_43,631423,13268,357,140.0,3116,3064,e27e23e46e2dc5a392403f453a37b8509da014334d187fa858576e04985a583d,3.1000000000000005,770.0,84.0,False,13598,366,-330,-9
default_mode_cell_44_631423,default,mode_cell_44,631423,13598,366,139.0,3116,3064,e27e23e46e2dc5a392403f453a37b8509da014334d187fa858576e04985a583d,2.9000000000000004,0.0,0.0,True,13598,366,0,0
default_mode_cell_45_631423,default,mode_cell_45,631423,13598,366,139.0,3116,3064,e27e23e46e2dc5a392403f453a37b8509da014334d187fa858576e04985a583d,2.9000000000000004,0.0,0.0,True,13598,366,0,0
default_mode_cell_46_631423,default,mode_cell_46,631423,14372,366,139.0,3116,3064,e27e23e46e2dc5a392403f453a37b8509da014334d187fa858576e04985a583d,3.1000000000000005,996.0,113.0,False,13598,366,774,0
default_mode_cell_47_631423,default,mode_cell_47,631423,15440,364,210.0,3116,3064,e27e23e46e2dc5a392403f453a37b8509da014334d187fa858576e04985a583d,2.9000000000000004,2178.0,304.0,False,13598,366,1842,-2
default_mode_cell_48_631423,default,mode_cell_48,631423,13022,328,139.0,3116,3064,e27e23e46e2dc5a392403f453a37b8509da014334d187fa858576e04985a583d,2.9000000000000004,910.0,121.0,False,13598,366,-576,-38
default_mode_cell_49_631423,default,mode_cell_49,631423,13598,366,139.0,3116,3064,e27e23e46e2dc5a392403f453a37b8509da014334d187fa858576e04985a583d,2.9000000000000004,0.0,0.0,True,13598,366,0,0
default_mode_631424,default,mode,631424,12258,264,205.0,3085,3046,73556388aa50eba89fdfcc280e02713d26007b18afa395c1fb37bf28b3e788bf,2.9000000000000004,5153.0,1170.0,False,13499,368,-1241,-104
default_mode_without_mn9_631424,default,mode_without_mn9,631424,12497,271,206.0,3085,3046,73556388aa50eba89fdfcc280e02713d26007b18afa395c1fb37bf28b3e788bf,2.8,5190.0,1150.0,False,13499,368,-1002,-97
default_mn9_only_631424,default,mn9_only,631424,13503,359,138.0,3085,3046,73556388aa50eba89fdfcc280e02713d26007b18afa395c1fb37bf28b3e788bf,3.1000000000000005,652.0,96.0,False,13499,368,4,-9
default_motor_003_631424,default,motor_003,631424,12248,367,138.0,3085,3046,73556388aa50eba89fdfcc280e02713d26007b18afa395c1fb37bf28b3e788bf,3.2,3245.0,541.0,False,13499,368,-1251,-1
default_motor_004_631424,default,motor_004,631424,12190,359,138.0,3085,3046,73556388aa50eba89fdfcc280e02713d26007b18afa395c1fb37bf28b3e788bf,3.0,3401.0,588.0,False,13499,368,-1309,-9
default_motor_005_631424,default,motor_005,631424,12461,366,138.0,3085,3046,73556388aa50eba89fdfcc280e02713d26007b18afa395c1fb37bf28b3e788bf,3.4000000000000004,3342.0,531.0,False,13499,368,-1038,-2
default_mode_cell_00_631424,default,mode_cell_00,631424,11430,319,138.0,3085,3046,73556388aa50eba89fdfcc280e02713d26007b18afa395c1fb37bf28b3e788bf,3.0,2541.0,471.0,False,13499,368,-2069,-49
default_mode_cell_01_631424,default,mode_cell_01,631424,13499,368,138.0,3085,3046,73556388aa50eba89fdfcc280e02713d26007b18afa395c1fb37bf28b3e788bf,3.1000000000000005,0.0,0.0,True,13499,368,0,0
default_mode_cell_02_631424,default,mode_cell_02,631424,13499,368,138.0,3085,3046,73556388aa50eba89fdfcc280e02713d26007b18afa395c1fb37bf28b3e788bf,3.1000000000000005,0.0,0.0,True,13499,368,0,0
default_mode_cell_03_631424,default,mode_cell_03,631424,13794,361,139.0,3085,3046,73556388aa50eba89fdfcc280e02713d26007b18afa395c1fb37bf28b3e788bf,3.0,639.0,73.0,False,13499,368,295,-7
default_mode_cell_04_631424,default,mode_cell_04,631424,13499,368,138.0,3085,3046,73556388aa50eba89fdfcc280e02713d26007b18afa395c1fb37bf28b3e788bf,3.1000000000000005,0.0,0.0,True,13499,368,0,0
default_mode_cell_05_631424,default,mode_cell_05,631424,13499,368,138.0,3085,3046,73556388aa50eba89fdfcc280e02713d26007b18afa395c1fb37bf28b3e788bf,3.1000000000000005,0.0,0.0,True,13499,368,0,0
default_mode_cell_06_631424,default,mode_cell_06,631424,13364,363,138.0,3085,3046,73556388aa50eba89fdfcc280e02713d26007b18afa395c1fb37bf28b3e788bf,3.1000000000000005,603.0,78.0,False,13499,368,-135,-5
default_mode_cell_07_631424,default,mode_cell_07,631424,15539,389,137.0,3085,3046,73556388aa50eba89fdfcc280e02713d26007b18afa395c1fb37bf28b3e788bf,3.0,2362.0,400.0,False,13499,368,2040,21
default_mode_cell_08_631424,default,mode_cell_08,631424,13142,348,138.0,3085,3046,73556388aa50eba89fdfcc280e02713d26007b18afa395c1fb37bf28b3e788bf,3.1000000000000005,1041.0,167.0,False,13499,368,-357,-20
default_mode_cell_09_631424,default,mode_cell_09,631424,13499,368,138.0,3085,3046,73556388aa50eba89fdfcc280e02713d26007b18afa395c1fb37bf28b3e788bf,3.1000000000000005,0.0,0.0,True,13499,368,0,0
default_mode_cell_10_631424,default,mode_cell_10,631424,13211,366,138.0,3085,3046,73556388aa50eba89fdfcc280e02713d26007b18afa395c1fb37bf28b3e788bf,2.9000000000000004,636.0,80.0,False,13499,368,-288,-2
default_mode_cell_11_631424,default,mode_cell_11,631424,13499,368,138.0,3085,3046,73556388aa50eba89fdfcc280e02713d26007b18afa395c1fb37bf28b3e788bf,3.1000000000000005,0.0,0.0,True,13499,368,0,0
default_mode_cell_12_631424,default,mode_cell_12,631424,13673,356,138.0,3085,3046,73556388aa50eba89fdfcc280e02713d26007b18afa395c1fb37bf28b3e788bf,3.1000000000000005,880.0,158.0,False,13499,368,174,-12
default_mode_cell_13_631424,default,mode_cell_13,631424,12792,327,139.0,3085,3046,73556388aa50eba89fdfcc280e02713d26007b18afa395c1fb37bf28b3e788bf,3.0,1161.0,155.0,False,13499,368,-707,-41
default_mode_cell_14_631424,default,mode_cell_14,631424,13499,368,138.0,3085,3046,73556388aa50eba89fdfcc280e02713d26007b18afa395c1fb37bf28b3e788bf,3.1000000000000005,0.0,0.0,True,13499,368,0,0
default_mode_cell_15_631424,default,mode_cell_15,631424,13776,355,138.0,3085,3046,73556388aa50eba89fdfcc280e02713d26007b18afa395c1fb37bf28b3e788bf,2.9000000000000004,687.0,96.0,False,13499,368,277,-13
default_mode_cell_16_631424,default,mode_cell_16,631424,13499,368,138.0,3085,3046,73556388aa50eba89fdfcc280e02713d26007b18afa395c1fb37bf28b3e788bf,3.1000000000000005,0.0,0.0,True,13499,368,0,0
default_mode_cell_17_631424,default,mode_cell_17,631424,13022,365,138.0,3085,3046,73556388aa50eba89fdfcc280e02713d26007b18afa395c1fb37bf28b3e788bf,3.0,831.0,151.0,False,13499,368,-477,-3
default_mode_cell_18_631424,default,mode_cell_18,631424,13228,345,138.0,3085,3046,73556388aa50eba89fdfcc280e02713d26007b18afa395c1fb37bf28b3e788bf,3.1000000000000005,765.0,99.0,False,13499,368,-271,-23
default_mode_cell_19_631424,default,mode_cell_19,631424,13543,358,138.0,3085,3046,73556388aa50eba89fdfcc280e02713d26007b18afa395c1fb37bf28b3e788bf,3.0,790.0,100.0,False,13499,368,44,-10
default_mode_cell_20_631424,default,mode_cell_20,631424,13398,362,138.0,3085,3046,73556388aa50eba89fdfcc280e02713d26007b18afa395c1fb37bf28b3e788bf,2.9000000000000004,847.0,154.0,False,13499,368,-101,-6
default_mode_cell_21_631424,default,mode_cell_21,631424,13499,368,138.0,3085,3046,73556388aa50eba89fdfcc280e02713d26007b18afa395c1fb37bf28b3e788bf,3.1000000000000005,0.0,0.0,True,13499,368,0,0
default_mode_cell_22_631424,default,mode_cell_22,631424,13499,368,138.0,3085,3046,73556388aa50eba89fdfcc280e02713d26007b18afa395c1fb37bf28b3e788bf,3.1000000000000005,0.0,0.0,True,13499,368,0,0
default_mode_cell_23_631424,default,mode_cell_23,631424,13499,368,138.0,3085,3046,73556388aa50eba89fdfcc280e02713d26007b18afa395c1fb37bf28b3e788bf,3.1000000000000005,0.0,0.0,True,13499,368,0,0
default_mode_cell_24_631424,default,mode_cell_24,631424,12218,331,139.0,3085,3046,73556388aa50eba89fdfcc280e02713d26007b18afa395c1fb37bf28b3e788bf,3.1000000000000005,1857.0,333.0,False,13499,368,-1281,-37
default_mode_cell_25_631424,default,mode_cell_25,631424,13465,348,138.0,3085,3046,73556388aa50eba89fdfcc280e02713d26007b18afa395c1fb37bf28b3e788bf,3.1000000000000005,590.0,78.0,False,13499,368,-34,-20
default_mode_cell_26_631424,default,mode_cell_26,631424,13499,368,138.0,3085,3046,73556388aa50eba89fdfcc280e02713d26007b18afa395c1fb37bf28b3e788bf,3.1000000000000005,0.0,0.0,True,13499,368,0,0
default_mode_cell_27_631424,default,mode_cell_27,631424,13499,368,138.0,3085,3046,73556388aa50eba89fdfcc280e02713d26007b18afa395c1fb37bf28b3e788bf,3.1000000000000005,0.0,0.0,True,13499,368,0,0
default_mode_cell_28_631424,default,mode_cell_28,631424,13499,368,138.0,3085,3046,73556388aa50eba89fdfcc280e02713d26007b18afa395c1fb37bf28b3e788bf,3.1000000000000005,0.0,0.0,True,13499,368,0,0
default_mode_cell_29_631424,default,mode_cell_29,631424,13499,368,138.0,3085,3046,73556388aa50eba89fdfcc280e02713d26007b18afa395c1fb37bf28b3e788bf,3.1000000000000005,0.0,0.0,True,13499,368,0,0
default_mode_cell_30_631424,default,mode_cell_30,631424,13488,351,138.0,3085,3046,73556388aa50eba89fdfcc280e02713d26007b18afa395c1fb37bf28b3e788bf,3.1000000000000005,563.0,46.0,False,13499,368,-11,-17
default_mode_cell_31_631424,default,mode_cell_31,631424,13043,362,138.0,3085,3046,73556388aa50eba89fdfcc280e02713d26007b18afa395c1fb37bf28b3e788bf,3.2,740.0,98.0,False,13499,368,-456,-6
default_mode_cell_32_631424,default,mode_cell_32,631424,13438,343,138.0,3085,3046,73556388aa50eba89fdfcc280e02713d26007b18afa395c1fb37bf28b3e788bf,3.1000000000000005,623.0,65.0,False,13499,368,-61,-25
default_mode_cell_33_631424,default,mode_cell_33,631424,13499,368,138.0,3085,3046,73556388aa50eba89fdfcc280e02713d26007b18afa395c1fb37bf28b3e788bf,3.1000000000000005,0.0,0.0,True,13499,368,0,0
default_mode_cell_34_631424,default,mode_cell_34,631424,13499,368,138.0,3085,3046,73556388aa50eba89fdfcc280e02713d26007b18afa395c1fb37bf28b3e788bf,3.1000000000000005,0.0,0.0,True,13499,368,0,0
default_mode_cell_35_631424,default,mode_cell_35,631424,13499,368,138.0,3085,3046,73556388aa50eba89fdfcc280e02713d26007b18afa395c1fb37bf28b3e788bf,3.1000000000000005,0.0,0.0,True,13499,368,0,0
default_mode_cell_36_631424,default,mode_cell_36,631424,13724,367,138.0,3085,3046,73556388aa50eba89fdfcc280e02713d26007b18afa395c1fb37bf28b3e788bf,3.0,641.0,98.0,False,13499,368,225,-1
default_mode_cell_37_631424,default,mode_cell_37,631424,13301,354,138.0,3085,3046,73556388aa50eba89fdfcc280e02713d26007b18afa395c1fb37bf28b3e788bf,3.1000000000000005,616.0,87.0,False,13499,368,-198,-14
default_mode_cell_38_631424,default,mode_cell_38,631424,13801,348,138.0,3085,3046,73556388aa50eba89fdfcc280e02713d26007b18afa395c1fb37bf28b3e788bf,2.9000000000000004,672.0,90.0,False,13499,368,302,-20
default_mode_cell_39_631424,default,mode_cell_39,631424,13605,364,138.0,3085,3046,73556388aa50eba89fdfcc280e02713d26007b18afa395c1fb37bf28b3e788bf,2.9000000000000004,644.0,76.0,False,13499,368,106,-4
default_mode_cell_40_631424,default,mode_cell_40,631424,13053,347,138.0,3085,3046,73556388aa50eba89fdfcc280e02713d26007b18afa395c1fb37bf28b3e788bf,3.0,702.0,99.0,False,13499,368,-446,-21
default_mode_cell_41_631424,default,mode_cell_41,631424,13197,339,137.0,3085,3046,73556388aa50eba89fdfcc280e02713d26007b18afa395c1fb37bf28b3e788bf,3.1000000000000005,886.0,122.0,False,13499,368,-302,-29
default_mode_cell_42_631424,default,mode_cell_42,631424,13499,368,138.0,3085,3046,73556388aa50eba89fdfcc280e02713d26007b18afa395c1fb37bf28b3e788bf,3.1000000000000005,0.0,0.0,True,13499,368,0,0
default_mode_cell_43_631424,default,mode_cell_43,631424,13543,361,138.0,3085,3045,73556388aa50eba89fdfcc280e02713d26007b18afa395c1fb37bf28b3e788bf,2.9000000000000004,578.0,79.0,False,13499,368,44,-7
default_mode_cell_44_631424,default,mode_cell_44,631424,13499,368,138.0,3085,3046,73556388aa50eba89fdfcc280e02713d26007b18afa395c1fb37bf28b3e788bf,3.1000000000000005,0.0,0.0,True,13499,368,0,0
default_mode_cell_45_631424,default,mode_cell_45,631424,13499,368,138.0,3085,3046,73556388aa50eba89fdfcc280e02713d26007b18afa395c1fb37bf28b3e788bf,3.1000000000000005,0.0,0.0,True,13499,368,0,0
default_mode_cell_46_631424,default,mode_cell_46,631424,13225,354,138.0,3085,3046,73556388aa50eba89fdfcc280e02713d26007b18afa395c1fb37bf28b3e788bf,3.0,632.0,69.0,False,13499,368,-274,-14
default_mode_cell_47_631424,default,mode_cell_47,631424,15129,365,207.0,3085,3046,73556388aa50eba89fdfcc280e02713d26007b18afa395c1fb37bf28b3e788bf,2.9000000000000004,2210.0,312.0,False,13499,368,1630,-3
default_mode_cell_48_631424,default,mode_cell_48,631424,13006,344,138.0,3085,3046,73556388aa50eba89fdfcc280e02713d26007b18afa395c1fb37bf28b3e788bf,3.1000000000000005,749.0,105.0,False,13499,368,-493,-24
default_mode_cell_49_631424,default,mode_cell_49,631424,13499,368,138.0,3085,3046,73556388aa50eba89fdfcc280e02713d26007b18afa395c1fb37bf28b3e788bf,3.1000000000000005,0.0,0.0,True,13499,368,0,0
default_mode_631425,default,mode,631425,12862,284,207.0,3182,3130,f710ff6463d7ca98dc53926044f0745a7bb669a60a8606de490934473682982b,2.9000000000000004,4831.0,1092.0,False,13629,354,-767,-70
default_mode_without_mn9_631425,default,mode_without_mn9,631425,12862,284,207.0,3182,3130,f710ff6463d7ca98dc53926044f0745a7bb669a60a8606de490934473682982b,2.9000000000000004,4831.0,1092.0,False,13629,354,-767,-70
default_mn9_only_631425,default,mn9_only,631425,13305,354,139.0,3182,3130,f710ff6463d7ca98dc53926044f0745a7bb669a60a8606de490934473682982b,3.0,860.0,115.0,False,13629,354,-324,0
default_motor_003_631425,default,motor_003,631425,12277,333,139.0,3182,3130,f710ff6463d7ca98dc53926044f0745a7bb669a60a8606de490934473682982b,3.2,3206.0,545.0,False,13629,354,-1352,-21
default_motor_004_631425,default,motor_004,631425,12081,358,139.0,3182,3130,f710ff6463d7ca98dc53926044f0745a7bb669a60a8606de490934473682982b,3.1000000000000005,3298.0,564.0,False,13629,354,-1548,4
default_motor_005_631425,default,motor_005,631425,12455,344,139.0,3182,3130,f710ff6463d7ca98dc53926044f0745a7bb669a60a8606de490934473682982b,3.5,3278.0,568.0,False,13629,354,-1174,-10
default_mode_cell_00_631425,default,mode_cell_00,631425,12291,348,139.0,3182,3130,f710ff6463d7ca98dc53926044f0745a7bb669a60a8606de490934473682982b,3.1000000000000005,1876.0,324.0,False,13629,354,-1338,-6
default_mode_cell_01_631425,default,mode_cell_01,631425,13629,354,139.0,3182,3130,f710ff6463d7ca98dc53926044f0745a7bb669a60a8606de490934473682982b,3.1000000000000005,0.0,0.0,True,13629,354,0,0
default_mode_cell_02_631425,default,mode_cell_02,631425,13629,354,139.0,3182,3130,f710ff6463d7ca98dc53926044f0745a7bb669a60a8606de490934473682982b,3.1000000000000005,0.0,0.0,True,13629,354,0,0
default_mode_cell_03_631425,default,mode_cell_03,631425,14510,361,139.0,3182,3130,f710ff6463d7ca98dc53926044f0745a7bb669a60a8606de490934473682982b,3.0,1045.0,141.0,False,13629,354,881,7
default_mode_cell_04_631425,default,mode_cell_04,631425,13629,354,139.0,3182,3130,f710ff6463d7ca98dc53926044f0745a7bb669a60a8606de490934473682982b,3.1000000000000005,0.0,0.0,True,13629,354,0,0
default_mode_cell_05_631425,default,mode_cell_05,631425,13629,354,139.0,3182,3130,f710ff6463d7ca98dc53926044f0745a7bb669a60a8606de490934473682982b,3.1000000000000005,0.0,0.0,True,13629,354,0,0
default_mode_cell_06_631425,default,mode_cell_06,631425,13763,359,139.0,3182,3130,f710ff6463d7ca98dc53926044f0745a7bb669a60a8606de490934473682982b,2.8,598.0,100.0,False,13629,354,134,5
default_mode_cell_07_631425,default,mode_cell_07,631425,15724,376,138.0,3182,3130,f710ff6463d7ca98dc53926044f0745a7bb669a60a8606de490934473682982b,3.0,2525.0,475.0,False,13629,354,2095,22
default_mode_cell_08_631425,default,mode_cell_08,631425,13113,333,139.0,3182,3130,f710ff6463d7ca98dc53926044f0745a7bb669a60a8606de490934473682982b,2.9000000000000004,1024.0,166.0,False,13629,354,-516,-21
default_mode_cell_09_631425,default,mode_cell_09,631425,13629,354,139.0,3182,3130,f710ff6463d7ca98dc53926044f0745a7bb669a60a8606de490934473682982b,3.1000000000000005,0.0,0.0,True,13629,354,0,0
default_mode_cell_10_631425,default,mode_cell_10,631425,13439,364,139.0,3182,3130,f710ff6463d7ca98dc53926044f0745a7bb669a60a8606de490934473682982b,3.0,686.0,106.0,False,13629,354,-190,10
default_mode_cell_11_631425,default,mode_cell_11,631425,13629,354,139.0,3182,3130,f710ff6463d7ca98dc53926044f0745a7bb669a60a8606de490934473682982b,3.1000000000000005,0.0,0.0,True,13629,354,0,0
default_mode_cell_12_631425,default,mode_cell_12,631425,13083,349,140.0,3182,3130,f710ff6463d7ca98dc53926044f0745a7bb669a60a8606de490934473682982b,3.0,926.0,115.0,False,13629,354,-546,-5
default_mode_cell_13_631425,default,mode_cell_13,631425,13247,337,139.0,3182,3130,f710ff6463d7ca98dc53926044f0745a7bb669a60a8606de490934473682982b,2.8,780.0,95.0,False,13629,354,-382,-17
default_mode_cell_14_631425,default,mode_cell_14,631425,13629,354,139.0,3182,3130,f710ff6463d7ca98dc53926044f0745a7bb669a60a8606de490934473682982b,3.1000000000000005,0.0,0.0,True,13629,354,0,0
default_mode_cell_15_631425,default,mode_cell_15,631425,13631,350,139.0,3182,3130,f710ff6463d7ca98dc53926044f0745a7bb669a60a8606de490934473682982b,3.0,650.0,103.0,False,13629,354,2,-4
default_mode_cell_16_631425,default,mode_cell_16,631425,13629,354,139.0,3182,3130,f710ff6463d7ca98dc53926044f0745a7bb669a60a8606de490934473682982b,3.1000000000000005,0.0,0.0,True,13629,354,0,0
default_mode_cell_17_631425,default,mode_cell_17,631425,13891,356,139.0,3182,3130,f710ff6463d7ca98dc53926044f0745a7bb669a60a8606de490934473682982b,3.1000000000000005,926.0,170.0,False,13629,354,262,2
default_mode_cell_18_631425,default,mode_cell_18,631425,13268,351,139.0,3182,3130,f710ff6463d7ca98dc53926044f0745a7bb669a60a8606de490934473682982b,3.2,947.0,170.0,False,13629,354,-361,-3
default_mode_cell_19_631425,default,mode_cell_19,631425,13917,357,140.0,3182,3130,f710ff6463d7ca98dc53926044f0745a7bb669a60a8606de490934473682982b,3.0,958.0,142.0,False,13629,354,288,3
default_mode_cell_20_631425,default,mode_cell_20,631425,13492,351,139.0,3182,3130,f710ff6463d7ca98dc53926044f0745a7bb669a60a8606de490934473682982b,3.1000000000000005,641.0,99.0,False,13629,354,-137,-3
default_mode_cell_21_631425,default,mode_cell_21,631425,13629,354,139.0,3182,3130,f710ff6463d7ca98dc53926044f0745a7bb669a60a8606de490934473682982b,3.1000000000000005,0.0,0.0,True,13629,354,0,0
default_mode_cell_22_631425,default,mode_cell_22,631425,13629,354,139.0,3182,3130,f710ff6463d7ca98dc53926044f0745a7bb669a60a8606de490934473682982b,3.1000000000000005,0.0,0.0,True,13629,354,0,0
default_mode_cell_23_631425,default,mode_cell_23,631425,13629,354,139.0,3182,3130,f710ff6463d7ca98dc53926044f0745a7bb669a60a8606de490934473682982b,3.1000000000000005,0.0,0.0,True,13629,354,0,0
default_mode_cell_24_631425,default,mode_cell_24,631425,12373,311,140.0,3182,3130,f710ff6463d7ca98dc53926044f0745a7bb669a60a8606de490934473682982b,3.0,1778.0,301.0,False,13629,354,-1256,-43
default_mode_cell_25_631425,default,mode_cell_25,631425,13484,362,139.0,3182,3130,f710ff6463d7ca98dc53926044f0745a7bb669a60a8606de490934473682982b,2.9000000000000004,621.0,76.0,False,13629,354,-145,8
default_mode_cell_26_631425,default,mode_cell_26,631425,13629,354,139.0,3182,3130,f710ff6463d7ca98dc53926044f0745a7bb669a60a8606de490934473682982b,3.1000000000000005,0.0,0.0,True,13629,354,0,0
default_mode_cell_27_631425,default,mode_cell_27,631425,13629,354,139.0,3182,3130,f710ff6463d7ca98dc53926044f0745a7bb669a60a8606de490934473682982b,3.1000000000000005,0.0,0.0,True,13629,354,0,0
default_mode_cell_28_631425,default,mode_cell_28,631425,13629,354,139.0,3182,3130,f710ff6463d7ca98dc53926044f0745a7bb669a60a8606de490934473682982b,3.1000000000000005,0.0,0.0,True,13629,354,0,0
default_mode_cell_29_631425,default,mode_cell_29,631425,13629,354,139.0,3182,3130,f710ff6463d7ca98dc53926044f0745a7bb669a60a8606de490934473682982b,3.1000000000000005,0.0,0.0,True,13629,354,0,0
default_mode_cell_30_631425,default,mode_cell_30,631425,14001,371,139.0,3182,3130,f710ff6463d7ca98dc53926044f0745a7bb669a60a8606de490934473682982b,3.1000000000000005,840.0,129.0,False,13629,354,372,17
default_mode_cell_31_631425,default,mode_cell_31,631425,13576,349,139.0,3182,3130,f710ff6463d7ca98dc53926044f0745a7bb669a60a8606de490934473682982b,2.9000000000000004,513.0,71.0,False,13629,354,-53,-5
default_mode_cell_32_631425,default,mode_cell_32,631425,14006,369,139.0,3182,3130,f710ff6463d7ca98dc53926044f0745a7bb669a60a8606de490934473682982b,3.1000000000000005,805.0,119.0,False,13629,354,377,15
default_mode_cell_33_631425,default,mode_cell_33,631425,13629,354,139.0,3182,3130,f710ff6463d7ca98dc53926044f0745a7bb669a60a8606de490934473682982b,3.1000000000000005,0.0,0.0,True,13629,354,0,0
default_mode_cell_34_631425,default,mode_cell_34,631425,13629,354,139.0,3182,3130,f710ff6463d7ca98dc53926044f0745a7bb669a60a8606de490934473682982b,3.1000000000000005,0.0,0.0,True,13629,354,0,0
default_mode_cell_35_631425,default,mode_cell_35,631425,13629,354,139.0,3182,3130,f710ff6463d7ca98dc53926044f0745a7bb669a60a8606de490934473682982b,3.1000000000000005,0.0,0.0,True,13629,354,0,0
default_mode_cell_36_631425,default,mode_cell_36,631425,13766,351,140.0,3182,3130,f710ff6463d7ca98dc53926044f0745a7bb669a60a8606de490934473682982b,3.0,651.0,71.0,False,13629,354,137,-3
default_mode_cell_37_631425,default,mode_cell_37,631425,13705,348,139.0,3182,3130,f710ff6463d7ca98dc53926044f0745a7bb669a60a8606de490934473682982b,3.2,660.0,97.0,False,13629,354,76,-6
default_mode_cell_38_631425,default,mode_cell_38,631425,13359,359,139.0,3182,3130,f710ff6463d7ca98dc53926044f0745a7bb669a60a8606de490934473682982b,3.0,634.0,76.0,False,13629,354,-270,5
default_mode_cell_39_631425,default,mode_cell_39,631425,13880,362,139.0,3182,3130,f710ff6463d7ca98dc53926044f0745a7bb669a60a8606de490934473682982b,3.1000000000000005,873.0,166.0,False,13629,354,251,8
default_mode_cell_40_631425,default,mode_cell_40,631425,13829,370,139.0,3182,3130,f710ff6463d7ca98dc53926044f0745a7bb669a60a8606de490934473682982b,3.0,658.0,106.0,False,13629,354,200,16
default_mode_cell_41_631425,default,mode_cell_41,631425,13041,348,139.0,3182,3130,f710ff6463d7ca98dc53926044f0745a7bb669a60a8606de490934473682982b,2.9000000000000004,1000.0,128.0,False,13629,354,-588,-6
default_mode_cell_42_631425,default,mode_cell_42,631425,13629,354,139.0,3182,3130,f710ff6463d7ca98dc53926044f0745a7bb669a60a8606de490934473682982b,3.1000000000000005,0.0,0.0,True,13629,354,0,0
default_mode_cell_43_631425,default,mode_cell_43,631425,13518,347,139.0,3182,3129,f710ff6463d7ca98dc53926044f0745a7bb669a60a8606de490934473682982b,3.2,595.0,93.0,False,13629,354,-111,-7
default_mode_cell_44_631425,default,mode_cell_44,631425,13629,354,139.0,3182,3130,f710ff6463d7ca98dc53926044f0745a7bb669a60a8606de490934473682982b,3.1000000000000005,0.0,0.0,True,13629,354,0,0
default_mode_cell_45_631425,default,mode_cell_45,631425,13629,354,139.0,3182,3130,f710ff6463d7ca98dc53926044f0745a7bb669a60a8606de490934473682982b,3.1000000000000005,0.0,0.0,True,13629,354,0,0
default_mode_cell_46_631425,default,mode_cell_46,631425,13720,361,139.0,3182,3130,f710ff6463d7ca98dc53926044f0745a7bb669a60a8606de490934473682982b,3.1000000000000005,445.0,47.0,False,13629,354,91,7
default_mode_cell_47_631425,default,mode_cell_47,631425,15264,360,200.0,3182,3130,f710ff6463d7ca98dc53926044f0745a7bb669a60a8606de490934473682982b,2.9000000000000004,2151.0,292.0,False,13629,354,1635,6
default_mode_cell_48_631425,default,mode_cell_48,631425,13743,359,139.0,3182,3130,f710ff6463d7ca98dc53926044f0745a7bb669a60a8606de490934473682982b,3.1000000000000005,674.0,116.0,False,13629,354,114,5
default_mode_cell_49_631425,default,mode_cell_49,631425,13629,354,139.0,3182,3130,f710ff6463d7ca98dc53926044f0745a7bb669a60a8606de490934473682982b,3.1000000000000005,0.0,0.0,True,13629,354,0,0
default_mode_631426,default,mode,631426,12657,273,212.0,3167,3127,5b26a62924f518ae79ec0bd6d0af0cb4c529aaf699effb3c35635f63a45e2824,2.8,5153.0,1146.0,False,13574,356,-917,-83
default_mode_without_mn9_631426,default,mode_without_mn9,631426,12735,275,205.0,3167,3127,5b26a62924f518ae79ec0bd6d0af0cb4c529aaf699effb3c35635f63a45e2824,2.8,4995.0,1086.0,False,13574,356,-839,-81
default_mn9_only_631426,default,mn9_only,631426,14014,366,140.0,3167,3127,5b26a62924f518ae79ec0bd6d0af0cb4c529aaf699effb3c35635f63a45e2824,3.0,804.0,164.0,False,13574,356,440,10
default_motor_003_631426,default,motor_003,631426,12552,354,139.0,3167,3127,5b26a62924f518ae79ec0bd6d0af0cb4c529aaf699effb3c35635f63a45e2824,3.1000000000000005,3102.0,477.0,False,13574,356,-1022,-2
default_motor_004_631426,default,motor_004,631426,12391,361,139.0,3167,3127,5b26a62924f518ae79ec0bd6d0af0cb4c529aaf699effb3c35635f63a45e2824,3.2,3117.0,481.0,False,13574,356,-1183,5
default_motor_005_631426,default,motor_005,631426,12774,364,139.0,3167,3127,5b26a62924f518ae79ec0bd6d0af0cb4c529aaf699effb3c35635f63a45e2824,3.5,3250.0,522.0,False,13574,356,-800,8
default_mode_cell_00_631426,default,mode_cell_00,631426,12121,340,139.0,3167,3127,5b26a62924f518ae79ec0bd6d0af0cb4c529aaf699effb3c35635f63a45e2824,3.2,2035.0,379.0,False,13574,356,-1453,-16
default_mode_cell_01_631426,default,mode_cell_01,631426,13574,356,140.0,3167,3127,5b26a62924f518ae79ec0bd6d0af0cb4c529aaf699effb3c35635f63a45e2824,3.0,0.0,0.0,True,13574,356,0,0
default_mode_cell_02_631426,default,mode_cell_02,631426,13574,356,140.0,3167,3127,5b26a62924f518ae79ec0bd6d0af0cb4c529aaf699effb3c35635f63a45e2824,3.0,0.0,0.0,True,13574,356,0,0
default_mode_cell_03_631426,default,mode_cell_03,631426,14013,357,139.0,3167,3127,5b26a62924f518ae79ec0bd6d0af0cb4c529aaf699effb3c35635f63a45e2824,3.1000000000000005,901.0,141.0,False,13574,356,439,1
default_mode_cell_04_631426,default,mode_cell_04,631426,13574,356,140.0,3167,3127,5b26a62924f518ae79ec0bd6d0af0cb4c529aaf699effb3c35635f63a45e2824,3.0,0.0,0.0,True,13574,356,0,0
default_mode_cell_05_631426,default,mode_cell_05,631426,13574,356,140.0,3167,3127,5b26a62924f518ae79ec0bd6d0af0cb4c529aaf699effb3c35635f63a45e2824,3.0,0.0,0.0,True,13574,356,0,0
default_mode_cell_06_631426,default,mode_cell_06,631426,13867,349,139.0,3167,3127,5b26a62924f518ae79ec0bd6d0af0cb4c529aaf699effb3c35635f63a45e2824,3.0,819.0,117.0,False,13574,356,293,-7
default_mode_cell_07_631426,default,mode_cell_07,631426,15067,376,139.0,3167,3127,5b26a62924f518ae79ec0bd6d0af0cb4c529aaf699effb3c35635f63a45e2824,2.8,2149.0,367.0,False,13574,356,1493,20
default_mode_cell_08_631426,default,mode_cell_08,631426,13364,338,139.0,3167,3127,5b26a62924f518ae79ec0bd6d0af0cb4c529aaf699effb3c35635f63a45e2824,3.0,1070.0,181.0,False,13574,356,-210,-18
default_mode_cell_09_631426,default,mode_cell_09,631426,13574,356,140.0,3167,3127,5b26a62924f518ae79ec0bd6d0af0cb4c529aaf699effb3c35635f63a45e2824,3.0,0.0,0.0,True,13574,356,0,0
default_mode_cell_10_631426,default,mode_cell_10,631426,13878,353,139.0,3167,3127,5b26a62924f518ae79ec0bd6d0af0cb4c529aaf699effb3c35635f63a45e2824,3.0,880.0,129.0,False,13574,356,304,-3
default_mode_cell_11_631426,default,mode_cell_11,631426,13574,356,140.0,3167,3127,5b26a62924f518ae79ec0bd6d0af0cb4c529aaf699effb3c35635f63a45e2824,3.0,0.0,0.0,True,13574,356,0,0
default_mode_cell_12_631426,default,mode_cell_12,631426,13536,359,139.0,3167,3126,5b26a62924f518ae79ec0bd6d0af0cb4c529aaf699effb3c35635f63a45e2824,3.0,716.0,118.0,False,13574,356,-38,3
default_mode_cell_13_631426,default,mode_cell_13,631426,13110,332,139.0,3167,3127,5b26a62924f518ae79ec0bd6d0af0cb4c529aaf699effb3c35635f63a45e2824,2.9000000000000004,974.0,119.0,False,13574,356,-464,-24
default_mode_cell_14_631426,default,mode_cell_14,631426,13574,356,140.0,3167,3127,5b26a62924f518ae79ec0bd6d0af0cb4c529aaf699effb3c35635f63a45e2824,3.0,0.0,0.0,True,13574,356,0,0
default_mode_cell_15_631426,default,mode_cell_15,631426,13933,356,139.0,3167,3127,5b26a62924f518ae79ec0bd6d0af0cb4c529aaf699effb3c35635f63a45e2824,3.0,767.0,116.0,False,13574,356,359,0
default_mode_cell_16_631426,default,mode_cell_16,631426,13574,356,140.0,3167,3127,5b26a62924f518ae79ec0bd6d0af0cb4c529aaf699effb3c35635f63a45e2824,3.0,0.0,0.0,True,13574,356,0,0
default_mode_cell_17_631426,default,mode_cell_17,631426,13802,371,139.0,3167,3127,5b26a62924f518ae79ec0bd6d0af0cb4c529aaf699effb3c35635f63a45e2824,3.1000000000000005,1012.0,161.0,False,13574,356,228,15
default_mode_cell_18_631426,default,mode_cell_18,631426,13522,362,139.0,3167,3127,5b26a62924f518ae79ec0bd6d0af0cb4c529aaf699effb3c35635f63a45e2824,3.0,840.0,114.0,False,13574,356,-52,6
default_mode_cell_19_631426,default,mode_cell_19,631426,13710,354,138.0,3167,3127,5b26a62924f518ae79ec0bd6d0af0cb4c529aaf699effb3c35635f63a45e2824,3.0,980.0,129.0,False,13574,356,136,-2
default_mode_cell_20_631426,default,mode_cell_20,631426,13480,364,139.0,3167,3127,5b26a62924f518ae79ec0bd6d0af0cb4c529aaf699effb3c35635f63a45e2824,2.9000000000000004,600.0,74.0,False,13574,356,-94,8
default_mode_cell_21_631426,default,mode_cell_21,631426,13574,356,140.0,3167,3127,5b26a62924f518ae79ec0bd6d0af0cb4c529aaf699effb3c35635f63a45e2824,3.0,0.0,0.0,True,13574,356,0,0
default_mode_cell_22_631426,default,mode_cell_22,631426,13574,356,140.0,3167,3127,5b26a62924f518ae79ec0bd6d0af0cb4c529aaf699effb3c35635f63a45e2824,3.0,0.0,0.0,True,13574,356,0,0
default_mode_cell_23_631426,default,mode_cell_23,631426,13574,356,140.0,3167,3127,5b26a62924f518ae79ec0bd6d0af0cb4c529aaf699effb3c35635f63a45e2824,3.0,0.0,0.0,True,13574,356,0,0
default_mode_cell_24_631426,default,mode_cell_24,631426,12417,317,139.0,3167,3127,5b26a62924f518ae79ec0bd6d0af0cb4c529aaf699effb3c35635f63a45e2824,3.0,1821.0,310.0,False,13574,356,-1157,-39
default_mode_cell_25_631426,default,mode_cell_25,631426,13849,369,139.0,3167,3127,5b26a62924f518ae79ec0bd6d0af0cb4c529aaf699effb3c35635f63a45e2824,2.9000000000000004,721.0,106.0,False,13574,356,275,13
default_mode_cell_26_631426,default,mode_cell_26,631426,13574,356,140.0,3167,3127,5b26a62924f518ae79ec0bd6d0af0cb4c529aaf699effb3c35635f63a45e2824,3.0,0.0,0.0,True,13574,356,0,0
default_mode_cell_27_631426,default,mode_cell_27,631426,13574,356,140.0,3167,3127,5b26a62924f518ae79ec0bd6d0af0cb4c529aaf699effb3c35635f63a45e2824,3.0,0.0,0.0,True,13574,356,0,0
default_mode_cell_28_631426,default,mode_cell_28,631426,13574,356,140.0,3167,3127,5b26a62924f518ae79ec0bd6d0af0cb4c529aaf699effb3c35635f63a45e2824,3.0,0.0,0.0,True,13574,356,0,0
default_mode_cell_29_631426,default,mode_cell_29,631426,13574,356,140.0,3167,3127,5b26a62924f518ae79ec0bd6d0af0cb4c529aaf699effb3c35635f63a45e2824,3.0,0.0,0.0,True,13574,356,0,0
default_mode_cell_30_631426,default,mode_cell_30,631426,13448,364,139.0,3167,3127,5b26a62924f518ae79ec0bd6d0af0cb4c529aaf699effb3c35635f63a45e2824,2.9000000000000004,620.0,77.0,False,13574,356,-126,8
default_mode_cell_31_631426,default,mode_cell_31,631426,13621,358,139.0,3167,3127,5b26a62924f518ae79ec0bd6d0af0cb4c529aaf699effb3c35635f63a45e2824,2.9000000000000004,711.0,100.0,False,13574,356,47,2
default_mode_cell_32_631426,default,mode_cell_32,631426,13617,349,139.0,3167,3127,5b26a62924f518ae79ec0bd6d0af0cb4c529aaf699effb3c35635f63a45e2824,3.0,795.0,118.0,False,13574,356,43,-7
default_mode_cell_33_631426,default,mode_cell_33,631426,13574,356,140.0,3167,3127,5b26a62924f518ae79ec0bd6d0af0cb4c529aaf699effb3c35635f63a45e2824,3.0,0.0,0.0,True,13574,356,0,0
default_mode_cell_34_631426,default,mode_cell_34,631426,13574,356,140.0,3167,3127,5b26a62924f518ae79ec0bd6d0af0cb4c529aaf699effb3c35635f63a45e2824,3.0,0.0,0.0,True,13574,356,0,0
default_mode_cell_35_631426,default,mode_cell_35,631426,13574,356,140.0,3167,3127,5b26a62924f518ae79ec0bd6d0af0cb4c529aaf699effb3c35635f63a45e2824,3.0,0.0,0.0,True,13574,356,0,0
default_mode_cell_36_631426,default,mode_cell_36,631426,13303,373,140.0,3167,3127,5b26a62924f518ae79ec0bd6d0af0cb4c529aaf699effb3c35635f63a45e2824,3.0,717.0,119.0,False,13574,356,-271,17
default_mode_cell_37_631426,default,mode_cell_37,631426,13637,361,139.0,3167,3127,5b26a62924f518ae79ec0bd6d0af0cb4c529aaf699effb3c35635f63a45e2824,3.0,713.0,98.0,False,13574,356,63,5
default_mode_cell_38_631426,default,mode_cell_38,631426,13935,360,139.0,3167,3127,5b26a62924f518ae79ec0bd6d0af0cb4c529aaf699effb3c35635f63a45e2824,3.0,847.0,106.0,False,13574,356,361,4
default_mode_cell_39_631426,default,mode_cell_39,631426,14172,366,139.0,3167,3127,5b26a62924f518ae79ec0bd6d0af0cb4c529aaf699effb3c35635f63a45e2824,3.1000000000000005,996.0,139.0,False,13574,356,598,10
default_mode_cell_40_631426,default,mode_cell_40,631426,13766,365,139.0,3167,3127,5b26a62924f518ae79ec0bd6d0af0cb4c529aaf699effb3c35635f63a45e2824,2.9000000000000004,610.0,60.0,False,13574,356,192,9
default_mode_cell_41_631426,default,mode_cell_41,631426,13680,351,140.0,3167,3127,5b26a62924f518ae79ec0bd6d0af0cb4c529aaf699effb3c35635f63a45e2824,2.9000000000000004,1106.0,202.0,False,13574,356,106,-5
default_mode_cell_42_631426,default,mode_cell_42,631426,13574,356,140.0,3167,3127,5b26a62924f518ae79ec0bd6d0af0cb4c529aaf699effb3c35635f63a45e2824,3.0,0.0,0.0,True,13574,356,0,0
default_mode_cell_43_631426,default,mode_cell_43,631426,13762,365,139.0,3167,3127,5b26a62924f518ae79ec0bd6d0af0cb4c529aaf699effb3c35635f63a45e2824,3.0,820.0,118.0,False,13574,356,188,9
default_mode_cell_44_631426,default,mode_cell_44,631426,13574,356,140.0,3167,3127,5b26a62924f518ae79ec0bd6d0af0cb4c529aaf699effb3c35635f63a45e2824,3.0,0.0,0.0,True,13574,356,0,0
default_mode_cell_45_631426,default,mode_cell_45,631426,13574,356,140.0,3167,3127,5b26a62924f518ae79ec0bd6d0af0cb4c529aaf699effb3c35635f63a45e2824,3.0,0.0,0.0,True,13574,356,0,0
default_mode_cell_46_631426,default,mode_cell_46,631426,13638,350,139.0,3167,3127,5b26a62924f518ae79ec0bd6d0af0cb4c529aaf699effb3c35635f63a45e2824,3.0,734.0,89.0,False,13574,356,64,-6
default_mode_cell_47_631426,default,mode_cell_47,631426,15002,355,207.0,3167,3127,5b26a62924f518ae79ec0bd6d0af0cb4c529aaf699effb3c35635f63a45e2824,2.9000000000000004,2342.0,360.0,False,13574,356,1428,-1
default_mode_cell_48_631426,default,mode_cell_48,631426,13757,357,140.0,3167,3127,5b26a62924f518ae79ec0bd6d0af0cb4c529aaf699effb3c35635f63a45e2824,3.0,717.0,87.0,False,13574,356,183,1
default_mode_cell_49_631426,default,mode_cell_49,631426,13574,356,140.0,3167,3127,5b26a62924f518ae79ec0bd6d0af0cb4c529aaf699effb3c35635f63a45e2824,3.0,0.0,0.0,True,13574,356,0,0
default_mode_631427,default,mode,631427,12339,269,209.0,3032,2989,a5ef70bc66f08b067cc69ccfd2ae1c8787b249a41d1926d119f34e0f2034a500,2.9000000000000004,4890.0,1086.0,False,12909,354,-570,-85
default_mode_without_mn9_631427,default,mode_without_mn9,631427,12019,257,204.0,3032,2989,a5ef70bc66f08b067cc69ccfd2ae1c8787b249a41d1926d119f34e0f2034a500,2.8,4878.0,1086.0,False,12909,354,-890,-97
default_mn9_only_631427,default,mn9_only,631427,12791,349,134.0,3032,2989,a5ef70bc66f08b067cc69ccfd2ae1c8787b249a41d1926d119f34e0f2034a500,2.9000000000000004,608.0,75.0,False,12909,354,-118,-5
default_motor_003_631427,default,motor_003,631427,12083,344,134.0,3032,2989,a5ef70bc66f08b067cc69ccfd2ae1c8787b249a41d1926d119f34e0f2034a500,3.1000000000000005,3100.0,509.0,False,12909,354,-826,-10
default_motor_004_631427,default,motor_004,631427,11870,356,135.0,3032,2989,a5ef70bc66f08b067cc69ccfd2ae1c8787b249a41d1926d119f34e0f2034a500,3.3,3107.0,536.0,False,12909,354,-1039,2
default_motor_005_631427,default,motor_005,631427,12024,360,134.0,3032,2989,a5ef70bc66f08b067cc69ccfd2ae1c8787b249a41d1926d119f34e0f2034a500,3.1000000000000005,3129.0,532.0,False,12909,354,-885,6
default_mode_cell_00_631427,default,mode_cell_00,631427,11682,340,134.0,3032,2989,a5ef70bc66f08b067cc69ccfd2ae1c8787b249a41d1926d119f34e0f2034a500,3.1000000000000005,1815.0,298.0,False,12909,354,-1227,-14
default_mode_cell_01_631427,default,mode_cell_01,631427,12909,354,135.0,3032,2989,a5ef70bc66f08b067cc69ccfd2ae1c8787b249a41d1926d119f34e0f2034a500,3.0,0.0,0.0,True,12909,354,0,0
default_mode_cell_02_631427,default,mode_cell_02,631427,12909,354,135.0,3032,2989,a5ef70bc66f08b067cc69ccfd2ae1c8787b249a41d1926d119f34e0f2034a500,3.0,0.0,0.0,True,12909,354,0,0
default_mode_cell_03_631427,default,mode_cell_03,631427,13196,363,134.0,3032,2989,a5ef70bc66f08b067cc69ccfd2ae1c8787b249a41d1926d119f34e0f2034a500,3.2,707.0,101.0,False,12909,354,287,9
default_mode_cell_04_631427,default,mode_cell_04,631427,12909,354,135.0,3032,2989,a5ef70bc66f08b067cc69ccfd2ae1c8787b249a41d1926d119f34e0f2034a500,3.0,0.0,0.0,True,12909,354,0,0
default_mode_cell_05_631427,default,mode_cell_05,631427,12909,354,135.0,3032,2989,a5ef70bc66f08b067cc69ccfd2ae1c8787b249a41d1926d119f34e0f2034a500,3.0,0.0,0.0,True,12909,354,0,0
default_mode_cell_06_631427,default,mode_cell_06,631427,12857,347,134.0,3032,2989,a5ef70bc66f08b067cc69ccfd2ae1c8787b249a41d1926d119f34e0f2034a500,3.1000000000000005,560.0,67.0,False,12909,354,-52,-7
default_mode_cell_07_631427,default,mode_cell_07,631427,14962,373,134.0,3032,2989,a5ef70bc66f08b067cc69ccfd2ae1c8787b249a41d1926d119f34e0f2034a500,3.0,2419.0,448.0,False,12909,354,2053,19
default_mode_cell_08_631427,default,mode_cell_08,631427,12610,344,135.0,3032,2989,a5ef70bc66f08b067cc69ccfd2ae1c8787b249a41d1926d119f34e0f2034a500,3.2,977.0,148.0,False,12909,354,-299,-10
default_mode_cell_09_631427,default,mode_cell_09,631427,12909,354,135.0,3032,2989,a5ef70bc66f08b067cc69ccfd2ae1c8787b249a41d1926d119f34e0f2034a500,3.0,0.0,0.0,True,12909,354,0,0
default_mode_cell_10_631427,default,mode_cell_10,631427,12917,348,134.0,3032,2989,a5ef70bc66f08b067cc69ccfd2ae1c8787b249a41d1926d119f34e0f2034a500,3.0,600.0,71.0,False,12909,354,8,-6
default_mode_cell_11_631427,default,mode_cell_11,631427,12909,354,135.0,3032,2989,a5ef70bc66f08b067cc69ccfd2ae1c8787b249a41d1926d119f34e0f2034a500,3.0,0.0,0.0,True,12909,354,0,0
default_mode_cell_12_631427,default,mode_cell_12,631427,13324,355,134.0,3032,2989,a5ef70bc66f08b067cc69ccfd2ae1c8787b249a41d1926d119f34e0f2034a500,3.2,1049.0,194.0,False,12909,354,415,1
default_mode_cell_13_631427,default,mode_cell_13,631427,12870,328,134.0,3032,2989,a5ef70bc66f08b067cc69ccfd2ae1c8787b249a41d1926d119f34e0f2034a500,2.9000000000000004,847.0,123.0,False,12909,354,-39,-26
default_mode_cell_14_631427,default,mode_cell_14,631427,12909,354,135.0,3032,2989,a5ef70bc66f08b067cc69ccfd2ae1c8787b249a41d1926d119f34e0f2034a500,3.0,0.0,0.0,True,12909,354,0,0
default_mode_cell_15_631427,default,mode_cell_15,631427,13063,348,134.0,3032,2989,a5ef70bc66f08b067cc69ccfd2ae1c8787b249a41d1926d119f34e0f2034a500,3.2,706.0,95.0,False,12909,354,154,-6
default_mode_cell_16_631427,default,mode_cell_16,631427,12909,354,135.0,3032,2989,a5ef70bc66f08b067cc69ccfd2ae1c8787b249a41d1926d119f34e0f2034a500,3.0,0.0,0.0,True,12909,354,0,0
default_mode_cell_17_631427,default,mode_cell_17,631427,13037,356,134.0,3032,2989,a5ef70bc66f08b067cc69ccfd2ae1c8787b249a41d1926d119f34e0f2034a500,3.2,736.0,105.0,False,12909,354,128,2
default_mode_cell_18_631427,default,mode_cell_18,631427,13161,342,134.0,3032,2989,a5ef70bc66f08b067cc69ccfd2ae1c8787b249a41d1926d119f34e0f2034a500,3.2,808.0,112.0,False,12909,354,252,-12
default_mode_cell_19_631427,default,mode_cell_19,631427,13331,354,134.0,3032,2989,a5ef70bc66f08b067cc69ccfd2ae1c8787b249a41d1926d119f34e0f2034a500,2.8,910.0,139.0,False,12909,354,422,0
default_mode_cell_20_631427,default,mode_cell_20,631427,13225,360,135.0,3032,2989,a5ef70bc66f08b067cc69ccfd2ae1c8787b249a41d1926d119f34e0f2034a500,3.1000000000000005,782.0,114.0,False,12909,354,316,6
default_mode_cell_21_631427,default,mode_cell_21,631427,12909,354,135.0,3032,2989,a5ef70bc66f08b067cc69ccfd2ae1c8787b249a41d1926d119f34e0f2034a500,3.0,0.0,0.0,True,12909,354,0,0
default_mode_cell_22_631427,default,mode_cell_22,631427,12909,354,135.0,3032,2989,a5ef70bc66f08b067cc69ccfd2ae1c8787b249a41d1926d119f34e0f2034a500,3.0,0.0,0.0,True,12909,354,0,0
default_mode_cell_23_631427,default,mode_cell_23,631427,12909,354,135.0,3032,2989,a5ef70bc66f08b067cc69ccfd2ae1c8787b249a41d1926d119f34e0f2034a500,3.0,0.0,0.0,True,12909,354,0,0
default_mode_cell_24_631427,default,mode_cell_24,631427,11902,305,134.0,3032,2989,a5ef70bc66f08b067cc69ccfd2ae1c8787b249a41d1926d119f34e0f2034a500,2.9000000000000004,1753.0,318.0,False,12909,354,-1007,-49
default_mode_cell_25_631427,default,mode_cell_25,631427,13564,364,134.0,3032,2989,a5ef70bc66f08b067cc69ccfd2ae1c8787b249a41d1926d119f34e0f2034a500,3.1000000000000005,939.0,145.0,False,12909,354,655,10
default_mode_cell_26_631427,default,mode_cell_26,631427,12909,354,135.0,3032,2989,a5ef70bc66f08b067cc69ccfd2ae1c8787b249a41d1926d119f34e0f2034a500,3.0,0.0,0.0,True,12909,354,0,0
default_mode_cell_27_631427,default,mode_cell_27,631427,12909,354,135.0,3032,2989,a5ef70bc66f08b067cc69ccfd2ae1c8787b249a41d1926d119f34e0f2034a500,3.0,0.0,0.0,True,12909,354,0,0
default_mode_cell_28_631427,default,mode_cell_28,631427,12909,354,135.0,3032,2989,a5ef70bc66f08b067cc69ccfd2ae1c8787b249a41d1926d119f34e0f2034a500,3.0,0.0,0.0,True,12909,354,0,0
default_mode_cell_29_631427,default,mode_cell_29,631427,12909,354,135.0,3032,2989,a5ef70bc66f08b067cc69ccfd2ae1c8787b249a41d1926d119f34e0f2034a500,3.0,0.0,0.0,True,12909,354,0,0
default_mode_cell_30_631427,default,mode_cell_30,631427,13750,356,134.0,3032,2989,a5ef70bc66f08b067cc69ccfd2ae1c8787b249a41d1926d119f34e0f2034a500,3.0,1069.0,147.0,False,12909,354,841,2
default_mode_cell_31_631427,default,mode_cell_31,631427,13266,363,134.0,3032,2989,a5ef70bc66f08b067cc69ccfd2ae1c8787b249a41d1926d119f34e0f2034a500,3.0,957.0,170.0,False,12909,354,357,9
default_mode_cell_32_631427,default,mode_cell_32,631427,13122,349,135.0,3032,2989,a5ef70bc66f08b067cc69ccfd2ae1c8787b249a41d1926d119f34e0f2034a500,3.2,743.0,103.0,False,12909,354,213,-5
default_mode_cell_33_631427,default,mode_cell_33,631427,12909,354,135.0,3032,2989,a5ef70bc66f08b067cc69ccfd2ae1c8787b249a41d1926d119f34e0f2034a500,3.0,0.0,0.0,True,12909,354,0,0
default_mode_cell_34_631427,default,mode_cell_34,631427,12909,354,135.0,3032,2989,a5ef70bc66f08b067cc69ccfd2ae1c8787b249a41d1926d119f34e0f2034a500,3.0,0.0,0.0,True,12909,354,0,0
default_mode_cell_35_631427,default,mode_cell_35,631427,12909,354,135.0,3032,2989,a5ef70bc66f08b067cc69ccfd2ae1c8787b249a41d1926d119f34e0f2034a500,3.0,0.0,0.0,True,12909,354,0,0
default_mode_cell_36_631427,default,mode_cell_36,631427,13014,348,134.0,3032,2989,a5ef70bc66f08b067cc69ccfd2ae1c8787b249a41d1926d119f34e0f2034a500,3.1000000000000005,625.0,68.0,False,12909,354,105,-6
default_mode_cell_37_631427,default,mode_cell_37,631427,12872,362,134.0,3032,2989,a5ef70bc66f08b067cc69ccfd2ae1c8787b249a41d1926d119f34e0f2034a500,3.2,593.0,77.0,False,12909,354,-37,8
default_mode_cell_38_631427,default,mode_cell_38,631427,13309,348,135.0,3032,2989,a5ef70bc66f08b067cc69ccfd2ae1c8787b249a41d1926d119f34e0f2034a500,3.1000000000000005,716.0,107.0,False,12909,354,400,-6
default_mode_cell_39_631427,default,mode_cell_39,631427,13498,351,134.0,3032,2989,a5ef70bc66f08b067cc69ccfd2ae1c8787b249a41d1926d119f34e0f2034a500,3.0,887.0,122.0,False,12909,354,589,-3
default_mode_cell_40_631427,default,mode_cell_40,631427,12962,361,134.0,3032,2989,a5ef70bc66f08b067cc69ccfd2ae1c8787b249a41d1926d119f34e0f2034a500,2.9000000000000004,597.0,83.0,False,12909,354,53,7
default_mode_cell_41_631427,default,mode_cell_41,631427,13487,348,134.0,3032,2989,a5ef70bc66f08b067cc69ccfd2ae1c8787b249a41d1926d119f34e0f2034a500,3.0,1244.0,208.0,False,12909,354,578,-6
default_mode_cell_42_631427,default,mode_cell_42,631427,12909,354,135.0,3032,2989,a5ef70bc66f08b067cc69ccfd2ae1c8787b249a41d1926d119f34e0f2034a500,3.0,0.0,0.0,True,12909,354,0,0
default_mode_cell_43_631427,default,mode_cell_43,631427,13263,368,134.0,3032,2989,a5ef70bc66f08b067cc69ccfd2ae1c8787b249a41d1926d119f34e0f2034a500,3.0,732.0,108.0,False,12909,354,354,14
default_mode_cell_44_631427,default,mode_cell_44,631427,12909,354,135.0,3032,2989,a5ef70bc66f08b067cc69ccfd2ae1c8787b249a41d1926d119f34e0f2034a500,3.0,0.0,0.0,True,12909,354,0,0
default_mode_cell_45_631427,default,mode_cell_45,631427,12909,354,135.0,3032,2989,a5ef70bc66f08b067cc69ccfd2ae1c8787b249a41d1926d119f34e0f2034a500,3.0,0.0,0.0,True,12909,354,0,0
default_mode_cell_46_631427,default,mode_cell_46,631427,12861,363,135.0,3032,2989,a5ef70bc66f08b067cc69ccfd2ae1c8787b249a41d1926d119f34e0f2034a500,3.1000000000000005,570.0,87.0,False,12909,354,-48,9
default_mode_cell_47_631427,default,mode_cell_47,631427,14263,346,197.0,3032,2989,a5ef70bc66f08b067cc69ccfd2ae1c8787b249a41d1926d119f34e0f2034a500,3.0,2050.0,306.0,False,12909,354,1354,-8
default_mode_cell_48_631427,default,mode_cell_48,631427,13146,343,135.0,3032,2989,a5ef70bc66f08b067cc69ccfd2ae1c8787b249a41d1926d119f34e0f2034a500,3.1000000000000005,701.0,100.0,False,12909,354,237,-11
default_mode_cell_49_631427,default,mode_cell_49,631427,12909,354,135.0,3032,2989,a5ef70bc66f08b067cc69ccfd2ae1c8787b249a41d1926d119f34e0f2034a500,3.0,0.0,0.0,True,12909,354,0,0
default_mode_631428,default,mode,631428,12739,285,204.0,3155,3107,6122183b8e1e90ae6da8ea292fcd7052b279cdd5a8099ada7c4e733edef92212,2.9000000000000004,4881.0,1089.0,False,13306,357,-567,-72
default_mode_without_mn9_631428,default,mode_without_mn9,631428,12481,265,203.0,3155,3107,6122183b8e1e90ae6da8ea292fcd7052b279cdd5a8099ada7c4e733edef92212,3.1000000000000005,4753.0,1077.0,False,13306,357,-825,-92
default_mn9_only_631428,default,mn9_only,631428,13412,355,137.0,3155,3107,6122183b8e1e90ae6da8ea292fcd7052b279cdd5a8099ada7c4e733edef92212,3.0,652.0,115.0,False,13306,357,106,-2
default_motor_003_631428,default,motor_003,631428,12350,347,137.0,3155,3107,6122183b8e1e90ae6da8ea292fcd7052b279cdd5a8099ada7c4e733edef92212,3.3,3094.0,537.0,False,13306,357,-956,-10
default_motor_004_631428,default,motor_004,631428,12109,370,137.0,3155,3107,6122183b8e1e90ae6da8ea292fcd7052b279cdd5a8099ada7c4e733edef92212,3.2,3171.0,522.0,False,13306,357,-1197,13
default_motor_005_631428,default,motor_005,631428,11907,353,138.0,3155,3107,6122183b8e1e90ae6da8ea292fcd7052b279cdd5a8099ada7c4e733edef92212,3.1000000000000005,3183.0,528.0,False,13306,357,-1399,-4
default_mode_cell_00_631428,default,mode_cell_00,631428,12040,339,138.0,3155,3107,6122183b8e1e90ae6da8ea292fcd7052b279cdd5a8099ada7c4e733edef92212,3.1000000000000005,1872.0,364.0,False,13306,357,-1266,-18
default_mode_cell_01_631428,default,mode_cell_01,631428,13306,357,138.0,3155,3107,6122183b8e1e90ae6da8ea292fcd7052b279cdd5a8099ada7c4e733edef92212,3.0,0.0,0.0,True,13306,357,0,0
default_mode_cell_02_631428,default,mode_cell_02,631428,13306,357,138.0,3155,3107,6122183b8e1e90ae6da8ea292fcd7052b279cdd5a8099ada7c4e733edef92212,3.0,0.0,0.0,True,13306,357,0,0
default_mode_cell_03_631428,default,mode_cell_03,631428,13055,352,138.0,3155,3107,6122183b8e1e90ae6da8ea292fcd7052b279cdd5a8099ada7c4e733edef92212,2.9000000000000004,817.0,109.0,False,13306,357,-251,-5
default_mode_cell_04_631428,default,mode_cell_04,631428,13306,357,138.0,3155,3107,6122183b8e1e90ae6da8ea292fcd7052b279cdd5a8099ada7c4e733edef92212,3.0,0.0,0.0,True,13306,357,0,0
default_mode_cell_05_631428,default,mode_cell_05,631428,13306,357,138.0,3155,3107,6122183b8e1e90ae6da8ea292fcd7052b279cdd5a8099ada7c4e733edef92212,3.0,0.0,0.0,True,13306,357,0,0
default_mode_cell_06_631428,default,mode_cell_06,631428,13916,361,137.0,3155,3107,6122183b8e1e90ae6da8ea292fcd7052b279cdd5a8099ada7c4e733edef92212,3.1000000000000005,874.0,141.0,False,13306,357,610,4
default_mode_cell_07_631428,default,mode_cell_07,631428,15300,373,137.0,3155,3107,6122183b8e1e90ae6da8ea292fcd7052b279cdd5a8099ada7c4e733edef92212,3.1000000000000005,2384.0,396.0,False,13306,357,1994,16
default_mode_cell_08_631428,default,mode_cell_08,631428,12962,325,137.0,3155,3107,6122183b8e1e90ae6da8ea292fcd7052b279cdd5a8099ada7c4e733edef92212,3.0,1072.0,197.0,False,13306,357,-344,-32
default_mode_cell_09_631428,default,mode_cell_09,631428,13306,357,138.0,3155,3107,6122183b8e1e90ae6da8ea292fcd7052b279cdd5a8099ada7c4e733edef92212,3.0,0.0,0.0,True,13306,357,0,0
default_mode_cell_10_631428,default,mode_cell_10,631428,13211,364,138.0,3155,3107,6122183b8e1e90ae6da8ea292fcd7052b279cdd5a8099ada7c4e733edef92212,3.1000000000000005,595.0,73.0,False,13306,357,-95,7
default_mode_cell_11_631428,default,mode_cell_11,631428,13306,357,138.0,3155,3107,6122183b8e1e90ae6da8ea292fcd7052b279cdd5a8099ada7c4e733edef92212,3.0,0.0,0.0,True,13306,357,0,0
default_mode_cell_12_631428,default,mode_cell_12,631428,13730,346,137.0,3155,3107,6122183b8e1e90ae6da8ea292fcd7052b279cdd5a8099ada7c4e733edef92212,2.9000000000000004,876.0,160.0,False,13306,357,424,-11
default_mode_cell_13_631428,default,mode_cell_13,631428,13158,331,137.0,3155,3107,6122183b8e1e90ae6da8ea292fcd7052b279cdd5a8099ada7c4e733edef92212,2.9000000000000004,970.0,161.0,False,13306,357,-148,-26
default_mode_cell_14_631428,default,mode_cell_14,631428,13306,357,138.0,3155,3107,6122183b8e1e90ae6da8ea292fcd7052b279cdd5a8099ada7c4e733edef92212,3.0,0.0,0.0,True,13306,357,0,0
default_mode_cell_15_631428,default,mode_cell_15,631428,13686,369,137.0,3155,3107,6122183b8e1e90ae6da8ea292fcd7052b279cdd5a8099ada7c4e733edef92212,2.9000000000000004,878.0,144.0,False,13306,357,380,12
default_mode_cell_16_631428,default,mode_cell_16,631428,13306,357,138.0,3155,3107,6122183b8e1e90ae6da8ea292fcd7052b279cdd5a8099ada7c4e733edef92212,3.0,0.0,0.0,True,13306,357,0,0
default_mode_cell_17_631428,default,mode_cell_17,631428,13964,366,137.0,3155,3107,6122183b8e1e90ae6da8ea292fcd7052b279cdd5a8099ada7c4e733edef92212,3.0,1060.0,151.0,False,13306,357,658,9
default_mode_cell_18_631428,default,mode_cell_18,631428,13604,355,137.0,3155,3107,6122183b8e1e90ae6da8ea292fcd7052b279cdd5a8099ada7c4e733edef92212,2.9000000000000004,900.0,158.0,False,13306,357,298,-2
default_mode_cell_19_631428,default,mode_cell_19,631428,14230,366,138.0,3155,3107,6122183b8e1e90ae6da8ea292fcd7052b279cdd5a8099ada7c4e733edef92212,2.9000000000000004,1356.0,206.0,False,13306,357,924,9
default_mode_cell_20_631428,default,mode_cell_20,631428,13886,351,138.0,3155,3107,6122183b8e1e90ae6da8ea292fcd7052b279cdd5a8099ada7c4e733edef92212,2.9000000000000004,938.0,100.0,False,13306,357,580,-6
default_mode_cell_21_631428,default,mode_cell_21,631428,13306,357,138.0,3155,3107,6122183b8e1e90ae6da8ea292fcd7052b279cdd5a8099ada7c4e733edef92212,3.0,0.0,0.0,True,13306,357,0,0
default_mode_cell_22_631428,default,mode_cell_22,631428,13306,357,138.0,3155,3107,6122183b8e1e90ae6da8ea292fcd7052b279cdd5a8099ada7c4e733edef92212,3.0,0.0,0.0,True,13306,357,0,0
default_mode_cell_23_631428,default,mode_cell_23,631428,13306,357,138.0,3155,3107,6122183b8e1e90ae6da8ea292fcd7052b279cdd5a8099ada7c4e733edef92212,3.0,0.0,0.0,True,13306,357,0,0
default_mode_cell_24_631428,default,mode_cell_24,631428,12367,314,137.0,3155,3107,6122183b8e1e90ae6da8ea292fcd7052b279cdd5a8099ada7c4e733edef92212,3.1000000000000005,1701.0,318.0,False,13306,357,-939,-43
default_mode_cell_25_631428,default,mode_cell_25,631428,13825,363,138.0,3155,3107,6122183b8e1e90ae6da8ea292fcd7052b279cdd5a8099ada7c4e733edef92212,3.1000000000000005,889.0,150.0,False,13306,357,519,6
default_mode_cell_26_631428,default,mode_cell_26,631428,13306,357,138.0,3155,3107,6122183b8e1e90ae6da8ea292fcd7052b279cdd5a8099ada7c4e733edef92212,3.0,0.0,0.0,True,13306,357,0,0
default_mode_cell_27_631428,default,mode_cell_27,631428,13306,357,138.0,3155,3107,6122183b8e1e90ae6da8ea292fcd7052b279cdd5a8099ada7c4e733edef92212,3.0,0.0,0.0,True,13306,357,0,0
default_mode_cell_28_631428,default,mode_cell_28,631428,13306,357,138.0,3155,3107,6122183b8e1e90ae6da8ea292fcd7052b279cdd5a8099ada7c4e733edef92212,3.0,0.0,0.0,True,13306,357,0,0
default_mode_cell_29_631428,default,mode_cell_29,631428,13306,357,138.0,3155,3107,6122183b8e1e90ae6da8ea292fcd7052b279cdd5a8099ada7c4e733edef92212,3.0,0.0,0.0,True,13306,357,0,0
default_mode_cell_30_631428,default,mode_cell_30,631428,13654,353,137.0,3155,3107,6122183b8e1e90ae6da8ea292fcd7052b279cdd5a8099ada7c4e733edef92212,3.0,676.0,88.0,False,13306,357,348,-4
default_mode_cell_31_631428,default,mode_cell_31,631428,13617,366,137.0,3155,3107,6122183b8e1e90ae6da8ea292fcd7052b279cdd5a8099ada7c4e733edef92212,2.9000000000000004,781.0,125.0,False,13306,357,311,9
default_mode_cell_32_631428,default,mode_cell_32,631428,13107,355,137.0,3155,3107,6122183b8e1e90ae6da8ea292fcd7052b279cdd5a8099ada7c4e733edef92212,3.0,779.0,103.0,False,13306,357,-199,-2
default_mode_cell_33_631428,default,mode_cell_33,631428,13306,357,138.0,3155,3107,6122183b8e1e90ae6da8ea292fcd7052b279cdd5a8099ada7c4e733edef92212,3.0,0.0,0.0,True,13306,357,0,0
default_mode_cell_34_631428,default,mode_cell_34,631428,13306,357,138.0,3155,3107,6122183b8e1e90ae6da8ea292fcd7052b279cdd5a8099ada7c4e733edef92212,3.0,0.0,0.0,True,13306,357,0,0
default_mode_cell_35_631428,default,mode_cell_35,631428,13306,357,138.0,3155,3107,6122183b8e1e90ae6da8ea292fcd7052b279cdd5a8099ada7c4e733edef92212,3.0,0.0,0.0,True,13306,357,0,0
default_mode_cell_36_631428,default,mode_cell_36,631428,13954,369,137.0,3155,3107,6122183b8e1e90ae6da8ea292fcd7052b279cdd5a8099ada7c4e733edef92212,2.8,846.0,122.0,False,13306,357,648,12
default_mode_cell_37_631428,default,mode_cell_37,631428,13792,363,138.0,3155,3107,6122183b8e1e90ae6da8ea292fcd7052b279cdd5a8099ada7c4e733edef92212,3.1000000000000005,804.0,148.0,False,13306,357,486,6
default_mode_cell_38_631428,default,mode_cell_38,631428,13919,363,137.0,3155,3107,6122183b8e1e90ae6da8ea292fcd7052b279cdd5a8099ada7c4e733edef92212,2.8,991.0,156.0,False,13306,357,613,6
default_mode_cell_39_631428,default,mode_cell_39,631428,13935,359,137.0,3155,3107,6122183b8e1e90ae6da8ea292fcd7052b279cdd5a8099ada7c4e733edef92212,3.0,997.0,108.0,False,13306,357,629,2
default_mode_cell_40_631428,default,mode_cell_40,631428,13670,360,137.0,3155,3107,6122183b8e1e90ae6da8ea292fcd7052b279cdd5a8099ada7c4e733edef92212,3.0,828.0,127.0,False,13306,357,364,3
default_mode_cell_41_631428,default,mode_cell_41,631428,13570,354,138.0,3155,3107,6122183b8e1e90ae6da8ea292fcd7052b279cdd5a8099ada7c4e733edef92212,3.0,942.0,171.0,False,13306,357,264,-3
default_mode_cell_42_631428,default,mode_cell_42,631428,13306,357,138.0,3155,3107,6122183b8e1e90ae6da8ea292fcd7052b279cdd5a8099ada7c4e733edef92212,3.0,0.0,0.0,True,13306,357,0,0
default_mode_cell_43_631428,default,mode_cell_43,631428,13675,368,137.0,3155,3107,6122183b8e1e90ae6da8ea292fcd7052b279cdd5a8099ada7c4e733edef92212,3.0,707.0,119.0,False,13306,357,369,11
default_mode_cell_44_631428,default,mode_cell_44,631428,13306,357,138.0,3155,3107,6122183b8e1e90ae6da8ea292fcd7052b279cdd5a8099ada7c4e733edef92212,3.0,0.0,0.0,True,13306,357,0,0
default_mode_cell_45_631428,default,mode_cell_45,631428,13306,357,138.0,3155,3107,6122183b8e1e90ae6da8ea292fcd7052b279cdd5a8099ada7c4e733edef92212,3.0,0.0,0.0,True,13306,357,0,0
default_mode_cell_46_631428,default,mode_cell_46,631428,13865,367,138.0,3155,3107,6122183b8e1e90ae6da8ea292fcd7052b279cdd5a8099ada7c4e733edef92212,3.0,925.0,137.0,False,13306,357,559,10
default_mode_cell_47_631428,default,mode_cell_47,631428,15117,368,201.0,3155,3107,6122183b8e1e90ae6da8ea292fcd7052b279cdd5a8099ada7c4e733edef92212,2.9000000000000004,2169.0,299.0,False,13306,357,1811,11
default_mode_cell_48_631428,default,mode_cell_48,631428,13676,351,138.0,3155,3107,6122183b8e1e90ae6da8ea292fcd7052b279cdd5a8099ada7c4e733edef92212,3.1000000000000005,706.0,100.0,False,13306,357,370,-6
default_mode_cell_49_631428,default,mode_cell_49,631428,13306,357,138.0,3155,3107,6122183b8e1e90ae6da8ea292fcd7052b279cdd5a8099ada7c4e733edef92212,3.0,0.0,0.0,True,13306,357,0,0
default_mode_631429,default,mode,631429,12532,270,202.0,3149,3103,8e949af61b96f2ea5996e68015b4de8ada41ae02902578e106bf1e865535951c,2.8,5044.0,1134.0,False,13794,360,-1262,-90
default_mode_without_mn9_631429,default,mode_without_mn9,631429,12543,275,202.0,3149,3103,8e949af61b96f2ea5996e68015b4de8ada41ae02902578e106bf1e865535951c,3.1000000000000005,4991.0,1123.0,False,13794,360,-1251,-85
default_mn9_only_631429,default,mn9_only,631429,13561,350,136.0,3149,3103,8e949af61b96f2ea5996e68015b4de8ada41ae02902578e106bf1e865535951c,2.7,671.0,85.0,False,13794,360,-233,-10
default_motor_003_631429,default,motor_003,631429,12414,341,136.0,3149,3103,8e949af61b96f2ea5996e68015b4de8ada41ae02902578e106bf1e865535951c,3.3,3268.0,507.0,False,13794,360,-1380,-19
default_motor_004_631429,default,motor_004,631429,12373,361,137.0,3149,3103,8e949af61b96f2ea5996e68015b4de8ada41ae02902578e106bf1e865535951c,3.2,3293.0,509.0,False,13794,360,-1421,1
default_motor_005_631429,default,motor_005,631429,12628,358,137.0,3149,3103,8e949af61b96f2ea5996e68015b4de8ada41ae02902578e106bf1e865535951c,3.2,3334.0,501.0,False,13794,360,-1166,-2
default_mode_cell_00_631429,default,mode_cell_00,631429,12398,343,137.0,3149,3103,8e949af61b96f2ea5996e68015b4de8ada41ae02902578e106bf1e865535951c,3.0,1922.0,347.0,False,13794,360,-1396,-17
default_mode_cell_01_631429,default,mode_cell_01,631429,13794,360,137.0,3149,3103,8e949af61b96f2ea5996e68015b4de8ada41ae02902578e106bf1e865535951c,3.0,0.0,0.0,True,13794,360,0,0
default_mode_cell_02_631429,default,mode_cell_02,631429,13794,360,137.0,3149,3103,8e949af61b96f2ea5996e68015b4de8ada41ae02902578e106bf1e865535951c,3.0,0.0,0.0,True,13794,360,0,0
default_mode_cell_03_631429,default,mode_cell_03,631429,13598,351,137.0,3149,3103,8e949af61b96f2ea5996e68015b4de8ada41ae02902578e106bf1e865535951c,3.0,646.0,58.0,False,13794,360,-196,-9
default_mode_cell_04_631429,default,mode_cell_04,631429,13794,360,137.0,3149,3103,8e949af61b96f2ea5996e68015b4de8ada41ae02902578e106bf1e865535951c,3.0,0.0,0.0,True,13794,360,0,0
default_mode_cell_05_631429,default,mode_cell_05,631429,13794,360,137.0,3149,3103,8e949af61b96f2ea5996e68015b4de8ada41ae02902578e106bf1e865535951c,3.0,0.0,0.0,True,13794,360,0,0
default_mode_cell_06_631429,default,mode_cell_06,631429,13340,342,138.0,3149,3103,8e949af61b96f2ea5996e68015b4de8ada41ae02902578e106bf1e865535951c,3.0,726.0,84.0,False,13794,360,-454,-18
default_mode_cell_07_631429,default,mode_cell_07,631429,15727,371,137.0,3149,3103,8e949af61b96f2ea5996e68015b4de8ada41ae02902578e106bf1e865535951c,3.1000000000000005,2485.0,443.0,False,13794,360,1933,11
default_mode_cell_08_631429,default,mode_cell_08,631429,12891,329,136.0,3149,3103,8e949af61b96f2ea5996e68015b4de8ada41ae02902578e106bf1e865535951c,3.1000000000000005,1317.0,181.0,False,13794,360,-903,-31
default_mode_cell_09_631429,default,mode_cell_09,631429,13794,360,137.0,3149,3103,8e949af61b96f2ea5996e68015b4de8ada41ae02902578e106bf1e865535951c,3.0,0.0,0.0,True,13794,360,0,0
default_mode_cell_10_631429,default,mode_cell_10,631429,13486,360,137.0,3149,3102,8e949af61b96f2ea5996e68015b4de8ada41ae02902578e106bf1e865535951c,2.9000000000000004,708.0,65.0,False,13794,360,-308,0
default_mode_cell_11_631429,default,mode_cell_11,631429,13794,360,137.0,3149,3103,8e949af61b96f2ea5996e68015b4de8ada41ae02902578e106bf1e865535951c,3.0,0.0,0.0,True,13794,360,0,0
default_mode_cell_12_631429,default,mode_cell_12,631429,13527,349,135.0,3149,3103,8e949af61b96f2ea5996e68015b4de8ada41ae02902578e106bf1e865535951c,2.9000000000000004,785.0,128.0,False,13794,360,-267,-11
default_mode_cell_13_631429,default,mode_cell_13,631429,13039,339,137.0,3149,3103,8e949af61b96f2ea5996e68015b4de8ada41ae02902578e106bf1e865535951c,3.0,997.0,123.0,False,13794,360,-755,-21
default_mode_cell_14_631429,default,mode_cell_14,631429,13794,360,137.0,3149,3103,8e949af61b96f2ea5996e68015b4de8ada41ae02902578e106bf1e865535951c,3.0,0.0,0.0,True,13794,360,0,0
default_mode_cell_15_631429,default,mode_cell_15,631429,13678,358,137.0,3149,3103,8e949af61b96f2ea5996e68015b4de8ada41ae02902578e106bf1e865535951c,3.0,870.0,134.0,False,13794,360,-116,-2
default_mode_cell_16_631429,default,mode_cell_16,631429,13794,360,137.0,3149,3103,8e949af61b96f2ea5996e68015b4de8ada41ae02902578e106bf1e865535951c,3.0,0.0,0.0,True,13794,360,0,0
default_mode_cell_17_631429,default,mode_cell_17,631429,13608,365,137.0,3149,3103,8e949af61b96f2ea5996e68015b4de8ada41ae02902578e106bf1e865535951c,3.0,802.0,124.0,False,13794,360,-186,5
default_mode_cell_18_631429,default,mode_cell_18,631429,13191,352,137.0,3149,3102,8e949af61b96f2ea5996e68015b4de8ada41ae02902578e106bf1e865535951c,3.0,985.0,144.0,False,13794,360,-603,-8
default_mode_cell_19_631429,default,mode_cell_19,631429,13873,351,137.0,3149,3103,8e949af61b96f2ea5996e68015b4de8ada41ae02902578e106bf1e865535951c,2.9000000000000004,1059.0,152.0,False,13794,360,79,-9
default_mode_cell_20_631429,default,mode_cell_20,631429,13593,360,137.0,3149,3103,8e949af61b96f2ea5996e68015b4de8ada41ae02902578e106bf1e865535951c,3.0,663.0,82.0,False,13794,360,-201,0
default_mode_cell_21_631429,default,mode_cell_21,631429,13794,360,137.0,3149,3103,8e949af61b96f2ea5996e68015b4de8ada41ae02902578e106bf1e865535951c,3.0,0.0,0.0,True,13794,360,0,0
default_mode_cell_22_631429,default,mode_cell_22,631429,13794,360,137.0,3149,3103,8e949af61b96f2ea5996e68015b4de8ada41ae02902578e106bf1e865535951c,3.0,0.0,0.0,True,13794,360,0,0
default_mode_cell_23_631429,default,mode_cell_23,631429,13794,360,137.0,3149,3103,8e949af61b96f2ea5996e68015b4de8ada41ae02902578e106bf1e865535951c,3.0,0.0,0.0,True,13794,360,0,0
default_mode_cell_24_631429,default,mode_cell_24,631429,12082,317,137.0,3149,3103,8e949af61b96f2ea5996e68015b4de8ada41ae02902578e106bf1e865535951c,3.1000000000000005,2108.0,386.0,False,13794,360,-1712,-43
default_mode_cell_25_631429,default,mode_cell_25,631429,13685,345,137.0,3149,3103,8e949af61b96f2ea5996e68015b4de8ada41ae02902578e106bf1e865535951c,3.0,635.0,60.0,False,13794,360,-109,-15
default_mode_cell_26_631429,default,mode_cell_26,631429,13794,360,137.0,3149,3103,8e949af61b96f2ea5996e68015b4de8ada41ae02902578e106bf1e865535951c,3.0,0.0,0.0,True,13794,360,0,0
default_mode_cell_27_631429,default,mode_cell_27,631429,13794,360,137.0,3149,3103,8e949af61b96f2ea5996e68015b4de8ada41ae02902578e106bf1e865535951c,3.0,0.0,0.0,True,13794,360,0,0
default_mode_cell_28_631429,default,mode_cell_28,631429,13794,360,137.0,3149,3103,8e949af61b96f2ea5996e68015b4de8ada41ae02902578e106bf1e865535951c,3.0,0.0,0.0,True,13794,360,0,0
default_mode_cell_29_631429,default,mode_cell_29,631429,13794,360,137.0,3149,3103,8e949af61b96f2ea5996e68015b4de8ada41ae02902578e106bf1e865535951c,3.0,0.0,0.0,True,13794,360,0,0
default_mode_cell_30_631429,default,mode_cell_30,631429,13903,355,137.0,3149,3103,8e949af61b96f2ea5996e68015b4de8ada41ae02902578e106bf1e865535951c,2.8,833.0,95.0,False,13794,360,109,-5
default_mode_cell_31_631429,default,mode_cell_31,631429,13438,366,137.0,3149,3103,8e949af61b96f2ea5996e68015b4de8ada41ae02902578e106bf1e865535951c,3.2,720.0,79.0,False,13794,360,-356,6
default_mode_cell_32_631429,default,mode_cell_32,631429,13290,349,136.0,3149,3103,8e949af61b96f2ea5996e68015b4de8ada41ae02902578e106bf1e865535951c,3.2,860.0,84.0,False,13794,360,-504,-11
default_mode_cell_33_631429,default,mode_cell_33,631429,13794,360,137.0,3149,3103,8e949af61b96f2ea5996e68015b4de8ada41ae02902578e106bf1e865535951c,3.0,0.0,0.0,True,13794,360,0,0
default_mode_cell_34_631429,default,mode_cell_34,631429,13794,360,137.0,3149,3103,8e949af61b96f2ea5996e68015b4de8ada41ae02902578e106bf1e865535951c,3.0,0.0,0.0,True,13794,360,0,0
default_mode_cell_35_631429,default,mode_cell_35,631429,13794,360,137.0,3149,3103,8e949af61b96f2ea5996e68015b4de8ada41ae02902578e106bf1e865535951c,3.0,0.0,0.0,True,13794,360,0,0
default_mode_cell_36_631429,default,mode_cell_36,631429,13687,352,138.0,3149,3103,8e949af61b96f2ea5996e68015b4de8ada41ae02902578e106bf1e865535951c,3.2,765.0,93.0,False,13794,360,-107,-8
default_mode_cell_37_631429,default,mode_cell_37,631429,13571,370,136.0,3149,3102,8e949af61b96f2ea5996e68015b4de8ada41ae02902578e106bf1e865535951c,3.0,815.0,143.0,False,13794,360,-223,10
default_mode_cell_38_631429,default,mode_cell_38,631429,13516,359,135.0,3149,3103,8e949af61b96f2ea5996e68015b4de8ada41ae02902578e106bf1e865535951c,3.1000000000000005,664.0,66.0,False,13794,360,-278,-1
default_mode_cell_39_631429,default,mode_cell_39,631429,13474,360,137.0,3149,3103,8e949af61b96f2ea5996e68015b4de8ada41ae02902578e106bf1e865535951c,3.0,778.0,79.0,False,13794,360,-320,0
default_mode_cell_40_631429,default,mode_cell_40,631429,13922,357,137.0,3149,3103,8e949af61b96f2ea5996e68015b4de8ada41ae02902578e106bf1e865535951c,3.0,610.0,69.0,False,13794,360,128,-3
default_mode_cell_41_631429,default,mode_cell_41,631429,13216,343,137.0,3149,3102,8e949af61b96f2ea5996e68015b4de8ada41ae02902578e106bf1e865535951c,3.2,1064.0,161.0,False,13794,360,-578,-17
default_mode_cell_42_631429,default,mode_cell_42,631429,13794,360,137.0,3149,3103,8e949af61b96f2ea5996e68015b4de8ada41ae02902578e106bf1e865535951c,3.0,0.0,0.0,True,13794,360,0,0
default_mode_cell_43_631429,default,mode_cell_43,631429,13412,351,136.0,3149,3103,8e949af61b96f2ea5996e68015b4de8ada41ae02902578e106bf1e865535951c,2.9000000000000004,790.0,126.0,False,13794,360,-382,-9
default_mode_cell_44_631429,default,mode_cell_44,631429,13794,360,137.0,3149,3103,8e949af61b96f2ea5996e68015b4de8ada41ae02902578e106bf1e865535951c,3.0,0.0,0.0,True,13794,360,0,0
default_mode_cell_45_631429,default,mode_cell_45,631429,13794,360,137.0,3149,3103,8e949af61b96f2ea5996e68015b4de8ada41ae02902578e106bf1e865535951c,3.0,0.0,0.0,True,13794,360,0,0
default_mode_cell_46_631429,default,mode_cell_46,631429,13306,348,137.0,3149,3103,8e949af61b96f2ea5996e68015b4de8ada41ae02902578e106bf1e865535951c,3.0,800.0,96.0,False,13794,360,-488,-12
default_mode_cell_47_631429,default,mode_cell_47,631429,15477,363,202.0,3149,3103,8e949af61b96f2ea5996e68015b4de8ada41ae02902578e106bf1e865535951c,2.9000000000000004,2189.0,280.0,False,13794,360,1683,3
default_mode_cell_48_631429,default,mode_cell_48,631429,13552,364,136.0,3149,3103,8e949af61b96f2ea5996e68015b4de8ada41ae02902578e106bf1e865535951c,2.9000000000000004,690.0,72.0,False,13794,360,-242,4
default_mode_cell_49_631429,default,mode_cell_49,631429,13794,360,137.0,3149,3103,8e949af61b96f2ea5996e68015b4de8ada41ae02902578e106bf1e865535951c,3.0,0.0,0.0,True,13794,360,0,0
default_mode_631430,default,mode,631430,12712,276,198.0,3220,3165,6d4b9a8c6cba3759dc3c6d9e22a48da5044e475e4de4f738cd99fc52ab3370a3,2.9000000000000004,5293.0,1205.0,False,13925,362,-1213,-86
default_mode_without_mn9_631430,default,mode_without_mn9,631430,12846,273,200.0,3220,3165,6d4b9a8c6cba3759dc3c6d9e22a48da5044e475e4de4f738cd99fc52ab3370a3,2.9000000000000004,5197.0,1186.0,False,13925,362,-1079,-89
default_mn9_only_631430,default,mn9_only,631430,13898,350,140.0,3220,3165,6d4b9a8c6cba3759dc3c6d9e22a48da5044e475e4de4f738cd99fc52ab3370a3,3.0,625.0,67.0,False,13925,362,-27,-12
default_motor_003_631430,default,motor_003,631430,12249,348,140.0,3220,3165,6d4b9a8c6cba3759dc3c6d9e22a48da5044e475e4de4f738cd99fc52ab3370a3,3.3,3310.0,555.0,False,13925,362,-1676,-14
default_motor_004_631430,default,motor_004,631430,12745,364,140.0,3220,3165,6d4b9a8c6cba3759dc3c6d9e22a48da5044e475e4de4f738cd99fc52ab3370a3,3.1000000000000005,3308.0,539.0,False,13925,362,-1180,2
default_motor_005_631430,default,motor_005,631430,12596,352,140.0,3220,3165,6d4b9a8c6cba3759dc3c6d9e22a48da5044e475e4de4f738cd99fc52ab3370a3,3.4000000000000004,3427.0,578.0,False,13925,362,-1329,-10
default_mode_cell_00_631430,default,mode_cell_00,631430,12108,362,140.0,3220,3165,6d4b9a8c6cba3759dc3c6d9e22a48da5044e475e4de4f738cd99fc52ab3370a3,3.1000000000000005,2317.0,453.0,False,13925,362,-1817,0
default_mode_cell_01_631430,default,mode_cell_01,631430,13925,362,140.0,3220,3165,6d4b9a8c6cba3759dc3c6d9e22a48da5044e475e4de4f738cd99fc52ab3370a3,3.0,0.0,0.0,True,13925,362,0,0
default_mode_cell_02_631430,default,mode_cell_02,631430,13925,362,140.0,3220,3165,6d4b9a8c6cba3759dc3c6d9e22a48da5044e475e4de4f738cd99fc52ab3370a3,3.0,0.0,0.0,True,13925,362,0,0
default_mode_cell_03_631430,default,mode_cell_03,631430,14046,356,140.0,3220,3165,6d4b9a8c6cba3759dc3c6d9e22a48da5044e475e4de4f738cd99fc52ab3370a3,2.9000000000000004,739.0,79.0,False,13925,362,121,-6
default_mode_cell_04_631430,default,mode_cell_04,631430,13925,362,140.0,3220,3165,6d4b9a8c6cba3759dc3c6d9e22a48da5044e475e4de4f738cd99fc52ab3370a3,3.0,0.0,0.0,True,13925,362,0,0
default_mode_cell_05_631430,default,mode_cell_05,631430,13925,362,140.0,3220,3165,6d4b9a8c6cba3759dc3c6d9e22a48da5044e475e4de4f738cd99fc52ab3370a3,3.0,0.0,0.0,True,13925,362,0,0
default_mode_cell_06_631430,default,mode_cell_06,631430,13497,351,140.0,3220,3165,6d4b9a8c6cba3759dc3c6d9e22a48da5044e475e4de4f738cd99fc52ab3370a3,3.0,746.0,106.0,False,13925,362,-428,-11
default_mode_cell_07_631430,default,mode_cell_07,631430,16337,374,140.0,3220,3165,6d4b9a8c6cba3759dc3c6d9e22a48da5044e475e4de4f738cd99fc52ab3370a3,3.0,2820.0,470.0,False,13925,362,2412,12
default_mode_cell_08_631430,default,mode_cell_08,631430,13464,347,140.0,3220,3165,6d4b9a8c6cba3759dc3c6d9e22a48da5044e475e4de4f738cd99fc52ab3370a3,2.9000000000000004,1245.0,238.0,False,13925,362,-461,-15
default_mode_cell_09_631430,default,mode_cell_09,631430,13925,362,140.0,3220,3165,6d4b9a8c6cba3759dc3c6d9e22a48da5044e475e4de4f738cd99fc52ab3370a3,3.0,0.0,0.0,True,13925,362,0,0
default_mode_cell_10_631430,default,mode_cell_10,631430,13973,349,140.0,3220,3165,6d4b9a8c6cba3759dc3c6d9e22a48da5044e475e4de4f738cd99fc52ab3370a3,2.8,572.0,77.0,False,13925,362,48,-13
default_mode_cell_11_631430,default,mode_cell_11,631430,13925,362,140.0,3220,3165,6d4b9a8c6cba3759dc3c6d9e22a48da5044e475e4de4f738cd99fc52ab3370a3,3.0,0.0,0.0,True,13925,362,0,0
default_mode_cell_12_631430,default,mode_cell_12,631430,13993,354,140.0,3220,3165,6d4b9a8c6cba3759dc3c6d9e22a48da5044e475e4de4f738cd99fc52ab3370a3,3.1000000000000005,798.0,122.0,False,13925,362,68,-8
default_mode_cell_13_631430,default,mode_cell_13,631430,13417,336,140.0,3220,3165,6d4b9a8c6cba3759dc3c6d9e22a48da5044e475e4de4f738cd99fc52ab3370a3,2.9000000000000004,1152.0,192.0,False,13925,362,-508,-26
default_mode_cell_14_631430,default,mode_cell_14,631430,13925,362,140.0,3220,3165,6d4b9a8c6cba3759dc3c6d9e22a48da5044e475e4de4f738cd99fc52ab3370a3,3.0,0.0,0.0,True,13925,362,0,0
default_mode_cell_15_631430,default,mode_cell_15,631430,14516,372,140.0,3220,3165,6d4b9a8c6cba3759dc3c6d9e22a48da5044e475e4de4f738cd99fc52ab3370a3,3.2,917.0,118.0,False,13925,362,591,10
default_mode_cell_16_631430,default,mode_cell_16,631430,13925,362,140.0,3220,3165,6d4b9a8c6cba3759dc3c6d9e22a48da5044e475e4de4f738cd99fc52ab3370a3,3.0,0.0,0.0,True,13925,362,0,0
default_mode_cell_17_631430,default,mode_cell_17,631430,13961,369,140.0,3220,3165,6d4b9a8c6cba3759dc3c6d9e22a48da5044e475e4de4f738cd99fc52ab3370a3,3.1000000000000005,866.0,134.0,False,13925,362,36,7
default_mode_cell_18_631430,default,mode_cell_18,631430,13713,346,140.0,3220,3165,6d4b9a8c6cba3759dc3c6d9e22a48da5044e475e4de4f738cd99fc52ab3370a3,3.0,762.0,114.0,False,13925,362,-212,-16
default_mode_cell_19_631430,default,mode_cell_19,631430,14047,359,140.0,3220,3165,6d4b9a8c6cba3759dc3c6d9e22a48da5044e475e4de4f738cd99fc52ab3370a3,3.0,930.0,130.0,False,13925,362,122,-3
default_mode_cell_20_631430,default,mode_cell_20,631430,14013,371,140.0,3220,3165,6d4b9a8c6cba3759dc3c6d9e22a48da5044e475e4de4f738cd99fc52ab3370a3,3.0,786.0,110.0,False,13925,362,88,9
default_mode_cell_21_631430,default,mode_cell_21,631430,13925,362,140.0,3220,3165,6d4b9a8c6cba3759dc3c6d9e22a48da5044e475e4de4f738cd99fc52ab3370a3,3.0,0.0,0.0,True,13925,362,0,0
default_mode_cell_22_631430,default,mode_cell_22,631430,13925,362,140.0,3220,3165,6d4b9a8c6cba3759dc3c6d9e22a48da5044e475e4de4f738cd99fc52ab3370a3,3.0,0.0,0.0,True,13925,362,0,0
default_mode_cell_23_631430,default,mode_cell_23,631430,13925,362,140.0,3220,3165,6d4b9a8c6cba3759dc3c6d9e22a48da5044e475e4de4f738cd99fc52ab3370a3,3.0,0.0,0.0,True,13925,362,0,0
default_mode_cell_24_631430,default,mode_cell_24,631430,12189,308,140.0,3220,3165,6d4b9a8c6cba3759dc3c6d9e22a48da5044e475e4de4f738cd99fc52ab3370a3,3.0,2176.0,387.0,False,13925,362,-1736,-54
default_mode_cell_25_631430,default,mode_cell_25,631430,13937,354,140.0,3220,3165,6d4b9a8c6cba3759dc3c6d9e22a48da5044e475e4de4f738cd99fc52ab3370a3,3.1000000000000005,606.0,83.0,False,13925,362,12,-8
default_mode_cell_26_631430,default,mode_cell_26,631430,13925,362,140.0,3220,3165,6d4b9a8c6cba3759dc3c6d9e22a48da5044e475e4de4f738cd99fc52ab3370a3,3.0,0.0,0.0,True,13925,362,0,0
default_mode_cell_27_631430,default,mode_cell_27,631430,13925,362,140.0,3220,3165,6d4b9a8c6cba3759dc3c6d9e22a48da5044e475e4de4f738cd99fc52ab3370a3,3.0,0.0,0.0,True,13925,362,0,0
default_mode_cell_28_631430,default,mode_cell_28,631430,13925,362,140.0,3220,3165,6d4b9a8c6cba3759dc3c6d9e22a48da5044e475e4de4f738cd99fc52ab3370a3,3.0,0.0,0.0,True,13925,362,0,0
default_mode_cell_29_631430,default,mode_cell_29,631430,13925,362,140.0,3220,3165,6d4b9a8c6cba3759dc3c6d9e22a48da5044e475e4de4f738cd99fc52ab3370a3,3.0,0.0,0.0,True,13925,362,0,0
default_mode_cell_30_631430,default,mode_cell_30,631430,13887,359,140.0,3220,3165,6d4b9a8c6cba3759dc3c6d9e22a48da5044e475e4de4f738cd99fc52ab3370a3,3.0,572.0,71.0,False,13925,362,-38,-3
default_mode_cell_31_631430,default,mode_cell_31,631430,13859,352,139.0,3220,3165,6d4b9a8c6cba3759dc3c6d9e22a48da5044e475e4de4f738cd99fc52ab3370a3,3.0,606.0,94.0,False,13925,362,-66,-10
default_mode_cell_32_631430,default,mode_cell_32,631430,14402,367,140.0,3220,3165,6d4b9a8c6cba3759dc3c6d9e22a48da5044e475e4de4f738cd99fc52ab3370a3,3.1000000000000005,873.0,121.0,False,13925,362,477,5
default_mode_cell_33_631430,default,mode_cell_33,631430,13925,362,140.0,3220,3165,6d4b9a8c6cba3759dc3c6d9e22a48da5044e475e4de4f738cd99fc52ab3370a3,3.0,0.0,0.0,True,13925,362,0,0
default_mode_cell_34_631430,default,mode_cell_34,631430,13925,362,140.0,3220,3165,6d4b9a8c6cba3759dc3c6d9e22a48da5044e475e4de4f738cd99fc52ab3370a3,3.0,0.0,0.0,True,13925,362,0,0
default_mode_cell_35_631430,default,mode_cell_35,631430,13925,362,140.0,3220,3165,6d4b9a8c6cba3759dc3c6d9e22a48da5044e475e4de4f738cd99fc52ab3370a3,3.0,0.0,0.0,True,13925,362,0,0
default_mode_cell_36_631430,default,mode_cell_36,631430,13940,363,140.0,3220,3165,6d4b9a8c6cba3759dc3c6d9e22a48da5044e475e4de4f738cd99fc52ab3370a3,3.0,247.0,38.0,False,13925,362,15,1
default_mode_cell_37_631430,default,mode_cell_37,631430,14097,392,140.0,3220,3165,6d4b9a8c6cba3759dc3c6d9e22a48da5044e475e4de4f738cd99fc52ab3370a3,2.9000000000000004,704.0,100.0,False,13925,362,172,30
default_mode_cell_38_631430,default,mode_cell_38,631430,14652,365,140.0,3220,3165,6d4b9a8c6cba3759dc3c6d9e22a48da5044e475e4de4f738cd99fc52ab3370a3,3.0,1137.0,141.0,False,13925,362,727,3
default_mode_cell_39_631430,default,mode_cell_39,631430,13444,351,140.0,3220,3165,6d4b9a8c6cba3759dc3c6d9e22a48da5044e475e4de4f738cd99fc52ab3370a3,3.0,795.0,152.0,False,13925,362,-481,-11
default_mode_cell_40_631430,default,mode_cell_40,631430,13967,356,140.0,3220,3165,6d4b9a8c6cba3759dc3c6d9e22a48da5044e475e4de4f738cd99fc52ab3370a3,3.0,638.0,84.0,False,13925,362,42,-6
default_mode_cell_41_631430,default,mode_cell_41,631430,14486,361,140.0,3220,3165,6d4b9a8c6cba3759dc3c6d9e22a48da5044e475e4de4f738cd99fc52ab3370a3,3.1000000000000005,1297.0,200.0,False,13925,362,561,-1
default_mode_cell_42_631430,default,mode_cell_42,631430,13925,362,140.0,3220,3165,6d4b9a8c6cba3759dc3c6d9e22a48da5044e475e4de4f738cd99fc52ab3370a3,3.0,0.0,0.0,True,13925,362,0,0
default_mode_cell_43_631430,default,mode_cell_43,631430,13663,349,140.0,3220,3165,6d4b9a8c6cba3759dc3c6d9e22a48da5044e475e4de4f738cd99fc52ab3370a3,3.1000000000000005,838.0,156.0,False,13925,362,-262,-13
default_mode_cell_44_631430,default,mode_cell_44,631430,13925,362,140.0,3220,3165,6d4b9a8c6cba3759dc3c6d9e22a48da5044e475e4de4f738cd99fc52ab3370a3,3.0,0.0,0.0,True,13925,362,0,0
default_mode_cell_45_631430,default,mode_cell_45,631430,13925,362,140.0,3220,3165,6d4b9a8c6cba3759dc3c6d9e22a48da5044e475e4de4f738cd99fc52ab3370a3,3.0,0.0,0.0,True,13925,362,0,0
default_mode_cell_46_631430,default,mode_cell_46,631430,14227,363,140.0,3220,3165,6d4b9a8c6cba3759dc3c6d9e22a48da5044e475e4de4f738cd99fc52ab3370a3,2.9000000000000004,574.0,67.0,False,13925,362,302,1
default_mode_cell_47_631430,default,mode_cell_47,631430,15676,358,203.0,3220,3165,6d4b9a8c6cba3759dc3c6d9e22a48da5044e475e4de4f738cd99fc52ab3370a3,2.9000000000000004,2315.0,319.0,False,13925,362,1751,-4
default_mode_cell_48_631430,default,mode_cell_48,631430,13988,364,140.0,3220,3165,6d4b9a8c6cba3759dc3c6d9e22a48da5044e475e4de4f738cd99fc52ab3370a3,3.0,683.0,110.0,False,13925,362,63,2
default_mode_cell_49_631430,default,mode_cell_49,631430,13925,362,140.0,3220,3165,6d4b9a8c6cba3759dc3c6d9e22a48da5044e475e4de4f738cd99fc52ab3370a3,3.0,0.0,0.0,True,13925,362,0,0
w100_i120_mode_631401,w100_i120,mode,631401,11060,230,194.0,3114,3070,947b874a1f0642db593a25db863d1d9fafa83f779c71426db44ca34f517f65b4,2.8,4456.0,1047.0,False,10954,320,106,-90
w100_i120_mode_without_mn9_631401,w100_i120,mode_without_mn9,631401,10749,230,181.0,3114,3070,947b874a1f0642db593a25db863d1d9fafa83f779c71426db44ca34f517f65b4,2.9000000000000004,4173.0,1012.0,False,10954,320,-205,-90
w100_i120_mn9_only_631401,w100_i120,mn9_only,631401,11243,312,137.0,3114,3070,947b874a1f0642db593a25db863d1d9fafa83f779c71426db44ca34f517f65b4,3.1000000000000005,681.0,114.0,False,10954,320,289,-8
w100_i120_motor_003_631401,w100_i120,motor_003,631401,9887,300,138.0,3114,3070,947b874a1f0642db593a25db863d1d9fafa83f779c71426db44ca34f517f65b4,3.3,2181.0,441.0,False,10954,320,-1067,-20
w100_i120_motor_004_631401,w100_i120,motor_004,631401,8990,288,138.0,3114,3070,947b874a1f0642db593a25db863d1d9fafa83f779c71426db44ca34f517f65b4,3.8,2700.0,574.0,False,10954,320,-1964,-32
w100_i120_motor_005_631401,w100_i120,motor_005,631401,9484,297,138.0,3114,3070,947b874a1f0642db593a25db863d1d9fafa83f779c71426db44ca34f517f65b4,3.9,2376.0,471.0,False,10954,320,-1470,-23
w100_i120_mode_631402,w100_i120,mode,631402,11487,242,194.0,3215,3170,68ec43809259fe87f64b275dd4e8d65eabc89f96fc2222a86e3b60ee2fe6c834,3.0,4349.0,1042.0,False,12020,339,-533,-97
w100_i120_mode_without_mn9_631402,w100_i120,mode_without_mn9,631402,11473,245,194.0,3215,3170,68ec43809259fe87f64b275dd4e8d65eabc89f96fc2222a86e3b60ee2fe6c834,2.9000000000000004,4335.0,1047.0,False,12020,339,-547,-94
w100_i120_mn9_only_631402,w100_i120,mn9_only,631402,11736,319,139.0,3215,3170,68ec43809259fe87f64b275dd4e8d65eabc89f96fc2222a86e3b60ee2fe6c834,3.3,568.0,63.0,False,12020,339,-284,-20
w100_i120_motor_003_631402,w100_i120,motor_003,631402,9747,292,139.0,3215,3170,68ec43809259fe87f64b275dd4e8d65eabc89f96fc2222a86e3b60ee2fe6c834,3.3,3169.0,625.0,False,12020,339,-2273,-47
w100_i120_motor_004_631402,w100_i120,motor_004,631402,10316,318,139.0,3215,3170,68ec43809259fe87f64b275dd4e8d65eabc89f96fc2222a86e3b60ee2fe6c834,3.2,2870.0,477.0,False,12020,339,-1704,-21
w100_i120_motor_005_631402,w100_i120,motor_005,631402,9617,312,138.0,3215,3170,68ec43809259fe87f64b275dd4e8d65eabc89f96fc2222a86e3b60ee2fe6c834,3.3,3353.0,642.0,False,12020,339,-2403,-27
w100_i120_mode_631403,w100_i120,mode,631403,11079,234,186.0,3125,3088,ce434629d3484ce495a73482e054fe33ac6fc25ee2b7c015d104242563100383,2.8,4570.0,1070.0,False,11209,313,-130,-79
w100_i120_mode_without_mn9_631403,w100_i120,mode_without_mn9,631403,10853,235,175.0,3125,3088,ce434629d3484ce495a73482e054fe33ac6fc25ee2b7c015d104242563100383,2.9000000000000004,4362.0,1037.0,False,11209,313,-356,-78
w100_i120_mn9_only_631403,w100_i120,mn9_only,631403,11217,319,135.0,3125,3088,ce434629d3484ce495a73482e054fe33ac6fc25ee2b7c015d104242563100383,3.2,824.0,141.0,False,11209,313,8,6
w100_i120_motor_003_631403,w100_i120,motor_003,631403,9710,299,135.0,3125,3088,ce434629d3484ce495a73482e054fe33ac6fc25ee2b7c015d104242563100383,3.2,2623.0,555.0,False,11209,313,-1499,-14
w100_i120_motor_004_631403,w100_i120,motor_004,631403,9390,286,135.0,3125,3088,ce434629d3484ce495a73482e054fe33ac6fc25ee2b7c015d104242563100383,3.3,2901.0,599.0,False,11209,313,-1819,-27
w100_i120_motor_005_631403,w100_i120,motor_005,631403,9625,285,136.0,3125,3088,ce434629d3484ce495a73482e054fe33ac6fc25ee2b7c015d104242563100383,3.7,2638.0,519.0,False,11209,313,-1584,-28
w100_i120_mode_631404,w100_i120,mode,631404,11239,234,197.0,3108,3050,f95218a1ea37745551ca6815bec1fc551432e6125112557ee79f6d520493e2fb,2.8,4306.0,989.0,False,11189,327,50,-93
w100_i120_mode_without_mn9_631404,w100_i120,mode_without_mn9,631404,11198,247,190.0,3108,3050,f95218a1ea37745551ca6815bec1fc551432e6125112557ee79f6d520493e2fb,3.0,4193.0,972.0,False,11189,327,9,-80
w100_i120_mn9_only_631404,w100_i120,mn9_only,631404,11206,321,136.0,3108,3050,f95218a1ea37745551ca6815bec1fc551432e6125112557ee79f6d520493e2fb,3.0,707.0,125.0,False,11189,327,17,-6
w100_i120_motor_003_631404,w100_i120,motor_003,631404,9639,304,137.0,3108,3049,f95218a1ea37745551ca6815bec1fc551432e6125112557ee79f6d520493e2fb,3.3,2738.0,544.0,False,11189,327,-1550,-23
w100_i120_motor_004_631404,w100_i120,motor_004,631404,9342,295,136.0,3108,3050,f95218a1ea37745551ca6815bec1fc551432e6125112557ee79f6d520493e2fb,3.5,2757.0,522.0,False,11189,327,-1847,-32
w100_i120_motor_005_631404,w100_i120,motor_005,631404,9550,302,135.0,3108,3050,f95218a1ea37745551ca6815bec1fc551432e6125112557ee79f6d520493e2fb,3.3,2655.0,502.0,False,11189,327,-1639,-25
w100_i120_mode_631405,w100_i120,mode,631405,11312,238,198.0,3129,3075,36e28093cf09c4bf4c1c02102fdc1b3f219da0d4b16c463306c0193d088d5804,3.0,4739.0,1066.0,False,11361,320,-49,-82
w100_i120_mode_without_mn9_631405,w100_i120,mode_without_mn9,631405,11127,234,198.0,3129,3075,36e28093cf09c4bf4c1c02102fdc1b3f219da0d4b16c463306c0193d088d5804,2.9000000000000004,4496.0,1056.0,False,11361,320,-234,-86
w100_i120_mn9_only_631405,w100_i120,mn9_only,631405,11052,304,139.0,3129,3075,36e28093cf09c4bf4c1c02102fdc1b3f219da0d4b16c463306c0193d088d5804,3.0,665.0,102.0,False,11361,320,-309,-16
w100_i120_motor_003_631405,w100_i120,motor_003,631405,9738,301,139.0,3129,3075,36e28093cf09c4bf4c1c02102fdc1b3f219da0d4b16c463306c0193d088d5804,3.2,2623.0,544.0,False,11361,320,-1623,-19
w100_i120_motor_004_631405,w100_i120,motor_004,631405,9904,298,141.0,3129,3075,36e28093cf09c4bf4c1c02102fdc1b3f219da0d4b16c463306c0193d088d5804,3.5,2703.0,536.0,False,11361,320,-1457,-22
w100_i120_motor_005_631405,w100_i120,motor_005,631405,9535,289,141.0,3129,3075,36e28093cf09c4bf4c1c02102fdc1b3f219da0d4b16c463306c0193d088d5804,3.6000000000000005,2834.0,565.0,False,11361,320,-1826,-31
w100_i120_mode_631406,w100_i120,mode,631406,11267,233,197.0,3140,3098,0863e7b24dfaae64071a8059c2628849bec7706d10bff82c1fb11d9bde965e8e,2.9000000000000004,4513.0,1053.0,False,10916,309,351,-76
w100_i120_mode_without_mn9_631406,w100_i120,mode_without_mn9,631406,10844,237,174.0,3140,3098,0863e7b24dfaae64071a8059c2628849bec7706d10bff82c1fb11d9bde965e8e,2.9000000000000004,4040.0,970.0,False,10916,309,-72,-72
w100_i120_mn9_only_631406,w100_i120,mn9_only,631406,11105,312,139.0,3140,3098,0863e7b24dfaae64071a8059c2628849bec7706d10bff82c1fb11d9bde965e8e,3.1000000000000005,831.0,120.0,False,10916,309,189,3
w100_i120_motor_003_631406,w100_i120,motor_003,631406,9445,302,139.0,3140,3098,0863e7b24dfaae64071a8059c2628849bec7706d10bff82c1fb11d9bde965e8e,3.1000000000000005,2597.0,560.0,False,10916,309,-1471,-7
w100_i120_motor_004_631406,w100_i120,motor_004,631406,9335,304,139.0,3140,3098,0863e7b24dfaae64071a8059c2628849bec7706d10bff82c1fb11d9bde965e8e,3.2,2545.0,543.0,False,10916,309,-1581,-5
w100_i120_motor_005_631406,w100_i120,motor_005,631406,9584,308,139.0,3140,3098,0863e7b24dfaae64071a8059c2628849bec7706d10bff82c1fb11d9bde965e8e,3.2,2448.0,508.0,False,10916,309,-1332,-1
w100_i120_mode_631407,w100_i120,mode,631407,11131,235,193.0,3078,3032,603c4b79b2112ccc7962759aca718cc6b7554ee1d572ac83aac65f335ad40c87,3.0,4322.0,1007.0,False,10891,303,240,-68
w100_i120_mode_without_mn9_631407,w100_i120,mode_without_mn9,631407,10868,241,185.0,3078,3032,603c4b79b2112ccc7962759aca718cc6b7554ee1d572ac83aac65f335ad40c87,3.0,4083.0,971.0,False,10891,303,-23,-62
w100_i120_mn9_only_631407,w100_i120,mn9_only,631407,11108,323,138.0,3078,3032,603c4b79b2112ccc7962759aca718cc6b7554ee1d572ac83aac65f335ad40c87,3.0,523.0,58.0,False,10891,303,217,20
w100_i120_motor_003_631407,w100_i120,motor_003,631407,9933,297,138.0,3078,3032,603c4b79b2112ccc7962759aca718cc6b7554ee1d572ac83aac65f335ad40c87,3.2,2410.0,454.0,False,10891,303,-958,-6
w100_i120_motor_004_631407,w100_i120,motor_004,631407,9829,303,139.0,3078,3032,603c4b79b2112ccc7962759aca718cc6b7554ee1d572ac83aac65f335ad40c87,3.6000000000000005,2464.0,447.0,False,10891,303,-1062,0
w100_i120_motor_005_631407,w100_i120,motor_005,631407,9819,328,139.0,3078,3032,603c4b79b2112ccc7962759aca718cc6b7554ee1d572ac83aac65f335ad40c87,3.5,2566.0,479.0,False,10891,303,-1072,25
w100_i120_mode_631408,w100_i120,mode,631408,11382,237,198.0,3174,3129,a110f03f41d329a5a4ff5a93990a26dc2328fbce2bc702db76f24d98fae3f09d,3.0,4398.0,1066.0,False,11694,336,-312,-99
w100_i120_mode_without_mn9_631408,w100_i120,mode_without_mn9,631408,11244,240,190.0,3174,3129,a110f03f41d329a5a4ff5a93990a26dc2328fbce2bc702db76f24d98fae3f09d,3.0,4290.0,1051.0,False,11694,336,-450,-96
w100_i120_mn9_only_631408,w100_i120,mn9_only,631408,11974,321,138.0,3174,3129,a110f03f41d329a5a4ff5a93990a26dc2328fbce2bc702db76f24d98fae3f09d,3.0,768.0,94.0,False,11694,336,280,-15
w100_i120_motor_003_631408,w100_i120,motor_003,631408,9861,304,138.0,3174,3129,a110f03f41d329a5a4ff5a93990a26dc2328fbce2bc702db76f24d98fae3f09d,3.8,3003.0,580.0,False,11694,336,-1833,-32
w100_i120_motor_004_631408,w100_i120,motor_004,631408,9876,292,138.0,3174,3129,a110f03f41d329a5a4ff5a93990a26dc2328fbce2bc702db76f24d98fae3f09d,3.6000000000000005,2956.0,521.0,False,11694,336,-1818,-44
w100_i120_motor_005_631408,w100_i120,motor_005,631408,9484,291,138.0,3174,3129,a110f03f41d329a5a4ff5a93990a26dc2328fbce2bc702db76f24d98fae3f09d,3.4000000000000004,3180.0,613.0,False,11694,336,-2210,-45
w100_i120_mode_631409,w100_i120,mode,631409,11337,247,194.0,3172,3119,458135437fed78e2cb995ecea989c1e7899b44fe7fb9ff633318a47c2a8515aa,3.1000000000000005,4678.0,1066.0,False,11081,328,256,-81
w100_i120_mode_without_mn9_631409,w100_i120,mode_without_mn9,631409,11337,247,194.0,3172,3119,458135437fed78e2cb995ecea989c1e7899b44fe7fb9ff633318a47c2a8515aa,3.1000000000000005,4678.0,1066.0,False,11081,328,256,-81
w100_i120_mn9_only_631409,w100_i120,mn9_only,631409,11225,304,139.0,3172,3119,458135437fed78e2cb995ecea989c1e7899b44fe7fb9ff633318a47c2a8515aa,3.0,542.0,87.0,False,11081,328,144,-24
w100_i120_motor_003_631409,w100_i120,motor_003,631409,10163,317,139.0,3172,3119,458135437fed78e2cb995ecea989c1e7899b44fe7fb9ff633318a47c2a8515aa,3.2,2378.0,506.0,False,11081,328,-918,-11
w100_i120_motor_004_631409,w100_i120,motor_004,631409,9432,285,138.0,3172,3119,458135437fed78e2cb995ecea989c1e7899b44fe7fb9ff633318a47c2a8515aa,3.8,2537.0,558.0,False,11081,328,-1649,-43
w100_i120_motor_005_631409,w100_i120,motor_005,631409,9701,290,139.0,3172,3119,458135437fed78e2cb995ecea989c1e7899b44fe7fb9ff633318a47c2a8515aa,3.5,2354.0,475.0,False,11081,328,-1380,-38
w100_i120_mode_631410,w100_i120,mode,631410,11264,238,196.0,3118,3072,561dbc154010d17b8c5d824d3dcbb379bbc8a4e8424cbff78bb956580dcd795f,3.0,4345.0,1056.0,False,11457,322,-193,-84
w100_i120_mode_without_mn9_631410,w100_i120,mode_without_mn9,631410,11182,242,189.0,3118,3072,561dbc154010d17b8c5d824d3dcbb379bbc8a4e8424cbff78bb956580dcd795f,3.0,4179.0,1011.0,False,11457,322,-275,-80
w100_i120_mn9_only_631410,w100_i120,mn9_only,631410,11142,316,137.0,3118,3072,561dbc154010d17b8c5d824d3dcbb379bbc8a4e8424cbff78bb956580dcd795f,2.9000000000000004,615.0,85.0,False,11457,322,-315,-6
w100_i120_motor_003_631410,w100_i120,motor_003,631410,9764,302,138.0,3118,3072,561dbc154010d17b8c5d824d3dcbb379bbc8a4e8424cbff78bb956580dcd795f,3.2,2767.0,543.0,False,11457,322,-1693,-20
w100_i120_motor_004_631410,w100_i120,motor_004,631410,9484,286,137.0,3118,3072,561dbc154010d17b8c5d824d3dcbb379bbc8a4e8424cbff78bb956580dcd795f,3.4000000000000004,3105.0,628.0,False,11457,322,-1973,-36
w100_i120_motor_005_631410,w100_i120,motor_005,631410,9419,274,137.0,3118,3072,561dbc154010d17b8c5d824d3dcbb379bbc8a4e8424cbff78bb956580dcd795f,3.2,2872.0,554.0,False,11457,322,-2038,-48
w100_i120_mode_631411,w100_i120,mode,631411,11628,252,195.0,3226,3176,22c7bbdba5b1f37cef84a66f763b43c863ac85629eb59bf6f9c0097493189b0b,3.0,4381.0,1064.0,False,12109,325,-481,-73
w100_i120_mode_without_mn9_631411,w100_i120,mode_without_mn9,631411,11472,249,187.0,3226,3176,22c7bbdba5b1f37cef84a66f763b43c863ac85629eb59bf6f9c0097493189b0b,2.8,4251.0,1055.0,False,12109,325,-637,-76
w100_i120_mn9_only_631411,w100_i120,mn9_only,631411,11736,329,139.0,3226,3176,22c7bbdba5b1f37cef84a66f763b43c863ac85629eb59bf6f9c0097493189b0b,3.1000000000000005,957.0,105.0,False,12109,325,-373,4
w100_i120_motor_003_631411,w100_i120,motor_003,631411,9711,295,139.0,3226,3176,22c7bbdba5b1f37cef84a66f763b43c863ac85629eb59bf6f9c0097493189b0b,3.3,3370.0,690.0,False,12109,325,-2398,-30
w100_i120_motor_004_631411,w100_i120,motor_004,631411,9963,295,139.0,3226,3176,22c7bbdba5b1f37cef84a66f763b43c863ac85629eb59bf6f9c0097493189b0b,3.3,3186.0,587.0,False,12109,325,-2146,-30
w100_i120_motor_005_631411,w100_i120,motor_005,631411,9990,305,139.0,3226,3176,22c7bbdba5b1f37cef84a66f763b43c863ac85629eb59bf6f9c0097493189b0b,3.2,3283.0,641.0,False,12109,325,-2119,-20
w100_i120_mode_631412,w100_i120,mode,631412,11464,235,195.0,3219,3155,8a950cbb70621f799e7b21b7adce161b71f800da95c71582ce42614881a76e54,3.0,4355.0,1033.0,False,11655,326,-191,-91
w100_i120_mode_without_mn9_631412,w100_i120,mode_without_mn9,631412,11464,235,195.0,3219,3155,8a950cbb70621f799e7b21b7adce161b71f800da95c71582ce42614881a76e54,3.0,4355.0,1033.0,False,11655,326,-191,-91
w100_i120_mn9_only_631412,w100_i120,mn9_only,631412,11193,332,139.0,3219,3155,8a950cbb70621f799e7b21b7adce161b71f800da95c71582ce42614881a76e54,3.2,832.0,112.0,False,11655,326,-462,6
w100_i120_motor_003_631412,w100_i120,motor_003,631412,9810,294,139.0,3219,3155,8a950cbb70621f799e7b21b7adce161b71f800da95c71582ce42614881a76e54,3.0,2831.0,562.0,False,11655,326,-1845,-32
w100_i120_motor_004_631412,w100_i120,motor_004,631412,9407,305,139.0,3219,3155,8a950cbb70621f799e7b21b7adce161b71f800da95c71582ce42614881a76e54,3.3,3132.0,645.0,False,11655,326,-2248,-21
w100_i120_motor_005_631412,w100_i120,motor_005,631412,9582,297,139.0,3219,3155,8a950cbb70621f799e7b21b7adce161b71f800da95c71582ce42614881a76e54,3.1000000000000005,3083.0,622.0,False,11655,326,-2073,-29
w100_i120_mode_631413,w100_i120,mode,631413,11491,253,190.0,3264,3210,7f2670b931c35e7aa1a4d1c0c682c0045b38f5d7a6131756b2a6f74759e70005,2.9000000000000004,4123.0,949.0,False,11418,324,73,-71
w100_i120_mode_without_mn9_631413,w100_i120,mode_without_mn9,631413,11594,250,199.0,3264,3210,7f2670b931c35e7aa1a4d1c0c682c0045b38f5d7a6131756b2a6f74759e70005,2.8,4350.0,1011.0,False,11418,324,176,-74
w100_i120_mn9_only_631413,w100_i120,mn9_only,631413,11452,336,139.0,3264,3210,7f2670b931c35e7aa1a4d1c0c682c0045b38f5d7a6131756b2a6f74759e70005,3.1000000000000005,660.0,90.0,False,11418,324,34,12
w100_i120_motor_003_631413,w100_i120,motor_003,631413,9986,293,140.0,3264,3210,7f2670b931c35e7aa1a4d1c0c682c0045b38f5d7a6131756b2a6f74759e70005,3.4000000000000004,2522.0,504.0,False,11418,324,-1432,-31
w100_i120_motor_004_631413,w100_i120,motor_004,631413,10369,313,139.0,3264,3210,7f2670b931c35e7aa1a4d1c0c682c0045b38f5d7a6131756b2a6f74759e70005,3.3,2361.0,450.0,False,11418,324,-1049,-11
w100_i120_motor_005_631413,w100_i120,motor_005,631413,10254,309,140.0,3264,3210,7f2670b931c35e7aa1a4d1c0c682c0045b38f5d7a6131756b2a6f74759e70005,2.9000000000000004,2452.0,474.0,False,11418,324,-1164,-15
w100_i120_mode_631414,w100_i120,mode,631414,11014,234,187.0,3060,3020,b05f750a0b66a38d43a6565df118f40419adfc2f82250bd2929914ad2812c2d3,3.0,4222.0,988.0,False,11380,335,-366,-101
w100_i120_mode_without_mn9_631414,w100_i120,mode_without_mn9,631414,11131,228,198.0,3060,3020,b05f750a0b66a38d43a6565df118f40419adfc2f82250bd2929914ad2812c2d3,3.0,4423.0,1033.0,False,11380,335,-249,-107
w100_i120_mn9_only_631414,w100_i120,mn9_only,631414,11616,314,136.0,3060,3020,b05f750a0b66a38d43a6565df118f40419adfc2f82250bd2929914ad2812c2d3,3.1000000000000005,868.0,122.0,False,11380,335,236,-21
w100_i120_motor_003_631414,w100_i120,motor_003,631414,9493,297,137.0,3060,3020,b05f750a0b66a38d43a6565df118f40419adfc2f82250bd2929914ad2812c2d3,3.3,2815.0,529.0,False,11380,335,-1887,-38
w100_i120_motor_004_631414,w100_i120,motor_004,631414,9611,307,137.0,3060,3020,b05f750a0b66a38d43a6565df118f40419adfc2f82250bd2929914ad2812c2d3,3.1000000000000005,2819.0,546.0,False,11380,335,-1769,-28
w100_i120_motor_005_631414,w100_i120,motor_005,631414,9128,299,136.0,3060,3020,b05f750a0b66a38d43a6565df118f40419adfc2f82250bd2929914ad2812c2d3,3.8,3068.0,653.0,False,11380,335,-2252,-36
w100_i120_mode_631415,w100_i120,mode,631415,11508,240,196.0,3233,3183,4fec2ec87e17ade5b340a00e2f95e714e871c644894d78e3e73c5eed1f3cefd7,2.9000000000000004,4215.0,1063.0,False,11937,318,-429,-78
w100_i120_mode_without_mn9_631415,w100_i120,mode_without_mn9,631415,11322,239,190.0,3233,3183,4fec2ec87e17ade5b340a00e2f95e714e871c644894d78e3e73c5eed1f3cefd7,3.0,4143.0,1053.0,False,11937,318,-615,-79
w100_i120_mn9_only_631415,w100_i120,mn9_only,631415,11504,323,137.0,3233,3183,4fec2ec87e17ade5b340a00e2f95e714e871c644894d78e3e73c5eed1f3cefd7,2.9000000000000004,851.0,94.0,False,11937,318,-433,5
w100_i120_motor_003_631415,w100_i120,motor_003,631415,9907,305,137.0,3233,3183,4fec2ec87e17ade5b340a00e2f95e714e871c644894d78e3e73c5eed1f3cefd7,3.5,3182.0,605.0,False,11937,318,-2030,-13
w100_i120_motor_004_631415,w100_i120,motor_004,631415,9806,296,137.0,3233,3183,4fec2ec87e17ade5b340a00e2f95e714e871c644894d78e3e73c5eed1f3cefd7,3.1000000000000005,3209.0,593.0,False,11937,318,-2131,-22
w100_i120_motor_005_631415,w100_i120,motor_005,631415,10050,295,137.0,3233,3183,4fec2ec87e17ade5b340a00e2f95e714e871c644894d78e3e73c5eed1f3cefd7,3.5,3089.0,549.0,False,11937,318,-1887,-23
w100_i120_mode_631416,w100_i120,mode,631416,11169,243,192.0,3133,3085,983be3a36ca84d69d8a9627809bfe4679716991660b5631e6a0b9849f2e4e985,3.0,3863.0,929.0,False,11522,329,-353,-86
w100_i120_mode_without_mn9_631416,w100_i120,mode_without_mn9,631416,11006,241,196.0,3133,3085,983be3a36ca84d69d8a9627809bfe4679716991660b5631e6a0b9849f2e4e985,3.0,3824.0,947.0,False,11522,329,-516,-88
w100_i120_mn9_only_631416,w100_i120,mn9_only,631416,11208,321,135.0,3133,3085,983be3a36ca84d69d8a9627809bfe4679716991660b5631e6a0b9849f2e4e985,3.2,776.0,120.0,False,11522,329,-314,-8
w100_i120_motor_003_631416,w100_i120,motor_003,631416,9706,301,135.0,3133,3085,983be3a36ca84d69d8a9627809bfe4679716991660b5631e6a0b9849f2e4e985,3.6000000000000005,2974.0,561.0,False,11522,329,-1816,-28
w100_i120_motor_004_631416,w100_i120,motor_004,631416,9537,293,134.0,3133,3085,983be3a36ca84d69d8a9627809bfe4679716991660b5631e6a0b9849f2e4e985,3.2,3007.0,531.0,False,11522,329,-1985,-36
w100_i120_motor_005_631416,w100_i120,motor_005,631416,9151,293,135.0,3133,3085,983be3a36ca84d69d8a9627809bfe4679716991660b5631e6a0b9849f2e4e985,3.2,3231.0,632.0,False,11522,329,-2371,-36
w100_i120_mode_631417,w100_i120,mode,631417,11419,243,190.0,3230,3186,2990fe15c20330ea5052361acbb45694bafbe190076f6d722f6c3b73598a6cdf,2.9000000000000004,4188.0,1049.0,False,11927,315,-508,-72
w100_i120_mode_without_mn9_631417,w100_i120,mode_without_mn9,631417,11370,243,185.0,3230,3186,2990fe15c20330ea5052361acbb45694bafbe190076f6d722f6c3b73598a6cdf,2.9000000000000004,4101.0,1019.0,False,11927,315,-557,-72
w100_i120_mn9_only_631417,w100_i120,mn9_only,631417,11381,314,140.0,3230,3186,2990fe15c20330ea5052361acbb45694bafbe190076f6d722f6c3b73598a6cdf,3.0,866.0,111.0,False,11927,315,-546,-1
w100_i120_motor_003_631417,w100_i120,motor_003,631417,10081,307,140.0,3230,3186,2990fe15c20330ea5052361acbb45694bafbe190076f6d722f6c3b73598a6cdf,3.3,3066.0,582.0,False,11927,315,-1846,-8
w100_i120_motor_004_631417,w100_i120,motor_004,631417,9672,285,140.0,3230,3186,2990fe15c20330ea5052361acbb45694bafbe190076f6d722f6c3b73598a6cdf,3.4000000000000004,3229.0,627.0,False,11927,315,-2255,-30
w100_i120_motor_005_631417,w100_i120,motor_005,631417,10046,294,140.0,3230,3186,2990fe15c20330ea5052361acbb45694bafbe190076f6d722f6c3b73598a6cdf,3.2,3021.0,566.0,False,11927,315,-1881,-21
w100_i120_mode_631418,w100_i120,mode,631418,11626,241,199.0,3286,3238,46de1871008b658723cab9a3d5b408a4492db89e0603e0eef1ad3cc9eeef8fea,3.0,4354.0,1017.0,False,11506,318,120,-77
w100_i120_mode_without_mn9_631418,w100_i120,mode_without_mn9,631418,11600,245,192.0,3286,3238,46de1871008b658723cab9a3d5b408a4492db89e0603e0eef1ad3cc9eeef8fea,3.0,4388.0,1007.0,False,11506,318,94,-73
w100_i120_mn9_only_631418,w100_i120,mn9_only,631418,11753,322,138.0,3286,3238,46de1871008b658723cab9a3d5b408a4492db89e0603e0eef1ad3cc9eeef8fea,3.0,589.0,90.0,False,11506,318,247,4
w100_i120_motor_003_631418,w100_i120,motor_003,631418,10154,312,139.0,3286,3237,46de1871008b658723cab9a3d5b408a4492db89e0603e0eef1ad3cc9eeef8fea,3.4000000000000004,2668.0,535.0,False,11506,318,-1352,-6
w100_i120_motor_004_631418,w100_i120,motor_004,631418,10055,300,140.0,3286,3238,46de1871008b658723cab9a3d5b408a4492db89e0603e0eef1ad3cc9eeef8fea,3.2,2615.0,495.0,False,11506,318,-1451,-18
w100_i120_motor_005_631418,w100_i120,motor_005,631418,10232,297,140.0,3286,3238,46de1871008b658723cab9a3d5b408a4492db89e0603e0eef1ad3cc9eeef8fea,3.3,2504.0,466.0,False,11506,318,-1274,-21
w100_i120_mode_631419,w100_i120,mode,631419,11301,243,192.0,3139,3083,6f48116eb54c69e28d2a3fd266db36c5d3574765971a6667b9e5865a9eb5e4c8,3.0,4482.0,1072.0,False,11483,327,-182,-84
w100_i120_mode_without_mn9_631419,w100_i120,mode_without_mn9,631419,11322,242,197.0,3139,3083,6f48116eb54c69e28d2a3fd266db36c5d3574765971a6667b9e5865a9eb5e4c8,3.0,4555.0,1085.0,False,11483,327,-161,-85
w100_i120_mn9_only_631419,w100_i120,mn9_only,631419,11506,320,136.0,3139,3083,6f48116eb54c69e28d2a3fd266db36c5d3574765971a6667b9e5865a9eb5e4c8,3.0,585.0,100.0,False,11483,327,23,-7
w100_i120_motor_003_631419,w100_i120,motor_003,631419,9819,294,136.0,3139,3083,6f48116eb54c69e28d2a3fd266db36c5d3574765971a6667b9e5865a9eb5e4c8,3.6000000000000005,2754.0,531.0,False,11483,327,-1664,-33
w100_i120_motor_004_631419,w100_i120,motor_004,631419,9326,286,137.0,3139,3083,6f48116eb54c69e28d2a3fd266db36c5d3574765971a6667b9e5865a9eb5e4c8,3.3,3119.0,618.0,False,11483,327,-2157,-41
w100_i120_motor_005_631419,w100_i120,motor_005,631419,9518,285,137.0,3139,3083,6f48116eb54c69e28d2a3fd266db36c5d3574765971a6667b9e5865a9eb5e4c8,3.3,3015.0,576.0,False,11483,327,-1965,-42
w100_i120_mode_631420,w100_i120,mode,631420,10945,236,188.0,3085,3025,6c8e7959a7ed9c033caf1f7699f74167c8a00e3bd5d56fc4d704ed1347646d89,2.8,4174.0,963.0,False,11047,306,-102,-70
w100_i120_mode_without_mn9_631420,w100_i120,mode_without_mn9,631420,10945,236,188.0,3085,3025,6c8e7959a7ed9c033caf1f7699f74167c8a00e3bd5d56fc4d704ed1347646d89,2.8,4174.0,963.0,False,11047,306,-102,-70
w100_i120_mn9_only_631420,w100_i120,mn9_only,631420,11329,328,137.0,3085,3025,6c8e7959a7ed9c033caf1f7699f74167c8a00e3bd5d56fc4d704ed1347646d89,3.0,676.0,101.0,False,11047,306,282,22
w100_i120_motor_003_631420,w100_i120,motor_003,631420,9428,303,136.0,3085,3025,6c8e7959a7ed9c033caf1f7699f74167c8a00e3bd5d56fc4d704ed1347646d89,3.3,2515.0,459.0,False,11047,306,-1619,-3
w100_i120_motor_004_631420,w100_i120,motor_004,631420,9207,278,135.0,3085,3025,6c8e7959a7ed9c033caf1f7699f74167c8a00e3bd5d56fc4d704ed1347646d89,3.6000000000000005,2784.0,524.0,False,11047,306,-1840,-28
w100_i120_motor_005_631420,w100_i120,motor_005,631420,9523,318,136.0,3085,3025,6c8e7959a7ed9c033caf1f7699f74167c8a00e3bd5d56fc4d704ed1347646d89,4.0,2642.0,486.0,False,11047,306,-1524,12
w100_i120_mode_631421,w100_i120,mode,631421,11436,250,196.0,3210,3153,59022bd53269375055fcd296502d7a4ec89f47ec92a0a51b5f5ee94d108663ec,2.9000000000000004,3958.0,910.0,False,11378,315,58,-65
w100_i120_mode_without_mn9_631421,w100_i120,mode_without_mn9,631421,11427,248,202.0,3210,3153,59022bd53269375055fcd296502d7a4ec89f47ec92a0a51b5f5ee94d108663ec,2.8,3991.0,925.0,False,11378,315,49,-67
w100_i120_mn9_only_631421,w100_i120,mn9_only,631421,11148,316,139.0,3210,3153,59022bd53269375055fcd296502d7a4ec89f47ec92a0a51b5f5ee94d108663ec,3.2,678.0,99.0,False,11378,315,-230,1
w100_i120_motor_003_631421,w100_i120,motor_003,631421,9522,291,139.0,3210,3153,59022bd53269375055fcd296502d7a4ec89f47ec92a0a51b5f5ee94d108663ec,3.4000000000000004,2822.0,532.0,False,11378,315,-1856,-24
w100_i120_motor_004_631421,w100_i120,motor_004,631421,9518,297,139.0,3210,3153,59022bd53269375055fcd296502d7a4ec89f47ec92a0a51b5f5ee94d108663ec,3.3,2730.0,502.0,False,11378,315,-1860,-18
w100_i120_motor_005_631421,w100_i120,motor_005,631421,9893,289,139.0,3210,3153,59022bd53269375055fcd296502d7a4ec89f47ec92a0a51b5f5ee94d108663ec,3.4000000000000004,2731.0,484.0,False,11378,315,-1485,-26
w100_i120_mode_631422,w100_i120,mode,631422,11031,228,202.0,3097,3066,2e7e47c1064ebd8647f5e211d459f5818e5fd2f6414577d90d3f28fc093b6e36,3.0,4272.0,1050.0,False,11277,323,-246,-95
w100_i120_mode_without_mn9_631422,w100_i120,mode_without_mn9,631422,11364,242,199.0,3097,3066,2e7e47c1064ebd8647f5e211d459f5818e5fd2f6414577d90d3f28fc093b6e36,2.9000000000000004,4423.0,1040.0,False,11277,323,87,-81
w100_i120_mn9_only_631422,w100_i120,mn9_only,631422,11391,316,136.0,3097,3066,2e7e47c1064ebd8647f5e211d459f5818e5fd2f6414577d90d3f28fc093b6e36,3.2,694.0,101.0,False,11277,323,114,-7
w100_i120_motor_003_631422,w100_i120,motor_003,631422,9494,306,137.0,3097,3066,2e7e47c1064ebd8647f5e211d459f5818e5fd2f6414577d90d3f28fc093b6e36,3.2,2861.0,580.0,False,11277,323,-1783,-17
w100_i120_motor_004_631422,w100_i120,motor_004,631422,9581,289,137.0,3097,3066,2e7e47c1064ebd8647f5e211d459f5818e5fd2f6414577d90d3f28fc093b6e36,3.4000000000000004,2734.0,487.0,False,11277,323,-1696,-34
w100_i120_motor_005_631422,w100_i120,motor_005,631422,9436,279,137.0,3097,3066,2e7e47c1064ebd8647f5e211d459f5818e5fd2f6414577d90d3f28fc093b6e36,3.2,2795.0,498.0,False,11277,323,-1841,-44
w100_i120_mode_631423,w100_i120,mode,631423,11062,245,183.0,3116,3064,e27e23e46e2dc5a392403f453a37b8509da014334d187fa858576e04985a583d,3.0,4048.0,966.0,False,11268,325,-206,-80
w100_i120_mode_without_mn9_631423,w100_i120,mode_without_mn9,631423,11062,245,183.0,3116,3064,e27e23e46e2dc5a392403f453a37b8509da014334d187fa858576e04985a583d,3.0,4048.0,966.0,False,11268,325,-206,-80
w100_i120_mn9_only_631423,w100_i120,mn9_only,631423,11061,299,139.0,3116,3064,e27e23e46e2dc5a392403f453a37b8509da014334d187fa858576e04985a583d,3.0,585.0,54.0,False,11268,325,-207,-26
w100_i120_motor_003_631423,w100_i120,motor_003,631423,9695,293,139.0,3116,3064,e27e23e46e2dc5a392403f453a37b8509da014334d187fa858576e04985a583d,3.6000000000000005,2679.0,516.0,False,11268,325,-1573,-32
w100_i120_motor_004_631423,w100_i120,motor_004,631423,9441,287,139.0,3116,3064,e27e23e46e2dc5a392403f453a37b8509da014334d187fa858576e04985a583d,3.3,2961.0,561.0,False,11268,325,-1827,-38
w100_i120_motor_005_631423,w100_i120,motor_005,631423,9830,291,139.0,3116,3064,e27e23e46e2dc5a392403f453a37b8509da014334d187fa858576e04985a583d,3.4000000000000004,2802.0,516.0,False,11268,325,-1438,-34
w100_i120_mode_631424,w100_i120,mode,631424,11159,237,198.0,3085,3046,73556388aa50eba89fdfcc280e02713d26007b18afa395c1fb37bf28b3e788bf,3.1000000000000005,4527.0,1065.0,False,11138,325,21,-88
w100_i120_mode_without_mn9_631424,w100_i120,mode_without_mn9,631424,11159,237,198.0,3085,3046,73556388aa50eba89fdfcc280e02713d26007b18afa395c1fb37bf28b3e788bf,3.1000000000000005,4527.0,1065.0,False,11138,325,21,-88
w100_i120_mn9_only_631424,w100_i120,mn9_only,631424,11179,321,138.0,3085,3046,73556388aa50eba89fdfcc280e02713d26007b18afa395c1fb37bf28b3e788bf,3.0,523.0,66.0,False,11138,325,41,-4
w100_i120_motor_003_631424,w100_i120,motor_003,631424,9750,313,138.0,3085,3046,73556388aa50eba89fdfcc280e02713d26007b18afa395c1fb37bf28b3e788bf,3.3,2462.0,491.0,False,11138,325,-1388,-12
w100_i120_motor_004_631424,w100_i120,motor_004,631424,9195,292,138.0,3085,3046,73556388aa50eba89fdfcc280e02713d26007b18afa395c1fb37bf28b3e788bf,3.7,2865.0,633.0,False,11138,325,-1943,-33
w100_i120_motor_005_631424,w100_i120,motor_005,631424,9288,286,138.0,3085,3046,73556388aa50eba89fdfcc280e02713d26007b18afa395c1fb37bf28b3e788bf,3.3,2976.0,613.0,False,11138,325,-1850,-39
w100_i120_mode_631425,w100_i120,mode,631425,11373,241,198.0,3182,3130,f710ff6463d7ca98dc53926044f0745a7bb669a60a8606de490934473682982b,2.8,4621.0,1098.0,False,11378,327,-5,-86
w100_i120_mode_without_mn9_631425,w100_i120,mode_without_mn9,631425,11488,252,188.0,3182,3130,f710ff6463d7ca98dc53926044f0745a7bb669a60a8606de490934473682982b,2.9000000000000004,4562.0,1060.0,False,11378,327,110,-75
w100_i120_mn9_only_631425,w100_i120,mn9_only,631425,11335,332,138.0,3182,3130,f710ff6463d7ca98dc53926044f0745a7bb669a60a8606de490934473682982b,2.8,541.0,70.0,False,11378,327,-43,5
w100_i120_motor_003_631425,w100_i120,motor_003,631425,9996,300,139.0,3182,3130,f710ff6463d7ca98dc53926044f0745a7bb669a60a8606de490934473682982b,3.1000000000000005,2448.0,518.0,False,11378,327,-1382,-27
w100_i120_motor_004_631425,w100_i120,motor_004,631425,9835,297,138.0,3182,3130,f710ff6463d7ca98dc53926044f0745a7bb669a60a8606de490934473682982b,3.1000000000000005,2669.0,529.0,False,11378,327,-1543,-30
w100_i120_motor_005_631425,w100_i120,motor_005,631425,9570,292,139.0,3182,3130,f710ff6463d7ca98dc53926044f0745a7bb669a60a8606de490934473682982b,3.2,2792.0,580.0,False,11378,327,-1808,-35
w100_i120_mode_631426,w100_i120,mode,631426,11397,248,191.0,3167,3127,5b26a62924f518ae79ec0bd6d0af0cb4c529aaf699effb3c35635f63a45e2824,2.9000000000000004,4255.0,1008.0,False,11332,319,65,-71
w100_i120_mode_without_mn9_631426,w100_i120,mode_without_mn9,631426,11359,249,194.0,3167,3127,5b26a62924f518ae79ec0bd6d0af0cb4c529aaf699effb3c35635f63a45e2824,3.1000000000000005,4153.0,989.0,False,11332,319,27,-70
w100_i120_mn9_only_631426,w100_i120,mn9_only,631426,11520,313,138.0,3167,3127,5b26a62924f518ae79ec0bd6d0af0cb4c529aaf699effb3c35635f63a45e2824,3.2,578.0,78.0,False,11332,319,188,-6
w100_i120_motor_003_631426,w100_i120,motor_003,631426,10166,313,139.0,3167,3127,5b26a62924f518ae79ec0bd6d0af0cb4c529aaf699effb3c35635f63a45e2824,3.6000000000000005,2420.0,455.0,False,11332,319,-1166,-6
w100_i120_motor_004_631426,w100_i120,motor_004,631426,10074,316,139.0,3167,3127,5b26a62924f518ae79ec0bd6d0af0cb4c529aaf699effb3c35635f63a45e2824,3.4000000000000004,2668.0,476.0,False,11332,319,-1258,-3
w100_i120_motor_005_631426,w100_i120,motor_005,631426,9822,297,139.0,3167,3127,5b26a62924f518ae79ec0bd6d0af0cb4c529aaf699effb3c35635f63a45e2824,3.2,2758.0,522.0,False,11332,319,-1510,-22
w100_i120_mode_631427,w100_i120,mode,631427,10889,242,189.0,3032,2989,a5ef70bc66f08b067cc69ccfd2ae1c8787b249a41d1926d119f34e0f2034a500,3.0,4155.0,1017.0,False,11146,317,-257,-75
w100_i120_mode_without_mn9_631427,w100_i120,mode_without_mn9,631427,11035,231,203.0,3032,2988,a5ef70bc66f08b067cc69ccfd2ae1c8787b249a41d1926d119f34e0f2034a500,2.8,4385.0,1064.0,False,11146,317,-111,-86
w100_i120_mn9_only_631427,w100_i120,mn9_only,631427,10758,324,134.0,3032,2989,a5ef70bc66f08b067cc69ccfd2ae1c8787b249a41d1926d119f34e0f2034a500,3.0,728.0,103.0,False,11146,317,-388,7
w100_i120_motor_003_631427,w100_i120,motor_003,631427,9282,288,133.0,3032,2989,a5ef70bc66f08b067cc69ccfd2ae1c8787b249a41d1926d119f34e0f2034a500,3.9,2886.0,575.0,False,11146,317,-1864,-29
w100_i120_motor_004_631427,w100_i120,motor_004,631427,8918,281,133.0,3032,2988,a5ef70bc66f08b067cc69ccfd2ae1c8787b249a41d1926d119f34e0f2034a500,3.7,3086.0,619.0,False,11146,317,-2228,-36
w100_i120_motor_005_631427,w100_i120,motor_005,631427,9298,294,134.0,3032,2989,a5ef70bc66f08b067cc69ccfd2ae1c8787b249a41d1926d119f34e0f2034a500,3.4000000000000004,2846.0,540.0,False,11146,317,-1848,-23
w100_i120_mode_631428,w100_i120,mode,631428,11362,246,199.0,3155,3107,6122183b8e1e90ae6da8ea292fcd7052b279cdd5a8099ada7c4e733edef92212,2.9000000000000004,4589.0,1058.0,False,11369,314,-7,-68
w100_i120_mode_without_mn9_631428,w100_i120,mode_without_mn9,631428,11324,244,188.0,3155,3107,6122183b8e1e90ae6da8ea292fcd7052b279cdd5a8099ada7c4e733edef92212,3.0,4525.0,1042.0,False,11369,314,-45,-70
w100_i120_mn9_only_631428,w100_i120,mn9_only,631428,11232,312,138.0,3155,3107,6122183b8e1e90ae6da8ea292fcd7052b279cdd5a8099ada7c4e733edef92212,3.0,769.0,135.0,False,11369,314,-137,-2
w100_i120_motor_003_631428,w100_i120,motor_003,631428,9624,295,137.0,3155,3107,6122183b8e1e90ae6da8ea292fcd7052b279cdd5a8099ada7c4e733edef92212,3.6000000000000005,2773.0,583.0,False,11369,314,-1745,-19
w100_i120_motor_004_631428,w100_i120,motor_004,631428,10027,307,136.0,3155,3107,6122183b8e1e90ae6da8ea292fcd7052b279cdd5a8099ada7c4e733edef92212,3.8,2656.0,494.0,False,11369,314,-1342,-7
w100_i120_motor_005_631428,w100_i120,motor_005,631428,9372,283,137.0,3155,3107,6122183b8e1e90ae6da8ea292fcd7052b279cdd5a8099ada7c4e733edef92212,3.8,3083.0,657.0,False,11369,314,-1997,-31
w100_i120_mode_631429,w100_i120,mode,631429,11182,238,197.0,3149,3103,8e949af61b96f2ea5996e68015b4de8ada41ae02902578e106bf1e865535951c,3.0,4283.0,1054.0,False,11589,341,-407,-103
w100_i120_mode_without_mn9_631429,w100_i120,mode_without_mn9,631429,11321,257,190.0,3149,3103,8e949af61b96f2ea5996e68015b4de8ada41ae02902578e106bf1e865535951c,2.8,4216.0,1015.0,False,11589,341,-268,-84
w100_i120_mn9_only_631429,w100_i120,mn9_only,631429,11364,302,136.0,3149,3103,8e949af61b96f2ea5996e68015b4de8ada41ae02902578e106bf1e865535951c,3.1000000000000005,637.0,137.0,False,11589,341,-225,-39
w100_i120_motor_003_631429,w100_i120,motor_003,631429,9764,293,137.0,3149,3103,8e949af61b96f2ea5996e68015b4de8ada41ae02902578e106bf1e865535951c,3.3,2705.0,505.0,False,11589,341,-1825,-48
w100_i120_motor_004_631429,w100_i120,motor_004,631429,9779,311,136.0,3149,3103,8e949af61b96f2ea5996e68015b4de8ada41ae02902578e106bf1e865535951c,3.6000000000000005,2928.0,560.0,False,11589,341,-1810,-30
w100_i120_motor_005_631429,w100_i120,motor_005,631429,9591,286,136.0,3149,3103,8e949af61b96f2ea5996e68015b4de8ada41ae02902578e106bf1e865535951c,3.4000000000000004,2964.0,582.0,False,11589,341,-1998,-55
w100_i120_mode_631430,w100_i120,mode,631430,11399,247,190.0,3220,3165,6d4b9a8c6cba3759dc3c6d9e22a48da5044e475e4de4f738cd99fc52ab3370a3,2.9000000000000004,4518.0,1100.0,False,11561,317,-162,-70
w100_i120_mode_without_mn9_631430,w100_i120,mode_without_mn9,631430,11624,250,198.0,3220,3165,6d4b9a8c6cba3759dc3c6d9e22a48da5044e475e4de4f738cd99fc52ab3370a3,2.9000000000000004,4707.0,1117.0,False,11561,317,63,-67
w100_i120_mn9_only_631430,w100_i120,mn9_only,631430,11538,333,140.0,3220,3165,6d4b9a8c6cba3759dc3c6d9e22a48da5044e475e4de4f738cd99fc52ab3370a3,3.0,437.0,58.0,False,11561,317,-23,16
w100_i120_motor_003_631430,w100_i120,motor_003,631430,10495,302,140.0,3220,3165,6d4b9a8c6cba3759dc3c6d9e22a48da5044e475e4de4f738cd99fc52ab3370a3,3.2,2498.0,473.0,False,11561,317,-1066,-15
w100_i120_motor_004_631430,w100_i120,motor_004,631430,9733,286,140.0,3220,3165,6d4b9a8c6cba3759dc3c6d9e22a48da5044e475e4de4f738cd99fc52ab3370a3,3.4000000000000004,2944.0,639.0,False,11561,317,-1828,-31
w100_i120_motor_005_631430,w100_i120,motor_005,631430,10063,296,140.0,3220,3165,6d4b9a8c6cba3759dc3c6d9e22a48da5044e475e4de4f738cd99fc52ab3370a3,3.4000000000000004,2754.0,569.0,False,11561,317,-1498,-21
w120_i080_mode_631401,w120_i080,mode,631401,17573,404,232.0,3114,3070,947b874a1f0642db593a25db863d1d9fafa83f779c71426db44ca34f517f65b4,2.8,7617.0,1423.0,False,20768,478,-3195,-74
w120_i080_mode_without_mn9_631401,w120_i080,mode_without_mn9,631401,17699,400,224.0,3114,3069,947b874a1f0642db593a25db863d1d9fafa83f779c71426db44ca34f517f65b4,2.8,7787.0,1418.0,False,20768,478,-3069,-78
w120_i080_mn9_only_631401,w120_i080,mn9_only,631401,20658,518,159.0,3114,3070,947b874a1f0642db593a25db863d1d9fafa83f779c71426db44ca34f517f65b4,2.9000000000000004,884.0,71.0,False,20768,478,-110,40
w120_i080_motor_003_631401,w120_i080,motor_003,631401,18999,526,147.0,3114,3070,947b874a1f0642db593a25db863d1d9fafa83f779c71426db44ca34f517f65b4,3.0,5675.0,936.0,False,20768,478,-1769,48
w120_i080_motor_004_631401,w120_i080,motor_004,631401,18423,513,147.0,3114,3069,947b874a1f0642db593a25db863d1d9fafa83f779c71426db44ca34f517f65b4,3.0,5841.0,909.0,False,20768,478,-2345,35
w120_i080_motor_005_631401,w120_i080,motor_005,631401,18062,511,147.0,3114,3070,947b874a1f0642db593a25db863d1d9fafa83f779c71426db44ca34f517f65b4,2.9000000000000004,6294.0,1060.0,False,20768,478,-2706,33
w120_i080_mode_631402,w120_i080,mode,631402,18451,411,229.0,3215,3170,68ec43809259fe87f64b275dd4e8d65eabc89f96fc2222a86e3b60ee2fe6c834,2.9000000000000004,8071.0,1414.0,False,21158,507,-2707,-96
w120_i080_mode_without_mn9_631402,w120_i080,mode_without_mn9,631402,18430,419,231.0,3215,3170,68ec43809259fe87f64b275dd4e8d65eabc89f96fc2222a86e3b60ee2fe6c834,2.8,8216.0,1464.0,False,21158,507,-2728,-88
w120_i080_mn9_only_631402,w120_i080,mn9_only,631402,21228,477,162.0,3215,3170,68ec43809259fe87f64b275dd4e8d65eabc89f96fc2222a86e3b60ee2fe6c834,2.9000000000000004,914.0,90.0,False,21158,507,70,-30
w120_i080_motor_003_631402,w120_i080,motor_003,631402,18990,481,151.0,3215,3170,68ec43809259fe87f64b275dd4e8d65eabc89f96fc2222a86e3b60ee2fe6c834,2.9000000000000004,5490.0,831.0,False,21158,507,-2168,-26
w120_i080_motor_004_631402,w120_i080,motor_004,631402,19134,498,150.0,3215,3170,68ec43809259fe87f64b275dd4e8d65eabc89f96fc2222a86e3b60ee2fe6c834,2.9000000000000004,5838.0,871.0,False,21158,507,-2024,-9
w120_i080_motor_005_631402,w120_i080,motor_005,631402,19238,471,152.0,3215,3170,68ec43809259fe87f64b275dd4e8d65eabc89f96fc2222a86e3b60ee2fe6c834,2.9000000000000004,5628.0,840.0,False,21158,507,-1920,-36
w120_i080_mode_631403,w120_i080,mode,631403,17629,381,224.0,3125,3087,ce434629d3484ce495a73482e054fe33ac6fc25ee2b7c015d104242563100383,2.9000000000000004,7956.0,1444.0,False,21075,546,-3446,-165
w120_i080_mode_without_mn9_631403,w120_i080,mode_without_mn9,631403,17785,392,229.0,3125,3088,ce434629d3484ce495a73482e054fe33ac6fc25ee2b7c015d104242563100383,2.7,7868.0,1440.0,False,21075,546,-3290,-154
w120_i080_mn9_only_631403,w120_i080,mn9_only,631403,20771,523,166.0,3125,3088,ce434629d3484ce495a73482e054fe33ac6fc25ee2b7c015d104242563100383,2.7,942.0,91.0,False,21075,546,-304,-23
w120_i080_motor_003_631403,w120_i080,motor_003,631403,19136,527,146.0,3125,3088,ce434629d3484ce495a73482e054fe33ac6fc25ee2b7c015d104242563100383,3.1000000000000005,5985.0,908.0,False,21075,546,-1939,-19
w120_i080_motor_004_631403,w120_i080,motor_004,631403,19036,510,148.0,3125,3088,ce434629d3484ce495a73482e054fe33ac6fc25ee2b7c015d104242563100383,3.0,5827.0,829.0,False,21075,546,-2039,-36
w120_i080_motor_005_631403,w120_i080,motor_005,631403,18732,510,148.0,3125,3087,ce434629d3484ce495a73482e054fe33ac6fc25ee2b7c015d104242563100383,2.8,5911.0,817.0,False,21075,546,-2343,-36
w120_i080_mode_631404,w120_i080,mode,631404,17581,384,226.0,3108,3049,f95218a1ea37745551ca6815bec1fc551432e6125112557ee79f6d520493e2fb,2.7,7894.0,1431.0,False,21055,477,-3474,-93
w120_i080_mode_without_mn9_631404,w120_i080,mode_without_mn9,631404,543275,11926,255.0,3108,3050,f95218a1ea37745551ca6815bec1fc551432e6125112557ee79f6d520493e2fb,2.5,535544.0,1614.0,False,21055,477,522220,11449
w120_i080_mn9_only_631404,w120_i080,mn9_only,631404,21013,492,176.0,3108,3050,f95218a1ea37745551ca6815bec1fc551432e6125112557ee79f6d520493e2fb,2.9000000000000004,1032.0,104.0,False,21055,477,-42,15
w120_i080_motor_003_631404,w120_i080,motor_003,631404,18936,502,148.0,3108,3050,f95218a1ea37745551ca6815bec1fc551432e6125112557ee79f6d520493e2fb,3.1000000000000005,5813.0,866.0,False,21055,477,-2119,25
w120_i080_motor_004_631404,w120_i080,motor_004,631404,18661,505,146.0,3108,3050,f95218a1ea37745551ca6815bec1fc551432e6125112557ee79f6d520493e2fb,3.0,5810.0,880.0,False,21055,477,-2394,28
w120_i080_motor_005_631404,w120_i080,motor_005,631404,18580,503,146.0,3108,3050,f95218a1ea37745551ca6815bec1fc551432e6125112557ee79f6d520493e2fb,3.0,5913.0,920.0,False,21055,477,-2475,26
w120_i080_mode_631405,w120_i080,mode,631405,17830,389,229.0,3129,3075,36e28093cf09c4bf4c1c02102fdc1b3f219da0d4b16c463306c0193d088d5804,2.9000000000000004,7874.0,1416.0,False,21042,503,-3212,-114
w120_i080_mode_without_mn9_631405,w120_i080,mode_without_mn9,631405,18070,400,231.0,3129,3075,36e28093cf09c4bf4c1c02102fdc1b3f219da0d4b16c463306c0193d088d5804,2.7,7882.0,1383.0,False,21042,503,-2972,-103
w120_i080_mn9_only_631405,w120_i080,mn9_only,631405,20545,476,174.0,3129,3075,36e28093cf09c4bf4c1c02102fdc1b3f219da0d4b16c463306c0193d088d5804,2.7,1101.0,143.0,False,21042,503,-497,-27
w120_i080_motor_003_631405,w120_i080,motor_003,631405,18914,524,148.0,3129,3075,36e28093cf09c4bf4c1c02102fdc1b3f219da0d4b16c463306c0193d088d5804,3.0,5904.0,837.0,False,21042,503,-2128,21
w120_i080_motor_004_631405,w120_i080,motor_004,631405,18689,503,150.0,3129,3075,36e28093cf09c4bf4c1c02102fdc1b3f219da0d4b16c463306c0193d088d5804,3.1000000000000005,5907.0,855.0,False,21042,503,-2353,0
w120_i080_motor_005_631405,w120_i080,motor_005,631405,96252,12316,149.0,3129,3075,36e28093cf09c4bf4c1c02102fdc1b3f219da0d4b16c463306c0193d088d5804,2.5,83862.0,880.0,False,21042,503,75210,11813
w120_i080_mode_631406,w120_i080,mode,631406,18077,391,235.0,3140,3098,0863e7b24dfaae64071a8059c2628849bec7706d10bff82c1fb11d9bde965e8e,2.8,8066.0,1451.0,False,20927,522,-2850,-131
w120_i080_mode_without_mn9_631406,w120_i080,mode_without_mn9,631406,17863,394,231.0,3140,3098,0863e7b24dfaae64071a8059c2628849bec7706d10bff82c1fb11d9bde965e8e,2.8,8082.0,1435.0,False,20927,522,-3064,-128
w120_i080_mn9_only_631406,w120_i080,mn9_only,631406,20948,470,167.0,3140,3098,0863e7b24dfaae64071a8059c2628849bec7706d10bff82c1fb11d9bde965e8e,2.9000000000000004,953.0,78.0,False,20927,522,21,-52
w120_i080_motor_003_631406,w120_i080,motor_003,631406,18810,514,150.0,3140,3098,0863e7b24dfaae64071a8059c2628849bec7706d10bff82c1fb11d9bde965e8e,2.9000000000000004,5473.0,809.0,False,20927,522,-2117,-8
w120_i080_motor_004_631406,w120_i080,motor_004,631406,18957,512,148.0,3140,3098,0863e7b24dfaae64071a8059c2628849bec7706d10bff82c1fb11d9bde965e8e,3.0,5870.0,898.0,False,20927,522,-1970,-10
w120_i080_motor_005_631406,w120_i080,motor_005,631406,18748,507,149.0,3140,3098,0863e7b24dfaae64071a8059c2628849bec7706d10bff82c1fb11d9bde965e8e,2.9000000000000004,6041.0,908.0,False,20927,522,-2179,-15
w120_i080_mode_631407,w120_i080,mode,631407,17943,404,230.0,3078,3032,603c4b79b2112ccc7962759aca718cc6b7554ee1d572ac83aac65f335ad40c87,2.8,7361.0,1306.0,False,20176,496,-2233,-92
w120_i080_mode_without_mn9_631407,w120_i080,mode_without_mn9,631407,17585,409,231.0,3078,3032,603c4b79b2112ccc7962759aca718cc6b7554ee1d572ac83aac65f335ad40c87,2.7,7739.0,1411.0,False,20176,496,-2591,-87
w120_i080_mn9_only_631407,w120_i080,mn9_only,631407,20704,502,164.0,3078,3032,603c4b79b2112ccc7962759aca718cc6b7554ee1d572ac83aac65f335ad40c87,2.8,1430.0,205.0,False,20176,496,528,6
w120_i080_motor_003_631407,w120_i080,motor_003,631407,18749,523,147.0,3078,3032,603c4b79b2112ccc7962759aca718cc6b7554ee1d572ac83aac65f335ad40c87,3.0,5233.0,781.0,False,20176,496,-1427,27
w120_i080_motor_004_631407,w120_i080,motor_004,631407,18866,532,147.0,3078,3032,603c4b79b2112ccc7962759aca718cc6b7554ee1d572ac83aac65f335ad40c87,3.0,5374.0,806.0,False,20176,496,-1310,36
w120_i080_motor_005_631407,w120_i080,motor_005,631407,18867,514,147.0,3078,3032,603c4b79b2112ccc7962759aca718cc6b7554ee1d572ac83aac65f335ad40c87,3.0,5451.0,832.0,False,20176,496,-1309,18
w120_i080_mode_631408,w120_i080,mode,631408,17686,389,225.0,3174,3129,a110f03f41d329a5a4ff5a93990a26dc2328fbce2bc702db76f24d98fae3f09d,2.8,7775.0,1413.0,False,21631,514,-3945,-125
w120_i080_mode_without_mn9_631408,w120_i080,mode_without_mn9,631408,18198,402,232.0,3174,3129,a110f03f41d329a5a4ff5a93990a26dc2328fbce2bc702db76f24d98fae3f09d,2.7,7745.0,1412.0,False,21631,514,-3433,-112
w120_i080_mn9_only_631408,w120_i080,mn9_only,631408,21531,475,172.0,3174,3129,a110f03f41d329a5a4ff5a93990a26dc2328fbce2bc702db76f24d98fae3f09d,2.8,988.0,101.0,False,21631,514,-100,-39
w120_i080_motor_003_631408,w120_i080,motor_003,631408,19574,523,150.0,3174,3129,a110f03f41d329a5a4ff5a93990a26dc2328fbce2bc702db76f24d98fae3f09d,3.1000000000000005,5827.0,830.0,False,21631,514,-2057,9
w120_i080_motor_004_631408,w120_i080,motor_004,631408,19657,512,150.0,3174,3129,a110f03f41d329a5a4ff5a93990a26dc2328fbce2bc702db76f24d98fae3f09d,3.0,5826.0,870.0,False,21631,514,-1974,-2
w120_i080_motor_005_631408,w120_i080,motor_005,631408,19124,512,149.0,3174,3129,a110f03f41d329a5a4ff5a93990a26dc2328fbce2bc702db76f24d98fae3f09d,3.0,5935.0,856.0,False,21631,514,-2507,-2
w120_i080_mode_631409,w120_i080,mode,631409,18179,389,224.0,3172,3119,458135437fed78e2cb995ecea989c1e7899b44fe7fb9ff633318a47c2a8515aa,2.9000000000000004,8233.0,1441.0,False,21246,514,-3067,-125
w120_i080_mode_without_mn9_631409,w120_i080,mode_without_mn9,631409,18175,393,231.0,3172,3119,458135437fed78e2cb995ecea989c1e7899b44fe7fb9ff633318a47c2a8515aa,2.8,8243.0,1469.0,False,21246,514,-3071,-121
w120_i080_mn9_only_631409,w120_i080,mn9_only,631409,20976,475,170.0,3172,3119,458135437fed78e2cb995ecea989c1e7899b44fe7fb9ff633318a47c2a8515aa,2.8,1328.0,135.0,False,21246,514,-270,-39
w120_i080_motor_003_631409,w120_i080,motor_003,631409,18809,518,148.0,3172,3119,458135437fed78e2cb995ecea989c1e7899b44fe7fb9ff633318a47c2a8515aa,2.9000000000000004,5975.0,929.0,False,21246,514,-2437,4
w120_i080_motor_004_631409,w120_i080,motor_004,631409,18738,509,149.0,3172,3119,458135437fed78e2cb995ecea989c1e7899b44fe7fb9ff633318a47c2a8515aa,3.0,5908.0,802.0,False,21246,514,-2508,-5
w120_i080_motor_005_631409,w120_i080,motor_005,631409,18990,511,148.0,3172,3119,458135437fed78e2cb995ecea989c1e7899b44fe7fb9ff633318a47c2a8515aa,3.1000000000000005,5854.0,851.0,False,21246,514,-2256,-3
w120_i080_mode_631410,w120_i080,mode,631410,17802,398,228.0,3118,3072,561dbc154010d17b8c5d824d3dcbb379bbc8a4e8424cbff78bb956580dcd795f,2.8,7854.0,1479.0,False,21396,476,-3594,-78
w120_i080_mode_without_mn9_631410,w120_i080,mode_without_mn9,631410,17711,394,234.0,3118,3072,561dbc154010d17b8c5d824d3dcbb379bbc8a4e8424cbff78bb956580dcd795f,2.8,7735.0,1450.0,False,21396,476,-3685,-82
w120_i080_mn9_only_631410,w120_i080,mn9_only,631410,20951,503,166.0,3118,3072,561dbc154010d17b8c5d824d3dcbb379bbc8a4e8424cbff78bb956580dcd795f,2.9000000000000004,929.0,121.0,False,21396,476,-445,27
w120_i080_motor_003_631410,w120_i080,motor_003,631410,19250,498,149.0,3118,3072,561dbc154010d17b8c5d824d3dcbb379bbc8a4e8424cbff78bb956580dcd795f,3.1000000000000005,5904.0,918.0,False,21396,476,-2146,22
w120_i080_motor_004_631410,w120_i080,motor_004,631410,18905,510,148.0,3118,3072,561dbc154010d17b8c5d824d3dcbb379bbc8a4e8424cbff78bb956580dcd795f,3.0,5935.0,836.0,False,21396,476,-2491,34
w120_i080_motor_005_631410,w120_i080,motor_005,631410,18748,509,150.0,3118,3072,561dbc154010d17b8c5d824d3dcbb379bbc8a4e8424cbff78bb956580dcd795f,3.0,6076.0,885.0,False,21396,476,-2648,33
w120_i080_mode_631411,w120_i080,mode,631411,18052,386,228.0,3226,3176,22c7bbdba5b1f37cef84a66f763b43c863ac85629eb59bf6f9c0097493189b0b,2.7,7801.0,1458.0,False,21419,498,-3367,-112
w120_i080_mode_without_mn9_631411,w120_i080,mode_without_mn9,631411,17986,388,228.0,3226,3176,22c7bbdba5b1f37cef84a66f763b43c863ac85629eb59bf6f9c0097493189b0b,2.7,7659.0,1400.0,False,21419,498,-3433,-110
w120_i080_mn9_only_631411,w120_i080,mn9_only,631411,21921,530,179.0,3226,3176,22c7bbdba5b1f37cef84a66f763b43c863ac85629eb59bf6f9c0097493189b0b,2.7,1044.0,92.0,False,21419,498,502,32
w120_i080_motor_003_631411,w120_i080,motor_003,631411,19598,500,152.0,3226,3176,22c7bbdba5b1f37cef84a66f763b43c863ac85629eb59bf6f9c0097493189b0b,2.9000000000000004,5795.0,833.0,False,21419,498,-1821,2
w120_i080_motor_004_631411,w120_i080,motor_004,631411,19333,502,151.0,3226,3176,22c7bbdba5b1f37cef84a66f763b43c863ac85629eb59bf6f9c0097493189b0b,3.0,6024.0,928.0,False,21419,498,-2086,4
w120_i080_motor_005_631411,w120_i080,motor_005,631411,19550,518,150.0,3226,3176,22c7bbdba5b1f37cef84a66f763b43c863ac85629eb59bf6f9c0097493189b0b,2.9000000000000004,6065.0,906.0,False,21419,498,-1869,20
w120_i080_mode_631412,w120_i080,mode,631412,17963,393,230.0,3219,3155,8a950cbb70621f799e7b21b7adce161b71f800da95c71582ce42614881a76e54,2.8,8001.0,1426.0,False,20644,478,-2681,-85
w120_i080_mode_without_mn9_631412,w120_i080,mode_without_mn9,631412,17831,386,227.0,3219,3155,8a950cbb70621f799e7b21b7adce161b71f800da95c71582ce42614881a76e54,2.9000000000000004,7853.0,1439.0,False,20644,478,-2813,-92
w120_i080_mn9_only_631412,w120_i080,mn9_only,631412,21323,531,155.0,3219,3155,8a950cbb70621f799e7b21b7adce161b71f800da95c71582ce42614881a76e54,2.9000000000000004,1101.0,122.0,False,20644,478,679,53
w120_i080_motor_003_631412,w120_i080,motor_003,631412,19192,513,148.0,3219,3155,8a950cbb70621f799e7b21b7adce161b71f800da95c71582ce42614881a76e54,2.9000000000000004,5262.0,846.0,False,20644,478,-1452,35
w120_i080_motor_004_631412,w120_i080,motor_004,631412,18827,500,149.0,3219,3155,8a950cbb70621f799e7b21b7adce161b71f800da95c71582ce42614881a76e54,3.0,5397.0,838.0,False,20644,478,-1817,22
w120_i080_motor_005_631412,w120_i080,motor_005,631412,18905,509,149.0,3219,3155,8a950cbb70621f799e7b21b7adce161b71f800da95c71582ce42614881a76e54,3.0,5389.0,826.0,False,20644,478,-1739,31
w120_i080_mode_631413,w120_i080,mode,631413,18225,395,228.0,3264,3210,7f2670b931c35e7aa1a4d1c0c682c0045b38f5d7a6131756b2a6f74759e70005,2.7,7817.0,1364.0,False,20898,523,-2673,-128
w120_i080_mode_without_mn9_631413,w120_i080,mode_without_mn9,631413,18311,409,229.0,3264,3210,7f2670b931c35e7aa1a4d1c0c682c0045b38f5d7a6131756b2a6f74759e70005,2.8,7861.0,1359.0,False,20898,523,-2587,-114
w120_i080_mn9_only_631413,w120_i080,mn9_only,631413,21146,495,158.0,3264,3210,7f2670b931c35e7aa1a4d1c0c682c0045b38f5d7a6131756b2a6f74759e70005,3.0,862.0,126.0,False,20898,523,248,-28
w120_i080_motor_003_631413,w120_i080,motor_003,631413,19600,521,149.0,3264,3210,7f2670b931c35e7aa1a4d1c0c682c0045b38f5d7a6131756b2a6f74759e70005,3.0,5244.0,783.0,False,20898,523,-1298,-2
w120_i080_motor_004_631413,w120_i080,motor_004,631413,19342,503,149.0,3264,3210,7f2670b931c35e7aa1a4d1c0c682c0045b38f5d7a6131756b2a6f74759e70005,2.8,5586.0,796.0,False,20898,523,-1556,-20
w120_i080_motor_005_631413,w120_i080,motor_005,631413,19092,504,148.0,3264,3210,7f2670b931c35e7aa1a4d1c0c682c0045b38f5d7a6131756b2a6f74759e70005,2.9000000000000004,5734.0,863.0,False,20898,523,-1806,-19
w120_i080_mode_631414,w120_i080,mode,631414,17351,398,230.0,3060,3020,b05f750a0b66a38d43a6565df118f40419adfc2f82250bd2929914ad2812c2d3,2.9000000000000004,7639.0,1406.0,False,20906,482,-3555,-84
w120_i080_mode_without_mn9_631414,w120_i080,mode_without_mn9,631414,18021,413,234.0,3060,3020,b05f750a0b66a38d43a6565df118f40419adfc2f82250bd2929914ad2812c2d3,2.8,7497.0,1336.0,False,20906,482,-2885,-69
w120_i080_mn9_only_631414,w120_i080,mn9_only,631414,20678,500,161.0,3060,3020,b05f750a0b66a38d43a6565df118f40419adfc2f82250bd2929914ad2812c2d3,2.7,1080.0,104.0,False,20906,482,-228,18
w120_i080_motor_003_631414,w120_i080,motor_003,631414,18915,521,148.0,3060,3020,b05f750a0b66a38d43a6565df118f40419adfc2f82250bd2929914ad2812c2d3,3.1000000000000005,5479.0,809.0,False,20906,482,-1991,39
w120_i080_motor_004_631414,w120_i080,motor_004,631414,18961,513,148.0,3060,3020,b05f750a0b66a38d43a6565df118f40419adfc2f82250bd2929914ad2812c2d3,3.1000000000000005,6001.0,913.0,False,20906,482,-1945,31
w120_i080_motor_005_631414,w120_i080,motor_005,631414,17889,499,147.0,3060,3020,b05f750a0b66a38d43a6565df118f40419adfc2f82250bd2929914ad2812c2d3,2.9000000000000004,6227.0,950.0,False,20906,482,-3017,17
w120_i080_mode_631415,w120_i080,mode,631415,18152,399,230.0,3233,3183,4fec2ec87e17ade5b340a00e2f95e714e871c644894d78e3e73c5eed1f3cefd7,2.7,7890.0,1404.0,False,21690,497,-3538,-98
w120_i080_mode_without_mn9_631415,w120_i080,mode_without_mn9,631415,18403,407,226.0,3233,3183,4fec2ec87e17ade5b340a00e2f95e714e871c644894d78e3e73c5eed1f3cefd7,2.8,8007.0,1385.0,False,21690,497,-3287,-90
w120_i080_mn9_only_631415,w120_i080,mn9_only,631415,21009,497,162.0,3233,3183,4fec2ec87e17ade5b340a00e2f95e714e871c644894d78e3e73c5eed1f3cefd7,2.8,1173.0,116.0,False,21690,497,-681,0
w120_i080_motor_003_631415,w120_i080,motor_003,631415,19319,519,151.0,3233,3183,4fec2ec87e17ade5b340a00e2f95e714e871c644894d78e3e73c5eed1f3cefd7,3.2,5795.0,829.0,False,21690,497,-2371,22
w120_i080_motor_004_631415,w120_i080,motor_004,631415,19268,520,149.0,3233,3183,4fec2ec87e17ade5b340a00e2f95e714e871c644894d78e3e73c5eed1f3cefd7,2.9000000000000004,6144.0,953.0,False,21690,497,-2422,23
w120_i080_motor_005_631415,w120_i080,motor_005,631415,19155,500,149.0,3233,3183,4fec2ec87e17ade5b340a00e2f95e714e871c644894d78e3e73c5eed1f3cefd7,3.0,5919.0,901.0,False,21690,497,-2535,3
w120_i080_mode_631416,w120_i080,mode,631416,17865,392,227.0,3133,3085,983be3a36ca84d69d8a9627809bfe4679716991660b5631e6a0b9849f2e4e985,2.6000000000000005,7266.0,1288.0,False,20447,486,-2582,-94
w120_i080_mode_without_mn9_631416,w120_i080,mode_without_mn9,631416,17833,407,226.0,3133,3085,983be3a36ca84d69d8a9627809bfe4679716991660b5631e6a0b9849f2e4e985,2.8,7390.0,1306.0,False,20447,486,-2614,-79
w120_i080_mn9_only_631416,w120_i080,mn9_only,631416,21110,473,171.0,3133,3085,983be3a36ca84d69d8a9627809bfe4679716991660b5631e6a0b9849f2e4e985,2.8,1097.0,157.0,False,20447,486,663,-13
w120_i080_motor_003_631416,w120_i080,motor_003,631416,18673,504,148.0,3133,3085,983be3a36ca84d69d8a9627809bfe4679716991660b5631e6a0b9849f2e4e985,2.9000000000000004,5758.0,868.0,False,20447,486,-1774,18
w120_i080_motor_004_631416,w120_i080,motor_004,631416,18360,509,147.0,3133,3085,983be3a36ca84d69d8a9627809bfe4679716991660b5631e6a0b9849f2e4e985,2.9000000000000004,5797.0,847.0,False,20447,486,-2087,23
w120_i080_motor_005_631416,w120_i080,motor_005,631416,18705,508,147.0,3133,3085,983be3a36ca84d69d8a9627809bfe4679716991660b5631e6a0b9849f2e4e985,2.8,5634.0,840.0,False,20447,486,-1742,22
w120_i080_mode_631417,w120_i080,mode,631417,18242,398,223.0,3230,3186,2990fe15c20330ea5052361acbb45694bafbe190076f6d722f6c3b73598a6cdf,2.8,7875.0,1430.0,False,21411,473,-3169,-75
w120_i080_mode_without_mn9_631417,w120_i080,mode_without_mn9,631417,18440,416,227.0,3230,3186,2990fe15c20330ea5052361acbb45694bafbe190076f6d722f6c3b73598a6cdf,2.9000000000000004,8069.0,1453.0,False,21411,473,-2971,-57
w120_i080_mn9_only_631417,w120_i080,mn9_only,631417,21176,477,177.0,3230,3186,2990fe15c20330ea5052361acbb45694bafbe190076f6d722f6c3b73598a6cdf,2.7,1031.0,134.0,False,21411,473,-235,4
w120_i080_motor_003_631417,w120_i080,motor_003,631417,19329,530,152.0,3230,3186,2990fe15c20330ea5052361acbb45694bafbe190076f6d722f6c3b73598a6cdf,3.0,5724.0,847.0,False,21411,473,-2082,57
w120_i080_motor_004_631417,w120_i080,motor_004,631417,19483,506,151.0,3230,3186,2990fe15c20330ea5052361acbb45694bafbe190076f6d722f6c3b73598a6cdf,3.0,5710.0,778.0,False,21411,473,-1928,33
w120_i080_motor_005_631417,w120_i080,motor_005,631417,19479,518,152.0,3230,3186,2990fe15c20330ea5052361acbb45694bafbe190076f6d722f6c3b73598a6cdf,3.0,5840.0,860.0,False,21411,473,-1932,45
w120_i080_mode_631418,w120_i080,mode,631418,18358,399,232.0,3286,3238,46de1871008b658723cab9a3d5b408a4492db89e0603e0eef1ad3cc9eeef8fea,2.8,8047.0,1477.0,False,21425,483,-3067,-84
w120_i080_mode_without_mn9_631418,w120_i080,mode_without_mn9,631418,18076,397,226.0,3286,3238,46de1871008b658723cab9a3d5b408a4492db89e0603e0eef1ad3cc9eeef8fea,2.8,7895.0,1468.0,False,21425,483,-3349,-86
w120_i080_mn9_only_631418,w120_i080,mn9_only,631418,21537,523,162.0,3286,3238,46de1871008b658723cab9a3d5b408a4492db89e0603e0eef1ad3cc9eeef8fea,2.8,1260.0,119.0,False,21425,483,112,40
w120_i080_motor_003_631418,w120_i080,motor_003,631418,19871,549,147.0,3286,3238,46de1871008b658723cab9a3d5b408a4492db89e0603e0eef1ad3cc9eeef8fea,3.0,6088.0,946.0,False,21425,483,-1554,66
w120_i080_motor_004_631418,w120_i080,motor_004,631418,19569,517,147.0,3286,3238,46de1871008b658723cab9a3d5b408a4492db89e0603e0eef1ad3cc9eeef8fea,3.2,5942.0,846.0,False,21425,483,-1856,34
w120_i080_motor_005_631418,w120_i080,motor_005,631418,19572,514,148.0,3286,3238,46de1871008b658723cab9a3d5b408a4492db89e0603e0eef1ad3cc9eeef8fea,3.1000000000000005,6155.0,890.0,False,21425,483,-1853,31
w120_i080_mode_631419,w120_i080,mode,631419,17814,405,233.0,3139,3083,6f48116eb54c69e28d2a3fd266db36c5d3574765971a6667b9e5865a9eb5e4c8,2.7,7492.0,1356.0,False,20446,503,-2632,-98
w120_i080_mode_without_mn9_631419,w120_i080,mode_without_mn9,631419,17625,386,226.0,3139,3083,6f48116eb54c69e28d2a3fd266db36c5d3574765971a6667b9e5865a9eb5e4c8,2.7,7491.0,1373.0,False,20446,503,-2821,-117
w120_i080_mn9_only_631419,w120_i080,mn9_only,631419,20530,519,164.0,3139,3083,6f48116eb54c69e28d2a3fd266db36c5d3574765971a6667b9e5865a9eb5e4c8,2.8,1242.0,134.0,False,20446,503,84,16
w120_i080_motor_003_631419,w120_i080,motor_003,631419,19135,514,149.0,3139,3083,6f48116eb54c69e28d2a3fd266db36c5d3574765971a6667b9e5865a9eb5e4c8,3.1000000000000005,5381.0,777.0,False,20446,503,-1311,11
w120_i080_motor_004_631419,w120_i080,motor_004,631419,18709,516,149.0,3139,3083,6f48116eb54c69e28d2a3fd266db36c5d3574765971a6667b9e5865a9eb5e4c8,3.0,5587.0,807.0,False,20446,503,-1737,13
w120_i080_motor_005_631419,w120_i080,motor_005,631419,19027,513,150.0,3139,3083,6f48116eb54c69e28d2a3fd266db36c5d3574765971a6667b9e5865a9eb5e4c8,3.0,5517.0,833.0,False,20446,503,-1419,10
w120_i080_mode_631420,w120_i080,mode,631420,17350,395,230.0,3085,3025,6c8e7959a7ed9c033caf1f7699f74167c8a00e3bd5d56fc4d704ed1347646d89,2.8,7759.0,1394.0,False,20741,497,-3391,-102
w120_i080_mode_without_mn9_631420,w120_i080,mode_without_mn9,631420,17822,395,222.0,3085,3025,6c8e7959a7ed9c033caf1f7699f74167c8a00e3bd5d56fc4d704ed1347646d89,2.8,7803.0,1348.0,False,20741,497,-2919,-102
w120_i080_mn9_only_631420,w120_i080,mn9_only,631420,21083,490,178.0,3085,3024,6c8e7959a7ed9c033caf1f7699f74167c8a00e3bd5d56fc4d704ed1347646d89,2.7,916.0,95.0,False,20741,497,342,-7
w120_i080_motor_003_631420,w120_i080,motor_003,631420,18364,509,147.0,3085,3025,6c8e7959a7ed9c033caf1f7699f74167c8a00e3bd5d56fc4d704ed1347646d89,2.9000000000000004,5873.0,903.0,False,20741,497,-2377,12
w120_i080_motor_004_631420,w120_i080,motor_004,631420,19118,543,147.0,3085,3025,6c8e7959a7ed9c033caf1f7699f74167c8a00e3bd5d56fc4d704ed1347646d89,3.0,5659.0,813.0,False,20741,497,-1623,46
w120_i080_motor_005_631420,w120_i080,motor_005,631420,18538,516,148.0,3085,3025,6c8e7959a7ed9c033caf1f7699f74167c8a00e3bd5d56fc4d704ed1347646d89,3.0,5843.0,897.0,False,20741,497,-2203,19
w120_i080_mode_631421,w120_i080,mode,631421,18274,399,230.0,3210,3153,59022bd53269375055fcd296502d7a4ec89f47ec92a0a51b5f5ee94d108663ec,2.9000000000000004,8119.0,1428.0,False,21025,498,-2751,-99
w120_i080_mode_without_mn9_631421,w120_i080,mode_without_mn9,631421,17791,384,232.0,3210,3153,59022bd53269375055fcd296502d7a4ec89f47ec92a0a51b5f5ee94d108663ec,2.8,7940.0,1449.0,False,21025,498,-3234,-114
w120_i080_mn9_only_631421,w120_i080,mn9_only,631421,21023,505,155.0,3210,3153,59022bd53269375055fcd296502d7a4ec89f47ec92a0a51b5f5ee94d108663ec,2.7,1082.0,93.0,False,21025,498,-2,7
w120_i080_motor_003_631421,w120_i080,motor_003,631421,19303,509,151.0,3210,3153,59022bd53269375055fcd296502d7a4ec89f47ec92a0a51b5f5ee94d108663ec,2.8,5662.0,817.0,False,21025,498,-1722,11
w120_i080_motor_004_631421,w120_i080,motor_004,631421,19051,505,151.0,3210,3153,59022bd53269375055fcd296502d7a4ec89f47ec92a0a51b5f5ee94d108663ec,3.0,5828.0,799.0,False,21025,498,-1974,7
w120_i080_motor_005_631421,w120_i080,motor_005,631421,18792,499,150.0,3210,3153,59022bd53269375055fcd296502d7a4ec89f47ec92a0a51b5f5ee94d108663ec,3.0,6059.0,845.0,False,21025,498,-2233,1
w120_i080_mode_631422,w120_i080,mode,631422,17568,393,229.0,3097,3066,2e7e47c1064ebd8647f5e211d459f5818e5fd2f6414577d90d3f28fc093b6e36,2.8,8219.0,1456.0,False,21227,476,-3659,-83
w120_i080_mode_without_mn9_631422,w120_i080,mode_without_mn9,631422,17634,383,229.0,3097,3066,2e7e47c1064ebd8647f5e211d459f5818e5fd2f6414577d90d3f28fc093b6e36,2.7,8089.0,1439.0,False,21227,476,-3593,-93
w120_i080_mn9_only_631422,w120_i080,mn9_only,631422,20217,477,162.0,3097,3066,2e7e47c1064ebd8647f5e211d459f5818e5fd2f6414577d90d3f28fc093b6e36,2.7,1326.0,134.0,False,21227,476,-1010,1
w120_i080_motor_003_631422,w120_i080,motor_003,631422,18844,524,149.0,3097,3066,2e7e47c1064ebd8647f5e211d459f5818e5fd2f6414577d90d3f28fc093b6e36,3.0,5921.0,911.0,False,21227,476,-2383,48
w120_i080_motor_004_631422,w120_i080,motor_004,631422,18917,497,148.0,3097,3066,2e7e47c1064ebd8647f5e211d459f5818e5fd2f6414577d90d3f28fc093b6e36,2.8,6020.0,922.0,False,21227,476,-2310,21
w120_i080_motor_005_631422,w120_i080,motor_005,631422,18644,482,148.0,3097,3066,2e7e47c1064ebd8647f5e211d459f5818e5fd2f6414577d90d3f28fc093b6e36,2.9000000000000004,6079.0,912.0,False,21227,476,-2583,6
w120_i080_mode_631423,w120_i080,mode,631423,80768,11038,226.0,3116,3064,e27e23e46e2dc5a392403f453a37b8509da014334d187fa858576e04985a583d,2.5,70958.0,1485.0,False,21064,500,59704,10538
w120_i080_mode_without_mn9_631423,w120_i080,mode_without_mn9,631423,17671,407,231.0,3116,3064,e27e23e46e2dc5a392403f453a37b8509da014334d187fa858576e04985a583d,2.8,8227.0,1472.0,False,21064,500,-3393,-93
w120_i080_mn9_only_631423,w120_i080,mn9_only,631423,20925,477,169.0,3116,3064,e27e23e46e2dc5a392403f453a37b8509da014334d187fa858576e04985a583d,2.7,891.0,92.0,False,21064,500,-139,-23
w120_i080_motor_003_631423,w120_i080,motor_003,631423,18716,524,150.0,3116,3064,e27e23e46e2dc5a392403f453a37b8509da014334d187fa858576e04985a583d,3.0,5666.0,848.0,False,21064,500,-2348,24
w120_i080_motor_004_631423,w120_i080,motor_004,631423,18588,512,150.0,3116,3064,e27e23e46e2dc5a392403f453a37b8509da014334d187fa858576e04985a583d,3.0,5766.0,919.0,False,21064,500,-2476,12
w120_i080_motor_005_631423,w120_i080,motor_005,631423,18894,506,150.0,3116,3064,e27e23e46e2dc5a392403f453a37b8509da014334d187fa858576e04985a583d,3.0,5852.0,873.0,False,21064,500,-2170,6
w120_i080_mode_631424,w120_i080,mode,631424,17904,393,230.0,3085,3046,73556388aa50eba89fdfcc280e02713d26007b18afa395c1fb37bf28b3e788bf,2.7,8074.0,1536.0,False,20690,480,-2786,-87
w120_i080_mode_without_mn9_631424,w120_i080,mode_without_mn9,631424,17840,402,228.0,3085,3046,73556388aa50eba89fdfcc280e02713d26007b18afa395c1fb37bf28b3e788bf,2.8,7992.0,1518.0,False,20690,480,-2850,-78
w120_i080_mn9_only_631424,w120_i080,mn9_only,631424,20781,501,155.0,3085,3046,73556388aa50eba89fdfcc280e02713d26007b18afa395c1fb37bf28b3e788bf,2.8,1103.0,124.0,False,20690,480,91,21
w120_i080_motor_003_631424,w120_i080,motor_003,631424,19006,527,148.0,3085,3046,73556388aa50eba89fdfcc280e02713d26007b18afa395c1fb37bf28b3e788bf,3.0,5422.0,849.0,False,20690,480,-1684,47
w120_i080_motor_004_631424,w120_i080,motor_004,631424,18426,509,148.0,3085,3046,73556388aa50eba89fdfcc280e02713d26007b18afa395c1fb37bf28b3e788bf,3.0,5952.0,960.0,False,20690,480,-2264,29
w120_i080_motor_005_631424,w120_i080,motor_005,631424,18470,507,148.0,3085,3046,73556388aa50eba89fdfcc280e02713d26007b18afa395c1fb37bf28b3e788bf,3.1000000000000005,5776.0,959.0,False,20690,480,-2220,27
w120_i080_mode_631425,w120_i080,mode,631425,18012,396,227.0,3182,3130,f710ff6463d7ca98dc53926044f0745a7bb669a60a8606de490934473682982b,2.8,8067.0,1504.0,False,21269,490,-3257,-94
w120_i080_mode_without_mn9_631425,w120_i080,mode_without_mn9,631425,17745,400,228.0,3182,3130,f710ff6463d7ca98dc53926044f0745a7bb669a60a8606de490934473682982b,2.9000000000000004,8008.0,1486.0,False,21269,490,-3524,-90
w120_i080_mn9_only_631425,w120_i080,mn9_only,631425,21437,505,155.0,3182,3130,f710ff6463d7ca98dc53926044f0745a7bb669a60a8606de490934473682982b,2.9000000000000004,1098.0,117.0,False,21269,490,168,15
w120_i080_motor_003_631425,w120_i080,motor_003,631425,19315,511,150.0,3182,3130,f710ff6463d7ca98dc53926044f0745a7bb669a60a8606de490934473682982b,3.0,5586.0,805.0,False,21269,490,-1954,21
w120_i080_motor_004_631425,w120_i080,motor_004,631425,19086,479,151.0,3182,3130,f710ff6463d7ca98dc53926044f0745a7bb669a60a8606de490934473682982b,3.0,6001.0,924.0,False,21269,490,-2183,-11
w120_i080_motor_005_631425,w120_i080,motor_005,631425,18797,508,151.0,3182,3130,f710ff6463d7ca98dc53926044f0745a7bb669a60a8606de490934473682982b,3.0,5968.0,928.0,False,21269,490,-2472,18
w120_i080_mode_631426,w120_i080,mode,631426,17724,383,225.0,3167,3127,5b26a62924f518ae79ec0bd6d0af0cb4c529aaf699effb3c35635f63a45e2824,2.8,8078.0,1468.0,False,21002,509,-3278,-126
w120_i080_mode_without_mn9_631426,w120_i080,mode_without_mn9,631426,18105,388,226.0,3167,3127,5b26a62924f518ae79ec0bd6d0af0cb4c529aaf699effb3c35635f63a45e2824,2.8,8081.0,1475.0,False,21002,509,-2897,-121
w120_i080_mn9_only_631426,w120_i080,mn9_only,631426,20512,469,165.0,3167,3127,5b26a62924f518ae79ec0bd6d0af0cb4c529aaf699effb3c35635f63a45e2824,2.9000000000000004,1306.0,175.0,False,21002,509,-490,-40
w120_i080_motor_003_631426,w120_i080,motor_003,631426,19569,529,151.0,3167,3127,5b26a62924f518ae79ec0bd6d0af0cb4c529aaf699effb3c35635f63a45e2824,3.1000000000000005,5087.0,724.0,False,21002,509,-1433,20
w120_i080_motor_004_631426,w120_i080,motor_004,631426,19103,506,151.0,3167,3127,5b26a62924f518ae79ec0bd6d0af0cb4c529aaf699effb3c35635f63a45e2824,3.1000000000000005,5497.0,776.0,False,21002,509,-1899,-3
w120_i080_motor_005_631426,w120_i080,motor_005,631426,19373,492,150.0,3167,3127,5b26a62924f518ae79ec0bd6d0af0cb4c529aaf699effb3c35635f63a45e2824,3.1000000000000005,5435.0,768.0,False,21002,509,-1629,-17
w120_i080_mode_631427,w120_i080,mode,631427,17471,389,231.0,3032,2989,a5ef70bc66f08b067cc69ccfd2ae1c8787b249a41d1926d119f34e0f2034a500,2.8,8251.0,1516.0,False,20858,500,-3387,-111
w120_i080_mode_without_mn9_631427,w120_i080,mode_without_mn9,631427,17433,394,229.0,3032,2989,a5ef70bc66f08b067cc69ccfd2ae1c8787b249a41d1926d119f34e0f2034a500,2.9000000000000004,8103.0,1476.0,False,20858,500,-3425,-106
w120_i080_mn9_only_631427,w120_i080,mn9_only,631427,20813,503,165.0,3032,2989,a5ef70bc66f08b067cc69ccfd2ae1c8787b249a41d1926d119f34e0f2034a500,2.8,945.0,70.0,False,20858,500,-45,3
w120_i080_motor_003_631427,w120_i080,motor_003,631427,18394,529,146.0,3032,2989,a5ef70bc66f08b067cc69ccfd2ae1c8787b249a41d1926d119f34e0f2034a500,3.0,5836.0,945.0,False,20858,500,-2464,29
w120_i080_motor_004_631427,w120_i080,motor_004,631427,739680,13097,306.0,3032,2989,a5ef70bc66f08b067cc69ccfd2ae1c8787b249a41d1926d119f34e0f2034a500,2.4000000000000004,737966.0,2037.0,False,20858,500,718822,12597
w120_i080_motor_005_631427,w120_i080,motor_005,631427,700297,13070,289.0,3032,2989,a5ef70bc66f08b067cc69ccfd2ae1c8787b249a41d1926d119f34e0f2034a500,2.5,697625.0,1959.0,False,20858,500,679439,12570
w120_i080_mode_631428,w120_i080,mode,631428,17912,390,234.0,3155,3107,6122183b8e1e90ae6da8ea292fcd7052b279cdd5a8099ada7c4e733edef92212,2.8,7829.0,1443.0,False,21139,462,-3227,-72
w120_i080_mode_without_mn9_631428,w120_i080,mode_without_mn9,631428,17899,383,234.0,3155,3107,6122183b8e1e90ae6da8ea292fcd7052b279cdd5a8099ada7c4e733edef92212,2.8,7938.0,1483.0,False,21139,462,-3240,-79
w120_i080_mn9_only_631428,w120_i080,mn9_only,631428,20929,475,162.0,3155,3107,6122183b8e1e90ae6da8ea292fcd7052b279cdd5a8099ada7c4e733edef92212,2.8,1318.0,126.0,False,21139,462,-210,13
w120_i080_motor_003_631428,w120_i080,motor_003,631428,19056,501,149.0,3155,3107,6122183b8e1e90ae6da8ea292fcd7052b279cdd5a8099ada7c4e733edef92212,2.9000000000000004,5725.0,893.0,False,21139,462,-2083,39
w120_i080_motor_004_631428,w120_i080,motor_004,631428,18833,512,148.0,3155,3107,6122183b8e1e90ae6da8ea292fcd7052b279cdd5a8099ada7c4e733edef92212,3.0,6320.0,986.0,False,21139,462,-2306,50
w120_i080_motor_005_631428,w120_i080,motor_005,631428,18869,509,149.0,3155,3107,6122183b8e1e90ae6da8ea292fcd7052b279cdd5a8099ada7c4e733edef92212,3.0,6208.0,957.0,False,21139,462,-2270,47
w120_i080_mode_631429,w120_i080,mode,631429,17719,391,224.0,3149,3103,8e949af61b96f2ea5996e68015b4de8ada41ae02902578e106bf1e865535951c,2.9000000000000004,7708.0,1397.0,False,20863,499,-3144,-108
w120_i080_mode_without_mn9_631429,w120_i080,mode_without_mn9,631429,17782,394,227.0,3149,3103,8e949af61b96f2ea5996e68015b4de8ada41ae02902578e106bf1e865535951c,2.8,7661.0,1358.0,False,20863,499,-3081,-105
w120_i080_mn9_only_631429,w120_i080,mn9_only,631429,21061,473,165.0,3149,3103,8e949af61b96f2ea5996e68015b4de8ada41ae02902578e106bf1e865535951c,2.9000000000000004,1282.0,140.0,False,20863,499,198,-26
w120_i080_motor_003_631429,w120_i080,motor_003,631429,19206,525,146.0,3149,3103,8e949af61b96f2ea5996e68015b4de8ada41ae02902578e106bf1e865535951c,2.9000000000000004,5713.0,840.0,False,20863,499,-1657,26
w120_i080_motor_004_631429,w120_i080,motor_004,631429,18555,506,145.0,3149,3103,8e949af61b96f2ea5996e68015b4de8ada41ae02902578e106bf1e865535951c,3.0,5770.0,854.0,False,20863,499,-2308,7
w120_i080_motor_005_631429,w120_i080,motor_005,631429,21394,1150,146.0,3149,3103,8e949af61b96f2ea5996e68015b4de8ada41ae02902578e106bf1e865535951c,3.2,7957.0,825.0,False,20863,499,531,651
w120_i080_mode_631430,w120_i080,mode,631430,18373,407,225.0,3220,3165,6d4b9a8c6cba3759dc3c6d9e22a48da5044e475e4de4f738cd99fc52ab3370a3,2.8,7690.0,1362.0,False,21429,523,-3056,-116
w120_i080_mode_without_mn9_631430,w120_i080,mode_without_mn9,631430,18484,410,230.0,3220,3165,6d4b9a8c6cba3759dc3c6d9e22a48da5044e475e4de4f738cd99fc52ab3370a3,2.8,7709.0,1363.0,False,21429,523,-2945,-113
w120_i080_mn9_only_631430,w120_i080,mn9_only,631430,492991,11948,230.0,3220,3165,6d4b9a8c6cba3759dc3c6d9e22a48da5044e475e4de4f738cd99fc52ab3370a3,2.5,479264.0,624.0,False,21429,523,471562,11425
w120_i080_motor_003_631430,w120_i080,motor_003,631430,19528,510,150.0,3220,3165,6d4b9a8c6cba3759dc3c6d9e22a48da5044e475e4de4f738cd99fc52ab3370a3,2.9000000000000004,5883.0,849.0,False,21429,523,-1901,-13
w120_i080_motor_004_631430,w120_i080,motor_004,631430,18901,511,150.0,3220,3165,6d4b9a8c6cba3759dc3c6d9e22a48da5044e475e4de4f738cd99fc52ab3370a3,3.0,6116.0,876.0,False,21429,523,-2528,-12
w120_i080_motor_005_631430,w120_i080,motor_005,631430,18909,513,151.0,3220,3165,6d4b9a8c6cba3759dc3c6d9e22a48da5044e475e4de4f738cd99fc52ab3370a3,2.7,6234.0,918.0,False,21429,523,-2520,-10
w120_i100_mode_631401,w120_i100,mode,631401,14649,340,219.0,3114,3070,947b874a1f0642db593a25db863d1d9fafa83f779c71426db44ca34f517f65b4,2.8,6192.0,1241.0,False,15695,425,-1046,-85
w120_i100_mode_without_mn9_631401,w120_i100,mode_without_mn9,631401,14383,337,215.0,3114,3070,947b874a1f0642db593a25db863d1d9fafa83f779c71426db44ca34f517f65b4,2.9000000000000004,6092.0,1258.0,False,15695,425,-1312,-88
w120_i100_mn9_only_631401,w120_i100,mn9_only,631401,16151,420,147.0,3114,3070,947b874a1f0642db593a25db863d1d9fafa83f779c71426db44ca34f517f65b4,2.9000000000000004,934.0,119.0,False,15695,425,456,-5
w120_i100_motor_003_631401,w120_i100,motor_003,631401,14754,436,147.0,3114,3070,947b874a1f0642db593a25db863d1d9fafa83f779c71426db44ca34f517f65b4,3.1000000000000005,4229.0,672.0,False,15695,425,-941,11
w120_i100_motor_004_631401,w120_i100,motor_004,631401,14651,436,149.0,3114,3070,947b874a1f0642db593a25db863d1d9fafa83f779c71426db44ca34f517f65b4,3.0,4358.0,673.0,False,15695,425,-1044,11
w120_i100_motor_005_631401,w120_i100,motor_005,631401,14345,417,147.0,3114,3070,947b874a1f0642db593a25db863d1d9fafa83f779c71426db44ca34f517f65b4,2.7,4406.0,679.0,False,15695,425,-1350,-8
w120_i100_mode_631402,w120_i100,mode,631402,15280,343,216.0,3215,3170,68ec43809259fe87f64b275dd4e8d65eabc89f96fc2222a86e3b60ee2fe6c834,2.9000000000000004,6462.0,1289.0,False,16382,430,-1102,-87
w120_i100_mode_without_mn9_631402,w120_i100,mode_without_mn9,631402,15197,345,230.0,3215,3170,68ec43809259fe87f64b275dd4e8d65eabc89f96fc2222a86e3b60ee2fe6c834,2.7,6587.0,1349.0,False,16382,430,-1185,-85
w120_i100_mn9_only_631402,w120_i100,mn9_only,631402,16924,420,151.0,3215,3170,68ec43809259fe87f64b275dd4e8d65eabc89f96fc2222a86e3b60ee2fe6c834,2.8,1112.0,147.0,False,16382,430,542,-10
w120_i100_motor_003_631402,w120_i100,motor_003,631402,15025,424,152.0,3215,3170,68ec43809259fe87f64b275dd4e8d65eabc89f96fc2222a86e3b60ee2fe6c834,2.8,4325.0,657.0,False,16382,430,-1357,-6
w120_i100_motor_004_631402,w120_i100,motor_004,631402,15291,429,149.0,3215,3170,68ec43809259fe87f64b275dd4e8d65eabc89f96fc2222a86e3b60ee2fe6c834,2.9000000000000004,4313.0,673.0,False,16382,430,-1091,-1
w120_i100_motor_005_631402,w120_i100,motor_005,631402,15209,444,151.0,3215,3170,68ec43809259fe87f64b275dd4e8d65eabc89f96fc2222a86e3b60ee2fe6c834,3.1000000000000005,4393.0,687.0,False,16382,430,-1173,14
w120_i100_mode_631403,w120_i100,mode,631403,14648,342,216.0,3125,3088,ce434629d3484ce495a73482e054fe33ac6fc25ee2b7c015d104242563100383,2.8,5892.0,1184.0,False,15866,416,-1218,-74
w120_i100_mode_without_mn9_631403,w120_i100,mode_without_mn9,631403,14834,350,227.0,3125,3088,ce434629d3484ce495a73482e054fe33ac6fc25ee2b7c015d104242563100383,2.9000000000000004,5888.0,1193.0,False,15866,416,-1032,-66
w120_i100_mn9_only_631403,w120_i100,mn9_only,631403,15752,415,147.0,3125,3088,ce434629d3484ce495a73482e054fe33ac6fc25ee2b7c015d104242563100383,2.9000000000000004,762.0,75.0,False,15866,416,-114,-1
w120_i100_motor_003_631403,w120_i100,motor_003,631403,14757,448,148.0,3125,3088,ce434629d3484ce495a73482e054fe33ac6fc25ee2b7c015d104242563100383,3.1000000000000005,4041.0,612.0,False,15866,416,-1109,32
w120_i100_motor_004_631403,w120_i100,motor_004,631403,14793,426,148.0,3125,3088,ce434629d3484ce495a73482e054fe33ac6fc25ee2b7c015d104242563100383,3.1000000000000005,4245.0,647.0,False,15866,416,-1073,10
w120_i100_motor_005_631403,w120_i100,motor_005,631403,14469,441,147.0,3125,3088,ce434629d3484ce495a73482e054fe33ac6fc25ee2b7c015d104242563100383,2.9000000000000004,4213.0,609.0,False,15866,416,-1397,25
w120_i100_mode_631404,w120_i100,mode,631404,14736,337,224.0,3108,3050,f95218a1ea37745551ca6815bec1fc551432e6125112557ee79f6d520493e2fb,2.6000000000000005,6316.0,1261.0,False,15776,412,-1040,-75
w120_i100_mode_without_mn9_631404,w120_i100,mode_without_mn9,631404,14629,331,222.0,3108,3050,f95218a1ea37745551ca6815bec1fc551432e6125112557ee79f6d520493e2fb,2.8,6267.0,1236.0,False,15776,412,-1147,-81
w120_i100_mn9_only_631404,w120_i100,mn9_only,631404,15714,410,148.0,3108,3050,f95218a1ea37745551ca6815bec1fc551432e6125112557ee79f6d520493e2fb,2.7,1030.0,148.0,False,15776,412,-62,-2
w120_i100_motor_003_631404,w120_i100,motor_003,631404,15026,445,146.0,3108,3050,f95218a1ea37745551ca6815bec1fc551432e6125112557ee79f6d520493e2fb,3.1000000000000005,4106.0,614.0,False,15776,412,-750,33
w120_i100_motor_004_631404,w120_i100,motor_004,631404,14455,435,147.0,3108,3050,f95218a1ea37745551ca6815bec1fc551432e6125112557ee79f6d520493e2fb,3.1000000000000005,4383.0,682.0,False,15776,412,-1321,23
w120_i100_motor_005_631404,w120_i100,motor_005,631404,14474,415,146.0,3108,3050,f95218a1ea37745551ca6815bec1fc551432e6125112557ee79f6d520493e2fb,3.1000000000000005,4342.0,658.0,False,15776,412,-1302,3
w120_i100_mode_631405,w120_i100,mode,631405,14889,345,225.0,3129,3075,36e28093cf09c4bf4c1c02102fdc1b3f219da0d4b16c463306c0193d088d5804,2.9000000000000004,6315.0,1281.0,False,16128,425,-1239,-80
w120_i100_mode_without_mn9_631405,w120_i100,mode_without_mn9,631405,14525,337,221.0,3129,3075,36e28093cf09c4bf4c1c02102fdc1b3f219da0d4b16c463306c0193d088d5804,2.8,6271.0,1299.0,False,16128,425,-1603,-88
w120_i100_mn9_only_631405,w120_i100,mn9_only,631405,16325,433,150.0,3129,3075,36e28093cf09c4bf4c1c02102fdc1b3f219da0d4b16c463306c0193d088d5804,2.8,923.0,100.0,False,16128,425,197,8
w120_i100_motor_003_631405,w120_i100,motor_003,631405,14719,429,150.0,3129,3075,36e28093cf09c4bf4c1c02102fdc1b3f219da0d4b16c463306c0193d088d5804,3.0,4333.0,708.0,False,16128,425,-1409,4
w120_i100_motor_004_631405,w120_i100,motor_004,631405,15073,435,150.0,3129,3075,36e28093cf09c4bf4c1c02102fdc1b3f219da0d4b16c463306c0193d088d5804,2.9000000000000004,4473.0,709.0,False,16128,425,-1055,10
w120_i100_motor_005_631405,w120_i100,motor_005,631405,14823,438,150.0,3129,3075,36e28093cf09c4bf4c1c02102fdc1b3f219da0d4b16c463306c0193d088d5804,2.9000000000000004,4581.0,729.0,False,16128,425,-1305,13
w120_i100_mode_631406,w120_i100,mode,631406,14811,338,226.0,3140,3098,0863e7b24dfaae64071a8059c2628849bec7706d10bff82c1fb11d9bde965e8e,2.9000000000000004,5871.0,1213.0,False,16356,418,-1545,-80
w120_i100_mode_without_mn9_631406,w120_i100,mode_without_mn9,631406,15026,337,224.0,3140,3098,0863e7b24dfaae64071a8059c2628849bec7706d10bff82c1fb11d9bde965e8e,2.7,5920.0,1203.0,False,16356,418,-1330,-81
w120_i100_mn9_only_631406,w120_i100,mn9_only,631406,16404,430,149.0,3140,3098,0863e7b24dfaae64071a8059c2628849bec7706d10bff82c1fb11d9bde965e8e,2.9000000000000004,862.0,108.0,False,16356,418,48,12
w120_i100_motor_003_631406,w120_i100,motor_003,631406,14688,436,148.0,3140,3098,0863e7b24dfaae64071a8059c2628849bec7706d10bff82c1fb11d9bde965e8e,3.3,4600.0,675.0,False,16356,418,-1668,18
w120_i100_motor_004_631406,w120_i100,motor_004,631406,15087,436,149.0,3140,3098,0863e7b24dfaae64071a8059c2628849bec7706d10bff82c1fb11d9bde965e8e,3.1000000000000005,4679.0,726.0,False,16356,418,-1269,18
w120_i100_motor_005_631406,w120_i100,motor_005,631406,14645,430,149.0,3140,3098,0863e7b24dfaae64071a8059c2628849bec7706d10bff82c1fb11d9bde965e8e,2.9000000000000004,4751.0,655.0,False,16356,418,-1711,12
w120_i100_mode_631407,w120_i100,mode,631407,14534,343,215.0,3078,3032,603c4b79b2112ccc7962759aca718cc6b7554ee1d572ac83aac65f335ad40c87,2.8,6325.0,1340.0,False,16253,426,-1719,-83
w120_i100_mode_without_mn9_631407,w120_i100,mode_without_mn9,631407,14595,338,224.0,3078,3032,603c4b79b2112ccc7962759aca718cc6b7554ee1d572ac83aac65f335ad40c87,2.7,6356.0,1339.0,False,16253,426,-1658,-88
w120_i100_mn9_only_631407,w120_i100,mn9_only,631407,15726,415,147.0,3078,3032,603c4b79b2112ccc7962759aca718cc6b7554ee1d572ac83aac65f335ad40c87,2.8,1175.0,179.0,False,16253,426,-527,-11
w120_i100_motor_003_631407,w120_i100,motor_003,631407,15097,438,147.0,3078,3032,603c4b79b2112ccc7962759aca718cc6b7554ee1d572ac83aac65f335ad40c87,3.0,4326.0,613.0,False,16253,426,-1156,12
w120_i100_motor_004_631407,w120_i100,motor_004,631407,14529,429,146.0,3078,3032,603c4b79b2112ccc7962759aca718cc6b7554ee1d572ac83aac65f335ad40c87,3.2,4624.0,701.0,False,16253,426,-1724,3
w120_i100_motor_005_631407,w120_i100,motor_005,631407,14504,431,146.0,3078,3032,603c4b79b2112ccc7962759aca718cc6b7554ee1d572ac83aac65f335ad40c87,3.1000000000000005,4679.0,730.0,False,16253,426,-1749,5
w120_i100_mode_631408,w120_i100,mode,631408,15191,348,223.0,3174,3129,a110f03f41d329a5a4ff5a93990a26dc2328fbce2bc702db76f24d98fae3f09d,2.9000000000000004,6466.0,1287.0,False,16363,414,-1172,-66
w120_i100_mode_without_mn9_631408,w120_i100,mode_without_mn9,631408,15105,337,220.0,3174,3129,a110f03f41d329a5a4ff5a93990a26dc2328fbce2bc702db76f24d98fae3f09d,2.8,6340.0,1266.0,False,16363,414,-1258,-77
w120_i100_mn9_only_631408,w120_i100,mn9_only,631408,16349,428,150.0,3174,3129,a110f03f41d329a5a4ff5a93990a26dc2328fbce2bc702db76f24d98fae3f09d,2.9000000000000004,856.0,80.0,False,16363,414,-14,14
w120_i100_motor_003_631408,w120_i100,motor_003,631408,15281,428,149.0,3174,3129,a110f03f41d329a5a4ff5a93990a26dc2328fbce2bc702db76f24d98fae3f09d,3.0,4456.0,686.0,False,16363,414,-1082,14
w120_i100_motor_004_631408,w120_i100,motor_004,631408,14904,437,150.0,3174,3129,a110f03f41d329a5a4ff5a93990a26dc2328fbce2bc702db76f24d98fae3f09d,3.1000000000000005,4777.0,796.0,False,16363,414,-1459,23
w120_i100_motor_005_631408,w120_i100,motor_005,631408,15564,429,150.0,3174,3129,a110f03f41d329a5a4ff5a93990a26dc2328fbce2bc702db76f24d98fae3f09d,2.9000000000000004,4621.0,728.0,False,16363,414,-799,15
w120_i100_mode_631409,w120_i100,mode,631409,14880,342,225.0,3172,3119,458135437fed78e2cb995ecea989c1e7899b44fe7fb9ff633318a47c2a8515aa,2.8,6646.0,1346.0,False,16416,423,-1536,-81
w120_i100_mode_without_mn9_631409,w120_i100,mode_without_mn9,631409,14817,344,227.0,3172,3119,458135437fed78e2cb995ecea989c1e7899b44fe7fb9ff633318a47c2a8515aa,2.8,6623.0,1338.0,False,16416,423,-1599,-79
w120_i100_mn9_only_631409,w120_i100,mn9_only,631409,16229,421,148.0,3172,3119,458135437fed78e2cb995ecea989c1e7899b44fe7fb9ff633318a47c2a8515aa,2.9000000000000004,813.0,90.0,False,16416,423,-187,-2
w120_i100_motor_003_631409,w120_i100,motor_003,631409,14948,426,147.0,3172,3119,458135437fed78e2cb995ecea989c1e7899b44fe7fb9ff633318a47c2a8515aa,3.0,4376.0,641.0,False,16416,423,-1468,3
w120_i100_motor_004_631409,w120_i100,motor_004,631409,14939,426,148.0,3172,3119,458135437fed78e2cb995ecea989c1e7899b44fe7fb9ff633318a47c2a8515aa,2.9000000000000004,4395.0,631.0,False,16416,423,-1477,3
w120_i100_motor_005_631409,w120_i100,motor_005,631409,14630,424,148.0,3172,3119,458135437fed78e2cb995ecea989c1e7899b44fe7fb9ff633318a47c2a8515aa,3.0,4530.0,707.0,False,16416,423,-1786,1
w120_i100_mode_631410,w120_i100,mode,631410,15064,360,221.0,3118,3072,561dbc154010d17b8c5d824d3dcbb379bbc8a4e8424cbff78bb956580dcd795f,2.9000000000000004,6726.0,1375.0,False,16314,422,-1250,-62
w120_i100_mode_without_mn9_631410,w120_i100,mode_without_mn9,631410,14648,353,226.0,3118,3072,561dbc154010d17b8c5d824d3dcbb379bbc8a4e8424cbff78bb956580dcd795f,2.8,6648.0,1395.0,False,16314,422,-1666,-69
w120_i100_mn9_only_631410,w120_i100,mn9_only,631410,15847,425,148.0,3118,3072,561dbc154010d17b8c5d824d3dcbb379bbc8a4e8424cbff78bb956580dcd795f,2.9000000000000004,945.0,158.0,False,16314,422,-467,3
w120_i100_motor_003_631410,w120_i100,motor_003,631410,15002,429,148.0,3118,3072,561dbc154010d17b8c5d824d3dcbb379bbc8a4e8424cbff78bb956580dcd795f,3.1000000000000005,4358.0,663.0,False,16314,422,-1312,7
w120_i100_motor_004_631410,w120_i100,motor_004,631410,14860,425,148.0,3118,3071,561dbc154010d17b8c5d824d3dcbb379bbc8a4e8424cbff78bb956580dcd795f,3.0,4570.0,764.0,False,16314,422,-1454,3
w120_i100_motor_005_631410,w120_i100,motor_005,631410,14741,421,148.0,3118,3072,561dbc154010d17b8c5d824d3dcbb379bbc8a4e8424cbff78bb956580dcd795f,3.0,4337.0,648.0,False,16314,422,-1573,-1
w120_i100_mode_631411,w120_i100,mode,631411,15114,329,225.0,3226,3176,22c7bbdba5b1f37cef84a66f763b43c863ac85629eb59bf6f9c0097493189b0b,2.8,6424.0,1293.0,False,16676,420,-1562,-91
w120_i100_mode_without_mn9_631411,w120_i100,mode_without_mn9,631411,15002,324,222.0,3226,3176,22c7bbdba5b1f37cef84a66f763b43c863ac85629eb59bf6f9c0097493189b0b,2.8,6446.0,1305.0,False,16676,420,-1674,-96
w120_i100_mn9_only_631411,w120_i100,mn9_only,631411,16827,414,153.0,3226,3176,22c7bbdba5b1f37cef84a66f763b43c863ac85629eb59bf6f9c0097493189b0b,2.7,815.0,97.0,False,16676,420,151,-6
w120_i100_motor_003_631411,w120_i100,motor_003,631411,15149,431,151.0,3226,3176,22c7bbdba5b1f37cef84a66f763b43c863ac85629eb59bf6f9c0097493189b0b,3.1000000000000005,4359.0,636.0,False,16676,420,-1527,11
w120_i100_motor_004_631411,w120_i100,motor_004,631411,15339,438,153.0,3226,3176,22c7bbdba5b1f37cef84a66f763b43c863ac85629eb59bf6f9c0097493189b0b,3.2,4603.0,713.0,False,16676,420,-1337,18
w120_i100_motor_005_631411,w120_i100,motor_005,631411,14979,421,150.0,3226,3176,22c7bbdba5b1f37cef84a66f763b43c863ac85629eb59bf6f9c0097493189b0b,3.1000000000000005,4553.0,674.0,False,16676,420,-1697,1
w120_i100_mode_631412,w120_i100,mode,631412,14922,322,225.0,3219,3155,8a950cbb70621f799e7b21b7adce161b71f800da95c71582ce42614881a76e54,2.8,6618.0,1350.0,False,16786,421,-1864,-99
w120_i100_mode_without_mn9_631412,w120_i100,mode_without_mn9,631412,15009,330,225.0,3219,3155,8a950cbb70621f799e7b21b7adce161b71f800da95c71582ce42614881a76e54,2.8,6463.0,1294.0,False,16786,421,-1777,-91
w120_i100_mn9_only_631412,w120_i100,mn9_only,631412,16409,420,150.0,3219,3155,8a950cbb70621f799e7b21b7adce161b71f800da95c71582ce42614881a76e54,2.9000000000000004,807.0,123.0,False,16786,421,-377,-1
w120_i100_motor_003_631412,w120_i100,motor_003,631412,14958,423,150.0,3219,3155,8a950cbb70621f799e7b21b7adce161b71f800da95c71582ce42614881a76e54,3.1000000000000005,4570.0,676.0,False,16786,421,-1828,2
w120_i100_motor_004_631412,w120_i100,motor_004,631412,15002,434,150.0,3219,3155,8a950cbb70621f799e7b21b7adce161b71f800da95c71582ce42614881a76e54,3.1000000000000005,4772.0,769.0,False,16786,421,-1784,13
w120_i100_motor_005_631412,w120_i100,motor_005,631412,15271,436,150.0,3219,3155,8a950cbb70621f799e7b21b7adce161b71f800da95c71582ce42614881a76e54,3.1000000000000005,4591.0,647.0,False,16786,421,-1515,15
w120_i100_mode_631413,w120_i100,mode,631413,15079,354,226.0,3264,3210,7f2670b931c35e7aa1a4d1c0c682c0045b38f5d7a6131756b2a6f74759e70005,2.8,6478.0,1351.0,False,16863,414,-1784,-60
w120_i100_mode_without_mn9_631413,w120_i100,mode_without_mn9,631413,15280,354,224.0,3264,3210,7f2670b931c35e7aa1a4d1c0c682c0045b38f5d7a6131756b2a6f74759e70005,2.8,6387.0,1296.0,False,16863,414,-1583,-60
w120_i100_mn9_only_631413,w120_i100,mn9_only,631413,16462,412,149.0,3264,3210,7f2670b931c35e7aa1a4d1c0c682c0045b38f5d7a6131756b2a6f74759e70005,2.9000000000000004,791.0,83.0,False,16863,414,-401,-2
w120_i100_motor_003_631413,w120_i100,motor_003,631413,15779,459,149.0,3264,3210,7f2670b931c35e7aa1a4d1c0c682c0045b38f5d7a6131756b2a6f74759e70005,3.0,4528.0,713.0,False,16863,414,-1084,45
w120_i100_motor_004_631413,w120_i100,motor_004,631413,15600,443,150.0,3264,3210,7f2670b931c35e7aa1a4d1c0c682c0045b38f5d7a6131756b2a6f74759e70005,3.0,4565.0,695.0,False,16863,414,-1263,29
w120_i100_motor_005_631413,w120_i100,motor_005,631413,14939,440,149.0,3264,3210,7f2670b931c35e7aa1a4d1c0c682c0045b38f5d7a6131756b2a6f74759e70005,3.3,4784.0,753.0,False,16863,414,-1924,26
w120_i100_mode_631414,w120_i100,mode,631414,14644,339,221.0,3060,3020,b05f750a0b66a38d43a6565df118f40419adfc2f82250bd2929914ad2812c2d3,2.7,6174.0,1219.0,False,16462,422,-1818,-83
w120_i100_mode_without_mn9_631414,w120_i100,mode_without_mn9,631414,14736,352,221.0,3060,3020,b05f750a0b66a38d43a6565df118f40419adfc2f82250bd2929914ad2812c2d3,2.8,6130.0,1233.0,False,16462,422,-1726,-70
w120_i100_mn9_only_631414,w120_i100,mn9_only,631414,16200,417,148.0,3060,3020,b05f750a0b66a38d43a6565df118f40419adfc2f82250bd2929914ad2812c2d3,2.8,1172.0,171.0,False,16462,422,-262,-5
w120_i100_motor_003_631414,w120_i100,motor_003,631414,14281,427,147.0,3060,3020,b05f750a0b66a38d43a6565df118f40419adfc2f82250bd2929914ad2812c2d3,3.1000000000000005,4803.0,770.0,False,16462,422,-2181,5
w120_i100_motor_004_631414,w120_i100,motor_004,631414,14487,444,147.0,3060,3020,b05f750a0b66a38d43a6565df118f40419adfc2f82250bd2929914ad2812c2d3,3.1000000000000005,4781.0,736.0,False,16462,422,-1975,22
w120_i100_motor_005_631414,w120_i100,motor_005,631414,14822,436,147.0,3060,3020,b05f750a0b66a38d43a6565df118f40419adfc2f82250bd2929914ad2812c2d3,3.2,4540.0,665.0,False,16462,422,-1640,14
w120_i100_mode_631415,w120_i100,mode,631415,15034,346,221.0,3233,3183,4fec2ec87e17ade5b340a00e2f95e714e871c644894d78e3e73c5eed1f3cefd7,2.8,6282.0,1303.0,False,16990,430,-1956,-84
w120_i100_mode_without_mn9_631415,w120_i100,mode_without_mn9,631415,15194,347,223.0,3233,3183,4fec2ec87e17ade5b340a00e2f95e714e871c644894d78e3e73c5eed1f3cefd7,2.9000000000000004,6442.0,1330.0,False,16990,430,-1796,-83
w120_i100_mn9_only_631415,w120_i100,mn9_only,631415,16544,425,148.0,3233,3183,4fec2ec87e17ade5b340a00e2f95e714e871c644894d78e3e73c5eed1f3cefd7,2.9000000000000004,906.0,130.0,False,16990,430,-446,-5
w120_i100_motor_003_631415,w120_i100,motor_003,631415,14997,448,150.0,3233,3183,4fec2ec87e17ade5b340a00e2f95e714e871c644894d78e3e73c5eed1f3cefd7,3.0,5011.0,875.0,False,16990,430,-1993,18
w120_i100_motor_004_631415,w120_i100,motor_004,631415,15185,432,149.0,3233,3183,4fec2ec87e17ade5b340a00e2f95e714e871c644894d78e3e73c5eed1f3cefd7,3.0,4771.0,727.0,False,16990,430,-1805,2
w120_i100_motor_005_631415,w120_i100,motor_005,631415,15368,434,148.0,3233,3183,4fec2ec87e17ade5b340a00e2f95e714e871c644894d78e3e73c5eed1f3cefd7,3.0,5038.0,761.0,False,16990,430,-1622,4
w120_i100_mode_631416,w120_i100,mode,631416,14769,343,223.0,3133,3085,983be3a36ca84d69d8a9627809bfe4679716991660b5631e6a0b9849f2e4e985,2.8,6055.0,1208.0,False,15618,409,-849,-66
w120_i100_mode_without_mn9_631416,w120_i100,mode_without_mn9,631416,14948,350,220.0,3133,3085,983be3a36ca84d69d8a9627809bfe4679716991660b5631e6a0b9849f2e4e985,2.7,6156.0,1229.0,False,15618,409,-670,-59
w120_i100_mn9_only_631416,w120_i100,mn9_only,631416,15926,414,148.0,3133,3085,983be3a36ca84d69d8a9627809bfe4679716991660b5631e6a0b9849f2e4e985,2.9000000000000004,768.0,100.0,False,15618,409,308,5
w120_i100_motor_003_631416,w120_i100,motor_003,631416,14314,428,147.0,3133,3085,983be3a36ca84d69d8a9627809bfe4679716991660b5631e6a0b9849f2e4e985,3.0,4096.0,653.0,False,15618,409,-1304,19
w120_i100_motor_004_631416,w120_i100,motor_004,631416,14371,419,146.0,3133,3085,983be3a36ca84d69d8a9627809bfe4679716991660b5631e6a0b9849f2e4e985,3.1000000000000005,4311.0,699.0,False,15618,409,-1247,10
w120_i100_motor_005_631416,w120_i100,motor_005,631416,14631,436,146.0,3133,3085,983be3a36ca84d69d8a9627809bfe4679716991660b5631e6a0b9849f2e4e985,3.1000000000000005,4275.0,640.0,False,15618,409,-987,27
w120_i100_mode_631417,w120_i100,mode,631417,15130,346,226.0,3230,3186,2990fe15c20330ea5052361acbb45694bafbe190076f6d722f6c3b73598a6cdf,2.8,6617.0,1336.0,False,16873,431,-1743,-85
w120_i100_mode_without_mn9_631417,w120_i100,mode_without_mn9,631417,15130,346,226.0,3230,3186,2990fe15c20330ea5052361acbb45694bafbe190076f6d722f6c3b73598a6cdf,2.8,6617.0,1336.0,False,16873,431,-1743,-85
w120_i100_mn9_only_631417,w120_i100,mn9_only,631417,16611,412,151.0,3230,3186,2990fe15c20330ea5052361acbb45694bafbe190076f6d722f6c3b73598a6cdf,2.9000000000000004,902.0,119.0,False,16873,431,-262,-19
w120_i100_motor_003_631417,w120_i100,motor_003,631417,15186,434,150.0,3230,3186,2990fe15c20330ea5052361acbb45694bafbe190076f6d722f6c3b73598a6cdf,3.0,4447.0,664.0,False,16873,431,-1687,3
w120_i100_motor_004_631417,w120_i100,motor_004,631417,14789,427,150.0,3230,3186,2990fe15c20330ea5052361acbb45694bafbe190076f6d722f6c3b73598a6cdf,3.0,4784.0,769.0,False,16873,431,-2084,-4
w120_i100_motor_005_631417,w120_i100,motor_005,631417,15245,444,149.0,3230,3186,2990fe15c20330ea5052361acbb45694bafbe190076f6d722f6c3b73598a6cdf,2.8,4722.0,782.0,False,16873,431,-1628,13
w120_i100_mode_631418,w120_i100,mode,631418,15213,348,230.0,3286,3238,46de1871008b658723cab9a3d5b408a4492db89e0603e0eef1ad3cc9eeef8fea,2.7,6221.0,1311.0,False,17012,422,-1799,-74
w120_i100_mode_without_mn9_631418,w120_i100,mode_without_mn9,631418,15258,348,227.0,3286,3238,46de1871008b658723cab9a3d5b408a4492db89e0603e0eef1ad3cc9eeef8fea,2.8,6240.0,1285.0,False,17012,422,-1754,-74
w120_i100_mn9_only_631418,w120_i100,mn9_only,631418,16832,422,147.0,3286,3238,46de1871008b658723cab9a3d5b408a4492db89e0603e0eef1ad3cc9eeef8fea,2.9000000000000004,894.0,107.0,False,17012,422,-180,0
w120_i100_motor_003_631418,w120_i100,motor_003,631418,14963,420,146.0,3286,3238,46de1871008b658723cab9a3d5b408a4492db89e0603e0eef1ad3cc9eeef8fea,3.0,4833.0,693.0,False,17012,422,-2049,-2
w120_i100_motor_004_631418,w120_i100,motor_004,631418,15217,438,147.0,3286,3238,46de1871008b658723cab9a3d5b408a4492db89e0603e0eef1ad3cc9eeef8fea,3.0,4825.0,721.0,False,17012,422,-1795,16
w120_i100_motor_005_631418,w120_i100,motor_005,631418,15188,431,147.0,3286,3238,46de1871008b658723cab9a3d5b408a4492db89e0603e0eef1ad3cc9eeef8fea,2.9000000000000004,4730.0,708.0,False,17012,422,-1824,9
w120_i100_mode_631419,w120_i100,mode,631419,14974,350,219.0,3139,3083,6f48116eb54c69e28d2a3fd266db36c5d3574765971a6667b9e5865a9eb5e4c8,2.8,6519.0,1334.0,False,16305,412,-1331,-62
w120_i100_mode_without_mn9_631419,w120_i100,mode_without_mn9,631419,14820,342,223.0,3139,3083,6f48116eb54c69e28d2a3fd266db36c5d3574765971a6667b9e5865a9eb5e4c8,2.8,6577.0,1369.0,False,16305,412,-1485,-70
w120_i100_mn9_only_631419,w120_i100,mn9_only,631419,16213,426,150.0,3139,3083,6f48116eb54c69e28d2a3fd266db36c5d3574765971a6667b9e5865a9eb5e4c8,2.7,910.0,128.0,False,16305,412,-92,14
w120_i100_motor_003_631419,w120_i100,motor_003,631419,14937,422,148.0,3139,3083,6f48116eb54c69e28d2a3fd266db36c5d3574765971a6667b9e5865a9eb5e4c8,3.0,4284.0,652.0,False,16305,412,-1368,10
w120_i100_motor_004_631419,w120_i100,motor_004,631419,14511,440,148.0,3139,3083,6f48116eb54c69e28d2a3fd266db36c5d3574765971a6667b9e5865a9eb5e4c8,2.9000000000000004,4678.0,769.0,False,16305,412,-1794,28
w120_i100_motor_005_631419,w120_i100,motor_005,631419,14572,425,150.0,3139,3083,6f48116eb54c69e28d2a3fd266db36c5d3574765971a6667b9e5865a9eb5e4c8,3.0,4385.0,673.0,False,16305,412,-1733,13
w120_i100_mode_631420,w120_i100,mode,631420,14537,325,223.0,3085,3025,6c8e7959a7ed9c033caf1f7699f74167c8a00e3bd5d56fc4d704ed1347646d89,2.7,6176.0,1266.0,False,16137,410,-1600,-85
w120_i100_mode_without_mn9_631420,w120_i100,mode_without_mn9,631420,14537,325,223.0,3085,3025,6c8e7959a7ed9c033caf1f7699f74167c8a00e3bd5d56fc4d704ed1347646d89,2.7,6176.0,1266.0,False,16137,410,-1600,-85
w120_i100_mn9_only_631420,w120_i100,mn9_only,631420,15939,416,147.0,3085,3025,6c8e7959a7ed9c033caf1f7699f74167c8a00e3bd5d56fc4d704ed1347646d89,3.0,770.0,101.0,False,16137,410,-198,6
w120_i100_motor_003_631420,w120_i100,motor_003,631420,14663,424,145.0,3085,3025,6c8e7959a7ed9c033caf1f7699f74167c8a00e3bd5d56fc4d704ed1347646d89,3.0,4402.0,650.0,False,16137,410,-1474,14
w120_i100_motor_004_631420,w120_i100,motor_004,631420,14354,403,146.0,3085,3025,6c8e7959a7ed9c033caf1f7699f74167c8a00e3bd5d56fc4d704ed1347646d89,3.1000000000000005,4743.0,756.0,False,16137,410,-1783,-7
w120_i100_motor_005_631420,w120_i100,motor_005,631420,14498,439,147.0,3085,3025,6c8e7959a7ed9c033caf1f7699f74167c8a00e3bd5d56fc4d704ed1347646d89,3.1000000000000005,4813.0,797.0,False,16137,410,-1639,29
w120_i100_mode_631421,w120_i100,mode,631421,15244,342,220.0,3210,3153,59022bd53269375055fcd296502d7a4ec89f47ec92a0a51b5f5ee94d108663ec,2.6000000000000005,5967.0,1214.0,False,16377,419,-1133,-77
w120_i100_mode_without_mn9_631421,w120_i100,mode_without_mn9,631421,14916,340,226.0,3210,3153,59022bd53269375055fcd296502d7a4ec89f47ec92a0a51b5f5ee94d108663ec,2.9000000000000004,6123.0,1260.0,False,16377,419,-1461,-79
w120_i100_mn9_only_631421,w120_i100,mn9_only,631421,16527,427,151.0,3210,3153,59022bd53269375055fcd296502d7a4ec89f47ec92a0a51b5f5ee94d108663ec,2.9000000000000004,1106.0,167.0,False,16377,419,150,8
w120_i100_motor_003_631421,w120_i100,motor_003,631421,15082,402,150.0,3210,3153,59022bd53269375055fcd296502d7a4ec89f47ec92a0a51b5f5ee94d108663ec,3.1000000000000005,4393.0,594.0,False,16377,419,-1295,-17
w120_i100_motor_004_631421,w120_i100,motor_004,631421,15500,434,149.0,3210,3153,59022bd53269375055fcd296502d7a4ec89f47ec92a0a51b5f5ee94d108663ec,3.0,4433.0,647.0,False,16377,419,-877,15
w120_i100_motor_005_631421,w120_i100,motor_005,631421,15055,412,150.0,3210,3153,59022bd53269375055fcd296502d7a4ec89f47ec92a0a51b5f5ee94d108663ec,2.9000000000000004,4544.0,637.0,False,16377,419,-1322,-7
w120_i100_mode_631422,w120_i100,mode,631422,14817,334,223.0,3097,3066,2e7e47c1064ebd8647f5e211d459f5818e5fd2f6414577d90d3f28fc093b6e36,2.7,5795.0,1158.0,False,15778,418,-961,-84
w120_i100_mode_without_mn9_631422,w120_i100,mode_without_mn9,631422,14662,342,215.0,3097,3066,2e7e47c1064ebd8647f5e211d459f5818e5fd2f6414577d90d3f28fc093b6e36,2.8,5588.0,1108.0,False,15778,418,-1116,-76
w120_i100_mn9_only_631422,w120_i100,mn9_only,631422,15674,421,149.0,3097,3066,2e7e47c1064ebd8647f5e211d459f5818e5fd2f6414577d90d3f28fc093b6e36,2.8,1130.0,144.0,False,15778,418,-104,3
w120_i100_motor_003_631422,w120_i100,motor_003,631422,14868,437,147.0,3097,3066,2e7e47c1064ebd8647f5e211d459f5818e5fd2f6414577d90d3f28fc093b6e36,3.0,4340.0,631.0,False,15778,418,-910,19
w120_i100_motor_004_631422,w120_i100,motor_004,631422,14880,420,149.0,3097,3066,2e7e47c1064ebd8647f5e211d459f5818e5fd2f6414577d90d3f28fc093b6e36,2.9000000000000004,4396.0,641.0,False,15778,418,-898,2
w120_i100_motor_005_631422,w120_i100,motor_005,631422,14826,424,148.0,3097,3066,2e7e47c1064ebd8647f5e211d459f5818e5fd2f6414577d90d3f28fc093b6e36,3.0,4544.0,630.0,False,15778,418,-952,6
w120_i100_mode_631423,w120_i100,mode,631423,14882,369,222.0,3116,3064,e27e23e46e2dc5a392403f453a37b8509da014334d187fa858576e04985a583d,2.8,6938.0,1385.0,False,16200,426,-1318,-57
w120_i100_mode_without_mn9_631423,w120_i100,mode_without_mn9,631423,14696,354,218.0,3116,3064,e27e23e46e2dc5a392403f453a37b8509da014334d187fa858576e04985a583d,2.8,6910.0,1398.0,False,16200,426,-1504,-72
w120_i100_mn9_only_631423,w120_i100,mn9_only,631423,15755,456,149.0,3116,3064,e27e23e46e2dc5a392403f453a37b8509da014334d187fa858576e04985a583d,3.0,1285.0,187.0,False,16200,426,-445,30
w120_i100_motor_003_631423,w120_i100,motor_003,631423,15026,415,149.0,3116,3064,e27e23e46e2dc5a392403f453a37b8509da014334d187fa858576e04985a583d,3.0,4168.0,703.0,False,16200,426,-1174,-11
w120_i100_motor_004_631423,w120_i100,motor_004,631423,14498,414,150.0,3116,3064,e27e23e46e2dc5a392403f453a37b8509da014334d187fa858576e04985a583d,3.1000000000000005,4504.0,772.0,False,16200,426,-1702,-12
w120_i100_motor_005_631423,w120_i100,motor_005,631423,14428,424,150.0,3116,3064,e27e23e46e2dc5a392403f453a37b8509da014334d187fa858576e04985a583d,3.2,4226.0,655.0,False,16200,426,-1772,-2
w120_i100_mode_631424,w120_i100,mode,631424,14845,351,217.0,3085,3046,73556388aa50eba89fdfcc280e02713d26007b18afa395c1fb37bf28b3e788bf,2.8,6033.0,1229.0,False,16348,427,-1503,-76
w120_i100_mode_without_mn9_631424,w120_i100,mode_without_mn9,631424,14824,349,227.0,3085,3046,73556388aa50eba89fdfcc280e02713d26007b18afa395c1fb37bf28b3e788bf,2.7,6012.0,1219.0,False,16348,427,-1524,-78
w120_i100_mn9_only_631424,w120_i100,mn9_only,631424,15938,430,147.0,3085,3046,73556388aa50eba89fdfcc280e02713d26007b18afa395c1fb37bf28b3e788bf,3.0,1100.0,149.0,False,16348,427,-410,3
w120_i100_motor_003_631424,w120_i100,motor_003,631424,14792,430,147.0,3085,3046,73556388aa50eba89fdfcc280e02713d26007b18afa395c1fb37bf28b3e788bf,3.1000000000000005,4546.0,697.0,False,16348,427,-1556,3
w120_i100_motor_004_631424,w120_i100,motor_004,631424,14897,435,147.0,3085,3046,73556388aa50eba89fdfcc280e02713d26007b18afa395c1fb37bf28b3e788bf,3.0,4525.0,665.0,False,16348,427,-1451,8
w120_i100_motor_005_631424,w120_i100,motor_005,631424,14750,447,147.0,3085,3046,73556388aa50eba89fdfcc280e02713d26007b18afa395c1fb37bf28b3e788bf,2.7,4554.0,710.0,False,16348,427,-1598,20
w120_i100_mode_631425,w120_i100,mode,631425,14893,341,221.0,3182,3130,f710ff6463d7ca98dc53926044f0745a7bb669a60a8606de490934473682982b,2.8,6081.0,1255.0,False,16214,415,-1321,-74
w120_i100_mode_without_mn9_631425,w120_i100,mode_without_mn9,631425,15135,353,224.0,3182,3130,f710ff6463d7ca98dc53926044f0745a7bb669a60a8606de490934473682982b,2.8,6029.0,1211.0,False,16214,415,-1079,-62
w120_i100_mn9_only_631425,w120_i100,mn9_only,631425,15986,425,151.0,3182,3130,f710ff6463d7ca98dc53926044f0745a7bb669a60a8606de490934473682982b,2.9000000000000004,874.0,102.0,False,16214,415,-228,10
w120_i100_motor_003_631425,w120_i100,motor_003,631425,14955,420,151.0,3182,3130,f710ff6463d7ca98dc53926044f0745a7bb669a60a8606de490934473682982b,3.0,4399.0,667.0,False,16214,415,-1259,5
w120_i100_motor_004_631425,w120_i100,motor_004,631425,15147,410,151.0,3182,3130,f710ff6463d7ca98dc53926044f0745a7bb669a60a8606de490934473682982b,3.0,4419.0,679.0,False,16214,415,-1067,-5
w120_i100_motor_005_631425,w120_i100,motor_005,631425,15085,432,151.0,3182,3130,f710ff6463d7ca98dc53926044f0745a7bb669a60a8606de490934473682982b,3.0,4473.0,687.0,False,16214,415,-1129,17
w120_i100_mode_631426,w120_i100,mode,631426,15152,347,221.0,3167,3126,5b26a62924f518ae79ec0bd6d0af0cb4c529aaf699effb3c35635f63a45e2824,2.8,6454.0,1271.0,False,16142,432,-990,-85
w120_i100_mode_without_mn9_631426,w120_i100,mode_without_mn9,631426,15191,349,224.0,3167,3127,5b26a62924f518ae79ec0bd6d0af0cb4c529aaf699effb3c35635f63a45e2824,2.9000000000000004,6593.0,1308.0,False,16142,432,-951,-83
w120_i100_mn9_only_631426,w120_i100,mn9_only,631426,16542,433,151.0,3167,3127,5b26a62924f518ae79ec0bd6d0af0cb4c529aaf699effb3c35635f63a45e2824,2.9000000000000004,852.0,115.0,False,16142,432,400,1
w120_i100_motor_003_631426,w120_i100,motor_003,631426,15077,424,149.0,3167,3127,5b26a62924f518ae79ec0bd6d0af0cb4c529aaf699effb3c35635f63a45e2824,3.1000000000000005,4143.0,619.0,False,16142,432,-1065,-8
w120_i100_motor_004_631426,w120_i100,motor_004,631426,15106,441,149.0,3167,3127,5b26a62924f518ae79ec0bd6d0af0cb4c529aaf699effb3c35635f63a45e2824,2.9000000000000004,4224.0,640.0,False,16142,432,-1036,9
w120_i100_motor_005_631426,w120_i100,motor_005,631426,14997,438,149.0,3167,3127,5b26a62924f518ae79ec0bd6d0af0cb4c529aaf699effb3c35635f63a45e2824,3.0,4283.0,646.0,False,16142,432,-1145,6
w120_i100_mode_631427,w120_i100,mode,631427,14593,356,226.0,3032,2989,a5ef70bc66f08b067cc69ccfd2ae1c8787b249a41d1926d119f34e0f2034a500,2.8,6170.0,1268.0,False,16077,431,-1484,-75
w120_i100_mode_without_mn9_631427,w120_i100,mode_without_mn9,631427,14525,346,222.0,3032,2989,a5ef70bc66f08b067cc69ccfd2ae1c8787b249a41d1926d119f34e0f2034a500,2.8,6088.0,1237.0,False,16077,431,-1552,-85
w120_i100_mn9_only_631427,w120_i100,mn9_only,631427,15826,397,146.0,3032,2989,a5ef70bc66f08b067cc69ccfd2ae1c8787b249a41d1926d119f34e0f2034a500,2.9000000000000004,839.0,99.0,False,16077,431,-251,-34
w120_i100_motor_003_631427,w120_i100,motor_003,631427,14281,430,145.0,3032,2989,a5ef70bc66f08b067cc69ccfd2ae1c8787b249a41d1926d119f34e0f2034a500,3.0,4428.0,700.0,False,16077,431,-1796,-1
w120_i100_motor_004_631427,w120_i100,motor_004,631427,14621,427,145.0,3032,2989,a5ef70bc66f08b067cc69ccfd2ae1c8787b249a41d1926d119f34e0f2034a500,3.1000000000000005,4412.0,646.0,False,16077,431,-1456,-4
w120_i100_motor_005_631427,w120_i100,motor_005,631427,14809,429,146.0,3032,2989,a5ef70bc66f08b067cc69ccfd2ae1c8787b249a41d1926d119f34e0f2034a500,3.1000000000000005,4444.0,682.0,False,16077,431,-1268,-2
w120_i100_mode_631428,w120_i100,mode,631428,15060,338,223.0,3155,3106,6122183b8e1e90ae6da8ea292fcd7052b279cdd5a8099ada7c4e733edef92212,2.8,6404.0,1301.0,False,16200,417,-1140,-79
w120_i100_mode_without_mn9_631428,w120_i100,mode_without_mn9,631428,14856,333,220.0,3155,3107,6122183b8e1e90ae6da8ea292fcd7052b279cdd5a8099ada7c4e733edef92212,2.8,6328.0,1297.0,False,16200,417,-1344,-84
w120_i100_mn9_only_631428,w120_i100,mn9_only,631428,16619,425,150.0,3155,3107,6122183b8e1e90ae6da8ea292fcd7052b279cdd5a8099ada7c4e733edef92212,2.8,885.0,98.0,False,16200,417,419,8
w120_i100_motor_003_631428,w120_i100,motor_003,631428,15057,416,150.0,3155,3107,6122183b8e1e90ae6da8ea292fcd7052b279cdd5a8099ada7c4e733edef92212,3.2,4215.0,614.0,False,16200,417,-1143,-1
w120_i100_motor_004_631428,w120_i100,motor_004,631428,14742,437,149.0,3155,3107,6122183b8e1e90ae6da8ea292fcd7052b279cdd5a8099ada7c4e733edef92212,2.9000000000000004,4542.0,659.0,False,16200,417,-1458,20
w120_i100_motor_005_631428,w120_i100,motor_005,631428,14726,426,149.0,3155,3107,6122183b8e1e90ae6da8ea292fcd7052b279cdd5a8099ada7c4e733edef92212,2.9000000000000004,4476.0,656.0,False,16200,417,-1474,9
w120_i100_mode_631429,w120_i100,mode,631429,14746,337,223.0,3149,3103,8e949af61b96f2ea5996e68015b4de8ada41ae02902578e106bf1e865535951c,2.8,6496.0,1372.0,False,16554,418,-1808,-81
w120_i100_mode_without_mn9_631429,w120_i100,mode_without_mn9,631429,14915,335,223.0,3149,3102,8e949af61b96f2ea5996e68015b4de8ada41ae02902578e106bf1e865535951c,2.9000000000000004,6497.0,1336.0,False,16554,418,-1639,-83
w120_i100_mn9_only_631429,w120_i100,mn9_only,631429,16584,414,149.0,3149,3103,8e949af61b96f2ea5996e68015b4de8ada41ae02902578e106bf1e865535951c,2.9000000000000004,868.0,111.0,False,16554,418,30,-4
w120_i100_motor_003_631429,w120_i100,motor_003,631429,15017,430,146.0,3149,3102,8e949af61b96f2ea5996e68015b4de8ada41ae02902578e106bf1e865535951c,3.0,4515.0,698.0,False,16554,418,-1537,12
w120_i100_motor_004_631429,w120_i100,motor_004,631429,14802,414,147.0,3149,3103,8e949af61b96f2ea5996e68015b4de8ada41ae02902578e106bf1e865535951c,3.0,4720.0,694.0,False,16554,418,-1752,-4
w120_i100_motor_005_631429,w120_i100,motor_005,631429,14740,411,147.0,3149,3103,8e949af61b96f2ea5996e68015b4de8ada41ae02902578e106bf1e865535951c,3.2,4568.0,689.0,False,16554,418,-1814,-7
w120_i100_mode_631430,w120_i100,mode,631430,15137,352,226.0,3220,3165,6d4b9a8c6cba3759dc3c6d9e22a48da5044e475e4de4f738cd99fc52ab3370a3,2.9000000000000004,6629.0,1306.0,False,16280,423,-1143,-71
w120_i100_mode_without_mn9_631430,w120_i100,mode_without_mn9,631430,15227,343,223.0,3220,3165,6d4b9a8c6cba3759dc3c6d9e22a48da5044e475e4de4f738cd99fc52ab3370a3,2.8,6717.0,1306.0,False,16280,423,-1053,-80
w120_i100_mn9_only_631430,w120_i100,mn9_only,631430,16609,423,149.0,3220,3165,6d4b9a8c6cba3759dc3c6d9e22a48da5044e475e4de4f738cd99fc52ab3370a3,2.9000000000000004,991.0,125.0,False,16280,423,329,0
w120_i100_motor_003_631430,w120_i100,motor_003,631430,15528,432,148.0,3220,3165,6d4b9a8c6cba3759dc3c6d9e22a48da5044e475e4de4f738cd99fc52ab3370a3,3.0,4166.0,635.0,False,16280,423,-752,9
w120_i100_motor_004_631430,w120_i100,motor_004,631430,14969,430,149.0,3220,3165,6d4b9a8c6cba3759dc3c6d9e22a48da5044e475e4de4f738cd99fc52ab3370a3,2.7,4407.0,693.0,False,16280,423,-1311,7
w120_i100_motor_005_631430,w120_i100,motor_005,631430,15359,420,151.0,3220,3165,6d4b9a8c6cba3759dc3c6d9e22a48da5044e475e4de4f738cd99fc52ab3370a3,3.5,4389.0,659.0,False,16280,423,-921,-3
w120_i120_mode_631401,w120_i120,mode,631401,13106,293,221.0,3114,3070,947b874a1f0642db593a25db863d1d9fafa83f779c71426db44ca34f517f65b4,2.7,5455.0,1238.0,False,13659,361,-553,-68
w120_i120_mode_without_mn9_631401,w120_i120,mode_without_mn9,631401,12932,303,207.0,3114,3070,947b874a1f0642db593a25db863d1d9fafa83f779c71426db44ca34f517f65b4,2.9000000000000004,5331.0,1201.0,False,13659,361,-727,-58
w120_i120_mn9_only_631401,w120_i120,mn9_only,631401,13845,376,148.0,3114,3070,947b874a1f0642db593a25db863d1d9fafa83f779c71426db44ca34f517f65b4,2.9000000000000004,1112.0,177.0,False,13659,361,186,15
w120_i120_motor_003_631401,w120_i120,motor_003,631401,12189,377,146.0,3114,3070,947b874a1f0642db593a25db863d1d9fafa83f779c71426db44ca34f517f65b4,3.2,3824.0,634.0,False,13659,361,-1470,16
w120_i120_motor_004_631401,w120_i120,motor_004,631401,12375,381,147.0,3114,3070,947b874a1f0642db593a25db863d1d9fafa83f779c71426db44ca34f517f65b4,3.1000000000000005,3816.0,613.0,False,13659,361,-1284,20
w120_i120_motor_005_631401,w120_i120,motor_005,631401,11462,359,147.0,3114,3070,947b874a1f0642db593a25db863d1d9fafa83f779c71426db44ca34f517f65b4,3.5,4151.0,718.0,False,13659,361,-2197,-2
w120_i120_mode_631402,w120_i120,mode,631402,13277,290,221.0,3215,3170,68ec43809259fe87f64b275dd4e8d65eabc89f96fc2222a86e3b60ee2fe6c834,2.9000000000000004,4779.0,1057.0,False,13658,362,-381,-72
w120_i120_mode_without_mn9_631402,w120_i120,mode_without_mn9,631402,13145,293,217.0,3215,3170,68ec43809259fe87f64b275dd4e8d65eabc89f96fc2222a86e3b60ee2fe6c834,2.9000000000000004,4807.0,1077.0,False,13658,362,-513,-69
w120_i120_mn9_only_631402,w120_i120,mn9_only,631402,14031,387,151.0,3215,3170,68ec43809259fe87f64b275dd4e8d65eabc89f96fc2222a86e3b60ee2fe6c834,2.9000000000000004,851.0,120.0,False,13658,362,373,25
w120_i120_motor_003_631402,w120_i120,motor_003,631402,13030,402,152.0,3215,3170,68ec43809259fe87f64b275dd4e8d65eabc89f96fc2222a86e3b60ee2fe6c834,3.1000000000000005,3816.0,609.0,False,13658,362,-628,40
w120_i120_motor_004_631402,w120_i120,motor_004,631402,12795,394,150.0,3215,3170,68ec43809259fe87f64b275dd4e8d65eabc89f96fc2222a86e3b60ee2fe6c834,3.2,3669.0,607.0,False,13658,362,-863,32
w120_i120_motor_005_631402,w120_i120,motor_005,631402,12337,371,151.0,3215,3170,68ec43809259fe87f64b275dd4e8d65eabc89f96fc2222a86e3b60ee2fe6c834,3.2,3807.0,618.0,False,13658,362,-1321,9
w120_i120_mode_631403,w120_i120,mode,631403,12791,289,214.0,3125,3088,ce434629d3484ce495a73482e054fe33ac6fc25ee2b7c015d104242563100383,2.9000000000000004,4970.0,1133.0,False,13973,383,-1182,-94
w120_i120_mode_without_mn9_631403,w120_i120,mode_without_mn9,631403,13041,287,222.0,3125,3088,ce434629d3484ce495a73482e054fe33ac6fc25ee2b7c015d104242563100383,2.7,5090.0,1174.0,False,13973,383,-932,-96
w120_i120_mn9_only_631403,w120_i120,mn9_only,631403,13737,382,146.0,3125,3088,ce434629d3484ce495a73482e054fe33ac6fc25ee2b7c015d104242563100383,2.9000000000000004,1070.0,146.0,False,13973,383,-236,-1
w120_i120_motor_003_631403,w120_i120,motor_003,631403,12039,374,147.0,3125,3088,ce434629d3484ce495a73482e054fe33ac6fc25ee2b7c015d104242563100383,3.2,3878.0,597.0,False,13973,383,-1934,-9
w120_i120_motor_004_631403,w120_i120,motor_004,631403,12174,381,146.0,3125,3088,ce434629d3484ce495a73482e054fe33ac6fc25ee2b7c015d104242563100383,3.1000000000000005,3961.0,611.0,False,13973,383,-1799,-2
w120_i120_motor_005_631403,w120_i120,motor_005,631403,11934,383,145.0,3125,3088,ce434629d3484ce495a73482e054fe33ac6fc25ee2b7c015d104242563100383,2.9000000000000004,4075.0,595.0,False,13973,383,-2039,0
w120_i120_mode_631404,w120_i120,mode,631404,13049,273,221.0,3108,3050,f95218a1ea37745551ca6815bec1fc551432e6125112557ee79f6d520493e2fb,2.8,5091.0,1094.0,False,13510,366,-461,-93
w120_i120_mode_without_mn9_631404,w120_i120,mode_without_mn9,631404,12929,280,221.0,3108,3050,f95218a1ea37745551ca6815bec1fc551432e6125112557ee79f6d520493e2fb,2.9000000000000004,5219.0,1151.0,False,13510,366,-581,-86
w120_i120_mn9_only_631404,w120_i120,mn9_only,631404,13733,398,146.0,3108,3050,f95218a1ea37745551ca6815bec1fc551432e6125112557ee79f6d520493e2fb,2.9000000000000004,783.0,71.0,False,13510,366,223,32
w120_i120_motor_003_631404,w120_i120,motor_003,631404,11938,372,146.0,3108,3050,f95218a1ea37745551ca6815bec1fc551432e6125112557ee79f6d520493e2fb,3.0,3662.0,634.0,False,13510,366,-1572,6
w120_i120_motor_004_631404,w120_i120,motor_004,631404,12047,370,146.0,3108,3050,f95218a1ea37745551ca6815bec1fc551432e6125112557ee79f6d520493e2fb,3.0,3615.0,576.0,False,13510,366,-1463,4
w120_i120_motor_005_631404,w120_i120,motor_005,631404,12107,378,146.0,3108,3050,f95218a1ea37745551ca6815bec1fc551432e6125112557ee79f6d520493e2fb,3.0,3607.0,563.0,False,13510,366,-1403,12
w120_i120_mode_631405,w120_i120,mode,631405,13144,294,220.0,3129,3075,36e28093cf09c4bf4c1c02102fdc1b3f219da0d4b16c463306c0193d088d5804,2.9000000000000004,5168.0,1225.0,False,14404,375,-1260,-81
w120_i120_mode_without_mn9_631405,w120_i120,mode_without_mn9,631405,13144,294,220.0,3129,3075,36e28093cf09c4bf4c1c02102fdc1b3f219da0d4b16c463306c0193d088d5804,2.9000000000000004,5168.0,1225.0,False,14404,375,-1260,-81
w120_i120_mn9_only_631405,w120_i120,mn9_only,631405,13786,363,150.0,3129,3075,36e28093cf09c4bf4c1c02102fdc1b3f219da0d4b16c463306c0193d088d5804,2.8,1014.0,149.0,False,14404,375,-618,-12
w120_i120_motor_003_631405,w120_i120,motor_003,631405,12431,378,150.0,3129,3075,36e28093cf09c4bf4c1c02102fdc1b3f219da0d4b16c463306c0193d088d5804,3.0,4323.0,725.0,False,14404,375,-1973,3
w120_i120_motor_004_631405,w120_i120,motor_004,631405,12432,402,150.0,3129,3075,36e28093cf09c4bf4c1c02102fdc1b3f219da0d4b16c463306c0193d088d5804,3.4000000000000004,4326.0,744.0,False,14404,375,-1972,27
w120_i120_motor_005_631405,w120_i120,motor_005,631405,12059,388,150.0,3129,3075,36e28093cf09c4bf4c1c02102fdc1b3f219da0d4b16c463306c0193d088d5804,3.3,4317.0,727.0,False,14404,375,-2345,13
w120_i120_mode_631406,w120_i120,mode,631406,13062,275,217.0,3140,3098,0863e7b24dfaae64071a8059c2628849bec7706d10bff82c1fb11d9bde965e8e,2.9000000000000004,4967.0,1101.0,False,14237,387,-1175,-112
w120_i120_mode_without_mn9_631406,w120_i120,mode_without_mn9,631406,13062,275,217.0,3140,3098,0863e7b24dfaae64071a8059c2628849bec7706d10bff82c1fb11d9bde965e8e,2.9000000000000004,4967.0,1101.0,False,14237,387,-1175,-112
w120_i120_mn9_only_631406,w120_i120,mn9_only,631406,13490,371,149.0,3140,3098,0863e7b24dfaae64071a8059c2628849bec7706d10bff82c1fb11d9bde965e8e,2.8,1135.0,143.0,False,14237,387,-747,-16
w120_i120_motor_003_631406,w120_i120,motor_003,631406,12233,374,148.0,3140,3098,0863e7b24dfaae64071a8059c2628849bec7706d10bff82c1fb11d9bde965e8e,3.2,4266.0,694.0,False,14237,387,-2004,-13
w120_i120_motor_004_631406,w120_i120,motor_004,631406,12320,385,148.0,3140,3098,0863e7b24dfaae64071a8059c2628849bec7706d10bff82c1fb11d9bde965e8e,3.3,4111.0,654.0,False,14237,387,-1917,-2
w120_i120_motor_005_631406,w120_i120,motor_005,631406,11983,382,149.0,3140,3098,0863e7b24dfaae64071a8059c2628849bec7706d10bff82c1fb11d9bde965e8e,3.0,4326.0,692.0,False,14237,387,-2254,-5
w120_i120_mode_631407,w120_i120,mode,631407,12898,293,219.0,3078,3032,603c4b79b2112ccc7962759aca718cc6b7554ee1d572ac83aac65f335ad40c87,2.8,5340.0,1164.0,False,13648,368,-750,-75
w120_i120_mode_without_mn9_631407,w120_i120,mode_without_mn9,631407,12902,294,219.0,3078,3032,603c4b79b2112ccc7962759aca718cc6b7554ee1d572ac83aac65f335ad40c87,2.8,5322.0,1178.0,False,13648,368,-746,-74
w120_i120_mn9_only_631407,w120_i120,mn9_only,631407,13372,353,147.0,3078,3032,603c4b79b2112ccc7962759aca718cc6b7554ee1d572ac83aac65f335ad40c87,2.9000000000000004,750.0,110.0,False,13648,368,-276,-15
w120_i120_motor_003_631407,w120_i120,motor_003,631407,11796,361,147.0,3078,3032,603c4b79b2112ccc7962759aca718cc6b7554ee1d572ac83aac65f335ad40c87,3.2,3902.0,634.0,False,13648,368,-1852,-7
w120_i120_motor_004_631407,w120_i120,motor_004,631407,11585,374,147.0,3078,3032,603c4b79b2112ccc7962759aca718cc6b7554ee1d572ac83aac65f335ad40c87,3.1000000000000005,4019.0,700.0,False,13648,368,-2063,6
w120_i120_motor_005_631407,w120_i120,motor_005,631407,11621,367,146.0,3078,3032,603c4b79b2112ccc7962759aca718cc6b7554ee1d572ac83aac65f335ad40c87,3.2,4081.0,737.0,False,13648,368,-2027,-1
w120_i120_mode_631408,w120_i120,mode,631408,13261,300,222.0,3174,3129,a110f03f41d329a5a4ff5a93990a26dc2328fbce2bc702db76f24d98fae3f09d,2.7,5764.0,1286.0,False,13651,385,-390,-85
w120_i120_mode_without_mn9_631408,w120_i120,mode_without_mn9,631408,13051,295,213.0,3174,3129,a110f03f41d329a5a4ff5a93990a26dc2328fbce2bc702db76f24d98fae3f09d,2.7,5672.0,1248.0,False,13651,385,-600,-90
w120_i120_mn9_only_631408,w120_i120,mn9_only,631408,13602,381,150.0,3174,3129,a110f03f41d329a5a4ff5a93990a26dc2328fbce2bc702db76f24d98fae3f09d,2.8,789.0,85.0,False,13651,385,-49,-4
w120_i120_motor_003_631408,w120_i120,motor_003,631408,12144,399,150.0,3174,3129,a110f03f41d329a5a4ff5a93990a26dc2328fbce2bc702db76f24d98fae3f09d,3.3,3543.0,589.0,False,13651,385,-1507,14
w120_i120_motor_004_631408,w120_i120,motor_004,631408,12491,374,149.0,3174,3129,a110f03f41d329a5a4ff5a93990a26dc2328fbce2bc702db76f24d98fae3f09d,3.3,3338.0,518.0,False,13651,385,-1160,-11
w120_i120_motor_005_631408,w120_i120,motor_005,631408,12124,398,149.0,3174,3129,a110f03f41d329a5a4ff5a93990a26dc2328fbce2bc702db76f24d98fae3f09d,3.1000000000000005,3681.0,637.0,False,13651,385,-1527,13
w120_i120_mode_631409,w120_i120,mode,631409,13356,304,226.0,3172,3119,458135437fed78e2cb995ecea989c1e7899b44fe7fb9ff633318a47c2a8515aa,2.9000000000000004,5675.0,1255.0,False,13755,393,-399,-89
w120_i120_mode_without_mn9_631409,w120_i120,mode_without_mn9,631409,13195,296,217.0,3172,3119,458135437fed78e2cb995ecea989c1e7899b44fe7fb9ff633318a47c2a8515aa,2.8,5670.0,1252.0,False,13755,393,-560,-97
w120_i120_mn9_only_631409,w120_i120,mn9_only,631409,13729,367,148.0,3172,3119,458135437fed78e2cb995ecea989c1e7899b44fe7fb9ff633318a47c2a8515aa,2.8,1010.0,179.0,False,13755,393,-26,-26
w120_i120_motor_003_631409,w120_i120,motor_003,631409,12603,384,148.0,3172,3119,458135437fed78e2cb995ecea989c1e7899b44fe7fb9ff633318a47c2a8515aa,3.3,3434.0,509.0,False,13755,393,-1152,-9
w120_i120_motor_004_631409,w120_i120,motor_004,631409,12405,397,149.0,3172,3119,458135437fed78e2cb995ecea989c1e7899b44fe7fb9ff633318a47c2a8515aa,3.3,3500.0,594.0,False,13755,393,-1350,4
w120_i120_motor_005_631409,w120_i120,motor_005,631409,12224,392,148.0,3172,3119,458135437fed78e2cb995ecea989c1e7899b44fe7fb9ff633318a47c2a8515aa,3.0,3521.0,507.0,False,13755,393,-1531,-1
w120_i120_mode_631410,w120_i120,mode,631410,13070,297,215.0,3118,3072,561dbc154010d17b8c5d824d3dcbb379bbc8a4e8424cbff78bb956580dcd795f,2.8,5327.0,1143.0,False,13401,355,-331,-58
w120_i120_mode_without_mn9_631410,w120_i120,mode_without_mn9,631410,13056,302,214.0,3118,3072,561dbc154010d17b8c5d824d3dcbb379bbc8a4e8424cbff78bb956580dcd795f,2.8,5337.0,1148.0,False,13401,355,-345,-53
w120_i120_mn9_only_631410,w120_i120,mn9_only,631410,13992,376,148.0,3118,3072,561dbc154010d17b8c5d824d3dcbb379bbc8a4e8424cbff78bb956580dcd795f,2.9000000000000004,925.0,111.0,False,13401,355,591,21
w120_i120_motor_003_631410,w120_i120,motor_003,631410,12192,396,148.0,3118,3072,561dbc154010d17b8c5d824d3dcbb379bbc8a4e8424cbff78bb956580dcd795f,2.8,3595.0,607.0,False,13401,355,-1209,41
w120_i120_motor_004_631410,w120_i120,motor_004,631410,12084,372,148.0,3118,3072,561dbc154010d17b8c5d824d3dcbb379bbc8a4e8424cbff78bb956580dcd795f,3.0,3423.0,548.0,False,13401,355,-1317,17
w120_i120_motor_005_631410,w120_i120,motor_005,631410,11846,377,148.0,3118,3072,561dbc154010d17b8c5d824d3dcbb379bbc8a4e8424cbff78bb956580dcd795f,3.0,3601.0,611.0,False,13401,355,-1555,22
w120_i120_mode_631411,w120_i120,mode,631411,13329,280,208.0,3226,3176,22c7bbdba5b1f37cef84a66f763b43c863ac85629eb59bf6f9c0097493189b0b,2.8,4869.0,1080.0,False,14236,376,-907,-96
w120_i120_mode_without_mn9_631411,w120_i120,mode_without_mn9,631411,13169,293,205.0,3226,3176,22c7bbdba5b1f37cef84a66f763b43c863ac85629eb59bf6f9c0097493189b0b,2.8,4751.0,1090.0,False,14236,376,-1067,-83
w120_i120_mn9_only_631411,w120_i120,mn9_only,631411,13968,370,152.0,3226,3176,22c7bbdba5b1f37cef84a66f763b43c863ac85629eb59bf6f9c0097493189b0b,3.0,898.0,116.0,False,14236,376,-268,-6
w120_i120_motor_003_631411,w120_i120,motor_003,631411,12457,375,152.0,3226,3176,22c7bbdba5b1f37cef84a66f763b43c863ac85629eb59bf6f9c0097493189b0b,3.2,3875.0,605.0,False,14236,376,-1779,-1
w120_i120_motor_004_631411,w120_i120,motor_004,631411,12285,396,152.0,3226,3176,22c7bbdba5b1f37cef84a66f763b43c863ac85629eb59bf6f9c0097493189b0b,3.0,4177.0,692.0,False,14236,376,-1951,20
w120_i120_motor_005_631411,w120_i120,motor_005,631411,12570,393,152.0,3226,3176,22c7bbdba5b1f37cef84a66f763b43c863ac85629eb59bf6f9c0097493189b0b,3.2,4028.0,589.0,False,14236,376,-1666,17
w120_i120_mode_631412,w120_i120,mode,631412,13337,300,218.0,3219,3155,8a950cbb70621f799e7b21b7adce161b71f800da95c71582ce42614881a76e54,2.7,5439.0,1223.0,False,14204,394,-867,-94
w120_i120_mode_without_mn9_631412,w120_i120,mode_without_mn9,631412,13245,298,210.0,3219,3155,8a950cbb70621f799e7b21b7adce161b71f800da95c71582ce42614881a76e54,2.8,5373.0,1170.0,False,14204,394,-959,-96
w120_i120_mn9_only_631412,w120_i120,mn9_only,631412,14121,374,150.0,3219,3155,8a950cbb70621f799e7b21b7adce161b71f800da95c71582ce42614881a76e54,2.9000000000000004,783.0,114.0,False,14204,394,-83,-20
w120_i120_motor_003_631412,w120_i120,motor_003,631412,11842,352,150.0,3219,3155,8a950cbb70621f799e7b21b7adce161b71f800da95c71582ce42614881a76e54,3.2,4166.0,693.0,False,14204,394,-2362,-42
w120_i120_motor_004_631412,w120_i120,motor_004,631412,11925,388,150.0,3219,3155,8a950cbb70621f799e7b21b7adce161b71f800da95c71582ce42614881a76e54,3.1000000000000005,4029.0,677.0,False,14204,394,-2279,-6
w120_i120_motor_005_631412,w120_i120,motor_005,631412,11921,387,150.0,3219,3155,8a950cbb70621f799e7b21b7adce161b71f800da95c71582ce42614881a76e54,3.5,4243.0,707.0,False,14204,394,-2283,-7
w120_i120_mode_631413,w120_i120,mode,631413,13613,318,222.0,3264,3210,7f2670b931c35e7aa1a4d1c0c682c0045b38f5d7a6131756b2a6f74759e70005,2.8,5024.0,1115.0,False,14201,353,-588,-35
w120_i120_mode_without_mn9_631413,w120_i120,mode_without_mn9,631413,13268,304,210.0,3264,3210,7f2670b931c35e7aa1a4d1c0c682c0045b38f5d7a6131756b2a6f74759e70005,2.9000000000000004,4681.0,1079.0,False,14201,353,-933,-49
w120_i120_mn9_only_631413,w120_i120,mn9_only,631413,13912,375,149.0,3264,3210,7f2670b931c35e7aa1a4d1c0c682c0045b38f5d7a6131756b2a6f74759e70005,2.8,757.0,77.0,False,14201,353,-289,22
w120_i120_motor_003_631413,w120_i120,motor_003,631413,12275,380,148.0,3264,3210,7f2670b931c35e7aa1a4d1c0c682c0045b38f5d7a6131756b2a6f74759e70005,3.4000000000000004,4062.0,699.0,False,14201,353,-1926,27
w120_i120_motor_004_631413,w120_i120,motor_004,631413,12345,376,149.0,3264,3210,7f2670b931c35e7aa1a4d1c0c682c0045b38f5d7a6131756b2a6f74759e70005,3.1000000000000005,4052.0,651.0,False,14201,353,-1856,23
w120_i120_motor_005_631413,w120_i120,motor_005,631413,12623,371,149.0,3264,3210,7f2670b931c35e7aa1a4d1c0c682c0045b38f5d7a6131756b2a6f74759e70005,3.3,4022.0,659.0,False,14201,353,-1578,18
w120_i120_mode_631414,w120_i120,mode,631414,13017,285,218.0,3060,3020,b05f750a0b66a38d43a6565df118f40419adfc2f82250bd2929914ad2812c2d3,2.8,4970.0,1082.0,False,13447,368,-430,-83
w120_i120_mode_without_mn9_631414,w120_i120,mode_without_mn9,631414,13238,288,217.0,3060,3020,b05f750a0b66a38d43a6565df118f40419adfc2f82250bd2929914ad2812c2d3,2.9000000000000004,5017.0,1076.0,False,13447,368,-209,-80
w120_i120_mn9_only_631414,w120_i120,mn9_only,631414,13834,362,148.0,3060,3020,b05f750a0b66a38d43a6565df118f40419adfc2f82250bd2929914ad2812c2d3,2.8,883.0,108.0,False,13447,368,387,-6
w120_i120_motor_003_631414,w120_i120,motor_003,631414,11696,371,148.0,3060,3020,b05f750a0b66a38d43a6565df118f40419adfc2f82250bd2929914ad2812c2d3,2.9000000000000004,3975.0,654.0,False,13447,368,-1751,3
w120_i120_motor_004_631414,w120_i120,motor_004,631414,12110,384,148.0,3060,3020,b05f750a0b66a38d43a6565df118f40419adfc2f82250bd2929914ad2812c2d3,3.0,3767.0,592.0,False,13447,368,-1337,16
w120_i120_motor_005_631414,w120_i120,motor_005,631414,12281,397,146.0,3060,3020,b05f750a0b66a38d43a6565df118f40419adfc2f82250bd2929914ad2812c2d3,3.0,3772.0,575.0,False,13447,368,-1166,29
w120_i120_mode_631415,w120_i120,mode,631415,13414,298,219.0,3233,3183,4fec2ec87e17ade5b340a00e2f95e714e871c644894d78e3e73c5eed1f3cefd7,2.8,5275.0,1126.0,False,13613,373,-199,-75
w120_i120_mode_without_mn9_631415,w120_i120,mode_without_mn9,631415,13414,298,219.0,3233,3183,4fec2ec87e17ade5b340a00e2f95e714e871c644894d78e3e73c5eed1f3cefd7,2.8,5275.0,1126.0,False,13613,373,-199,-75
w120_i120_mn9_only_631415,w120_i120,mn9_only,631415,13484,387,150.0,3233,3183,4fec2ec87e17ade5b340a00e2f95e714e871c644894d78e3e73c5eed1f3cefd7,2.9000000000000004,721.0,108.0,False,13613,373,-129,14
w120_i120_motor_003_631415,w120_i120,motor_003,631415,12451,390,150.0,3233,3183,4fec2ec87e17ade5b340a00e2f95e714e871c644894d78e3e73c5eed1f3cefd7,3.2,3518.0,598.0,False,13613,373,-1162,17
w120_i120_motor_004_631415,w120_i120,motor_004,631415,12237,386,150.0,3233,3183,4fec2ec87e17ade5b340a00e2f95e714e871c644894d78e3e73c5eed1f3cefd7,3.1000000000000005,3556.0,579.0,False,13613,373,-1376,13
w120_i120_motor_005_631415,w120_i120,motor_005,631415,12334,378,149.0,3233,3183,4fec2ec87e17ade5b340a00e2f95e714e871c644894d78e3e73c5eed1f3cefd7,3.0,3491.0,570.0,False,13613,373,-1279,5
w120_i120_mode_631416,w120_i120,mode,631416,13149,295,223.0,3133,3085,983be3a36ca84d69d8a9627809bfe4679716991660b5631e6a0b9849f2e4e985,2.8,5055.0,1104.0,False,13400,388,-251,-93
w120_i120_mode_without_mn9_631416,w120_i120,mode_without_mn9,631416,12829,287,223.0,3133,3085,983be3a36ca84d69d8a9627809bfe4679716991660b5631e6a0b9849f2e4e985,2.8,4973.0,1104.0,False,13400,388,-571,-101
w120_i120_mn9_only_631416,w120_i120,mn9_only,631416,13462,387,147.0,3133,3085,983be3a36ca84d69d8a9627809bfe4679716991660b5631e6a0b9849f2e4e985,2.9000000000000004,1136.0,167.0,False,13400,388,62,-1
w120_i120_motor_003_631416,w120_i120,motor_003,631416,12072,395,147.0,3133,3085,983be3a36ca84d69d8a9627809bfe4679716991660b5631e6a0b9849f2e4e985,3.4000000000000004,3678.0,616.0,False,13400,388,-1328,7
w120_i120_motor_004_631416,w120_i120,motor_004,631416,11951,387,146.0,3133,3085,983be3a36ca84d69d8a9627809bfe4679716991660b5631e6a0b9849f2e4e985,3.0,3701.0,569.0,False,13400,388,-1449,-1
w120_i120_motor_005_631416,w120_i120,motor_005,631416,11921,394,146.0,3133,3085,983be3a36ca84d69d8a9627809bfe4679716991660b5631e6a0b9849f2e4e985,3.1000000000000005,3773.0,660.0,False,13400,388,-1479,6
w120_i120_mode_631417,w120_i120,mode,631417,13409,308,217.0,3230,3186,2990fe15c20330ea5052361acbb45694bafbe190076f6d722f6c3b73598a6cdf,2.9000000000000004,5371.0,1150.0,False,13992,376,-583,-68
w120_i120_mode_without_mn9_631417,w120_i120,mode_without_mn9,631417,13402,296,216.0,3230,3186,2990fe15c20330ea5052361acbb45694bafbe190076f6d722f6c3b73598a6cdf,2.8,5284.0,1159.0,False,13992,376,-590,-80
w120_i120_mn9_only_631417,w120_i120,mn9_only,631417,13889,388,149.0,3230,3186,2990fe15c20330ea5052361acbb45694bafbe190076f6d722f6c3b73598a6cdf,3.0,767.0,129.0,False,13992,376,-103,12
w120_i120_motor_003_631417,w120_i120,motor_003,631417,12292,375,149.0,3230,3186,2990fe15c20330ea5052361acbb45694bafbe190076f6d722f6c3b73598a6cdf,3.4000000000000004,3686.0,588.0,False,13992,376,-1700,-1
w120_i120_motor_004_631417,w120_i120,motor_004,631417,12464,383,150.0,3230,3186,2990fe15c20330ea5052361acbb45694bafbe190076f6d722f6c3b73598a6cdf,3.0,3888.0,668.0,False,13992,376,-1528,7
w120_i120_motor_005_631417,w120_i120,motor_005,631417,12529,377,149.0,3230,3186,2990fe15c20330ea5052361acbb45694bafbe190076f6d722f6c3b73598a6cdf,3.0,3591.0,539.0,False,13992,376,-1463,1
w120_i120_mode_631418,w120_i120,mode,631418,13528,304,215.0,3286,3238,46de1871008b658723cab9a3d5b408a4492db89e0603e0eef1ad3cc9eeef8fea,2.9000000000000004,5075.0,1079.0,False,13947,389,-419,-85
w120_i120_mode_without_mn9_631418,w120_i120,mode_without_mn9,631418,13438,300,213.0,3286,3238,46de1871008b658723cab9a3d5b408a4492db89e0603e0eef1ad3cc9eeef8fea,2.9000000000000004,4911.0,1062.0,False,13947,389,-509,-89
w120_i120_mn9_only_631418,w120_i120,mn9_only,631418,14801,388,147.0,3286,3238,46de1871008b658723cab9a3d5b408a4492db89e0603e0eef1ad3cc9eeef8fea,2.9000000000000004,1194.0,139.0,False,13947,389,854,-1
w120_i120_motor_003_631418,w120_i120,motor_003,631418,12257,379,147.0,3286,3238,46de1871008b658723cab9a3d5b408a4492db89e0603e0eef1ad3cc9eeef8fea,2.9000000000000004,4066.0,739.0,False,13947,389,-1690,-10
w120_i120_motor_004_631418,w120_i120,motor_004,631418,12612,384,147.0,3286,3238,46de1871008b658723cab9a3d5b408a4492db89e0603e0eef1ad3cc9eeef8fea,3.1000000000000005,3875.0,594.0,False,13947,389,-1335,-5
w120_i120_motor_005_631418,w120_i120,motor_005,631418,12411,378,147.0,3286,3238,46de1871008b658723cab9a3d5b408a4492db89e0603e0eef1ad3cc9eeef8fea,2.8,3882.0,637.0,False,13947,389,-1536,-11
w120_i120_mode_631419,w120_i120,mode,631419,13022,295,217.0,3139,3083,6f48116eb54c69e28d2a3fd266db36c5d3574765971a6667b9e5865a9eb5e4c8,2.8,5094.0,1151.0,False,13662,358,-640,-63
w120_i120_mode_without_mn9_631419,w120_i120,mode_without_mn9,631419,13022,295,217.0,3139,3083,6f48116eb54c69e28d2a3fd266db36c5d3574765971a6667b9e5865a9eb5e4c8,2.8,5094.0,1151.0,False,13662,358,-640,-63
w120_i120_mn9_only_631419,w120_i120,mn9_only,631419,13586,372,148.0,3139,3083,6f48116eb54c69e28d2a3fd266db36c5d3574765971a6667b9e5865a9eb5e4c8,2.8,924.0,147.0,False,13662,358,-76,14
w120_i120_motor_003_631419,w120_i120,motor_003,631419,11805,377,149.0,3139,3083,6f48116eb54c69e28d2a3fd266db36c5d3574765971a6667b9e5865a9eb5e4c8,3.6000000000000005,3787.0,585.0,False,13662,358,-1857,19
w120_i120_motor_004_631419,w120_i120,motor_004,631419,12239,397,148.0,3139,3083,6f48116eb54c69e28d2a3fd266db36c5d3574765971a6667b9e5865a9eb5e4c8,3.2,3725.0,568.0,False,13662,358,-1423,39
w120_i120_motor_005_631419,w120_i120,motor_005,631419,12161,386,149.0,3139,3083,6f48116eb54c69e28d2a3fd266db36c5d3574765971a6667b9e5865a9eb5e4c8,3.0,3935.0,596.0,False,13662,358,-1501,28
w120_i120_mode_631420,w120_i120,mode,631420,12977,295,218.0,3085,3025,6c8e7959a7ed9c033caf1f7699f74167c8a00e3bd5d56fc4d704ed1347646d89,2.9000000000000004,5328.0,1172.0,False,13273,376,-296,-81
w120_i120_mode_without_mn9_631420,w120_i120,mode_without_mn9,631420,12851,277,219.0,3085,3025,6c8e7959a7ed9c033caf1f7699f74167c8a00e3bd5d56fc4d704ed1347646d89,2.9000000000000004,5286.0,1172.0,False,13273,376,-422,-99
w120_i120_mn9_only_631420,w120_i120,mn9_only,631420,13027,371,147.0,3085,3025,6c8e7959a7ed9c033caf1f7699f74167c8a00e3bd5d56fc4d704ed1347646d89,3.1000000000000005,704.0,85.0,False,13273,376,-246,-5
w120_i120_motor_003_631420,w120_i120,motor_003,631420,11729,391,147.0,3085,3025,6c8e7959a7ed9c033caf1f7699f74167c8a00e3bd5d56fc4d704ed1347646d89,3.3,3700.0,731.0,False,13273,376,-1544,15
w120_i120_motor_004_631420,w120_i120,motor_004,631420,11754,377,147.0,3085,3025,6c8e7959a7ed9c033caf1f7699f74167c8a00e3bd5d56fc4d704ed1347646d89,3.1000000000000005,3455.0,606.0,False,13273,376,-1519,1
w120_i120_motor_005_631420,w120_i120,motor_005,631420,11528,369,147.0,3085,3025,6c8e7959a7ed9c033caf1f7699f74167c8a00e3bd5d56fc4d704ed1347646d89,3.3,3555.0,598.0,False,13273,376,-1745,-7
w120_i120_mode_631421,w120_i120,mode,631421,13406,307,217.0,3210,3153,59022bd53269375055fcd296502d7a4ec89f47ec92a0a51b5f5ee94d108663ec,2.8,5155.0,1081.0,False,13571,392,-165,-85
w120_i120_mode_without_mn9_631421,w120_i120,mode_without_mn9,631421,13338,308,211.0,3210,3153,59022bd53269375055fcd296502d7a4ec89f47ec92a0a51b5f5ee94d108663ec,2.7,4941.0,1066.0,False,13571,392,-233,-84
w120_i120_mn9_only_631421,w120_i120,mn9_only,631421,14427,387,151.0,3210,3153,59022bd53269375055fcd296502d7a4ec89f47ec92a0a51b5f5ee94d108663ec,2.9000000000000004,1122.0,156.0,False,13571,392,856,-5
w120_i120_motor_003_631421,w120_i120,motor_003,631421,12518,375,149.0,3210,3153,59022bd53269375055fcd296502d7a4ec89f47ec92a0a51b5f5ee94d108663ec,3.3,3835.0,565.0,False,13571,392,-1053,-17
w120_i120_motor_004_631421,w120_i120,motor_004,631421,12044,372,150.0,3210,3153,59022bd53269375055fcd296502d7a4ec89f47ec92a0a51b5f5ee94d108663ec,3.1000000000000005,3705.0,582.0,False,13571,392,-1527,-20
w120_i120_motor_005_631421,w120_i120,motor_005,631421,12144,369,149.0,3210,3153,59022bd53269375055fcd296502d7a4ec89f47ec92a0a51b5f5ee94d108663ec,3.2,3675.0,557.0,False,13571,392,-1427,-23
w120_i120_mode_631422,w120_i120,mode,631422,12962,273,221.0,3097,3066,2e7e47c1064ebd8647f5e211d459f5818e5fd2f6414577d90d3f28fc093b6e36,2.8,5141.0,1118.0,False,13751,370,-789,-97
w120_i120_mode_without_mn9_631422,w120_i120,mode_without_mn9,631422,13170,279,221.0,3097,3066,2e7e47c1064ebd8647f5e211d459f5818e5fd2f6414577d90d3f28fc093b6e36,2.7,5121.0,1085.0,False,13751,370,-581,-91
w120_i120_mn9_only_631422,w120_i120,mn9_only,631422,13646,376,150.0,3097,3066,2e7e47c1064ebd8647f5e211d459f5818e5fd2f6414577d90d3f28fc093b6e36,2.8,663.0,81.0,False,13751,370,-105,6
w120_i120_motor_003_631422,w120_i120,motor_003,631422,12309,388,150.0,3097,3066,2e7e47c1064ebd8647f5e211d459f5818e5fd2f6414577d90d3f28fc093b6e36,3.1000000000000005,3708.0,606.0,False,13751,370,-1442,18
w120_i120_motor_004_631422,w120_i120,motor_004,631422,11753,376,148.0,3097,3066,2e7e47c1064ebd8647f5e211d459f5818e5fd2f6414577d90d3f28fc093b6e36,3.2,3966.0,659.0,False,13751,370,-1998,6
w120_i120_motor_005_631422,w120_i120,motor_005,631422,11642,368,149.0,3097,3066,2e7e47c1064ebd8647f5e211d459f5818e5fd2f6414577d90d3f28fc093b6e36,3.1000000000000005,4005.0,672.0,False,13751,370,-2109,-2
w120_i120_mode_631423,w120_i120,mode,631423,13042,302,217.0,3116,3064,e27e23e46e2dc5a392403f453a37b8509da014334d187fa858576e04985a583d,2.7,4898.0,1078.0,False,13500,374,-458,-72
w120_i120_mode_without_mn9_631423,w120_i120,mode_without_mn9,631423,13043,303,217.0,3116,3064,e27e23e46e2dc5a392403f453a37b8509da014334d187fa858576e04985a583d,2.7,4897.0,1078.0,False,13500,374,-457,-71
w120_i120_mn9_only_631423,w120_i120,mn9_only,631423,14002,387,149.0,3116,3064,e27e23e46e2dc5a392403f453a37b8509da014334d187fa858576e04985a583d,2.8,914.0,108.0,False,13500,374,502,13
w120_i120_motor_003_631423,w120_i120,motor_003,631423,11759,380,150.0,3116,3064,e27e23e46e2dc5a392403f453a37b8509da014334d187fa858576e04985a583d,3.4000000000000004,3831.0,673.0,False,13500,374,-1741,6
w120_i120_motor_004_631423,w120_i120,motor_004,631423,12045,373,149.0,3116,3064,e27e23e46e2dc5a392403f453a37b8509da014334d187fa858576e04985a583d,3.3,3745.0,593.0,False,13500,374,-1455,-1
w120_i120_motor_005_631423,w120_i120,motor_005,631423,11834,368,148.0,3116,3064,e27e23e46e2dc5a392403f453a37b8509da014334d187fa858576e04985a583d,3.0,3612.0,553.0,False,13500,374,-1666,-6
w120_i120_mode_631424,w120_i120,mode,631424,12943,292,216.0,3085,3046,73556388aa50eba89fdfcc280e02713d26007b18afa395c1fb37bf28b3e788bf,2.8,4740.0,1045.0,False,13707,362,-764,-70
w120_i120_mode_without_mn9_631424,w120_i120,mode_without_mn9,631424,12943,292,216.0,3085,3046,73556388aa50eba89fdfcc280e02713d26007b18afa395c1fb37bf28b3e788bf,2.8,4740.0,1045.0,False,13707,362,-764,-70
w120_i120_mn9_only_631424,w120_i120,mn9_only,631424,13468,368,148.0,3085,3046,73556388aa50eba89fdfcc280e02713d26007b18afa395c1fb37bf28b3e788bf,3.0,1065.0,154.0,False,13707,362,-239,6
w120_i120_motor_003_631424,w120_i120,motor_003,631424,11883,386,147.0,3085,3046,73556388aa50eba89fdfcc280e02713d26007b18afa395c1fb37bf28b3e788bf,3.0,3832.0,588.0,False,13707,362,-1824,24
w120_i120_motor_004_631424,w120_i120,motor_004,631424,11683,382,147.0,3085,3046,73556388aa50eba89fdfcc280e02713d26007b18afa395c1fb37bf28b3e788bf,3.5,3844.0,569.0,False,13707,362,-2024,20
w120_i120_motor_005_631424,w120_i120,motor_005,631424,11575,359,147.0,3085,3046,73556388aa50eba89fdfcc280e02713d26007b18afa395c1fb37bf28b3e788bf,3.0,4028.0,610.0,False,13707,362,-2132,-3
w120_i120_mode_631425,w120_i120,mode,631425,13072,305,210.0,3182,3130,f710ff6463d7ca98dc53926044f0745a7bb669a60a8606de490934473682982b,2.8,4826.0,1103.0,False,14116,394,-1044,-89
w120_i120_mode_without_mn9_631425,w120_i120,mode_without_mn9,631425,13436,303,225.0,3182,3130,f710ff6463d7ca98dc53926044f0745a7bb669a60a8606de490934473682982b,2.8,5008.0,1098.0,False,14116,394,-680,-91
w120_i120_mn9_only_631425,w120_i120,mn9_only,631425,13605,370,150.0,3182,3130,f710ff6463d7ca98dc53926044f0745a7bb669a60a8606de490934473682982b,2.6000000000000005,1009.0,84.0,False,14116,394,-511,-24
w120_i120_motor_003_631425,w120_i120,motor_003,631425,11896,391,149.0,3182,3130,f710ff6463d7ca98dc53926044f0745a7bb669a60a8606de490934473682982b,3.1000000000000005,4034.0,632.0,False,14116,394,-2220,-3
w120_i120_motor_004_631425,w120_i120,motor_004,631425,12336,375,150.0,3182,3130,f710ff6463d7ca98dc53926044f0745a7bb669a60a8606de490934473682982b,3.0,3930.0,606.0,False,14116,394,-1780,-19
w120_i120_motor_005_631425,w120_i120,motor_005,631425,12530,373,150.0,3182,3130,f710ff6463d7ca98dc53926044f0745a7bb669a60a8606de490934473682982b,2.9000000000000004,3942.0,602.0,False,14116,394,-1586,-21
w120_i120_mode_631426,w120_i120,mode,631426,13376,286,216.0,3167,3127,5b26a62924f518ae79ec0bd6d0af0cb4c529aaf699effb3c35635f63a45e2824,2.9000000000000004,4777.0,1093.0,False,14197,355,-821,-69
w120_i120_mode_without_mn9_631426,w120_i120,mode_without_mn9,631426,13376,286,216.0,3167,3127,5b26a62924f518ae79ec0bd6d0af0cb4c529aaf699effb3c35635f63a45e2824,2.9000000000000004,4777.0,1093.0,False,14197,355,-821,-69
w120_i120_mn9_only_631426,w120_i120,mn9_only,631426,13507,379,149.0,3167,3127,5b26a62924f518ae79ec0bd6d0af0cb4c529aaf699effb3c35635f63a45e2824,2.9000000000000004,1136.0,107.0,False,14197,355,-690,24
w120_i120_motor_003_631426,w120_i120,motor_003,631426,12667,388,150.0,3167,3127,5b26a62924f518ae79ec0bd6d0af0cb4c529aaf699effb3c35635f63a45e2824,3.0,3986.0,604.0,False,14197,355,-1530,33
w120_i120_motor_004_631426,w120_i120,motor_004,631426,12471,373,150.0,3167,3127,5b26a62924f518ae79ec0bd6d0af0cb4c529aaf699effb3c35635f63a45e2824,3.0,3980.0,596.0,False,14197,355,-1726,18
w120_i120_motor_005_631426,w120_i120,motor_005,631426,12624,369,149.0,3167,3127,5b26a62924f518ae79ec0bd6d0af0cb4c529aaf699effb3c35635f63a45e2824,2.9000000000000004,4073.0,606.0,False,14197,355,-1573,14
w120_i120_mode_631427,w120_i120,mode,631427,12998,286,217.0,3032,2989,a5ef70bc66f08b067cc69ccfd2ae1c8787b249a41d1926d119f34e0f2034a500,2.8,4776.0,1050.0,False,13348,360,-350,-74
w120_i120_mode_without_mn9_631427,w120_i120,mode_without_mn9,631427,12998,286,217.0,3032,2989,a5ef70bc66f08b067cc69ccfd2ae1c8787b249a41d1926d119f34e0f2034a500,2.8,4776.0,1050.0,False,13348,360,-350,-74
w120_i120_mn9_only_631427,w120_i120,mn9_only,631427,13294,384,146.0,3032,2989,a5ef70bc66f08b067cc69ccfd2ae1c8787b249a41d1926d119f34e0f2034a500,2.8,880.0,129.0,False,13348,360,-54,24
w120_i120_motor_003_631427,w120_i120,motor_003,631427,12113,384,145.0,3032,2989,a5ef70bc66f08b067cc69ccfd2ae1c8787b249a41d1926d119f34e0f2034a500,3.0,3745.0,618.0,False,13348,360,-1235,24
w120_i120_motor_004_631427,w120_i120,motor_004,631427,12034,383,146.0,3032,2989,a5ef70bc66f08b067cc69ccfd2ae1c8787b249a41d1926d119f34e0f2034a500,3.1000000000000005,3626.0,610.0,False,13348,360,-1314,23
w120_i120_motor_005_631427,w120_i120,motor_005,631427,11909,369,146.0,3032,2989,a5ef70bc66f08b067cc69ccfd2ae1c8787b249a41d1926d119f34e0f2034a500,3.1000000000000005,3667.0,581.0,False,13348,360,-1439,9
w120_i120_mode_631428,w120_i120,mode,631428,13127,279,220.0,3155,3107,6122183b8e1e90ae6da8ea292fcd7052b279cdd5a8099ada7c4e733edef92212,2.8,4896.0,1074.0,False,13833,386,-706,-107
w120_i120_mode_without_mn9_631428,w120_i120,mode_without_mn9,631428,13094,294,219.0,3155,3107,6122183b8e1e90ae6da8ea292fcd7052b279cdd5a8099ada7c4e733edef92212,2.7,4897.0,1076.0,False,13833,386,-739,-92
w120_i120_mn9_only_631428,w120_i120,mn9_only,631428,14136,374,150.0,3155,3107,6122183b8e1e90ae6da8ea292fcd7052b279cdd5a8099ada7c4e733edef92212,2.9000000000000004,963.0,135.0,False,13833,386,303,-12
w120_i120_motor_003_631428,w120_i120,motor_003,631428,12644,386,149.0,3155,3107,6122183b8e1e90ae6da8ea292fcd7052b279cdd5a8099ada7c4e733edef92212,3.0,3601.0,587.0,False,13833,386,-1189,0
w120_i120_motor_004_631428,w120_i120,motor_004,631428,12914,390,148.0,3155,3107,6122183b8e1e90ae6da8ea292fcd7052b279cdd5a8099ada7c4e733edef92212,3.3,3815.0,627.0,False,13833,386,-919,4
w120_i120_motor_005_631428,w120_i120,motor_005,631428,12329,375,149.0,3155,3107,6122183b8e1e90ae6da8ea292fcd7052b279cdd5a8099ada7c4e733edef92212,3.1000000000000005,3754.0,600.0,False,13833,386,-1504,-11
w120_i120_mode_631429,w120_i120,mode,631429,13153,305,219.0,3149,3103,8e949af61b96f2ea5996e68015b4de8ada41ae02902578e106bf1e865535951c,2.8,4969.0,1077.0,False,13838,389,-685,-84
w120_i120_mode_without_mn9_631429,w120_i120,mode_without_mn9,631429,13244,304,224.0,3149,3103,8e949af61b96f2ea5996e68015b4de8ada41ae02902578e106bf1e865535951c,2.8,5174.0,1111.0,False,13838,389,-594,-85
w120_i120_mn9_only_631429,w120_i120,mn9_only,631429,14052,386,146.0,3149,3103,8e949af61b96f2ea5996e68015b4de8ada41ae02902578e106bf1e865535951c,2.9000000000000004,656.0,95.0,False,13838,389,214,-3
w120_i120_motor_003_631429,w120_i120,motor_003,631429,12258,374,146.0,3149,3103,8e949af61b96f2ea5996e68015b4de8ada41ae02902578e106bf1e865535951c,3.0,3862.0,604.0,False,13838,389,-1580,-15
w120_i120_motor_004_631429,w120_i120,motor_004,631429,11938,361,146.0,3149,3103,8e949af61b96f2ea5996e68015b4de8ada41ae02902578e106bf1e865535951c,3.0,3894.0,639.0,False,13838,389,-1900,-28
w120_i120_motor_005_631429,w120_i120,motor_005,631429,12153,374,146.0,3149,3103,8e949af61b96f2ea5996e68015b4de8ada41ae02902578e106bf1e865535951c,3.2,3725.0,565.0,False,13838,389,-1685,-15
w120_i120_mode_631430,w120_i120,mode,631430,13413,305,218.0,3220,3165,6d4b9a8c6cba3759dc3c6d9e22a48da5044e475e4de4f738cd99fc52ab3370a3,2.7,5132.0,1165.0,False,14423,386,-1010,-81
w120_i120_mode_without_mn9_631430,w120_i120,mode_without_mn9,631430,13413,305,218.0,3220,3165,6d4b9a8c6cba3759dc3c6d9e22a48da5044e475e4de4f738cd99fc52ab3370a3,2.7,5132.0,1165.0,False,14423,386,-1010,-81
w120_i120_mn9_only_631430,w120_i120,mn9_only,631430,14277,372,149.0,3220,3165,6d4b9a8c6cba3759dc3c6d9e22a48da5044e475e4de4f738cd99fc52ab3370a3,2.9000000000000004,760.0,85.0,False,14423,386,-146,-14
w120_i120_motor_003_631430,w120_i120,motor_003,631430,12118,366,149.0,3220,3165,6d4b9a8c6cba3759dc3c6d9e22a48da5044e475e4de4f738cd99fc52ab3370a3,3.0,4217.0,712.0,False,14423,386,-2305,-20
w120_i120_motor_004_631430,w120_i120,motor_004,631430,12608,384,150.0,3220,3165,6d4b9a8c6cba3759dc3c6d9e22a48da5044e475e4de4f738cd99fc52ab3370a3,3.1000000000000005,4017.0,661.0,False,14423,386,-1815,-2
w120_i120_motor_005_631430,w120_i120,motor_005,631430,12528,384,148.0,3220,3165,6d4b9a8c6cba3759dc3c6d9e22a48da5044e475e4de4f738cd99fc52ab3370a3,3.1000000000000005,4113.0,707.0,False,14423,386,-1895,-2
