dt_ms,root_id,start_ms,initial_v_mV,initial_g_mV,v_min_mV,v_max_mV,g_min_mV,g_max_mV,refractory_fraction
0.0004,720575940611875570,600,-51.75051423913423,1.401644110004534,-52.65140555027762,16.383825453038654,-18.533851631824774,4.589927518053011,0.0
0.0004,720575940612326373,600,-49.357484728933,0.0637292841303956,-50.38719173796905,-49.357484728933,0.008625510731517532,0.0637292841303956,0.0
0.0004,720575940612670570,600,-52.05535535451026,-3.543174673288151,-55.1820167397953,13.566591600938674,-30.168774981196467,1.9798416063358308,0.0
0.0004,720575940616885538,600,-51.33351747411594,8.466780111988601,-52.87339240024962,-51.071604544053145,-15.288244626429845,8.466780111988601,0.0
0.0004,720575940617000768,600,-50.79210339923088,6.1524203304182175,-52.13883149508777,17.03122603385128,-14.134296102850195,6.783018022560245,0.0
0.0004,720575940617937543,600,-52.2562644855796,-12.308749979691234,-54.65034089462652,15.905229044174538,-25.283759665577247,0.0,0.0
0.0004,720575940620900446,600,-53.26630065346353,-7.481657628256232,-54.27448130109111,14.478264852671709,-20.064631585753617,0.0,0.0
0.0004,720575940621502051,600,-50.604067347912675,7.030147544958301,-52.01720199264246,17.251732881676514,-12.678607793273503,7.030147544958301,0.0
0.0004,720575940621754367,600,-52.023985457590896,-0.9588776292261785,-53.803019653274376,16.836582510183117,-15.876041480846224,2.5553511850849264,0.0
0.0004,720575940623862015,600,-53.465555327724694,-0.6932022630431602,-53.465555327724694,-52.997800219647495,-0.6932022630431602,-0.09382223008745796,0.0
0.0004,720575940624963786,600,-50.7568565108638,12.264410614206586,-52.03429972106136,17.62319112757404,-7.475091697872415,12.264410614206586,0.0
0.0004,720575940628455942,600,-54.5818007736844,-0.1468356195588255,-54.5818007736844,-53.58903546444978,-0.1468356195588255,-0.01987362998903695,0.0
0.0004,720575940628695043,600,-51.54374260911496,0.010479100456058675,-51.620518484857676,-50.8893037162166,0.004949184625363602,5.614500006657951,0.0
0.0004,720575940628853239,600,-52.80575486860365,-4.662962321965824,-53.5986115281471,16.748625013749916,-17.85881389749606,0.32997360105597184,0.0
0.0004,720575940629176663,600,-52.977945358909516,-3.0824516163955695,-55.499902336893335,16.772527056792384,-19.69242555098657,0.6599472021119437,0.0
0.0004,720575940629377132,600,-52.214618529415844,-0.03270571773648495,-52.214618529415844,-52.135312263568736,-0.03270571773648495,-0.00442659168649731,0.0
0.0004,720575940629393207,600,-52.01573846393052,-0.009953565295547464,-52.01573846393052,-52.011109414121584,-0.009953565295547464,-0.001347176348285025,0.0
0.0004,720575940629667639,600,-51.973591412615164,-0.016853899288540003,-51.986629228830225,-51.973591412615164,-0.016853899288540003,-0.0022811097153354583,0.0
0.0004,720575940630233916,600,-51.26084859930765,9.456109126572908,-52.0,16.871979966788093,-8.48200417483823,9.456109126572908,0.0
0.0004,720575940630797113,600,-51.74665606860247,1.307485844263802,-52.87778197506159,-51.711682670939325,-6.955834094632651,1.307485844263802,0.0
0.0004,720575940632425919,600,-52.181476037168636,-9.901517037151358,-60.86511737137393,-52.181476037168636,-38.86980705661256,-8.53732717355221,0.0
0.0004,720575940632889389,600,-51.385955071466846,11.503632313045875,-52.40042801504404,17.461676355541535,-5.30516485926682,11.503632313045875,0.0
0.0004,720575940633143833,600,-53.33892742636643,-12.451678223053522,-54.843894194626074,16.748625013749916,-28.571256078137015,1.378553039012026,0.0
0.0004,720575940633434208,600,-51.9348196502499,0.023309874205290692,-51.956804150320124,-51.9348196502499,0.0031549008097545277,0.023309874205290692,0.0
0.0004,720575940637568838,600,-50.91779210611474,14.643322983747082,-52.01195225447403,18.138292842731452,-2.6272037902835113,15.161674809221685,0.0
0.0004,720575940638202345,600,-51.20823957607858,10.772299556412504,-52.02564363577535,18.18195651078428,-10.479000069248317,10.940479401586295,0.0
0.0004,720575940639198653,600,-57.75461628278127,-18.474179695947846,-58.6550977750165,10.093162607882777,-27.59570863217827,0.0,0.0
0.0004,720575940639283278,600,-51.82982736997975,0.07492416882235091,-51.878417215126234,-51.82982736997975,0.012984502353762972,0.3429570646910958,0.0
0.0004,720575940639332736,600,-51.87240224017036,1.5849503571604886,-53.41533226212343,16.84881408816452,-15.183104500586895,2.9697624095037467,0.0
0.0004,720575940639935616,600,-50.47918930440161,0.12245111970726656,-51.05833038324476,-50.47918930440161,0.016573282777824574,0.12245111970726656,0.0
0.0004,720575940640649691,600,-51.526211814083425,0.7121540762743626,-52.26747026438689,16.68465462346287,-13.837838235217378,1.1018539567428,0.0
0.0004,720575940643476128,600,-52.0,0.0,-52.0,-52.0,0.0,0.0,0.0
0.0004,720575940643551392,600,-51.904504169310194,0.02757490747992975,-51.93774662407706,-51.904504169310194,0.0037321564745977456,0.02757490747992975,0.0
0.0004,720575940660219265,600,-54.38730531725513,-37.29682607349278,-58.49968191749573,-44.99882850263838,-37.29682607349278,125.54610958213131,0.21996
0.0004,720575940611875570,610,-52.65146559428123,-3.653489609644297,-55.1403166340726,-52.434760744062025,-18.835629106583372,5.3285161985695675,0.0
0.0004,720575940612326373,610,-50.38722382131013,0.008624820718259908,-50.684168021654735,-47.54095134286328,0.005564483545694906,21.816516935352354,0.0
0.0004,720575940612670570,610,-53.10799785802335,-6.547748912622401,-53.95812101041284,14.790161771909654,-24.759817816977005,6.395722675937405,0.0
0.0004,720575940616885538,610,-51.96133796668663,3.4259987050957483,-52.21687517342307,-50.72447154171838,-15.809281059280286,11.704142485137075,0.0
0.0004,720575940617000768,610,-52.0191599456467,-1.7708503181246111,-52.0191599456467,17.49293962809849,-15.19559936788434,9.770093279064639,0.0
0.0004,720575940617937543,610,-52.04591181109433,-3.7749962603844542,-53.99116004195809,16.57703013068467,-15.381639491644956,1.2184705716108062,0.0
0.0004,720575940620900446,610,-52.04012779817093,-3.0062189133897688,-53.374186546749236,17.342494549642716,-26.123971500127762,7.257379624503152,0.0
0.0004,720575940621502051,610,-52.01723194133887,-1.5145912024597132,-52.65321550759124,-51.36780239936259,-13.383243207564266,8.30531547421717,0.0
0.0004,720575940621754367,610,-51.811682409079395,0.5238988363038254,-52.0062453538717,17.588960731568328,-9.857846966097908,9.569814414632727,0.0
0.0004,720575940623862015,610,-52.997782140193436,-0.0938147246092741,-53.59054611429273,-44.999638100737975,-8.241545100610468,73.46170147906366,0.13716
0.0004,720575940624963786,610,-52.034343785247614,-2.2374415663950784,-54.70804322059111,17.222190168797663,-20.17059411723597,7.400474108381736,0.0
0.0004,720575940628455942,610,-53.589004081511014,-0.01987204016223175,-54.51686011496768,-52.958731778327426,-18.42701015139971,1.3070745673534656,0.0
0.0004,720575940628695043,610,-50.889293749608946,1.6089672896947786,-52.24839870161955,-44.99992472849494,-14.677144777520807,118.17860424525567,0.21996
0.0004,720575940628853239,610,-53.59877901027361,-9.972402689134483,-57.44400166044076,-53.59877901027361,-27.88637367535138,-0.5762678557091003,0.0
0.0004,720575940629176663,610,-53.422523652759544,-8.400212341210416,-53.572183212538825,17.065099728590386,-19.953630458063213,3.8692120317434857,0.0
0.0004,720575940629377132,610,-52.13530964587794,-0.004426237573327105,-52.13530964587794,-44.99904630629186,-0.004426237573327105,141.03787025508095,0.21996
0.0004,720575940629393207,610,-52.0111092188777,-0.0013470685784880115,-52.0111092188777,-44.99997522675868,-0.0013470685784880115,157.20100188280438,0.21996
0.0004,720575940629667639,610,-51.98662954186289,-0.0022809272338575877,-52.0,-44.9998688092197,-0.0022809272338575877,98.9360637041883,0.21996
0.0004,720575940630233916,610,-51.22799043867586,1.0905524855412259,-53.421856593517894,17.636069313355968,-12.635930238597044,8.273360112324948,0.0
0.0004,720575940630797113,610,-52.87781340280687,-2.449086987607404,-53.151219608775435,16.748625013749916,-8.167911178903204,3.3812745668900472,0.0
0.0004,720575940632425919,610,-60.86543127230308,-24.559338383449553,-66.13184331455876,-60.86543127230308,-42.694570017987694,-9.057885385553947,0.0
0.0004,720575940632889389,610,-52.00385600861543,-0.5125182313297919,-53.15352997369106,16.802414043631313,-11.098251084208803,4.168194787342535,0.0
0.0004,720575940633143833,610,-54.29933261182599,-13.360556313585047,-57.549155583267364,11.199145579790613,-29.156406930064506,0.6599472021119437,0.0
0.0004,720575940633434208,610,-51.95680495113362,0.0031546484277851614,-52.0,-44.99951466137055,0.0,88.76402473532069,0.21996
0.0004,720575940637568838,610,-49.31238095898779,7.662460893969981,-49.31238095898779,-46.96103270849478,0.7703459724611978,18.892915096363925,0.0
0.0004,720575940638202345,610,-52.01813589477726,-1.2468503410299887,-52.49886073543211,-51.43597273303194,-9.587574394324125,10.205164201296201,0.0
0.0004,720575940639198653,610,-56.11086167283169,-15.942458333833956,-60.388672131881194,16.78524546454768,-34.58624193251076,0.9519527070039817,0.0
0.0004,720575940639283278,610,-51.867512800074216,0.2678441451780364,-51.867512800074216,-51.58918296886563,0.09561457470433612,2.0754485321801495,0.0
0.0004,720575940639332736,610,-52.014279886161795,-0.734332109700195,-53.443130012484104,17.066806984145757,-13.804844891650342,5.221105096589735,0.0
0.0004,720575940639935616,610,-51.05834888499968,0.01657195696823544,-51.2698376366811,-50.354977514979296,0.005915830702527344,12.014772921658325,0.0
0.0004,720575940640649691,610,-52.06305504693422,-1.4065962582304097,-53.32877621805688,-51.70949121728307,-13.935155714222114,4.246192131342967,0.0
0.0004,720575940643476128,610,-52.0,0.0,-52.0,-52.0,0.0,0.0,0.0
0.0004,720575940643551392,610,-51.93774779449273,0.0037318579140223603,-52.0,-44.99986158812788,0.0,87.77430996698884,0.21996
0.0004,720575940660219265,610,-52.0,0.0,-52.0,-44.99734666491658,-11.313111097978826,237.67164327634973,0.42456
0.0004,720575940611875570,620,-55.11983923905635,-2.4458845207766604,-55.11983923905635,16.401843477014708,-18.761588498234342,2.6161022748345046,0.0
0.0004,720575940612326373,620,-47.54075243837795,14.403796211179447,-48.27907064218309,-45.22141150253289,-10.746974559543675,23.12027840840248,0.0
0.0004,720575940612670570,620,-51.48803438187508,3.571566855833742,-53.99236233274913,-51.32860698756621,-23.06162805395031,5.480210209148844,0.0
0.0004,720575940616885538,620,-51.23827442303032,7.737684186517006,-53.44484566802649,18.536745931865386,-20.898722589225173,8.470559487260303,0.0
0.0004,720575940617000768,620,-51.78006620752311,1.7145791255757485,-52.72962233253635,17.34985102559545,-13.347338263532205,3.3053498762482603,0.0
0.0004,720575940617937543,620,-53.991231687978946,-5.573273971490632,-55.23764255601954,16.748625013749916,-20.727832198297907,0.0,0.0
0.0004,720575940620900446,620,-52.0,0.0,-54.059212616795016,14.689296000516764,-23.89961032156582,4.597100720762686,0.0
0.0004,720575940621502051,620,-52.20590040737074,3.247109031012649,-52.90363072279743,16.576509749742044,-14.60572751567947,3.247109031012649,0.0
0.0004,720575940621754367,620,-51.859681615122234,2.7245056981675386,-51.859681615122234,-51.119907897732666,-9.782320075585211,4.85051197311932,0.0
0.0004,720575940623862015,620,-52.0,0.0,-52.343034388219124,-52.0,-3.3791700412351813,0.0,0.0828
0.0004,720575940624963786,620,-54.70443604818539,-2.436875215533641,-54.75174780972674,16.824836821601888,-9.607095667970984,6.783771040589435,0.0
0.0004,720575940628455942,620,-54.5170606756378,-12.544492110314735,-55.62658278233948,-54.5170606756378,-12.544492110314735,-1.6275182748186439,0.0
0.0004,720575940628695043,620,-52.24867676889814,-14.151335599308805,-52.53360479226699,-52.06729728742661,-14.151335599308805,116.68020910734012,0.0
0.0004,720575940628853239,620,-57.25145063889261,-1.9346875848436116,-59.46600487990548,-57.04965363891524,-27.58678461336405,2.0773348564262295,0.0
0.0004,720575940629176663,620,-52.0,0.0,-52.762931474763036,15.985575900854656,-13.65098038831174,3.3845694969305526,0.0
0.0004,720575940629377132,620,-51.97956379797685,0.2450182394382964,-69.64510636784924,-51.95071280711205,-127.14603154976837,0.2450182394382964,0.0
0.0004,720575940629393207,620,-51.96001241141094,0.22958173891560044,-71.06579770859581,-51.81141119531932,-138.8737092345558,1.168348867537896,0.0
0.0004,720575940629667639,620,-52.0,0.0,-52.0,-51.645524867569826,-1.5595037706383112,7.110275112428549,0.0
0.0004,720575940630233916,620,-52.02834575004205,-0.61006107285312,-52.03363447337446,16.748625013749916,-8.358235665582006,4.472289126167221,0.0
0.0004,720575940630797113,620,-51.8730243103892,0.49782213775291406,-52.16648675206635,16.988412236536973,-4.323879914513541,2.0916764315174565,0.0
0.0004,720575940632425919,620,-66.08008077861284,-12.2363751147491,-68.0737311827498,-65.90275107661009,-31.3802907610084,-8.107285384641745,0.0
0.0004,720575940632889389,620,-52.95740164900804,0.3752695746394159,-52.95740164900804,16.861994420037487,-11.490433113919524,4.425670650484762,0.0
0.0004,720575940633143833,620,-52.136742157819754,-0.715357633831121,-56.328515180631975,16.748625013749916,-23.16783620645224,0.040840293794870156,0.0
0.0004,720575940633434208,620,-51.9498137401425,3.0976460008549163,-51.9498137401425,-51.481017568279995,-1.535156682329343,3.0976460008549163,0.0
0.0004,720575940637568838,620,-46.96098760673065,7.293786290763454,-52.00061415791507,21.813870120993933,-7.383311977761118,13.465337896079316,0.0
0.0004,720575940638202345,620,-52.49886417823987,-0.6709760052107014,-52.5653944170491,-49.73552623292167,-2.832372850087366,13.546142656232622,0.0
0.0004,720575940639198653,620,-52.0,0.0,-58.032675168108376,-51.99384638462639,-31.080496377543014,0.32997360105597184,0.0
0.0004,720575940639283278,620,-51.58917590523309,0.7639716301477101,-51.7003160383199,-51.56691771452208,-0.270027136238435,0.7639716301477101,0.0
0.0004,720575940639332736,620,-53.09389554329731,2.4315779249662506,-53.09389554329731,17.15931288076383,-15.589487974883717,2.9409955997215427,0.0
0.0004,720575940639935616,620,-50.35483007583796,9.016692595619352,-53.680623463000735,-48.40336718338422,-31.50241884588483,15.927505230976486,0.0
0.0004,720575940640649691,620,-53.323415327763016,-1.1130357115363667,-53.38897434214746,16.767893531371545,-12.957472846204668,4.1510028249294875,0.0
0.0004,720575940643476128,620,-52.0,0.0,-52.182166158185716,-52.0,-1.3198944042238874,0.0,0.0
0.0004,720575940643551392,620,-51.95483236612804,2.787881400769421,-51.95483236612804,-51.481406619843796,-1.2619202335736739,2.888936228763977,0.0
0.0004,720575940660219265,620,-52.0,0.0,-59.26984065846774,-44.99940651951495,-117.60873970328988,242.8536372915073,0.23532
0.0004,720575940611875570,630,-53.63886608844508,-15.386065806477655,-55.43090711247019,-53.63886608844508,-15.386065806477655,1.8793227069696965,0.0
0.0004,720575940612326373,630,-48.27922108851979,-3.8013106449149427,-52.0,-44.99952986683275,-3.8013106449149427,38.46872169460377,0.00244
0.0004,720575940612670570,630,-53.99263105723424,-15.428103812488342,-55.473916904401946,13.279780376531463,-16.565011265802504,2.809033951003663,0.0
0.0004,720575940616885538,630,-53.44509284179298,-13.803105442460723,-54.58573348542044,-53.44509284179298,-14.585284094384997,1.7775776950901707,0.0
0.0004,720575940617000768,630,-52.7297499020603,-7.107877993552648,-52.93363794762288,16.10038719450531,-14.73424915460394,5.209854291123667,0.0
0.0004,720575940617937543,630,-55.23792983495028,-17.601028675628278,-58.52896676799493,16.542527118657755,-24.093200373373516,0.32997360105597184,0.0
0.0004,720575940620900446,630,-53.68560849421632,-18.836021927802463,-56.795789784205596,16.748625013749916,-18.836021927802463,0.0,0.0
0.0004,720575940621502051,630,-52.90381195107993,-9.964736863346808,-53.71663450134818,-52.40687927030937,-12.177658591446857,8.398571488050287,0.0
0.0004,720575940621754367,630,-51.57393221329899,-3.658272752009414,-51.79682747174794,-51.32757629703115,-12.525983093889687,4.520340652714238,0.0
0.0004,720575940623862015,630,-52.34307665969084,-2.45653084593782,-52.56039348822992,-44.999619815713835,-2.45653084593782,76.92296234613698,0.21996
0.0004,720575940624963786,630,-52.4824573176799,-7.3141707915360294,-52.80142583688309,16.10351834647014,-15.5796407008529,5.1160974125445735,0.0
0.0004,720575940628455942,630,-55.606749215419505,-1.627388078564578,-55.606749215419505,-54.27050422693775,-1.627388078564578,0.7400797170351195,0.0
0.0004,720575940628695043,630,-52.06497325629042,116.13077620205027,-56.723038663226255,-44.99886346431459,-53.995292606092505,116.13077620205027,0.21996
0.0004,720575940628853239,630,-59.46625379831596,-19.9112533947534,-60.23708383848893,16.777645685494658,-19.9112533947534,1.5370078018891693,0.0
0.0004,720575940629176663,630,-52.687743222690315,-11.011873203026532,-53.72386772457734,16.583755037882245,-16.443786968055264,1.257092124510992,0.0
0.0004,720575940629377132,630,-69.64565030652012,-44.84051821982252,-71.90225419829878,-47.65080390517549,-44.84051821982252,116.19997418197518,0.0
0.0004,720575940629393207,630,-71.06631966266455,-45.16195560334912,-73.14466418967525,-46.04783420688055,-45.16195560334912,130.55122225290395,0.0
0.0004,720575940629667639,630,-51.77096492112752,7.076793692208969,-52.0,-44.99947591967263,0.0,98.06213434207271,0.21996
0.0004,720575940630233916,630,-51.85572261785053,-5.483332081542213,-52.0,17.05322514623434,-10.265497668971134,7.4034516558528445,0.0
0.0004,720575940630797113,630,-52.16653834959629,-2.7462791940206484,-52.182029904205045,16.834411607366516,-8.299000448654457,1.94061076613881,0.0
0.0004,720575940632425919,630,-68.07391753830329,-25.39058638791632,-69.88564586128236,-68.07391753830329,-32.493222574458834,-13.19408618696065,0.0
0.0004,720575940632889389,630,-52.69187254849828,-8.395394986218486,-53.010646081739374,16.82753455387193,-12.057252909530295,4.048764822631884,0.0
0.0004,720575940633143833,630,-52.0,0.0,-53.079450245503565,16.748625013749916,-18.161474618389686,0.982280037344298,0.0
0.0004,720575940633434208,630,-51.62133037793198,-1.1160017689169508,-52.0,-44.99967011094358,-1.1160017689169508,88.18103992980295,0.21996
0.0004,720575940637568838,630,-51.3133707816289,11.924315074621509,-51.3133707816289,-45.70380613642449,-1.505896239841757,23.983801456892632,0.0
0.0004,720575940638202345,630,-49.96687465735958,0.7029635622759963,-52.0,18.864665285227403,-11.826024545643909,9.684235147025793,0.0
0.0004,720575940639198653,630,-58.03306375444017,-25.46116758080981,-61.86608106927722,6.882425590062745,-27.626520451529526,1.2289885174374047,0.0
0.0004,720575940639283278,630,-51.70032419682898,-0.10824124202570118,-51.76293239376232,-51.506966045556325,-0.32585674186530383,1.6979781396303824,0.0
0.0004,720575940639332736,630,-52.904738725545876,-9.289055870293007,-52.94609507916898,15.80236676299337,-9.289055870293007,4.587234504971276,0.0
0.0004,720575940639935616,630,-53.68083877562831,-12.445864652388641,-54.79685182413341,-51.67072039387547,-12.445864652388641,47.37413655961544,0.0
0.0004,720575940640649691,630,-51.93299513123981,2.169705896771927,-52.49133030542619,17.081457394932062,-14.548611342078026,3.5847211755551642,0.0
0.0004,720575940643476128,630,-52.182172051660935,-0.47682379283239645,-52.20740965386581,-52.14518884910731,-0.7604412099788221,0.09281075589160402,0.0
0.0004,720575940643551392,630,-51.60379558569559,-0.917369040639838,-52.0,-44.99979789037371,-0.917369040639838,87.2946818583872,0.21996
0.0004,720575940660219265,630,-52.078823535395,-0.3767867646492938,-52.21068632560569,-44.9976868935894,-2.6907003689945674,153.95629820773104,0.21996
0.0004,720575940611875570,640,-55.431114623355384,-13.806002875077777,-56.353524741655185,12.394917764883486,-16.411863571703037,4.848772559804791,0.0
0.0004,720575940612326373,640,-52.0,0.0,-55.127902661339284,-49.32899145130645,-33.202725369611684,76.50512470074054,0.21752
0.0004,720575940612670570,640,-52.93665517931751,-16.534559669133785,-53.37141758441148,15.376981810296497,-16.534559669133785,5.6586796152939405,0.0
0.0004,720575940616885538,640,-54.523951193957096,-14.558471846484034,-54.81796139153782,17.341634585101605,-14.558471846484034,7.9681454029423415,0.0
0.0004,720575940617000768,640,-52.327938603730566,-14.707163063005641,-53.56191469227156,16.88948995114,-14.707163063005641,10.338116019979084,0.0
0.0004,720575940617937543,640,-52.02024694985085,-17.07888836078698,-53.417759502788414,15.974791338563398,-17.07888836078698,0.32997360105597184,0.0
0.0004,720575940620900446,640,-52.38416617658117,-15.895846703099764,-56.12753577171355,-52.38416617658117,-22.49269617855505,-1.5722624660108464,0.0
0.0004,720575940621502051,640,-52.50508526583045,-12.155272301341418,-53.60596154277677,17.38167639142448,-12.155272301341418,8.260185302438513,0.0
0.0004,720575940621754367,640,-51.55931982895406,-12.502956475981993,-52.04385035086167,18.0388784510529,-12.502956475981993,11.68986792795394,0.0
0.0004,720575940623862015,640,-52.00144245977605,-0.25821410449148574,-52.35110011771151,-49.92151086845625,-2.4305003002180103,176.744458591276,0.0
0.0004,720575940624963786,640,-52.120416969379676,-15.551000519010984,-53.88549267716014,17.294424535824607,-15.551000519010984,11.778210137073684,0.0
0.0004,720575940628455942,640,-54.27044538094145,0.6717981384052735,-54.27044538094145,-44.99905606992914,-2.0966164460371095,161.0905015758567,0.20472
0.0004,720575940628695043,640,-56.72311629297636,-8.604220806239425,-56.792362250626425,-44.99938455471802,-8.604220806239425,115.47635262463398,0.21264
0.0004,720575940628853239,640,-53.49415884811469,-13.282625918427874,-56.18786634390484,16.748625013749916,-21.625998113885895,0.0,0.0
0.0004,720575940629176663,640,-52.3229847575664,-16.41355821901172,-54.634933830172564,-52.3229847575664,-16.41355821901172,3.630470955373364,0.0
0.0004,720575940629377132,640,-47.64976617080324,56.23418415619883,-52.0,-44.99957853015045,0.0,268.0250459515187,0.21996
0.0004,720575940629393207,640,-46.04666986926053,64.16706222175614,-53.85830959222477,-44.99908921816909,-12.934965161394096,284.2807276597019,0.21996
0.0004,720575940629667639,640,-51.87557055893821,0.7880103884977535,-51.96815219998993,-49.264842946974845,-1.2766850839424608,175.43895184771853,0.0
0.0004,720575940630233916,640,-51.059569693443116,-10.090440912878568,-52.336868221764476,-50.56388705173364,-10.090440912878568,11.776999445201088,0.0
0.0004,720575940630797113,640,-52.09246571963617,-8.28374432776442,-53.01861710133722,-52.09246571963617,-8.28374432776442,1.8105284638660073,0.0
0.0004,720575940632425919,640,-69.83903801378158,-32.43349001572844,-71.4508593690882,16.408317991653753,-35.76289704671285,1.6433340902052058,0.0
0.0004,720575940632889389,640,-52.471109704922604,-12.035087962181802,-52.79226360475818,15.956163781469819,-12.035087962181802,7.297760091758493,0.0
0.0004,720575940633143833,640,-52.324161581745834,-18.12808822998861,-57.02714181342586,-52.324161581745834,-24.704924000201224,-4.1709572442309035,0.0
0.0004,720575940633434208,640,-50.89927393137852,35.82230248645065,-65.40431624483108,-47.42239133844584,-110.03481816983727,256.5332848275379,0.0
0.0004,720575940637568838,640,-45.85674011212798,-1.4802163050485786,-52.0,22.575137512488055,-1.4802163050485786,9.251160792016186,0.0
0.0004,720575940638202345,640,-51.38443214012772,-11.624356242636154,-52.76916957086146,17.566607910087143,-11.624356242636154,7.826850941897723,0.0
0.0004,720575940639198653,640,-52.20107746295303,-15.067256036951242,-57.17824772729019,-52.20107746295303,-25.9969642278154,-5.9659819455656855,0.0
0.0004,720575940639283278,640,-51.50695856738526,0.8669115695416704,-52.0,-44.999909922587605,0.0,60.243035908046465,0.21996
0.0004,720575940639332736,640,-51.4089846934563,-8.311389914288338,-52.543824038841244,16.28681014920869,-8.997207301535683,4.0315702856294795,0.0
0.0004,720575940639935616,640,-51.66987205239694,42.745067861951846,-52.0,-44.99961234961415,0.0,57.87317701434784,0.21996
0.0004,720575940640649691,640,-52.49161092496183,-14.52186650999973,-53.86041451209444,14.888142924289088,-14.52186650999973,14.355617387517121,0.0
0.0004,720575940643476128,640,-52.174019311076336,-0.6097315658181364,-52.18206080812736,-46.977725648853145,-0.6097315658181364,37.48884190405319,0.0
0.0004,720575940643551392,640,-51.07893239010102,28.62931030529024,-67.33297602289231,-48.28810418265836,-118.92185119587292,238.96041937300566,0.0
0.0004,720575940660219265,640,-50.43690918638756,20.71553309260822,-55.970231318593676,-44.99923105885904,-107.18263516223563,160.07151761877594,0.21996
0.0004,720575940611875570,650,-51.4884602275685,-1.0707831874580847,-53.884092095062535,16.77659390082633,-16.94085136753535,1.6063668731702905,0.0
0.0004,720575940612326373,650,-49.327588533442494,72.8146905519387,-52.07400721933935,-44.99881331957557,-10.584695898135228,145.09921598183934,0.40536
0.0004,720575940612670570,650,-52.79413131948009,-1.2857766745084172,-52.798779089176016,16.17898071851214,-16.18814474173766,7.167944412186231,0.0
0.0004,720575940616885538,650,-52.001534437186955,-0.8557937807472078,-52.63149611571137,16.763194996466655,-12.56931052761311,15.026244791901203,0.0
0.0004,720575940617000768,650,-50.81750875267425,6.243801428018456,-52.46415230701282,18.2534548648373,-13.779879477083268,12.58092155205705,0.0
0.0004,720575940617937543,650,-52.62305270951087,-13.489289880764595,-55.788793095434784,14.400610965280373,-23.596314162619443,0.32997360105597184,0.0
0.0004,720575940620900446,650,-56.12763026633951,-8.851960230308991,-59.25247606032245,-56.12763026633951,-25.393597244387625,-0.9474698587616339,0.0
0.0004,720575940621502051,650,-52.0,0.0,-52.00967795151352,17.55868495317582,-3.4317254509821074,11.55479661528736,0.0
0.0004,720575940621754367,650,-52.04386699995046,-0.8762780631595566,-52.37402523018114,-51.663466528800264,-6.354841243533807,6.453657901440233,0.0
0.0004,720575940623862015,650,-49.91818796277528,168.21870573291324,-53.03934761267497,-44.998359322892206,-9.61491312800425,168.21870573291324,0.3422
0.0004,720575940624963786,650,-52.03363520507053,-1.183147548807919,-53.49256138522431,16.70929285187762,-13.293398347616254,4.147333864142035,0.0
0.0004,720575940628455942,650,-52.0,0.0,-52.028389576069564,-44.99872551672269,-4.03165304401308,179.414324067664,0.2352
0.0004,720575940628695043,650,-52.0,0.0,-52.685578382437974,-44.99868254684322,-10.919999781688114,130.26993570667742,0.22728
0.0004,720575940628853239,650,-52.0,0.0,-56.77866417681213,-51.990461137707314,-23.996707423343558,1.2884932643674398,0.0
0.0004,720575940629176663,650,-54.42670255171587,-4.526684843316445,-54.545758361990266,16.79972328941721,-14.646925091539634,2.277911716272016,0.0
0.0004,720575940629377132,650,-47.76578777677435,255.0961240501065,-52.004970705909116,-44.99673041899819,-0.2639788808447775,265.398410106134,0.39364
0.0004,720575940629393207,650,-49.45092477349966,270.5676684456242,-52.0,-44.997043272394144,0.0,282.7390753271608,0.39824
0.0004,720575940629667639,650,-49.26155802590753,166.97617368140058,-52.0,-44.998257486359094,-0.7490692839048413,170.89621241042406,0.35952
0.0004,720575940630233916,650,-50.563746451045766,8.465878999193727,-53.61975771153685,19.226740065823044,-8.201579776169556,15.462855327771658,0.0
0.0004,720575940630797113,650,-52.72593467619661,-0.7965414853940407,-54.234548041539846,-52.70993168221843,-7.290580840694925,-0.08106564318320758,0.0
0.0004,720575940632425919,650,-52.622722406793834,-13.49053270978342,-59.49271154478947,16.755143088339953,-38.92647051265113,1.3198944042238874,0.0
0.0004,720575940632889389,650,-50.46896086344137,3.7829771629701647,-53.995311596493586,18.378550304554885,-9.349784286637489,4.552024544416495,0.0
0.0004,720575940633143833,650,-57.02728347036933,-12.109575421409504,-58.3159900305361,10.43234669808726,-25.169175802779964,0.9899208031679154,0.0
0.0004,720575940633434208,650,-61.58341631475869,244.15869948655453,-61.58341631475869,-44.9972406717338,-128.62630716549052,265.98511145607813,0.26676
0.0004,720575940637568838,650,-51.530319669760125,6.2863895205704265,-51.530319669760125,-48.96199390860828,2.7761536359111436,17.505787864224974,0.0
0.0004,720575940638202345,650,-51.83069081135927,2.734971256432154,-52.08252230388872,-51.606658242187365,-7.1398324356106055,6.556809366185129,0.0
0.0004,720575940639198653,650,-57.17844670727522,-15.126741385328122,-59.45981418501731,9.28863609028194,-25.589376436466218,0.0,0.0
0.0004,720575940639283278,650,-51.73700233473542,17.08744242756534,-52.25211708591943,-44.99870418466307,-11.239038695384437,98.80458150094577,0.28436
0.0004,720575940639332736,650,-51.65211633621267,2.1405810677412167,-52.71061222599745,17.096544529414384,-10.140098647367298,6.480421569371057,0.0
0.0004,720575940639935616,650,-50.95320808768751,52.85929413635865,-52.0,-44.99901034716402,-3.137814839237218,144.33459348157578,0.42004
0.0004,720575940640649691,650,-50.510105334150055,9.079758418947275,-52.0,18.870096364417495,-3.2272396278048543,13.643384743477197,0.0
0.0004,720575940643476128,650,-46.977211981323435,30.70467945500347,-52.0,-44.99935718094833,0.0,65.85735921718164,0.3632
0.0004,720575940643551392,650,-63.770677170071274,227.43350930893226,-63.770677170071274,-44.99788504647359,-133.3079366807007,242.84442971053755,0.2378
0.0004,720575940660219265,650,-52.565313056025246,154.54737760316263,-52.565313056025246,-44.996603074142605,-0.7919366425343325,294.05128144399043,0.43992
0.0004,720575940611875570,660,-51.95281666111645,0.5933862341194903,-54.61964326784355,14.12881601498903,-17.348540183148884,1.4038460975839477,0.0
0.0004,720575940612326373,660,-52.0,0.0,-52.01630318495982,-44.9995687550391,-12.06375326221377,105.21205236635012,0.25452
0.0004,720575940612670570,660,-51.89110610218627,3.4009363941134914,-53.38219891796717,17.31773353305109,-20.8821311296945,7.742858599093599,0.0
0.0004,720575940616885538,660,-50.992028643314505,13.873191725320142,-50.992028643314505,-48.235290565532615,-8.358563575507905,15.850813798547307,0.0
0.0004,720575940617000768,660,-52.31374787334258,2.529446114181526,-52.31374787334258,17.183217145281223,-10.000695021693424,4.8590348661032845,0.0
0.0004,720575940617937543,660,-55.78895564106306,-11.915679143952275,-57.036346834602355,16.55698083664566,-16.954515288734935,0.32997360105597184,0.0
0.0004,720575940620900446,660,-59.2238024568398,-5.805633022638228,-59.2238024568398,14.815164995199794,-14.733301163714403,9.92430875632539,0.0
0.0004,720575940621502051,660,-51.984507685689856,0.5972404732304949,-51.984507685689856,-50.159798743708244,-2.4779601240779154,13.415001180669442,0.0
0.0004,720575940621754367,660,-51.663356446987066,5.840445548960888,-52.594169695085064,19.946514806262087,-11.598433056947602,12.819917261635805,0.0
0.0004,720575940623862015,660,-52.0,0.0,-52.3294543296818,-44.998580227576774,-5.036868963003714,172.6288345927923,0.31768
0.0004,720575940624963786,660,-51.862075022411474,1.7358609730505694,-52.27217158664003,17.0737985825554,-8.664108479607435,3.325498006672137,0.0
0.0004,720575940628455942,660,-51.84970339980777,6.714954677493593,-53.0242856540837,-44.999770639590665,-24.58009323975502,276.9488363990828,0.37092
0.0004,720575940628695043,660,-51.51096909543915,86.2687935020563,-52.000388342359045,-44.999504697081804,-4.480963340173962,245.69341272501538,0.232
0.0004,720575940628853239,660,-56.778670430175275,-5.0911318106619055,-56.78109254389838,16.40799651832996,-16.057757195230504,2.813741892400156,0.0
0.0004,720575940629176663,660,-53.889349034534746,-0.09150137204476379,-54.78771284508087,16.398134051010768,-12.22355745647446,1.814833260200033,0.0
0.0004,720575940629377132,660,-52.0,0.0,-52.11207386054268,-44.99694790125991,-2.6397888084477747,229.9497498720985,0.26624
0.0004,720575940629393207,660,-52.0,0.0,-52.06322539993784,-44.99872864710367,-2.2990721493733823,243.28994778308714,0.26164
0.0004,720575940629667639,660,-52.0,0.0,-52.0,-44.99923243320475,-0.885374028271923,166.5072424760178,0.30036
0.0004,720575940630233916,660,-53.619779178902164,-2.6930289874301265,-53.67449765885148,15.409457342841105,-5.921147139836668,6.263878275287671,0.0
0.0004,720575940630797113,660,-54.23456616887446,-3.140798200783924,-54.23456616887446,14.514040722928621,-6.6163592216192795,0.0,0.0
0.0004,720575940632425919,660,-59.492801017498024,-11.965913061162171,-64.01608232465969,-59.492801017498024,-32.96207969069837,-5.374783063108101,0.0
0.0004,720575940632889389,660,-53.909378635725396,1.344149564342618,-53.909378635725396,-53.11188578762767,-6.576774360863172,4.063587534919718,0.0
0.0004,720575940633143833,660,-55.51608404868263,-9.87016701998315,-56.57573583040813,16.373817293950346,-19.245192297950943,0.32997360105597184,0.0
0.0004,720575940633434208,660,-52.0,0.0,-52.19546669627022,-44.99897556480498,-3.512900232660225,240.27353420118848,0.39312
0.0004,720575940637568838,660,-48.961880557508614,8.705269531589037,-52.30019654697525,21.575433561386436,-6.035434780038635,14.325866210444532,0.0
0.0004,720575940638202345,660,-51.95811536167085,2.5080412700673484,-53.51758194006576,17.318056699774672,-11.043388672946525,7.623065540443658,0.0
0.0004,720575940639198653,660,-55.27826120702108,-10.197791372874741,-57.9341261684187,10.814254217093213,-24.63440516526052,7.191218938392146,0.0
0.0004,720575940639283278,660,-52.0,0.0,-52.0,-44.999434947195525,-1.9329018105383802,52.34115828826038,0.37552
0.0004,720575940639332736,660,-51.66146987442121,5.864666192141489,-52.162660587445515,17.28636053339378,-9.234673860472613,6.670423025216944,0.0
0.0004,720575940639935616,660,-52.0,0.0,-52.00012664399355,-44.99929965069997,-5.413756007942491,124.99520831458098,0.34008
0.0004,720575940640649691,660,-51.56889117001903,4.462375075380148,-52.749874366004406,18.05755183513941,-10.998475058717839,8.119250026892404,0.0
0.0004,720575940643476128,660,-52.0,0.0,-52.0,-44.99959688966478,0.0,81.83256245685791,0.29668
0.0004,720575940643551392,660,-52.0,0.0,-52.052659460276956,-44.99788664075219,-1.0102144985874448,231.62118928683148,0.42208
0.0004,720575940660219265,660,-51.251884804268705,6.514484416320341,-78.53603990668427,-51.082409165194115,-114.3697676200766,6.514484416320341,0.0
0.0004,720575940611875570,670,-52.0,0.0,-53.882755258808714,16.946569843700434,-17.52350823416841,3.6338318606784075,0.0
0.0004,720575940612326373,670,-45.43795505623411,55.99690925157213,-52.0,-44.99935089232688,0.0,55.99690925157213,0.36304
0.0004,720575940612670570,670,-53.38249507227195,-16.189414643047506,-54.11060490652929,16.79318007069305,-20.38483163653725,4.619630414783606,0.0
0.0004,720575940616885538,670,-48.866237462872924,-6.019187102223835,-52.10727486999807,20.43505170586965,-8.188202086014588,9.766202194124132,0.0
0.0004,720575940617000768,670,-52.0,0.0,-52.001368346509395,-50.58829493397003,-7.880549901641753,7.758400521426826,0.0
0.0004,720575940617937543,670,-53.000050205269325,-12.33456195927537,-55.1726353335877,16.731612958882973,-25.90167694213599,1.3151768324051376,0.0
0.0004,720575940620900446,670,-52.086319742002765,-10.536400122733175,-54.363029853454044,15.647903986193118,-22.85058159910112,3.9378742542237264,0.0
0.0004,720575940621502051,670,-50.3882140587772,-1.5738564063753908,-52.409091183440395,18.901823121769368,-10.147858519599481,9.960224643432422,0.0
0.0004,720575940621754367,670,-52.594341109633596,-9.164616236479992,-52.9997845195855,-52.56810653540535,-9.905672582448984,1.6114267275707597,0.0
0.0004,720575940623862015,670,-52.3295245761728,-3.8416603329988,-53.22344429785637,-44.99769922617544,-10.25084912772796,151.23624441210052,0.21996
0.0004,720575940624963786,670,-52.272251870882634,-4.286252405150074,-52.40615728798736,17.539374625766143,-9.164835391021814,8.788672036409139,0.0
0.0004,720575940628455942,670,-52.0,0.0,-52.00806104710907,-44.999453727386346,-3.1126340749598524,160.46999937968215,0.14828
0.0004,720575940628695043,670,-52.0,0.0,-52.00878094649023,-44.999841578392335,-7.84521194918978,151.77177670374672,0.28492
0.0004,720575940628853239,670,-51.99735793148613,0.05522105792413138,-52.680845403415915,16.818762463061944,-13.319225011435055,6.884696823405913,0.0
0.0004,720575940629176663,670,-52.0,0.0,-53.07454416657522,16.91497062832953,-19.00934737020142,3.127302676504727,0.0
0.0004,720575940629377132,670,-52.0222457122881,-0.8017728958394257,-56.61204001903275,-44.99849223255872,-111.5919233260254,124.75143997952554,0.21996
0.0004,720575940629393207,670,-51.96177090205558,-1.9531933103421502,-56.61508101977541,-44.99906033980511,-118.84956995265367,122.75416659060271,0.21996
0.0004,720575940629667639,670,-51.236515790282866,4.368490831435001,-52.269073358560675,-44.99852185876545,-3.5564564315504383,159.3747827100633,0.21996
0.0004,720575940630233916,670,-51.804487227260495,-1.5609387722445403,-51.902089771591896,-50.0255893276319,-1.5609387722445403,12.207013616571766,0.0
0.0004,720575940630797113,670,-53.00044765200726,-3.2124896220806343,-53.85575569758455,-53.00044765200726,-7.444303492246457,0.837049102418018,0.0
0.0004,720575940632425919,670,-64.01634500232181,-25.14909078312804,-66.93959847986548,15.56728791618811,-39.85982362734236,2.252166707704685,0.0
0.0004,720575940632889389,670,-53.39419088518905,-2.291653488287063,-53.40738578415569,17.32290452546931,-5.9086258673935586,6.840622977809654,0.0
0.0004,720575940633143833,670,-53.580995550861175,-14.355565757751032,-55.858592921955946,12.889840692119808,-24.67088605321772,1.1310758492926496,0.0
0.0004,720575940633434208,670,-52.10736793237083,0.06493757824918729,-62.80209795820978,-44.998033359195446,-99.97966814952163,160.0984699523766,0.21996
0.0004,720575940637568838,670,-52.30028592513176,-4.768958298744088,-52.46824190472942,17.039883005875556,-9.852461013778782,7.935126351532092,0.0
0.0004,720575940638202345,670,-53.51768962894927,-6.901803881738802,-53.54420078133474,16.857007482184407,-7.697912087736711,3.7679500645627746,0.0
0.0004,720575940639198653,670,-52.59069132628645,-14.853032094244876,-58.803247447867534,-52.59069132628645,-33.937606371647,-3.705761101308302,0.0
0.0004,720575940639283278,670,-51.920416646294484,2.316318141697532,-52.0,-44.99915091179541,-0.8509207176907311,67.71437808181643,0.21996
0.0004,720575940639332736,670,-52.16279742169771,-7.004161441785455,-52.444651558879684,-51.77296853395499,-8.083421164414078,5.7265208431367896,0.0
0.0004,720575940639935616,670,-52.0,0.0,-52.23415803571805,-44.99974391197447,-38.27693772249273,67.34720442788355,0.33968
0.0004,720575940640649691,670,-52.750014182648286,-7.7404668425825705,-53.419602860048435,15.888695294480396,-10.396746966645907,0.9899208031679154,0.0
0.0004,720575940643476128,670,-47.353183957850234,36.58954958813532,-52.0,-44.99956079564486,0.0,41.76283938228144,0.21996
0.0004,720575940643551392,670,-51.79103674478906,1.8358908693160156,-64.37199850516126,-44.99837544288907,-112.00373823114974,153.52015621855472,0.21996
0.0004,720575940660219265,670,-78.5364443919619,-46.75863564154878,-79.71535513299538,-44.99802318036422,-46.75863564154878,276.5196226098904,0.15676
0.0004,720575940611875570,680,-53.88282688963328,-5.464113732832253,-53.91738649037479,16.813129767297287,-6.451163596956135,5.25642143811636,0.0
0.0004,720575940612326373,680,-52.0,0.0,-53.18342673616795,-44.999597719939466,-32.73338122475241,106.56350850563592,0.29684
0.0004,720575940612670570,680,-51.95502687247435,4.439202330865197,-53.66741424948371,16.753513569692554,-15.24109991688117,11.634518306225653,0.0
0.0004,720575940616885538,680,-51.9840172823996,1.5856830810407856,-52.125706774785186,16.796936254195412,-6.611239978692147,24.954243159624102,0.0
0.0004,720575940617000768,680,-51.21291831054817,1.990578960283559,-52.0,17.59187269040157,-3.858256737912567,6.905744724198624,0.0
0.0004,720575940617937543,680,-55.172858019399676,-14.30646500345823,-60.76324409656907,-55.172858019399676,-29.08617846643962,-10.048354577338532,0.0
0.0004,720575940620900446,680,-54.36309880417609,-5.810368011107679,-54.83606097837454,16.92416363085127,-16.886098247405343,7.8462889638245406,0.0
0.0004,720575940621502051,680,-52.3828076453935,2.1933991069277132,-52.53555544090556,16.77089859906238,-5.97819516634438,17.269316612951393,0.0
0.0004,720575940621754367,680,-52.89209904568511,-0.8113419550333362,-53.816421459145026,14.932140420807622,-9.865302176506486,11.975667617217653,0.0
0.0004,720575940623862015,680,-53.22352106589756,-5.0616822698900386,-53.40468587477379,-44.99830719467104,-5.262565558055717,173.1521483443618,0.36068
0.0004,720575940624963786,680,-51.96348595484403,0.5089347597826371,-52.651130165391294,16.572564135258684,-7.974955482166784,7.203154527010791,0.0
0.0004,720575940628455942,680,-52.0,0.0,-52.885094431903454,-44.999546551556,-15.846628506457725,177.78453887578328,0.36064
0.0004,720575940628695043,680,-52.0,0.0,-52.78523896552083,-44.999106387767895,-28.541831305933012,157.4586237931539,0.36292
0.0004,720575940628853239,680,-51.99523790592871,0.31080715966102546,-54.08724389106685,15.34996208496868,-15.609897655531645,7.699867682404112,0.0
0.0004,720575940629176663,680,-51.991884591982604,1.6174572023566207,-52.690866560526565,16.770963894004662,-9.049564314663654,2.9958055599427102,0.0
0.0004,720575940629377132,680,-56.61373397632453,-89.30717921884533,-60.34635714007147,-44.99609312682738,-89.30717921884533,256.1967839071631,0.37804
0.0004,720575940629393207,680,-56.616893579049645,-95.24014131920968,-60.60118366722711,-44.99553581820355,-95.24014131920968,261.49136804375803,0.37892
0.0004,720575940629667639,680,-51.87448392518551,1.5631883245374414,-52.19518673455853,-44.99816034441838,-2.466819920545431,177.13203554722526,0.35004
0.0004,720575940630233916,680,-50.33085125074064,-0.8101859004871046,-52.0,18.359099609839237,-6.041517715115088,6.929445622175409,0.0
0.0004,720575940630797113,680,-53.85580289044866,-4.215253885681731,-54.45894730239859,14.289676292839086,-7.08014198111628,0.21752194087704604,0.0
0.0004,720575940632425919,680,-51.917447721548996,1.6394838388873236,-55.05142093275444,13.701815657050341,-24.047748578638153,2.2771456320185357,0.0
0.0004,720575940632889389,680,-52.0,0.0,-52.49625056157578,17.389061439915693,-4.1180033040573445,5.916313186949466,0.0
0.0004,720575940633143833,680,-55.16960837691927,-13.300185464895751,-60.199535979959045,-55.16960837691927,-25.99596098967896,-8.291256907156294,0.0
0.0004,720575940633434208,680,-62.802805893091744,-46.19734808770853,-64.27248899341113,-44.99660924909838,-130.40840294338244,211.70770735914743,0.2498
0.0004,720575940637568838,680,-52.46825672704583,-1.2093167625433925,-52.46827154713091,-48.60356977845896,-1.2093167625433925,18.410651320184094,0.0
0.0004,720575940638202345,680,-52.42592973117137,-2.9858473237874397,-52.798440671713706,15.950117013259089,-6.571624493442602,14.577769497487411,0.0
0.0004,720575940639198653,680,-58.80329505609878,-9.183315473148383,-61.07646736894794,17.125813446849868,-27.406042771163914,8.205249357018115,0.0
0.0004,720575940639283278,680,-52.0,0.0,-52.0,-44.99935524599461,0.0,77.73757393257897,0.26556
0.0004,720575940639332736,680,-52.136280542580266,1.8786005604641953,-52.80569204588734,16.825720217349232,-7.175596522661545,8.02601558856079,0.0
0.0004,720575940639935616,680,-51.179513269601514,15.13194924667397,-52.0,-44.99925030299095,0.0,77.18616895830417,0.24964
0.0004,720575940640649691,680,-51.990362901244204,0.9512576423282569,-52.28872946733589,17.92877508982568,-6.508497186566826,11.719655580637838,0.0
0.0004,720575940643476128,680,-49.141428215115205,32.17545400279798,-52.0,-44.99944391651707,0.0,72.12949951440166,0.4244
0.0004,720575940643551392,680,-64.37275058335578,-49.97428525357424,-65.93023558227429,-44.99895832930022,-135.2154665149281,199.68322571201773,0.22104
0.0004,720575940660219265,680,-52.0,0.0,-52.604624708965446,-44.99817919119016,-21.372478228187404,221.60215554750567,0.50288
0.0004,720575940611875570,690,-51.797939962888755,-2.8951661605471126,-54.237772548159754,16.25585923067272,-16.56735991953899,1.9509747017205725,0.0
0.0004,720575940612326373,690,-48.70136036510392,33.53957247101839,-52.18173101974779,-44.999667542816624,-6.599472021119437,61.261480637112854,0.23116
0.0004,720575940612670570,690,-51.07456003395449,-0.8670283057663051,-53.86830092711254,-51.07456003395449,-17.19047626728373,1.9880527386518971,0.0
0.0004,720575940616885538,690,-48.45421753174713,17.303971792577606,-52.268948167496426,20.632679001647936,-5.543556497740326,17.303971792577606,0.0
0.0004,720575940617000768,690,-51.93769423210537,-0.4662783305923296,-53.00520848337592,16.808307243814472,-11.183101032450894,4.900633452764552,0.0
0.0004,720575940617937543,690,-60.76342293830588,-17.70471215333038,-66.16761753328346,-60.76342293830588,-33.031638999832566,-15.88851519526112,0.0
0.0004,720575940620900446,690,-51.65510777074874,-5.439604389089569,-54.1961287580195,15.186286313308415,-17.750179739852683,0.0,0.0
0.0004,720575940621502051,690,-50.150871641791056,12.385461362253805,-52.3118571697218,18.74290345014369,-8.891207838963147,12.385461362253805,0.0
0.0004,720575940621754367,690,-50.595789652448346,10.492923132893692,-50.595789652448346,-49.781390058638,-4.355984750363942,10.492923132893692,0.0
0.0004,720575940623862015,690,-52.0,0.0,-52.11621650584419,-44.99999459755084,-3.9293218960388328,96.74903570727759,0.2992
0.0004,720575940624963786,690,-51.68000736319694,1.97034471952179,-52.24693724943573,17.094863732540844,-7.8167467677912015,5.190538397642659,0.0
0.0004,720575940628455942,690,-51.6982162355135,44.73764635232854,-52.00130976159189,-44.9976965224068,-0.4648162537595539,261.41998750670865,0.21996
0.0004,720575940628695043,690,-52.78578820853615,-28.246534465525592,-54.501835194904395,-44.99950816700528,-33.964534275492056,134.68465260324177,0.21996
0.0004,720575940628853239,690,-52.455059121109514,-11.410834846507555,-57.5817946766358,-52.455059121109514,-22.782081310234656,-8.07014942795943,0.0
0.0004,720575940629176663,690,-51.99626625876558,-2.4792973008036165,-53.84155295100724,15.372960021198184,-16.405100236726174,2.2404834565765537,0.0
0.0004,720575940629377132,690,-52.0,0.0,-52.04911590375098,-44.99907948880147,-1.583873285068665,139.5788332466761,0.34128
0.0004,720575940629393207,690,-52.0,0.0,-52.02458673899959,-44.999325207245995,-1.509352497676586,157.16360690258165,0.35644
0.0004,720575940629667639,690,-52.0,0.0,-52.00353364102918,-44.999629659347775,-2.560906704787919,94.37244990200794,0.30984
0.0004,720575940630233916,690,-50.98244785449677,1.9954129793818922,-52.248120377149284,16.500496884949204,-11.255097677429866,5.172296019060486,0.0
0.0004,720575940630797113,690,-52.07618101278863,-0.7761796165484105,-53.37420616535281,16.674387798668292,-7.930749412883063,0.9899208031679154,0.0
0.0004,720575940632425919,690,-52.461628513968584,-12.442765603039122,-61.86865480793144,-52.461628513968584,-34.5367540879978,-12.05379294899845,0.0
0.0004,720575940632889389,690,-51.99372691132816,0.30465276555398024,-53.82851349764977,16.8632900617517,-10.177606283074024,3.4951964456790794,0.0
0.0004,720575940633143833,690,-60.19973653568459,-18.226693451166838,-65.37125686115773,-60.19973653568459,-31.267376990127737,-15.504706332397333,0.0
0.0004,720575940633434208,690,-52.0,0.0,-52.12488751832063,-44.999662928296516,-7.851827467939325,153.80461176757146,0.34708
0.0004,720575940637568838,690,-48.60338817688395,12.476100717127858,-52.0,21.664372894946126,-4.368823145102686,22.69520838052341,0.0
0.0004,720575940638202345,690,-49.67091550993837,6.120361990249873,-52.263180637972035,18.53711375697646,-7.111203114365797,11.374943845850185,0.0
0.0004,720575940639198653,690,-52.0,0.0,-57.64309557738385,16.739884647773692,-28.887191833176278,0.0,0.0
0.0004,720575940639283278,690,-52.0,0.0,-52.59226141774965,-44.99991229061746,-14.0374335731395,48.37250993591092,0.32668
0.0004,720575940639332736,690,-51.38101129853137,2.158692917338115,-52.07550505595918,16.895468312412458,-6.640107651146071,5.145575973427125,0.0
0.0004,720575940639935616,690,-52.0,0.0,-52.17338251494096,-46.53402691750655,-5.684722256893039,42.79026810215532,0.19028
0.0004,720575940640649691,690,-51.98118073398606,0.913958296661941,-53.95273321835489,14.795879331610763,-11.155529063457191,1.6498680052798593,0.0
0.0004,720575940643476128,690,-52.0,0.0,-52.28403121205546,-44.999730034226744,-8.199242936428316,54.713391713229015,0.23548
0.0004,720575940643551392,690,-52.0,0.0,-52.06198300411517,-44.99807047324666,-3.3417482650153123,150.32321351412202,0.35248
0.0004,720575940660219265,690,-52.0,0.0,-61.91735750441129,-44.99987588717922,-97.36322181290576,125.77335881232146,0.00912
0.0004,720575940611875570,700,-54.23783309710917,-5.26503968677062,-54.274882005737346,15.80371828441756,-11.534002030699407,4.342799668491869,0.0
0.0004,720575940612326373,700,-52.0,0.0,-52.058206616343945,-44.99941513803109,-22.099216916532995,56.16978700014172,0.34576
0.0004,720575940612670570,700,-53.868328610414146,-3.252349751978119,-56.91266843106282,-53.823947252566626,-18.694884248451576,0.8641539671248774,0.0
0.0004,720575940616885538,700,-52.163981918701595,3.6718951015425967,-52.931237247507305,16.49682178493603,-9.510717608638378,3.6718951015425967,0.0
0.0004,720575940617000768,700,-52.005138006730576,4.524578722580351,-52.029399953767694,17.033880287956336,-7.286425323248769,7.6195034379181905,0.0
0.0004,720575940617937543,700,-66.16775558425945,-21.06939256339602,-66.72509804504293,2.0234863809953234,-22.478390194600337,0.0,0.0
0.0004,720575940620900446,700,-54.19625751885544,-8.63388957198291,-55.576306068853505,14.301464431297314,-20.09999723290629,0.0,0.0
0.0004,720575940621502051,700,-52.25280431824499,2.3780465617380018,-52.85850656192562,15.89000942110939,-9.054968470587509,3.9083777169266867,0.0
0.0004,720575940621754367,700,-49.781309739526016,6.23435632053472,-52.0,17.838644116758818,-9.151456915431206,6.30163887702873,0.0
0.0004,720575940623862015,700,-46.59221478850774,53.44931811943673,-52.04331082326148,-44.99992763130519,-1.583873285068665,102.99062711825633,0.21996
0.0004,720575940624963786,700,-51.99675383679302,0.6469828809426489,-52.1863699466897,16.990363911126188,-8.397658990902007,3.6685547485525745,0.0
0.0004,720575940628455942,700,-48.182153426026325,12.52550007175852,-53.33917034410505,-44.99807078569212,-20.405881343694187,144.33467837930044,0.3558
0.0004,720575940628695043,700,-51.664371682916766,5.681197470697039,-52.0,-44.999351972990866,-21.772181801331918,85.75726234735349,0.21996
0.0004,720575940628853239,700,-57.58187242249371,-9.468747686266536,-57.712432089166526,11.036168409249786,-20.07666807956025,0.0,0.0
0.0004,720575940629176663,700,-53.84166076537531,-7.2320359739387,-56.789541265801695,-53.84166076537531,-19.52954202762382,-4.226505699211763,0.0
0.0004,720575940629377132,700,-52.0,0.0,-54.62402883326425,-45.47263638101452,-126.83175870432902,151.61140449714583,0.16052
0.0004,720575940629393207,700,-52.0,0.0,-55.256714855161206,-46.53411950141622,-135.92311602917835,160.16112717586944,0.14448
0.0004,720575940629667639,700,-45.42843105699713,65.40857544065162,-52.00461856594645,-44.999460224335735,-1.0397794419868025,95.10929007997463,0.43992
0.0004,720575940630233916,700,-51.51332120673622,5.070688941162163,-51.51332120673622,-49.1011093923574,-2.241285275963668,8.879980871148572,0.0
0.0004,720575940630797113,700,-51.99513075518942,0.9704743214139738,-52.41599251816883,-51.80695423770042,-4.057132604436092,2.4133470907479313,0.0
0.0004,720575940632425919,700,-61.86892814144305,-23.53452565209567,-62.45435584606066,16.748625013749916,-26.280272537628274,3.2658685827621023,0.0
0.0004,720575940632889389,700,-52.0,0.0,-53.08070658122537,16.798791515978905,-7.5293366782468905,3.8328353324459985,0.0
0.0004,720575940633143833,700,-65.37131139631494,-16.097398078813296,-65.41156764762424,16.75828094396729,-22.01953425973537,0.9899208031679154,0.0
0.0004,720575940633434208,700,-52.0,0.0,-58.03872474454314,-44.99873583290821,-132.48666889817636,123.4841838580922,0.15812
0.0004,720575940637568838,700,-51.868265137906434,6.397708076633591,-52.02559287533977,18.16198554924818,-6.071514259429883,13.598756710368072,0.0
0.0004,720575940638202345,700,-50.763291836134194,10.649420054200446,-52.20588867001136,18.24551544864503,-6.960984925834362,12.297584288576942,0.0
0.0004,720575940639198653,700,-57.643316793721795,-16.703354932994444,-58.45556712656677,16.391272307521618,-21.21682162281374,8.477454817682846,0.0
0.0004,720575940639283278,700,-52.0,0.0,-52.42980738541929,-44.9992507612131,-11.643075982154631,58.44606128607459,0.2876
0.0004,720575940639332736,700,-52.06179178937898,0.5934475502473099,-54.06401824683894,16.70519343091096,-12.263911901211715,0.5934475502473099,0.0
0.0004,720575940639935616,700,-46.533582645338036,27.678696471092753,-52.06011295119398,-44.999527764892555,-1.6547215769988382,62.631950146559106,0.36944
0.0004,720575940640649691,700,-51.99076344999098,0.8893481472622892,-53.633366109411014,-51.8631952041628,-11.57305270529489,1.5491530650537202,0.0
0.0004,720575940643476128,700,-52.01114951715924,-7.417754613118334,-52.11003560220864,-44.99982749218503,-7.417754613118334,45.24317263617071,0.21996
0.0004,720575940643551392,700,-52.0,0.0,-58.25599808307484,-44.998379125993736,-137.23828875338236,118.98679319531402,0.1552
0.0004,720575940660219265,700,-52.0,0.0,-55.14614421802934,-44.99886171732832,-71.669272695131,238.6037443697772,0.43104
0.0004,720575940611875570,710,-51.79958669311802,-2.414534971105507,-54.870495774485086,-51.79958669311802,-15.175523827032224,0.38227706437578823,0.0
0.0004,720575940612326373,710,-52.0,0.0,-52.0001276603157,-44.999455429598676,-0.4652053354704359,98.61423844714395,0.52288
0.0004,720575940612670570,710,-56.91282393299009,-12.68733504076842,-57.13883348990406,17.050448073844137,-16.807395193191,7.763902481920914,0.0
0.0004,720575940616885538,710,-52.004632565294,-0.9130433576237108,-52.58461744984856,17.136664083059202,-12.143028518859767,7.490325670448785,0.0
0.0004,720575940617000768,710,-51.70299050002729,3.9033656069542984,-52.96343162439367,18.106864958710073,-8.890047802393621,13.68061119178362,0.0
0.0004,720575940617937543,710,-54.97536884246594,-16.35837087562516,-61.35580571965766,-54.97536884246594,-28.96730989592715,-9.305051098961782,0.0
0.0004,720575940620900446,710,-55.576491963260395,-12.870604524365115,-56.251707392760125,16.345586144813044,-12.870604524365115,2.835249243567136,0.0
0.0004,720575940621502051,710,-51.81859481695665,1.5355231088485284,-52.000499223725505,17.486200962970475,-3.26039533005785,10.883374376008653,0.0
0.0004,720575940621754367,710,-51.99675383679302,0.6469828809426489,-51.99675383679302,-51.25153710648236,-6.094763876069937,6.158971959838419,0.0
0.0004,720575940623862015,710,-45.69922893295618,81.9272593368676,-52.334182191123816,-44.99873520532243,-13.689191715786729,170.56218849656807,0.43992
0.0004,720575940624963786,710,-51.79943688515641,3.0635808757577765,-52.24841670042659,16.995125806457864,-8.81725743717153,6.4830259714584875,0.0
0.0004,720575940628455942,710,-52.0,0.0,-53.595430364775595,-44.99801674806362,-49.4086090518813,219.02593485397853,0.30408
0.0004,720575940628695043,710,-51.90331708705422,12.481498369175986,-52.20955659080623,-44.99904087266359,-66.5720508369711,172.11088865173724,0.31024
0.0004,720575940628853239,710,-55.81608131032422,-13.52678206409452,-56.065621374957324,16.886831754602884,-16.393679391407133,3.6297096116156906,0.0
0.0004,720575940629176663,710,-56.78960992513728,-8.222213478127273,-58.65914446770693,-56.78960992513728,-16.373137159421827,-2.460587402042882,0.0
0.0004,720575940629377132,710,-45.47032505283801,122.09004439584398,-52.223008370822065,-44.99638097902729,-3.4699691876135765,228.92367598395143,0.43992
0.0004,720575940629393207,710,-46.531614976236476,130.68816410351187,-52.061331950647364,-44.996307081825734,-1.3043728775069952,244.312687442363,0.43992
0.0004,720575940629667639,710,-47.83089914588434,76.86032264253087,-52.64394417294341,-44.99895826406575,-35.19267758876658,171.2009979482861,0.43992
0.0004,720575940630233916,710,-49.10100813509146,7.96148606643697,-52.470260317789446,19.647718121161024,-7.937994304820396,8.125708543763707,0.0
0.0004,720575940630797113,710,-52.416012331457274,-1.4066105814762173,-52.62767334580952,16.76217687874451,-7.418019452449469,0.9899208031679154,0.0
0.0004,720575940632425919,710,-52.110167746212944,-9.299373165594824,-58.39867671606907,10.349800409728836,-31.131984672054838,0.0,0.0
0.0004,720575940632889389,710,-52.9843057559483,-0.4181178740744373,-52.9843057559483,16.923914699519216,-8.577976247403088,4.137924327436672,0.0
0.0004,720575940633143833,710,-52.435376063879836,-10.787723648525672,-58.21356605184641,10.534739969932412,-25.391413518563187,0.0,0.0
0.0004,720575940633434208,710,-52.0,0.0,-52.01281311421663,-44.99934646477683,-0.7319886188140907,256.617925826133,0.3448
0.0004,720575940637568838,710,-51.04436515368747,11.188489647016565,-51.04436515368747,-45.47270531144049,9.320282884309652,22.58925434966285,0.0
0.0004,720575940638202345,710,-51.65425932182531,6.715284532116112,-52.54398666430825,17.76920776912616,-8.309443238221165,9.62294102209052,0.0
0.0004,720575940639198653,710,-52.0,0.0,-55.317049448662814,-51.87041801382461,-20.239761488341287,5.298582390335281,0.0
0.0004,720575940639283278,710,-51.5998955824639,36.52544700133429,-52.0,-44.99871381133946,-2.911672024011154,140.23330859574577,0.43992
0.0004,720575940639332736,710,-54.064062405627645,-4.271808885065892,-54.10288008462983,-52.76652056495163,-5.212587757139017,8.677006767430878,0.0
0.0004,720575940639935616,710,-52.0,0.0,-52.0,-44.99855915696055,-0.6647341720310176,140.8539036300865,0.47032
0.0004,720575940640649691,710,-53.6239115452948,-0.9280438858125702,-53.6239115452948,-52.81529948321015,-5.696365867612216,6.470513110937264,0.0
0.0004,720575940643476128,710,-51.95604902987775,5.433454598355548,-52.0,-44.99894561493011,0.0,99.89673057826536,0.21996
0.0004,720575940643551392,710,-52.0,0.0,-52.16776544401544,-44.99807115869772,-3.6023814319681606,246.75605875507804,0.37108
0.0004,720575940660219265,710,-52.46250656468922,236.24108161780276,-55.8291249113024,-44.99813369170629,-117.44939109385936,236.24108161780276,0.43992
0.0004,720575940611875570,720,-54.870658611170214,-11.011970960279962,-55.206837214675325,16.63223086871014,-13.980565107343748,2.074314619911917,0.0
0.0004,720575940612326373,720,-51.916241668758126,16.42810753505205,-52.012208871885925,-44.9983207149797,-4.742931071848518,125.14838902616195,0.43992
0.0004,720575940612670570,720,-54.75237464133965,-11.196109992601208,-56.833625465442424,-54.75237464133965,-26.362634539809434,4.041939795055298,0.0
0.0004,720575940616885538,720,-51.95552122295867,-1.2425002067778714,-53.624042257569435,16.9617673168489,-17.347252143189273,5.731455782788083,0.0
0.0004,720575940617000768,720,-52.88754445662745,0.4243081702564326,-52.88754445662745,17.080422813981283,-9.749863744508001,5.853417499399983,0.0
0.0004,720575940617937543,720,-61.35616512991711,-27.325405356231713,-63.320038932553295,5.428416706375963,-27.325405356231713,0.0,0.0
0.0004,720575940620900446,720,-52.882714903200814,-10.895457489170438,-56.18328083285848,15.275277452832917,-29.71018565317096,2.367532706275214,0.0
0.0004,720575940621502051,720,-52.00050445350325,-0.2619802457836776,-52.00180067871883,-51.310753613535,-12.388283129810878,8.589755543700806,0.0
0.0004,720575940621754367,720,-51.96299360036471,-3.189165958188033,-52.1160615637531,-51.71321029135482,-11.534904272655554,5.290761395450713,0.0
0.0004,720575940623862015,720,-52.33441608306065,-12.02841483166703,-52.78215337316271,-44.99948150760331,-12.02841483166703,165.19832998870564,0.38456
0.0004,720575940624963786,720,-51.617236412534325,4.4839186619596845,-52.046607828698974,18.432375490370816,-8.074967084768977,13.222311520797454,0.0
0.0004,720575940628455942,720,-45.56359170330561,57.08642206507336,-52.15648234800127,-44.99824740941665,-22.196743813211324,202.02676433267732,0.65988
0.0004,720575940628695043,720,-52.0,0.0,-52.76294747294032,-44.9983222736178,-37.97760978940597,327.37607471756536,0.54428
0.0004,720575940628853239,720,-52.04427800381987,-4.574003248699375,-53.89802273113188,14.850391918514047,-20.832712661585614,2.4618436011847136,0.0
0.0004,720575940629176663,720,-58.6592936921886,-14.119878355165042,-58.91241557519839,16.752863993385176,-18.069523188556943,0.8867756752328292,0.0
0.0004,720575940629377132,720,-52.223030002738405,-1.3045628195665466,-52.23149308303707,-44.996312844120496,-2.466749952080847,233.39564611980862,0.43992
0.0004,720575940629393207,720,-52.04381666383175,0.6524894283382923,-52.04381666383175,-44.99903347984511,-0.5149964474938785,250.8528860613633,0.43992
0.0004,720575940629667639,720,-52.64437899412609,-22.384325324748858,-53.4843167857328,-44.99870182576618,-22.384325324748858,144.52157976042827,0.23812
0.0004,720575940630233916,720,-51.553112544348984,7.065281995660306,-53.06144813138677,17.43396718248449,-10.714586152450835,7.065281995660306,0.0
0.0004,720575940630797113,720,-52.028324061969464,-2.7901325312983865,-52.82400365435223,-52.028324061969464,-5.106945392717463,2.2512925804434016,0.0
0.0004,720575940632425919,720,-52.15191996874673,-14.96525630423682,-58.6403147530721,-52.15191996874673,-35.91347429283243,-3.872302662185832,0.0
0.0004,720575940632889389,720,-52.03604880614296,-3.551077767107044,-52.48088340445097,-51.87554222787901,-6.7693082328714524,4.446063414898665,0.0
0.0004,720575940633143833,720,-52.0,0.0,-53.23888140867055,16.34208194942417,-17.140119897201895,1.8285204684994592,0.0
0.0004,720575940633434208,720,-49.51314699258468,18.23851202764112,-52.072323930699426,-44.99890720350516,-48.232239414487104,239.7511554574237,0.43992
0.0004,720575940637568838,720,-45.47244301831066,19.641296656468555,-52.0,-44.99996626027972,-4.422097602377565,23.40787886445712,0.0
0.0004,720575940638202345,720,-52.2457447437026,3.405748735719856,-52.308100408678605,18.201270177287753,-3.5348629769364073,14.082731985436117,0.0
0.0004,720575940639198653,720,-55.31735482582408,-18.585316771087207,-55.665760496169575,13.596155162602823,-24.816095908443334,5.235277759359045,0.0
0.0004,720575940639283278,720,-46.17420278187533,82.85657002701343,-52.07262729469354,-44.99788476454372,-6.320044582616135,159.43545054745073,0.45668
0.0004,720575940639332736,720,-53.0626109945168,-2.249300526548195,-53.0626109945168,15.685990287479193,-14.364785435439213,6.3764746536985895,0.0
0.0004,720575940639935616,720,-52.0,0.0,-52.240555104404,-44.99852197189127,-12.790843357546727,142.35944939875202,0.47652
0.0004,720575940640649691,720,-52.95965344069463,-3.0411801438928,-52.96992451870516,16.623785366666976,-11.939973151667592,6.405943298058949,0.0
0.0004,720575940643476128,720,-46.81385782955411,57.56158729015531,-52.001310311142234,-44.99872568996966,-0.5257286854211679,123.64327562897115,0.5312
0.0004,720575940643551392,720,-52.11804916542083,1.5072185701648788,-52.11804916542083,-44.999284943676564,-52.722166144369645,231.57912421294313,0.43992
0.0004,720575940660219265,720,-55.830951193922495,-95.14036335658972,-63.066367762726934,-44.99667484347357,-95.14036335658972,198.3585760892694,0.21996
0.0004,720575940611875570,730,-52.886225090884054,-13.72787117430511,-53.88575110563084,17.270449035087623,-16.20391986777146,5.402836078754215,0.0
0.0004,720575940612326373,730,-51.18082453878341,58.98823721009744,-52.102763158726056,-44.998638299326686,-16.972626593535466,134.91410127994843,0.43992
0.0004,720575940612670570,730,-56.83404653221056,-25.88613893637883,-58.26945482080738,16.748625013749916,-25.88613893637883,3.6985711871714084,0.0
0.0004,720575940616885538,730,-53.62435046139938,-17.033706493366243,-54.30063957886943,14.447833737104322,-17.033706493366243,7.730542459288086,0.0
0.0004,720575940617000768,730,-52.08099715680887,-9.573638291725956,-52.68683078075966,-51.845316691955574,-9.573638291725956,5.696236220902794,0.0
0.0004,720575940617937543,730,-54.439342540545326,-20.779477886491673,-55.67256276271671,13.606711241991615,-23.980535179909594,0.32997360105597184,0.0
0.0004,720575940620900446,730,-56.1837806492669,-29.173184208210458,-56.42669096344313,12.321462025523353,-29.173184208210458,7.573928221935058,0.0
0.0004,720575940621502051,730,-51.80564466786341,-12.244429722154008,-52.52083824834246,16.227723785950705,-12.244429722154008,8.532286302206144,0.0
0.0004,720575940621754367,730,-51.820833920600826,-11.32641482280132,-52.64202394298121,-51.820833920600826,-11.32641482280132,2.1660015410525433,0.0
0.0004,720575940623862015,730,-52.0,0.0,-59.66134075559245,-45.09099140974312,-146.31927814243627,177.40028654169112,0.05536
0.0004,720575940624963786,730,-52.04676548160555,-7.929014816306237,-52.3356941509506,16.805136517401927,-7.929014816306237,9.632453755076194,0.0
0.0004,720575940628455942,730,-51.99344367328688,0.8977208012763976,-53.69181458037032,-44.998994802700025,-67.8382686209539,176.17931213370986,0.43992
0.0004,720575940628695043,730,-52.0,0.0,-53.305724071183874,-44.994689060355554,-124.26181793744686,306.7948339178561,0.44848
0.0004,720575940628853239,730,-52.60362570143483,-20.45616850490094,-54.454526192082795,16.754904069711905,-20.45616850490094,1.3171594910314859,0.0
0.0004,720575940629176663,730,-53.576384140022604,-17.742922736601646,-56.68336131367585,-53.576384140022604,-17.742922736601646,-1.6420196728818488,0.0
0.0004,720575940629377132,730,-48.67229669510369,226.1466973867432,-52.0,-44.9962915719741,-0.7095133882437954,227.80771697896523,0.4458
0.0004,720575940629393207,730,-48.34717767579778,243.6144020958134,-52.00373758680826,-44.99738516057812,-0.527957761689555,246.1376560207797,0.45028
0.0004,720575940629667639,730,-52.0,0.0,-58.74438128142355,-47.2821466912356,-157.34274686436905,160.47322613382502,0.2018
0.0004,720575940630233916,730,-52.03227482628669,-6.998603927026624,-52.52674218476197,16.93340867749936,-6.998603927026624,5.738334144107648,0.0
0.0004,720575940630797113,730,-52.824087470234815,-5.014639101291408,-52.92153871941104,15.827013980804331,-5.014639101291408,3.275913024403402,0.0
0.0004,720575940632425919,730,-58.64088725627466,-35.26435052720075,-62.27703032955747,16.42374740197367,-37.50945498629476,0.0,0.0
0.0004,720575940632889389,730,-52.481006729973345,-6.646955301628596,-52.886511882888385,17.1170678388631,-6.646955301628596,4.569539529280125,0.0
0.0004,720575940633143833,730,-52.324411352962365,-16.830318091887005,-57.33324581129333,-52.324411352962365,-23.997080341398927,-2.6590692223019397,0.0
0.0004,720575940633434208,730,-47.63958232344255,232.83301741345431,-57.15213903379306,-44.99502483101796,-137.6203311458648,265.1657327588482,0.43992
0.0004,720575940637568838,730,-51.0669724852431,1.0444176830983314,-52.131400937565616,18.902079652930915,-3.440078501031793,15.656477047248634,0.0
0.0004,720575940638202345,730,-52.25224562008051,-2.8618925366114354,-52.31933593285814,18.079273650788448,-2.8618925366114354,13.393177084167823,0.0
0.0004,720575940639198653,730,-52.356541222615576,-24.367553461866933,-55.419931986360886,16.768328009611167,-28.689998249658192,0.640731035549571,0.0
0.0004,720575940639283278,730,-52.0,0.0,-52.0,-44.99868009695241,-29.375303886919454,179.58778857355097,0.50648
0.0004,720575940639332736,730,-52.054381160916506,-14.105146851371495,-53.41873221234761,-52.054381160916506,-14.105146851371495,1.7923536513328402,0.0
0.0004,720575940639935616,730,-52.0,0.0,-52.906523906044235,-44.99925921426989,-35.39623675636868,144.75856922039267,0.4434
0.0004,720575940640649691,730,-52.008358533247716,-11.724162220356536,-52.97342249712681,17.1303148065646,-11.724162220356536,5.900335329133824,0.0
0.0004,720575940643476128,730,-52.0,0.0,-52.316508688416334,-44.998325054247694,-26.991857067690063,158.41445469986914,0.40592
0.0004,720575940643551392,730,-47.8471395462467,224.8967941680681,-57.24206129741609,-44.99781234333985,-139.7654321237063,251.60291192671974,0.43992
0.0004,720575940660219265,730,-52.0,0.0,-69.58055828763852,-44.997678024624506,-159.46102407223177,182.95782216232675,0.21996
0.0004,720575940611875570,740,-53.88586846232573,-7.753334387810197,-56.010057119634155,-53.88586846232573,-18.711494716027126,0.884701731442736,0.0
0.0004,720575940612326373,740,-50.759855975717386,46.72689778687663,-52.00150373599734,-44.997611876046335,-2.3738003086713184,206.53275644644285,0.50248
0.0004,720575940612670570,740,-52.05346159228456,2.782584669721027,-52.17959371009808,17.045261269016848,-16.509439080719133,7.087166787849318,0.0
0.0004,720575940616885538,740,-51.2123108500051,-1.4133323927072954,-52.43885023021074,16.4283157472716,-14.095642163366307,7.133141594542864,0.0
0.0004,720575940617000768,740,-52.150619059282185,0.3087028414237609,-52.60637119575689,16.74149411046773,-7.815864468882025,2.335853687431506,0.0
0.0004,720575940617937543,740,-52.0,0.0,-52.62519580756374,16.122917134376557,-27.189402472865996,0.0,0.0
0.0004,720575940620900446,740,-52.4712608588741,-0.8623930664619144,-55.323432961937854,-52.3723451657817,-23.17656165135266,2.4161942152889195,0.0
0.0004,720575940621502051,740,-51.44770999146743,6.986762982334077,-52.01178848458862,17.33793385824448,-7.528550180033911,9.602253980120196,0.0
0.0004,720575940621754367,740,-52.558535132695425,-1.839451419668462,-52.721238434443116,16.027201023445215,-12.28346088570345,8.368037351275596,0.0
0.0004,720575940623862015,740,-45.087747577399995,169.09548369075935,-52.39215378727539,-44.99705635123321,-33.407990355149686,177.0484681020725,0.63864
0.0004,720575940624963786,740,-50.77172371945305,3.6088535904538706,-52.25074123533035,-50.74035032524084,-9.592370181205432,4.709657976792967,0.0
0.0004,720575940628455942,740,-50.870608010873,48.61625794960965,-52.49758863765357,-44.99533443393739,-29.136140217392192,285.2175814213387,0.47336
0.0004,720575940628695043,740,-52.0,0.0,-52.332938622666,-44.99688863318134,-24.302854681976868,273.9085471726347,0.5764
0.0004,720575940628853239,740,-52.004451739265335,-0.24603384386248817,-55.15186633311057,-52.00363813674272,-23.265364947658895,2.222832594542748,0.0
0.0004,720575940629176663,740,-56.68345814122822,-9.52440636108157,-58.62935944076898,-56.68345814122822,-21.522635829589074,-2.073876633134544,0.0
0.0004,720575940629377132,740,-52.0,0.0,-52.002850331022124,-44.99777566803119,-0.2639788808447775,241.6591352394989,0.654
0.0004,720575940629393207,740,-52.0,0.0,-52.0,-44.99880073955587,0.0,260.3417575210403,0.64952
0.0004,720575940629667639,740,-47.279186196558,152.7379577799285,-52.11475357776086,-44.99773326560178,-9.644696521536275,174.26886719682938,0.63152
0.0004,720575940630233916,740,-51.854474710029564,0.5894494077158556,-53.418459756842374,16.862100949328596,-8.563876401411493,5.5810688336474685,0.0
0.0004,720575940630797113,740,-51.9700214938738,-1.1247938346854829,-52.14124714408021,16.741466929866775,-3.065431953772811,1.1710908411171188,0.0
0.0004,720575940632425919,740,-52.0,0.0,-57.384305245002906,16.748625013749916,-34.81530450310703,1.3198944042238874,0.0
0.0004,720575940632889389,740,-52.37878370912401,-2.7551586193610995,-53.00341918025791,15.923143267086974,-7.3009728128855444,2.309815207391803,0.0
0.0004,720575940633143833,740,-57.3334367142304,-14.877892987245314,-61.598812977124,7.149723920862843,-34.43917343358658,1.521308314044652,0.0
0.0004,720575940633434208,740,-53.398532336479285,120.72763977441551,-53.398532336479285,-44.99860948803687,-71.03369244781203,252.46096664453137,0.43992
0.0004,720575940637568838,740,-52.13143265123268,-1.7170314645851625,-52.73814729413353,16.620696003642102,-8.747199670234366,3.963429030054126,0.0
0.0004,720575940638202345,740,-51.4888274036177,0.9206025285969531,-52.53822082483328,16.221911635868082,-8.089303159479762,1.4490766850804133,0.0
0.0004,720575940639198653,740,-55.42001469662134,-7.555184149860659,-59.36555935212377,9.382875154812819,-35.045074132204185,2.0953007264286945,0.0
0.0004,720575940639283278,740,-52.0,0.0,-52.4066784268824,-44.998164926787595,-31.92058903832627,160.07572897472284,0.57656
0.0004,720575940639332736,740,-53.281429291175094,1.0749802383102223,-53.45799257574857,16.794563817008367,-14.329779661788457,5.539606667327699,0.0
0.0004,720575940639935616,740,-51.490153760649314,-4.570005317433599,-52.25279546265993,-44.99756011090255,-24.732230923992017,182.17475483217112,0.48424
0.0004,720575940640649691,740,-52.973472802432454,-3.488573385707219,-53.07906685916758,16.16723833206499,-10.691091866134565,7.892734365760662,0.0
0.0004,720575940643476128,740,-52.0,0.0,-52.00058805874566,-44.99891997917727,-0.527957761689555,125.17489715767519,0.4142
0.0004,720575940643551392,740,-54.00876835188715,112.70721771197256,-59.747290061338596,-44.99774678122109,-134.55358423411616,194.52941538513485,0.32828
0.0004,720575940660219265,740,-69.58198237712017,-88.78219304586172,-78.23623206174179,-69.58198237712017,-88.78219304586172,130.0556368786384,0.0
0.0002,720575940611875570,600,-51.764239176101746,1.4580279623574828,-52.138189377370175,16.610928912824267,-19.86435195139138,7.253580303257202,0.0
0.0002,720575940612326373,600,-49.974033034427904,0.5639256481290554,-50.122228540075106,-45.35249047110648,0.3876265643914052,22.764034532453376,0.0
0.0002,720575940612670570,600,-52.066629152173995,-3.4968548352303523,-53.979313476283586,14.777021506791918,-23.578934877363285,1.9799208015839789,0.0
0.0002,720575940616885538,600,-52.418533780278125,4.028481488119869,-53.23197119276744,-51.982696394761874,-12.841326299724782,8.336494959284307,0.0
0.0002,720575940617000768,600,-51.61683933213558,2.6573345724724633,-52.28062635641579,16.883657542681654,-9.195957502092288,8.10243582422547,0.0
0.0002,720575940617937543,600,-52.31068284321704,-12.346674377175178,-55.579652092556174,15.908383182301696,-27.04585023360117,0.0,0.0
0.0002,720575940620900446,600,-53.98633988605946,-10.993274645158403,-54.849878549945615,14.495377870385541,-16.611263226158812,0.0,0.0
0.0002,720575940621502051,600,-51.382153865433466,3.1095786141024604,-52.126449111338516,17.544067293275354,-10.752077668015833,7.477569291675161,0.0
0.0002,720575940621754367,600,-52.026492344129004,-0.9485774717980349,-52.74422025218967,16.830657742548194,-9.185962952777945,2.795374272330629,0.0
0.0002,720575940623862015,600,-54.29824983766951,-2.864191125074001,-54.312719248571646,-44.999757158308924,-2.864191125074001,76.29690463188355,0.21998
0.0002,720575940624963786,600,-51.71333309280075,8.581234996823165,-52.09428234310348,17.29122273786545,-9.23726539312506,8.581234996823165,0.0
0.0002,720575940628455942,600,-55.61538863472818,-3.22803770822113,-55.61538863472818,-54.650126711177826,-3.22803770822113,0.36819522490052164,0.0
0.0002,720575940628695043,600,-45.854789405517806,84.17090981386907,-52.34314621943633,-44.99989185984595,-3.4343908274149997,84.17090981386907,0.21998
0.0002,720575940628853239,600,-53.30189666865628,-6.739095111717067,-53.74815265333044,16.746743738775088,-15.298374503532862,0.3299868002639965,0.0
0.0002,720575940629176663,600,-53.69474624371517,-6.465719921415468,-55.74363866927408,16.773894121670782,-19.26708470225428,0.8970551456258361,0.0
0.0002,720575940629377132,600,-51.82610655743157,1.988362598245742,-52.0,-44.99979437457358,0.0,140.91034304445236,0.21998
0.0002,720575940629393207,600,-51.64899915867379,4.118887950829138,-52.0,-44.99963550307935,0.0,157.49077821424035,0.21998
0.0002,720575940629667639,600,-52.10468361200496,5.659586916471287,-52.10468361200496,-44.99995380256615,0.0,98.15028322067346,0.21998
0.0002,720575940630233916,600,-51.32437780966724,8.932574004034809,-52.01299637984049,17.557058348821236,-7.553615568163274,8.932574004034809,0.0
0.0002,720575940630797113,600,-51.753513756584574,1.335653504374239,-52.53286925050896,-51.70512828562991,-5.4390584744521,1.335653504374239,0.0
0.0002,720575940632425919,600,-52.19146183426251,-9.533799507782224,-60.19604478322496,-52.19146183426251,-37.25122378823573,-7.750236254715656,0.0
0.0002,720575940632889389,600,-51.95013570936696,8.96142890577209,-52.367943885700655,17.333429054015493,-5.016931859122873,8.96142890577209,0.0
0.0002,720575940633143833,600,-53.845401069210816,-14.598106625599003,-55.21043092959439,16.749312503437498,-27.266481337911742,0.9515265303431893,0.0
0.0002,720575940633434208,600,-51.821276401207136,0.0023401095568980714,-52.0,-44.99950565441274,0.0,88.76800975769584,0.21998
0.0002,720575940637568838,600,-50.98127287618532,14.119580376804922,-52.0,18.480734533774772,0.0,14.89567352181932,0.0
0.0002,720575940638202345,600,-51.358084328541544,9.283461749085781,-52.11550044760815,17.93875295776813,-8.319848718527517,9.510860056024004,0.0
0.0002,720575940639198653,600,-58.4033003233141,-21.356430256162376,-59.241311272043944,9.50785328139272,-27.456356910906308,0.0,0.0
0.0002,720575940639283278,600,-51.8118964732901,-0.19346593857629266,-51.84528727575898,-51.60715831596017,-0.19346593857629266,1.8509093117409459,0.0
0.0002,720575940639332736,600,-52.78017005344242,-2.3476428051252296,-53.668823627327974,16.848578998290712,-12.069253152885809,2.9698812023759684,0.0
0.0002,720575940639935616,600,-50.923194339796744,0.012029910032420457,-51.01863298680168,-48.612330716572394,0.008269020413020214,15.894615050965738,0.0
0.0002,720575940640649691,600,-52.38838090840206,-2.8830155133265083,-52.76919025065606,16.453520397198062,-9.207298707323766,1.1018980317826568,0.0
0.0002,720575940643476128,600,-52.0,0.0,-52.0,-52.0,0.0,0.0,0.0
0.0002,720575940643551392,600,-51.82095242456675,0.0023577910582014408,-52.0,-44.999624577319345,0.0,87.77806114769679,0.21998
0.0002,720575940660219265,600,-52.0,0.0,-53.477353021093855,-44.999213413618584,-21.647134097318173,320.67280479490785,0.57244
0.0002,720575940611875570,610,-51.91632381565709,-7.049678522442435,-54.532933484763774,-51.91632381565709,-17.313319904875826,3.342716290244791,0.0
0.0002,720575940612326373,610,-45.35242033972175,13.660409854969854,-49.14728911230894,-45.15799211401214,-8.309471337262861,13.660409854969854,0.0
0.0002,720575940612670570,610,-53.199950684170666,-15.16551501461281,-54.62226243412063,14.126917929510908,-20.587328491181932,6.539560853032411,0.0
0.0002,720575940616885538,610,-52.03102756127849,-4.523444875374876,-52.44659872276458,-51.13674926324185,-11.579653831142055,11.209500034986617,0.0
0.0002,720575940617000768,610,-52.08624157041101,-8.101210396102903,-52.08624157041101,17.59553886953243,-8.101210396102903,9.76768178627668,0.0
0.0002,720575940617937543,610,-52.12071782215983,-6.6378832175616225,-53.997884894434954,16.392882716309124,-13.991440331193454,1.4602181915548997,0.0
0.0002,720575940620900446,610,-52.14774831576724,-9.169188019705384,-52.86699847394657,17.334488508203577,-21.123745170117687,6.550380578006238,0.0
0.0002,720575940621502051,610,-52.12655098394643,-10.313554565634512,-53.03170977638849,-52.12655098394643,-10.313554565634512,6.178673939493966,0.0
0.0002,720575940621754367,610,-51.90621195772237,-8.808846960446768,-52.234246861332885,17.005614070456865,-8.808846960446768,4.54218139863193,0.0
0.0002,720575940623862015,610,-52.01377792241987,-0.20713051527361057,-52.60694453661037,-52.01377792241987,-3.1602303176264415,-0.18222990481194126,0.0
0.0002,720575940624963786,610,-52.09437000685241,-8.86052385509071,-53.05778388528771,16.615571008967724,-9.76099865219809,5.9881322864250635,0.0
0.0002,720575940628455942,610,-54.650098000517,0.22094930806810223,-54.650098000517,-53.98581994489846,-1.9175358533259588,0.22094930806810223,0.0
0.0002,720575940628695043,610,-52.34315063672136,-0.7848612338952484,-52.67624160860765,-52.34315063672136,-2.538406027715622,-0.44402782548037284,0.0
0.0002,720575940628853239,610,-53.748279517845205,-14.434378871135138,-57.510503476142155,-53.748279517845205,-25.700750055057444,-1.4486057359213422,0.0
0.0002,720575940629176663,610,-53.51723336900405,-14.946950474929993,-53.818336891377754,17.076861265090432,-15.309561298363258,4.185819146084203,0.0
0.0002,720575940629377132,610,-51.95687677620119,0.13411433125142333,-72.32209124615235,-51.95427020688311,-127.12492339351792,0.13411433125142333,0.0
0.0002,720575940629393207,610,-51.882945676495716,0.4662495771131219,-73.93164260348173,-51.87284828310438,-138.97624239036267,0.4662495771131219,0.0
0.0002,720575940629667639,610,-51.753536992251796,1.5841673168821908,-51.93209545510023,-51.683143841812864,-0.9270144819013533,1.5841673168821908,0.0
0.0002,720575940630233916,610,-51.5452854054639,-7.245541627905163,-52.02713418993143,17.09667788825981,-7.245541627905163,4.717703179441417,0.0
0.0002,720575940630797113,610,-52.53291609489238,-5.2172266694842815,-52.94616829919418,16.749312503437498,-6.323707086706818,1.7357673165794467,0.0
0.0002,720575940632425919,610,-60.19623455396158,-27.172669871085887,-65.58399749904187,-60.19623455396158,-41.30613636449319,-10.497395126753915,0.0
0.0002,720575940632889389,610,-52.05122291933743,-4.810024995660128,-52.59069855818769,16.619458214128862,-8.10881382818987,4.168361518468826,0.0
0.0002,720575940633143833,610,-54.364376467385036,-16.166041947304816,-57.7595502697454,10.989598796929586,-29.515438932774586,0.659973600527993,0.0
0.0002,720575940633434208,610,-51.62443690886746,1.6470115574966426,-51.843189414418106,-51.53078628933257,-1.012385903552618,1.6470115574966426,0.0
0.0002,720575940637568838,610,-49.44586353805567,1.0836812260643114,-49.468246531346885,-46.7245567003019,1.0205317223331902,16.075549926662976,0.0
0.0002,720575940638202345,610,-52.11557909904641,-7.980523986690349,-52.47498696081283,-51.98643000291721,-7.980523986690349,7.63255402821659,0.0
0.0002,720575940639198653,610,-56.2211334782526,-21.281843333239006,-60.549503781133645,16.75924306953735,-32.460430624383314,0.3299868002639965,0.0
0.0002,720575940639283278,610,-51.60725494418286,0.37564040540630156,-51.78226024630157,-51.60725494418286,-0.33816722046004805,0.37564040540630156,0.0
0.0002,720575940639332736,610,-52.11304470153163,-8.255081677719858,-53.25830600917503,16.794354072880513,-12.369492535133089,3.3855400057920684,0.0
0.0002,720575940639935616,610,-48.6122712814222,9.331027396656275,-54.75372911834796,-48.443127560318395,-30.069517977992522,9.331027396656275,0.0
0.0002,720575940640649691,610,-52.13055902857813,-8.27604208556294,-53.442970242146714,-52.13055902857813,-10.468911796277258,0.24641346099352884,0.0
0.0002,720575940643476128,610,-52.0,0.0,-52.20788697312654,-52.0,-1.319947201055986,0.0,0.0
0.0002,720575940643551392,610,-51.631185342011946,1.6803313163572569,-51.80084037552276,-51.53426180057741,-0.7261525018041315,1.6803313163572569,0.0
0.0002,720575940660219265,610,-52.0,0.0,-56.68305059658228,-44.99894476631794,-44.86211342035913,151.87534894362707,0.21998
0.0002,720575940611875570,620,-54.521212913707906,-1.8965904394060824,-54.55144780513587,16.668203703223053,-13.073817202200448,3.7043770771126097,0.0
0.0002,720575940612326373,620,-49.14733202779176,-1.4388300752877226,-50.495742449318215,-49.14733202779176,-1.4388300752877226,-0.19473226490357007,0.0
0.0002,720575940612670570,620,-51.45359036955528,3.681202353516969,-55.16326691131194,-51.34217859131778,-22.436114249709455,3.681202353516969,0.0
0.0002,720575940616885538,620,-51.13666768622418,9.0208128739845,-53.03319773197139,17.97340170336297,-14.074539702284627,9.0208128739845,0.0
0.0002,720575940617000768,620,-51.77853688999339,1.7081597366950376,-52.76234634690694,16.647208868871992,-11.66805170356125,2.6903645229498845,0.0
0.0002,720575940617937543,620,-53.99792372251576,-5.8805947755620895,-55.53317294367517,16.749312503437498,-26.478272745608148,0.0,0.0
0.0002,720575940620900446,620,-51.99879671513212,0.3251779771568319,-55.17015370700479,13.579097804462924,-18.94614922113025,0.3251779771568319,0.0
0.0002,720575940621502051,620,-52.21453827145034,4.549151012674271,-53.61363506921713,16.58132429502616,-12.808817109402478,4.549151012674271,0.0
0.0002,720575940621754367,620,-51.859655773907974,2.72439672011946,-52.87684208568587,-51.67856856401401,-8.144358752253952,2.9935697411910933,0.0
0.0002,720575940623862015,620,-52.60694735397734,-0.8886648690560743,-52.618767786555885,-52.50771431250983,-0.8886648690560743,-0.12027252256102527,0.0
0.0002,720575940624963786,620,-52.99756192261224,0.24540379788647845,-52.99756192261224,16.754729049910182,-5.909571655101782,8.10669638989282,0.0
0.0002,720575940628455942,620,-53.98580431419688,-0.42273351714250074,-53.98580431419688,-53.27086002998377,-0.42273351714250074,-0.05721304875236733,0.0
0.0002,720575940628695043,620,-52.663636486002986,-0.44401006472257115,-52.663636486002986,-51.720009566660686,-0.44401006472257115,5.454057518628767,0.0
0.0002,720575940628853239,620,-57.298389873328944,-1.6072085467282864,-60.21906630178976,-57.155958744575585,-27.443168723558415,-1.4698771888193474,0.0
0.0002,720575940629176663,620,-51.99879671513212,0.3251779771568319,-53.5539953967737,15.195234320088575,-16.757922868152967,1.9345671606136579,0.0
0.0002,720575940629377132,620,-72.32138248031639,-19.9842901505464,-72.32138248031639,-67.46450416047534,-19.9842901505464,-2.704687753157884,0.0
0.0002,720575940629393207,620,-73.93075846898523,-21.539845853134626,-73.93075846898523,-68.68497369163885,-21.539845853134626,-2.9152177457897617,0.0
0.0002,720575940629667639,620,-51.9320980134322,-0.18792617278969304,-51.98833164007319,-51.9320980134322,-0.18792617278969304,-0.025434059164128865,0.0
0.0002,720575940630233916,620,-52.02714006985632,-0.615117316568473,-52.849221352735846,16.749112244248384,-7.300181092416132,2.3099076018479754,0.0
0.0002,720575940630797113,620,-51.87271772770365,0.4965320638483019,-52.3163952624496,16.4328835401263,-4.138680552414821,1.4215901078803082,0.0
0.0002,720575940632425919,620,-65.54405506828138,-11.977704906729304,-68.43522846341845,-65.44917969162121,-34.00592774216651,-10.2373929991035,0.0
0.0002,720575940632889389,620,-52.312461493825516,1.6613009463524087,-52.659117418986355,16.71474097966468,-7.72387211476931,4.28989319791144,0.0
0.0002,720575940633143833,620,-51.96949582533508,-0.2776017029804688,-56.745798456615354,16.749312503437498,-22.75423558550705,0.08867077967104252,0.0
0.0002,720575940633434208,620,-51.843193034875235,-0.20523283287943705,-51.937125782037725,-51.843193034875235,-0.20523283287943705,-0.02777635459920228,0.0
0.0002,720575940637568838,620,-46.724522151738455,8.73014231406174,-52.447353474990585,22.086468386916927,-8.442641724031462,17.797780776834124,0.0
0.0002,720575940638202345,620,-51.98641831369599,1.1824743136352558,-51.98641831369599,-50.05124567714862,-3.7997758514722286,11.944100018333707,0.0
0.0002,720575940639198653,620,-52.0,0.0,-58.8916273365755,-52.0,-31.363025494635878,0.0,0.0
0.0002,720575940639283278,620,-51.782263329417624,-0.09057158280112557,-51.88216036948522,-51.782263329417624,-0.09057158280112557,-0.012258021122638355,0.0
0.0002,720575940639332736,620,-52.85248317930134,2.8280669526863456,-52.85248317930134,15.94767605170419,-6.929525593480053,2.8280669526863456,0.0
0.0002,720575940639935616,620,-54.75375122200341,-4.964006434131153,-54.88745259137323,-54.44992461976012,-4.964006434131153,-0.6718320894987875,0.0
0.0002,720575940640649691,620,-53.37308739155621,-0.23954546599754928,-53.42470634292742,16.371817170077065,-7.391704325913521,2.380946047803282,0.0
0.0002,720575940643476128,620,-52.20787272894514,-0.20305299733448973,-52.20787272894514,-52.15797503275477,-0.20305299733448973,-0.0274813341377347,0.0
0.0002,720575940643551392,620,-51.800843839201555,-0.14720704281320438,-51.9023255989784,-51.800843839201555,-0.14720704281320438,-0.019923103741794963,0.0
0.0002,720575940660219265,620,-56.68319097861957,-18.720950093930988,-58.428719407487115,-44.99934399988796,-18.720950093930988,203.61860457097563,0.08108
0.0002,720575940611875570,630,-52.91724115214489,-9.087262407588792,-55.31062305476402,-52.91724115214489,-14.472228131436482,-0.9703873581100504,0.0
0.0002,720575940612326373,630,-50.49575943909248,-0.19472447576875765,-51.118207322914145,-50.49575943909248,-0.19472447576875765,-0.02635414622607708,0.0
0.0002,720575940612670570,630,-55.163322671484295,-8.739137242105832,-55.712520097097105,13.078513180124796,-20.138653332012332,0.4901222747607138,0.0
0.0002,720575940616885538,630,-53.03322802532165,-4.0624666545564345,-54.449388015468266,-53.003993575330405,-14.763264497317033,1.6780230465723385,0.0
0.0002,720575940617000768,630,-52.758241464251824,-0.47204476568866227,-53.75672063409685,16.913867139439247,-13.565902962055855,8.007301249696042,0.0
0.0002,720575940617937543,630,-53.32609022316518,-11.381346069184755,-56.949053080214156,15.758139660860534,-23.369151350659404,0.6581964743656219,0.0
0.0002,720575940620900446,630,-53.50716336848564,-12.892631643215154,-56.73815293682632,16.749312503437498,-21.57124262585057,0.0,0.0
0.0002,720575940621502051,630,-51.911381234497235,2.8069784509883386,-51.911381234497235,-51.088829719824076,-6.754999043651477,6.611585026346723,0.0
0.0002,720575940621754367,630,-52.77762460768933,2.819463359111575,-52.8197346506853,-51.79420046548988,-7.796972297417611,4.51689122692583,0.0
0.0002,720575940623862015,630,-52.50771043808725,-0.12026771175633956,-53.08189928448499,-52.36773574663066,-8.210564951629095,-0.026893380795698692,0.0
0.0002,720575940624963786,630,-51.987989752002676,0.14859385921552046,-53.746590041694525,17.410287373173464,-11.726185427405348,7.983002113895547,0.0
0.0002,720575940628455942,630,-53.27084789356321,-0.057210760276187066,-53.27084789356321,-52.842419062745066,-19.023615051275165,-0.012793049266922478,0.0
0.0002,720575940628695043,630,-51.719991319511216,2.1046724103887215,-51.719991319511216,-51.48130394334705,0.2848478304660812,2.1046724103887215,0.0
0.0002,720575940628853239,630,-60.21914153068483,-15.741678586559265,-60.72830632032787,16.778333175202285,-19.644512675161454,0.5844236459018526,0.0
0.0002,720575940629176663,630,-52.55173767178176,-4.583174806630496,-53.310939167992075,15.979233110814413,-14.20370373962803,0.3299868002639965,0.0
0.0002,720575940629377132,630,-67.46437656240835,-2.704579567811479,-67.46437656240835,-61.80450803188909,-2.704579567811479,-0.3660396831408508,0.0
0.0002,720575940629393207,630,-68.68483599418482,-2.9151011394120734,-68.68483599418482,-62.577827141500684,-2.9151011394120734,-0.3945318193235402,0.0
0.0002,720575940629667639,630,-51.988332011090435,-0.025433041822109276,-51.99691758553713,-51.988332011090435,-0.025433041822109276,-0.003442125600840051,0.0
0.0002,720575940630233916,630,-52.84561608246334,-0.5889335089388779,-52.84561608246334,16.69755711363543,-6.9396440745334305,10.314598909187536,0.0
0.0002,720575940630797113,630,-52.007944912881925,-0.2316874124766972,-52.4168055047827,16.748840694225276,-5.501830406681808,0.9899604007919894,0.0
0.0002,720575940632425919,630,-68.4352775860094,-21.34708517470468,-71.28800529331188,-68.4352775860094,-36.707764307501975,-12.882394825642784,0.0
0.0002,720575940632889389,630,-52.65915015920565,-3.9330770560776043,-52.73580808823645,16.64814075949367,-8.576404051351876,2.3750398069612504,0.0
0.0002,720575940633143833,630,-52.0,0.0,-53.90565693860103,16.76063781099041,-17.982031432770665,0.9899604007919894,0.0
0.0002,720575940633434208,630,-51.93712668853336,-0.0277752435672391,-51.96622755560622,-51.93712668853336,-0.0277752435672391,-0.0037591208169701577,0.0
0.0002,720575940637568838,630,-51.01382651276182,16.76265967126539,-51.01382651276182,-45.90256770213706,2.747522641644791,23.35914517004648,0.0
0.0002,720575940638202345,630,-50.1882894390289,5.566034178530718,-52.91359010405808,18.78593555379743,-10.258563116769302,10.372513991066269,0.0
0.0002,720575940639198653,630,-58.89176338526621,-20.496154504012104,-62.80242426196353,5.946820383024653,-30.01558446373379,0.0,0.0
0.0002,720575940639283278,630,-51.88216167045279,-0.012257530811599738,-51.93045195867568,-51.88216167045279,-0.012257530811599738,-0.001658942760555509,0.0
0.0002,720575940639332736,630,-52.07854501451339,1.5363591421834837,-52.804277086951544,16.678761440514418,-8.873471630609608,3.907181504641537,0.0
0.0002,720575940639935616,630,-54.44990683878935,-0.671805216752666,-54.44990683878935,-53.591475787211316,-0.671805216752666,-0.0909225861199206,0.0
0.0002,720575940640649691,630,-51.92935118111878,2.154541430797534,-52.83851854740289,17.00887722423822,-9.532872483514844,2.8143426749054123,0.0
0.0002,720575940643476128,630,-52.157973727818806,-0.027480234906353967,-52.157973727818806,-52.10013305991759,-0.027480234906353967,-0.0037191941392568113,0.0
0.0002,720575940643551392,630,-51.90232677494359,-0.01992230683358356,-51.9438867057874,-51.90232677494359,-0.01992230683358356,-0.0026962988878528812,0.0
0.0002,720575940660219265,630,-52.0,0.0,-55.73821443709845,-44.99918281404278,-59.61277457189222,136.13163153194296,0.151
0.0002,720575940611875570,640,-55.310654871769465,-6.492209661974725,-56.268218714481165,12.48104610346376,-16.478100201336243,3.362809212082604,0.0
0.0002,720575940612326373,640,-51.1182164043317,-0.02635309208131107,-51.46930502300613,-51.1182164043317,-0.02635309208131107,-0.0035666458439714546,0.0
0.0002,720575940612670570,640,-54.84040037879894,-7.952325856294887,-54.93432907753568,13.814960850125736,-20.13776604608625,4.197866107095039,0.0
0.0002,720575940616885538,640,-54.44941364195117,-5.011948878647571,-54.47982399796259,17.36232177424493,-12.23947351122447,7.918494469435225,0.0
0.0002,720575940617000768,640,-53.75678450486369,-8.143666378555706,-54.45459198742994,16.890177440841725,-9.994442494489007,10.30071235670894,0.0
0.0002,720575940617937543,640,-52.0,0.0,-52.88860263295606,16.662298099871066,-14.984517129753765,0.3299868002639965,0.0
0.0002,720575940620900446,640,-52.56019680111404,-3.264523120158883,-55.82155459326955,-52.56019680111404,-23.09297093453249,-2.207478319492739,0.0
0.0002,720575940621502051,640,-51.64909980630131,-2.5903719829657175,-52.2046725936641,17.036810697164917,-6.758171942607777,7.026948793033041,0.0
0.0002,720575940621754367,640,-52.819771574690634,-4.512063404564316,-52.90552346277898,18.207461392045,-4.512063404564316,11.973740992580517,0.0
0.0002,720575940623862015,640,-53.08193816042212,-4.969413045909146,-53.52983446600162,-53.08193816042212,-4.969413045909146,-0.6725638241039175,0.0
0.0002,720575940624963786,640,-53.746657892544334,-8.531538314901807,-54.629732321888824,17.324383693631155,-9.804072736503338,12.194449780297006,0.0
0.0002,720575940628455942,640,-53.23714887576628,-17.680831821753053,-55.59000597163071,-53.23714887576628,-17.680831821753053,-2.392936097989582,0.0
0.0002,720575940628695043,640,-51.49959551392239,0.2848364367807378,-51.85352351259031,-51.49959551392239,-11.318406620023643,0.2848364367807378,0.0
0.0002,720575940628853239,640,-54.86577585549015,-7.389005557392646,-56.71255665562646,16.749312503437498,-20.14916791780424,0.0,0.0
0.0002,720575940629176663,640,-53.05949964554449,-6.938531748365922,-54.58040719306012,-53.05949964554449,-11.785563175554014,1.5473197138342467,0.0
0.0002,720575940629377132,640,-61.80441364760432,-0.366025041846353,-61.80441364760432,-58.00422679342588,-0.366025041846353,-0.04953808419379397,0.0
0.0002,720575940629393207,640,-62.57772530897773,-0.39451603836638854,-62.57772530897773,-58.48345399732255,-0.39451603836638854,-0.058515975029267475,0.0
0.0002,720575940629667639,640,-51.99691765078152,-0.0034419879185696813,-51.99867105889892,-51.99691765078152,-0.0034419879185696813,-0.0004658410431264873,0.0
0.0002,720575940630233916,640,-52.48098061524504,-5.114525260344829,-53.00241546548921,-51.23589945069617,-5.36982147454512,13.063991089669516,0.0
0.0002,720575940630797113,640,-52.41683852856243,-3.7191256056755755,-52.78677381441059,-52.41683852856243,-4.2023251840778935,0.7492409312174559,0.0
0.0002,720575940632425919,640,-71.28803598940249,-22.357182551732787,-72.62832448382706,15.561717494170946,-39.56500923918085,1.643399824883502,0.0
0.0002,720575940632889389,640,-52.65059055669583,-4.437222187054666,-52.754902504185644,15.99437819459261,-4.437222187054666,5.556237009641881,0.0
0.0002,720575940633143833,640,-53.2224794171349,-12.43143022076258,-58.07111255253405,-53.2224794171349,-24.22271960831533,-6.197272561882151,0.0
0.0002,720575940633434208,640,-51.96622793091924,-0.0037589704551447356,-51.98010640369112,-51.96622793091924,-0.0037589704551447356,-0.000508741680486184,0.0
0.0002,720575940637568838,640,-46.14419735171596,4.064544699373042,-52.00764940313409,22.523427880708265,-0.7919683206335916,9.251530845849162,0.0
0.0002,720575940638202345,640,-52.9136473853749,-6.641617593076652,-53.664768532436995,17.672572118630395,-6.9813708788105515,8.634312751842899,0.0
0.0002,720575940639198653,640,-52.74348599350763,-4.609915579441062,-57.64196866910489,-52.74348599350763,-32.42530396581969,-1.4104831675803224,0.0
0.0002,720575940639283278,640,-51.93045267074163,-0.0016588764041722231,-51.945853280786075,-51.91593301300273,-0.10856916558071847,0.3293670876856627,0.0
0.0002,720575940639332736,640,-52.80428714013703,-1.809564470766661,-53.3144452790719,15.974736907882953,-9.66060849182148,4.031731551666601,0.0
0.0002,720575940639935616,640,-53.59146078173614,-0.0909189492892129,-53.59146078173614,-52.979559626423836,-0.0909189492892129,-0.012305033945165845,0.0
0.0002,720575940640649691,640,-52.8385690098138,-5.884667175184229,-53.561379819696576,15.202566175408814,-9.673802862707689,13.684436547165605,0.0
0.0002,720575940643476128,640,-52.100132095783,-0.003719045374466557,-52.100132095783,-52.061317926471595,-0.003719045374466557,-0.0005033381922491467,0.0
0.0002,720575940643551392,640,-51.943887293879854,-0.0026961910380543775,-51.9663890610514,-51.943887293879854,-0.0026961910380543775,-0.0003649043736787658,0.0
0.0002,720575940660219265,640,-52.0,0.0,-53.73866702587304,-44.99941629027619,-44.37444461546799,139.0319150377456,0.42786
0.0002,720575940611875570,650,-52.07413790952935,-8.32041862930115,-54.013210657588445,16.77264733435626,-13.702236220777124,0.9899604007919894,0.0
0.0002,720575940612326373,650,-51.469310365594936,-0.0035665031809909743,-51.67867742106023,-51.469310365594936,-0.0035665031809909743,-0.0004826930254994001,0.0
0.0002,720575940612670570,650,-54.11984784236129,-17.580616499821023,-54.41377974731793,17.60321222052689,-18.13610780376601,8.588492907924712,0.0
0.0002,720575940616885538,650,-52.5012821620343,-10.685271120347275,-53.32283962677096,16.868389156117694,-12.801836468677141,13.033273800535806,0.0
0.0002,720575940617000768,650,-51.215981487468326,-1.1034384508025992,-52.038053703903614,17.605116376449363,-10.10186349277889,6.194769375417214,0.0
0.0002,720575940617937543,650,-52.53084251862848,-13.081741464783653,-55.33194054081787,15.107565134727587,-21.562342558535672,2.3959180159800204,0.0
0.0002,720575940620900446,650,-55.82171798655133,-20.160561251551016,-57.94793256423432,-55.82171798655133,-24.01852529186195,-2.817975857298246,0.0
0.0002,720575940621502051,650,-52.0,0.0,-52.0,18.55701713581367,0.0,13.635524906634739,0.0
0.0002,720575940621754367,650,-52.04943551523854,-1.3828039607970752,-52.069504365981906,-49.99602701152601,-2.206688155528191,9.716702710806434,0.0
0.0002,720575940623862015,650,-53.436750149784324,-0.6725369220889973,-53.436750149784324,-52.97707397264636,-0.6725369220889973,-0.09102161562996021,0.0
0.0002,720575940624963786,650,-52.06470301160889,-1.5839327535891792,-52.27782755738543,16.677096038710722,-5.746208442040243,4.385646003355045,0.0
0.0002,720575940628455942,650,-55.527410792586956,-2.392840382459986,-57.779432120084174,-55.50847432326968,-20.740123109600436,-2.246382410749782,0.0
0.0002,720575940628695043,650,-51.85363786469549,-11.288565434243791,-53.68623826195662,-51.85363786469549,-11.288565434243791,-1.5278023112512622,0.0
0.0002,720575940628853239,650,-52.0,0.0,-54.124530132698325,-51.949664051140964,-18.893168978594048,1.4501938382832447,0.0
0.0002,720575940629176663,650,-54.580480954531026,-9.956392033869346,-54.82030072579117,16.57055267676156,-12.272070262928443,2.3547078798737426,0.0
0.0002,720575940629377132,650,-58.00416724682661,-0.04953610271005616,-58.00416724682661,-55.64952834339712,-0.04953610271005616,-0.006704250655377777,0.0
0.0002,720575940629393207,650,-58.4833921058949,-0.29427440135256777,-58.4833921058949,-55.9786357247447,-0.29427440135256777,-0.03982730251664306,0.0
0.0002,720575940629667639,650,-51.998671076846556,-0.00046582240985743007,-52.03887642331485,-51.998671076846556,-0.2642210385254022,-0.0002316075783228305,0.0
0.0002,720575940630233916,650,-51.23587520378561,3.1887399521780297,-52.51333269455475,18.201809261444705,-2.861238800078922,10.967240865034501,0.0
0.0002,720575940630797113,650,-52.75575188230349,-2.6245580628404825,-53.878887761167775,-52.75575188230349,-6.8467725490485485,-1.4189252581467207,0.0
0.0002,720575940632425919,650,-52.711840761279525,-18.15044347209838,-56.44479401833461,16.755830578028725,-32.492812452731116,1.319947201055986,0.0
0.0002,720575940632889389,650,-51.12561270827332,0.028645050706972753,-53.033359029578854,17.613699721544634,-6.763670470379261,2.916175764581184,0.0
0.0002,720575940633143833,650,-58.07125676766755,-20.49228815924858,-59.19535706720304,9.553848559772204,-21.519751675829554,1.4232841374415626,0.0
0.0002,720575940633434208,650,-51.980106607713374,-0.0005087213312259524,-51.98801382936861,-51.980106607713374,-0.0005087213312259524,-6.88506994229866e-05,0.0
0.0002,720575940637568838,650,-51.82754894795638,1.1728257515262492,-51.82754894795638,-49.006125399042986,1.1267935233899602,13.149559344740375,0.0
0.0002,720575940638202345,650,-52.17279656376886,-2.9856255580592017,-52.59146632283635,-51.99362103843811,-8.31097362853717,4.2219939404176685,0.0
0.0002,720575940639198653,650,-57.64219533243328,-28.307848676392332,-59.37271169740253,9.376337537149618,-35.324962988406504,2.393334911413032,0.0
0.0002,720575940639283278,650,-51.92740214645056,-0.08335156961828531,-51.96690346434853,-51.92740214645056,-0.08335156961828531,0.3162923940942714,0.0
0.0002,720575940639332736,650,-52.16377644324074,-8.433877554289845,-52.30422013588628,17.092514353860913,-8.433877554289845,6.054605409401665,0.0
0.0002,720575940639935616,650,-52.97954995392381,-0.012304541753651935,-52.97954995392381,-52.596065638033195,-0.012304541753651935,-0.001665305254208046,0.0
0.0002,720575940640649691,650,-51.00399454202774,1.3706449256892654,-52.0,18.876766960015683,-1.2850993128050738,10.137135448660048,0.0
0.0002,720575940643476128,650,-52.06131731832865,-0.0005033180591241219,-52.06131731832865,-52.037270259158575,-0.0005033180591241219,-6.811941681196168e-05,0.0
0.0002,720575940643551392,650,-51.966389400808055,-0.00036488977779573827,-51.979671248663486,-51.966389400808055,-0.00036488977779573827,-4.938443676617981e-05,0.0
0.0002,720575940660219265,650,-53.738802055529234,-15.241395328762447,-55.57326388571225,-44.999166513601665,-40.25687747397662,147.10393555219935,0.21998
0.0002,720575940611875570,660,-52.20536343592346,-2.31500655004668,-55.902251508075956,12.846967432599568,-17.6157304840609,0.0,0.0
0.0002,720575940612326373,660,-51.67868063909676,-0.0004826737181645294,-51.80518381834202,-51.67868063909676,-0.0004826737181645294,-6.532539732241197e-05,0.0
0.0002,720575940612670570,660,-51.97795770639406,2.7178886051402262,-53.284429434924235,16.749312503437498,-15.158305821134268,4.037618383804813,0.0
0.0002,720575940616885538,660,-51.136024351390056,12.0321906289565,-51.136024351390056,-49.589323731514945,-4.838152663820217,14.011148893792145,0.0
0.0002,720575940617000768,660,-51.265860550978765,4.594379860422519,-52.075868063516495,17.59069019229081,-7.898328001012738,10.606097968801713,0.0
0.0002,720575940617937543,660,-55.331997096420906,-8.987349372994709,-57.6523387885908,16.769858694590827,-28.680557071739827,1.287233919812346,0.0
0.0002,720575940620900446,660,-57.772729865745376,-2.817863140518304,-58.20043112754175,16.46685099881411,-18.34796968665752,5.826882897726603,0.0
0.0002,720575940621502051,660,-51.98450186835028,0.5972165840893795,-52.7207478099685,-51.500729048810456,-11.095531852112995,10.716499910868853,0.0
0.0002,720575940621754367,660,-49.995959910466354,8.713938223324732,-52.0933353651253,20.144658985026503,-2.276422520328347,10.734661734230183,0.0
0.0002,720575940623862015,660,-52.977065112148885,-0.09101797483815133,-52.977065112148885,-52.60692164258869,-0.09101797483815133,-0.012318436131956106,0.0
0.0002,720575940624963786,660,-51.936568868535346,0.9924578529119988,-52.01013836135982,16.870013868773743,-6.599553682593011,9.97270371719212,0.0
0.0002,720575940628455942,660,-57.58962986371557,-3.2495968639747876,-57.58962986371557,-55.900714836974004,-3.2495968639747876,-0.43980270374790464,0.0
0.0002,720575940628695043,660,-53.68426682397478,-1.5277412003810378,-53.68426682397478,-53.26152487871115,-1.5277412003810378,-0.20676555852309825,0.0
0.0002,720575940628853239,660,-54.068796812492124,-0.6456193969822565,-54.34286324074533,16.43939588441389,-14.776627851383413,3.9110510051897975,0.0
0.0002,720575940629176663,660,-52.956505884442656,1.4707721670410852,-54.833006378362406,16.439534725609885,-14.893126201491693,1.8006413102380638,0.0
0.0002,720575940629377132,660,-55.649491915336995,-0.006703982490714891,-55.649491915336995,-54.214603837629234,-0.006703982490714891,-0.00090732166133638,0.0
0.0002,720575940629393207,660,-55.97859633684945,-0.03982570945640381,-55.97859633684945,-54.41942003105336,-0.03982570945640381,-0.0053900392666494925,0.0
0.0002,720575940629667639,660,-52.03887675378609,-0.07192227485213705,-52.040945738702064,-52.034876675560945,-0.07192227485213705,-0.009734010790796825,0.0
0.0002,720575940630233916,660,-52.51171328672405,-0.4355358814963474,-53.10416847629345,15.683198682205457,-7.562867245294958,6.929722805543927,0.0
0.0002,720575940630797113,660,-53.878893510050744,-2.453729858151832,-53.878893510050744,14.870413245542753,-6.214542602848049,0.0,0.0
0.0002,720575940632425919,660,-56.44481191163588,-6.234008410222406,-62.47938645510853,-56.44481191163588,-38.682857342856224,-4.766390338515736,0.0
0.0002,720575940632889389,660,-52.92472799592887,2.692184883397529,-53.057859468338165,-52.675963022925565,-5.340556788527376,3.1727756958191464,0.0
0.0002,720575940633143833,660,-55.030487324676045,-7.507687209790259,-57.150495902372604,16.76757424998853,-26.29109313766982,1.1515236855217934,0.0
0.0002,720575940633434208,660,-51.98801394991821,-6.884794545008952e-05,-51.99274083394942,-51.98801394991821,-6.884794545008952e-05,-9.317928907464892e-06,0.0
0.0002,720575940637568838,660,-49.006058610951655,9.67252367537451,-52.051263661507406,21.1339195722908,-1.2423258068503935,13.840741475134063,0.0
0.0002,720575940638202345,660,-51.993585833819346,3.526787902937142,-52.545529580549285,16.826665897832456,-9.252448108269478,3.526787902937142,0.0
0.0002,720575940639198653,660,-51.80516380640871,0.1298586562078437,-55.39357352376296,13.355682528338722,-27.18199839773864,3.4902864027598848,0.0
0.0002,720575940639283278,660,-51.95487143900687,0.2605375726279344,-51.95487143900687,-51.928312312068016,0.03526133661069782,0.2605375726279344,0.0
0.0002,720575940639332736,660,-51.69559077591345,5.478871818083532,-52.504278681279374,17.24024597925966,-7.371260799263923,6.483618790915567,0.0
0.0002,720575940639935616,660,-52.59605969405925,-0.0016652386433301041,-52.59605969405925,-52.361793645935364,-0.0016652386433301041,-0.0002253745582540556,0.0
0.0002,720575940640649691,660,-51.654291261986614,3.4982971036913546,-52.0,17.064553849489442,-5.01718576940474,5.50327346757808,0.0
0.0002,720575940643476128,660,-52.03726988713902,-6.811669208978401e-05,-52.03726988713902,-52.02261625394606,-6.811669208978401e-05,-9.218960568175733e-06,0.0
0.0002,720575940643551392,660,-51.97967145244381,-4.938246142821618e-05,-51.987677745500264,-51.97967145244381,-4.938246142821618e-05,-6.683456737243102e-06,0.0
0.0002,720575940660219265,660,-50.25911322530736,46.63901037170954,-52.01249597045674,-44.9986307316608,-2.4898553184318444,188.10044528615128,0.43996
0.0002,720575940611875570,670,-52.0,0.0,-53.03138532711545,17.186625825701046,-11.812341390071962,3.647405432235833,0.0
0.0002,720575940612326373,670,-51.80518576714733,-6.532278435877869e-05,-51.881848273043225,-51.80518576714733,-6.532278435877869e-05,-8.840831149188214e-06,0.0
0.0002,720575940612670570,670,-53.12037639651195,-13.16381493869017,-54.47634354911837,16.80761191887811,-18.806251223038128,3.6719204618653274,0.0
0.0002,720575940616885538,670,-50.084938622609606,-3.6517679667252247,-52.27107514175742,19.893861347416163,-9.151176039334736,12.522854615425326,0.0
0.0002,720575940617000768,670,-52.0,0.0,-52.0,-50.85141273119511,-7.474671622378388,8.981656288313049,0.0
0.0002,720575940617937543,670,-53.37611355966593,-21.877920186109282,-55.50884975559241,16.761845330467835,-24.005686422213305,0.3299868002639965,0.0
0.0002,720575940620900446,670,-52.89412722877266,-14.65064873702062,-54.45277737353933,15.09192590881575,-18.63024920513684,5.996874821959655,0.0
0.0002,720575940621502051,670,-51.500724045981414,0.9995363654890367,-53.30810984212082,18.773012413947352,-9.993858488613371,13.916852989423688,0.0
0.0002,720575940621754367,670,-52.09335436853571,-1.9936460348377445,-52.34426856060956,-51.24441604485109,-7.088335092440713,6.484963963749962,0.0
0.0002,720575940623862015,670,-52.60691569658389,-0.012317943404365445,-52.60691569658389,-52.370051380878856,-0.012317943404365445,-0.0016671190429532908,0.0
0.0002,720575940624963786,670,-51.24841665886782,2.7154779038506716,-52.676590785388896,18.817157763246865,-10.929792140738538,11.541812429706368,0.0
0.0002,720575940628455942,670,-55.90068022793776,-0.43978511199159226,-55.90068022793776,-54.434980810176526,-0.43978511199159226,-0.05952082348005351,0.0
0.0002,720575940628695043,670,-53.26151433112933,-0.20675728806616755,-53.26151433112933,-52.797629175215846,-0.20675728806616755,-0.02798267542634789,0.0
0.0002,720575940628853239,670,-52.24250454194105,-6.070973261686814,-52.66677071088379,16.749312503437498,-11.329626955564743,6.694927518903476,0.0
0.0002,720575940629176663,670,-52.0,0.0,-53.48700414116912,17.15158803565183,-15.452608457475122,4.5947109606728676,0.0
0.0002,720575940629377132,670,-54.21458170077458,-0.0009072853691957741,-54.21458170077458,-53.34336763512363,-0.0009072853691957741,-0.00012279263402388213,0.0
0.0002,720575940629393207,670,-54.41939589087306,-0.005389823669390802,-54.41939589087306,-53.4682990146445,-0.005389823669390802,-0.0007294624908097342,0.0
0.0002,720575940629667639,670,-52.0348764241336,-0.009733621438152299,-52.0348764241336,-52.022682646549065,-0.009733621438152299,-0.0013173551074030085,0.0
0.0002,720575940630233916,670,-52.08447130502865,0.5425447159609,-52.08447130502865,-50.232175766816354,-4.719695112631162,13.026518913078629,0.0
0.0002,720575940630797113,670,-53.25205661633316,-4.616758483378223,-53.85352560081813,-53.25205661633316,-7.0812986407488925,0.19244451952922306,0.0
0.0002,720575940632425919,670,-62.47961148170929,-32.981499407276786,-64.41752304948942,16.01655560808892,-32.981499407276786,2.5592460227739458,0.0
0.0002,720575940632889389,670,-53.057880122073605,-3.123180875245885,-53.07781587391877,17.228042916186514,-4.941388953279675,6.351744787649048,0.0
0.0002,720575940633143833,670,-53.579807196839624,-22.02545018959876,-55.54053497339562,13.208707314319716,-22.02545018959876,1.2523218846813817,0.0
0.0002,720575940633434208,670,-51.99274090663389,-9.317556197762837e-06,-51.995598556634256,-51.99274090663389,-9.317556197762837e-06,-1.2610445478725568e-06,0.0
0.0002,720575940637568838,670,-52.05127358950796,-1.044047799596659,-52.06991373887912,17.63492994211339,-6.0717571248575375,9.306336579770417,0.0
0.0002,720575940638202345,670,-52.545546988668264,-2.286304455032127,-52.8428886425437,16.8576949718834,-8.624233031595569,3.453625888043825,0.0
0.0002,720575940639198653,670,-53.323121494075245,-20.658995146716055,-58.48350524832283,-53.323121494075245,-29.110664890460928,-0.8054190345991896,0.0
0.0002,720575940639283278,670,-51.93170677747493,0.03525992618544209,-51.95136857940019,-51.93170677747493,0.005582222996528289,0.33556879997607064,0.0
0.0002,720575940639332736,670,-51.76488902743979,-2.16442669988743,-51.79771841591585,-50.915570410379615,-5.543273696941635,8.967149361920484,0.0
0.0002,720575940639935616,670,-52.361790030270676,-0.0002253655434520227,-52.361790030270676,-52.2194743371196,-0.0002253655434520227,-3.050112967569184e-05,0.0
0.0002,720575940640649691,670,-51.94875530623293,-4.030887232118493,-53.34686292004456,16.755211392067395,-11.374517283516223,1.6160008583913794,0.0
0.0002,720575940643476128,670,-52.02261602787684,-9.218591817128077e-06,-52.02261602787684,-52.01371889928935,-9.218591817128077e-06,-1.2476506396433922e-06,0.0
0.0002,720575940643551392,670,-51.98767786878902,-6.683189404320307e-06,-51.99252722447305,-51.98767786878902,-6.683189404320307e-06,-9.045075105360012e-07,0.0
0.0002,720575940660219265,670,-51.31492153437265,14.55321468313629,-52.000595889868706,-44.998902504076305,-13.01253352668494,207.5064879534248,0.2621
0.0002,720575940611875570,680,-53.03144923277682,-7.42183497846457,-53.09586009005932,16.821544164251357,-7.792053903830663,5.249582180612583,0.0
0.0002,720575940612326373,680,-51.881849454642996,-8.840477523014818e-06,-51.928338743574635,-51.881849454642996,-8.840477523014818e-06,-1.1964763876245008e-06,0.0
0.0002,720575940612670570,680,-51.99060367577934,3.5282246478494605,-52.80681513080415,16.754201059381305,-12.19233655956416,11.423658352078963,0.0
0.0002,720575940616885538,680,-52.04733110593629,-0.5323039229422564,-52.117177933914675,16.711444306777004,-5.514523991402322,24.99677176927846,0.0
0.0002,720575940617000768,680,-51.386207812919096,-2.8679589459211163,-52.12327176944778,17.681916290082448,-7.387685428323438,7.399435145471125,0.0
0.0002,720575940617937543,680,-55.50897035470164,-15.568509604576736,-60.92799612910779,-55.50897035470164,-29.110338049918845,-9.978237103945661,0.0
0.0002,720575940620900446,680,-54.452837540442765,-8.469328412463451,-54.74640196069909,16.998769154647132,-18.680324100707036,7.677308989846523,0.0
0.0002,720575940621502051,680,-53.308122912261844,-2.615078177334493,-53.30813598122614,16.771586088763488,-3.047711928482717,17.290777814307262,0.0
0.0002,720575940621754367,680,-52.34430762861488,-4.25100360634618,-52.702380472630004,16.046919422851584,-4.25100360634618,11.97614665350436,0.0
0.0002,720575940623862015,680,-52.370047697054325,-0.00166705235952525,-53.5071250541287,-52.339652660094295,-8.184854184586193,-0.0011815853015474094,0.0
0.0002,720575940624963786,680,-52.676678675809306,-9.465487460342398,-53.76984567868486,15.389812424623182,-9.685658775403525,5.270797560726603,0.0
0.0002,720575940628455942,680,-54.43495705568352,-0.059518442694730334,-54.43495705568352,-53.56897565944946,-0.5701631007732713,-0.04218590775343872,0.0
0.0002,720575940628695043,680,-52.79762147878373,-0.027981556141716678,-52.79762147878373,-52.488181652165586,-0.027981556141716678,-0.003787043304549495,0.0
0.0002,720575940628853239,680,-52.633277913643916,-7.327749359620642,-55.30556642190942,14.212073549009126,-17.87848168704726,7.356032442673842,0.0
0.0002,720575940629176663,680,-51.99247221878355,1.3558101670661045,-53.03734046349781,16.869550564083717,-12.072166315365436,3.749849081298697,0.0
0.0002,720575940629377132,680,-53.34335420274234,-0.00012278772241675398,-53.34335420274234,-52.81481294429978,-0.00012278772241675398,-1.6618175905020326e-05,0.0
0.0002,720575940629393207,680,-53.46828433902221,-0.0007294333128936641,-53.46828433902221,-52.89068294301698,-0.0007294333128936641,-9.872201280439079e-05,0.0
0.0002,720575940629667639,680,-52.02268243289695,-0.0013173024142525823,-52.02268243289695,-52.01396463100751,-0.0013173024142525823,-0.00017828462658389552,0.0
0.0002,720575940630233916,680,-50.593601455283654,-4.684336121819917,-52.08518768704721,18.05740483981098,-4.684336121819917,6.929722805543927,0.0
0.0002,720575940630797113,680,-53.85355843992193,-5.13734965273869,-54.30970151511883,14.439608336254762,-5.6761103588562385,0.762978767602947,0.0
0.0002,720575940632425919,680,-52.48831325124179,-7.28288365253439,-56.90598182623967,11.865571293722118,-30.822304334165217,2.277236719665573,0.0
0.0002,720575940632889389,680,-52.0,0.0,-52.04740161256837,17.372785871029198,-3.5865961129468342,6.092816152367945,0.0
0.0002,720575940633143833,680,-55.332358476444995,-16.6917444822847,-60.33868617577016,-55.332358476444995,-26.93010013928819,-8.859351595945473,0.0
0.0002,720575940633434208,680,-51.995598600661076,-1.260994107099464e-06,-51.997330587603706,-51.995598600661076,-1.260994107099464e-06,-1.7066382106061282e-07,0.0
0.0002,720575940637568838,680,-51.816571678988375,-2.8467440358598775,-51.8166019799911,-47.80283058541538,-2.8467440358598775,19.65919642744639,0.0
0.0002,720575940638202345,680,-52.84295435232269,-7.413751120597553,-53.15377712670631,15.595499727630026,-7.413751120597553,14.921477484492549,0.0
0.0002,720575940639198653,680,-58.483549039873104,-10.862464919740265,-60.90620538725193,16.987062003389834,-31.128295595709968,8.231085639675939,0.0
0.0002,720575940639283278,680,-51.94130208841092,0.286869383491858,-51.94130208841092,-51.91447617071256,0.03882510223987991,0.286869383491858,0.0
0.0002,720575940639332736,680,-51.51428313081235,-2.0121725877700696,-52.0,16.843193903271487,-6.4741755127669185,8.026336635605343,0.0
0.0002,720575940639935616,680,-52.2194721426922,-3.0499909654905397e-05,-52.2194721426922,-52.133122705034026,-3.0499909654905397e-05,-4.1278790237035275e-06,0.0
0.0002,720575940640649691,680,-52.04378460201531,-0.4149805849272886,-52.18106667883712,18.27436695937774,-7.391704325913521,12.50750361686593,0.0
0.0002,720575940643476128,680,-52.01371876211352,-1.2476007346159137e-06,-52.01371876211352,-52.0083211288862,-1.2476007346159137e-06,-1.6885115269677158e-07,0.0
0.0002,720575940643551392,680,-51.99252729920948,-9.044713309591761e-07,-51.995467674482015,-51.99252729920948,-9.044713309591761e-07,-1.224117801282456e-07,0.0
0.0002,720575940660219265,680,-52.0,0.0,-52.00176241857073,-44.9996202904054,-0.2639894402111972,185.122594948102,0.49372
0.0002,720575940611875570,690,-51.9186505160444,-6.297486447995121,-52.53935076229554,16.2097980126477,-18.817170664307785,3.7466931322895043,0.0
0.0002,720575940612326373,690,-51.92833946019558,-1.1964285295261643e-06,-51.956535438675175,-51.92833946019558,-1.1964285295261643e-06,-1.6192547080536237e-07,0.0
0.0002,720575940612670570,690,-51.367758005621646,-9.171935719556407,-53.68116737830685,-51.367758005621646,-19.70367257547246,1.5174268556523278,0.0
0.0002,720575940616885538,690,-48.682710192093495,9.919805830830008,-52.28270434054924,20.259870494986583,-5.54377824443514,9.919805830830008,0.0
0.0002,720575940617000768,690,-52.12333630481371,-6.5767090950608,-52.80788922236148,16.745156829092487,-12.12987564185173,7.4317895780170895,0.0
0.0002,720575940617937543,690,-60.92810624638779,-19.939380395457082,-65.93545413263527,-60.92810624638779,-34.64935402948384,-13.967655977409311,0.0
0.0002,720575940620900446,690,-51.86981303995133,-11.163603735260399,-54.285951110841104,14.993230474782136,-21.986747019921445,0.0,0.0
0.0002,720575940621502051,690,-50.412487681779076,4.210917083883115,-52.0,18.275467159476012,-7.422918113107651,6.827931419649674,0.0
0.0002,720575940621754367,690,-50.86350454062278,1.8780901147642626,-51.12065093187849,-49.69386980857837,-4.971419707310683,8.74328278104145,0.0
0.0002,720575940623862015,690,-53.50712561191172,-1.5628723773056032,-53.50737566317369,-53.15960011842045,-1.5628723773056032,-0.21152023648594848,0.0
0.0002,720575940624963786,690,-51.81344486565504,-3.8277680496252637,-52.79089673760046,17.06050146795151,-12.263133931677405,5.073582099227578,0.0
0.0002,720575940628455942,690,-53.56896105849629,-0.10887086570651353,-53.56896105849629,-52.968732341881974,-0.10887086570651353,-0.01473465882119709,0.0
0.0002,720575940628695043,690,-52.488176808242955,-0.0037868918258469075,-53.94339043666522,-52.38535526957338,-11.887598597755181,-0.0014626144945173588,0.0
0.0002,720575940628853239,690,-52.60030755803148,-15.306606740547583,-57.27044225652447,-52.60030755803148,-26.565268680183202,-5.648231921269077,0.0
0.0002,720575940629176663,690,-52.19657300223049,-8.52852472660496,-54.0186051462919,14.73059970375517,-20.378242955685952,1.9152259640306262,0.0
0.0002,720575940629377132,690,-52.81480479637725,-1.661751119127849e-05,-52.81480479637725,-52.49421164267286,-1.661751119127849e-05,-2.2490255429856733e-06,0.0
0.0002,720575940629393207,690,-52.89067403721928,-9.871806400285517e-05,-52.89067403721928,-52.57570292517671,-0.264024189112314,-3.4750291100673925e-05,0.0
0.0002,720575940629667639,690,-52.0139644931447,-0.00017827749534145797,-52.0139644931447,-52.0084979790414,-0.00017827749534145797,-2.4128200435506852e-05,0.0
0.0002,720575940630233916,690,-51.081684267160036,-3.4313874238242645,-52.5172065323341,16.499276899229983,-10.605810310481528,5.171225485309041,0.0
0.0002,720575940630797113,690,-52.06293717564722,-3.2514009299082893,-53.428364053547064,16.73777713973997,-10.413561736476412,0.9899604007919894,0.0
0.0002,720575940632425919,690,-52.59656188251913,-15.851984762804326,-60.48767218045669,-52.59656188251913,-34.81063227162263,-10.355296578952439,0.0
0.0002,720575940632889389,690,-51.99372392760234,0.30464057968708846,-53.173423980211105,16.863977551449846,-10.77790829144065,3.495336256333173,0.0
0.0002,720575940633143833,690,-60.33881792092719,-21.51283749033209,-64.99757972994931,-60.33881792092719,-33.934535103042855,-13.128350182516614,0.0
0.0002,720575940633434208,690,-51.9973306142994,-1.7065699464429963e-07,-51.998380946230604,-51.9973306142994,-1.7065699464429963e-07,-2.3096836561520328e-08,0.0
0.0002,720575940637568838,690,-47.802793125203245,7.9430504953666645,-52.0,22.4511073026347,-1.3546784862413,24.927414866493603,0.0
0.0002,720575940638202345,690,-49.5221956714236,1.1012366196275938,-52.039803454985275,18.349133728887377,-8.820827135423531,14.558258420124785,0.0
0.0002,720575940639198653,690,-52.0,0.0,-56.62715273561238,16.749312503437498,-22.9265560168435,0.0,0.0
0.0002,720575940639283278,690,-51.91934074112744,0.038823549266849985,-51.92033284710002,-51.88742678950704,0.035406910125759215,0.36539229414167584,0.0
0.0002,720575940639332736,690,-51.605339607383115,-4.849557146300086,-52.43585281740195,16.80110004649471,-11.808025702414259,4.601459777241514,0.0
0.0002,720575940639935616,690,-52.133121373854905,-4.127713911844839e-06,-52.133121373854905,-52.08074365033989,-4.127713911844839e-06,-5.586476768403517e-07,0.0
0.0002,720575940640649691,690,-52.18112153268018,-5.6663650828246785,-53.882558001757545,14.957322905980956,-14.080569885691062,1.6499340013199824,0.0
0.0002,720575940643476128,690,-52.008321045677015,-1.6884439878574285e-07,-52.008321045677015,-52.00504704620018,-1.6884439878574285e-07,-2.2851518575085526e-08,0.0
0.0002,720575940643551392,690,-51.99546771980626,-1.224068837549686e-07,-51.9972510247262,-51.99546771980626,-1.224068837549686e-07,-1.656663293518284e-08,0.0
0.0002,720575940660219265,690,-52.0,0.0,-54.609982994185145,-44.999872195725516,-46.53765868966076,113.85846394898212,0.34408
0.0002,720575940611875570,700,-52.42765538986211,-1.9064287743909822,-53.86734605200146,16.312674918513263,-17.494426548779494,4.355102846159633,0.0
0.0002,720575940612326373,700,-51.956535873320234,-1.619189939160688e-07,-51.9736374362642,-51.956535873320234,-1.619189939160688e-07,-2.191422945470349e-08,0.0
0.0002,720575940612670570,700,-53.673148984994,-1.2258521898309507,-57.0228384073255,-53.49841618179816,-21.28912368137468,0.8866114386943459,0.0
0.0002,720575940616885538,700,-52.19446549230537,3.2044772061041504,-52.826262447537005,16.536787322292014,-18.144139912115744,3.2044772061041504,0.0
0.0002,720575940617000768,700,-50.88648614786888,6.860955296843168,-52.0266609995863,17.69766572386651,-7.903163145399253,9.610731950908853,0.0
0.0002,720575940617937543,700,-65.93551430022471,-19.951844118677094,-66.6559336616186,2.09333075001626,-25.81404185218533,0.0,0.0
0.0002,720575940620900446,700,-54.28602536911275,-9.711621169974695,-56.37145036392418,14.173003481584727,-21.82160637138021,0.0,0.0
0.0002,720575940621502051,700,-50.53725612543506,5.772813544767545,-52.0,17.0186849537404,-8.740333292243957,6.801213287026685,0.0
0.0002,720575940621754367,700,-49.69381215142454,8.071712967469315,-52.0,17.786315981181588,-8.203456555965953,8.071712967469315,0.0
0.0002,720575940623862015,700,-53.15959063762673,-0.21151177584570297,-53.15959063762673,-52.73655547720718,-0.21151177584570297,-0.02862615111515071,0.0
0.0002,720575940624963786,700,-51.996747399586084,0.6469570021449969,-52.17160123914114,16.83020542016078,-12.692749361457492,5.87331657149309,0.0
0.0002,720575940628455942,700,-52.968722801949895,-0.014734069446631814,-52.968722801949895,-52.58988016733401,-0.014734069446631814,-0.001994119224965037,0.0
0.0002,720575940628695043,700,-53.94341670822887,-4.5704685274821095,-54.154521845926766,-53.89661581137916,-4.5704685274821095,-0.61857039501284,0.0
0.0002,720575940628853239,700,-57.27047252194212,-8.296833215352613,-57.36627030004739,11.383039518752,-24.293601286163156,0.0,0.0
0.0002,720575940629176663,700,-52.64248316357962,-4.621953877400755,-56.350937897817325,-52.64248316357962,-18.629801089570822,-2.8957336725822262,0.0
0.0002,720575940629377132,700,-52.49420670060363,-2.24893558376315e-06,-52.49420670060363,-52.29975486679947,-2.24893558376315e-06,-3.043725088668714e-07,0.0
0.0002,720575940629393207,700,-52.575698183294925,-0.10151034600543231,-52.575698183294925,-52.36512584789107,-0.10151034600543231,-0.013738480956363288,0.0
0.0002,720575940629667639,700,-52.00849789430331,-2.4127235326791736e-05,-52.00849789430331,-52.00515807441936,-2.4127235326791736e-05,-3.2653968399348264e-06,0.0
0.0002,720575940630233916,700,-51.51303280875054,5.069233882559584,-51.51303280875054,-49.82880428375398,-2.9081868222091902,8.57228103137048,0.0
0.0002,720575940630797113,700,-51.995121099379865,0.9704355032174966,-52.68143966894112,-51.80879329863379,-4.556942618569787,1.9603182722745396,0.0
0.0002,720575940632425919,700,-60.48779793272917,-21.062541049179377,-61.02850659246548,16.71280689323303,-30.167827127138803,2.9772338746121645,0.0
0.0002,720575940632889389,700,-52.0,0.0,-53.37851631046551,16.79947900567275,-10.427643661039147,3.832988648925665,0.0
0.0002,720575940633143833,700,-64.99760218948144,-15.243239305444124,-65.02701754563881,16.755122046935124,-22.869652835242725,0.7313328230429166,0.0
0.0002,720575940633434208,700,-51.99838096242129,-2.309591270653509e-08,-51.99901799776576,-51.99838096242129,-2.309591270653509e-08,-3.1258169179284835e-09,0.0
0.0002,720575940637568838,700,-51.868202479761464,6.397452173428863,-52.028093008488675,17.939249455740452,-1.5566911397173258,13.599300671516348,0.0
0.0002,720575940638202345,700,-49.84246552489911,12.618652291045152,-52.39112350364766,19.19047945416948,-13.821519258415655,14.267576840560464,0.0
0.0002,720575940639198653,700,-56.62725141766717,-14.49511765023599,-57.437640030247614,16.20331118514836,-23.95107947949598,3.118478337880044,0.0
0.0002,720575940639283278,700,-51.89303054588018,0.05422443054183798,-51.926602318734574,-51.89303054588018,0.0073387722107537984,0.05422443054183798,0.0
0.0002,720575940639332736,700,-52.06022123465045,0.5864804591756914,-54.582290905960235,16.707205310246405,-15.722106445433134,0.5864804591756914,0.0
0.0002,720575940639935616,700,-52.08074284291301,-5.586253313801903e-07,-52.08074284291301,-52.0489735871385,-5.586253313801903e-07,-7.560474157479555e-08,0.0
0.0002,720575940640649691,700,-51.98793944463493,0.8768145374882279,-54.23827304804589,-51.893182717687836,-14.196700392983775,1.5367179956589536,0.0
0.0002,720575940643476128,700,-52.0050469957302,-2.2850604532623492e-08,-52.0050469957302,-52.00306119173966,-2.2850604532623492e-08,-3.0926167387512583e-09,0.0
0.0002,720575940643551392,700,-51.99725105221597,-1.6565970283118564e-08,-51.9983326647007,-51.99725105221597,-1.6565970283118564e-08,-2.2420499605638774e-09,0.0
0.0002,720575940660219265,700,-51.97974790048521,-0.2804595889432436,-52.0,-44.99970184094877,-0.2804595889432436,226.0667068951743,0.21998
0.0002,720575940611875570,710,-51.9295123970978,-2.38222505061649,-55.01962841450233,-51.9295123970978,-18.1188226806007,0.9690590865700014,0.0
0.0002,720575940612326373,710,-51.97363769988874,-2.1913352903056453e-08,-51.98401030015368,-51.97363769988874,-2.1913352903056453e-08,-2.9657684501695477e-09,0.0
0.0002,720575940612670570,710,-57.02290052283759,-11.234195986853909,-57.17933041365461,17.031667371708043,-21.420310653688457,7.562825908676326,0.0
0.0002,720575940616885538,710,-52.09293236668798,-1.1411872055128554,-53.11048785240195,17.1504087360504,-20.75090639325243,7.001675062679174,0.0
0.0002,720575940617000768,710,-51.749209015854824,3.2995854140305845,-53.40240878292434,18.06978300954192,-16.019371956391627,13.877090210912005,0.0
0.0002,720575940617937543,710,-54.674900391922634,-15.433391310219868,-60.93293346686491,-54.674900391922634,-31.06832560924812,-8.692006144086692,0.0
0.0002,720575940620900446,710,-56.37154057216356,-13.392051561787964,-57.2019964053736,16.473638213740244,-17.757628017438726,3.130043431594321,0.0
0.0002,720575940621502051,710,-51.85288154596612,1.4117010671594574,-52.116658485663095,17.29489924518255,-11.826019340909312,8.001732159654342,0.0
0.0002,720575940621754367,710,-51.996747399586084,0.6469570021449969,-52.39664046158768,-51.70764819299841,-12.852172993784075,3.104561577638984,0.0
0.0002,720575940623862015,710,-52.73654839794359,-0.028625006092006723,-53.72578348049928,-52.663361724967146,-8.202237694576073,-0.018565790645732553,0.0
0.0002,720575940624963786,710,-51.884529874783844,0.24129798409882652,-52.355210444492066,16.87118195818934,-15.490000150789436,5.088482148817539,0.0
0.0002,720575940628455942,710,-52.58987428850253,-0.001994039461791312,-55.314269035809545,-52.527577139883086,-18.743242731874002,-0.0012933069452615675,0.0
0.0002,720575940628695043,710,-53.89660303086518,-0.6185456526918892,-53.89660303086518,-52.38256146298382,-0.6185456526918892,5.245681995887315,0.0
0.0002,720575940628853239,710,-56.28383172286461,-13.245657199232049,-56.51171149864443,16.878468223335812,-20.206099170339563,3.3982044574478203,0.0
0.0002,720575940629176663,710,-56.35097504782526,-8.065795949137316,-58.660982399846986,-56.35097504782526,-21.913175687116127,-2.5676819515089786,0.0
0.0002,720575940629377132,710,-52.299751869268825,-3.043603342100115e-07,-52.299751869268825,-52.1818105648059,-3.043603342100115e-07,-4.1192339697007585e-08,0.0
0.0002,720575940629393207,710,-52.36512233403222,-0.013737931428115673,-52.36512233403222,-52.22361785752177,-0.013737931428115673,-0.0018593012114734582,0.0
0.0002,720575940629667639,710,-52.00515802287153,-3.2652662266735115e-06,-52.00515802287153,-52.003129043046535,-3.2652662266735115e-06,-4.4192340621328e-07,0.0
0.0002,720575940630233916,710,-49.82876554470329,6.044999253600112,-52.49527747107118,18.920585694979533,-12.602499398619907,8.126033578606465,0.0
0.0002,720575940630797113,710,-52.68144883475963,-1.5979941428807094,-52.831391329457006,16.869352931378273,-10.429924503287271,1.6894845030597538,0.0
0.0002,720575940632425919,710,-52.28056653341492,-8.858987801421256,-58.480459587263034,10.26879065281832,-34.07823065809744,0.0,0.0
0.0002,720575940632889389,710,-53.27060158894121,-0.9105307216938915,-53.27060158894121,17.406773091447658,-10.832294038346884,4.900279030304907,0.0
0.0002,720575940633143833,710,-52.37779236597502,-9.817472644869868,-58.06676239620437,10.682488710798548,-27.717905164574166,0.0,0.0
0.0002,720575940633434208,710,-51.99901800758577,-3.125691887752387e-09,-51.99940438592401,-51.99901800758577,-3.125691887752387e-09,-4.230333179343782e-10,0.0
0.0002,720575940637568838,710,-51.08048538132754,9.222923341973553,-51.08048538132754,-45.68852159640053,6.411657939715889,24.101085925623813,0.0
0.0002,720575940638202345,710,-50.93434266287012,4.407685208864052,-53.18941000116558,18.553811751878506,-14.618200089070843,11.129269568518021,0.0
0.0002,720575940639198653,710,-52.0,0.0,-55.397825083278015,-51.87498708092927,-24.921245678305834,5.298794337869961,0.0
0.0002,720575940639283278,710,-51.92660297932183,0.007338478665736308,-51.95243344105225,-51.92660297932183,0.0011731958900245579,0.331159949227124,0.0
0.0002,720575940639332736,710,-54.58230330542593,-3.82216723182976,-54.60227606522753,-53.612561926669606,-9.359770392969022,6.694340626711975,0.0
0.0002,720575940639935616,710,-52.04897309740582,-7.560171744561553e-08,-52.04897309740582,-52.02970399387706,-7.560171744561553e-08,-1.0231989115073714e-08,0.0
0.0002,720575940640649691,710,-54.206590618194014,-0.6470267593555463,-54.206590618194014,-53.55865374525539,-10.805177080158002,6.445353666372705,0.0
0.0002,720575940643476128,710,-52.00306116112792,-3.0924930365557687e-09,-52.00306116112792,-52.001856707027954,-3.0924930365557687e-09,-4.185401622819087e-10,0.0
0.0002,720575940643551392,710,-51.99833268137399,-2.241960280359071e-09,-51.998988710274155,-51.99833268137399,-2.241960280359071e-09,-3.0342846644407407e-10,0.0
0.0002,720575940660219265,710,-51.5306767477636,3.5677160702247077,-61.615245532875576,-44.998490755784914,-118.52166953813202,171.93304018050077,0.21998
0.0002,720575940611875570,720,-55.01964459268492,-4.637362014574481,-55.24454538030724,16.72105336165702,-11.649179450293929,7.270851043248403,0.0
0.0002,720575940612326373,720,-51.984010460049895,-2.965649821804124e-09,-51.9903017571712,-51.984010460049895,-2.965649821804124e-09,-4.0137311321860177e-10,0.0
0.0002,720575940612670570,720,-55.032663619699875,-4.633035354387567,-57.522607471091355,-54.955788637635756,-22.24853515233229,4.856004199344168,0.0
0.0002,720575940616885538,720,-51.929071596459444,1.0929176142090633,-54.21548817158978,16.962454806551907,-14.149005900291462,5.731685045604872,0.0
0.0002,720575940617000768,720,-53.16805371464905,3.151346027764967,-53.16805371464905,16.96592277155822,-14.100077250423197,6.003334742002154,0.0
0.0002,720575940617937543,720,-60.93297604902325,-13.190906771662833,-62.793990602987705,5.955225147049282,-26.36259728788533,1.3068788481830254,0.0
0.0002,720575940620900446,720,-52.034565567029375,-0.2531543165220745,-56.51032855477184,16.38442184305644,-25.52545201736658,4.110062317016496,0.0
0.0002,720575940621502051,720,-52.0,0.0,-53.26010864925478,-51.58957074505318,-14.798026708668553,6.30545748286493,0.0
0.0002,720575940621754367,720,-52.370533349485726,0.3379733612913817,-52.747963386076385,-51.577913717892585,-10.332879092997395,6.718352063077972,0.0
0.0002,720575940623862015,720,-53.72576876264635,-1.7115630316636148,-53.72576876264635,-53.31556936761467,-1.7115630316636148,-0.23164413324792876,0.0
0.0002,720575940624963786,720,-51.734888839519144,3.9237961213136807,-52.0,18.17137289749282,-6.1597394395427445,14.063638507925775,0.0
0.0002,720575940628455942,720,-55.314286641345014,-5.074729889811364,-55.395596040008925,-54.80730075480249,-5.074729889811364,-0.68681747913783,0.0
0.0002,720575940628695043,720,-52.38254557653006,1.2060677343669446,-52.38254557653006,-52.04259649896022,0.1632300475046917,1.2060677343669446,0.0
0.0002,720575940628853239,720,-51.99905881951065,0.06220846441822607,-53.592149034635824,15.157051114503174,-16.937531562932524,2.1967324347898503,0.0
0.0002,720575940629176663,720,-58.51825632934765,-4.1691373728531875,-58.58145562595202,16.782942299214085,-14.892226474829375,4.885107166406595,0.0
0.0002,720575940629377132,720,-52.18180874670974,-4.119069203637314e-08,-52.18180874670974,-52.11027368817023,-4.119069203637314e-08,-5.574776960082922e-09,0.0
0.0002,720575940629393207,720,-52.22361563994692,-0.0018592268409124203,-52.22361563994692,-52.135923117911396,-0.0018592268409124203,-0.00025162905607737187,0.0
0.0002,720575940629667639,720,-52.00312901176068,-4.4190572963056545e-07,-52.00312901176068,-52.00189792984003,-4.4190572963056545e-07,-5.980782934886593e-08,0.0
0.0002,720575940630233916,720,-51.55304636212976,7.064999390033404,-53.10568405697314,17.43465467220002,-14.064615236580153,7.064999390033404,0.0
0.0002,720575940630797113,720,-52.0,0.0,-52.9825866964483,-51.969364802929974,-7.338433073078536,2.071611014571407,0.0
0.0002,720575940632425919,720,-52.0,0.0,-58.34607532938659,-51.98584823883507,-31.764614062696893,1.319947201055986,0.0
0.0002,720575940632889389,720,-52.0,0.0,-52.82787811461546,-51.75901243912359,-7.84772803475159,4.336179068710272,0.0
0.0002,720575940633143833,720,-52.0,0.0,-53.53970261900727,15.651255999552069,-16.74065870833574,0.6534394240915127,0.0
0.0002,720575940633434208,720,-51.99940439188013,-4.23016396940083e-10,-51.999638741709695,-51.99940439188013,-4.23016396940083e-10,-5.725133390127154e-11,0.0
0.0002,720575940637568838,720,-45.68837516618787,20.954153796750013,-52.0,-44.999998646179726,-4.472855909247342,24.62136331084954,0.0
0.0002,720575940638202345,720,-51.514264190467365,7.088841140280119,-52.9775558613822,19.849712309518576,-7.197029888719106,18.593008956251914,0.0
0.0002,720575940639198653,720,-55.397864222553416,-7.311625959537691,-55.57207622290056,13.2925625215362,-25.00898301879042,5.235487174657866,0.0
0.0002,720575940639283278,720,-51.941936436107746,0.2803507475214118,-51.941936436107746,-51.915902306902595,0.037942865505737965,0.2803507475214118,0.0
0.0002,720575940639332736,720,-53.61253595692665,0.9844056653635058,-53.61253595692665,15.13680251560035,-10.661626899859755,5.5400619867761804,0.0
0.0002,720575940639935616,720,-52.02970369683871,-1.0231579843694595e-08,-52.02970369683871,-52.01801638449229,-1.0231579843694595e-08,-1.3847491449648266e-09,0.0
0.0002,720575940640649691,720,-53.55862914668337,0.9011977306385858,-53.58177930163161,16.37814444961955,-11.95392169552539,7.1041073013163665,0.0
0.0002,720575940643476128,720,-52.00185668846098,-4.185234210102451e-10,-52.00185668846098,-52.0011261496453,-4.185234210102451e-10,-5.664325140841762e-11,0.0
0.0002,720575940643551392,720,-51.998988720387,-3.0341632954815586e-10,-51.99938662166196,-51.998988720387,-3.0341632954815586e-10,-4.1064577448331185e-11,0.0
0.0002,720575940660219265,720,-61.61605697030494,-90.75757901567256,-65.81198740314304,-44.999730735355485,-90.75757901567256,220.81810159257566,0.21998
0.0002,720575940611875570,730,-52.7432184409186,-11.172727276150724,-53.66665957910825,17.072142254939966,-15.271447448307235,5.143089984074333,0.0
0.0002,720575940612326373,730,-51.99030185415315,-4.0135705861516723e-10,-51.994117718281444,-51.99030185415315,-4.0135705861516723e-10,-5.4319943961095246e-11,0.0
0.0002,720575940612670570,730,-57.52275319507188,-20.09467648755661,-58.27595977144139,16.749312503437498,-20.09467648755661,3.1696530676213794,0.0
0.0002,720575940616885538,730,-54.21557810354057,-11.208504043628265,-54.56955297598977,14.179727448357593,-11.287126354363565,6.20099533371845,0.0
0.0002,720575940617000768,730,-52.01701332224353,-2.1758336506718425,-52.08625216070871,-50.8401753873567,-7.370079717534108,8.60266748451001,0.0
0.0002,720575940617937543,730,-54.55733964410363,-18.209514733951234,-55.76093575675532,13.145380790943744,-23.180588388222436,0.0,0.0
0.0002,720575940620900446,730,-56.51052826997826,-24.481459420157897,-56.70442681812553,12.044697519948569,-24.481459420157897,4.2898284034319545,0.0
0.0002,720575940621502051,730,-53.2601649518935,-6.890262865698779,-53.415567855548865,15.353170331310267,-8.535090717420031,8.162173992229945,0.0
0.0002,720575940621754367,730,-52.74799719472849,-4.12876292501281,-52.829008938221335,-52.04625939722332,-11.648869414742611,3.9271780530291753,0.0
0.0002,720575940623862015,730,-53.3155585283702,-0.23163486766791166,-53.3155585283702,-52.83431637118606,-0.23163486766791166,-0.03134962438326249,0.0
0.0002,720575940624963786,730,-51.954266427387374,1.7289961953488882,-52.0,16.928223848183567,-7.200514412802891,7.52218555712451,0.0
0.0002,720575940628455942,730,-54.8072795499384,-0.6867900069881112,-54.8072795499384,-53.810589052269556,-0.6867900069881112,-0.09295063807113564,0.0
0.0002,720575940628695043,730,-52.042594440737695,0.1632235184333738,-52.042594440737695,-52.00019833460695,0.02209078471181135,0.1632235184333738,0.0
0.0002,720575940628853239,730,-52.99838939586409,-16.50712223519289,-54.750265166644546,16.75559155940439,-17.512821709263914,0.3299868002639965,0.0
0.0002,720575940629176663,730,-54.05567275176719,-14.134414909483798,-57.00616783261722,-54.05567275176719,-16.695650141708143,-1.059220794457976,0.0
0.0002,720575940629377132,730,-52.11027258543892,-5.5745539734642804e-09,-52.11027258543892,-52.06688437359124,-5.5745539734642804e-09,-7.544640188750754e-10,0.0
0.0002,720575940629393207,730,-52.13592176120324,-0.0002516189911164293,-52.13592176120324,-52.082481060413464,-0.0002516189911164293,-3.4054289574850904e-05,0.0
0.0002,720575940629667639,730,-52.001897910861416,-5.980543708353761e-08,-52.001897910861416,-52.0011511619187,-5.980543708353761e-08,-8.09410952470974e-09,0.0
0.0002,720575940630233916,730,-52.0,0.0,-52.26264376884316,16.99657036711975,-7.881076569167989,5.838321658710562,0.0
0.0002,720575940630797113,730,-52.98260842920036,-3.1558096527353814,-53.03248033289979,15.716813941056701,-4.599778524686659,2.568455424087271,0.0
0.0002,720575940632425919,730,-58.3463165279139,-30.465439344377028,-62.229013855672804,15.951515918930548,-34.93834333141819,0.0,0.0
0.0002,720575940632889389,730,-52.827914694112465,-4.485756389436698,-53.023673811472094,16.94534098659849,-8.171456070418142,4.565763715530163,0.0
0.0002,720575940633143833,730,-52.16471133751332,-13.783293469644304,-57.450881553100594,-52.16471133751332,-22.453443167133905,-3.8839549895604097,0.0
0.0002,720575940633434208,730,-51.99963874532226,-5.724904389371595e-11,-51.99978088565702,-51.99963874532226,-5.724904389371595e-11,-7.748125489215799e-12,0.0
0.0002,720575940637568838,730,-51.5333289887881,3.764661537235744,-52.39652214212644,18.841011269240074,-8.500165177713875,15.39488474559692,0.0
0.0002,720575940638202345,730,-52.94683477405178,0.4293547655895482,-52.94683477405178,17.90581473603401,-8.08911752590752,14.037426672048362,0.0
0.0002,720575940639198653,730,-52.174866505022415,-17.447807686558004,-54.61582538733752,16.52743142346127,-20.86309606455602,0.0,0.0
0.0002,720575940639283278,730,-51.92074934283226,0.03794134782147163,-51.93852566236288,-51.91213644049803,0.009237963758907461,0.33922439451174385,0.0
0.0002,720575940639332736,730,-52.972365046806416,-8.529536831613136,-53.570622789986636,-52.972365046806416,-8.529536831613136,2.8087411309792127,0.0
0.0002,720575940639935616,730,-52.018016204329356,-1.3846937561068127e-09,-52.018016204329356,-52.01092748966364,-1.3846937561068127e-09,-1.874054177457959e-10,0.0
0.0002,720575940640649691,730,-53.58185068065747,-8.719543184024865,-53.91979843038623,17.08728520060991,-11.832746117368659,4.931475554581306,0.0
0.0002,720575940643476128,730,-52.00112613838386,-5.664098572367529e-11,-52.00112613838386,-52.00068304417347,-5.664098572367529e-11,-7.665830472814176e-12,0.0
0.0002,720575940643551392,730,-51.999386627795715,-4.106293489808448e-11,-51.99962796711845,-51.999386627795715,-4.106293489808448e-11,-5.557486219971396e-12,0.0
0.0002,720575940660219265,730,-51.9500263647383,1.7769898081011097,-56.914538877491246,-44.99986402225701,-107.16290985606658,82.62496199528029,0.0617
0.0002,720575940611875570,740,-53.66674774324239,-10.482907415004204,-55.70737514775703,-53.66674774324239,-19.796895343917576,2.2422712658479456,0.0
0.0002,720575940612326373,740,-51.99411777710397,-5.431777120679218e-11,-51.99643221567546,-51.99411777710397,-5.431777120679218e-11,-7.351405001384494e-12,0.0
0.0002,720575940612670570,740,-52.47388622846454,-5.757451641991759,-53.09992508260561,17.020028406870853,-18.174690371210744,5.059081307464068,0.0
0.0002,720575940616885538,740,-51.9700007382529,-9.927044651590352,-53.37812788546089,15.919300312372659,-14.07493077117291,5.717951021213329,0.0
0.0002,720575940617000768,740,-51.453157017833796,-5.435366372501042,-52.14746706454757,16.754201059381305,-5.915341859037144,2.114763174614358,0.0
0.0002,720575940617937543,740,-52.0,0.0,-53.20193660516374,15.54719722377944,-23.697010684304022,0.0,0.0
0.0002,720575940620900446,740,-53.29019524491437,-7.236066345672005,-56.00154158620764,-53.29019524491437,-22.8957847073567,1.6996558190496285,0.0
0.0002,720575940621502051,740,-52.039205890615044,-1.4431113876259618,-52.29155149062983,16.4651456667887,-5.62759956921838,8.812764271203546,0.0
0.0002,720575940621754367,740,-52.61314516354216,-10.245198218764516,-53.348098524733,15.401154907602365,-10.245198218764516,8.03012498742106,0.0
0.0002,720575940623862015,740,-52.83430834155248,-0.03134837042336653,-52.83430834155248,-52.51096239160129,-0.03134837042336653,-0.00424271029527766,0.0
0.0002,720575940624963786,740,-51.56788916110007,-6.332863285674133,-52.39020796415259,-51.56788916110007,-6.332863285674133,5.008141071011499,0.0
0.0002,720575940628455942,740,-53.8105718759527,-0.09294692011997233,-53.8105718759527,-53.112777075866646,-0.09294692011997233,-0.012579500930402854,0.0
0.0002,720575940628695043,740,-52.00019811172129,0.02208990109809527,-52.00019811172129,-51.99664529800707,0.00298966260589723,0.02208990109809527,0.0
0.0002,720575940628853239,740,-52.14224220917203,-4.173527706211764,-55.322012622688156,-52.14224220917203,-21.30219696764334,2.237261945100291,0.0
0.0002,720575940629176663,740,-57.00626461188659,-14.6838494795439,-58.895574873938784,-57.00626461188659,-22.928127030868854,-1.2795047656051242,0.0
0.0002,720575940629377132,740,-52.06688370475086,-7.544338409178835e-10,-52.06688370475086,-52.040567423215535,-7.544338409178835e-10,-1.0210560168646699e-10,0.0
0.0002,720575940629393207,740,-52.082480235947514,-3.405292743051098e-05,-52.082480235947514,-52.050032640613395,-3.405292743051098e-05,-4.608746925042042e-06,0.0
0.0002,720575940629667639,740,-52.001151150407225,-8.093785766803956e-09,-52.001151150407225,-52.00069821616127,-8.093785766803956e-09,-1.0954186050766457e-09,0.0
0.0002,720575940630233916,740,-52.26271045764561,-6.931418728602016,-52.605850470725485,16.14341356807864,-6.931418728602016,6.729353219973311,0.0
0.0002,720575940630797113,740,-52.304515620575266,-4.045512149718947,-52.4238316457335,16.796821398950314,-4.045512149718947,1.2323658995773576,0.0
0.0002,720575940632425919,740,-52.117392514878496,-3.4826866621083323,-56.92281726862729,16.615275408420892,-31.666190978933304,1.319947201055986,0.0
0.0002,720575940632889389,740,-52.65661501291901,-7.186807937893728,-53.523373766928195,15.592172400910417,-9.424435405266356,4.0666038222011105,0.0
0.0002,720575940633143833,740,-57.45099788786327,-17.084074302646634,-61.507463600911414,7.241828334609969,-34.32762571388446,0.498481562747325,0.0
0.0002,720575940633434208,740,-51.99978088784815,-7.747815570394647e-12,-51.9998671003201,-51.99978088784815,-7.747815570394647e-12,-1.0485947576376557e-12,0.0
0.0002,720575940637568838,740,-52.39659293712718,-7.475908093510235,-53.0750238472338,17.016551527856357,-7.475908093510235,5.8227748963526205,0.0
0.0002,720575940638202345,740,-51.96321514635748,-7.1143910638159795,-52.663896856859935,16.63749308638088,-7.1143910638159795,4.097174455379309,0.0
0.0002,720575940639198653,740,-54.61589335031276,-9.411968651277286,-58.376090953259485,10.373170486264126,-31.728658842260018,0.5899570122982971,0.0
0.0002,720575940639283278,740,-51.912135433490455,0.18856104848828467,-51.91709050775383,-51.904686998852576,0.025519983683530426,0.18856104848828467,0.0
0.0002,720575940639332736,740,-53.57066739016782,-6.0305425971208,-53.57066739016782,17.093477460964262,-7.1943713621492105,7.644657491480489,0.0
0.0002,720575940639935616,740,-52.01092738038929,-1.873979216790084e-10,-52.01092738038929,-52.0066278574016,-1.873979216790084e-10,-2.5362565290746874e-11,0.0
0.0002,720575940640649691,740,-53.44052397981342,-10.406918056041775,-53.919946207631,16.449998328981035,-10.406918056041775,7.106379216250502,0.0
0.0002,720575940643476128,740,-52.00068303734306,-7.665523845727847e-12,-52.00068303734306,-52.000414287119476,-7.665523845727847e-12,-1.0374573382839707e-12,0.0
0.0002,720575940643551392,740,-51.99962797083875,-5.557263924968527e-12,-51.99977435053745,-51.99962797083875,-5.557263924968527e-12,-7.521239716646911e-13,0.0
0.0002,720575940660219265,740,-52.0,0.0,-52.506188327232294,-44.999234815110725,-3.525318992946189,160.63947670966908,0.27672
