seed,rule,source_id,weight_mv,coarse_events,fine_events,paired_events,shifted_pairs,surplus_coarse,surplus_fine
631401,first,720575940605682790,3.575,4,4,4,4,0,0
631401,first,720575940610000964,9.075000000000001,6,6,6,6,0,0
631401,first,720575940610054980,-2.2,18,17,17,17,1,0
631401,first,720575940610611246,-6.6000000000000005,2,1,1,1,1,0
631401,first,720575940611548878,-1.1,9,8,8,8,1,0
631401,first,720575940613004402,-0.275,5,4,4,4,1,0
631401,first,720575940613943215,5.2250000000000005,5,5,5,5,0,0
631401,first,720575940616018956,-1.1,21,21,21,21,0,0
631401,first,720575940617494877,19.525000000000002,5,5,5,5,0,0
631401,first,720575940618165019,2.2,27,22,22,22,5,0
631401,first,720575940618472261,2.2,13,12,12,12,1,0
631401,first,720575940619048827,1.1,18,17,17,17,1,0
631401,first,720575940620025620,0.8250000000000001,7,7,7,7,0,0
631401,first,720575940620170887,4.125,7,7,7,7,0,0
631401,first,720575940620254087,0.275,5,4,4,4,1,0
631401,first,720575940620274085,-0.275,24,25,24,24,0,1
631401,first,720575940620335269,-0.8250000000000001,15,14,14,13,1,0
631401,first,720575940621573030,-1.6500000000000001,6,5,5,5,1,0
631401,first,720575940622810153,0.275,12,11,11,11,1,0
631401,first,720575940623209165,0.8250000000000001,8,7,7,7,1,0
631401,first,720575940625045180,95.15,21,18,18,18,3,0
631401,first,720575940625175054,5.2250000000000005,17,17,17,17,0,0
631401,first,720575940625874992,110.275,14,12,12,12,2,0
631401,first,720575940625875504,-28.325000000000003,14,12,12,12,2,0
631401,first,720575940627107271,4.125,4,3,3,3,1,0
631401,first,720575940627446661,0.275,1,2,1,1,0,1
631401,first,720575940628598121,94.87500000000001,20,18,18,18,2,0
631401,first,720575940628676457,1.375,7,6,6,5,1,0
631401,first,720575940629207963,0.275,7,6,6,6,1,0
631401,first,720575940629778554,-2.75,26,23,23,23,3,0
631401,first,720575940629804158,-0.55,1,1,1,1,0,0
631401,first,720575940630094652,1.1,3,3,3,3,0,0
631401,first,720575940630683385,-1.6500000000000001,13,11,11,10,2,0
631401,first,720575940630771449,0.8250000000000001,8,8,8,8,0,0
631401,first,720575940630806267,-25.575000000000003,6,6,6,6,0,0
631401,first,720575940631340815,-0.8250000000000001,4,4,4,4,0,0
631401,first,720575940631918649,-0.8250000000000001,23,23,23,22,0,0
631401,first,720575940631999080,-25.85,8,7,7,7,1,0
631401,first,720575940632118156,81.67500000000001,18,17,17,17,1,0
631401,first,720575940632134227,-0.275,2,2,2,2,0,0
631401,first,720575940632304711,-21.725,6,5,5,5,1,0
631401,first,720575940632602532,0.8250000000000001,13,13,13,13,0,0
631401,first,720575940633373651,0.8250000000000001,3,3,3,3,0,0
631401,first,720575940634645600,85.525,18,16,16,16,2,0
631401,first,720575940636165624,34.925000000000004,6,5,5,5,1,0
631401,first,720575940636346487,17.05,1,1,1,1,0,0
631401,first,720575940637656286,27.225,3,3,3,3,0,0
631401,first,720575940638181092,40.7,16,15,15,15,1,0
631401,first,720575940639786915,0.275,8,8,8,8,0,0
631401,first,720575940639972816,-6.325,4,3,3,3,1,0
631401,first,720575940642428045,8.25,17,17,17,16,0,0
631401,first,720575940643867296,-208.175,14,13,13,13,1,0
631401,last,720575940605682790,3.575,4,4,4,4,0,0
631401,last,720575940610000964,9.075000000000001,6,6,6,6,0,0
631401,last,720575940610054980,-2.2,18,17,17,17,1,0
631401,last,720575940610611246,-6.6000000000000005,2,1,1,1,1,0
631401,last,720575940611548878,-1.1,9,8,8,8,1,0
631401,last,720575940613004402,-0.275,5,4,4,4,1,0
631401,last,720575940613943215,5.2250000000000005,5,5,5,5,0,0
631401,last,720575940616018956,-1.1,21,21,21,21,0,0
631401,last,720575940617494877,19.525000000000002,5,5,5,5,0,0
631401,last,720575940618165019,2.2,27,22,22,22,5,0
631401,last,720575940618472261,2.2,13,12,12,12,1,0
631401,last,720575940619048827,1.1,18,17,17,17,1,0
631401,last,720575940620025620,0.8250000000000001,7,7,7,7,0,0
631401,last,720575940620170887,4.125,7,7,7,7,0,0
631401,last,720575940620254087,0.275,5,4,4,4,1,0
631401,last,720575940620274085,-0.275,24,25,24,24,0,1
631401,last,720575940620335269,-0.8250000000000001,15,14,14,14,1,0
631401,last,720575940621573030,-1.6500000000000001,6,5,5,5,1,0
631401,last,720575940622810153,0.275,12,11,11,11,1,0
631401,last,720575940623209165,0.8250000000000001,8,7,7,7,1,0
631401,last,720575940625045180,95.15,21,18,18,18,3,0
631401,last,720575940625175054,5.2250000000000005,17,17,17,17,0,0
631401,last,720575940625874992,110.275,14,12,12,12,2,0
631401,last,720575940625875504,-28.325000000000003,14,12,12,12,2,0
631401,last,720575940627107271,4.125,4,3,3,3,1,0
631401,last,720575940627446661,0.275,1,2,1,1,0,1
631401,last,720575940628598121,94.87500000000001,20,18,18,18,2,0
631401,last,720575940628676457,1.375,7,6,6,6,1,0
631401,last,720575940629207963,0.275,7,6,6,6,1,0
631401,last,720575940629778554,-2.75,26,23,23,23,3,0
631401,last,720575940629804158,-0.55,1,1,1,1,0,0
631401,last,720575940630094652,1.1,3,3,3,3,0,0
631401,last,720575940630683385,-1.6500000000000001,13,11,11,11,2,0
631401,last,720575940630771449,0.8250000000000001,8,8,8,8,0,0
631401,last,720575940630806267,-25.575000000000003,6,6,6,6,0,0
631401,last,720575940631340815,-0.8250000000000001,4,4,4,4,0,0
631401,last,720575940631918649,-0.8250000000000001,23,23,23,22,0,0
631401,last,720575940631999080,-25.85,8,7,7,7,1,0
631401,last,720575940632118156,81.67500000000001,18,17,17,17,1,0
631401,last,720575940632134227,-0.275,2,2,2,2,0,0
631401,last,720575940632304711,-21.725,6,5,5,5,1,0
631401,last,720575940632602532,0.8250000000000001,13,13,13,13,0,0
631401,last,720575940633373651,0.8250000000000001,3,3,3,3,0,0
631401,last,720575940634645600,85.525,18,16,16,16,2,0
631401,last,720575940636165624,34.925000000000004,6,5,5,5,1,0
631401,last,720575940636346487,17.05,1,1,1,1,0,0
631401,last,720575940637656286,27.225,3,3,3,3,0,0
631401,last,720575940638181092,40.7,16,15,15,15,1,0
631401,last,720575940639786915,0.275,8,8,8,8,0,0
631401,last,720575940639972816,-6.325,4,3,3,3,1,0
631401,last,720575940642428045,8.25,17,17,17,16,0,0
631401,last,720575940643867296,-208.175,14,13,13,13,1,0
631402,first,720575940605682790,0.275,13,13,13,12,0,0
631402,first,720575940610000964,4.125,16,17,16,16,0,1
631402,first,720575940610054980,-0.55,52,52,52,52,0,0
631402,first,720575940612423922,-1.6500000000000001,46,45,45,43,1,0
631402,first,720575940613004402,-0.55,19,20,19,19,0,1
631402,first,720575940613943215,1.375,16,17,16,16,0,1
631402,first,720575940617494877,1.9250000000000003,7,6,6,6,1,0
631402,first,720575940618165019,1.1,87,90,87,87,0,3
631402,first,720575940618472261,0.275,41,42,41,40,0,1
631402,first,720575940619048827,0.275,50,52,50,50,0,2
631402,first,720575940620025620,0.55,25,27,25,24,0,2
631402,first,720575940620254087,3.8500000000000005,18,18,18,18,0,0
631402,first,720575940620274085,-0.275,62,62,62,60,0,0
631402,first,720575940620292116,-3.8500000000000005,2,3,2,2,0,1
631402,first,720575940620335269,-2.2,45,45,45,45,0,0
631402,first,720575940623209165,0.275,29,29,29,29,0,0
631402,first,720575940624623287,-0.275,24,24,24,22,0,0
631402,first,720575940625045180,9.075000000000001,64,66,64,64,0,2
631402,first,720575940625874992,26.400000000000002,57,57,57,57,0,0
631402,first,720575940625875504,-0.8250000000000001,46,47,46,46,0,1
631402,first,720575940627107271,26.125000000000004,15,16,15,15,0,1
631402,first,720575940628598121,14.850000000000001,60,61,60,59,0,1
631402,first,720575940628676457,0.55,16,16,16,16,0,0
631402,first,720575940629778554,-2.2,79,80,79,78,0,1
631402,first,720575940629804158,-0.275,3,3,3,3,0,0
631402,first,720575940630094652,15.950000000000001,9,9,9,9,0,0
631402,first,720575940630868793,-1.6500000000000001,84,86,84,83,0,2
631402,first,720575940631108303,-0.275,3,3,3,3,0,0
631402,first,720575940631918649,-4.125,50,50,50,49,0,0
631402,first,720575940631997032,1.375,33,32,32,32,1,0
631402,first,720575940631999080,-1.375,31,32,31,31,0,1
631402,first,720575940632118156,19.525000000000002,57,58,57,57,0,1
631402,first,720575940632304711,-0.275,24,25,24,24,0,1
631402,first,720575940632602532,3.3000000000000003,36,35,35,35,1,0
631402,first,720575940633373651,0.275,7,7,7,7,0,0
631402,first,720575940634645600,16.5,53,54,53,52,0,1
631402,first,720575940636165624,21.175,19,20,19,19,0,1
631402,first,720575940637656286,3.0250000000000004,4,3,3,3,1,0
631402,first,720575940638181092,6.050000000000001,50,51,50,50,0,1
631402,first,720575940639972816,-0.55,15,16,15,15,0,1
631402,first,720575940643867296,-72.325,38,37,37,37,1,0
631402,last,720575940605682790,0.275,13,13,13,12,0,0
631402,last,720575940610000964,4.125,16,17,16,16,0,1
631402,last,720575940610054980,-0.55,52,52,52,52,0,0
631402,last,720575940612423922,-1.6500000000000001,46,45,45,45,1,0
631402,last,720575940613004402,-0.55,19,20,19,19,0,1
631402,last,720575940613943215,1.375,16,17,16,16,0,1
631402,last,720575940617494877,1.9250000000000003,7,6,6,6,1,0
631402,last,720575940618165019,1.1,87,90,87,87,0,3
631402,last,720575940618472261,0.275,41,42,41,41,0,1
631402,last,720575940619048827,0.275,50,52,50,50,0,2
631402,last,720575940620025620,0.55,25,27,25,25,0,2
631402,last,720575940620254087,3.8500000000000005,18,18,18,18,0,0
631402,last,720575940620274085,-0.275,62,62,62,60,0,0
631402,last,720575940620292116,-3.8500000000000005,2,3,2,2,0,1
631402,last,720575940620335269,-2.2,45,45,45,45,0,0
631402,last,720575940623209165,0.275,29,29,29,29,0,0
631402,last,720575940624623287,-0.275,24,24,24,22,0,0
631402,last,720575940625045180,9.075000000000001,64,66,64,64,0,2
631402,last,720575940625874992,26.400000000000002,57,57,57,57,0,0
631402,last,720575940625875504,-0.8250000000000001,46,47,46,46,0,1
631402,last,720575940627107271,26.125000000000004,15,16,15,15,0,1
631402,last,720575940628598121,14.850000000000001,60,61,60,60,0,1
631402,last,720575940628676457,0.55,16,16,16,16,0,0
631402,last,720575940629778554,-2.2,79,80,79,79,0,1
631402,last,720575940629804158,-0.275,3,3,3,3,0,0
631402,last,720575940630094652,15.950000000000001,9,9,9,9,0,0
631402,last,720575940630868793,-1.6500000000000001,84,86,84,84,0,2
631402,last,720575940631108303,-0.275,3,3,3,3,0,0
631402,last,720575940631918649,-4.125,50,50,50,49,0,0
631402,last,720575940631997032,1.375,33,32,32,32,1,0
631402,last,720575940631999080,-1.375,31,32,31,31,0,1
631402,last,720575940632118156,19.525000000000002,57,58,57,57,0,1
631402,last,720575940632304711,-0.275,24,25,24,24,0,1
631402,last,720575940632602532,3.3000000000000003,36,35,35,35,1,0
631402,last,720575940633373651,0.275,7,7,7,7,0,0
631402,last,720575940634645600,16.5,53,54,53,53,0,1
631402,last,720575940636165624,21.175,19,20,19,19,0,1
631402,last,720575940637656286,3.0250000000000004,4,3,3,3,1,0
631402,last,720575940638181092,6.050000000000001,50,51,50,50,0,1
631402,last,720575940639972816,-0.55,15,16,15,15,0,1
631402,last,720575940643867296,-72.325,38,37,37,37,1,0
631405,first,720575940605682790,4.675000000000001,13,13,13,12,0,0
631405,first,720575940609133269,-0.275,19,18,18,18,1,0
631405,first,720575940609993284,0.275,18,18,18,18,0,0
631405,first,720575940610000964,11.0,19,18,18,18,1,0
631405,first,720575940610054980,-0.275,58,56,56,56,2,0
631405,first,720575940610611246,-12.65,9,9,9,9,0,0
631405,first,720575940611548878,-6.6000000000000005,39,37,37,37,2,0
631405,first,720575940613004402,-2.75,18,17,17,17,1,0
631405,first,720575940613943215,5.775,18,17,17,16,1,0
631405,first,720575940615041430,-0.275,103,103,103,100,0,0
631405,first,720575940616018956,-0.275,66,66,66,65,0,0
631405,first,720575940617494877,25.025000000000002,12,12,12,12,0,0
631405,first,720575940618472261,2.75,45,42,42,42,3,0
631405,first,720575940619048827,1.375,54,52,52,52,2,0
631405,first,720575940620025620,0.55,26,25,25,25,1,0
631405,first,720575940620170887,0.55,26,25,25,25,1,0
631405,first,720575940620254087,0.275,17,16,16,16,1,0
631405,first,720575940620335269,-0.275,49,47,47,47,2,0
631405,first,720575940622810153,0.275,35,34,34,34,1,0
631405,first,720575940623209165,2.2,27,25,25,25,2,0
631405,first,720575940625045180,115.50000000000001,64,61,61,61,3,0
631405,first,720575940625175054,8.25,56,55,55,55,1,0
631405,first,720575940625874992,106.42500000000001,56,52,52,52,4,0
631405,first,720575940625875504,-28.05,50,47,47,47,3,0
631405,first,720575940627107271,6.875000000000001,13,12,12,12,1,0
631405,first,720575940627828296,0.55,10,10,10,10,0,0
631405,first,720575940628598121,113.85000000000001,66,63,63,63,3,0
631405,first,720575940628995331,23.375000000000004,2,2,2,2,0,0
631405,first,720575940629207963,0.275,21,19,19,19,2,0
631405,first,720575940629778554,-2.2,85,80,80,80,5,0
631405,first,720575940630094652,1.6500000000000001,10,9,9,9,1,0
631405,first,720575940630683385,-3.3000000000000003,46,43,43,43,3,0
631405,first,720575940630806267,-24.750000000000004,24,23,23,23,1,0
631405,first,720575940630868793,-1.375,84,78,78,78,6,0
631405,first,720575940631340815,-2.2,13,13,13,13,0,0
631405,first,720575940631918649,-1.6500000000000001,71,72,71,68,0,1
631405,first,720575940631999080,-25.575000000000003,28,26,26,25,2,0
631405,first,720575940632118156,90.2,61,59,59,59,2,0
631405,first,720575940632304711,-18.975,22,21,21,20,1,0
631405,first,720575940632602532,1.9250000000000003,41,40,40,39,1,0
631405,first,720575940634645600,99.275,56,53,53,53,3,0
631405,first,720575940636165624,45.1,20,19,19,19,1,0
631405,first,720575940636346487,17.325000000000003,5,5,5,5,0,0
631405,first,720575940637656286,28.05,7,7,7,7,0,0
631405,first,720575940638181092,41.800000000000004,53,50,50,50,3,0
631405,first,720575940639972816,-7.425000000000001,12,11,11,11,1,0
631405,first,720575940642428045,6.325,53,53,53,50,0,0
631405,first,720575940643867296,-239.525,46,45,45,45,1,0
631405,first,720575940644666148,-38.5,1,1,1,1,0,0
631405,last,720575940605682790,4.675000000000001,13,13,13,12,0,0
631405,last,720575940609133269,-0.275,19,18,18,18,1,0
631405,last,720575940609993284,0.275,18,18,18,18,0,0
631405,last,720575940610000964,11.0,19,18,18,18,1,0
631405,last,720575940610054980,-0.275,58,56,56,56,2,0
631405,last,720575940610611246,-12.65,9,9,9,9,0,0
631405,last,720575940611548878,-6.6000000000000005,39,37,37,37,2,0
631405,last,720575940613004402,-2.75,18,17,17,17,1,0
631405,last,720575940613943215,5.775,18,17,17,17,1,0
631405,last,720575940615041430,-0.275,103,103,103,100,0,0
631405,last,720575940616018956,-0.275,66,66,66,65,0,0
631405,last,720575940617494877,25.025000000000002,12,12,12,12,0,0
631405,last,720575940618472261,2.75,45,42,42,42,3,0
631405,last,720575940619048827,1.375,54,52,52,52,2,0
631405,last,720575940620025620,0.55,26,25,25,25,1,0
631405,last,720575940620170887,0.55,26,25,25,25,1,0
631405,last,720575940620254087,0.275,17,16,16,16,1,0
631405,last,720575940620335269,-0.275,49,47,47,47,2,0
631405,last,720575940622810153,0.275,35,34,34,34,1,0
631405,last,720575940623209165,2.2,27,25,25,25,2,0
631405,last,720575940625045180,115.50000000000001,64,61,61,61,3,0
631405,last,720575940625175054,8.25,56,55,55,55,1,0
631405,last,720575940625874992,106.42500000000001,56,52,52,52,4,0
631405,last,720575940625875504,-28.05,50,47,47,47,3,0
631405,last,720575940627107271,6.875000000000001,13,12,12,12,1,0
631405,last,720575940627828296,0.55,10,10,10,10,0,0
631405,last,720575940628598121,113.85000000000001,66,63,63,63,3,0
631405,last,720575940628995331,23.375000000000004,2,2,2,2,0,0
631405,last,720575940629207963,0.275,21,19,19,19,2,0
631405,last,720575940629778554,-2.2,85,80,80,80,5,0
631405,last,720575940630094652,1.6500000000000001,10,9,9,9,1,0
631405,last,720575940630683385,-3.3000000000000003,46,43,43,43,3,0
631405,last,720575940630806267,-24.750000000000004,24,23,23,23,1,0
631405,last,720575940630868793,-1.375,84,78,78,78,6,0
631405,last,720575940631340815,-2.2,13,13,13,13,0,0
631405,last,720575940631918649,-1.6500000000000001,71,72,71,71,0,1
631405,last,720575940631999080,-25.575000000000003,28,26,26,26,2,0
631405,last,720575940632118156,90.2,61,59,59,59,2,0
631405,last,720575940632304711,-18.975,22,21,21,21,1,0
631405,last,720575940632602532,1.9250000000000003,41,40,40,40,1,0
631405,last,720575940634645600,99.275,56,53,53,53,3,0
631405,last,720575940636165624,45.1,20,19,19,19,1,0
631405,last,720575940636346487,17.325000000000003,5,5,5,5,0,0
631405,last,720575940637656286,28.05,7,7,7,7,0,0
631405,last,720575940638181092,41.800000000000004,53,50,50,50,3,0
631405,last,720575940639972816,-7.425000000000001,12,11,11,11,1,0
631405,last,720575940642428045,6.325,53,53,53,50,0,0
631405,last,720575940643867296,-239.525,46,45,45,45,1,0
631405,last,720575940644666148,-38.5,1,1,1,1,0,0
631406,first,720575940605682790,4.675000000000001,5,4,4,4,1,0
631406,first,720575940609133269,-0.275,4,4,4,4,0,0
631406,first,720575940609993284,0.275,4,4,4,3,0,0
631406,first,720575940610000964,11.0,5,5,5,5,0,0
631406,first,720575940610054980,-0.275,15,16,15,15,0,1
631406,first,720575940610611246,-12.65,3,3,3,3,0,0
631406,first,720575940611548878,-6.6000000000000005,10,9,9,9,1,0
631406,first,720575940613004402,-2.75,6,5,5,5,1,0
631406,first,720575940613943215,5.775,5,5,5,5,0,0
631406,first,720575940615041430,-0.275,22,21,21,20,1,0
631406,first,720575940616018956,-0.275,15,15,15,15,0,0
631406,first,720575940617494877,25.025000000000002,2,2,2,2,0,0
631406,first,720575940618472261,2.75,11,11,11,11,0,0
631406,first,720575940619048827,1.375,15,14,14,14,1,0
631406,first,720575940620025620,0.55,8,8,8,8,0,0
631406,first,720575940620170887,0.55,6,6,6,6,0,0
631406,first,720575940620254087,0.275,6,6,6,6,0,0
631406,first,720575940620335269,-0.275,13,12,12,12,1,0
631406,first,720575940622810153,0.275,12,11,11,11,1,0
631406,first,720575940623209165,2.2,9,8,8,8,1,0
631406,first,720575940625045180,115.50000000000001,19,18,18,18,1,0
631406,first,720575940625175054,8.25,13,13,13,13,0,0
631406,first,720575940625874992,106.42500000000001,15,14,14,13,1,0
631406,first,720575940625875504,-28.05,13,13,13,13,0,0
631406,first,720575940627107271,6.875000000000001,4,4,4,4,0,0
631406,first,720575940627828296,0.55,2,2,2,2,0,0
631406,first,720575940628598121,113.85000000000001,17,17,17,17,0,0
631406,first,720575940629207963,0.275,5,5,5,5,0,0
631406,first,720575940629778554,-2.2,21,21,21,21,0,0
631406,first,720575940629804158,-1.1,1,0,0,0,1,0
631406,first,720575940630094652,1.6500000000000001,2,2,2,2,0,0
631406,first,720575940630683385,-3.3000000000000003,14,13,13,13,1,0
631406,first,720575940630806267,-24.750000000000004,7,6,6,6,1,0
631406,first,720575940630868793,-1.375,27,27,27,26,0,0
631406,first,720575940631340815,-2.2,3,3,3,3,0,0
631406,first,720575940631918649,-1.6500000000000001,14,14,14,14,0,0
631406,first,720575940631999080,-25.575000000000003,9,8,8,8,1,0
631406,first,720575940632118156,90.2,16,16,16,16,0,0
631406,first,720575940632304711,-18.975,7,6,6,6,1,0
631406,first,720575940632602532,1.9250000000000003,8,8,8,8,0,0
631406,first,720575940634645600,99.275,16,15,15,14,1,0
631406,first,720575940636165624,45.1,7,7,7,7,0,0
631406,first,720575940637656286,28.05,2,2,2,2,0,0
631406,first,720575940638181092,41.800000000000004,15,15,15,15,0,0
631406,first,720575940639972816,-7.425000000000001,4,4,4,4,0,0
631406,first,720575940642428045,6.325,11,11,11,11,0,0
631406,first,720575940643867296,-239.525,9,9,9,9,0,0
631406,last,720575940605682790,4.675000000000001,5,4,4,4,1,0
631406,last,720575940609133269,-0.275,4,4,4,4,0,0
631406,last,720575940609993284,0.275,4,4,4,3,0,0
631406,last,720575940610000964,11.0,5,5,5,5,0,0
631406,last,720575940610054980,-0.275,15,16,15,15,0,1
631406,last,720575940610611246,-12.65,3,3,3,3,0,0
631406,last,720575940611548878,-6.6000000000000005,10,9,9,9,1,0
631406,last,720575940613004402,-2.75,6,5,5,5,1,0
631406,last,720575940613943215,5.775,5,5,5,5,0,0
631406,last,720575940615041430,-0.275,22,21,21,21,1,0
631406,last,720575940616018956,-0.275,15,15,15,15,0,0
631406,last,720575940617494877,25.025000000000002,2,2,2,2,0,0
631406,last,720575940618472261,2.75,11,11,11,11,0,0
631406,last,720575940619048827,1.375,15,14,14,14,1,0
631406,last,720575940620025620,0.55,8,8,8,8,0,0
631406,last,720575940620170887,0.55,6,6,6,6,0,0
631406,last,720575940620254087,0.275,6,6,6,6,0,0
631406,last,720575940620335269,-0.275,13,12,12,12,1,0
631406,last,720575940622810153,0.275,12,11,11,11,1,0
631406,last,720575940623209165,2.2,9,8,8,8,1,0
631406,last,720575940625045180,115.50000000000001,19,18,18,18,1,0
631406,last,720575940625175054,8.25,13,13,13,13,0,0
631406,last,720575940625874992,106.42500000000001,15,14,14,14,1,0
631406,last,720575940625875504,-28.05,13,13,13,13,0,0
631406,last,720575940627107271,6.875000000000001,4,4,4,4,0,0
631406,last,720575940627828296,0.55,2,2,2,2,0,0
631406,last,720575940628598121,113.85000000000001,17,17,17,17,0,0
631406,last,720575940629207963,0.275,5,5,5,5,0,0
631406,last,720575940629778554,-2.2,21,21,21,21,0,0
631406,last,720575940629804158,-1.1,1,0,0,0,1,0
631406,last,720575940630094652,1.6500000000000001,2,2,2,2,0,0
631406,last,720575940630683385,-3.3000000000000003,14,13,13,13,1,0
631406,last,720575940630806267,-24.750000000000004,7,6,6,6,1,0
631406,last,720575940630868793,-1.375,27,27,27,26,0,0
631406,last,720575940631340815,-2.2,3,3,3,3,0,0
631406,last,720575940631918649,-1.6500000000000001,14,14,14,14,0,0
631406,last,720575940631999080,-25.575000000000003,9,8,8,8,1,0
631406,last,720575940632118156,90.2,16,16,16,16,0,0
631406,last,720575940632304711,-18.975,7,6,6,6,1,0
631406,last,720575940632602532,1.9250000000000003,8,8,8,8,0,0
631406,last,720575940634645600,99.275,16,15,15,15,1,0
631406,last,720575940636165624,45.1,7,7,7,7,0,0
631406,last,720575940637656286,28.05,2,2,2,2,0,0
631406,last,720575940638181092,41.800000000000004,15,15,15,15,0,0
631406,last,720575940639972816,-7.425000000000001,4,4,4,4,0,0
631406,last,720575940642428045,6.325,11,11,11,11,0,0
631406,last,720575940643867296,-239.525,9,9,9,9,0,0
631407,first,720575940605682790,13.475000000000001,12,12,12,12,0,0
631407,first,720575940609133269,-7.700000000000001,11,11,11,11,0,0
631407,first,720575940609915204,-0.275,20,19,19,18,1,0
631407,first,720575940610000964,1.6500000000000001,11,10,10,10,1,0
631407,first,720575940610054980,-2.2,43,43,43,43,0,0
631407,first,720575940610611246,-14.575000000000001,7,7,7,7,0,0
631407,first,720575940612208858,-4.95,8,8,8,8,0,0
631407,first,720575940613943215,1.375,11,10,10,10,1,0
631407,first,720575940616018956,-0.8250000000000001,43,42,42,41,1,0
631407,first,720575940616860758,-2.475,1,1,1,1,0,0
631407,first,720575940616864217,-2.475,26,27,26,26,0,1
631407,first,720575940617494877,0.275,6,6,6,6,0,0
631407,first,720575940617552057,-1.375,23,23,23,23,0,0
631407,first,720575940618165019,0.8250000000000001,71,70,70,70,1,0
631407,first,720575940618472261,25.025000000000002,33,33,33,33,0,0
631407,first,720575940619048827,2.2,45,45,45,45,0,0
631407,first,720575940620170887,21.175,16,16,16,16,0,0
631407,first,720575940620274085,-0.275,49,47,47,46,2,0
631407,first,720575940620335269,-1.1,38,39,38,38,0,1
631407,first,720575940620780272,0.55,15,15,15,15,0,0
631407,first,720575940621573030,-0.275,13,13,13,13,0,0
631407,first,720575940621577036,-0.275,5,5,5,5,0,0
631407,first,720575940622348156,3.8500000000000005,12,12,12,12,0,0
631407,first,720575940622810153,0.275,31,31,31,31,0,0
631407,first,720575940623209165,16.775000000000002,19,19,19,19,0,0
631407,first,720575940625175054,12.100000000000001,38,38,38,37,0,0
631407,first,720575940625874992,46.2,46,46,46,46,0,0
631407,first,720575940625875504,-13.750000000000002,39,39,39,38,0,0
631407,first,720575940626468178,-42.35,1,1,1,1,0,0
631407,first,720575940626999464,-2.475,5,5,5,5,0,0
631407,first,720575940627107271,0.8250000000000001,12,12,12,12,0,0
631407,first,720575940627446661,0.275,2,1,1,1,1,0
631407,first,720575940628598121,33.0,52,52,52,52,0,0
631407,first,720575940628676457,8.8,13,12,12,10,1,0
631407,first,720575940629207963,0.275,13,13,13,13,0,0
631407,first,720575940629778554,-3.3000000000000003,67,70,67,67,0,3
631407,first,720575940630094652,4.4,5,4,4,4,1,0
631407,first,720575940630488540,-0.275,7,6,6,6,1,0
631407,first,720575940630683385,-1.6500000000000001,39,39,39,39,0,0
631407,first,720575940630806267,-12.100000000000001,20,20,20,20,0,0
631407,first,720575940630868793,-1.1,72,72,72,72,0,0
631407,first,720575940631340815,-3.0250000000000004,8,8,8,8,0,0
631407,first,720575940631999080,-9.350000000000001,25,25,25,25,0,0
631407,first,720575940632118156,32.175000000000004,50,50,50,50,0,0
631407,first,720575940632304711,-11.55,19,17,17,17,2,0
631407,first,720575940632602532,44.275000000000006,27,26,26,26,1,0
631407,first,720575940633373651,5.775,3,3,3,3,0,0
631407,first,720575940634645600,37.400000000000006,45,45,45,45,0,0
631407,first,720575940636165624,3.0250000000000004,18,17,17,17,1,0
631407,first,720575940638181092,7.9750000000000005,42,43,42,42,0,1
631407,first,720575940639786915,16.5,17,17,17,17,0,0
631407,first,720575940639972816,-0.55,12,12,12,12,0,0
631407,first,720575940642428045,17.875,37,37,37,37,0,0
631407,first,720575940643867296,-112.2,37,36,36,36,1,0
631407,last,720575940605682790,13.475000000000001,12,12,12,12,0,0
631407,last,720575940609133269,-7.700000000000001,11,11,11,11,0,0
631407,last,720575940609915204,-0.275,20,19,19,19,1,0
631407,last,720575940610000964,1.6500000000000001,11,10,10,10,1,0
631407,last,720575940610054980,-2.2,43,43,43,43,0,0
631407,last,720575940610611246,-14.575000000000001,7,7,7,7,0,0
631407,last,720575940612208858,-4.95,8,8,8,8,0,0
631407,last,720575940613943215,1.375,11,10,10,10,1,0
631407,last,720575940616018956,-0.8250000000000001,43,42,42,42,1,0
631407,last,720575940616860758,-2.475,1,1,1,1,0,0
631407,last,720575940616864217,-2.475,26,27,26,26,0,1
631407,last,720575940617494877,0.275,6,6,6,6,0,0
631407,last,720575940617552057,-1.375,23,23,23,23,0,0
631407,last,720575940618165019,0.8250000000000001,71,70,70,70,1,0
631407,last,720575940618472261,25.025000000000002,33,33,33,33,0,0
631407,last,720575940619048827,2.2,45,45,45,45,0,0
631407,last,720575940620170887,21.175,16,16,16,16,0,0
631407,last,720575940620274085,-0.275,49,47,47,47,2,0
631407,last,720575940620335269,-1.1,38,39,38,38,0,1
631407,last,720575940620780272,0.55,15,15,15,15,0,0
631407,last,720575940621573030,-0.275,13,13,13,13,0,0
631407,last,720575940621577036,-0.275,5,5,5,5,0,0
631407,last,720575940622348156,3.8500000000000005,12,12,12,12,0,0
631407,last,720575940622810153,0.275,31,31,31,31,0,0
631407,last,720575940623209165,16.775000000000002,19,19,19,19,0,0
631407,last,720575940625175054,12.100000000000001,38,38,38,37,0,0
631407,last,720575940625874992,46.2,46,46,46,46,0,0
631407,last,720575940625875504,-13.750000000000002,39,39,39,38,0,0
631407,last,720575940626468178,-42.35,1,1,1,1,0,0
631407,last,720575940626999464,-2.475,5,5,5,5,0,0
631407,last,720575940627107271,0.8250000000000001,12,12,12,12,0,0
631407,last,720575940627446661,0.275,2,1,1,1,1,0
631407,last,720575940628598121,33.0,52,52,52,52,0,0
631407,last,720575940628676457,8.8,13,12,12,12,1,0
631407,last,720575940629207963,0.275,13,13,13,13,0,0
631407,last,720575940629778554,-3.3000000000000003,67,70,67,67,0,3
631407,last,720575940630094652,4.4,5,4,4,4,1,0
631407,last,720575940630488540,-0.275,7,6,6,6,1,0
631407,last,720575940630683385,-1.6500000000000001,39,39,39,39,0,0
631407,last,720575940630806267,-12.100000000000001,20,20,20,20,0,0
631407,last,720575940630868793,-1.1,72,72,72,72,0,0
631407,last,720575940631340815,-3.0250000000000004,8,8,8,8,0,0
631407,last,720575940631999080,-9.350000000000001,25,25,25,25,0,0
631407,last,720575940632118156,32.175000000000004,50,50,50,50,0,0
631407,last,720575940632304711,-11.55,19,17,17,17,2,0
631407,last,720575940632602532,44.275000000000006,27,26,26,26,1,0
631407,last,720575940633373651,5.775,3,3,3,3,0,0
631407,last,720575940634645600,37.400000000000006,45,45,45,45,0,0
631407,last,720575940636165624,3.0250000000000004,18,17,17,17,1,0
631407,last,720575940638181092,7.9750000000000005,42,43,42,42,0,1
631407,last,720575940639786915,16.5,17,17,17,17,0,0
631407,last,720575940639972816,-0.55,12,12,12,12,0,0
631407,last,720575940642428045,17.875,37,37,37,37,0,0
631407,last,720575940643867296,-112.2,37,36,36,36,1,0
631408,first,720575940605682790,4.675000000000001,9,8,8,8,1,0
631408,first,720575940609133269,-0.275,11,10,10,10,1,0
631408,first,720575940609993284,0.275,14,14,14,11,0,0
631408,first,720575940610000964,11.0,10,9,9,9,1,0
631408,first,720575940610054980,-0.275,33,32,32,32,1,0
631408,first,720575940610611246,-12.65,4,4,4,4,0,0
631408,first,720575940611548878,-6.6000000000000005,19,18,18,18,1,0
631408,first,720575940613004402,-2.75,10,9,9,9,1,0
631408,first,720575940613943215,5.775,11,10,10,10,1,0
631408,first,720575940615041430,-0.275,55,56,55,55,0,1
631408,first,720575940616018956,-0.275,37,37,37,37,0,0
631408,first,720575940617494877,25.025000000000002,6,5,5,5,1,0
631408,first,720575940618472261,2.75,26,24,24,24,2,0
631408,first,720575940619048827,1.375,31,29,29,29,2,0
631408,first,720575940620025620,0.55,13,11,11,11,2,0
631408,first,720575940620170887,0.55,15,15,15,15,0,0
631408,first,720575940620254087,0.275,11,9,9,9,2,0
631408,first,720575940620335269,-0.275,27,26,26,26,1,0
631408,first,720575940621329328,4.675000000000001,2,1,1,1,1,0
631408,first,720575940622810153,0.275,20,20,20,20,0,0
631408,first,720575940623209165,2.2,15,14,14,13,1,0
631408,first,720575940625045180,115.50000000000001,37,34,34,33,3,0
631408,first,720575940625175054,8.25,32,32,32,32,0,0
631408,first,720575940625874992,106.42500000000001,32,29,29,29,3,0
631408,first,720575940625875504,-28.05,27,24,24,24,3,0
631408,first,720575940627107271,6.875000000000001,8,6,6,5,2,0
631408,first,720575940627828296,0.55,4,4,4,4,0,0
631408,first,720575940628598121,113.85000000000001,37,34,34,33,3,0
631408,first,720575940628995331,23.375000000000004,1,1,1,1,0,0
631408,first,720575940629207963,0.275,14,12,12,12,2,0
631408,first,720575940629778554,-2.2,49,47,47,46,2,0
631408,first,720575940629804158,-1.1,1,0,0,0,1,0
631408,first,720575940630094652,1.6500000000000001,5,4,4,4,1,0
631408,first,720575940630683385,-3.3000000000000003,22,22,22,22,0,0
631408,first,720575940630806267,-24.750000000000004,14,12,12,12,2,0
631408,first,720575940630868793,-1.375,46,45,45,45,1,0
631408,first,720575940631340815,-2.2,7,7,7,7,0,0
631408,first,720575940631918649,-1.6500000000000001,38,40,38,37,0,2
631408,first,720575940631999080,-25.575000000000003,15,14,14,13,1,0
631408,first,720575940632118156,90.2,34,32,32,32,2,0
631408,first,720575940632304711,-18.975,12,10,10,10,2,0
631408,first,720575940632602532,1.9250000000000003,25,24,24,24,1,0
631408,first,720575940634645600,99.275,31,29,29,28,2,0
631408,first,720575940636165624,45.1,16,14,14,14,2,0
631408,first,720575940636346487,17.325000000000003,3,3,3,3,0,0
631408,first,720575940637656286,28.05,5,5,5,5,0,0
631408,first,720575940638181092,41.800000000000004,31,29,29,29,2,0
631408,first,720575940639972816,-7.425000000000001,7,6,6,6,1,0
631408,first,720575940642428045,6.325,31,31,31,30,0,0
631408,first,720575940643867296,-239.525,29,29,29,28,0,0
631408,last,720575940605682790,4.675000000000001,9,8,8,8,1,0
631408,last,720575940609133269,-0.275,11,10,10,10,1,0
631408,last,720575940609993284,0.275,14,14,14,11,0,0
631408,last,720575940610000964,11.0,10,9,9,9,1,0
631408,last,720575940610054980,-0.275,33,32,32,32,1,0
631408,last,720575940610611246,-12.65,4,4,4,4,0,0
631408,last,720575940611548878,-6.6000000000000005,19,18,18,18,1,0
631408,last,720575940613004402,-2.75,10,9,9,9,1,0
631408,last,720575940613943215,5.775,11,10,10,10,1,0
631408,last,720575940615041430,-0.275,55,56,55,55,0,1
631408,last,720575940616018956,-0.275,37,37,37,37,0,0
631408,last,720575940617494877,25.025000000000002,6,5,5,5,1,0
631408,last,720575940618472261,2.75,26,24,24,24,2,0
631408,last,720575940619048827,1.375,31,29,29,29,2,0
631408,last,720575940620025620,0.55,13,11,11,11,2,0
631408,last,720575940620170887,0.55,15,15,15,15,0,0
631408,last,720575940620254087,0.275,11,9,9,9,2,0
631408,last,720575940620335269,-0.275,27,26,26,26,1,0
631408,last,720575940621329328,4.675000000000001,2,1,1,1,1,0
631408,last,720575940622810153,0.275,20,20,20,20,0,0
631408,last,720575940623209165,2.2,15,14,14,14,1,0
631408,last,720575940625045180,115.50000000000001,37,34,34,34,3,0
631408,last,720575940625175054,8.25,32,32,32,32,0,0
631408,last,720575940625874992,106.42500000000001,32,29,29,29,3,0
631408,last,720575940625875504,-28.05,27,24,24,24,3,0
631408,last,720575940627107271,6.875000000000001,8,6,6,6,2,0
631408,last,720575940627828296,0.55,4,4,4,4,0,0
631408,last,720575940628598121,113.85000000000001,37,34,34,34,3,0
631408,last,720575940628995331,23.375000000000004,1,1,1,1,0,0
631408,last,720575940629207963,0.275,14,12,12,12,2,0
631408,last,720575940629778554,-2.2,49,47,47,47,2,0
631408,last,720575940629804158,-1.1,1,0,0,0,1,0
631408,last,720575940630094652,1.6500000000000001,5,4,4,4,1,0
631408,last,720575940630683385,-3.3000000000000003,22,22,22,22,0,0
631408,last,720575940630806267,-24.750000000000004,14,12,12,12,2,0
631408,last,720575940630868793,-1.375,46,45,45,45,1,0
631408,last,720575940631340815,-2.2,7,7,7,7,0,0
631408,last,720575940631918649,-1.6500000000000001,38,40,38,38,0,2
631408,last,720575940631999080,-25.575000000000003,15,14,14,14,1,0
631408,last,720575940632118156,90.2,34,32,32,32,2,0
631408,last,720575940632304711,-18.975,12,10,10,10,2,0
631408,last,720575940632602532,1.9250000000000003,25,24,24,24,1,0
631408,last,720575940634645600,99.275,31,29,29,29,2,0
631408,last,720575940636165624,45.1,16,14,14,14,2,0
631408,last,720575940636346487,17.325000000000003,3,3,3,3,0,0
631408,last,720575940637656286,28.05,5,5,5,5,0,0
631408,last,720575940638181092,41.800000000000004,31,29,29,29,2,0
631408,last,720575940639972816,-7.425000000000001,7,6,6,6,1,0
631408,last,720575940642428045,6.325,31,31,31,30,0,0
631408,last,720575940643867296,-239.525,29,29,29,28,0,0
631409,first,720575940605513649,-20.625,2,2,2,2,0,0
631409,first,720575940607193986,0.55,18,18,18,17,0,0
631409,first,720575940607272649,0.8250000000000001,29,29,29,27,0,0
631409,first,720575940607386290,0.275,11,11,11,11,0,0
631409,first,720575940608498780,-0.275,12,12,12,11,0,0
631409,first,720575940609407939,24.200000000000003,20,20,20,18,0,0
631409,first,720575940609935172,-0.275,9,9,9,9,0,0
631409,first,720575940610677828,-22.55,24,24,24,24,0,0
631409,first,720575940610803554,-0.275,15,15,15,14,0,0
631409,first,720575940612208858,-0.275,5,5,5,5,0,0
631409,first,720575940612357618,0.275,5,5,5,5,0,0
631409,first,720575940613347299,1.375,14,14,14,12,0,0
631409,first,720575940615041430,-0.275,58,58,58,57,0,0
631409,first,720575940615564959,-0.275,3,3,3,3,0,0
631409,first,720575940615671106,0.55,40,40,40,38,0,0
631409,first,720575940616466260,-0.275,26,26,26,24,0,0
631409,first,720575940616857174,6.875000000000001,22,22,22,20,0,0
631409,first,720575940616864086,-0.55,17,17,17,15,0,0
631409,first,720575940616864217,-1.9250000000000003,23,23,23,22,0,0
631409,first,720575940617494877,0.275,8,8,8,8,0,0
631409,first,720575940619114048,5.5,14,14,14,14,0,0
631409,first,720575940619176094,0.8250000000000001,1,1,1,1,0,0
631409,first,720575940619853515,154.275,18,18,18,18,0,0
631409,first,720575940619877396,8.8,37,37,37,37,0,0
631409,first,720575940620062288,-0.8250000000000001,1,1,1,0,0,0
631409,first,720575940621261296,3.0250000000000004,18,18,18,18,0,0
631409,first,720575940621422518,-2.475,7,7,7,7,0,0
631409,first,720575940622624214,6.050000000000001,2,2,2,2,0,0
631409,first,720575940623211725,116.60000000000001,31,31,31,31,0,0
631409,first,720575940624966840,-1.6500000000000001,16,16,16,15,0,0
631409,first,720575940625867056,0.275,29,29,29,29,0,0
631409,first,720575940626038714,1.6500000000000001,1,1,1,1,0,0
631409,first,720575940627410451,0.275,15,15,15,14,0,0
631409,first,720575940627779983,0.275,11,11,11,11,0,0
631409,first,720575940627814728,1.1,3,3,3,3,0,0
631409,first,720575940627819151,-0.55,15,14,14,14,1,0
631409,first,720575940627847752,20.35,22,22,22,22,0,0
631409,first,720575940628826128,-0.275,21,22,21,21,0,1
631409,first,720575940628997123,-0.275,10,10,10,9,0,0
631409,first,720575940629561347,0.55,10,10,10,10,0,0
631409,first,720575940629804158,-0.55,1,1,1,1,0,0
631409,first,720575940630820919,1.1,19,19,19,17,0,0
631409,first,720575940631349335,0.275,30,30,30,28,0,0
631409,first,720575940631662648,0.275,4,3,3,3,1,0
631409,first,720575940631918649,-1.1,36,36,36,35,0,0
631409,first,720575940631994728,-0.275,7,7,7,6,0,0
631409,first,720575940632252743,77.275,30,30,30,28,0,0
631409,first,720575940632365905,0.275,17,17,17,17,0,0
631409,first,720575940633373651,0.55,5,5,5,5,0,0
631409,first,720575940634428058,-0.8250000000000001,2,2,2,2,0,0
631409,first,720575940636053678,-1.1,34,34,34,32,0,0
631409,first,720575940636809646,-123.20000000000002,11,11,11,11,0,0
631409,first,720575940637144944,0.55,4,3,3,3,1,0
631409,first,720575940637656286,1.1,6,6,6,6,0,0
631409,first,720575940643867296,-2.75,30,30,30,30,0,0
631409,first,720575940644653348,-1.9250000000000003,18,18,18,16,0,0
631409,first,720575940649829241,-47.575,24,24,24,23,0,0
631409,last,720575940605513649,-20.625,2,2,2,2,0,0
631409,last,720575940607193986,0.55,18,18,18,17,0,0
631409,last,720575940607272649,0.8250000000000001,29,29,29,27,0,0
631409,last,720575940607386290,0.275,11,11,11,11,0,0
631409,last,720575940608498780,-0.275,12,12,12,11,0,0
631409,last,720575940609407939,24.200000000000003,20,20,20,18,0,0
631409,last,720575940609935172,-0.275,9,9,9,9,0,0
631409,last,720575940610677828,-22.55,24,24,24,24,0,0
631409,last,720575940610803554,-0.275,15,15,15,14,0,0
631409,last,720575940612208858,-0.275,5,5,5,5,0,0
631409,last,720575940612357618,0.275,5,5,5,5,0,0
631409,last,720575940613347299,1.375,14,14,14,12,0,0
631409,last,720575940615041430,-0.275,58,58,58,57,0,0
631409,last,720575940615564959,-0.275,3,3,3,3,0,0
631409,last,720575940615671106,0.55,40,40,40,38,0,0
631409,last,720575940616466260,-0.275,26,26,26,24,0,0
631409,last,720575940616857174,6.875000000000001,22,22,22,20,0,0
631409,last,720575940616864086,-0.55,17,17,17,15,0,0
631409,last,720575940616864217,-1.9250000000000003,23,23,23,22,0,0
631409,last,720575940617494877,0.275,8,8,8,8,0,0
631409,last,720575940619114048,5.5,14,14,14,14,0,0
631409,last,720575940619176094,0.8250000000000001,1,1,1,1,0,0
631409,last,720575940619853515,154.275,18,18,18,18,0,0
631409,last,720575940619877396,8.8,37,37,37,37,0,0
631409,last,720575940620062288,-0.8250000000000001,1,1,1,0,0,0
631409,last,720575940621261296,3.0250000000000004,18,18,18,18,0,0
631409,last,720575940621422518,-2.475,7,7,7,7,0,0
631409,last,720575940622624214,6.050000000000001,2,2,2,2,0,0
631409,last,720575940623211725,116.60000000000001,31,31,31,31,0,0
631409,last,720575940624966840,-1.6500000000000001,16,16,16,15,0,0
631409,last,720575940625867056,0.275,29,29,29,29,0,0
631409,last,720575940626038714,1.6500000000000001,1,1,1,1,0,0
631409,last,720575940627410451,0.275,15,15,15,14,0,0
631409,last,720575940627779983,0.275,11,11,11,11,0,0
631409,last,720575940627814728,1.1,3,3,3,3,0,0
631409,last,720575940627819151,-0.55,15,14,14,14,1,0
631409,last,720575940627847752,20.35,22,22,22,22,0,0
631409,last,720575940628826128,-0.275,21,22,21,21,0,1
631409,last,720575940628997123,-0.275,10,10,10,9,0,0
631409,last,720575940629561347,0.55,10,10,10,10,0,0
631409,last,720575940629804158,-0.55,1,1,1,1,0,0
631409,last,720575940630820919,1.1,19,19,19,17,0,0
631409,last,720575940631349335,0.275,30,30,30,28,0,0
631409,last,720575940631662648,0.275,4,3,3,3,1,0
631409,last,720575940631918649,-1.1,36,36,36,35,0,0
631409,last,720575940631994728,-0.275,7,7,7,6,0,0
631409,last,720575940632252743,77.275,30,30,30,28,0,0
631409,last,720575940632365905,0.275,17,17,17,17,0,0
631409,last,720575940633373651,0.55,5,5,5,5,0,0
631409,last,720575940634428058,-0.8250000000000001,2,2,2,2,0,0
631409,last,720575940636053678,-1.1,34,34,34,32,0,0
631409,last,720575940636809646,-123.20000000000002,11,11,11,11,0,0
631409,last,720575940637144944,0.55,4,3,3,3,1,0
631409,last,720575940637656286,1.1,6,6,6,6,0,0
631409,last,720575940643867296,-2.75,30,30,30,30,0,0
631409,last,720575940644653348,-1.9250000000000003,18,18,18,16,0,0
631409,last,720575940649829241,-47.575,24,24,24,23,0,0
631411,first,720575940605682790,37.400000000000006,5,5,5,5,0,0
631411,first,720575940610000964,0.275,6,7,6,6,0,1
631411,first,720575940610611246,-1.375,2,3,2,2,0,1
631411,first,720575940611549902,-0.275,7,7,7,7,0,0
631411,first,720575940612208858,-0.275,4,4,4,4,0,0
631411,first,720575940613943215,0.275,6,6,6,6,0,0
631411,first,720575940618165019,0.55,31,33,31,31,0,2
631411,first,720575940619048827,2.475,19,20,19,19,0,1
631411,first,720575940620170887,0.8250000000000001,9,10,9,9,0,1
631411,first,720575940620274085,-3.3000000000000003,27,27,27,25,0,0
631411,first,720575940620335269,-0.8250000000000001,19,19,19,19,0,0
631411,first,720575940621329328,0.275,0,1,0,0,0,1
631411,first,720575940622810153,0.275,10,12,10,10,0,2
631411,first,720575940623192781,-2.475,7,7,7,7,0,0
631411,first,720575940625045180,24.750000000000004,22,24,22,22,0,2
631411,first,720575940625175054,0.55,19,19,19,19,0,0
631411,first,720575940625867056,0.275,17,17,17,17,0,0
631411,first,720575940625874992,12.375000000000002,18,21,18,18,0,3
631411,first,720575940625875504,-0.8250000000000001,15,18,15,15,0,3
631411,first,720575940627446661,1.375,2,2,2,2,0,0
631411,first,720575940628598121,17.325000000000003,22,23,22,22,0,1
631411,first,720575940628676457,11.0,7,8,7,7,0,1
631411,first,720575940629778554,-2.75,27,29,27,27,0,2
631411,first,720575940630094652,0.8250000000000001,4,4,4,4,0,0
631411,first,720575940630488540,-4.95,4,4,4,4,0,0
631411,first,720575940630806267,-0.275,6,8,6,6,0,2
631411,first,720575940630868793,-1.375,28,30,28,28,0,2
631411,first,720575940631340815,-0.275,5,5,5,5,0,0
631411,first,720575940631918649,-3.3000000000000003,22,22,22,21,0,0
631411,first,720575940632118156,12.925,23,24,23,23,0,1
631411,first,720575940632304711,-0.275,5,7,5,5,0,2
631411,first,720575940632602532,0.55,14,14,14,14,0,0
631411,first,720575940633373651,0.275,3,4,3,3,0,1
631411,first,720575940634645600,18.700000000000003,20,21,20,20,0,1
631411,first,720575940636165624,6.050000000000001,8,10,8,8,0,2
631411,first,720575940636346487,2.2,2,2,2,2,0,0
631411,first,720575940638181092,18.700000000000003,19,20,19,19,0,1
631411,first,720575940642428045,0.55,18,18,18,18,0,0
631411,first,720575940643867296,-58.025000000000006,22,18,18,18,4,0
631411,first,720575940647030324,0.55,4,4,4,4,0,0
631411,last,720575940605682790,37.400000000000006,5,5,5,5,0,0
631411,last,720575940610000964,0.275,6,7,6,6,0,1
631411,last,720575940610611246,-1.375,2,3,2,2,0,1
631411,last,720575940611549902,-0.275,7,7,7,7,0,0
631411,last,720575940612208858,-0.275,4,4,4,4,0,0
631411,last,720575940613943215,0.275,6,6,6,6,0,0
631411,last,720575940618165019,0.55,31,33,31,31,0,2
631411,last,720575940619048827,2.475,19,20,19,19,0,1
631411,last,720575940620170887,0.8250000000000001,9,10,9,9,0,1
631411,last,720575940620274085,-3.3000000000000003,27,27,27,25,0,0
631411,last,720575940620335269,-0.8250000000000001,19,19,19,19,0,0
631411,last,720575940621329328,0.275,0,1,0,0,0,1
631411,last,720575940622810153,0.275,10,12,10,10,0,2
631411,last,720575940623192781,-2.475,7,7,7,7,0,0
631411,last,720575940625045180,24.750000000000004,22,24,22,22,0,2
631411,last,720575940625175054,0.55,19,19,19,19,0,0
631411,last,720575940625867056,0.275,17,17,17,17,0,0
631411,last,720575940625874992,12.375000000000002,18,21,18,18,0,3
631411,last,720575940625875504,-0.8250000000000001,15,18,15,15,0,3
631411,last,720575940627446661,1.375,2,2,2,2,0,0
631411,last,720575940628598121,17.325000000000003,22,23,22,22,0,1
631411,last,720575940628676457,11.0,7,8,7,7,0,1
631411,last,720575940629778554,-2.75,27,29,27,27,0,2
631411,last,720575940630094652,0.8250000000000001,4,4,4,4,0,0
631411,last,720575940630488540,-4.95,4,4,4,4,0,0
631411,last,720575940630806267,-0.275,6,8,6,6,0,2
631411,last,720575940630868793,-1.375,28,30,28,28,0,2
631411,last,720575940631340815,-0.275,5,5,5,5,0,0
631411,last,720575940631918649,-3.3000000000000003,22,22,22,21,0,0
631411,last,720575940632118156,12.925,23,24,23,23,0,1
631411,last,720575940632304711,-0.275,5,7,5,5,0,2
631411,last,720575940632602532,0.55,14,14,14,14,0,0
631411,last,720575940633373651,0.275,3,4,3,3,0,1
631411,last,720575940634645600,18.700000000000003,20,21,20,20,0,1
631411,last,720575940636165624,6.050000000000001,8,10,8,8,0,2
631411,last,720575940636346487,2.2,2,2,2,2,0,0
631411,last,720575940638181092,18.700000000000003,19,20,19,19,0,1
631411,last,720575940642428045,0.55,18,18,18,18,0,0
631411,last,720575940643867296,-58.025000000000006,22,18,18,18,4,0
631411,last,720575940647030324,0.55,4,4,4,4,0,0
631412,first,720575940607272649,4.4,43,43,43,42,0,0
631412,first,720575940608498780,-5.5,18,18,18,18,0,0
631412,first,720575940609405635,-0.55,19,19,19,19,0,0
631412,first,720575940609915204,-1.9250000000000003,27,27,27,25,0,0
631412,first,720575940612208858,-1.9250000000000003,10,10,10,10,0,0
631412,first,720575940612888178,0.275,27,27,27,25,0,0
631412,first,720575940615582111,-0.275,3,3,3,3,0,0
631412,first,720575940616857174,1.1,33,32,32,30,1,0
631412,first,720575940616864086,-0.8250000000000001,24,23,23,22,1,0
631412,first,720575940616864217,-1.1,33,33,33,32,0,0
631412,first,720575940617494877,0.8250000000000001,10,10,10,9,0,0
631412,first,720575940620254087,0.8250000000000001,14,14,14,14,0,0
631412,first,720575940620274085,-0.8250000000000001,61,61,61,61,0,0
631412,first,720575940621261296,66.55000000000001,24,25,24,23,0,1
631412,first,720575940621399899,-0.55,36,36,36,36,0,0
631412,first,720575940621538142,-1.1,24,24,24,24,0,0
631412,first,720575940621771041,-25.025000000000002,5,5,5,5,0,0
631412,first,720575940622734106,-0.275,1,1,1,1,0,0
631412,first,720575940623352063,0.8250000000000001,58,59,58,57,0,1
631412,first,720575940624023188,2.75,19,19,19,19,0,0
631412,first,720575940624600840,-31.075000000000003,7,7,7,7,0,0
631412,first,720575940624623287,-0.8250000000000001,24,23,23,23,1,0
631412,first,720575940624966840,-2.2,25,25,25,25,0,0
631412,first,720575940625580988,5.775,30,30,30,30,0,0
631412,first,720575940625737776,-39.875,25,25,25,25,0,0
631412,first,720575940625867056,0.275,43,43,43,41,0,0
631412,first,720575940625875504,-1.375,37,37,37,37,0,0
631412,first,720575940626038714,0.275,4,4,4,4,0,0
631412,first,720575940626478082,-10.725000000000001,1,1,1,1,0,0
631412,first,720575940626626597,-39.875,19,19,19,19,0,0
631412,first,720575940627086594,68.47500000000001,15,15,15,15,0,0
631412,first,720575940628648809,-0.55,35,35,35,35,0,0
631412,first,720575940628676457,0.275,16,16,16,14,0,0
631412,first,720575940628995331,1.1,2,2,2,2,0,0
631412,first,720575940631108303,-0.55,1,1,1,1,0,0
631412,first,720575940631340815,-9.350000000000001,11,11,11,10,0,0
631412,first,720575940631918649,-0.8250000000000001,54,53,53,48,1,0
631412,first,720575940632047890,53.075,52,52,52,50,0,0
631412,first,720575940632134227,-0.55,5,5,5,4,0,0
631412,first,720575940632252743,15.125000000000002,44,43,43,40,1,0
631412,first,720575940632365905,12.375000000000002,26,25,25,24,1,0
631412,first,720575940633185567,1.375,51,49,49,48,2,0
631412,first,720575940634825623,19.25,7,7,7,7,0,0
631412,first,720575940635055039,2.2,29,29,29,27,0,0
631412,first,720575940635578303,5.2250000000000005,30,30,30,30,0,0
631412,first,720575940636346487,0.55,2,3,2,2,0,1
631412,first,720575940637656286,0.55,5,5,5,5,0,0
631412,first,720575940640839120,-8.8,10,9,9,9,1,0
631412,first,720575940643867296,-4.125,41,41,41,41,0,0
631412,first,720575940645521262,0.55,45,44,44,43,1,0
631412,first,720575940655013025,4.4,35,35,35,34,0,0
631412,last,720575940607272649,4.4,43,43,43,42,0,0
631412,last,720575940608498780,-5.5,18,18,18,18,0,0
631412,last,720575940609405635,-0.55,19,19,19,19,0,0
631412,last,720575940609915204,-1.9250000000000003,27,27,27,25,0,0
631412,last,720575940612208858,-1.9250000000000003,10,10,10,10,0,0
631412,last,720575940612888178,0.275,27,27,27,25,0,0
631412,last,720575940615582111,-0.275,3,3,3,3,0,0
631412,last,720575940616857174,1.1,33,32,32,32,1,0
631412,last,720575940616864086,-0.8250000000000001,24,23,23,23,1,0
631412,last,720575940616864217,-1.1,33,33,33,32,0,0
631412,last,720575940617494877,0.8250000000000001,10,10,10,9,0,0
631412,last,720575940620254087,0.8250000000000001,14,14,14,14,0,0
631412,last,720575940620274085,-0.8250000000000001,61,61,61,61,0,0
631412,last,720575940621261296,66.55000000000001,24,25,24,24,0,1
631412,last,720575940621399899,-0.55,36,36,36,36,0,0
631412,last,720575940621538142,-1.1,24,24,24,24,0,0
631412,last,720575940621771041,-25.025000000000002,5,5,5,5,0,0
631412,last,720575940622734106,-0.275,1,1,1,1,0,0
631412,last,720575940623352063,0.8250000000000001,58,59,58,58,0,1
631412,last,720575940624023188,2.75,19,19,19,19,0,0
631412,last,720575940624600840,-31.075000000000003,7,7,7,7,0,0
631412,last,720575940624623287,-0.8250000000000001,24,23,23,23,1,0
631412,last,720575940624966840,-2.2,25,25,25,25,0,0
631412,last,720575940625580988,5.775,30,30,30,30,0,0
631412,last,720575940625737776,-39.875,25,25,25,25,0,0
631412,last,720575940625867056,0.275,43,43,43,41,0,0
631412,last,720575940625875504,-1.375,37,37,37,37,0,0
631412,last,720575940626038714,0.275,4,4,4,4,0,0
631412,last,720575940626478082,-10.725000000000001,1,1,1,1,0,0
631412,last,720575940626626597,-39.875,19,19,19,19,0,0
631412,last,720575940627086594,68.47500000000001,15,15,15,15,0,0
631412,last,720575940628648809,-0.55,35,35,35,35,0,0
631412,last,720575940628676457,0.275,16,16,16,14,0,0
631412,last,720575940628995331,1.1,2,2,2,2,0,0
631412,last,720575940631108303,-0.55,1,1,1,1,0,0
631412,last,720575940631340815,-9.350000000000001,11,11,11,10,0,0
631412,last,720575940631918649,-0.8250000000000001,54,53,53,53,1,0
631412,last,720575940632047890,53.075,52,52,52,50,0,0
631412,last,720575940632134227,-0.55,5,5,5,4,0,0
631412,last,720575940632252743,15.125000000000002,44,43,43,43,1,0
631412,last,720575940632365905,12.375000000000002,26,25,25,25,1,0
631412,last,720575940633185567,1.375,51,49,49,49,2,0
631412,last,720575940634825623,19.25,7,7,7,7,0,0
631412,last,720575940635055039,2.2,29,29,29,27,0,0
631412,last,720575940635578303,5.2250000000000005,30,30,30,30,0,0
631412,last,720575940636346487,0.55,2,3,2,2,0,1
631412,last,720575940637656286,0.55,5,5,5,5,0,0
631412,last,720575940640839120,-8.8,10,9,9,9,1,0
631412,last,720575940643867296,-4.125,41,41,41,41,0,0
631412,last,720575940645521262,0.55,45,44,44,44,1,0
631412,last,720575940655013025,4.4,35,35,35,34,0,0
631413,first,720575940608498780,-0.275,18,19,18,18,0,1
631413,first,720575940609407939,20.625,31,32,31,31,0,1
631413,first,720575940610677828,-0.275,34,35,34,31,0,1
631413,first,720575940612603289,0.275,3,3,3,3,0,0
631413,first,720575940613347299,0.275,23,22,22,22,1,0
631413,first,720575940615041430,-0.275,80,82,80,78,0,2
631413,first,720575940615153494,0.55,4,4,4,4,0,0
631413,first,720575940615564959,-0.8250000000000001,3,4,3,3,0,1
631413,first,720575940616466260,-0.275,38,39,38,38,0,1
631413,first,720575940616857174,11.275,34,35,34,33,0,1
631413,first,720575940617488477,-0.275,9,9,9,9,0,0
631413,first,720575940617629841,-0.275,38,38,38,37,0,0
631413,first,720575940618472261,0.55,40,41,40,40,0,1
631413,first,720575940619114048,6.875000000000001,18,19,18,17,0,1
631413,first,720575940619853515,0.275,22,22,22,21,0,0
631413,first,720575940619877396,15.400000000000002,57,58,57,56,0,1
631413,first,720575940620062288,-1.9250000000000003,3,3,3,3,0,0
631413,first,720575940620673985,-0.8250000000000001,34,34,34,34,0,0
631413,first,720575940621261296,0.55,24,24,24,23,0,0
631413,first,720575940621771041,-0.55,5,5,5,5,0,0
631413,first,720575940622624214,4.4,4,4,4,4,0,0
631413,first,720575940623209165,0.8250000000000001,28,28,28,27,0,0
631413,first,720575940623211725,12.375000000000002,48,48,48,46,0,0
631413,first,720575940626038714,0.275,2,2,2,2,0,0
631413,first,720575940627779983,1.1,16,15,15,15,1,0
631413,first,720575940627814728,0.55,2,2,2,2,0,0
631413,first,720575940627819151,-0.55,24,23,23,22,1,0
631413,first,720575940627847752,3.575,31,31,31,30,0,0
631413,first,720575940629561347,0.275,17,19,17,17,0,2
631413,first,720575940631994728,-0.275,7,7,7,7,0,0
631413,first,720575940632134227,-0.55,7,6,6,6,1,0
631413,first,720575940632252743,9.350000000000001,43,43,43,42,0,0
631413,first,720575940636809646,-0.8250000000000001,15,15,15,15,0,0
631413,first,720575940637360730,-0.275,3,3,3,3,0,0
631413,first,720575940637656286,0.275,7,7,7,6,0,0
631413,first,720575940643867296,-0.275,41,41,41,40,0,0
631413,first,720575940644653348,-37.95,28,26,26,25,2,0
631413,first,720575940649829241,-0.275,34,34,34,34,0,0
631413,first,720575940660219265,0.55,55,56,55,54,0,1
631413,first,720575940660220289,-0.275,0,1,0,0,0,1
631413,last,720575940608498780,-0.275,18,19,18,18,0,1
631413,last,720575940609407939,20.625,31,32,31,31,0,1
631413,last,720575940610677828,-0.275,34,35,34,34,0,1
631413,last,720575940612603289,0.275,3,3,3,3,0,0
631413,last,720575940613347299,0.275,23,22,22,22,1,0
631413,last,720575940615041430,-0.275,80,82,80,80,0,2
631413,last,720575940615153494,0.55,4,4,4,4,0,0
631413,last,720575940615564959,-0.8250000000000001,3,4,3,3,0,1
631413,last,720575940616466260,-0.275,38,39,38,38,0,1
631413,last,720575940616857174,11.275,34,35,34,34,0,1
631413,last,720575940617488477,-0.275,9,9,9,9,0,0
631413,last,720575940617629841,-0.275,38,38,38,37,0,0
631413,last,720575940618472261,0.55,40,41,40,40,0,1
631413,last,720575940619114048,6.875000000000001,18,19,18,18,0,1
631413,last,720575940619853515,0.275,22,22,22,21,0,0
631413,last,720575940619877396,15.400000000000002,57,58,57,57,0,1
631413,last,720575940620062288,-1.9250000000000003,3,3,3,3,0,0
631413,last,720575940620673985,-0.8250000000000001,34,34,34,34,0,0
631413,last,720575940621261296,0.55,24,24,24,23,0,0
631413,last,720575940621771041,-0.55,5,5,5,5,0,0
631413,last,720575940622624214,4.4,4,4,4,4,0,0
631413,last,720575940623209165,0.8250000000000001,28,28,28,27,0,0
631413,last,720575940623211725,12.375000000000002,48,48,48,46,0,0
631413,last,720575940626038714,0.275,2,2,2,2,0,0
631413,last,720575940627779983,1.1,16,15,15,15,1,0
631413,last,720575940627814728,0.55,2,2,2,2,0,0
631413,last,720575940627819151,-0.55,24,23,23,23,1,0
631413,last,720575940627847752,3.575,31,31,31,30,0,0
631413,last,720575940629561347,0.275,17,19,17,17,0,2
631413,last,720575940631994728,-0.275,7,7,7,7,0,0
631413,last,720575940632134227,-0.55,7,6,6,6,1,0
631413,last,720575940632252743,9.350000000000001,43,43,43,42,0,0
631413,last,720575940636809646,-0.8250000000000001,15,15,15,15,0,0
631413,last,720575940637360730,-0.275,3,3,3,3,0,0
631413,last,720575940637656286,0.275,7,7,7,6,0,0
631413,last,720575940643867296,-0.275,41,41,41,40,0,0
631413,last,720575940644653348,-37.95,28,26,26,26,2,0
631413,last,720575940649829241,-0.275,34,34,34,34,0,0
631413,last,720575940660219265,0.55,55,56,55,55,0,1
631413,last,720575940660220289,-0.275,0,1,0,0,0,1
631414,first,720575940607272649,5.5,18,18,18,18,0,0
631414,first,720575940607386290,0.55,8,8,8,7,0,0
631414,first,720575940607451081,-0.275,9,9,9,9,0,0
631414,first,720575940609407939,0.8250000000000001,13,13,13,11,0,0
631414,first,720575940610001220,0.275,1,1,1,1,0,0
631414,first,720575940610258552,53.35,10,10,10,10,0,0
631414,first,720575940610677828,-0.275,14,14,14,14,0,0
631414,first,720575940611151406,24.750000000000004,2,2,2,2,0,0
631414,first,720575940611366058,1.375,1,1,1,1,0,0
631414,first,720575940611875570,0.8250000000000001,52,52,52,52,0,0
631414,first,720575940612208858,-2.75,3,4,3,3,0,1
631414,first,720575940612357618,2.2,4,5,4,4,0,1
631414,first,720575940612479205,-0.275,4,3,3,3,1,0
631414,first,720575940612603289,0.8250000000000001,1,1,1,1,0,0
631414,first,720575940612611301,1.1,22,23,22,20,0,1
631414,first,720575940612906518,-1.1,25,24,24,24,1,0
631414,first,720575940613347299,4.4,12,11,11,11,1,0
631414,first,720575940614730914,0.8250000000000001,5,4,4,4,1,0
631414,first,720575940614763666,15.950000000000001,26,26,26,23,0,0
631414,first,720575940614909506,-1.1,1,1,1,1,0,0
631414,first,720575940615623867,-2.2,2,2,2,2,0,0
631414,first,720575940615671106,17.325000000000003,27,25,25,23,2,0
631414,first,720575940616857174,5.2250000000000005,13,12,12,12,1,0
631414,first,720575940616864217,-0.275,13,13,13,13,0,0
631414,first,720575940616885538,0.55,60,60,60,60,0,0
631414,first,720575940617588258,0.275,12,11,11,10,1,0
631414,first,720575940617593233,0.55,19,19,19,19,0,0
631414,first,720575940617629841,-0.275,14,14,14,14,0,0
631414,first,720575940617937543,0.275,52,52,52,52,0,0
631414,first,720575940618574749,1.6500000000000001,12,13,12,12,0,1
631414,first,720575940618859480,7.425000000000001,4,4,4,4,0,0
631414,first,720575940619173534,0.8250000000000001,5,5,5,5,0,0
631414,first,720575940619853515,2.2,10,10,10,10,0,0
631414,first,720575940619877396,10.175,24,24,24,24,0,0
631414,first,720575940620874757,1.6500000000000001,30,30,30,28,0,0
631414,first,720575940620900446,1.375,50,50,50,50,0,0
631414,first,720575940621261296,4.675000000000001,11,11,11,11,0,0
631414,first,720575940621399899,-1.6500000000000001,15,15,15,15,0,0
631414,first,720575940621573030,-0.55,6,6,6,6,0,0
631414,first,720575940622624214,0.275,1,1,1,1,0,0
631414,first,720575940623210445,34.375,20,20,20,19,0,0
631414,first,720575940623211725,2.475,22,21,21,21,1,0
631414,first,720575940623453959,-1.1,8,8,8,7,0,0
631414,first,720575940624023188,0.275,9,8,8,7,1,0
631414,first,720575940624084372,77.55000000000001,2,2,2,2,0,0
631414,first,720575940624600840,-0.275,3,2,2,2,1,0
631414,first,720575940624966840,-0.8250000000000001,9,9,9,9,0,0
631414,first,720575940625705930,-0.275,20,19,19,19,1,0
631414,first,720575940625867056,0.55,18,18,18,18,0,0
631414,first,720575940626038714,4.4,1,1,1,1,0,0
631414,first,720575940626159306,0.55,1,1,1,0,0,0
631414,first,720575940626478082,-40.425000000000004,1,1,1,1,0,0
631414,first,720575940626495746,-26.675,11,11,11,11,0,0
631414,first,720575940626626597,-10.725000000000001,9,8,8,7,1,0
631414,first,720575940626993694,1.375,7,7,7,7,0,0
631414,first,720575940627086594,1.1,7,6,6,6,1,0
631414,first,720575940627383685,-0.275,38,38,38,37,0,0
631414,first,720575940627779983,4.125,8,7,7,7,1,0
631414,first,720575940627812168,3.3000000000000003,2,3,2,2,0,1
631414,first,720575940627847752,6.050000000000001,13,14,13,13,0,1
631414,first,720575940628648809,-0.55,14,14,14,14,0,0
631414,first,720575940628826128,-1.1,11,12,11,11,0,1
631414,first,720575940628972048,1.1,14,13,13,13,1,0
631414,first,720575940628998659,0.275,4,3,3,3,1,0
631414,first,720575940629176663,2.475,34,34,34,34,0,0
631414,first,720575940629508599,-1.375,1,1,1,1,0,0
631414,first,720575940629888530,0.275,38,38,38,38,0,0
631414,first,720575940630579574,0.55,17,16,16,15,1,0
631414,first,720575940630797113,0.275,50,50,50,50,0,0
631414,first,720575940630820919,2.2,14,13,13,13,1,0
631414,first,720575940631349335,0.55,20,20,20,19,0,0
631414,first,720575940631406411,-4.4,9,9,9,9,0,0
631414,first,720575940631629160,0.275,1,1,1,1,0,0
631414,first,720575940631662648,2.2,3,4,3,3,0,1
631414,first,720575940631703608,0.8250000000000001,14,13,13,12,1,0
631414,first,720575940631714119,-12.65,5,5,5,5,0,0
631414,first,720575940631959097,29.975,18,17,17,17,1,0
631414,first,720575940631997032,0.8250000000000001,13,13,13,13,0,0
631414,first,720575940632047890,7.425000000000001,23,22,22,22,1,0
631414,first,720575940632252743,0.8250000000000001,17,17,17,17,0,0
631414,first,720575940632365905,3.0250000000000004,11,11,11,11,0,0
631414,first,720575940632425919,4.675000000000001,44,44,44,44,0,0
631414,first,720575940632602532,0.8250000000000001,13,14,13,13,0,1
631414,first,720575940633293025,-4.125,6,6,6,6,0,0
631414,first,720575940633308371,-6.050000000000001,1,1,1,1,0,0
631414,first,720575940633674135,-0.275,14,14,14,14,0,0
631414,first,720575940634210155,2.75,2,2,2,2,0,0
631414,first,720575940635055039,0.275,11,11,11,11,0,0
631414,first,720575940635578303,32.45,12,11,11,11,1,0
631414,first,720575940636809646,-0.8250000000000001,5,5,5,5,0,0
631414,first,720575940636828334,63.25000000000001,1,1,1,1,0,0
631414,first,720575940639198653,0.8250000000000001,51,51,51,51,0,0
631414,first,720575940639285949,-1.6500000000000001,24,23,23,22,1,0
631414,first,720575940639425112,0.275,10,10,10,10,0,0
631414,first,720575940640839120,-5.775,3,3,3,3,0,0
631414,first,720575940644653348,-0.275,15,14,14,14,1,0
631414,first,720575940645045527,0.275,1,1,1,1,0,0
631414,first,720575940649829241,-0.55,15,15,15,15,0,0
631414,first,720575940652580086,-0.8250000000000001,30,30,30,29,0,0
631414,first,720575940655013025,0.275,15,14,14,14,1,0
631414,first,720575940655014049,5.2250000000000005,26,27,26,24,0,1
631414,first,720575940660219265,0.275,28,27,27,26,1,0
631414,last,720575940607272649,5.5,18,18,18,18,0,0
631414,last,720575940607386290,0.55,8,8,8,7,0,0
631414,last,720575940607451081,-0.275,9,9,9,9,0,0
631414,last,720575940609407939,0.8250000000000001,13,13,13,11,0,0
631414,last,720575940610001220,0.275,1,1,1,1,0,0
631414,last,720575940610258552,53.35,10,10,10,10,0,0
631414,last,720575940610677828,-0.275,14,14,14,14,0,0
631414,last,720575940611151406,24.750000000000004,2,2,2,2,0,0
631414,last,720575940611366058,1.375,1,1,1,1,0,0
631414,last,720575940611875570,0.8250000000000001,52,52,52,52,0,0
631414,last,720575940612208858,-2.75,3,4,3,3,0,1
631414,last,720575940612357618,2.2,4,5,4,4,0,1
631414,last,720575940612479205,-0.275,4,3,3,3,1,0
631414,last,720575940612603289,0.8250000000000001,1,1,1,1,0,0
631414,last,720575940612611301,1.1,22,23,22,22,0,1
631414,last,720575940612906518,-1.1,25,24,24,24,1,0
631414,last,720575940613347299,4.4,12,11,11,11,1,0
631414,last,720575940614730914,0.8250000000000001,5,4,4,4,1,0
631414,last,720575940614763666,15.950000000000001,26,26,26,23,0,0
631414,last,720575940614909506,-1.1,1,1,1,1,0,0
631414,last,720575940615623867,-2.2,2,2,2,2,0,0
631414,last,720575940615671106,17.325000000000003,27,25,25,25,2,0
631414,last,720575940616857174,5.2250000000000005,13,12,12,12,1,0
631414,last,720575940616864217,-0.275,13,13,13,13,0,0
631414,last,720575940616885538,0.55,60,60,60,60,0,0
631414,last,720575940617588258,0.275,12,11,11,11,1,0
631414,last,720575940617593233,0.55,19,19,19,19,0,0
631414,last,720575940617629841,-0.275,14,14,14,14,0,0
631414,last,720575940617937543,0.275,52,52,52,52,0,0
631414,last,720575940618574749,1.6500000000000001,12,13,12,12,0,1
631414,last,720575940618859480,7.425000000000001,4,4,4,4,0,0
631414,last,720575940619173534,0.8250000000000001,5,5,5,5,0,0
631414,last,720575940619853515,2.2,10,10,10,10,0,0
631414,last,720575940619877396,10.175,24,24,24,24,0,0
631414,last,720575940620874757,1.6500000000000001,30,30,30,28,0,0
631414,last,720575940620900446,1.375,50,50,50,50,0,0
631414,last,720575940621261296,4.675000000000001,11,11,11,11,0,0
631414,last,720575940621399899,-1.6500000000000001,15,15,15,15,0,0
631414,last,720575940621573030,-0.55,6,6,6,6,0,0
631414,last,720575940622624214,0.275,1,1,1,1,0,0
631414,last,720575940623210445,34.375,20,20,20,19,0,0
631414,last,720575940623211725,2.475,22,21,21,21,1,0
631414,last,720575940623453959,-1.1,8,8,8,7,0,0
631414,last,720575940624023188,0.275,9,8,8,8,1,0
631414,last,720575940624084372,77.55000000000001,2,2,2,2,0,0
631414,last,720575940624600840,-0.275,3,2,2,2,1,0
631414,last,720575940624966840,-0.8250000000000001,9,9,9,9,0,0
631414,last,720575940625705930,-0.275,20,19,19,19,1,0
631414,last,720575940625867056,0.55,18,18,18,18,0,0
631414,last,720575940626038714,4.4,1,1,1,1,0,0
631414,last,720575940626159306,0.55,1,1,1,0,0,0
631414,last,720575940626478082,-40.425000000000004,1,1,1,1,0,0
631414,last,720575940626495746,-26.675,11,11,11,11,0,0
631414,last,720575940626626597,-10.725000000000001,9,8,8,8,1,0
631414,last,720575940626993694,1.375,7,7,7,7,0,0
631414,last,720575940627086594,1.1,7,6,6,6,1,0
631414,last,720575940627383685,-0.275,38,38,38,37,0,0
631414,last,720575940627779983,4.125,8,7,7,7,1,0
631414,last,720575940627812168,3.3000000000000003,2,3,2,2,0,1
631414,last,720575940627847752,6.050000000000001,13,14,13,13,0,1
631414,last,720575940628648809,-0.55,14,14,14,14,0,0
631414,last,720575940628826128,-1.1,11,12,11,11,0,1
631414,last,720575940628972048,1.1,14,13,13,13,1,0
631414,last,720575940628998659,0.275,4,3,3,3,1,0
631414,last,720575940629176663,2.475,34,34,34,34,0,0
631414,last,720575940629508599,-1.375,1,1,1,1,0,0
631414,last,720575940629888530,0.275,38,38,38,38,0,0
631414,last,720575940630579574,0.55,17,16,16,16,1,0
631414,last,720575940630797113,0.275,50,50,50,50,0,0
631414,last,720575940630820919,2.2,14,13,13,13,1,0
631414,last,720575940631349335,0.55,20,20,20,19,0,0
631414,last,720575940631406411,-4.4,9,9,9,9,0,0
631414,last,720575940631629160,0.275,1,1,1,1,0,0
631414,last,720575940631662648,2.2,3,4,3,3,0,1
631414,last,720575940631703608,0.8250000000000001,14,13,13,13,1,0
631414,last,720575940631714119,-12.65,5,5,5,5,0,0
631414,last,720575940631959097,29.975,18,17,17,17,1,0
631414,last,720575940631997032,0.8250000000000001,13,13,13,13,0,0
631414,last,720575940632047890,7.425000000000001,23,22,22,22,1,0
631414,last,720575940632252743,0.8250000000000001,17,17,17,17,0,0
631414,last,720575940632365905,3.0250000000000004,11,11,11,11,0,0
631414,last,720575940632425919,4.675000000000001,44,44,44,44,0,0
631414,last,720575940632602532,0.8250000000000001,13,14,13,13,0,1
631414,last,720575940633293025,-4.125,6,6,6,6,0,0
631414,last,720575940633308371,-6.050000000000001,1,1,1,1,0,0
631414,last,720575940633674135,-0.275,14,14,14,14,0,0
631414,last,720575940634210155,2.75,2,2,2,2,0,0
631414,last,720575940635055039,0.275,11,11,11,11,0,0
631414,last,720575940635578303,32.45,12,11,11,11,1,0
631414,last,720575940636809646,-0.8250000000000001,5,5,5,5,0,0
631414,last,720575940636828334,63.25000000000001,1,1,1,1,0,0
631414,last,720575940639198653,0.8250000000000001,51,51,51,51,0,0
631414,last,720575940639285949,-1.6500000000000001,24,23,23,23,1,0
631414,last,720575940639425112,0.275,10,10,10,10,0,0
631414,last,720575940640839120,-5.775,3,3,3,3,0,0
631414,last,720575940644653348,-0.275,15,14,14,14,1,0
631414,last,720575940645045527,0.275,1,1,1,1,0,0
631414,last,720575940649829241,-0.55,15,15,15,15,0,0
631414,last,720575940652580086,-0.8250000000000001,30,30,30,29,0,0
631414,last,720575940655013025,0.275,15,14,14,14,1,0
631414,last,720575940655014049,5.2250000000000005,26,27,26,26,0,1
631414,last,720575940660219265,0.275,28,27,27,27,1,0
631415,first,720575940605682790,4.675000000000001,11,10,10,10,1,0
631415,first,720575940609133269,-0.275,12,12,12,12,0,0
631415,first,720575940609993284,0.275,12,12,12,12,0,0
631415,first,720575940610000964,11.0,16,16,16,16,0,0
631415,first,720575940610054980,-0.275,44,42,42,42,2,0
631415,first,720575940610611246,-12.65,7,6,6,6,1,0
631415,first,720575940611548878,-6.6000000000000005,28,26,26,26,2,0
631415,first,720575940613004402,-2.75,14,13,13,13,1,0
631415,first,720575940613943215,5.775,13,13,13,13,0,0
631415,first,720575940615041430,-0.275,67,68,67,65,0,1
631415,first,720575940616018956,-0.275,45,44,44,43,1,0
631415,first,720575940617494877,25.025000000000002,5,6,5,5,0,1
631415,first,720575940618472261,2.75,33,31,31,31,2,0
631415,first,720575940619048827,1.375,46,43,43,43,3,0
631415,first,720575940620025620,0.55,21,19,19,19,2,0
631415,first,720575940620170887,0.55,17,17,17,17,0,0
631415,first,720575940620254087,0.275,11,10,10,10,1,0
631415,first,720575940620335269,-0.275,38,35,35,35,3,0
631415,first,720575940622810153,0.275,30,28,28,28,2,0
631415,first,720575940623209165,2.2,21,19,19,19,2,0
631415,first,720575940625045180,115.50000000000001,53,49,49,49,4,0
631415,first,720575940625175054,8.25,39,38,38,38,1,0
631415,first,720575940625874992,106.42500000000001,46,43,43,43,3,0
631415,first,720575940625875504,-28.05,39,36,36,36,3,0
631415,first,720575940627107271,6.875000000000001,11,10,10,10,1,0
631415,first,720575940627828296,0.55,5,5,5,5,0,0
631415,first,720575940628598121,113.85000000000001,50,48,48,48,2,0
631415,first,720575940629207963,0.275,14,13,13,12,1,0
631415,first,720575940629778554,-2.2,66,63,63,63,3,0
631415,first,720575940629804158,-1.1,3,2,2,2,1,0
631415,first,720575940630094652,1.6500000000000001,4,4,4,4,0,0
631415,first,720575940630683385,-3.3000000000000003,34,31,31,31,3,0
631415,first,720575940630806267,-24.750000000000004,19,18,18,18,1,0
631415,first,720575940630868793,-1.375,74,71,71,71,3,0
631415,first,720575940631340815,-2.2,7,8,7,7,0,1
631415,first,720575940631918649,-1.6500000000000001,37,40,37,36,0,3
631415,first,720575940631999080,-25.575000000000003,22,20,20,20,2,0
631415,first,720575940632118156,90.2,50,47,47,47,3,0
631415,first,720575940632304711,-18.975,16,15,15,15,1,0
631415,first,720575940632602532,1.9250000000000003,27,25,25,25,2,0
631415,first,720575940634645600,99.275,45,43,43,43,2,0
631415,first,720575940636165624,45.1,19,17,17,17,2,0
631415,first,720575940636346487,17.325000000000003,1,1,1,1,0,0
631415,first,720575940637656286,28.05,3,3,3,3,0,0
631415,first,720575940638181092,41.800000000000004,41,40,40,40,1,0
631415,first,720575940639972816,-7.425000000000001,11,10,10,10,1,0
631415,first,720575940642428045,6.325,37,36,36,36,1,0
631415,first,720575940643867296,-239.525,38,37,37,37,1,0
631415,first,720575940660224641,-4.95,1,1,1,1,0,0
631415,last,720575940605682790,4.675000000000001,11,10,10,10,1,0
631415,last,720575940609133269,-0.275,12,12,12,12,0,0
631415,last,720575940609993284,0.275,12,12,12,12,0,0
631415,last,720575940610000964,11.0,16,16,16,16,0,0
631415,last,720575940610054980,-0.275,44,42,42,42,2,0
631415,last,720575940610611246,-12.65,7,6,6,6,1,0
631415,last,720575940611548878,-6.6000000000000005,28,26,26,26,2,0
631415,last,720575940613004402,-2.75,14,13,13,13,1,0
631415,last,720575940613943215,5.775,13,13,13,13,0,0
631415,last,720575940615041430,-0.275,67,68,67,67,0,1
631415,last,720575940616018956,-0.275,45,44,44,44,1,0
631415,last,720575940617494877,25.025000000000002,5,6,5,5,0,1
631415,last,720575940618472261,2.75,33,31,31,31,2,0
631415,last,720575940619048827,1.375,46,43,43,43,3,0
631415,last,720575940620025620,0.55,21,19,19,19,2,0
631415,last,720575940620170887,0.55,17,17,17,17,0,0
631415,last,720575940620254087,0.275,11,10,10,10,1,0
631415,last,720575940620335269,-0.275,38,35,35,35,3,0
631415,last,720575940622810153,0.275,30,28,28,28,2,0
631415,last,720575940623209165,2.2,21,19,19,19,2,0
631415,last,720575940625045180,115.50000000000001,53,49,49,49,4,0
631415,last,720575940625175054,8.25,39,38,38,38,1,0
631415,last,720575940625874992,106.42500000000001,46,43,43,43,3,0
631415,last,720575940625875504,-28.05,39,36,36,36,3,0
631415,last,720575940627107271,6.875000000000001,11,10,10,10,1,0
631415,last,720575940627828296,0.55,5,5,5,5,0,0
631415,last,720575940628598121,113.85000000000001,50,48,48,48,2,0
631415,last,720575940629207963,0.275,14,13,13,13,1,0
631415,last,720575940629778554,-2.2,66,63,63,63,3,0
631415,last,720575940629804158,-1.1,3,2,2,2,1,0
631415,last,720575940630094652,1.6500000000000001,4,4,4,4,0,0
631415,last,720575940630683385,-3.3000000000000003,34,31,31,31,3,0
631415,last,720575940630806267,-24.750000000000004,19,18,18,18,1,0
631415,last,720575940630868793,-1.375,74,71,71,71,3,0
631415,last,720575940631340815,-2.2,7,8,7,7,0,1
631415,last,720575940631918649,-1.6500000000000001,37,40,37,37,0,3
631415,last,720575940631999080,-25.575000000000003,22,20,20,20,2,0
631415,last,720575940632118156,90.2,50,47,47,47,3,0
631415,last,720575940632304711,-18.975,16,15,15,15,1,0
631415,last,720575940632602532,1.9250000000000003,27,25,25,25,2,0
631415,last,720575940634645600,99.275,45,43,43,43,2,0
631415,last,720575940636165624,45.1,19,17,17,17,2,0
631415,last,720575940636346487,17.325000000000003,1,1,1,1,0,0
631415,last,720575940637656286,28.05,3,3,3,3,0,0
631415,last,720575940638181092,41.800000000000004,41,40,40,40,1,0
631415,last,720575940639972816,-7.425000000000001,11,10,10,10,1,0
631415,last,720575940642428045,6.325,37,36,36,36,1,0
631415,last,720575940643867296,-239.525,38,37,37,37,1,0
631415,last,720575940660224641,-4.95,1,1,1,1,0,0
631416,first,720575940606607234,-4.125,5,5,5,5,0,0
631416,first,720575940610258552,0.275,7,7,7,7,0,0
631416,first,720575940610677828,-0.275,12,12,12,12,0,0
631416,first,720575940611875570,2.75,38,38,38,38,0,0
631416,first,720575940612036837,-0.275,10,10,10,10,0,0
631416,first,720575940615041430,-1.375,31,32,31,31,0,1
631416,first,720575940615623867,-6.050000000000001,1,0,0,0,1,0
631416,first,720575940615671106,0.8250000000000001,19,20,19,19,0,1
631416,first,720575940615715003,-0.55,2,1,1,1,1,0
631416,first,720575940616644411,-0.275,6,6,6,6,0,0
631416,first,720575940616885538,1.9250000000000003,44,44,44,44,0,0
631416,first,720575940619853515,0.8250000000000001,9,9,9,9,0,0
631416,first,720575940620900446,0.8250000000000001,42,42,42,42,0,0
631416,first,720575940621261296,1.6500000000000001,9,9,9,9,0,0
631416,first,720575940621586854,0.275,21,21,21,21,0,0
631416,first,720575940623453959,-0.275,6,7,6,6,0,1
631416,first,720575940624084372,49.225,1,1,1,1,0,0
631416,first,720575940625737776,-1.375,8,10,8,8,0,2
631416,first,720575940626478082,-1.375,0,1,0,0,0,1
631416,first,720575940626495746,-96.25000000000001,9,9,9,9,0,0
631416,first,720575940626993694,0.8250000000000001,5,5,5,5,0,0
631416,first,720575940627086594,54.175000000000004,6,7,6,6,0,1
631416,first,720575940627812168,0.55,4,5,4,4,0,1
631416,first,720575940628114684,-0.275,17,18,17,17,0,1
631416,first,720575940628648809,-0.275,12,12,12,12,0,0
631416,first,720575940628755815,-0.275,18,18,18,18,0,0
631416,first,720575940628826128,-0.275,10,9,9,9,1,0
631416,first,720575940629176663,1.9250000000000003,47,47,47,47,0,0
631416,first,720575940629664768,-4.125,2,3,2,2,0,1
631416,first,720575940629804158,-0.275,0,1,0,0,0,1
631416,first,720575940629812346,0.55,2,3,2,2,0,1
631416,first,720575940629888530,0.275,37,37,37,36,0,0
631416,first,720575940630579574,0.275,16,16,16,15,0,0
631416,first,720575940630820919,1.375,10,10,10,10,0,0
631416,first,720575940631340815,-1.6500000000000001,4,4,4,4,0,0
631416,first,720575940631349335,0.275,17,18,17,17,0,1
631416,first,720575940631959097,0.55,13,14,13,13,0,1
631416,first,720575940632047890,9.9,23,24,23,23,0,1
631416,first,720575940632159519,-0.275,4,4,4,4,0,0
631416,first,720575940632365905,3.3000000000000003,9,10,9,9,0,1
631416,first,720575940632425919,2.475,44,44,44,44,0,0
631416,first,720575940633143833,0.275,35,35,35,35,0,0
631416,first,720575940633293025,-1.6500000000000001,5,5,5,5,0,0
631416,first,720575940635578303,34.375,9,9,9,9,0,0
631416,first,720575940636828334,0.275,1,1,1,1,0,0
631416,first,720575940639198653,1.6500000000000001,48,48,48,48,0,0
631416,first,720575940640649691,0.55,50,50,50,50,0,0
631416,first,720575940655013025,0.275,12,12,12,12,0,0
631416,last,720575940606607234,-4.125,5,5,5,5,0,0
631416,last,720575940610258552,0.275,7,7,7,7,0,0
631416,last,720575940610677828,-0.275,12,12,12,12,0,0
631416,last,720575940611875570,2.75,38,38,38,38,0,0
631416,last,720575940612036837,-0.275,10,10,10,10,0,0
631416,last,720575940615041430,-1.375,31,32,31,31,0,1
631416,last,720575940615623867,-6.050000000000001,1,0,0,0,1,0
631416,last,720575940615671106,0.8250000000000001,19,20,19,19,0,1
631416,last,720575940615715003,-0.55,2,1,1,1,1,0
631416,last,720575940616644411,-0.275,6,6,6,6,0,0
631416,last,720575940616885538,1.9250000000000003,44,44,44,44,0,0
631416,last,720575940619853515,0.8250000000000001,9,9,9,9,0,0
631416,last,720575940620900446,0.8250000000000001,42,42,42,42,0,0
631416,last,720575940621261296,1.6500000000000001,9,9,9,9,0,0
631416,last,720575940621586854,0.275,21,21,21,21,0,0
631416,last,720575940623453959,-0.275,6,7,6,6,0,1
631416,last,720575940624084372,49.225,1,1,1,1,0,0
631416,last,720575940625737776,-1.375,8,10,8,8,0,2
631416,last,720575940626478082,-1.375,0,1,0,0,0,1
631416,last,720575940626495746,-96.25000000000001,9,9,9,9,0,0
631416,last,720575940626993694,0.8250000000000001,5,5,5,5,0,0
631416,last,720575940627086594,54.175000000000004,6,7,6,6,0,1
631416,last,720575940627812168,0.55,4,5,4,4,0,1
631416,last,720575940628114684,-0.275,17,18,17,17,0,1
631416,last,720575940628648809,-0.275,12,12,12,12,0,0
631416,last,720575940628755815,-0.275,18,18,18,18,0,0
631416,last,720575940628826128,-0.275,10,9,9,9,1,0
631416,last,720575940629176663,1.9250000000000003,47,47,47,47,0,0
631416,last,720575940629664768,-4.125,2,3,2,2,0,1
631416,last,720575940629804158,-0.275,0,1,0,0,0,1
631416,last,720575940629812346,0.55,2,3,2,2,0,1
631416,last,720575940629888530,0.275,37,37,37,36,0,0
631416,last,720575940630579574,0.275,16,16,16,15,0,0
631416,last,720575940630820919,1.375,10,10,10,10,0,0
631416,last,720575940631340815,-1.6500000000000001,4,4,4,4,0,0
631416,last,720575940631349335,0.275,17,18,17,17,0,1
631416,last,720575940631959097,0.55,13,14,13,13,0,1
631416,last,720575940632047890,9.9,23,24,23,23,0,1
631416,last,720575940632159519,-0.275,4,4,4,4,0,0
631416,last,720575940632365905,3.3000000000000003,9,10,9,9,0,1
631416,last,720575940632425919,2.475,44,44,44,44,0,0
631416,last,720575940633143833,0.275,35,35,35,35,0,0
631416,last,720575940633293025,-1.6500000000000001,5,5,5,5,0,0
631416,last,720575940635578303,34.375,9,9,9,9,0,0
631416,last,720575940636828334,0.275,1,1,1,1,0,0
631416,last,720575940639198653,1.6500000000000001,48,48,48,48,0,0
631416,last,720575940640649691,0.55,50,50,50,50,0,0
631416,last,720575940655013025,0.275,12,12,12,12,0,0
631417,first,720575940605513649,-0.55,2,1,1,1,1,0
631417,first,720575940606852018,-1.375,0,1,0,0,0,1
631417,first,720575940608349379,-0.275,3,1,1,1,2,0
631417,first,720575940609016843,-1.1,3,1,1,1,2,0
631417,first,720575940612766515,-0.55,3,1,1,1,2,0
631417,first,720575940618995393,-1.1,3,1,1,1,2,0
631417,first,720575940620282900,59.675000000000004,3,1,1,1,2,0
631417,first,720575940620873793,75.625,3,1,1,1,2,0
631417,first,720575940621468404,0.55,3,1,1,1,2,0
631417,first,720575940623072013,-0.275,3,1,1,1,2,0
631417,first,720575940633116256,-2.2,2,1,1,1,1,0
631417,first,720575940638088262,-1.6500000000000001,3,1,1,1,2,0
631417,last,720575940605513649,-0.55,2,1,1,1,1,0
631417,last,720575940606852018,-1.375,0,1,0,0,0,1
631417,last,720575940608349379,-0.275,3,1,1,1,2,0
631417,last,720575940609016843,-1.1,3,1,1,1,2,0
631417,last,720575940612766515,-0.55,3,1,1,1,2,0
631417,last,720575940618995393,-1.1,3,1,1,1,2,0
631417,last,720575940620282900,59.675000000000004,3,1,1,1,2,0
631417,last,720575940620873793,75.625,3,1,1,1,2,0
631417,last,720575940621468404,0.55,3,1,1,1,2,0
631417,last,720575940623072013,-0.275,3,1,1,1,2,0
631417,last,720575940633116256,-2.2,2,1,1,1,1,0
631417,last,720575940638088262,-1.6500000000000001,3,1,1,1,2,0
631418,first,720575940605682790,4.675000000000001,2,2,2,2,0,0
631418,first,720575940609133269,-0.275,3,4,3,3,0,1
631418,first,720575940609993284,0.275,4,4,4,4,0,0
631418,first,720575940610000964,11.0,4,4,4,4,0,0
631418,first,720575940610054980,-0.275,11,13,11,11,0,2
631418,first,720575940610611246,-12.65,1,2,1,1,0,1
631418,first,720575940611548878,-6.6000000000000005,5,7,5,5,0,2
631418,first,720575940613004402,-2.75,2,3,2,2,0,1
631418,first,720575940613943215,5.775,3,4,3,3,0,1
631418,first,720575940615041430,-0.275,21,21,21,21,0,0
631418,first,720575940616018956,-0.275,13,14,13,13,0,1
631418,first,720575940617494877,25.025000000000002,3,2,2,2,1,0
631418,first,720575940618472261,2.75,8,9,8,8,0,1
631418,first,720575940619048827,1.375,8,10,8,8,0,2
631418,first,720575940620025620,0.55,5,5,5,5,0,0
631418,first,720575940620170887,0.55,5,6,5,5,0,1
631418,first,720575940620254087,0.275,4,4,4,4,0,0
631418,first,720575940620335269,-0.275,10,11,10,10,0,1
631418,first,720575940622810153,0.275,6,8,6,6,0,2
631418,first,720575940623209165,2.2,5,6,5,5,0,1
631418,first,720575940625045180,115.50000000000001,12,14,12,12,0,2
631418,first,720575940625175054,8.25,11,12,11,11,0,1
631418,first,720575940625874992,106.42500000000001,9,9,9,9,0,0
631418,first,720575940625875504,-28.05,7,9,7,7,0,2
631418,first,720575940627107271,6.875000000000001,2,2,2,2,0,0
631418,first,720575940627828296,0.55,2,2,2,2,0,0
631418,first,720575940628598121,113.85000000000001,11,13,11,11,0,2
631418,first,720575940628995331,23.375000000000004,2,1,1,1,1,0
631418,first,720575940629207963,0.275,3,4,3,3,0,1
631418,first,720575940629778554,-2.2,15,18,15,15,0,3
631418,first,720575940629804158,-1.1,1,1,1,1,0,0
631418,first,720575940630094652,1.6500000000000001,1,2,1,1,0,1
631418,first,720575940630683385,-3.3000000000000003,6,8,6,6,0,2
631418,first,720575940630806267,-24.750000000000004,4,4,4,4,0,0
631418,first,720575940630868793,-1.375,16,19,16,16,0,3
631418,first,720575940631340815,-2.2,2,3,2,2,0,1
631418,first,720575940631918649,-1.6500000000000001,15,14,14,14,1,0
631418,first,720575940631999080,-25.575000000000003,4,5,4,4,0,1
631418,first,720575940632118156,90.2,11,12,11,11,0,1
631418,first,720575940632304711,-18.975,3,3,3,3,0,0
631418,first,720575940632602532,1.9250000000000003,8,9,8,8,0,1
631418,first,720575940634645600,99.275,9,11,9,9,0,2
631418,first,720575940636165624,45.1,4,4,4,4,0,0
631418,first,720575940636346487,17.325000000000003,2,1,1,1,1,0
631418,first,720575940637656286,28.05,2,2,2,2,0,0
631418,first,720575940638181092,41.800000000000004,9,11,9,9,0,2
631418,first,720575940639972816,-7.425000000000001,2,2,2,2,0,0
631418,first,720575940642428045,6.325,11,12,11,11,0,1
631418,first,720575940643867296,-239.525,10,10,10,10,0,0
631418,last,720575940605682790,4.675000000000001,2,2,2,2,0,0
631418,last,720575940609133269,-0.275,3,4,3,3,0,1
631418,last,720575940609993284,0.275,4,4,4,4,0,0
631418,last,720575940610000964,11.0,4,4,4,4,0,0
631418,last,720575940610054980,-0.275,11,13,11,11,0,2
631418,last,720575940610611246,-12.65,1,2,1,1,0,1
631418,last,720575940611548878,-6.6000000000000005,5,7,5,5,0,2
631418,last,720575940613004402,-2.75,2,3,2,2,0,1
631418,last,720575940613943215,5.775,3,4,3,3,0,1
631418,last,720575940615041430,-0.275,21,21,21,21,0,0
631418,last,720575940616018956,-0.275,13,14,13,13,0,1
631418,last,720575940617494877,25.025000000000002,3,2,2,2,1,0
631418,last,720575940618472261,2.75,8,9,8,8,0,1
631418,last,720575940619048827,1.375,8,10,8,8,0,2
631418,last,720575940620025620,0.55,5,5,5,5,0,0
631418,last,720575940620170887,0.55,5,6,5,5,0,1
631418,last,720575940620254087,0.275,4,4,4,4,0,0
631418,last,720575940620335269,-0.275,10,11,10,10,0,1
631418,last,720575940622810153,0.275,6,8,6,6,0,2
631418,last,720575940623209165,2.2,5,6,5,5,0,1
631418,last,720575940625045180,115.50000000000001,12,14,12,12,0,2
631418,last,720575940625175054,8.25,11,12,11,11,0,1
631418,last,720575940625874992,106.42500000000001,9,9,9,9,0,0
631418,last,720575940625875504,-28.05,7,9,7,7,0,2
631418,last,720575940627107271,6.875000000000001,2,2,2,2,0,0
631418,last,720575940627828296,0.55,2,2,2,2,0,0
631418,last,720575940628598121,113.85000000000001,11,13,11,11,0,2
631418,last,720575940628995331,23.375000000000004,2,1,1,1,1,0
631418,last,720575940629207963,0.275,3,4,3,3,0,1
631418,last,720575940629778554,-2.2,15,18,15,15,0,3
631418,last,720575940629804158,-1.1,1,1,1,1,0,0
631418,last,720575940630094652,1.6500000000000001,1,2,1,1,0,1
631418,last,720575940630683385,-3.3000000000000003,6,8,6,6,0,2
631418,last,720575940630806267,-24.750000000000004,4,4,4,4,0,0
631418,last,720575940630868793,-1.375,16,19,16,16,0,3
631418,last,720575940631340815,-2.2,2,3,2,2,0,1
631418,last,720575940631918649,-1.6500000000000001,15,14,14,14,1,0
631418,last,720575940631999080,-25.575000000000003,4,5,4,4,0,1
631418,last,720575940632118156,90.2,11,12,11,11,0,1
631418,last,720575940632304711,-18.975,3,3,3,3,0,0
631418,last,720575940632602532,1.9250000000000003,8,9,8,8,0,1
631418,last,720575940634645600,99.275,9,11,9,9,0,2
631418,last,720575940636165624,45.1,4,4,4,4,0,0
631418,last,720575940636346487,17.325000000000003,2,1,1,1,1,0
631418,last,720575940637656286,28.05,2,2,2,2,0,0
631418,last,720575940638181092,41.800000000000004,9,11,9,9,0,2
631418,last,720575940639972816,-7.425000000000001,2,2,2,2,0,0
631418,last,720575940642428045,6.325,11,12,11,11,0,1
631418,last,720575940643867296,-239.525,10,10,10,10,0,0
631419,first,720575940605682790,3.575,3,4,3,3,0,1
631419,first,720575940610000964,9.075000000000001,5,6,5,5,0,1
631419,first,720575940610054980,-2.2,13,15,13,13,0,2
631419,first,720575940610611246,-6.6000000000000005,2,3,2,2,0,1
631419,first,720575940611548878,-1.1,10,10,10,10,0,0
631419,first,720575940613004402,-0.275,4,5,4,4,0,1
631419,first,720575940613943215,5.2250000000000005,5,6,5,5,0,1
631419,first,720575940616018956,-1.1,14,15,14,14,0,1
631419,first,720575940617494877,19.525000000000002,1,1,1,1,0,0
631419,first,720575940618165019,2.2,24,27,24,24,0,3
631419,first,720575940618472261,2.2,11,13,11,11,0,2
631419,first,720575940619048827,1.1,13,15,13,13,0,2
631419,first,720575940619176094,0.55,1,1,1,1,0,0
631419,first,720575940620025620,0.8250000000000001,6,7,6,6,0,1
631419,first,720575940620170887,4.125,5,6,5,5,0,1
631419,first,720575940620254087,0.275,4,5,4,4,0,1
631419,first,720575940620274085,-0.275,17,16,16,16,1,0
631419,first,720575940620335269,-0.8250000000000001,12,14,12,12,0,2
631419,first,720575940621573030,-1.6500000000000001,4,3,3,3,1,0
631419,first,720575940622810153,0.275,9,11,9,9,0,2
631419,first,720575940623209165,0.8250000000000001,5,7,5,5,0,2
631419,first,720575940625045180,95.15,14,18,14,14,0,4
631419,first,720575940625175054,5.2250000000000005,13,13,13,13,0,0
631419,first,720575940625874992,110.275,13,15,13,13,0,2
631419,first,720575940625875504,-28.325000000000003,12,13,12,12,0,1
631419,first,720575940627107271,4.125,4,4,4,4,0,0
631419,first,720575940627446661,0.275,3,3,3,2,0,0
631419,first,720575940628598121,94.87500000000001,14,18,14,14,0,4
631419,first,720575940628676457,1.375,4,4,4,4,0,0
631419,first,720575940629207963,0.275,4,5,4,4,0,1
631419,first,720575940629778554,-2.75,19,22,19,19,0,3
631419,first,720575940630094652,1.1,1,1,1,1,0,0
631419,first,720575940630683385,-1.6500000000000001,9,11,9,9,0,2
631419,first,720575940630771449,0.8250000000000001,6,7,6,5,0,1
631419,first,720575940630806267,-25.575000000000003,6,7,6,6,0,1
631419,first,720575940631340815,-0.8250000000000001,3,3,3,3,0,0
631419,first,720575940631918649,-0.8250000000000001,14,13,13,12,1,0
631419,first,720575940631999080,-25.85,7,9,7,7,0,2
631419,first,720575940632118156,81.67500000000001,14,17,14,14,0,3
631419,first,720575940632134227,-0.275,1,1,1,1,0,0
631419,first,720575940632304711,-21.725,5,6,5,5,0,1
631419,first,720575940632602532,0.8250000000000001,9,9,9,9,0,0
631419,first,720575940633373651,0.8250000000000001,1,2,1,1,0,1
631419,first,720575940634645600,85.525,13,15,13,13,0,2
631419,first,720575940636165624,34.925000000000004,5,6,5,5,0,1
631419,first,720575940636346487,17.05,1,1,1,1,0,0
631419,first,720575940637656286,27.225,1,1,1,1,0,0
631419,first,720575940638181092,40.7,12,15,12,12,0,3
631419,first,720575940639786915,0.275,5,6,5,5,0,1
631419,first,720575940639972816,-6.325,4,4,4,4,0,0
631419,first,720575940642428045,8.25,11,11,11,11,0,0
631419,first,720575940643867296,-208.175,8,11,8,8,0,3
631419,last,720575940605682790,3.575,3,4,3,3,0,1
631419,last,720575940610000964,9.075000000000001,5,6,5,5,0,1
631419,last,720575940610054980,-2.2,13,15,13,13,0,2
631419,last,720575940610611246,-6.6000000000000005,2,3,2,2,0,1
631419,last,720575940611548878,-1.1,10,10,10,10,0,0
631419,last,720575940613004402,-0.275,4,5,4,4,0,1
631419,last,720575940613943215,5.2250000000000005,5,6,5,5,0,1
631419,last,720575940616018956,-1.1,14,15,14,14,0,1
631419,last,720575940617494877,19.525000000000002,1,1,1,1,0,0
631419,last,720575940618165019,2.2,24,27,24,24,0,3
631419,last,720575940618472261,2.2,11,13,11,11,0,2
631419,last,720575940619048827,1.1,13,15,13,13,0,2
631419,last,720575940619176094,0.55,1,1,1,1,0,0
631419,last,720575940620025620,0.8250000000000001,6,7,6,6,0,1
631419,last,720575940620170887,4.125,5,6,5,5,0,1
631419,last,720575940620254087,0.275,4,5,4,4,0,1
631419,last,720575940620274085,-0.275,17,16,16,16,1,0
631419,last,720575940620335269,-0.8250000000000001,12,14,12,12,0,2
631419,last,720575940621573030,-1.6500000000000001,4,3,3,3,1,0
631419,last,720575940622810153,0.275,9,11,9,9,0,2
631419,last,720575940623209165,0.8250000000000001,5,7,5,5,0,2
631419,last,720575940625045180,95.15,14,18,14,14,0,4
631419,last,720575940625175054,5.2250000000000005,13,13,13,13,0,0
631419,last,720575940625874992,110.275,13,15,13,13,0,2
631419,last,720575940625875504,-28.325000000000003,12,13,12,12,0,1
631419,last,720575940627107271,4.125,4,4,4,4,0,0
631419,last,720575940627446661,0.275,3,3,3,2,0,0
631419,last,720575940628598121,94.87500000000001,14,18,14,14,0,4
631419,last,720575940628676457,1.375,4,4,4,4,0,0
631419,last,720575940629207963,0.275,4,5,4,4,0,1
631419,last,720575940629778554,-2.75,19,22,19,19,0,3
631419,last,720575940630094652,1.1,1,1,1,1,0,0
631419,last,720575940630683385,-1.6500000000000001,9,11,9,9,0,2
631419,last,720575940630771449,0.8250000000000001,6,7,6,6,0,1
631419,last,720575940630806267,-25.575000000000003,6,7,6,6,0,1
631419,last,720575940631340815,-0.8250000000000001,3,3,3,3,0,0
631419,last,720575940631918649,-0.8250000000000001,14,13,13,13,1,0
631419,last,720575940631999080,-25.85,7,9,7,7,0,2
631419,last,720575940632118156,81.67500000000001,14,17,14,14,0,3
631419,last,720575940632134227,-0.275,1,1,1,1,0,0
631419,last,720575940632304711,-21.725,5,6,5,5,0,1
631419,last,720575940632602532,0.8250000000000001,9,9,9,9,0,0
631419,last,720575940633373651,0.8250000000000001,1,2,1,1,0,1
631419,last,720575940634645600,85.525,13,15,13,13,0,2
631419,last,720575940636165624,34.925000000000004,5,6,5,5,0,1
631419,last,720575940636346487,17.05,1,1,1,1,0,0
631419,last,720575940637656286,27.225,1,1,1,1,0,0
631419,last,720575940638181092,40.7,12,15,12,12,0,3
631419,last,720575940639786915,0.275,5,6,5,5,0,1
631419,last,720575940639972816,-6.325,4,4,4,4,0,0
631419,last,720575940642428045,8.25,11,11,11,11,0,0
631419,last,720575940643867296,-208.175,8,11,8,8,0,3
631420,first,720575940605682790,18.150000000000002,6,7,6,6,0,1
631420,first,720575940610000964,6.875000000000001,9,9,9,9,0,0
631420,first,720575940610054980,-14.025,30,31,30,30,0,1
631420,first,720575940610611246,-20.625,5,5,5,5,0,0
631420,first,720575940611548878,-1.375,19,19,19,18,0,0
631420,first,720575940612357618,0.55,3,4,3,3,0,1
631420,first,720575940613004402,-0.275,9,10,9,9,0,1
631420,first,720575940613943215,3.3000000000000003,8,8,8,8,0,0
631420,first,720575940617494877,1.375,5,4,4,4,1,0
631420,first,720575940618165019,0.8250000000000001,47,51,47,47,0,4
631420,first,720575940618472261,0.8250000000000001,22,24,22,21,0,2
631420,first,720575940619048827,1.1,28,31,28,28,0,3
631420,first,720575940620025620,0.55,13,14,13,13,0,1
631420,first,720575940620170887,25.575000000000003,10,10,10,10,0,0
631420,first,720575940620335269,-11.825000000000001,24,26,24,24,0,2
631420,first,720575940621573030,-1.375,9,8,8,8,1,0
631420,first,720575940622348156,1.9250000000000003,9,8,8,8,1,0
631420,first,720575940622810153,0.275,19,21,19,19,0,2
631420,first,720575940623209165,0.55,14,14,14,14,0,0
631420,first,720575940624623287,-0.275,13,13,13,13,0,0
631420,first,720575940625045180,58.575,33,36,33,33,0,3
631420,first,720575940625175054,3.8500000000000005,26,27,26,26,0,1
631420,first,720575940625874992,46.2,27,31,27,27,0,4
631420,first,720575940626468178,-0.275,1,0,0,0,1,0
631420,first,720575940627107271,6.6000000000000005,7,8,7,7,0,1
631420,first,720575940627828296,4.125,3,3,3,3,0,0
631420,first,720575940628598121,17.325000000000003,31,35,31,31,0,4
631420,first,720575940628676457,3.575,9,9,9,9,0,0
631420,first,720575940628995331,3.8500000000000005,1,0,0,0,1,0
631420,first,720575940630094652,2.475,3,2,2,2,1,0
631420,first,720575940630488540,-0.275,5,5,5,5,0,0
631420,first,720575940630683385,-1.9250000000000003,26,27,26,26,0,1
631420,first,720575940630868793,-0.8250000000000001,48,53,48,48,0,5
631420,first,720575940631349335,0.55,24,24,24,23,0,0
631420,first,720575940631918649,-0.275,27,29,27,27,0,2
631420,first,720575940632047890,2.2,32,32,32,31,0,0
631420,first,720575940632118156,13.750000000000002,29,33,29,28,0,4
631420,first,720575940632602532,22.0,19,19,19,18,0,0
631420,first,720575940633373651,1.9250000000000003,3,2,2,2,1,0
631420,first,720575940634645600,21.450000000000003,28,31,28,28,0,3
631420,first,720575940636165624,18.975,10,12,10,10,0,2
631420,first,720575940636346487,1.9250000000000003,2,0,0,0,2,0
631420,first,720575940637656286,0.8250000000000001,2,1,1,1,1,0
631420,first,720575940638181092,26.675,26,30,26,26,0,4
631420,first,720575940639786915,0.275,12,12,12,12,0,0
631420,first,720575940642428045,8.25,23,23,23,23,0,0
631420,first,720575940643867296,-26.125000000000004,21,25,21,21,0,4
631420,last,720575940605682790,18.150000000000002,6,7,6,6,0,1
631420,last,720575940610000964,6.875000000000001,9,9,9,9,0,0
631420,last,720575940610054980,-14.025,30,31,30,30,0,1
631420,last,720575940610611246,-20.625,5,5,5,5,0,0
631420,last,720575940611548878,-1.375,19,19,19,18,0,0
631420,last,720575940612357618,0.55,3,4,3,3,0,1
631420,last,720575940613004402,-0.275,9,10,9,9,0,1
631420,last,720575940613943215,3.3000000000000003,8,8,8,8,0,0
631420,last,720575940617494877,1.375,5,4,4,4,1,0
631420,last,720575940618165019,0.8250000000000001,47,51,47,47,0,4
631420,last,720575940618472261,0.8250000000000001,22,24,22,22,0,2
631420,last,720575940619048827,1.1,28,31,28,28,0,3
631420,last,720575940620025620,0.55,13,14,13,13,0,1
631420,last,720575940620170887,25.575000000000003,10,10,10,10,0,0
631420,last,720575940620335269,-11.825000000000001,24,26,24,24,0,2
631420,last,720575940621573030,-1.375,9,8,8,8,1,0
631420,last,720575940622348156,1.9250000000000003,9,8,8,8,1,0
631420,last,720575940622810153,0.275,19,21,19,19,0,2
631420,last,720575940623209165,0.55,14,14,14,14,0,0
631420,last,720575940624623287,-0.275,13,13,13,13,0,0
631420,last,720575940625045180,58.575,33,36,33,33,0,3
631420,last,720575940625175054,3.8500000000000005,26,27,26,26,0,1
631420,last,720575940625874992,46.2,27,31,27,27,0,4
631420,last,720575940626468178,-0.275,1,0,0,0,1,0
631420,last,720575940627107271,6.6000000000000005,7,8,7,7,0,1
631420,last,720575940627828296,4.125,3,3,3,3,0,0
631420,last,720575940628598121,17.325000000000003,31,35,31,31,0,4
631420,last,720575940628676457,3.575,9,9,9,9,0,0
631420,last,720575940628995331,3.8500000000000005,1,0,0,0,1,0
631420,last,720575940630094652,2.475,3,2,2,2,1,0
631420,last,720575940630488540,-0.275,5,5,5,5,0,0
631420,last,720575940630683385,-1.9250000000000003,26,27,26,26,0,1
631420,last,720575940630868793,-0.8250000000000001,48,53,48,48,0,5
631420,last,720575940631349335,0.55,24,24,24,23,0,0
631420,last,720575940631918649,-0.275,27,29,27,27,0,2
631420,last,720575940632047890,2.2,32,32,32,31,0,0
631420,last,720575940632118156,13.750000000000002,29,33,29,29,0,4
631420,last,720575940632602532,22.0,19,19,19,18,0,0
631420,last,720575940633373651,1.9250000000000003,3,2,2,2,1,0
631420,last,720575940634645600,21.450000000000003,28,31,28,28,0,3
631420,last,720575940636165624,18.975,10,12,10,10,0,2
631420,last,720575940636346487,1.9250000000000003,2,0,0,0,2,0
631420,last,720575940637656286,0.8250000000000001,2,1,1,1,1,0
631420,last,720575940638181092,26.675,26,30,26,26,0,4
631420,last,720575940639786915,0.275,12,12,12,12,0,0
631420,last,720575940642428045,8.25,23,23,23,23,0,0
631420,last,720575940643867296,-26.125000000000004,21,25,21,21,0,4
631421,first,720575940605658033,0.275,5,5,5,5,0,0
631421,first,720575940607386290,1.1,5,4,4,4,1,0
631421,first,720575940608498780,-3.0250000000000004,5,5,5,5,0,0
631421,first,720575940609405635,-6.875000000000001,5,6,5,5,0,1
631421,first,720575940609407939,1.6500000000000001,8,8,8,8,0,0
631421,first,720575940610803554,-4.95,6,7,6,6,0,1
631421,first,720575940611015122,2.75,6,6,6,6,0,0
631421,first,720575940611436408,0.275,5,5,5,5,0,0
631421,first,720575940612357618,1.375,3,2,2,2,1,0
631421,first,720575940612558061,-0.275,7,7,7,7,0,0
631421,first,720575940612611301,16.225,13,13,13,12,0,0
631421,first,720575940612906518,-4.125,15,15,15,15,0,0
631421,first,720575940613347299,9.075000000000001,5,5,5,5,0,0
631421,first,720575940614730914,1.1,2,2,2,2,0,0
631421,first,720575940615041430,-7.700000000000001,22,23,22,22,0,1
631421,first,720575940615153494,2.2,2,2,2,2,0,0
631421,first,720575940615671106,0.275,15,15,15,15,0,0
631421,first,720575940616864086,-0.55,5,5,5,5,0,0
631421,first,720575940617552057,-0.55,7,7,7,7,0,0
631421,first,720575940618726171,-0.275,3,3,3,3,0,0
631421,first,720575940619114048,71.5,5,5,5,5,0,0
631421,first,720575940619173534,2.475,4,4,4,4,0,0
631421,first,720575940619176094,3.3000000000000003,1,1,1,1,0,0
631421,first,720575940619877396,23.650000000000002,14,14,14,14,0,0
631421,first,720575940620062288,-9.9,1,1,1,1,0,0
631421,first,720575940620254087,0.275,4,4,4,4,0,0
631421,first,720575940620673985,-0.55,9,9,9,9,0,0
631421,first,720575940620805046,1.1,3,3,3,3,0,0
631421,first,720575940620874757,0.8250000000000001,20,20,20,19,0,0
631421,first,720575940621261296,0.275,7,7,7,7,0,0
631421,first,720575940621422518,-1.1,4,4,4,4,0,0
631421,first,720575940621538142,-2.2,6,6,6,6,0,0
631421,first,720575940621771041,-0.8250000000000001,1,2,1,1,0,1
631421,first,720575940622624214,10.725000000000001,2,2,2,2,0,0
631421,first,720575940622734106,-0.275,0,1,0,0,0,1
631421,first,720575940623211725,6.325,14,15,14,14,0,1
631421,first,720575940625047484,-0.275,10,10,10,10,0,0
631421,first,720575940625867056,0.8250000000000001,12,12,12,12,0,0
631421,first,720575940626626597,-0.275,5,5,5,5,0,0
631421,first,720575940627083294,1.6500000000000001,3,3,3,3,0,0
631421,first,720575940627086594,0.55,4,5,4,4,0,1
631421,first,720575940627779983,3.3000000000000003,5,5,5,5,0,0
631421,first,720575940627814728,2.2,1,2,1,1,0,1
631421,first,720575940627847752,0.55,9,9,9,9,0,0
631421,first,720575940629421415,-0.275,1,2,1,1,0,1
631421,first,720575940629561347,0.55,5,5,5,5,0,0
631421,first,720575940629888530,0.275,26,26,26,26,0,0
631421,first,720575940630579574,27.225,13,11,11,11,2,0
631421,first,720575940630781433,0.275,2,1,1,1,1,0
631421,first,720575940630820919,7.15,9,9,9,9,0,0
631421,first,720575940631349335,0.275,12,12,12,12,0,0
631421,first,720575940631662648,0.275,2,1,1,0,1,0
631421,first,720575940632134227,-3.0250000000000004,2,2,2,2,0,0
631421,first,720575940632252743,1.375,11,11,11,11,0,0
631421,first,720575940633277209,-0.275,16,17,16,16,0,1
631421,first,720575940634210155,5.2250000000000005,1,2,1,1,0,1
631421,first,720575940634825623,0.55,2,3,2,2,0,1
631421,first,720575940635055039,0.275,7,8,7,7,0,1
631421,first,720575940635578303,1.1,6,7,6,6,0,1
631421,first,720575940636053678,-0.8250000000000001,14,13,13,13,1,0
631421,first,720575940636809646,-1.375,4,4,4,4,0,0
631421,first,720575940637144944,2.75,2,2,2,2,0,0
631421,first,720575940637656286,0.55,1,1,1,1,0,0
631421,first,720575940639285949,-4.4,15,15,15,15,0,0
631421,first,720575940644653348,-15.950000000000001,7,7,7,7,0,0
631421,first,720575940644758308,-0.55,1,1,1,1,0,0
631421,first,720575940655013025,0.275,9,8,8,8,1,0
631421,last,720575940605658033,0.275,5,5,5,5,0,0
631421,last,720575940607386290,1.1,5,4,4,4,1,0
631421,last,720575940608498780,-3.0250000000000004,5,5,5,5,0,0
631421,last,720575940609405635,-6.875000000000001,5,6,5,5,0,1
631421,last,720575940609407939,1.6500000000000001,8,8,8,8,0,0
631421,last,720575940610803554,-4.95,6,7,6,6,0,1
631421,last,720575940611015122,2.75,6,6,6,6,0,0
631421,last,720575940611436408,0.275,5,5,5,5,0,0
631421,last,720575940612357618,1.375,3,2,2,2,1,0
631421,last,720575940612558061,-0.275,7,7,7,7,0,0
631421,last,720575940612611301,16.225,13,13,13,12,0,0
631421,last,720575940612906518,-4.125,15,15,15,15,0,0
631421,last,720575940613347299,9.075000000000001,5,5,5,5,0,0
631421,last,720575940614730914,1.1,2,2,2,2,0,0
631421,last,720575940615041430,-7.700000000000001,22,23,22,22,0,1
631421,last,720575940615153494,2.2,2,2,2,2,0,0
631421,last,720575940615671106,0.275,15,15,15,15,0,0
631421,last,720575940616864086,-0.55,5,5,5,5,0,0
631421,last,720575940617552057,-0.55,7,7,7,7,0,0
631421,last,720575940618726171,-0.275,3,3,3,3,0,0
631421,last,720575940619114048,71.5,5,5,5,5,0,0
631421,last,720575940619173534,2.475,4,4,4,4,0,0
631421,last,720575940619176094,3.3000000000000003,1,1,1,1,0,0
631421,last,720575940619877396,23.650000000000002,14,14,14,14,0,0
631421,last,720575940620062288,-9.9,1,1,1,1,0,0
631421,last,720575940620254087,0.275,4,4,4,4,0,0
631421,last,720575940620673985,-0.55,9,9,9,9,0,0
631421,last,720575940620805046,1.1,3,3,3,3,0,0
631421,last,720575940620874757,0.8250000000000001,20,20,20,19,0,0
631421,last,720575940621261296,0.275,7,7,7,7,0,0
631421,last,720575940621422518,-1.1,4,4,4,4,0,0
631421,last,720575940621538142,-2.2,6,6,6,6,0,0
631421,last,720575940621771041,-0.8250000000000001,1,2,1,1,0,1
631421,last,720575940622624214,10.725000000000001,2,2,2,2,0,0
631421,last,720575940622734106,-0.275,0,1,0,0,0,1
631421,last,720575940623211725,6.325,14,15,14,14,0,1
631421,last,720575940625047484,-0.275,10,10,10,10,0,0
631421,last,720575940625867056,0.8250000000000001,12,12,12,12,0,0
631421,last,720575940626626597,-0.275,5,5,5,5,0,0
631421,last,720575940627083294,1.6500000000000001,3,3,3,3,0,0
631421,last,720575940627086594,0.55,4,5,4,4,0,1
631421,last,720575940627779983,3.3000000000000003,5,5,5,5,0,0
631421,last,720575940627814728,2.2,1,2,1,1,0,1
631421,last,720575940627847752,0.55,9,9,9,9,0,0
631421,last,720575940629421415,-0.275,1,2,1,1,0,1
631421,last,720575940629561347,0.55,5,5,5,5,0,0
631421,last,720575940629888530,0.275,26,26,26,26,0,0
631421,last,720575940630579574,27.225,13,11,11,11,2,0
631421,last,720575940630781433,0.275,2,1,1,1,1,0
631421,last,720575940630820919,7.15,9,9,9,9,0,0
631421,last,720575940631349335,0.275,12,12,12,12,0,0
631421,last,720575940631662648,0.275,2,1,1,1,1,0
631421,last,720575940632134227,-3.0250000000000004,2,2,2,2,0,0
631421,last,720575940632252743,1.375,11,11,11,11,0,0
631421,last,720575940633277209,-0.275,16,17,16,16,0,1
631421,last,720575940634210155,5.2250000000000005,1,2,1,1,0,1
631421,last,720575940634825623,0.55,2,3,2,2,0,1
631421,last,720575940635055039,0.275,7,8,7,7,0,1
631421,last,720575940635578303,1.1,6,7,6,6,0,1
631421,last,720575940636053678,-0.8250000000000001,14,13,13,13,1,0
631421,last,720575940636809646,-1.375,4,4,4,4,0,0
631421,last,720575940637144944,2.75,2,2,2,2,0,0
631421,last,720575940637656286,0.55,1,1,1,1,0,0
631421,last,720575940639285949,-4.4,15,15,15,15,0,0
631421,last,720575940644653348,-15.950000000000001,7,7,7,7,0,0
631421,last,720575940644758308,-0.55,1,1,1,1,0,0
631421,last,720575940655013025,0.275,9,8,8,8,1,0
631422,first,720575940605682790,4.675000000000001,3,4,3,3,0,1
631422,first,720575940609133269,-0.275,3,4,3,3,0,1
631422,first,720575940609993284,0.275,6,7,6,6,0,1
631422,first,720575940610000964,11.0,4,6,4,4,0,2
631422,first,720575940610054980,-0.275,13,15,13,13,0,2
631422,first,720575940610611246,-12.65,1,1,1,1,0,0
631422,first,720575940611548878,-6.6000000000000005,5,9,5,5,0,4
631422,first,720575940613004402,-2.75,4,5,4,4,0,1
631422,first,720575940613943215,5.775,4,6,4,4,0,2
631422,first,720575940615041430,-0.275,35,36,35,33,0,1
631422,first,720575940616018956,-0.275,21,21,21,21,0,0
631422,first,720575940617494877,25.025000000000002,3,3,3,3,0,0
631422,first,720575940618472261,2.75,9,11,9,9,0,2
631422,first,720575940619048827,1.375,11,14,11,11,0,3
631422,first,720575940620025620,0.55,4,6,4,4,0,2
631422,first,720575940620170887,0.55,5,6,5,5,0,1
631422,first,720575940620254087,0.275,4,5,4,4,0,1
631422,first,720575940620335269,-0.275,10,12,10,10,0,2
631422,first,720575940622810153,0.275,5,8,5,5,0,3
631422,first,720575940623209165,2.2,4,6,4,4,0,2
631422,first,720575940625045180,115.50000000000001,15,19,15,14,0,4
631422,first,720575940625175054,8.25,17,18,17,17,0,1
631422,first,720575940625874992,106.42500000000001,9,13,9,9,0,4
631422,first,720575940625875504,-28.05,9,13,9,9,0,4
631422,first,720575940627107271,6.875000000000001,1,2,1,1,0,1
631422,first,720575940627828296,0.55,3,3,3,3,0,0
631422,first,720575940628598121,113.85000000000001,15,18,15,15,0,3
631422,first,720575940628995331,23.375000000000004,1,1,1,1,0,0
631422,first,720575940629207963,0.275,4,5,4,4,0,1
631422,first,720575940629778554,-2.2,18,21,18,17,0,3
631422,first,720575940629804158,-1.1,0,1,0,0,0,1
631422,first,720575940630094652,1.6500000000000001,2,3,2,2,0,1
631422,first,720575940630683385,-3.3000000000000003,9,13,9,9,0,4
631422,first,720575940630806267,-24.750000000000004,4,6,4,4,0,2
631422,first,720575940630868793,-1.375,17,23,17,16,0,6
631422,first,720575940631340815,-2.2,3,4,3,3,0,1
631422,first,720575940631918649,-1.6500000000000001,22,21,21,21,1,0
631422,first,720575940631999080,-25.575000000000003,5,8,5,5,0,3
631422,first,720575940632118156,90.2,14,18,14,14,0,4
631422,first,720575940632304711,-18.975,3,6,3,3,0,3
631422,first,720575940632602532,1.9250000000000003,11,11,11,10,0,0
631422,first,720575940634645600,99.275,11,14,11,11,0,3
631422,first,720575940636165624,45.1,4,5,4,4,0,1
631422,first,720575940636346487,17.325000000000003,1,1,1,1,0,0
631422,first,720575940637656286,28.05,3,2,2,2,1,0
631422,first,720575940638181092,41.800000000000004,12,16,12,12,0,4
631422,first,720575940639972816,-7.425000000000001,1,2,1,1,0,1
631422,first,720575940642428045,6.325,17,17,17,15,0,0
631422,first,720575940643867296,-239.525,15,13,13,13,2,0
631422,last,720575940605682790,4.675000000000001,3,4,3,3,0,1
631422,last,720575940609133269,-0.275,3,4,3,3,0,1
631422,last,720575940609993284,0.275,6,7,6,6,0,1
631422,last,720575940610000964,11.0,4,6,4,4,0,2
631422,last,720575940610054980,-0.275,13,15,13,13,0,2
631422,last,720575940610611246,-12.65,1,1,1,1,0,0
631422,last,720575940611548878,-6.6000000000000005,5,9,5,5,0,4
631422,last,720575940613004402,-2.75,4,5,4,4,0,1
631422,last,720575940613943215,5.775,4,6,4,4,0,2
631422,last,720575940615041430,-0.275,35,36,35,35,0,1
631422,last,720575940616018956,-0.275,21,21,21,21,0,0
631422,last,720575940617494877,25.025000000000002,3,3,3,3,0,0
631422,last,720575940618472261,2.75,9,11,9,9,0,2
631422,last,720575940619048827,1.375,11,14,11,11,0,3
631422,last,720575940620025620,0.55,4,6,4,4,0,2
631422,last,720575940620170887,0.55,5,6,5,5,0,1
631422,last,720575940620254087,0.275,4,5,4,4,0,1
631422,last,720575940620335269,-0.275,10,12,10,10,0,2
631422,last,720575940622810153,0.275,5,8,5,5,0,3
631422,last,720575940623209165,2.2,4,6,4,4,0,2
631422,last,720575940625045180,115.50000000000001,15,19,15,15,0,4
631422,last,720575940625175054,8.25,17,18,17,17,0,1
631422,last,720575940625874992,106.42500000000001,9,13,9,9,0,4
631422,last,720575940625875504,-28.05,9,13,9,9,0,4
631422,last,720575940627107271,6.875000000000001,1,2,1,1,0,1
631422,last,720575940627828296,0.55,3,3,3,3,0,0
631422,last,720575940628598121,113.85000000000001,15,18,15,15,0,3
631422,last,720575940628995331,23.375000000000004,1,1,1,1,0,0
631422,last,720575940629207963,0.275,4,5,4,4,0,1
631422,last,720575940629778554,-2.2,18,21,18,18,0,3
631422,last,720575940629804158,-1.1,0,1,0,0,0,1
631422,last,720575940630094652,1.6500000000000001,2,3,2,2,0,1
631422,last,720575940630683385,-3.3000000000000003,9,13,9,9,0,4
631422,last,720575940630806267,-24.750000000000004,4,6,4,4,0,2
631422,last,720575940630868793,-1.375,17,23,17,17,0,6
631422,last,720575940631340815,-2.2,3,4,3,3,0,1
631422,last,720575940631918649,-1.6500000000000001,22,21,21,21,1,0
631422,last,720575940631999080,-25.575000000000003,5,8,5,5,0,3
631422,last,720575940632118156,90.2,14,18,14,14,0,4
631422,last,720575940632304711,-18.975,3,6,3,3,0,3
631422,last,720575940632602532,1.9250000000000003,11,11,11,10,0,0
631422,last,720575940634645600,99.275,11,14,11,11,0,3
631422,last,720575940636165624,45.1,4,5,4,4,0,1
631422,last,720575940636346487,17.325000000000003,1,1,1,1,0,0
631422,last,720575940637656286,28.05,3,2,2,2,1,0
631422,last,720575940638181092,41.800000000000004,12,16,12,12,0,4
631422,last,720575940639972816,-7.425000000000001,1,2,1,1,0,1
631422,last,720575940642428045,6.325,17,17,17,15,0,0
631422,last,720575940643867296,-239.525,15,13,13,13,2,0
631424,first,720575940605682790,3.575,13,13,13,13,0,0
631424,first,720575940610000964,9.075000000000001,20,19,19,19,1,0
631424,first,720575940610054980,-2.2,65,65,65,65,0,0
631424,first,720575940610611246,-6.6000000000000005,8,8,8,8,0,0
631424,first,720575940611548878,-1.1,41,40,40,40,1,0
631424,first,720575940613004402,-0.275,20,20,20,20,0,0
631424,first,720575940613943215,5.2250000000000005,18,18,18,18,0,0
631424,first,720575940616018956,-1.1,66,67,66,65,0,1
631424,first,720575940617494877,19.525000000000002,11,11,11,10,0,0
631424,first,720575940618165019,2.2,93,97,93,91,0,4
631424,first,720575940618472261,2.2,45,46,45,45,0,1
631424,first,720575940619048827,1.1,61,62,61,61,0,1
631424,first,720575940619176094,0.55,2,2,2,2,0,0
631424,first,720575940620025620,0.8250000000000001,26,26,26,26,0,0
631424,first,720575940620170887,4.125,25,25,25,23,0,0
631424,first,720575940620254087,0.275,19,19,19,18,0,0
631424,first,720575940620274085,-0.275,74,73,73,71,1,0
631424,first,720575940620335269,-0.8250000000000001,55,55,55,55,0,0
631424,first,720575940621573030,-1.6500000000000001,18,18,18,17,0,0
631424,first,720575940622810153,0.275,39,40,39,39,0,1
631424,first,720575940623209165,0.8250000000000001,25,25,25,25,0,0
631424,first,720575940625045180,95.15,63,63,63,61,0,0
631424,first,720575940625175054,5.2250000000000005,58,59,58,58,0,1
631424,first,720575940625874992,110.275,62,62,62,62,0,0
631424,first,720575940625875504,-28.325000000000003,48,49,48,48,0,1
631424,first,720575940627107271,4.125,15,14,14,13,1,0
631424,first,720575940627446661,0.275,7,6,6,6,1,0
631424,first,720575940628598121,94.87500000000001,67,68,67,66,0,1
631424,first,720575940628676457,1.375,20,20,20,20,0,0
631424,first,720575940629207963,0.275,20,20,20,20,0,0
631424,first,720575940629778554,-2.75,88,90,88,87,0,2
631424,first,720575940630094652,1.1,8,8,8,8,0,0
631424,first,720575940630683385,-1.6500000000000001,47,47,47,47,0,0
631424,first,720575940630771449,0.8250000000000001,28,28,28,28,0,0
631424,first,720575940630806267,-25.575000000000003,23,24,23,23,0,1
631424,first,720575940631340815,-0.8250000000000001,13,13,13,12,0,0
631424,first,720575940631918649,-0.8250000000000001,63,63,63,62,0,0
631424,first,720575940631999080,-25.85,29,29,29,29,0,0
631424,first,720575940632118156,81.67500000000001,65,67,65,64,0,2
631424,first,720575940632134227,-0.275,9,8,8,8,1,0
631424,first,720575940632304711,-21.725,20,20,20,20,0,0
631424,first,720575940632602532,0.8250000000000001,40,41,40,39,0,1
631424,first,720575940633373651,0.8250000000000001,8,8,8,8,0,0
631424,first,720575940634645600,85.525,60,61,60,60,0,1
631424,first,720575940636165624,34.925000000000004,22,22,22,21,0,0
631424,first,720575940636346487,17.05,3,2,2,2,1,0
631424,first,720575940637656286,27.225,5,5,5,4,0,0
631424,first,720575940638181092,40.7,58,60,58,57,0,2
631424,first,720575940639786915,0.275,25,25,25,25,0,0
631424,first,720575940639972816,-6.325,12,12,12,12,0,0
631424,first,720575940642428045,8.25,57,57,57,56,0,0
631424,first,720575940643867296,-208.175,55,56,55,55,0,1
631424,first,720575940660224641,-5.775,1,1,1,1,0,0
631424,last,720575940605682790,3.575,13,13,13,13,0,0
631424,last,720575940610000964,9.075000000000001,20,19,19,19,1,0
631424,last,720575940610054980,-2.2,65,65,65,65,0,0
631424,last,720575940610611246,-6.6000000000000005,8,8,8,8,0,0
631424,last,720575940611548878,-1.1,41,40,40,40,1,0
631424,last,720575940613004402,-0.275,20,20,20,20,0,0
631424,last,720575940613943215,5.2250000000000005,18,18,18,18,0,0
631424,last,720575940616018956,-1.1,66,67,66,66,0,1
631424,last,720575940617494877,19.525000000000002,11,11,11,10,0,0
631424,last,720575940618165019,2.2,93,97,93,93,0,4
631424,last,720575940618472261,2.2,45,46,45,45,0,1
631424,last,720575940619048827,1.1,61,62,61,61,0,1
631424,last,720575940619176094,0.55,2,2,2,2,0,0
631424,last,720575940620025620,0.8250000000000001,26,26,26,26,0,0
631424,last,720575940620170887,4.125,25,25,25,23,0,0
631424,last,720575940620254087,0.275,19,19,19,18,0,0
631424,last,720575940620274085,-0.275,74,73,73,73,1,0
631424,last,720575940620335269,-0.8250000000000001,55,55,55,55,0,0
631424,last,720575940621573030,-1.6500000000000001,18,18,18,17,0,0
631424,last,720575940622810153,0.275,39,40,39,39,0,1
631424,last,720575940623209165,0.8250000000000001,25,25,25,25,0,0
631424,last,720575940625045180,95.15,63,63,63,61,0,0
631424,last,720575940625175054,5.2250000000000005,58,59,58,58,0,1
631424,last,720575940625874992,110.275,62,62,62,62,0,0
631424,last,720575940625875504,-28.325000000000003,48,49,48,48,0,1
631424,last,720575940627107271,4.125,15,14,14,14,1,0
631424,last,720575940627446661,0.275,7,6,6,6,1,0
631424,last,720575940628598121,94.87500000000001,67,68,67,67,0,1
631424,last,720575940628676457,1.375,20,20,20,20,0,0
631424,last,720575940629207963,0.275,20,20,20,20,0,0
631424,last,720575940629778554,-2.75,88,90,88,88,0,2
631424,last,720575940630094652,1.1,8,8,8,8,0,0
631424,last,720575940630683385,-1.6500000000000001,47,47,47,47,0,0
631424,last,720575940630771449,0.8250000000000001,28,28,28,28,0,0
631424,last,720575940630806267,-25.575000000000003,23,24,23,23,0,1
631424,last,720575940631340815,-0.8250000000000001,13,13,13,12,0,0
631424,last,720575940631918649,-0.8250000000000001,63,63,63,62,0,0
631424,last,720575940631999080,-25.85,29,29,29,29,0,0
631424,last,720575940632118156,81.67500000000001,65,67,65,65,0,2
631424,last,720575940632134227,-0.275,9,8,8,8,1,0
631424,last,720575940632304711,-21.725,20,20,20,20,0,0
631424,last,720575940632602532,0.8250000000000001,40,41,40,40,0,1
631424,last,720575940633373651,0.8250000000000001,8,8,8,8,0,0
631424,last,720575940634645600,85.525,60,61,60,60,0,1
631424,last,720575940636165624,34.925000000000004,22,22,22,21,0,0
631424,last,720575940636346487,17.05,3,2,2,2,1,0
631424,last,720575940637656286,27.225,5,5,5,4,0,0
631424,last,720575940638181092,40.7,58,60,58,58,0,2
631424,last,720575940639786915,0.275,25,25,25,25,0,0
631424,last,720575940639972816,-6.325,12,12,12,12,0,0
631424,last,720575940642428045,8.25,57,57,57,56,0,0
631424,last,720575940643867296,-208.175,55,56,55,55,0,1
631424,last,720575940660224641,-5.775,1,1,1,1,0,0
631425,first,720575940607272649,4.675000000000001,24,25,24,24,0,1
631425,first,720575940607386290,1.1,13,13,13,13,0,0
631425,first,720575940608498780,-0.275,11,11,11,11,0,0
631425,first,720575940609405635,-7.15,11,11,11,11,0,0
631425,first,720575940609939780,-0.275,8,9,8,7,0,1
631425,first,720575940610001220,31.900000000000002,3,2,2,2,1,0
631425,first,720575940610258552,3.3000000000000003,14,15,14,14,0,1
631425,first,720575940610803554,-8.525,14,14,14,14,0,0
631425,first,720575940611015122,0.275,15,15,15,13,0,0
631425,first,720575940611436408,0.55,12,13,12,12,0,1
631425,first,720575940612208858,-2.2,7,7,7,7,0,0
631425,first,720575940612611301,4.4,35,35,35,34,0,0
631425,first,720575940612692633,0.275,29,29,29,29,0,0
631425,first,720575940612906518,-3.3000000000000003,38,38,38,36,0,0
631425,first,720575940613929391,-0.275,13,13,13,13,0,0
631425,first,720575940614660519,0.275,9,9,9,8,0,0
631425,first,720575940614763666,0.55,40,40,40,34,0,0
631425,first,720575940615041430,-27.500000000000004,57,57,57,57,0,0
631425,first,720575940615671106,25.85,38,39,38,38,0,1
631425,first,720575940616018956,-0.55,38,38,38,36,0,0
631425,first,720575940616466260,-0.275,23,23,23,22,0,0
631425,first,720575940616857174,1.1,20,20,20,17,0,0
631425,first,720575940617593233,0.8250000000000001,28,28,28,28,0,0
631425,first,720575940617629841,-0.275,22,22,22,22,0,0
631425,first,720575940618696989,-0.275,15,15,15,14,0,0
631425,first,720575940618859480,1.6500000000000001,5,5,5,5,0,0
631425,first,720575940619176094,3.3000000000000003,1,1,1,1,0,0
631425,first,720575940619877396,0.275,35,35,35,35,0,0
631425,first,720575940620254087,4.675000000000001,11,11,11,11,0,0
631425,first,720575940620874757,9.075000000000001,46,46,46,39,0,0
631425,first,720575940621261296,3.575,17,18,17,17,0,1
631425,first,720575940621399899,-0.8250000000000001,22,22,22,21,0,0
631425,first,720575940621538142,-0.275,15,15,15,15,0,0
631425,first,720575940621771041,-1.6500000000000001,4,4,4,4,0,0
631425,first,720575940622235425,-0.275,26,27,26,23,0,1
631425,first,720575940622624214,1.1,3,3,3,3,0,0
631425,first,720575940623210445,1.375,31,32,31,29,0,1
631425,first,720575940623453959,-1.1,11,12,11,10,0,1
631425,first,720575940623478115,-0.275,6,6,6,5,0,0
631425,first,720575940624023188,79.75,12,13,12,12,0,1
631425,first,720575940624084372,9.075000000000001,4,4,4,4,0,0
631425,first,720575940624484796,0.55,22,22,22,22,0,0
631425,first,720575940624600840,-12.925,4,4,4,4,0,0
631425,first,720575940624906483,0.275,14,15,14,14,0,1
631425,first,720575940624966840,-1.1,14,13,13,13,1,0
631425,first,720575940625047484,-1.1,24,24,24,22,0,0
631425,first,720575940625580988,3.3000000000000003,17,17,17,16,0,0
631425,first,720575940625705930,-0.275,30,30,30,29,0,0
631425,first,720575940625737776,-1.6500000000000001,17,17,17,17,0,0
631425,first,720575940625867056,0.55,28,28,28,27,0,0
631425,first,720575940626191306,0.275,51,51,51,48,0,0
631425,first,720575940626278974,0.55,6,6,6,6,0,0
631425,first,720575940626279742,0.275,19,19,19,18,0,0
631425,first,720575940626478082,-0.55,1,1,1,1,0,0
631425,first,720575940626495746,-0.55,16,16,16,15,0,0
631425,first,720575940626626597,-1.1,12,13,12,12,0,1
631425,first,720575940626968216,-0.275,1,1,1,1,0,0
631425,first,720575940627083294,1.6500000000000001,9,8,8,7,1,0
631425,first,720575940627086594,2.2,9,10,9,9,0,1
631425,first,720575940627779983,0.275,11,11,11,11,0,0
631425,first,720575940627812168,3.3000000000000003,7,7,7,7,0,0
631425,first,720575940627814728,1.6500000000000001,1,1,1,1,0,0
631425,first,720575940627819151,-0.275,15,15,15,15,0,0
631425,first,720575940627847752,0.275,21,22,21,21,0,1
631425,first,720575940628648809,-0.275,24,25,24,24,0,1
631425,first,720575940629000783,4.95,9,9,9,9,0,0
631425,first,720575940629888530,3.0250000000000004,64,64,64,60,0,0
631425,first,720575940630291767,-0.275,2,2,2,2,0,0
631425,first,720575940630579574,8.525,27,27,27,26,0,0
631425,first,720575940630820919,0.8250000000000001,18,19,18,18,0,1
631425,first,720575940631340815,-0.275,7,7,7,7,0,0
631425,first,720575940631703608,3.575,19,19,19,17,0,0
631425,first,720575940631918649,-0.275,32,32,32,32,0,0
631425,first,720575940631959097,7.9750000000000005,26,26,26,26,0,0
631425,first,720575940631989352,-0.275,1,1,1,1,0,0
631425,first,720575940631994728,-0.275,5,5,5,5,0,0
631425,first,720575940631997032,1.375,24,24,24,23,0,0
631425,first,720575940632047890,6.6000000000000005,41,42,41,40,0,1
631425,first,720575940632134227,-0.55,5,5,5,5,0,0
631425,first,720575940632159519,-0.275,7,7,7,7,0,0
631425,first,720575940632252743,0.8250000000000001,27,27,27,26,0,0
631425,first,720575940632365905,47.85,17,18,17,17,0,1
631425,first,720575940632602532,0.275,24,24,24,24,0,0
631425,first,720575940633277209,-0.275,41,41,41,40,0,0
631425,first,720575940633308371,-0.275,1,1,1,1,0,0
631425,first,720575940633612698,1.1,18,18,18,17,0,0
631425,first,720575940634210155,28.325000000000003,2,2,2,2,0,0
631425,first,720575940634825623,4.125,4,4,4,4,0,0
631425,first,720575940635055039,1.6500000000000001,19,19,19,18,0,0
631425,first,720575940635578303,6.325,17,17,17,17,0,0
631425,first,720575940636828334,22.0,1,1,1,1,0,0
631425,first,720575940637144944,0.8250000000000001,3,3,3,3,0,0
631425,first,720575940637360730,-6.325,3,3,3,3,0,0
631425,first,720575940639285949,-3.3000000000000003,35,35,35,35,0,0
631425,first,720575940639425112,0.275,13,13,13,11,0,0
631425,first,720575940640839120,-18.425,5,5,5,5,0,0
631425,first,720575940644653348,-0.275,18,18,18,17,0,0
631425,first,720575940645521262,1.375,27,27,27,27,0,0
631425,first,720575940647518340,-0.55,18,18,18,18,0,0
631425,first,720575940652580086,-0.275,51,51,51,50,0,0
631425,first,720575940655013025,1.6500000000000001,23,23,23,23,0,0
631425,first,720575940660219265,0.275,40,40,40,39,0,0
631425,first,720575940660220289,-0.55,1,1,1,1,0,0
631425,last,720575940607272649,4.675000000000001,24,25,24,24,0,1
631425,last,720575940607386290,1.1,13,13,13,13,0,0
631425,last,720575940608498780,-0.275,11,11,11,11,0,0
631425,last,720575940609405635,-7.15,11,11,11,11,0,0
631425,last,720575940609939780,-0.275,8,9,8,8,0,1
631425,last,720575940610001220,31.900000000000002,3,2,2,2,1,0
631425,last,720575940610258552,3.3000000000000003,14,15,14,14,0,1
631425,last,720575940610803554,-8.525,14,14,14,14,0,0
631425,last,720575940611015122,0.275,15,15,15,13,0,0
631425,last,720575940611436408,0.55,12,13,12,12,0,1
631425,last,720575940612208858,-2.2,7,7,7,7,0,0
631425,last,720575940612611301,4.4,35,35,35,34,0,0
631425,last,720575940612692633,0.275,29,29,29,29,0,0
631425,last,720575940612906518,-3.3000000000000003,38,38,38,36,0,0
631425,last,720575940613929391,-0.275,13,13,13,13,0,0
631425,last,720575940614660519,0.275,9,9,9,8,0,0
631425,last,720575940614763666,0.55,40,40,40,34,0,0
631425,last,720575940615041430,-27.500000000000004,57,57,57,57,0,0
631425,last,720575940615671106,25.85,38,39,38,38,0,1
631425,last,720575940616018956,-0.55,38,38,38,36,0,0
631425,last,720575940616466260,-0.275,23,23,23,22,0,0
631425,last,720575940616857174,1.1,20,20,20,17,0,0
631425,last,720575940617593233,0.8250000000000001,28,28,28,28,0,0
631425,last,720575940617629841,-0.275,22,22,22,22,0,0
631425,last,720575940618696989,-0.275,15,15,15,14,0,0
631425,last,720575940618859480,1.6500000000000001,5,5,5,5,0,0
631425,last,720575940619176094,3.3000000000000003,1,1,1,1,0,0
631425,last,720575940619877396,0.275,35,35,35,35,0,0
631425,last,720575940620254087,4.675000000000001,11,11,11,11,0,0
631425,last,720575940620874757,9.075000000000001,46,46,46,39,0,0
631425,last,720575940621261296,3.575,17,18,17,17,0,1
631425,last,720575940621399899,-0.8250000000000001,22,22,22,21,0,0
631425,last,720575940621538142,-0.275,15,15,15,15,0,0
631425,last,720575940621771041,-1.6500000000000001,4,4,4,4,0,0
631425,last,720575940622235425,-0.275,26,27,26,26,0,1
631425,last,720575940622624214,1.1,3,3,3,3,0,0
631425,last,720575940623210445,1.375,31,32,31,31,0,1
631425,last,720575940623453959,-1.1,11,12,11,11,0,1
631425,last,720575940623478115,-0.275,6,6,6,5,0,0
631425,last,720575940624023188,79.75,12,13,12,12,0,1
631425,last,720575940624084372,9.075000000000001,4,4,4,4,0,0
631425,last,720575940624484796,0.55,22,22,22,22,0,0
631425,last,720575940624600840,-12.925,4,4,4,4,0,0
631425,last,720575940624906483,0.275,14,15,14,14,0,1
631425,last,720575940624966840,-1.1,14,13,13,13,1,0
631425,last,720575940625047484,-1.1,24,24,24,22,0,0
631425,last,720575940625580988,3.3000000000000003,17,17,17,16,0,0
631425,last,720575940625705930,-0.275,30,30,30,29,0,0
631425,last,720575940625737776,-1.6500000000000001,17,17,17,17,0,0
631425,last,720575940625867056,0.55,28,28,28,27,0,0
631425,last,720575940626191306,0.275,51,51,51,48,0,0
631425,last,720575940626278974,0.55,6,6,6,6,0,0
631425,last,720575940626279742,0.275,19,19,19,18,0,0
631425,last,720575940626478082,-0.55,1,1,1,1,0,0
631425,last,720575940626495746,-0.55,16,16,16,15,0,0
631425,last,720575940626626597,-1.1,12,13,12,12,0,1
631425,last,720575940626968216,-0.275,1,1,1,1,0,0
631425,last,720575940627083294,1.6500000000000001,9,8,8,8,1,0
631425,last,720575940627086594,2.2,9,10,9,9,0,1
631425,last,720575940627779983,0.275,11,11,11,11,0,0
631425,last,720575940627812168,3.3000000000000003,7,7,7,7,0,0
631425,last,720575940627814728,1.6500000000000001,1,1,1,1,0,0
631425,last,720575940627819151,-0.275,15,15,15,15,0,0
631425,last,720575940627847752,0.275,21,22,21,21,0,1
631425,last,720575940628648809,-0.275,24,25,24,24,0,1
631425,last,720575940629000783,4.95,9,9,9,9,0,0
631425,last,720575940629888530,3.0250000000000004,64,64,64,60,0,0
631425,last,720575940630291767,-0.275,2,2,2,2,0,0
631425,last,720575940630579574,8.525,27,27,27,26,0,0
631425,last,720575940630820919,0.8250000000000001,18,19,18,18,0,1
631425,last,720575940631340815,-0.275,7,7,7,7,0,0
631425,last,720575940631703608,3.575,19,19,19,17,0,0
631425,last,720575940631918649,-0.275,32,32,32,32,0,0
631425,last,720575940631959097,7.9750000000000005,26,26,26,26,0,0
631425,last,720575940631989352,-0.275,1,1,1,1,0,0
631425,last,720575940631994728,-0.275,5,5,5,5,0,0
631425,last,720575940631997032,1.375,24,24,24,23,0,0
631425,last,720575940632047890,6.6000000000000005,41,42,41,41,0,1
631425,last,720575940632134227,-0.55,5,5,5,5,0,0
631425,last,720575940632159519,-0.275,7,7,7,7,0,0
631425,last,720575940632252743,0.8250000000000001,27,27,27,26,0,0
631425,last,720575940632365905,47.85,17,18,17,17,0,1
631425,last,720575940632602532,0.275,24,24,24,24,0,0
631425,last,720575940633277209,-0.275,41,41,41,40,0,0
631425,last,720575940633308371,-0.275,1,1,1,1,0,0
631425,last,720575940633612698,1.1,18,18,18,17,0,0
631425,last,720575940634210155,28.325000000000003,2,2,2,2,0,0
631425,last,720575940634825623,4.125,4,4,4,4,0,0
631425,last,720575940635055039,1.6500000000000001,19,19,19,18,0,0
631425,last,720575940635578303,6.325,17,17,17,17,0,0
631425,last,720575940636828334,22.0,1,1,1,1,0,0
631425,last,720575940637144944,0.8250000000000001,3,3,3,3,0,0
631425,last,720575940637360730,-6.325,3,3,3,3,0,0
631425,last,720575940639285949,-3.3000000000000003,35,35,35,35,0,0
631425,last,720575940639425112,0.275,13,13,13,11,0,0
631425,last,720575940640839120,-18.425,5,5,5,5,0,0
631425,last,720575940644653348,-0.275,18,18,18,17,0,0
631425,last,720575940645521262,1.375,27,27,27,27,0,0
631425,last,720575940647518340,-0.55,18,18,18,18,0,0
631425,last,720575940652580086,-0.275,51,51,51,50,0,0
631425,last,720575940655013025,1.6500000000000001,23,23,23,23,0,0
631425,last,720575940660219265,0.275,40,40,40,39,0,0
631425,last,720575940660220289,-0.55,1,1,1,1,0,0
631426,first,720575940605682790,0.275,3,2,2,2,1,0
631426,first,720575940610000964,4.125,5,4,4,4,1,0
631426,first,720575940610054980,-0.55,13,10,10,10,3,0
631426,first,720575940612423922,-1.6500000000000001,14,14,14,14,0,0
631426,first,720575940613004402,-0.55,5,3,3,3,2,0
631426,first,720575940613943215,1.375,5,4,4,4,1,0
631426,first,720575940617494877,1.9250000000000003,4,3,3,3,1,0
631426,first,720575940618165019,1.1,23,20,20,20,3,0
631426,first,720575940618472261,0.275,11,8,8,8,3,0
631426,first,720575940619048827,0.275,14,10,10,10,4,0
631426,first,720575940620025620,0.55,7,4,4,4,3,0
631426,first,720575940620254087,3.8500000000000005,4,3,3,3,1,0
631426,first,720575940620274085,-0.275,17,18,17,17,0,1
631426,first,720575940620292116,-3.8500000000000005,2,1,1,1,1,0
631426,first,720575940620335269,-2.2,12,10,10,10,2,0
631426,first,720575940623209165,0.275,7,4,4,4,3,0
631426,first,720575940624623287,-0.275,7,7,7,7,0,0
631426,first,720575940625045180,9.075000000000001,17,14,14,14,3,0
631426,first,720575940625874992,26.400000000000002,13,10,10,10,3,0
631426,first,720575940625875504,-0.8250000000000001,11,8,8,8,3,0
631426,first,720575940627107271,26.125000000000004,4,2,2,2,2,0
631426,first,720575940628598121,14.850000000000001,16,13,13,13,3,0
631426,first,720575940628676457,0.55,5,4,4,4,1,0
631426,first,720575940629778554,-2.2,21,17,17,17,4,0
631426,first,720575940630094652,15.950000000000001,3,2,2,2,1,0
631426,first,720575940630868793,-1.6500000000000001,20,17,17,17,3,0
631426,first,720575940631108303,-0.275,1,1,1,1,0,0
631426,first,720575940631918649,-4.125,18,16,16,16,2,0
631426,first,720575940631997032,1.375,9,9,9,9,0,0
631426,first,720575940631999080,-1.375,8,6,6,6,2,0
631426,first,720575940632118156,19.525000000000002,15,12,12,12,3,0
631426,first,720575940632304711,-0.275,6,4,4,4,2,0
631426,first,720575940632602532,3.3000000000000003,10,9,9,9,1,0
631426,first,720575940633373651,0.275,2,1,1,1,1,0
631426,first,720575940634645600,16.5,14,10,10,10,4,0
631426,first,720575940636165624,21.175,6,4,4,4,2,0
631426,first,720575940637656286,3.0250000000000004,2,1,1,1,1,0
631426,first,720575940638181092,6.050000000000001,15,10,10,10,5,0
631426,first,720575940639972816,-0.55,4,2,2,2,2,0
631426,first,720575940643867296,-72.325,11,9,9,9,2,0
631426,last,720575940605682790,0.275,3,2,2,2,1,0
631426,last,720575940610000964,4.125,5,4,4,4,1,0
631426,last,720575940610054980,-0.55,13,10,10,10,3,0
631426,last,720575940612423922,-1.6500000000000001,14,14,14,14,0,0
631426,last,720575940613004402,-0.55,5,3,3,3,2,0
631426,last,720575940613943215,1.375,5,4,4,4,1,0
631426,last,720575940617494877,1.9250000000000003,4,3,3,3,1,0
631426,last,720575940618165019,1.1,23,20,20,20,3,0
631426,last,720575940618472261,0.275,11,8,8,8,3,0
631426,last,720575940619048827,0.275,14,10,10,10,4,0
631426,last,720575940620025620,0.55,7,4,4,4,3,0
631426,last,720575940620254087,3.8500000000000005,4,3,3,3,1,0
631426,last,720575940620274085,-0.275,17,18,17,17,0,1
631426,last,720575940620292116,-3.8500000000000005,2,1,1,1,1,0
631426,last,720575940620335269,-2.2,12,10,10,10,2,0
631426,last,720575940623209165,0.275,7,4,4,4,3,0
631426,last,720575940624623287,-0.275,7,7,7,7,0,0
631426,last,720575940625045180,9.075000000000001,17,14,14,14,3,0
631426,last,720575940625874992,26.400000000000002,13,10,10,10,3,0
631426,last,720575940625875504,-0.8250000000000001,11,8,8,8,3,0
631426,last,720575940627107271,26.125000000000004,4,2,2,2,2,0
631426,last,720575940628598121,14.850000000000001,16,13,13,13,3,0
631426,last,720575940628676457,0.55,5,4,4,4,1,0
631426,last,720575940629778554,-2.2,21,17,17,17,4,0
631426,last,720575940630094652,15.950000000000001,3,2,2,2,1,0
631426,last,720575940630868793,-1.6500000000000001,20,17,17,17,3,0
631426,last,720575940631108303,-0.275,1,1,1,1,0,0
631426,last,720575940631918649,-4.125,18,16,16,16,2,0
631426,last,720575940631997032,1.375,9,9,9,9,0,0
631426,last,720575940631999080,-1.375,8,6,6,6,2,0
631426,last,720575940632118156,19.525000000000002,15,12,12,12,3,0
631426,last,720575940632304711,-0.275,6,4,4,4,2,0
631426,last,720575940632602532,3.3000000000000003,10,9,9,9,1,0
631426,last,720575940633373651,0.275,2,1,1,1,1,0
631426,last,720575940634645600,16.5,14,10,10,10,4,0
631426,last,720575940636165624,21.175,6,4,4,4,2,0
631426,last,720575940637656286,3.0250000000000004,2,1,1,1,1,0
631426,last,720575940638181092,6.050000000000001,15,10,10,10,5,0
631426,last,720575940639972816,-0.55,4,2,2,2,2,0
631426,last,720575940643867296,-72.325,11,9,9,9,2,0
631427,first,720575940605682790,4.675000000000001,3,3,3,3,0,0
631427,first,720575940609133269,-0.275,5,6,5,5,0,1
631427,first,720575940609993284,0.275,9,8,8,8,1,0
631427,first,720575940610000964,11.0,6,6,6,6,0,0
631427,first,720575940610054980,-0.275,13,15,13,13,0,2
631427,first,720575940610611246,-12.65,2,2,2,2,0,0
631427,first,720575940611548878,-6.6000000000000005,5,6,5,5,0,1
631427,first,720575940613004402,-2.75,4,3,3,3,1,0
631427,first,720575940613943215,5.775,5,5,5,5,0,0
631427,first,720575940615041430,-0.275,30,31,30,30,0,1
631427,first,720575940616018956,-0.275,20,20,20,20,0,0
631427,first,720575940617494877,25.025000000000002,4,4,4,4,0,0
631427,first,720575940618472261,2.75,9,10,9,9,0,1
631427,first,720575940619048827,1.375,12,14,12,12,0,2
631427,first,720575940620025620,0.55,4,4,4,4,0,0
631427,first,720575940620170887,0.55,8,8,8,8,0,0
631427,first,720575940620254087,0.275,3,5,3,3,0,2
631427,first,720575940620335269,-0.275,12,14,12,12,0,2
631427,first,720575940622810153,0.275,5,7,5,5,0,2
631427,first,720575940623209165,2.2,6,7,6,6,0,1
631427,first,720575940625045180,115.50000000000001,16,18,16,16,0,2
631427,first,720575940625175054,8.25,17,17,17,16,0,0
631427,first,720575940625874992,106.42500000000001,12,13,12,12,0,1
631427,first,720575940625875504,-28.05,11,12,11,11,0,1
631427,first,720575940627107271,6.875000000000001,3,3,3,3,0,0
631427,first,720575940627828296,0.55,3,4,3,3,0,1
631427,first,720575940628598121,113.85000000000001,15,17,15,15,0,2
631427,first,720575940629207963,0.275,3,4,3,3,0,1
631427,first,720575940629778554,-2.2,20,22,20,20,0,2
631427,first,720575940630094652,1.6500000000000001,2,3,2,2,0,1
631427,first,720575940630683385,-3.3000000000000003,9,11,9,9,0,2
631427,first,720575940630806267,-24.750000000000004,4,4,4,4,0,0
631427,first,720575940630868793,-1.375,23,24,23,23,0,1
631427,first,720575940631340815,-2.2,3,3,3,3,0,0
631427,first,720575940631918649,-1.6500000000000001,21,21,21,21,0,0
631427,first,720575940631999080,-25.575000000000003,7,8,7,7,0,1
631427,first,720575940632118156,90.2,13,16,13,13,0,3
631427,first,720575940632304711,-18.975,4,4,4,4,0,0
631427,first,720575940632602532,1.9250000000000003,10,12,10,10,0,2
631427,first,720575940634645600,99.275,12,14,12,12,0,2
631427,first,720575940636165624,45.1,6,7,6,6,0,1
631427,first,720575940636346487,17.325000000000003,1,1,1,1,0,0
631427,first,720575940637656286,28.05,2,4,2,2,0,2
631427,first,720575940638181092,41.800000000000004,14,15,14,14,0,1
631427,first,720575940639972816,-7.425000000000001,3,3,3,3,0,0
631427,first,720575940642428045,6.325,17,17,17,16,0,0
631427,first,720575940643867296,-239.525,13,15,13,13,0,2
631427,last,720575940605682790,4.675000000000001,3,3,3,3,0,0
631427,last,720575940609133269,-0.275,5,6,5,5,0,1
631427,last,720575940609993284,0.275,9,8,8,8,1,0
631427,last,720575940610000964,11.0,6,6,6,6,0,0
631427,last,720575940610054980,-0.275,13,15,13,13,0,2
631427,last,720575940610611246,-12.65,2,2,2,2,0,0
631427,last,720575940611548878,-6.6000000000000005,5,6,5,5,0,1
631427,last,720575940613004402,-2.75,4,3,3,3,1,0
631427,last,720575940613943215,5.775,5,5,5,5,0,0
631427,last,720575940615041430,-0.275,30,31,30,30,0,1
631427,last,720575940616018956,-0.275,20,20,20,20,0,0
631427,last,720575940617494877,25.025000000000002,4,4,4,4,0,0
631427,last,720575940618472261,2.75,9,10,9,9,0,1
631427,last,720575940619048827,1.375,12,14,12,12,0,2
631427,last,720575940620025620,0.55,4,4,4,4,0,0
631427,last,720575940620170887,0.55,8,8,8,8,0,0
631427,last,720575940620254087,0.275,3,5,3,3,0,2
631427,last,720575940620335269,-0.275,12,14,12,12,0,2
631427,last,720575940622810153,0.275,5,7,5,5,0,2
631427,last,720575940623209165,2.2,6,7,6,6,0,1
631427,last,720575940625045180,115.50000000000001,16,18,16,16,0,2
631427,last,720575940625175054,8.25,17,17,17,16,0,0
631427,last,720575940625874992,106.42500000000001,12,13,12,12,0,1
631427,last,720575940625875504,-28.05,11,12,11,11,0,1
631427,last,720575940627107271,6.875000000000001,3,3,3,3,0,0
631427,last,720575940627828296,0.55,3,4,3,3,0,1
631427,last,720575940628598121,113.85000000000001,15,17,15,15,0,2
631427,last,720575940629207963,0.275,3,4,3,3,0,1
631427,last,720575940629778554,-2.2,20,22,20,20,0,2
631427,last,720575940630094652,1.6500000000000001,2,3,2,2,0,1
631427,last,720575940630683385,-3.3000000000000003,9,11,9,9,0,2
631427,last,720575940630806267,-24.750000000000004,4,4,4,4,0,0
631427,last,720575940630868793,-1.375,23,24,23,23,0,1
631427,last,720575940631340815,-2.2,3,3,3,3,0,0
631427,last,720575940631918649,-1.6500000000000001,21,21,21,21,0,0
631427,last,720575940631999080,-25.575000000000003,7,8,7,7,0,1
631427,last,720575940632118156,90.2,13,16,13,13,0,3
631427,last,720575940632304711,-18.975,4,4,4,4,0,0
631427,last,720575940632602532,1.9250000000000003,10,12,10,10,0,2
631427,last,720575940634645600,99.275,12,14,12,12,0,2
631427,last,720575940636165624,45.1,6,7,6,6,0,1
631427,last,720575940636346487,17.325000000000003,1,1,1,1,0,0
631427,last,720575940637656286,28.05,2,4,2,2,0,2
631427,last,720575940638181092,41.800000000000004,14,15,14,14,0,1
631427,last,720575940639972816,-7.425000000000001,3,3,3,3,0,0
631427,last,720575940642428045,6.325,17,17,17,16,0,0
631427,last,720575940643867296,-239.525,13,15,13,13,0,2
631428,first,720575940605682790,4.675000000000001,8,7,7,7,1,0
631428,first,720575940609133269,-0.275,11,10,10,10,1,0
631428,first,720575940609993284,0.275,14,15,14,14,0,1
631428,first,720575940610000964,11.0,11,10,10,10,1,0
631428,first,720575940610054980,-0.275,34,33,33,33,1,0
631428,first,720575940610611246,-12.65,6,6,6,6,0,0
631428,first,720575940611548878,-6.6000000000000005,22,20,20,20,2,0
631428,first,720575940613004402,-2.75,11,10,10,10,1,0
631428,first,720575940613943215,5.775,11,10,10,10,1,0
631428,first,720575940615041430,-0.275,53,54,53,53,0,1
631428,first,720575940616018956,-0.275,36,36,36,36,0,0
631428,first,720575940617494877,25.025000000000002,7,7,7,7,0,0
631428,first,720575940618472261,2.75,26,23,23,22,3,0
631428,first,720575940619048827,1.375,33,30,30,30,3,0
631428,first,720575940620025620,0.55,16,14,14,14,2,0
631428,first,720575940620170887,0.55,15,14,14,14,1,0
631428,first,720575940620254087,0.275,9,8,8,8,1,0
631428,first,720575940620335269,-0.275,29,27,27,27,2,0
631428,first,720575940622810153,0.275,21,19,19,19,2,0
631428,first,720575940623209165,2.2,16,15,15,15,1,0
631428,first,720575940625045180,115.50000000000001,40,37,37,37,3,0
631428,first,720575940625175054,8.25,32,32,32,32,0,0
631428,first,720575940625874992,106.42500000000001,36,32,32,32,4,0
631428,first,720575940625875504,-28.05,28,25,25,25,3,0
631428,first,720575940627107271,6.875000000000001,9,8,8,8,1,0
631428,first,720575940627828296,0.55,4,4,4,4,0,0
631428,first,720575940628598121,113.85000000000001,37,34,34,34,3,0
631428,first,720575940628995331,23.375000000000004,1,0,0,0,1,0
631428,first,720575940629207963,0.275,14,13,13,13,1,0
631428,first,720575940629778554,-2.2,50,49,49,49,1,0
631428,first,720575940629804158,-1.1,1,0,0,0,1,0
631428,first,720575940630094652,1.6500000000000001,4,4,4,4,0,0
631428,first,720575940630683385,-3.3000000000000003,25,22,22,22,3,0
631428,first,720575940630806267,-24.750000000000004,14,13,13,13,1,0
631428,first,720575940630868793,-1.375,52,48,48,48,4,0
631428,first,720575940631340815,-2.2,8,8,8,8,0,0
631428,first,720575940631918649,-1.6500000000000001,36,38,36,35,0,2
631428,first,720575940631999080,-25.575000000000003,17,16,16,16,1,0
631428,first,720575940632118156,90.2,37,35,35,35,2,0
631428,first,720575940632304711,-18.975,14,13,13,13,1,0
631428,first,720575940632602532,1.9250000000000003,22,22,22,21,0,0
631428,first,720575940634645600,99.275,33,31,31,31,2,0
631428,first,720575940636165624,45.1,12,10,10,10,2,0
631428,first,720575940636346487,17.325000000000003,1,1,1,1,0,0
631428,first,720575940637656286,28.05,3,3,3,3,0,0
631428,first,720575940638181092,41.800000000000004,32,30,30,30,2,0
631428,first,720575940639972816,-7.425000000000001,9,7,7,7,2,0
631428,first,720575940642428045,6.325,32,32,32,31,0,0
631428,first,720575940643867296,-239.525,28,27,27,26,1,0
631428,first,720575940660224641,-4.95,1,1,1,1,0,0
631428,last,720575940605682790,4.675000000000001,8,7,7,7,1,0
631428,last,720575940609133269,-0.275,11,10,10,10,1,0
631428,last,720575940609993284,0.275,14,15,14,14,0,1
631428,last,720575940610000964,11.0,11,10,10,10,1,0
631428,last,720575940610054980,-0.275,34,33,33,33,1,0
631428,last,720575940610611246,-12.65,6,6,6,6,0,0
631428,last,720575940611548878,-6.6000000000000005,22,20,20,20,2,0
631428,last,720575940613004402,-2.75,11,10,10,10,1,0
631428,last,720575940613943215,5.775,11,10,10,10,1,0
631428,last,720575940615041430,-0.275,53,54,53,53,0,1
631428,last,720575940616018956,-0.275,36,36,36,36,0,0
631428,last,720575940617494877,25.025000000000002,7,7,7,7,0,0
631428,last,720575940618472261,2.75,26,23,23,23,3,0
631428,last,720575940619048827,1.375,33,30,30,30,3,0
631428,last,720575940620025620,0.55,16,14,14,14,2,0
631428,last,720575940620170887,0.55,15,14,14,14,1,0
631428,last,720575940620254087,0.275,9,8,8,8,1,0
631428,last,720575940620335269,-0.275,29,27,27,27,2,0
631428,last,720575940622810153,0.275,21,19,19,19,2,0
631428,last,720575940623209165,2.2,16,15,15,15,1,0
631428,last,720575940625045180,115.50000000000001,40,37,37,37,3,0
631428,last,720575940625175054,8.25,32,32,32,32,0,0
631428,last,720575940625874992,106.42500000000001,36,32,32,32,4,0
631428,last,720575940625875504,-28.05,28,25,25,25,3,0
631428,last,720575940627107271,6.875000000000001,9,8,8,8,1,0
631428,last,720575940627828296,0.55,4,4,4,4,0,0
631428,last,720575940628598121,113.85000000000001,37,34,34,34,3,0
631428,last,720575940628995331,23.375000000000004,1,0,0,0,1,0
631428,last,720575940629207963,0.275,14,13,13,13,1,0
631428,last,720575940629778554,-2.2,50,49,49,49,1,0
631428,last,720575940629804158,-1.1,1,0,0,0,1,0
631428,last,720575940630094652,1.6500000000000001,4,4,4,4,0,0
631428,last,720575940630683385,-3.3000000000000003,25,22,22,22,3,0
631428,last,720575940630806267,-24.750000000000004,14,13,13,13,1,0
631428,last,720575940630868793,-1.375,52,48,48,48,4,0
631428,last,720575940631340815,-2.2,8,8,8,8,0,0
631428,last,720575940631918649,-1.6500000000000001,36,38,36,36,0,2
631428,last,720575940631999080,-25.575000000000003,17,16,16,16,1,0
631428,last,720575940632118156,90.2,37,35,35,35,2,0
631428,last,720575940632304711,-18.975,14,13,13,13,1,0
631428,last,720575940632602532,1.9250000000000003,22,22,22,21,0,0
631428,last,720575940634645600,99.275,33,31,31,31,2,0
631428,last,720575940636165624,45.1,12,10,10,10,2,0
631428,last,720575940636346487,17.325000000000003,1,1,1,1,0,0
631428,last,720575940637656286,28.05,3,3,3,3,0,0
631428,last,720575940638181092,41.800000000000004,32,30,30,30,2,0
631428,last,720575940639972816,-7.425000000000001,9,7,7,7,2,0
631428,last,720575940642428045,6.325,32,32,32,31,0,0
631428,last,720575940643867296,-239.525,28,27,27,27,1,0
631428,last,720575940660224641,-4.95,1,1,1,1,0,0
631429,first,720575940605682790,4.675000000000001,8,8,8,8,0,0
631429,first,720575940609133269,-0.275,11,11,11,11,0,0
631429,first,720575940609993284,0.275,11,11,11,11,0,0
631429,first,720575940610000964,11.0,11,11,11,10,0,0
631429,first,720575940610054980,-0.275,38,40,38,38,0,2
631429,first,720575940610611246,-12.65,7,7,7,7,0,0
631429,first,720575940611548878,-6.6000000000000005,25,25,25,24,0,0
631429,first,720575940613004402,-2.75,11,11,11,10,0,0
631429,first,720575940613943215,5.775,11,11,11,11,0,0
631429,first,720575940615041430,-0.275,57,58,57,57,0,1
631429,first,720575940616018956,-0.275,41,40,40,38,1,0
631429,first,720575940617494877,25.025000000000002,6,6,6,6,0,0
631429,first,720575940618472261,2.75,29,29,29,29,0,0
631429,first,720575940619048827,1.375,37,38,37,37,0,1
631429,first,720575940620025620,0.55,16,18,16,16,0,2
631429,first,720575940620170887,0.55,15,15,15,15,0,0
631429,first,720575940620254087,0.275,10,10,10,9,0,0
631429,first,720575940620335269,-0.275,29,30,29,29,0,1
631429,first,720575940622810153,0.275,24,26,24,23,0,2
631429,first,720575940623209165,2.2,16,17,16,16,0,1
631429,first,720575940625045180,115.50000000000001,39,41,39,39,0,2
631429,first,720575940625175054,8.25,32,32,32,32,0,0
631429,first,720575940625874992,106.42500000000001,35,38,35,35,0,3
631429,first,720575940625875504,-28.05,31,32,31,30,0,1
631429,first,720575940627107271,6.875000000000001,9,9,9,9,0,0
631429,first,720575940627828296,0.55,6,5,5,5,1,0
631429,first,720575940628598121,113.85000000000001,40,41,40,40,0,1
631429,first,720575940629207963,0.275,12,12,12,12,0,0
631429,first,720575940629778554,-2.2,50,52,50,50,0,2
631429,first,720575940630094652,1.6500000000000001,5,4,4,4,1,0
631429,first,720575940630683385,-3.3000000000000003,28,29,28,28,0,1
631429,first,720575940630806267,-24.750000000000004,15,16,15,14,0,1
631429,first,720575940630868793,-1.375,54,55,54,53,0,1
631429,first,720575940631340815,-2.2,7,7,7,7,0,0
631429,first,720575940631918649,-1.6500000000000001,36,36,36,36,0,0
631429,first,720575940631999080,-25.575000000000003,19,21,19,19,0,2
631429,first,720575940632118156,90.2,37,38,37,37,0,1
631429,first,720575940632304711,-18.975,14,15,14,14,0,1
631429,first,720575940632602532,1.9250000000000003,25,24,24,24,1,0
631429,first,720575940634645600,99.275,36,37,36,36,0,1
631429,first,720575940636165624,45.1,15,15,15,15,0,0
631429,first,720575940636346487,17.325000000000003,3,2,2,2,1,0
631429,first,720575940637656286,28.05,4,4,4,4,0,0
631429,first,720575940638181092,41.800000000000004,31,32,31,31,0,1
631429,first,720575940639972816,-7.425000000000001,9,9,9,9,0,0
631429,first,720575940642428045,6.325,29,29,29,28,0,0
631429,first,720575940643867296,-239.525,25,24,24,24,1,0
631429,last,720575940605682790,4.675000000000001,8,8,8,8,0,0
631429,last,720575940609133269,-0.275,11,11,11,11,0,0
631429,last,720575940609993284,0.275,11,11,11,11,0,0
631429,last,720575940610000964,11.0,11,11,11,10,0,0
631429,last,720575940610054980,-0.275,38,40,38,38,0,2
631429,last,720575940610611246,-12.65,7,7,7,7,0,0
631429,last,720575940611548878,-6.6000000000000005,25,25,25,24,0,0
631429,last,720575940613004402,-2.75,11,11,11,10,0,0
631429,last,720575940613943215,5.775,11,11,11,11,0,0
631429,last,720575940615041430,-0.275,57,58,57,57,0,1
631429,last,720575940616018956,-0.275,41,40,40,40,1,0
631429,last,720575940617494877,25.025000000000002,6,6,6,6,0,0
631429,last,720575940618472261,2.75,29,29,29,29,0,0
631429,last,720575940619048827,1.375,37,38,37,37,0,1
631429,last,720575940620025620,0.55,16,18,16,16,0,2
631429,last,720575940620170887,0.55,15,15,15,15,0,0
631429,last,720575940620254087,0.275,10,10,10,9,0,0
631429,last,720575940620335269,-0.275,29,30,29,29,0,1
631429,last,720575940622810153,0.275,24,26,24,24,0,2
631429,last,720575940623209165,2.2,16,17,16,16,0,1
631429,last,720575940625045180,115.50000000000001,39,41,39,39,0,2
631429,last,720575940625175054,8.25,32,32,32,32,0,0
631429,last,720575940625874992,106.42500000000001,35,38,35,35,0,3
631429,last,720575940625875504,-28.05,31,32,31,31,0,1
631429,last,720575940627107271,6.875000000000001,9,9,9,9,0,0
631429,last,720575940627828296,0.55,6,5,5,5,1,0
631429,last,720575940628598121,113.85000000000001,40,41,40,40,0,1
631429,last,720575940629207963,0.275,12,12,12,12,0,0
631429,last,720575940629778554,-2.2,50,52,50,50,0,2
631429,last,720575940630094652,1.6500000000000001,5,4,4,4,1,0
631429,last,720575940630683385,-3.3000000000000003,28,29,28,28,0,1
631429,last,720575940630806267,-24.750000000000004,15,16,15,15,0,1
631429,last,720575940630868793,-1.375,54,55,54,54,0,1
631429,last,720575940631340815,-2.2,7,7,7,7,0,0
631429,last,720575940631918649,-1.6500000000000001,36,36,36,36,0,0
631429,last,720575940631999080,-25.575000000000003,19,21,19,19,0,2
631429,last,720575940632118156,90.2,37,38,37,37,0,1
631429,last,720575940632304711,-18.975,14,15,14,14,0,1
631429,last,720575940632602532,1.9250000000000003,25,24,24,24,1,0
631429,last,720575940634645600,99.275,36,37,36,36,0,1
631429,last,720575940636165624,45.1,15,15,15,15,0,0
631429,last,720575940636346487,17.325000000000003,3,2,2,2,1,0
631429,last,720575940637656286,28.05,4,4,4,4,0,0
631429,last,720575940638181092,41.800000000000004,31,32,31,31,0,1
631429,last,720575940639972816,-7.425000000000001,9,9,9,9,0,0
631429,last,720575940642428045,6.325,29,29,29,28,0,0
631429,last,720575940643867296,-239.525,25,24,24,24,1,0
631430,first,720575940607193986,0.275,13,13,13,12,0,0
631430,first,720575940607272649,29.150000000000002,22,22,22,22,0,0
631430,first,720575940607386290,0.275,9,9,9,9,0,0
631430,first,720575940608498780,-0.55,10,9,9,7,1,0
631430,first,720575940609133269,-0.275,8,8,8,8,0,0
631430,first,720575940609405635,-2.2,11,11,11,10,0,0
631430,first,720575940609407939,32.45,14,14,14,14,0,0
631430,first,720575940610001220,1.375,3,3,3,3,0,0
631430,first,720575940610677828,-0.55,18,18,18,17,0,0
631430,first,720575940610803554,-3.575,13,13,13,13,0,0
631430,first,720575940611151406,29.975,6,6,6,6,0,0
631430,first,720575940612692633,0.55,20,20,20,20,0,0
631430,first,720575940612906518,-3.0250000000000004,30,30,30,29,0,0
631430,first,720575940613347299,0.55,10,10,10,10,0,0
631430,first,720575940613743569,0.275,1,2,1,1,0,1
631430,first,720575940614660519,0.275,8,8,8,8,0,0
631430,first,720575940615041430,-0.55,46,45,45,44,1,0
631430,first,720575940615811670,0.55,2,2,2,2,0,0
631430,first,720575940616018956,-1.375,31,30,30,29,1,0
631430,first,720575940616857174,2.75,16,15,15,14,1,0
631430,first,720575940616864086,-0.275,11,10,10,10,1,0
631430,first,720575940617629841,-0.275,20,20,20,20,0,0
631430,first,720575940618472261,0.275,20,19,19,17,1,0
631430,first,720575940618859480,0.275,4,4,4,4,0,0
631430,first,720575940619114048,17.6,10,9,9,8,1,0
631430,first,720575940619173534,0.275,6,6,6,6,0,0
631430,first,720575940619176094,19.25,1,1,1,0,0,0
631430,first,720575940619588568,-0.275,13,13,13,13,0,0
631430,first,720575940619853515,0.275,12,12,12,12,0,0
631430,first,720575940619877396,1.375,28,27,27,26,1,0
631430,first,720575940620062288,-5.2250000000000005,2,2,2,2,0,0
631430,first,720575940620254087,4.125,7,7,7,7,0,0
631430,first,720575940620274085,-0.275,34,33,33,30,1,0
631430,first,720575940620673985,-0.275,18,17,17,17,1,0
631430,first,720575940620874757,4.95,37,37,37,35,0,0
631430,first,720575940621261296,11.55,13,12,12,12,1,0
631430,first,720575940621399899,-0.275,18,17,17,16,1,0
631430,first,720575940621422518,-0.55,6,6,6,6,0,0
631430,first,720575940621538142,-1.9250000000000003,11,12,11,10,0,1
631430,first,720575940621573030,-0.55,6,6,6,5,0,0
631430,first,720575940622027222,-0.8250000000000001,1,1,1,1,0,0
631430,first,720575940622235425,-0.275,21,21,21,20,0,0
631430,first,720575940622624214,8.8,2,2,2,2,0,0
631430,first,720575940623210445,1.1,29,29,29,23,0,0
631430,first,720575940623211725,23.650000000000002,25,24,24,23,1,0
631430,first,720575940623453959,-0.275,9,9,9,8,0,0
631430,first,720575940624023188,33.825,11,11,11,11,0,0
631430,first,720575940624484796,0.275,20,20,20,17,0,0
631430,first,720575940624600840,-9.350000000000001,4,4,4,4,0,0
631430,first,720575940624906483,1.1,12,11,11,11,1,0
631430,first,720575940624966840,-3.8500000000000005,11,11,11,10,0,0
631430,first,720575940625580988,3.575,15,15,15,15,0,0
631430,first,720575940625737776,-0.275,14,13,13,12,1,0
631430,first,720575940625861660,-0.275,18,18,18,17,0,0
631430,first,720575940625867056,0.8250000000000001,24,24,24,24,0,0
631430,first,720575940626038714,1.375,1,1,1,1,0,0
631430,first,720575940626626597,-1.375,11,10,10,10,1,0
631430,first,720575940627083294,0.8250000000000001,6,6,6,5,0,0
631430,first,720575940627410451,0.55,12,11,11,10,1,0
631430,first,720575940627812168,0.275,4,4,4,4,0,0
631430,first,720575940627814728,0.275,1,1,1,1,0,0
631430,first,720575940627847752,50.87500000000001,18,17,17,16,1,0
631430,first,720575940628826128,-1.9250000000000003,15,15,15,15,0,0
631430,first,720575940628972048,3.3000000000000003,17,17,17,17,0,0
631430,first,720575940629000783,1.6500000000000001,5,5,5,5,0,0
631430,first,720575940629561347,0.275,7,6,6,6,1,0
631430,first,720575940629623351,0.55,1,1,1,1,0,0
631430,first,720575940629812346,0.275,3,3,3,3,0,0
631430,first,720575940630291767,-0.275,1,1,1,1,0,0
631430,first,720575940630579574,0.275,24,24,24,22,0,0
631430,first,720575940630865724,0.275,23,22,22,22,1,0
631430,first,720575940631340815,-31.900000000000002,5,6,5,5,0,1
631430,first,720575940631349335,1.1,26,26,26,26,0,0
631430,first,720575940631406411,-4.125,15,15,15,15,0,0
631430,first,720575940631918649,-0.55,27,27,27,26,0,0
631430,first,720575940631959097,2.2,17,17,17,17,0,0
631430,first,720575940631994728,-1.9250000000000003,3,3,3,3,0,0
631430,first,720575940632047890,0.275,29,30,29,29,0,1
631430,first,720575940632252743,1.9250000000000003,22,22,22,21,0,0
631430,first,720575940633308371,-0.55,1,1,1,1,0,0
631430,first,720575940633612698,0.275,15,15,15,14,0,0
631430,first,720575940634210155,1.1,3,3,3,3,0,0
631430,first,720575940634825623,0.8250000000000001,4,4,4,4,0,0
631430,first,720575940635055039,1.1,15,15,15,15,0,0
631430,first,720575940635611316,-0.275,1,1,1,1,0,0
631430,first,720575940636809646,-1.1,8,8,8,8,0,0
631430,first,720575940636828334,0.275,2,2,2,2,0,0
631430,first,720575940637144944,18.150000000000002,5,5,5,5,0,0
631430,first,720575940639285949,-1.1,30,30,30,27,0,0
631430,first,720575940640839120,-3.8500000000000005,4,4,4,4,0,0
631430,first,720575940644758308,-0.275,1,1,1,1,0,0
631430,first,720575940645045527,1.6500000000000001,3,3,3,3,0,0
631430,first,720575940645047831,0.275,5,5,5,5,0,0
631430,first,720575940645521262,1.6500000000000001,24,23,23,23,1,0
631430,first,720575940647518340,-0.275,14,13,13,11,1,0
631430,first,720575940649829241,-1.9250000000000003,20,19,19,17,1,0
631430,first,720575940655013025,1.6500000000000001,19,19,19,19,0,0
631430,first,720575940660219265,0.275,29,30,29,28,0,1
631430,first,720575940660223873,0.8250000000000001,20,20,20,19,0,0
631430,last,720575940607193986,0.275,13,13,13,12,0,0
631430,last,720575940607272649,29.150000000000002,22,22,22,22,0,0
631430,last,720575940607386290,0.275,9,9,9,9,0,0
631430,last,720575940608498780,-0.55,10,9,9,9,1,0
631430,last,720575940609133269,-0.275,8,8,8,8,0,0
631430,last,720575940609405635,-2.2,11,11,11,10,0,0
631430,last,720575940609407939,32.45,14,14,14,14,0,0
631430,last,720575940610001220,1.375,3,3,3,3,0,0
631430,last,720575940610677828,-0.55,18,18,18,17,0,0
631430,last,720575940610803554,-3.575,13,13,13,13,0,0
631430,last,720575940611151406,29.975,6,6,6,6,0,0
631430,last,720575940612692633,0.55,20,20,20,20,0,0
631430,last,720575940612906518,-3.0250000000000004,30,30,30,29,0,0
631430,last,720575940613347299,0.55,10,10,10,10,0,0
631430,last,720575940613743569,0.275,1,2,1,1,0,1
631430,last,720575940614660519,0.275,8,8,8,8,0,0
631430,last,720575940615041430,-0.55,46,45,45,45,1,0
631430,last,720575940615811670,0.55,2,2,2,2,0,0
631430,last,720575940616018956,-1.375,31,30,30,30,1,0
631430,last,720575940616857174,2.75,16,15,15,15,1,0
631430,last,720575940616864086,-0.275,11,10,10,10,1,0
631430,last,720575940617629841,-0.275,20,20,20,20,0,0
631430,last,720575940618472261,0.275,20,19,19,19,1,0
631430,last,720575940618859480,0.275,4,4,4,4,0,0
631430,last,720575940619114048,17.6,10,9,9,9,1,0
631430,last,720575940619173534,0.275,6,6,6,6,0,0
631430,last,720575940619176094,19.25,1,1,1,0,0,0
631430,last,720575940619588568,-0.275,13,13,13,13,0,0
631430,last,720575940619853515,0.275,12,12,12,12,0,0
631430,last,720575940619877396,1.375,28,27,27,27,1,0
631430,last,720575940620062288,-5.2250000000000005,2,2,2,2,0,0
631430,last,720575940620254087,4.125,7,7,7,7,0,0
631430,last,720575940620274085,-0.275,34,33,33,33,1,0
631430,last,720575940620673985,-0.275,18,17,17,17,1,0
631430,last,720575940620874757,4.95,37,37,37,35,0,0
631430,last,720575940621261296,11.55,13,12,12,12,1,0
631430,last,720575940621399899,-0.275,18,17,17,17,1,0
631430,last,720575940621422518,-0.55,6,6,6,6,0,0
631430,last,720575940621538142,-1.9250000000000003,11,12,11,11,0,1
631430,last,720575940621573030,-0.55,6,6,6,5,0,0
631430,last,720575940622027222,-0.8250000000000001,1,1,1,1,0,0
631430,last,720575940622235425,-0.275,21,21,21,20,0,0
631430,last,720575940622624214,8.8,2,2,2,2,0,0
631430,last,720575940623210445,1.1,29,29,29,23,0,0
631430,last,720575940623211725,23.650000000000002,25,24,24,24,1,0
631430,last,720575940623453959,-0.275,9,9,9,8,0,0
631430,last,720575940624023188,33.825,11,11,11,11,0,0
631430,last,720575940624484796,0.275,20,20,20,17,0,0
631430,last,720575940624600840,-9.350000000000001,4,4,4,4,0,0
631430,last,720575940624906483,1.1,12,11,11,11,1,0
631430,last,720575940624966840,-3.8500000000000005,11,11,11,10,0,0
631430,last,720575940625580988,3.575,15,15,15,15,0,0
631430,last,720575940625737776,-0.275,14,13,13,13,1,0
631430,last,720575940625861660,-0.275,18,18,18,17,0,0
631430,last,720575940625867056,0.8250000000000001,24,24,24,24,0,0
631430,last,720575940626038714,1.375,1,1,1,1,0,0
631430,last,720575940626626597,-1.375,11,10,10,10,1,0
631430,last,720575940627083294,0.8250000000000001,6,6,6,5,0,0
631430,last,720575940627410451,0.55,12,11,11,11,1,0
631430,last,720575940627812168,0.275,4,4,4,4,0,0
631430,last,720575940627814728,0.275,1,1,1,1,0,0
631430,last,720575940627847752,50.87500000000001,18,17,17,17,1,0
631430,last,720575940628826128,-1.9250000000000003,15,15,15,15,0,0
631430,last,720575940628972048,3.3000000000000003,17,17,17,17,0,0
631430,last,720575940629000783,1.6500000000000001,5,5,5,5,0,0
631430,last,720575940629561347,0.275,7,6,6,6,1,0
631430,last,720575940629623351,0.55,1,1,1,1,0,0
631430,last,720575940629812346,0.275,3,3,3,3,0,0
631430,last,720575940630291767,-0.275,1,1,1,1,0,0
631430,last,720575940630579574,0.275,24,24,24,22,0,0
631430,last,720575940630865724,0.275,23,22,22,22,1,0
631430,last,720575940631340815,-31.900000000000002,5,6,5,5,0,1
631430,last,720575940631349335,1.1,26,26,26,26,0,0
631430,last,720575940631406411,-4.125,15,15,15,15,0,0
631430,last,720575940631918649,-0.55,27,27,27,26,0,0
631430,last,720575940631959097,2.2,17,17,17,17,0,0
631430,last,720575940631994728,-1.9250000000000003,3,3,3,3,0,0
631430,last,720575940632047890,0.275,29,30,29,29,0,1
631430,last,720575940632252743,1.9250000000000003,22,22,22,21,0,0
631430,last,720575940633308371,-0.55,1,1,1,1,0,0
631430,last,720575940633612698,0.275,15,15,15,14,0,0
631430,last,720575940634210155,1.1,3,3,3,3,0,0
631430,last,720575940634825623,0.8250000000000001,4,4,4,4,0,0
631430,last,720575940635055039,1.1,15,15,15,15,0,0
631430,last,720575940635611316,-0.275,1,1,1,1,0,0
631430,last,720575940636809646,-1.1,8,8,8,8,0,0
631430,last,720575940636828334,0.275,2,2,2,2,0,0
631430,last,720575940637144944,18.150000000000002,5,5,5,5,0,0
631430,last,720575940639285949,-1.1,30,30,30,27,0,0
631430,last,720575940640839120,-3.8500000000000005,4,4,4,4,0,0
631430,last,720575940644758308,-0.275,1,1,1,1,0,0
631430,last,720575940645045527,1.6500000000000001,3,3,3,3,0,0
631430,last,720575940645047831,0.275,5,5,5,5,0,0
631430,last,720575940645521262,1.6500000000000001,24,23,23,23,1,0
631430,last,720575940647518340,-0.275,14,13,13,13,1,0
631430,last,720575940649829241,-1.9250000000000003,20,19,19,19,1,0
631430,last,720575940655013025,1.6500000000000001,19,19,19,19,0,0
631430,last,720575940660219265,0.275,29,30,29,29,0,1
631430,last,720575940660223873,0.8250000000000001,20,20,20,19,0,0
