720575940602483424
720575940603011808
720575940603067360
720575940603077600
720575940603174572
720575940603225312
720575940603272038
720575940603372460
720575940603391404
720575940603397088
720575940603402412
720575940603452384
720575940603495340
720575940603538348
720575940603552736
720575940603578848
720575940603596972
720575940603618494
720575940603637438
720575940603672032
720575940603817900
720575940603823136
720575940603860000
720575940603886880
720575940603909804
720575940603944672
720575940603949024
720575940603962214
720575940603975392
720575940603979488
720575940603989420
720575940604007392
720575940604010412
720575940604016608
720575940604023980
720575940604030176
720575940604030636
720575940604045484
720575940604058540
720575940604121004
720575940604125286
720575940604125920
720575940604212396
720575940604212838
720575940604229152
720575940604268972
720575940604281120
720575940604304742
720575940604324017
720575940604337696
720575940604345632
720575940604381886
720575940604389054
720575940604401342
720575940604426412
720575940604500960
720575940604510892
720575940604515006
720575940604584416
720575940604597536
720575940604601022
720575940604609056
720575940604616806
720575940604630560
720575940604643872
720575940604646316
720575940604681830
720575940604709152
720575940604725606
720575940604749758
720575940604786720
720575940604809918
720575940604815462
720575940604834494
720575940604885792
720575940604889376
720575940604893868
720575940604898150
720575940604903298
720575940604907710
720575940604922982
720575940604929894
720575940604932017
720575940604933344
720575940604935089
720575940604947558
720575940605001184
720575940605007550
720575940605010609
720575940605016777
720575940605020337
720575940605024386
720575940605042609
720575940605047742
720575940605072742
720575940605076158
720575940605114046
720575940605173705
720575940605177033
720575940605178558
720575940605184958
720575940605209056
720575940605242242
720575940605278386
720575940605285297
720575940605291138
720575940605291650
720575940605300145
720575940605318880
720575940605333169
720575940605386930
720575940605393888
720575940605411262
720575940605419966
720575940605426609
720575940605444809
720575940605445600
720575940605465888
720575940605475296
720575940605476994
720575940605478590
720575940605487550
720575940605496777
720575940605527910
720575940605582508
720575940605598892
720575940605630850
720575940605666732
720575940605675966
720575940605729964
720575940605738114
720575940605785801
720575940605790594
720575940605797222
720575940605825666
720575940605829065
720575940605833673
720575940605844937
720575940605871561
720575940605878706
720575940605899878
720575940605903490
720575940605915313
720575940605928066
720575940605934112
720575940605937330
720575940605956896
720575940605996745
720575940605998978
720575940606025318
720575940606039072
720575940606040352
720575940606044704
720575940606060478
720575940606066306
720575940606080358
720575940606087298
720575940606099586
720575940606108034
720575940606126438
720575940606142496
720575940606161586
720575940606173630
720575940606178080
720575940606212786
720575940606213553
720575940606217138
720575940606236683
720575940606242592
720575940606244994
720575940606257074
720575940606258110
720575940606260402
720575940606268290
720575940606270338
720575940606273714
720575940606274592
720575940606316745
720575940606345138
720575940606352050
720575940606384561
720575940606416817
720575940606423170
720575940606443442
720575940606455474
720575940606460849
720575940606467762
720575940606477746
720575940606489521
720575940606502322
720575940606505090
720575940606521180
720575940606522123
720575940606541065
720575940606543282
720575940606549426
720575940606615474
720575940606626946
720575940606661833
720575940606722140
720575940606758667
720575940606775817
720575940606850569
720575940606855554
720575940606868828
720575940606888393
720575940606903307
720575940606918921
720575940606921995
720575940606938034
720575940606952028
720575940606983363
720575940606992395
720575940607028658
720575940607044619
720575940607052418
720575940607064331
720575940607088329
720575940607092828
720575940607152085
720575940607167580
720575940607168348
720575940607174153
720575940607245186
720575940607245833
720575940607272715
720575940607301131
720575940607304322
720575940607307275
720575940607313756
720575940607361481
720575940607390421
720575940607397129
720575940607401138
720575940607409282
720575940607415132
720575940607416777
720575940607458827
720575940607463381
720575940607473931
720575940607474443
720575940607484939
720575940607499787
720575940607510876
720575940607511819
720575940607520777
720575940607527947
720575940607528971
720575940607548683
720575940607551701
720575940607564809
720575940607573973
720575940607575051
720575940607580508
720575940607582729
720575940607603548
720575940607630172
720575940607641867
720575940607664853
720575940607673865
720575940607678642
720575940607683011
720575940607691868
720575940607701461
720575940607718101
720575940607748363
720575940607766229
720575940607772290
720575940607798402
720575940607800242
720575940607805314
720575940607825621
720575940607830211
720575940607838473
720575940607839189
720575940607840981
720575940607845250
720575940607849923
720575940607854531
720575940607854549
720575940607860419
720575940607861443
720575940607875420
720575940607887746
720575940607889877
720575940607919538
720575940607929283
720575940607941845
720575940607963147
720575940607964427
720575940607969289
720575940607986953
720575940608010453
720575940608039637
720575940608048853
720575940608054852
720575940608067029
720575940608085973
720575940608087132
720575940608088259
720575940608128092
720575940608154307
720575940608163285
720575940608166101
720575940608186307
720575940608190915
720575940608193475
720575940608221891
720575940608268227
720575940608285788
720575940608287701
720575940608302857
720575940608352068
720575940608369859
720575940608409156
720575940608413451
720575940608422958
720575940608444355
720575940608448348
720575940608481372
720575940608490435
720575940608496196
720575940608525124
720575940608581188
720575940608591428
720575940608601412
720575940608610652
720575940608661955
720575940608666325
720575940608703499
720575940608736836
720575940608753161
720575940608756600
720575940608792075
720575940608793795
720575940608832324
720575940608845124
720575940608874564
720575940608875531
720575940608907100
720575940608915211
720575940608927836
720575940608938076
720575940608977988
720575940608980178
720575940608982084
720575940609012548
720575940609025628
720575940609039172
720575940609051460
720575940609058628
720575940609063236
720575940609068809
720575940609109602
720575940609125641
720575940609141257
720575940609153838
720575940609158724
720575940609166148
720575940609171721
720575940609174392
720575940609181508
720575940609221641
720575940609222921
720575940609233784
720575940609234130
720575940609245123
720575940609246276
720575940609250628
720575940609269259
720575940609276514
720575940609285315
720575940609293380
720575940609307147
720575940609321923
720575940609346372
720575940609356995
720575940609401186
720575940609415522
720575940609428178
720575940609431086
720575940609454798
720575940609454802
720575940609507118
720575940609518946
720575940609523662
720575940609524946
720575940609539267
720575940609548920
720575940609561646
720575940609581614
720575940609585250
720575940609587524
720575940609588181
720575940609592674
720575940609602770
720575940609648738
720575940609664963
720575940609706702
720575940609739730
720575940609742382
720575940609745777
720575940609785813
720575940609790933
720575940609832910
720575940609860803
720575940609871224
720575940609890402
720575940609909112
720575940609911747
720575940609920376
720575940609925496
720575940609927890
720575940609930194
720575940609931362
720575940609933010
720575940609937762
720575940609956558
720575940609975854
720575940609992146
720575940610002033
720575940610026947
720575940610043571
720575940610053827
720575940610075029
720575940610082514
720575940610100946
720575940610106834
720575940610113348
720575940610116194
720575940610116570
720575940610116757
720575940610131093
720575940610136900
720575940610171234
720575940610219618
720575940610227162
720575940610230738
720575940610230852
720575940610238418
720575940610242884
720575940610256846
720575940610257476
720575940610266066
720575940610266517
720575940610272354
720575940610282082
720575940610310350
720575940610311025
720575940610316130
720575940610317262
720575940610319058
720575940610322638
720575940610324629
720575940610327538
720575940610350961
720575940610352590
720575940610369230
720575940610382546
720575940610391219
720575940610397845
720575940610413262
720575940610421913
720575940610429282
720575940610432120
720575940610454734
720575940610455002
720575940610462930
720575940610464376
720575940610468522
720575940610471470
720575940610475994
720575940610483930
720575940610485145
720575940610488213
720575940610493809
720575940610494510
720575940610501093
720575940610506872
720575940610507618
720575940610522009
720575940610527637
720575940610536290
720575940610545476
720575940610554547
720575940610563278
720575940610578405
720575940610581617
720575940610582852
720575940610583961
720575940610585366
720575940610593971
720575940610595034
720575940610630553
720575940610660962
720575940610681829
720575940610691570
720575940610717077
720575940610734449
720575940610739114
720575940610739918
720575940610740889
720575940610767066
720575940610767602
720575940610770394
720575940610801966
720575940610804453
720575940610809061
720575940610825458
720575940610842005
720575940610844309
720575940610872050
720575940610877077
720575940610887829
720575940610888056
720575940610893738
720575940610898040
720575940610899154
720575940610902165
720575940610902442
720575940610909938
720575940610940462
720575940610949034
720575940610951800
720575940610953651
720575940610975402
720575940610983091
720575940610989209
720575940611002737
720575940611010730
720575940611011953
720575940611012118
720575940611014067
720575940611027930
720575940611030746
720575940611036643
720575940611050649
720575940611063770
720575940611063921
720575940611071450
720575940611073070
720575940611074606
720575940611080410
720575940611085274
720575940611088942
720575940611098330
720575940611112818
720575940611118126
720575940611118894
720575940611121557
720575940611123954
720575940611128818
720575940611134833
720575940611138002
720575940611152537
720575940611153272
720575940611154162
720575940611166706
720575940611174041
720575940611174371
720575940611194390
720575940611199698
720575940611201998
720575940611206098
720575940611210872
720575940611217394
720575940611221397
720575940611227050
720575940611233490
720575940611240050
720575940611249528
720575940611264229
720575940611265010
720575940611269546
720575940611279736
720575940611282611
720575940611294562
720575940611297433
720575940611298266
720575940611298995
720575940611300570
720575940611314346
720575940611317618
720575940611318169
720575940611334354
720575940611335666
720575940611336421
720575940611352234
720575940611361486
720575940611370616
720575940611373226
720575940611377521
720575940611387158
720575940611394730
720575940611396266
720575940611404003
720575940611404130
720575940611406034
720575940611423411
720575940611425498
720575940611429233
720575940611439587
720575940611441045
720575940611461093
720575940611466922
720575940611471283
720575940611485138
720575940611503589
720575940611504613
720575940611506966
720575940611507410
720575940611518617
720575940611530213
720575940611532458
720575940611533797
720575940611550426
720575940611553138
720575940611555953
720575940611558242
720575940611564506
720575940611567638
720575940611576729
720575940611580313
720575940611591907
720575940611597682
720575940611598003
720575940611599530
720575940611600226
720575940611602661
720575940611607779
720575940611623397
720575940611623859
720575940611628145
720575940611628786
720575940611633010
720575940611639978
720575940611650533
720575940611663218
720575940611670002
720575940611700430
720575940611710617
720575940611711461
720575940611715185
720575940611734641
720575940611740569
720575940611750618
720575940611763097
720575940611764451
720575940611768178
720575940611770978
720575940611780962
720575940611787493
720575940611790178
720575940611794894
720575940611802994
720575940611820386
720575940611821334
720575940611826073
720575940611843186
720575940611856078
720575940611863666
720575940611875112
720575940611886554
720575940611887075
720575940611890325
720575940611900950
720575940611905331
720575940611922126
720575940611926186
720575940611935667
720575940611938930
720575940611943190
720575940611953635
720575940611962226
720575940611964053
720575940611964366
720575940611990243
720575940611991062
720575940612021475
720575940612031469
720575940612036978
720575940612037073
720575940612040419
720575940612045352
720575940612049102
720575940612049870
720575940612052850
720575940612076238
720575940612078102
720575940612090595
720575940612093351
720575940612096462
720575940612099045
720575940612100374
720575940612125923
720575940612133489
720575940612138927
720575940612142051
720575940612162814
720575940612165859
720575940612173738
720575940612180337
720575940612190161
720575940612192242
720575940612192730
720575940612194611
720575940612201586
720575940612224943
720575940612225685
720575940612225814
720575940612227441
720575940612228630
720575940612231139
720575940612235633
720575940612235889
720575940612236241
720575940612247026
720575940612249581
720575940612250851
720575940612253677
720575940612254701
720575940612258218
720575940612258513
720575940612286065
720575940612296154
720575940612299571
720575940612320739
720575940612323025
720575940612323811
720575940612332401
720575940612340630
720575940612354983
720575940612378152
720575940612380723
720575940612382179
720575940612382947
720575940612386197
720575940612396437
720575940612400563
720575940612410074
720575940612413589
720575940612418019
720575940612420783
720575940612432021
720575940612432241
720575940612455599
720575940612462307
720575940612465777
720575940612472689
720575940612473640
720575940612489109
720575940612494485
720575940612494997
720575940612495331
720575940612498129
720575940612515546
720575940612517489
720575940612518055
720575940612522961
720575940612526834
720575940612546991
720575940612548338
720575940612553189
720575940612559341
720575940612560680
720575940612570481
720575940612572822
720575940612580977
720575940612603176
720575940612617453
720575940612620269
720575940612627106
720575940612627314
720575940612637810
720575940612646883
720575940612665562
720575940612672881
720575940612689266
720575940612697714
720575940612699354
720575940612699670
720575940612716497
720575940612730538
720575940612730794
720575940612732146
720575940612735205
720575940612737174
720575940612743330
720575940612752611
720575940612757922
720575940612760306
720575940612766691
720575940612775530
720575940612778649
720575940612779237
720575940612780723
720575940612791277
720575940612815597
720575940612819367
720575940612822056
720575940612839661
720575940612840615
720575940612841874
720575940612841907
720575940612854378
720575940612857128
720575940612874536
720575940612874898
720575940612876146
720575940612895697
720575940612896485
720575940612919806
720575940612941991
720575940612942442
720575940612944382
720575940612946686
720575940612949145
720575940612957480
720575940612960426
720575940612960687
720575940612968421
720575940612976039
720575940612976863
720575940612988901
720575940612991205
720575940612993191
720575940613001256
720575940613004207
720575940613005791
720575940613013246
720575940613036005
720575940613040101
720575940613047519
720575940613054887
720575940613059112
720575940613059993
720575940613067943
720575940613068083
720575940613068851
720575940613072382
720575940613074602
720575940613082282
720575940613090769
720575940613099938
720575940613101487
720575940613105381
720575940613106838
720575940613109410
720575940613110425
720575940613110703
720575940613126629
720575940613130469
720575940613144086
720575940613145258
720575940613145366
720575940613155218
720575940613168534
720575940613168554
720575940613183272
720575940613187624
720575940613191338
720575940613204650
720575940613219474
720575940613231057
720575940613238418
720575940613244335
720575940613256863
720575940613256982
720575940613260959
720575940613261795
720575940613263250
720575940613268531
720575940613278161
720575940613280808
720575940613283734
720575940613288818
720575940613290663
720575940613304803
720575940613322407
720575940613326759
720575940613331990
720575940613335154
720575940613337041
720575940613355175
720575940613360295
720575940613370482
720575940613371047
720575940613384562
720575940613411954
720575940613412514
720575940613413791
720575940613416879
720575940613425522
720575940613427198
720575940613428135
720575940613429394
720575940613429782
720575940613433622
720575940613439230
720575940613447475
720575940613455986
720575940613463954
720575940613470947
720575940613477023
720575940613478678
720575940613481330
720575940613488815
720575940613491826
720575940613509343
720575940613511907
720575940613526294
720575940613534066
720575940613537682
720575940613540527
720575940613561868
720575940613562274
720575940613594535
720575940613597905
720575940613606250
720575940613608685
720575940613609484
720575940613637374
720575940613654782
720575940613672931
720575940613677999
720575940613681662
720575940613686434
720575940613688743
720575940613692414
720575940613693842
720575940613706911
720575940613708967
720575940613710061
720575940613714026
720575940613722262
720575940613726179
720575940613735934
720575940613739586
720575940613749246
720575940613752547
720575940613762015
720575940613763759
720575940613764862
720575940613771743
720575940613783277
720575940613791185
720575940613799218
720575940613803747
720575940613804906
720575940613817896
720575940613821290
720575940613829388
720575940613830550
720575940613830722
720575940613834207
720575940613837566
720575940613853411
720575940613857130
720575940613866346
720575940613880115
720575940613894978
720575940613896173
720575940613926111
720575940613961634
720575940613965162
720575940613969055
720575940613977503
720575940613980335
720575940613984578
720575940613990706
720575940614023490
720575940614030914
720575940614039806
720575940614046687
720575940614047890
720575940614052970
720575940614055318
720575940614056810
720575940614058719
720575940614061479
720575940614066399
720575940614067167
720575940614069260
720575940614072076
720575940614076456
720575940614080578
720575940614082194
720575940614082966
720575940614089197
720575940614094303
720575940614099507
720575940614100127
720575940614110367
720575940614111650
720575940614122146
720575940614124906
720575940614135739
720575940614143663
720575940614151976
720575940614180333
720575940614190767
720575940614196191
720575940614197246
720575940614198312
720575940614209576
720575940614213599
720575940614227167
720575940614230495
720575940614232231
720575940614241745
720575940614242666
720575940614249135
720575940614255922
720575940614259679
720575940614273233
720575940614277869
720575940614282705
720575940614296115
720575940614298931
720575940614300383
720575940614303890
720575940614309039
720575940614311135
720575940614311746
720575940614316767
720575940614327249
720575940614330258
720575940614341938
720575940614342506
720575940614348082
720575940614349535
720575940614354326
720575940614357811
720575940614362380
720575940614364383
720575940614370610
720575940614373023
720575940614373279
720575940614374952
720575940614376498
720575940614377890
720575940614383682
720575940614395538
720575940614400415
720575940614402828
720575940614402966
720575940614412511
720575940614416039
720575940614418863
720575940614421471
720575940614430623
720575940614445983
720575940614447400
720575940614448424
720575940614474463
720575940614482591
720575940614489128
720575940614492968
720575940614496735
720575940614506927
720575940614509458
720575940614517032
720575940614521342
720575940614526770
720575940614526974
720575940614527185
720575940614540511
720575940614543477
720575940614543527
720575940614543922
720575940614544680
720575940614549713
720575940614552170
720575940614552371
720575940614559554
720575940614562867
720575940614572742
720575940614577058
720575940614581516
720575940614582946
720575940614593292
720575940614601077
720575940614602655
720575940614614495
720575940614629279
720575940614631079
720575940614635074
720575940614636661
720575940614639015
720575940614645610
720575940614646495
720575940614658706
720575940614662195
720575940614662815
720575940614675623
720575940614675921
720575940614680076
720575940614687931
720575940614697183
720575940614701875
720575940614702815
720575940614704337
720575940614708399
720575940614711603
720575940614712115
720575940614722611
720575940614723189
720575940614738444
720575940614746178
720575940614751027
720575940614755526
720575940614756094
720575940614766166
720575940614775238
720575940614786828
720575940614789900
720575940614799116
720575940614800638
720575940614801055
720575940614808017
720575940614811810
720575940614823839
720575940614837877
720575940614839714
720575940614851906
720575940614864490
720575940614885442
720575940614890238
720575940614897662
720575940614901142
720575940614907601
720575940614908113
720575940614912268
720575940614914107
720575940614918924
720575940614919878
720575940614920958
720575940614923314
720575940614936076
720575940614945036
720575940614947340
720575940614965190
720575940614973708
720575940614977959
720575940614983474
720575940614988199
720575940615012667
720575940615019974
720575940615034530
720575940615044469
720575940615053580
720575940615055989
720575940615058070
720575940615058956
720575940615060895
720575940615061906
720575940615071675
720575940615083381
720575940615085755
720575940615088274
720575940615097100
720575940615097490
720575940615111611
720575940615114402
720575940615114914
720575940615116731
720575940615121350
720575940615121570
720575940615123250
720575940615123654
720575940615124370
720575940615125958
720575940615127227
720575940615135998
720575940615138098
720575940615141031
720575940615149836
720575940615151870
720575940615155362
720575940615175842
720575940615177383
720575940615181735
720575940615189958
720575940615201675
720575940615202134
720575940615213974
720575940615232217
720575940615235751
720575940615238075
720575940615249730
720575940615252642
720575940615257906
720575940615274914
720575940615288203
720575940615298454
720575940615313851
720575940615324555
720575940615332502
720575940615338891
720575940615347094
720575940615350284
720575940615369266
720575940615391638
720575940615392618
720575940615406698
720575940615406954
720575940615419019
720575940615421499
720575940615451451
720575940615457851
720575940615462587
720575940615479413
720575940615480281
720575940615481461
720575940615483798
720575940615488629
720575940615492667
720575940615507506
720575940615517813
720575940615518870
720575940615522922
720575940615529019
720575940615533727
720575940615538847
720575940615545403
720575940615552918
720575940615563532
720575940615564917
720575940615575007
720575940615581964
720575940615584671
720575940615590361
720575940615593044
720575940615605649
720575940615611798
720575940615612822
720575940615626346
720575940615637846
720575940615643754
720575940615644277
720575940615648315
720575940615672459
720575940615675732
720575940615676127
720575940615677499
720575940615681083
720575940615686715
720575940615691348
720575940615692703
720575940615718027
720575940615720902
720575940615723094
720575940615731818
720575940615761567
720575940615791190
720575940615794335
720575940615799697
720575940615801430
720575940615808598
720575940615827980
720575940615833574
720575940615834086
720575940615851915
720575940615856267
720575940615858747
720575940615867103
720575940615875933
720575940615882635
720575940615893249
720575940615896971
720575940615905373
720575940615907723
720575940615913439
720575940615920453
720575940615925298
720575940615928799
720575940615933919
720575940615934150
720575940615942978
720575940615943313
720575940615945794
720575940615951221
720575940615954827
720575940615964555
720575940615965526
720575940615966749
720575940615966918
720575940615967377
720575940615979521
720575940615985989
720575940615986335
720575940615986363
720575940615989972
720575940615998091
720575940615998557
720575940615999547
720575940616000342
720575940616004255
720575940616011993
720575940616016385
720575940616021899
720575940616024844
720575940616031417
720575940616038545
720575940616040153
720575940616042681
720575940616047249
720575940616055764
720575940616066705
720575940616069777
720575940616072081
720575940616074196
720575940616076098
720575940616078751
720575940616083345
720575940616083668
720575940616087967
720575940616088157
720575940616088991
720575940616114406
720575940616115980
720575940616116697
720575940616129183
720575940616133186
720575940616133442
720575940616138123
720575940616138333
720575940616138911
720575940616142534
720575940616156992
720575940616165318
720575940616166685
720575940616177949
720575940616180236
720575940616180881
720575940616190164
720575940616204059
720575940616207628
720575940616215513
720575940616239060
720575940616247197
720575940616247355
720575940616258717
720575940616260146
720575940616261771
720575940616264460
720575940616276770
720575940616281817
720575940616286438
720575940616290004
720575940616298470
720575940616298816
720575940616303545
720575940616303956
720575940616316741
720575940616333627
720575940616334054
720575940616337181
720575940616341563
720575940616344477
720575940616345693
720575940616349853
720575940616352953
720575940616355852
720575940616360788
720575940616365917
720575940616377817
720575940616378836
720575940616384349
720575940616384832
720575940616386449
720575940616390237
720575940616392934
720575940616393053
720575940616398737
720575940616403771
720575940616405282
720575940616423218
720575940616438877
720575940616445638
720575940616451362
720575940616455261
720575940616462041
720575940616474625
720575940616476372
720575940616476884
720575940616478150
720575940616478406
720575940616482461
720575940616485844
720575940616490129
720575940616491993
720575940616492096
720575940616499089
720575940616519366
720575940616522726
720575940616528596
720575940616533275
720575940616541341
720575940616551897
720575940616555147
720575940616565131
720575940616576473
720575940616586613
720575940616587988
720575940616596308
720575940616598484
720575940616598713
720575940616599508
720575940616603973
720575940616606491
720575940616608837
720575940616613009
720575940616618897
720575940616630713
720575940616632891
720575940616637533
720575940616637670
720575940616639837
720575940616640145
720575940616640310
720575940616647730
720575940616657409
720575940616660198
720575940616663602
720575940616665830
720575940616670038
720575940616672349
720575940616674909
720575940616677121
720575940616681300
720575940616688930
720575940616707540
720575940616707985
720575940616708825
720575940616712278
720575940616713355
720575940616715732
720575940616721921
720575940616725689
720575940616735489
720575940616735675
720575940616738683
720575940616739677
720575940616741121
720575940616741915
720575940616764305
720575940616779403
720575940616792354
720575940616794525
720575940616794585
720575940616796121
720575940616811225
720575940616816285
720575940616824550
720575940616831861
720575940616837593
720575940616840377
720575940616843403
720575940616851829
720575940616857089
720575940616858073
720575940616865058
720575940616878370
720575940616881821
720575940616888065
720575940616891878
720575940616910749
720575940616943444
720575940616955137
720575940616962885
720575940616968059
720575940616969029
720575940616970836
720575940616980381
720575940616980763
720575940616981312
720575940617010905
720575940617012921
720575940617015621
720575940617019905
720575940617025821
720575940617026260
720575940617045531
720575940617047581
720575940617051293
720575940617071906
720575940617087718
720575940617102715
720575940617110457
720575940617113717
720575940617119462
720575940617129501
720575940617159510
720575940617176321
720575940617179537
720575940617189204
720575940617195125
720575940617195934
720575940617196859
720575940617208374
720575940617216117
720575940617216320
720575940617218629
720575940617226869
720575940617228573
720575940617244741
720575940617252445
720575940617253259
720575940617253666
720575940617260374
720575940617262987
720575940617265803
720575940617266722
720575940617277657
720575940617280769
720575940617281826
720575940617282117
720575940617283101
720575940617287458
720575940617289782
720575940617294219
720575940617311574
720575940617315329
720575940617329221
720575940617333249
720575940617339973
720575940617343557
720575940617345846
720575940617348379
720575940617356189
720575940617366745
720575940617374465
720575940617386309
720575940617390107
720575940617407115
720575940617414539
720575940617424468
720575940617432379
720575940617432603
720575940617444635
720575940617446539
720575940617451403
720575940617465157
720575940617466693
720575940617467485
720575940617471259
720575940617473419
720575940617480094
720575940617484342
720575940617486552
720575940617494085
720575940617496896
720575940617498708
720575940617500992
720575940617502235
720575940617513024
720575940617514397
720575940617514550
720575940617516689
720575940617517622
720575940617519033
720575940617533652
720575940617544315
720575940617553880
720575940617562171
720575940617589716
720575940617623350
720575940617623862
720575940617632123
720575940617652180
720575940617654341
720575940617678897
720575940617678912
720575940617688866
720575940617692305
720575940617693750
720575940617708885
720575940617725086
720575940617727793
720575940617729977
720575940617741529
720575940617763046
720575940617763707
720575940617767990
720575940617772667
720575940617775873
720575940617776273
720575940617779781
720575940617780683
720575940617781332
720575940617793344
720575940617801265
720575940617811997
720575940617812441
720575940617813383
720575940617815225
720575940617819229
720575940617822301
720575940617826624
720575940617836117
720575940617840980
720575940617859288
720575940617878869
720575940617879198
720575940617879710
720575940617883003
720575940617888788
720575940617891289
720575940617907430
720575940617922097
720575940617927326
720575940617931449
720575940617931961
720575940617933528
720575940617945649
720575940617963318
720575940617972180
720575940617975675
720575940617978789
720575940617979682
720575940617983355
720575940617983867
720575940617984212
720575940617987889
720575940617989686
720575940617990454
720575940617997241
720575940618002644
720575940618007710
720575940618015956
720575940618021332
720575940618025748
720575940618029286
720575940618030429
720575940618031307
720575940618032162
720575940618032930
720575940618035483
720575940618046292
720575940618046878
720575940618054886
720575940618057595
720575940618064950
720575940618071828
720575940618076244
720575940618086841
720575940618090433
720575940618093497
720575940618110621
720575940618115229
720575940618126203
720575940618135973
720575940618143435
720575940618144635
720575940618159249
720575940618159429
720575940618160273
720575940618164603
720575940618172187
720575940618173494
720575940618184896
720575940618188337
720575940618193921
720575940618200038
720575940618201345
720575940618213103
720575940618214360
720575940618216827
720575940618225236
720575940618229150
720575940618234704
720575940618234715
720575940618237953
720575940618242338
720575940618248605
720575940618254750
720575940618263197
720575940618266459
720575940618267227
720575940618270498
720575940618270599
720575940618273826
720575940618275520
720575940618283777
720575940618287307
720575940618312606
720575940618314786
720575940618319444
720575940618324509
720575940618334365
720575940618350676
720575940618360741
720575940618392187
720575940618398331
720575940618404692
720575940618404699
720575940618423297
720575940618423888
720575940618433073
720575940618445622
720575940618446296
720575940618450496
720575940618452763
720575940618460957
720575940618463573
720575940618475224
720575940618475992
720575940618486181
720575940618486219
720575940618511773
720575940618535589
720575940618541995
720575940618543445
720575940618543873
720575940618544208
720575940618545940
720575940618551345
720575940618556888
720575940618564432
720575940618566657
720575940618567425
720575940618606040
720575940618608177
720575940618609665
720575940618617173
720575940618625671
720575940618628165
720575940618629592
720575940618636112
720575940618641462
720575940618650584
720575940618674203
720575940618674379
720575940618676440
720575940618681709
720575940618683339
720575940618687508
720575940618689563
720575940618690640
720575940618700849
720575940618703636
720575940618704689
720575940618709158
720575940618711535
720575940618715421
720575940618716699
720575940618717723
720575940618721053
720575940618723531
720575940618723749
720575940618736331
720575940618738555
720575940618747339
720575940618751508
720575940618758592
720575940618761387
720575940618762887
720575940618769345
720575940618779527
720575940618788033
720575940618789798
720575940618798040
720575940618807105
720575940618818629
720575940618822464
720575940618824021
720575940618824256
720575940618844501
720575940618846996
720575940618854981
720575940618860081
720575940618878996
720575940618893332
720575940618902488
720575940618915909
720575940618923344
720575940618924379
720575940618927429
720575940618927892
720575940618937547
720575940618940096
720575940618940752
720575940618954331
720575940618964672
720575940618971014
720575940618971227
720575940618984582
720575940618988885
720575940618990928
720575940619000815
720575940619008135
720575940619009195
720575940619011749
720575940619017387
720575940619021221
720575940619021272
720575940619046053
720575940619059438
720575940619061851
720575940619062955
720575940619064967
720575940619067259
720575940619068843
720575940619071646
720575940619072592
720575940619072788
720575940619080497
720575940619089744
720575940619093553
720575940619096144
720575940619116885
720575940619121344
720575940619144071
720575940619144880
720575940619157157
720575940619159105
720575940619159233
720575940619163045
720575940619169901
720575940619177236
720575940619180373
720575940619181551
720575940619183158
720575940619187648
720575940619191022
720575940619194277
720575940619197318
720575940619198996
720575940619202880
720575940619209637
720575940619219264
720575940619222151
720575940619245191
720575940619249061
720575940619252718
720575940619256558
720575940619257536
720575940619259456
720575940619263937
720575940619264193
720575940619266987
720575940619272980
720575940619276459
720575940619277421
720575940619279064
720575940619281857
720575940619283591
720575940619284022
720575940619285414
720575940619288198
720575940619291271
720575940619308820
720575940619317524
720575940619321793
720575940619341806
720575940619342134
720575940619346517
720575940619357131
720575940619360085
720575940619364724
720575940619367105
720575940619368289
720575940619370155
720575940619390086
720575940619390635
720575940619395494
720575940619395777
720575940619397542
720575940619398278
720575940619403655
720575940619410671
720575940619414766
720575940619414918
720575940619416485
720575940619417025
720575940619419813
720575940619423585
720575940619424647
720575940619434432
720575940619440182
720575940619442113
720575940619443694
720575940619452795
720575940619460688
720575940619469409
720575940619479467
720575940619479744
720575940619488390
720575940619494527
720575940619496640
720575940619497537
720575940619497665
720575940619498177
720575940619501121
720575940619504065
720575940619506415
720575940619507184
720575940619518854
720575940619523195
720575940619525254
720575940619529455
720575940619532935
720575940619538880
720575940619550913
720575940619551366
720575940619556219
720575940619575540
720575940619577014
720575940619577582
720575940619587520
720575940619590241
720575940619597878
720575940619600449
720575940619601392
720575940619611782
720575940619612142
720575940619613422
720575940619615355
720575940619616123
720575940619619019
720575940619627934
720575940619631707
720575940619636160
720575940619636206
720575940619636638
720575940619637126
720575940619641771
720575940619643190
720575940619646110
720575940619646191
720575940619646817
720575940619646913
720575940619654149
720575940619654814
720575940619655685
720575940619661150
720575940619663343
720575940619665019
720575940619667009
720575940619674606
720575940619676654
720575940619677342
720575940619677854
720575940619680933
720575940619683610
720575940619685803
720575940619686383
720575940619687217
720575940619688112
720575940619695494
720575940619696822
720575940619698891
720575940619705792
720575940619706827
720575940619719668
720575940619720129
720575940619726000
720575940619726251
720575940619726507
720575940619731334
720575940619734430
720575940619737070
720575940619750822
720575940619754166
720575940619756641
720575940619757147
720575940619760705
720575940619764333
720575940619765942
720575940619768923
720575940619772331
720575940619775582
720575940619788276
720575940619792566
720575940619797126
720575940619807983
720575940619813767
720575940619820385
720575940619836721
720575940619839215
720575940619840728
720575940619849654
720575940619857798
720575940619870656
720575940619872238
720575940619874031
720575940619878961
720575940619882868
720575940619883758
720575940619896161
720575940619900993
720575940619915057
720575940619915246
720575940619921524
720575940619923622
720575940619924390
720575940619927105
720575940619928417
720575940619929441
720575940619953535
720575940619962417
720575940619971669
720575940619973185
720575940619977398
720575940619981494
720575940619983124
720575940619985985
720575940619986676
720575940619987777
720575940619992444
720575940619996598
720575940619997632
720575940620001718
720575940620004591
720575940620009069
720575940620010093
720575940620015525
720575940620019265
720575940620020390
720575940620023686
720575940620024641
720575940620028737
720575940620042200
720575940620043979
720575940620047877
720575940620048624
720575940620054125
720575940620055089
720575940620057626
720575940620058433
720575940620068205
720575940620069615
720575940620073069
720575940620075600
720575940620075873
720575940620077617
720575940620086622
720575940620101247
720575940620110689
720575940620110964
720575940620113268
720575940620113457
720575940620114225
720575940620114481
720575940620114497
720575940620117089
720575940620117268
720575940620117670
720575940620132999
720575940620139105
720575940620139736
720575940620145318
720575940620149101
720575940620151873
720575940620152230
720575940620158384
720575940620161089
720575940620162842
720575940620167253
720575940620167896
720575940620174708
720575940620179160
720575940620181486
720575940620183316
720575940620186495
720575940620199284
720575940620200624
720575940620201931
720575940620206356
720575940620211316
720575940620218977
720575940620223704
720575940620225133
720575940620226264
720575940620227264
720575940620229814
720575940620233966
720575940620238576
720575940620244545
720575940620251608
720575940620267856
720575940620274029
720575940620275565
720575940620283073
720575940620284763
720575940620291708
720575940620293848
720575940620301990
720575940620306648
720575940620306904
720575940620308416
720575940620311478
720575940620314221
720575940620314612
720575940620317574
720575940620317793
720575940620320438
720575940620321739
720575940620332577
720575940620336929
720575940620337012
720575940620344436
720575940620345429
720575940620346758
720575940620352459
720575940620354687
720575940620359606
720575940620360769
720575940620361968
720575940620362587
720575940620375796
720575940620377429
720575940620377588
720575940620378278
720575940620382640
720575940620382923
720575940620388517
720575940620393142
720575940620401099
720575940620416176
720575940620418580
720575940620420468
720575940620422932
720575940620423094
720575940620433690
720575940620433846
720575940620435158
720575940620442502
720575940620443162
720575940620443508
720575940620445318
720575940620449908
720575940620451207
720575940620455408
720575940620457505
720575940620459284
720575940620464112
720575940620464331
720575940620465172
720575940620465524
720575940620470448
720575940620472304
720575940620473072
720575940620475339
720575940620476496
720575940620480182
720575940620490093
720575940620494262
720575940620494795
720575940620498379
720575940620498853
720575940620504534
720575940620510657
720575940620512261
720575940620512950
720575940620517492
720575940620527798
720575940620532400
720575940620534710
720575940620537370
720575940620542746
720575940620543728
720575940620552533
720575940620553229
720575940620559297
720575940620560987
720575940620566613
720575940620566998
720575940620573575
720575940620574317
720575940620575476
720575940620577901
720575940620577974
720575940620578645
720575940620584128
720575940620593780
720575940620595113
720575940620605099
720575940620606580
720575940620608950
720575940620614576
720575940620620982
720575940620626273
720575940620636656
720575940620642287
720575940620644437
720575940620648869
720575940620649492
720575940620650661
720575940620660901
720575940620668096
720575940620672470
720575940620680798
720575940620682049
720575940620684965
720575940620685153
720575940620689136
720575940620697076
720575940620698913
720575940620699519
720575940620703727
720575940620705728
720575940620706943
720575940620720112
720575940620731380
720575940620740732
720575940620743151
720575940620750463
720575940620754164
720575940620754815
720575940620755439
720575940620764660
720575940620768449
720575940620772340
720575940620773313
720575940620774405
720575940620775039
720575940620777153
720575940620778623
720575940620783180
720575940620784880
720575940620785030
720575940620795784
720575940620802548
720575940620813989
720575940620826021
720575940620827425
720575940620835316
720575940620851777
720575940620856047
720575940620856589
720575940620872384
720575940620877147
720575940620882270
720575940620883956
720575940620884756
720575940620885158
720575940620885598
720575940620887834
720575940620898324
720575940620903194
720575940620903412
720575940620903551
720575940620908532
720575940620910251
720575940620911220
720575940620923606
720575940620927472
720575940620927727
720575940620929345
720575940620935083
720575940620939685
720575940620958558
720575940620965302
720575940620967194
720575940620974625
720575940620977740
720575940620980315
720575940620982049
720575940620982192
720575940620986495
720575940620986971
720575940620989609
720575940620989862
720575940620991582
720575940620992109
720575940620994287
720575940620996357
720575940621001485
720575940621003446
720575940621011806
720575940621020893
720575940621023526
720575940621033637
720575940621036123
720575940621038006
720575940621042270
720575940621044160
720575940621050038
720575940621051558
720575940621061545
720575940621062126
720575940621062494
720575940621063406
720575940621065712
720575940621069040
720575940621073243
720575940621078441
720575940621079661
720575940621083270
720575940621086157
720575940621092220
720575940621093756
720575940621096896
720575940621097793
720575940621100224
720575940621100382
720575940621102318
720575940621104064
720575940621105646
720575940621107336
720575940621110464
720575940621111465
720575940621112188
720575940621114650
720575940621115819
720575940621128045
720575940621132422
720575940621145332
720575940621145821
720575940621159302
720575940621164532
720575940621166319
720575940621166972
720575940621171806
720575940621175979
720575940621179786
720575940621182401
720575940621183587
720575940621187753
720575940621189214
720575940621190639
720575940621195290
720575940621201279
720575940621202670
720575940621203489
720575940621204417
720575940621210561
720575940621215659
720575940621220479
720575940621228927
720575940621229573
720575940621229915
720575940621230785
720575940621233157
720575940621235294
720575940621238107
720575940621250651
720575940621254057
720575940621259875
720575940621262716
720575940621270554
720575940621272609
720575940621275094
720575940621276585
720575940621282286
720575940621284334
720575940621291102
720575940621306211
720575940621306956
720575940621309110
720575940621309934
720575940621309935
720575940621313416
720575940621313705
720575940621314124
720575940621316443
720575940621318084
720575940621325993
720575940621334989
720575940621335005
720575940621337880
720575940621343414
720575940621346473
720575940621351551
720575940621352447
720575940621353793
720575940621359273
720575940621360152
720575940621363532
720575940621365417
720575940621366749
720575940621372748
720575940621374374
720575940621376263
720575940621390806
720575940621391971
720575940621394497
720575940621396115
720575940621398348
720575940621399679
720575940621403887
720575940621412193
720575940621415382
720575940621420097
720575940621425878
720575940621434807
720575940621434913
720575940621440862
720575940621445153
720575940621453021
720575940621461673
720575940621470051
720575940621479078
720575940621480157
720575940621481221
720575940621485180
720575940621485677
720575940621500404
720575940621506451
720575940621507437
720575940621507504
720575940621511606
720575940621514093
720575940621522458
720575940621529309
720575940621535809
720575940621538292
720575940621543533
720575940621543789
720575940621545194
720575940621548897
720575940621553577
720575940621554390
720575940621562278
720575940621562918
720575940621564184
720575940621571937
720575940621574109
720575940621581150
720575940621591792
720575940621596003
720575940621598856
720575940621601868
720575940621602047
720575940621608406
720575940621609430
720575940621610572
720575940621613082
720575940621623393
720575940621630540
720575940621633889
720575940621634913
720575940621639704
720575940621641641
720575940621648993
720575940621650175
720575940621652902
720575940621659114
720575940621662157
720575940621669581
720575940621673852
720575940621678174
720575940621678686
720575940621678855
720575940621678942
720575940621690760
720575940621691745
720575940621694964
720575940621705537
720575940621710826
720575940621712500
720575940621730525
720575940621733853
720575940621739184
720575940621743812
720575940621753579
720575940621753992
720575940621768769
720575940621771124
720575940621772148
720575940621773517
720575940621777449
720575940621778497
720575940621779009
720575940621780104
720575940621781825
720575940621785129
720575940621799081
720575940621800257
720575940621811494
720575940621814092
720575940621816333
720575940621823999
720575940621827789
720575940621832630
720575940621848358
720575940621870079
720575940621871999
720575940621875382
720575940621879728
720575940621881112
720575940621882308
720575940621882793
720575940621887197
720575940621890840
720575940621914904
720575940621917222
720575940621920982
720575940621931252
720575940621946288
720575940621953264
720575940621961200
720575940621961741
720575940621962219
720575940621964326
720575940621967732
720575940621973005
720575940621975320
720575940621976600
720575940621976614
720575940621985407
720575940621986175
720575940621987199
720575940621988829
720575940621989417
720575940622007944
720575940622009284
720575940622014758
720575940622015635
720575940622018698
720575940622019581
720575940622024330
720575940622024957
720575940622027809
720575940622028029
720575940622028435
720575940622029203
720575940622042662
720575940622050781
720575940622052301
720575940622060680
720575940622061667
720575940622065613
720575940622069482
720575940622069718
720575940622076952
720575940622077044
720575940622078934
720575940622089174
720575940622100001
720575940622108679
720575940622110335
720575940622112183
720575940622115241
720575940622124680
720575940622125773
720575940622127856
720575940622129165
720575940622130949
720575940622141208
720575940622141424
720575940622144076
720575940622147597
720575940622155204
720575940622156799
720575940622162456
720575940622174463
720575940622176550
720575940622182732
720575940622184072
720575940622202150
720575940622204808
720575940622213853
720575940622215462
720575940622218778
720575940622223203
720575940622227213
720575940622235272
720575940622239587
720575940622240355
720575940622253704
720575940622268853
720575940622271487
720575940622274328
720575940622276735
720575940622277247
720575940622278527
720575940622280199
720575940622280447
720575940622285183
720575940622285823
720575940622286216
720575940622287228
720575940622299606
720575940622301133
720575940622301191
720575940622304781
720575940622309921
720575940622311192
720575940622312072
720575940622312965
720575940622313451
720575940622314339
720575940622316784
720575940622317823
720575940622318085
720575940622319913
720575940622320637
720575940622321663
720575940622323080
720575940622326089
720575940622330582
720575940622333097
720575940622336280
720575940622341354
720575940622343718
720575940622345215
720575940622349831
720575940622355233
720575940622364254
720575940622366355
720575940622366448
720575940622366983
720575940622367529
720575940622368294
720575940622370815
720575940622373127
720575940622382320
720575940622383198
720575940622388265
720575940622392071
720575940622404120
720575940622404376
720575940622405247
720575940622408542
720575940622411760
720575940622413552
720575940622416567
720575940622419480
720575940622425271
720575940622433279
720575940622435427
720575940622437770
720575940622440461
720575940622440486
720575940622441706
720575940622442409
720575940622446106
720575940622448884
720575940622451753
720575940622457235
720575940622462685
720575940622466565
720575940622471977
720575940622475498
720575940622475525
720575940622475619
720575940622480372
720575940622486057
720575940622488088
720575940622489235
720575940622495487
720575940622496746
720575940622497630
720575940622497791
720575940622498756
720575940622500872
720575940622511507
720575940622514556
720575940622516971
720575940622519748
720575940622523425
720575940622524148
720575940622531767
720575940622534694
720575940622535827
720575940622537566
720575940622541252
720575940622549801
720575940622553843
720575940622556457
720575940622560094
720575940622569619
720575940622570083
720575940622570278
720575940622578985
720575940622581501
720575940622585694
720575940622588307
720575940622589892
720575940622615786
720575940622619018
720575940622620961
720575940622623501
720575940622624937
720575940622626539
720575940622628075
720575940622631500
720575940622636725
720575940622638153
720575940622640809
720575940622644202
720575940622647989
720575940622649633
720575940622649863
720575940622654471
720575940622655709
720575940622660490
720575940622664474
720575940622667155
720575940622670845
720575940622676488
720575940622680088
720575940622680414
720575940622680724
720575940622683561
720575940622687770
720575940622693414
720575940622693813
720575940622694217
720575940622700201
720575940622703692
720575940622703879
720575940622712004
720575940622713929
720575940622723878
720575940622724521
720575940622729909
720575940622732010
720575940622732266
720575940622732361
720575940622739388
720575940622739529
720575940622742049
720575940622745853
720575940622749353
720575940622759059
720575940622759108
720575940622760717
720575940622769159
720575940622775303
720575940622780307
720575940622781865
720575940622783368
720575940622784380
720575940622785207
720575940622790071
720575940622796808
720575940622801811
720575940622805431
720575940622810119
720575940622812040
720575940622814588
720575940622823351
720575940622825292
720575940622827923
720575940622831740
720575940622850055
720575940622856780
720575940622860727
720575940622863850
720575940622864107
720575940622874582
720575940622883853
720575940622890825
720575940622891242
720575940622897878
720575940622906515
720575940622912124
720575940622919876
720575940622926412
720575940622928764
720575940622932297
720575940622932438
720575940622939101
720575940622939836
720575940622946854
720575940622947050
720575940622947080
720575940622947805
720575940622950663
720575940622958059
720575940622962579
720575940622964477
720575940622973879
720575940622976076
720575940622976520
720575940622980428
720575940622981452
720575940622982588
720575940622984701
720575940622984957
720575940622986165
720575940622992205
720575940623006422
720575940623010124
720575940623010283
720575940623024776
720575940623026419
720575940623027092
720575940623028477
720575940623038389
720575940623040263
720575940623041717
720575940623043307
720575940623043939
720575940623047438
720575940623047629
720575940623054375
720575940623061031
720575940623065383
720575940623073205
720575940623081909
720575940623082237
720575940623084109
720575940623088391
720575940623088398
720575940623089166
720575940623097271
720575940623101675
720575940623103017
720575940623103724
720575940623105719
720575940623112957
720575940623115015
720575940623115507
720575940623115527
720575940623124467
720575940623125491
720575940623126419
720575940623132612
720575940623133960
720575940623135415
720575940623136243
720575940623138708
720575940623139732
720575940623143060
720575940623143155
720575940623144885
720575940623145876
720575940623145963
720575940623149607
720575940623153405
720575940623154429
720575940623160583
720575940623160757
720575940623164679
720575940623165257
720575940623174152
720575940623175182
720575940623179703
720575940623181575
720575940623184167
720575940623190089
720575940623194151
720575940623194845
720575940623197163
720575940623204339
720575940623208269
720575940623212988
720575940623213203
720575940623225525
720575940623227028
720575940623230733
720575940623232392
720575940623232781
720575940623236844
720575940623245493
720575940623246862
720575940623252972
720575940623255369
720575940623257063
720575940623262025
720575940623262461
720575940623263453
720575940623264733
720575940623272380
720575940623272435
720575940623275081
720575940623275593
720575940623283687
720575940623284156
720575940623289532
720575940623294461
720575940623295271
720575940623295783
720575940623299111
720575940623306739
720575940623307303
720575940623312381
720575940623312876
720575940623326443
720575940623333770
720575940623340469
720575940623343613
720575940623350453
720575940623355901
720575940623356040
720575940623363598
720575940623368629
720575940623375543
720575940623378101
720575940623380714
720575940623383432
720575940623384781
720575940623393205
720575940623393771
720575940623396488
720575940623401513
720575940623408883
720575940623417895
720575940623418185
720575940623425097
720575940623425543
720575940623428888
720575940623428937
720575940623429645
720575940623431935
720575940623435189
720575940623435239
720575940623440363
720575940623440639
720575940623442190
720575940623446601
720575940623448078
720575940623452651
720575940623462141
720575940623462441
720575940623467656
720575940623468266
720575940623482120
720575940623485993
720575940623491369
720575940623492632
720575940623493373
720575940623502261
720575940623514467
720575940623517734
720575940623521791
720575940623522915
720575940623529479
720575940623543309
720575940623547431
720575940623548135
720575940623551684
720575940623560973
720575940623566780
720575940623567459
720575940623574798
720575940623585208
720575940623587683
720575940623592521
720575940623595021
720575940623599655
720575940623601193
720575940623613645
720575940623618381
720575940623622899
720575940623630276
720575940623632397
720575940623634570
720575940623636979
720575940623637396
720575940623642904
720575940623647496
720575940623649560
720575940623651366
720575940623652083
720575940623658023
720575940623660938
720575940623673331
720575940623676600
720575940623683018
720575940623688013
720575940623690471
720575940623693972
720575940623703956
720575940623706365
720575940623714584
720575940623724007
720575940623724071
720575940623724326
720575940623725035
720575940623725036
720575940623732744
720575940623736103
720575940623737831
720575940623743731
720575940623745255
720575940623746023
720575940623747255
720575940623751861
720575940623757543
720575940623757752
720575940623759754
720575940623765226
720575940623769783
720575940623775309
720575940623778960
720575940623785971
720575940623789704
720575940623801127
720575940623804560
720575940623806157
720575940623815100
720575940623818423
720575940623822524
720575940623827348
720575940623828263
720575940623828884
720575940623830419
720575940623844280
720575940623848206
720575940623848428
720575940623849196
720575940623852996
720575940623860116
720575940623874708
720575940623876071
720575940623878899
720575940623879462
720575940623880684
720575940623883412
720575940623885861
720575940623887288
720575940623887591
720575940623892045
720575940623893128
720575940623894825
720575940623902029
720575940623903273
720575940623905255
720575940623905779
720575940623917838
720575940623920108
720575940623921340
720575940623925774
720575940623931918
720575940623935207
720575940623935588
720575940623937613
720575940623940622
720575940623941134
720575940623945194
720575940623945620
720575940623947815
720575940623952107
720575940623957432
720575940623959477
720575940623961747
720575940623969779
720575940623979815
720575940623979914
720575940623984316
720575940623987214
720575940623989941
720575940623993276
720575940623997949
720575940623998140
720575940624003731
720575940624004843
720575940624007056
720575940624008376
720575940624008586
720575940624013287
720575940624013606
720575940624014524
720575940624016778
720575940624020624
720575940624020723
720575940624021325
720575940624028647
720575940624029991
720575940624030990
720575940624033584
720575940624039655
720575940624050407
720575940624054508
720575940624055559
720575940624058564
720575940624062355
720575940624063420
720575940624069578
720575940624070090
720575940624081300
720575940624081852
720575940624082238
720575940624083470
720575940624084518
720575940624085944
720575940624085991
720575940624086675
720575940624094183
720575940624108984
720575940624111763
720575940624111880
720575940624114884
720575940624122908
720575940624123536
720575940624132871
720575940624140732
720575940624142020
720575940624142995
720575940624143036
720575940624145159
720575940624151748
720575940624169653
720575940624173641
720575940624176056
720575940624176586
720575940624186407
720575940624187068
720575940624193980
720575940624196071
720575940624202032
720575940624208824
720575940624225598
720575940624226796
720575940624238640
720575940624243006
720575940624244922
720575940624257770
720575940624265511
720575940624273508
720575940624279629
720575940624280909
720575940624284493
720575940624285261
720575940624285447
720575940624290744
720575940624292244
720575940624304423
720575940624305737
720575940624309518
720575940624320514
720575940624322905
720575940624327828
720575940624330254
720575940624331312
720575940624335689
720575940624335909
720575940624343373
720575940624351076
720575940624354125
720575940624359093
720575940624360957
720575940624362227
720575940624367508
720575940624369642
720575940624370765
720575940624384037
720575940624387401
720575940624392373
720575940624395292
720575940624412222
720575940624414541
720575940624417584
720575940624429104
720575940624429389
720575940624445966
720575940624457912
720575940624461319
720575940624468557
720575940624473904
720575940624487268
720575940624488781
720575940624506375
720575940624506631
720575940624511049
720575940624514704
720575940624514762
720575940624520455
720575940624523015
720575940624529229
720575940624532231
720575940624537240
720575940624540734
720575940624542451
720575940624544333
720575940624558012
720575940624561445
720575940624571792
720575940624574537
720575940624576253
720575940624585725
720575940624587447
720575940624593982
720575940624595893
720575940624598605
720575940624601579
720575940624611002
720575940624611405
720575940624612280
720575940624623623
720575940624624176
720575940624625040
720575940624626320
720575940624632266
720575940624672868
720575940624676861
720575940624683620
720575940624695275
720575940624701257
720575940624704509
720575940624711497
720575940624712906
720575940624714057
720575940624718088
720575940624718153
720575940624720259
720575940624728551
720575940624730520
720575940624739472
720575940624740185
720575940624742032
720575940624750316
720575940624755504
720575940624755742
720575940624762382
720575940624765626
720575940624772844
720575940624783760
720575940624787504
720575940624799467
720575940624800048
720575940624802250
720575940624811664
720575940624824348
720575940624827737
720575940624837220
720575940624838544
720575940624838899
720575940624840423
720575940624845200
720575940624845456
720575940624856112
720575940624856762
720575940624857381
720575940624861642
720575940624868196
720575940624871438
720575940624880165
720575940624882106
720575940624883384
720575940624887845
720575940624896612
720575940624901925
720575940624903064
720575940624905876
720575940624916226
720575940624917799
720575940624919077
720575940624919079
720575940624920871
720575940624924990
720575940624931530
720575940624931564
720575940624931888
720575940624943504
720575940624945808
720575940624949379
720575940624955367
720575940624956805
720575940624959496
720575940624961667
720575940624962341
720575940624965950
720575940624966076
720575940624977338
720575940624980455
720575940624981908
720575940624982456
720575940624982792
720575940624983531
720575940624984126
720575940624987529
720575940624988168
720575940624991418
720575940624996298
720575940624998192
720575940624999114
720575940624999370
720575940625003582
720575940625005031
720575940625019696
720575940625031426
720575940625033998
720575940625038090
720575940625042667
720575940625044030
720575940625045837
720575940625046861
720575940625048638
720575940625050430
720575940625056266
720575940625059586
720575940625060901
720575940625063098
720575940625063356
720575940625065195
720575940625065963
720575940625067312
720575940625071749
720575940625092414
720575940625106584
720575940625108557
720575940625113127
720575940625114347
720575940625123514
720575940625127728
720575940625129511
720575940625133770
720575940625143396
720575940625149744
720575940625150443
720575940625152236
720575940625154181
720575940625156752
720575940625159098
720575940625160548
720575940625161368
720575940625162754
720575940625163651
720575940625165412
720575940625167852
720575940625175068
720575940625180803
720575940625183783
720575940625194471
720575940625201241
720575940625212709
720575940625216202
720575940625219220
720575940625227160
720575940625228862
720575940625230323
720575940625232009
720575940625234156
720575940625237396
720575940625242882
720575940625246845
720575940625251476
720575940625254636
720575940625256732
720575940625259292
720575940625267386
720575940625272556
720575940625277785
720575940625287964
720575940625291907
720575940625301285
720575940625305240
720575940625307748
720575940625313881
720575940625318804
720575940625325031
720575940625328176
720575940625332884
720575940625334794
720575940625343806
720575940625344612
720575940625352691
720575940625367783
720575940625368871
720575940625369884
720575940625375357
720575940625389058
720575940625390979
720575940625395864
720575940625396226
720575940625396261
720575940625397022
720575940625401219
720575940625404903
720575940625415452
720575940625420931
720575940625421242
720575940625423618
720575940625437698
720575940625442306
720575940625447155
720575940625449360
720575940625458064
720575940625460261
720575940625464066
720575940625465487
720575940625472345
720575940625474492
720575940625477721
720575940625482250
720575940625485949
720575940625487664
720575940625488156
720575940625489241
720575940625496590
720575940625500956
720575940625508610
720575940625524263
720575940625527228
720575940625552003
720575940625553795
720575940625556668
720575940625558515
720575940625566492
720575940625569411
720575940625571256
720575940625574844
720575940625574949
720575940625576962
720575940625579022
720575940625588412
720575940625591171
720575940625597061
720575940625602818
720575940625607811
720575940625610270
720575940625617418
720575940625617801
720575940625622018
720575940625622274
720575940625623994
720575940625631896
720575940625634078
720575940625637122
720575940625648009
720575940625655992
720575940625656552
720575940625657177
720575940625659737
720575940625662360
720575940625664899
720575940625665405
720575940625675010
720575940625676583
720575940625684569
720575940625690256
720575940625695269
720575940625700504
720575940625700739
720575940625704231
720575940625716482
720575940625719866
720575940625723164
720575940625726210
720575940625729226
720575940625730637
720575940625733453
720575940625738573
720575940625739266
720575940625744259
720575940625746709
720575940625747593
720575940625751171
720575940625752451
720575940625754298
720575940625762050
720575940625764745
720575940625767305
720575940625772943
720575940625777941
720575940625781946
720575940625799762
720575940625802841
720575940625804574
720575940625809816
720575940625811096
720575940625813912
720575940625818501
720575940625820293
720575940625820805
720575940625822809
720575940625824131
720575940625829386
720575940625834554
720575940625836290
720575940625841351
720575940625845447
720575940625846044
720575940625870211
720575940625871768
720575940625876099
720575940625877178
720575940625879890
720575940625881832
720575940625881918
720575940625881993
720575940625886360
720575940625891472
720575940625893834
720575940625894658
720575940625898829
720575940625901949
720575940625902973
720575940625909777
720575940625912713
720575940625914501
720575940625917821
720575940625921802
720575940625925450
720575940625932421
720575940625932944
720575940625934973
720575940625941278
720575940625943165
720575940625946364
720575940625951774
720575940625952345
720575940625956989
720575940625963786
720575940625967390
720575940625969200
720575940625969753
720575940625971204
720575940625972879
720575940625981080
720575940625991043
720575940625992269
720575940625992714
720575940625992781
720575940625994829
720575940626001182
720575940626005641
720575940626008153
720575940626019197
720575940626028080
720575940626028592
720575940626039129
720575940626041392
720575940626055994
720575940626057097
720575940626062681
720575940626073098
720575940626085706
720575940626097681
720575940626098705
720575940626107267
720575940626110589
720575940626115965
720575940626128147
720575940626131528
720575940626132101
720575940626134202
720575940626144275
720575940626148371
720575940626161930
720575940626163216
720575940626163837
720575940626166020
720575940626170426
720575940626174750
720575940626177417
720575940626183049
720575940626187602
720575940626194718
720575940626200522
720575940626211472
720575940626213397
720575940626214568
720575940626225930
720575940626226576
720575940626233512
720575940626236041
720575940626244551
720575940626254467
720575940626257930
720575940626258746
720575940626260490
720575940626263306
720575940626267706
720575940626268488
720575940626270000
720575940626276682
720575940626285872
720575940626290760
720575940626295300
720575940626296604
720575940626309178
720575940626309562
720575940626310150
720575940626311882
720575940626312478
720575940626315541
720575940626324623
720575940626324632
720575940626324755
720575940626330353
720575940626336266
720575940626340656
720575940626342666
720575940626348080
720575940626351108
720575940626354057
720575940626355077
720575940626371465
720575940626375172
720575940626377093
720575940626382991
720575940626384200
720575940626387130
720575940626392593
720575940626392701
720575940626395652
720575940626397258
720575940626397724
720575940626408454
720575940626408548
720575940626414279
720575940626415121
720575940626416145
720575940626416442
720575940626430851
720575940626433155
720575940626434314
720575940626434435
720575940626435850
720575940626442515
720575940626447848
720575940626449195
720575940626451081
720575940626452220
720575940626456330
720575940626457406
720575940626462184
720575940626463570
720575940626469649
720575940626470226
720575940626474377
720575940626475858
720575940626476810
720575940626477498
720575940626488914
720575940626491934
720575940626492858
720575940626493498
720575940626494089
720575940626497286
720575940626498130
720575940626498898
720575940626505349
720575940626507408
720575940626509673
720575940626510090
720575940626510602
720575940626510869
720575940626517129
720575940626521610
720575940626522000
720575940626522440
720575940626522696
720575940626526820
720575940626535172
720575940626537468
720575940626542213
720575940626542985
720575940626552676
720575940626553596
720575940626557065
720575940626563347
720575940626566931
720575940626571066
720575940626576421
720575940626577490
720575940626588106
720575940626591484
720575940626593768
720575940626594447
720575940626597960
720575940626599953
720575940626603539
720575940626607802
720575940626611026
720575940626611642
720575940626613609
720575940626615738
720575940626617084
720575940626617543
720575940626617546
720575940626625874
720575940626626895
720575940626630673
720575940626630693
720575940626634824
720575940626640386
720575940626649832
720575940626655178
720575940626661704
720575940626667270
720575940626667772
720575940626669114
720575940626683218
720575940626684488
720575940626690078
720575940626695196
720575940626700294
720575940626701886
720575940626704190
720575940626705508
720575940626706762
720575940626707518
720575940626710547
720575940626711358
720575940626715208
720575940626716401
720575940626717201
720575940626718739
720575940626720072
720575940626721608
720575940626721881
720575940626728510
720575940626729349
720575940626729871
720575940626730127
720575940626733374
720575940626735016
720575940626735364
720575940626735503
720575940626742769
720575940626743183
720575940626743580
720575940626745672
720575940626749061
720575940626752655
720575940626755144
720575940626759780
720575940626760872
720575940626765913
720575940626779048
720575940626779304
720575940626784574
720575940626796456
720575940626797841
720575940626798479
720575940626800552
720575940626801551
720575940626803624
720575940626806012
720575940626811153
720575940626811497
720575940626812715
720575940626820264
720575940626821182
720575940626822233
720575940626823780
720575940626825534
720575940626831356
720575940626833764
720575940626840932
720575940626844815
720575940626847976
720575940626848408
720575940626849866
720575940626850247
720575940626855400
720575940626856220
720575940626857220
720575940626860817
720575940626863107
720575940626865148
720575940626872420
720575940626873000
720575940626874442
720575940626879119
720575940626881796
720575940626885775
720575940626886568
720575940626891151
720575940626899305
720575940626901903
720575940626903829
720575940626907654
720575940626915594
720575940626916936
720575940626920209
720575940626925297
720575940626928521
720575940626935143
720575940626937731
720575940626940932
720575940626941928
720575940626951080
720575940626953233
720575940626960386
720575940626962631
720575940626963018
720575940626972676
720575940626973700
720575940626976911
720575940626977768
720575940627003847
720575940627006794
720575940627007144
720575940627014172
720575940627015430
720575940627015686
720575940627017159
720575940627018578
720575940627019004
720575940627019688
720575940627020008
720575940627022084
720575940627030790
720575940627032232
720575940627032719
720575940627033672
720575940627038376
720575940627038961
720575940627042308
720575940627043197
720575940627047426
720575940627047912
720575940627051536
720575940627054338
720575940627055784
720575940627057832
720575940627066884
720575940627067669
720575940627069416
720575940627069712
720575940627084796
720575940627088539
720575940627089424
720575940627090664
720575940627095177
720575940627100176
720575940627100444
720575940627103484
720575940627103996
720575940627104258
720575940627109123
720575940627115522
720575940627120616
720575940627125520
720575940627126889
720575940627134470
720575940627134992
720575940627159568
720575940627165180
720575940627168168
720575940627172124
720575940627175879
720575940627179270
720575940627180618
720575940627180687
720575940627181809
720575940627184583
720575940627190659
720575940627197190
720575940627198995
720575940627204113
720575940627206140
720575940627216872
720575940627221763
720575940627233435
720575940627247876
720575940627255811
720575940627261190
720575940627265223
720575940627269419
720575940627274984
720575940627278321
720575940627279134
720575940627287046
720575940627291466
720575940627296122
720575940627303697
720575940627305212
720575940627305298
720575940627306073
720575940627309297
720575940627314009
720575940627317507
720575940627322627
720575940627322923
720575940627328262
720575940627329798
720575940627332638
720575940627334918
720575940627341736
720575940627343089
720575940627346684
720575940627349578
720575940627355654
720575940627358961
720575940627364102
720575940627371599
720575940627373086
720575940627382351
720575940627397448
720575940627400522
720575940627408552
720575940627412123
720575940627418389
720575940627419910
720575940627419925
720575940627423881
720575940627424072
720575940627426971
720575940627427015
720575940627428907
720575940627432990
720575940627435283
720575940627437386
720575940627446983
720575940627454193
720575940627454440
720575940627471619
720575940627475203
720575940627475722
720575940627491914
720575940627494793
720575940627496847
720575940627500042
720575940627501967
720575940627502342
720575940627506328
720575940627511582
720575940627512619
720575940627516521
720575940627522106
720575940627525531
720575940627546217
720575940627547210
720575940627549754
720575940627552125
720575940627555197
720575940627558188
720575940627564135
720575940627575573
720575940627575825
720575940627579751
720575940627581053
720575940627583290
720575940627590187
720575940627591273
720575940627598096
720575940627604757
720575940627617798
720575940627619687
720575940627621450
720575940627621501
720575940627622641
720575940627623467
720575940627623576
720575940627624317
720575940627631515
720575940627641752
720575940627643633
720575940627643691
720575940627662321
720575940627663515
720575940627663698
720575940627665963
720575940627675408
720575940627675497
720575940627676798
720575940627682409
720575940627682665
720575940627684477
720575940627684997
720575940627685509
720575940627685765
720575940627692677
720575940627693437
720575940627693701
720575940627697963
720575940627698279
720575940627702547
720575940627704189
720575940627709287
720575940627710480
720575940627715706
720575940627715721
720575940627716860
720575940627728132
720575940627740179
720575940627740432
720575940627757328
720575940627759674
720575940627764497
720575940627767568
720575940627777067
720575940627778953
720575940627782479
720575940627792401
720575940627799433
720575940627801737
720575940627804265
720575940627806992
720575940627808082
720575940627808847
720575940627814281
720575940627822217
720575940627828306
720575940627833347
720575940627836354
720575940627841730
720575940627843594
720575940627844943
720575940627845904
720575940627846915
720575940627846955
720575940627848783
720575940627849994
720575940627851657
720575940627852367
720575940627852563
720575940627860891
720575940627861291
720575940627865682
720575940627865768
720575940627870010
720575940627871081
720575940627872335
720575940627874832
720575940627880506
720575940627883792
720575940627891499
720575940627895056
720575940627902078
720575940627902979
720575940627905027
720575940627910021
720575940627911273
720575940627911579
720575940627917315
720575940627919370
720575940627920719
720575940627930378
720575940627933443
720575940627933946
720575940627936021
720575940627937835
720575940627939227
720575940627940599
720575940627941931
720575940627942994
720575940627950408
720575940627950418
720575940627957842
720575940627959880
720575940627965443
720575940627969082
720575940627972485
720575940627975952
720575940627978152
720575940627978556
720575940627983354
720575940627987333
720575940627987355
720575940627988306
720575940627988879
720575940627989803
720575940627998723
720575940627999098
720575940628006216
720575940628008196
720575940628012903
720575940628013562
720575940628023296
720575940628026112
720575940628030567
720575940628031235
720575940628031249
720575940628035331
720575940628039034
720575940628039676
720575940628047363
720575940628048834
720575940628050279
720575940628055272
720575940628056423
720575940628062714
720575940628064260
720575940628071427
720575940628076816
720575940628087354
720575940628090055
720575940628092928
720575940628099454
720575940628100395
720575940628105883
720575940628107260
720575940628119339
720575940628120744
720575940628133847
720575940628137319
720575940628138005
720575940628138319
720575940628139113
720575940628140309
720575940628143345
720575940628145257
720575940628147906
720575940628161297
720575940628162888
720575940628181992
720575940628188751
720575940628192359
720575940628194065
720575940628197892
720575940628198918
720575940628200826
720575940628206439
720575940628206609
720575940628209051
720575940628212123
720575940628219976
720575940628221227
720575940628223591
720575940628224894
720575940628226268
720575940628228251
720575940628230503
720575940628237415
720575940628238479
720575940628241307
720575940628243867
720575940628245607
720575940628257777
720575940628261873
720575940628282884
720575940628293481
720575940628297987
720575940628308218
720575940628308904
720575940628309160
720575940628309251
720575940628309416
720575940628313052
720575940628314167
720575940628315241
720575940628315925
720575940628317287
720575940628318024
720575940628319656
720575940628321284
720575940628323402
720575940628324802
720575940628327362
720575940628334408
720575940628337103
720575940628343143
720575940628347722
720575940628348584
720575940628350208
720575940628356969
720575940628359783
720575940628365211
720575940628375803
720575940628394455
720575940628397896
720575940628398535
720575940628398786
720575940628403272
720575940628411447
720575940628412944
720575940628416232
720575940628419372
720575940628419527
720575940628431222
720575940628438427
720575940628438544
720575940628443035
720575940628448711
720575940628454522
720575940628456196
720575940628460968
720575940628461161
720575940628461611
720575940628462340
720575940628462588
720575940628463468
720575940628464104
720575940628465452
720575940628468200
720575940628468296
720575940628473214
720575940628476392
720575940628484201
720575940628495695
720575940628499582
720575940628500585
720575940628508103
720575940628509306
720575940628512744
720575940628513015
720575940628518400
720575940628523113
720575940628523580
720575940628527095
720575940628528188
720575940628530426
720575940628531194
720575940628532474
720575940628537470
720575940628538106
720575940628545406
720575940628552247
720575940628553515
720575940628557767
720575940628558023
720575940628558074
720575940628567934
720575940628570871
720575940628584954
720575940628594135
720575940628598828
720575940628599895
720575940628603842
720575940628606282
720575940628606713
720575940628608744
720575940628617020
720575940628631824
720575940628632064
720575940628636098
720575940628643132
720575940628649290
720575940628653255
720575940628654671
720575940628654927
720575940628662519
720575940628665466
720575940628669562
720575940628679887
720575940628682752
720575940628684154
720575940628685762
720575940628687354
720575940628692841
720575940628693886
720575940628694394
720575940628711802
720575940628716294
720575940628727887
720575940628729722
720575940628742522
720575940628746490
720575940628761338
720575940628778058
720575940628784762
720575940628785196
720575940628786908
720575940628787052
720575940628787815
720575940628789374
720575940628791145
720575940628792702
720575940628793856
720575940628793916
720575940628795196
720575940628801900
720575940628809015
720575940628812547
720575940628818119
720575940628819394
720575940628825282
720575940628827335
720575940628830538
720575940628832828
720575940628834153
720575940628840574
720575940628844048
720575940628846577
720575940628847164
720575940628848970
720575940628849207
720575940628851767
720575940628858954
720575940628870270
720575940628875902
720575940628877929
720575940628881670
720575940628884183
720575940628884486
720575940628886265
720575940628889047
720575940628889551
720575940628891863
720575940628895232
720575940628896060
720575940628897385
720575940628907594
720575940628908038
720575940628908375
720575940628913920
720575940628915718
720575940628920571
720575940628921303
720575940628922186
720575940628939087
720575940628939792
720575940628940670
720575940628953559
720575940628953591
720575940628963590
720575940628966150
720575940628966912
720575940628970716
720575940628972332
720575940628976956
720575940628977482
720575940628988416
720575940628990214
720575940628991504
720575940628991610
720575940628991682
720575940628992567
720575940628994304
720575940628995884
720575940629006295
720575940629008066
720575940629008439
720575940629008748
720575940629012012
720575940629012240
720575940629013292
720575940629016364
720575940629025015
720575940629026048
720575940629040428
720575940629044073
720575940629046377
720575940629047340
720575940629047552
720575940629048119
720575940629061314
720575940629061627
720575940629078011
720575940629079883
720575940629082359
720575940629083643
720575940629090203
720575940629098540
720575940629102891
720575940629106731
720575940629107834
720575940629109079
720575940629118508
720575940629120503
720575940629121527
720575940629132844
720575940629135607
720575940629136506
720575940629136881
720575940629137231
720575940629148007
720575940629148163
720575940629148419
720575940629153009
720575940629154092
720575940629154108
720575940629154545
720575940629161334
720575940629162551
720575940629183337
720575940629186620
720575940629187825
720575940629188140
720575940629196023
720575940629204303
720575940629205753
720575940629209841
720575940629209911
720575940629211500
720575940629224492
720575940629228559
720575940629231159
720575940629239631
720575940629245545
720575940629252815
720575940629254204
720575940629254518
720575940629259831
720575940629260855
720575940629261783
720575940629272791
720575940629276751
720575940629283543
720575940629285625
720575940629289721
720575940629291063
720575940629300242
720575940629303934
720575940629304783
720575940629305851
720575940629311452
720575940629312786
720575940629317436
720575940629325611
720575940629327872
720575940629329212
720575940629333776
720575940629333868
720575940629338238
720575940629342713
720575940629346304
720575940629357135
720575940629357676
720575940629357903
720575940629357932
720575940629361231
720575940629363407
720575940629364483
720575940629364992
720575940629368015
720575940629376528
720575940629384271
720575940629384699
720575940629385175
720575940629385943
720575940629386204
720575940629386496
720575940629398492
720575940629401655
720575940629411781
720575940629416044
720575940629421164
720575940629421879
720575940629423724
720575940629433755
720575940629436631
720575940629437483
720575940629438251
720575940629443543
720575940629444204
720575940629449342
720575940629452348
720575940629456860
720575940629459671
720575940629469548
720575940629470572
720575940629475897
720575940629478187
720575940629484791
720575940629489116
720575940629490135
720575940629493356
720575940629495631
720575940629497088
720575940629500012
720575940629502201
720575940629504630
720575940629507584
720575940629508478
720575940629509484
720575940629515258
720575940629517049
720575940629524780
720575940629525882
720575940629529660
720575940629530115
720575940629531139
720575940629537871
720575940629543939
720575940629543996
720575940629549049
720575940629556495
720575940629565263
720575940629568300
720575940629577475
720575940629580252
720575940629588559
720575940629592571
720575940629594839
720575940629600271
720575940629602715
720575940629605327
720575940629608663
720575940629635692
720575940629638262
720575940629640960
720575940629647695
720575940629650806
720575940629652555
720575940629654887
720575940629661381
720575940629663800
720575940629665274
720575940629665989
720575940629669531
720575940629674809
720575940629676396
720575940629682028
720575940629696323
720575940629697039
720575940629703740
720575940629707002
720575940629711610
720575940629712762
720575940629729787
720575940629743609
720575940629753807
720575940629756524
720575940629756556
720575940629758459
720575940629764601
720575940629765418
720575940629766095
720575940629767418
720575940629771257
720575940629772842
720575940629778587
720575940629784219
720575940629786412
720575940629787223
720575940629791563
720575940629794412
720575940629817849
720575940629819855
720575940629846519
720575940629850895
720575940629854671
720575940629856312
720575940629860815
720575940629864011
720575940629868503
720575940629869143
720575940629871867
720575940629889111
720575940629894760
720575940629910011
720575940629910777
720575940629921274
720575940629921536
720575940629928062
720575940629929211
720575940629930362
720575940629933354
720575940629940431
720575940629941900
720575940629942479
720575940629953751
720575940629958764
720575940629964591
720575940629965250
720575940629967703
720575940629971500
720575940629972431
720575940629974347
720575940629985849
720575940629993167
720575940629994703
720575940629996741
720575940630006521
720575940630006528
720575940630009339
720575940630016855
720575940630017275
720575940630024259
720575940630031055
720575940630037079
720575940630044207
720575940630044354
720575940630046582
720575940630052293
720575940630063557
720575940630065995
720575940630086095
720575940630088955
720575940630105687
720575940630119224
720575940630120901
720575940630130024
720575940630131768
720575940630131919
720575940630133498
720575940630144719
720575940630147343
720575940630149420
720575940630154660
720575940630160325
720575940630161914
720575940630162755
720575940630184044
720575940630191447
720575940630192215
720575940630198083
720575940630203842
720575940630204098
720575940630207350
720575940630208249
720575940630209603
720575940630210616
720575940630211831
720575940630214526
720575940630219461
720575940630219851
720575940630221354
720575940630225452
720575940630247243
720575940630265163
720575940630269125
720575940630272343
720575940630275403
720575940630275835
720575940630290302
720575940630293049
720575940630308163
720575940630311210
720575940630311996
720575940630314543
720575940630317824
720575940630321464
720575940630326668
720575940630336463
720575940630342135
720575940630345925
720575940630346614
720575940630355218
720575940630357886
720575940630358138
720575940630373451
720575940630377580
720575940630385000
720575940630390981
720575940630393718
720575940630404664
720575940630409413
720575940630420281
720575940630427961
720575940630434858
720575940630436470
720575940630438651
720575940630450935
720575940630457797
720575940630464824
720575940630466346
720575940630469120
720575940630474553
720575940630482503
720575940630483564
720575940630484495
720575940630484811
720575940630485295
720575940630489130
720575940630491154
720575940630500394
720575940630502162
720575940630509074
720575940630509098
720575940630511663
720575940630511953
720575940630521163
720575940630522127
720575940630523979
720575940630524943
720575940630531372
720575940630534418
720575940630534743
720575940630541356
720575940630545483
720575940630550859
720575940630560056
720575940630560719
720575940630561578
720575940630567788
720575940630570204
720575940630572359
720575940630577450
720575940630578425
720575940630584151
720575940630585704
720575940630606147
720575940630619985
720575940630625593
720575940630626063
720575940630629120
720575940630635595
720575940630641183
720575940630641208
720575940630642861
720575940630644547
720575940630647115
720575940630650424
720575940630650936
720575940630659629
720575940630660572
720575940630662442
720575940630667052
720575940630683729
720575940630690934
720575940630692412
720575940630692456
720575940630692675
720575940630692906
720575940630700348
720575940630709499
720575940630711377
720575940630715203
720575940630719831
720575940630720815
720575940630726201
720575940630727388
720575940630731847
720575940630736953
720575940630737516
720575940630738231
720575940630740266
720575940630744535
720575940630745148
720575940630751031
720575940630755385
720575940630761770
720575940630773559
720575940630774844
720575940630782671
720575940630785084
720575940630786876
720575940630788772
720575940630799161
720575940630804028
720575940630805036
720575940630812473
720575940630822108
720575940630824236
720575940630831185
720575940630833724
720575940630836840
720575940630841631
720575940630851036
720575940630851644
720575940630852114
720575940630853663
720575940630855161
720575940630865197
720575940630875752
720575940630879274
720575940630879548
720575940630883897
720575940630896953
720575940630898171
720575940630902595
720575940630903609
720575940630905047
720575940630908876
720575940630910312
720575940630914863
720575940630920412
720575940630927160
720575940630929316
720575940630929450
720575940630935916
720575940630936057
720575940630936131
720575940630937923
720575940630944360
720575940630945644
720575940630951076
720575940630953547
720575940630955345
720575940630957676
720575940630969939
720575940630970425
720575940630981796
720575940630996644
720575940630998339
720575940631013740
720575940631018745
720575940631032657
720575940631057223
720575940631059501
720575940631066875
720575940631077480
720575940631082839
720575940631083053
720575940631084589
720575940631086151
720575940631086407
720575940631087431
720575940631095111
720575940631095158
720575940631097159
720575940631104825
720575940631107403
720575940631107629
720575940631115368
720575940631116461
720575940631123759
720575940631124598
720575940631127756
720575940631129206
720575940631135289
720575940631141224
720575940631148113
720575940631151478
720575940631152748
720575940631153491
720575940631165814
720575940631170809
720575940631176310
720575940631187048
720575940631187287
720575940631191583
720575940631195217
720575940631196300
720575940631196946
720575940631202899
720575940631207954
720575940631212115
720575940631212575
720575940631218223
720575940631220431
720575940631225740
720575940631233581
720575940631248891
720575940631254609
720575940631256271
720575940631258338
720575940631263023
720575940631264140
720575940631277131
720575940631288460
720575940631289135
720575940631289484
720575940631290579
720575940631292667
720575940631293324
720575940631298119
720575940631305467
720575940631305799
720575940631307339
720575940631308615
720575940631316840
720575940631322193
720575940631324077
720575940631331748
720575940631338271
720575940631342843
720575940631345465
720575940631345751
720575940631346895
720575940631347108
720575940631352147
720575940631353898
720575940631356580
720575940631357651
720575940631359279
720575940631366351
720575940631368076
720575940631376983
720575940631378892
720575940631379281
720575940631381575
720575940631389011
720575940631397549
720575940631408159
720575940631408557
720575940631408927
720575940631414223
720575940631420068
720575940631421231
720575940631426119
720575940631429394
720575940631435916
720575940631440687
720575940631449106
720575940631450669
720575940631460423
720575940631466583
720575940631468485
720575940631479460
720575940631481645
720575940631486163
720575940631486177
720575940631488301
720575940631499064
720575940631499818
720575940631504591
720575940631504847
720575940631505495
720575940631506463
720575940631507937
720575940631518372
720575940631524951
720575940631535691
720575940631536415
720575940631547084
720575940631562065
720575940631570895
720575940631575889
720575940631576367
720575940631576546
720575940631579167
720575940631582751
720575940631588260
720575940631589284
720575940631590943
720575940631614924
720575940631615545
720575940631626287
720575940631626413
720575940631630952
720575940631634975
720575940631639567
720575940631643437
720575940631665837
720575940631666124
720575940631672632
720575940631673939
720575940631684152
720575940631684321
720575940631685394
720575940631694050
720575940631697633
720575940631709900
720575940631728175
720575940631730259
720575940631745107
720575940631759052
720575940631759443
720575940631764397
720575940631769039
720575940631772367
720575940631773523
720575940631780833
720575940631785261
720575940631793183
720575940631793634
720575940631807827
720575940631811373
720575940631838412
720575940631856429
720575940631863341
720575940631864659
720575940631872339
720575940631890975
720575940631893644
720575940631900845
720575940631901869
720575940631902035
720575940631904045
720575940631911186
720575940631916461
720575940631923727
720575940631924691
720575940631924947
720575940631931922
720575940631952203
720575940631956909
720575940631963300
720575940631964175
720575940631973089
720575940631973805
720575940631982929
720575940631983185
720575940631985938
720575940631987474
720575940632005195
720575940632013610
720575940632021096
720575940632024109
720575940632027449
720575940632034385
720575940632035882
720575940632042065
720575940632047146
720575940632050450
720575940632052194
720575940632055010
720575940632069650
720575940632085218
720575940632085608
720575940632085900
720575940632086242
720575940632086498
720575940632086573
720575940632093800
720575940632099897
720575940632103251
720575940632108257
720575940632118189
720575940632124714
720575940632125154
720575940632125410
720575940632126506
720575940632129848
720575940632149217
720575940632153667
720575940632153826
720575940632160057
720575940632160716
720575940632185425
720575940632192211
720575940632202819
720575940632214497
720575940632227155
720575940632229913
720575940632241377
720575940632265389
720575940632266465
720575940632267112
720575940632269229
720575940632279341
720575940632293262
720575940632315695
720575940632320568
720575940632323896
720575940632330600
720575940632357187
720575940632377913
720575940632397112
720575940632401745
720575940632401804
720575940632410393
720575940632413651
720575940632415800
720575940632416081
720575940632419468
720575940632424147
720575940632427603
720575940632428867
720575940632437827
720575940632444217
720575940632448191
720575940632461196
720575940632462417
720575940632465875
720575940632474425
720575940632475449
720575940632477101
720575940632481849
720575940632484492
720575940632491148
720575940632491219
720575940632495385
720575940632496865
720575940632512226
720575940632516639
720575940632521529
720575940632525026
720575940632533843
720575940632535972
720575940632549346
720575940632564280
720575940632579375
720575940632592609
720575940632603873
720575940632604828
720575940632610017
720575940632618287
720575940632619490
720575940632629924
720575940632634413
720575940632640737
720575940632640993
720575940632649775
720575940632653468
720575940632659938
720575940632666649
720575940632668556
720575940632669666
720575940632676377
720575940632711052
720575940632714977
720575940632715234
720575940632718050
720575940632723364
720575940632726436
720575940632727577
720575940632735533
720575940632745186
720575940632746391
720575940632764115
720575940632769180
720575940632772704
720575940632773540
720575940632774175
720575940632777124
720575940632779932
720575940632780359
720575940632786247
720575940632787863
720575940632791522
720575940632798177
720575940632802841
720575940632808519
720575940632810652
720575940632828441
720575940632845476
720575940632851793
720575940632851993
720575940632857939
720575940632859729
720575940632859731
720575940632869823
720575940632871905
720575940632891417
720575940632895388
720575940632895825
720575940632910111
720575940632912409
720575940632912575
720575940632917677
720575940632940627
720575940632946477
720575940632952986
720575940632957092
720575940632961376
720575940632998881
720575940632999213
720575940633013355
720575940633023970
720575940633027615
720575940633050976
720575940633053847
720575940633058387
720575940633083232
720575940633091236
720575940633094937
720575940633104992
720575940633107231
720575940633113119
720575940633116095
720575940633125540
720575940633130669
720575940633138084
720575940633164223
720575940633165337
720575940633166487
720575940633173087
720575940633176749
720575940633179543
720575940633182628
720575940633185972
720575940633188121
720575940633190169
720575940633194431
720575940633201828
720575940633207777
720575940633212316
720575940633227428
720575940633233087
720575940633233820
720575940633246399
720575940633247132
720575940633251629
720575940633253657
720575940633256599
720575940633265820
720575940633265844
720575940633267876
720575940633272147
720575940633277591
720575940633279827
720575940633280156
720575940633283609
720575940633295967
720575940633307475
720575940633324627
720575940633333729
720575940633334867
720575940633335597
720575940633337881
720575940633351322
720575940633353407
720575940633360610
720575940633370649
720575940633370975
720575940633372499
720575940633394783
720575940633397146
720575940633419693
720575940633427040
720575940633427937
720575940633428415
720575940633429331
720575940633445421
720575940633453675
720575940633454490
720575940633473948
720575940633476013
720575940633498976
720575940633500185
720575940633504608
720575940633506667
720575940633513645
720575940633521247
720575940633523100
720575940633526684
720575940633528983
720575940633560290
720575940633568173
720575940633577114
720575940633580384
720575940633585503
720575940633588320
720575940633594104
720575940633608343
720575940633614253
720575940633650111
720575940633651351
720575940633652832
720575940633658720
720575940633660316
720575940633664407
720575940633668020
720575940633669805
720575940633675616
720575940633685459
720575940633687778
720575940633698970
720575940633713912
720575940633715296
720575940633717856
720575940633744820
720575940633766495
720575940633809783
720575940633827935
720575940633829783
720575940633837779
720575940633853907
720575940633859810
720575940633860834
720575940633888211
720575940633893215
720575940633908148
720575940633910452
720575940633919423
720575940633923298
720575940633927519
720575940633929908
720575940633935514
720575940633937818
720575940633938168
720575940633946778
720575940633947128
720575940633956191
720575940633963930
720575940633967842
720575940633968538
720575940633978266
720575940633988506
720575940634001247
720575940634009183
720575940634014233
720575940634040312
720575940634057151
720575940634064831
720575940634065087
720575940634069940
720575940634073569
720575940634073825
720575940634078059
720575940634088602
720575940634098356
720575940634107290
720575940634124430
720575940634128063
720575940634138548
720575940634140011
720575940634144875
720575940634146967
720575940634149112
720575940634156655
720575940634162586
720575940634165402
720575940634166242
720575940634170975
720575940634171060
720575940634171759
720575940634179320
720575940634180833
720575940634185626
720575940634186647
720575940634188907
720575940634194936
720575940634201195
720575940634223514
720575940634225771
720575940634226287
720575940634228843
720575940634235361
720575940634236535
720575940634252313
720575940634253282
720575940634256063
720575940634259040
720575940634276532
720575940634280674
720575940634281442
720575940634285560
720575940634296345
720575940634315115
720575940634323808
720575940634330780
720575940634331036
720575940634336887
720575940634341483
720575940634356587
720575940634361336
720575940634365364
720575940634378351
720575940634402411
720575940634431339
720575940634433887
720575940634451311
720575940634480026
720575940634499320
720575940634500856
720575940634502812
720575940634505720
720575940634517856
720575940634521080
720575940634524271
720575940634529528
720575940634531064
720575940634538341
720575940634538687
720575940634545400
720575940634548660
720575940634559339
720575940634562917
720575940634578367
720575940634582623
720575940634583577
720575940634588953
720575940634592363
720575940634595865
720575940634599269
720575940634603930
720575940634604895
720575940634614207
720575940634616601
720575940634619060
720575940634641303
720575940634649244
720575940634652023
720575940634667371
720575940634670693
720575940634673271
720575940634691703
720575940634700980
720575940634707819
720575940634711544
720575940634717591
720575940634721272
720575940634721528
720575940634722149
720575940634729652
720575940634731188
720575940634745780
720575940634763877
720575940634764468
720575940634776727
720575940634780517
720575940634785460
720575940634807220
720575940634807470
720575940634821733
720575940634827188
720575940634839964
720575940634851429
720575940634857583
720575940634871919
720575940634877620
720575940634879845
720575940634895514
720575940634903800
720575940634908023
720575940634908272
720575940634916453
720575940634921140
720575940634924954
720575940634928747
720575940634935392
720575940634955631
720575940634964079
720575940635004271
720575940635005295
720575940635020133
720575940635040357
720575940635048549
720575940635063663
720575940635081567
720575940635081579
720575940635083103
720575940635084639
720575940635085919
720575940635086175
720575940635101364
720575940635102320
720575940635102874
720575940635104879
720575940635113151
720575940635119727
720575940635145071
720575940635169888
720575940635174286
720575940635176032
720575940635183502
720575940635188343
720575940635204448
720575940635216282
720575940635220110
720575940635224943
720575940635228152
720575940635234478
720575940635236727
720575940635243127
720575940635243182
720575940635258487
720575940635260590
720575940635260607
720575940635263383
720575940635268471
720575940635283575
720575940635294309
720575940635307639
720575940635310743
720575940635313271
720575940635324302
720575940635339127
720575940635363696
720575940635376052
720575940635387237
720575940635395679
720575940635398255
720575940635404143
720575940635404919
720575940635411051
720575940635435438
720575940635437966
720575940635440741
720575940635449230
720575940635455679
720575940635460270
720575940635466608
720575940635479950
720575940635484517
720575940635489387
720575940635495359
720575940635497311
720575940635500223
720575940635516084
720575940635531674
720575940635532395
720575940635536752
720575940635539045
720575940635540331
720575940635541684
720575940635554239
720575940635554958
720575940635559322
720575940635562864
720575940635566015
720575940635572592
720575940635586222
720575940635593396
720575940635607438
720575940635631211
720575940635647630
720575940635652782
720575940635654062
720575940635659359
720575940635662510
720575940635667630
720575940635667813
720575940635671470
720575940635679327
720575940635681966
720575940635692919
720575940635703262
720575940635714399
720575940635722597
720575940635727711
720575940635728479
720575940635739743
720575940635747167
720575940635752110
720575940635757919
720575940635806638
720575940635819376
720575940635835967
720575940635850864
720575940635887028
720575940635899625
720575940635901035
720575940635909227
720575940635917236
720575940635920751
720575940635930231
720575940635948718
720575940635957872
720575940635960183
720575940635970446
720575940635986522
720575940636029662
720575940636036532
720575940636044912
720575940636056895
720575940636059760
720575940636067252
720575940636068532
720575940636070836
720575940636083380
720575940636087006
720575940636144752
720575940636155759
720575940636158862
720575940636159600
720575940636160112
720575940636163440
720575940636165232
720575940636178239
720575940636189295
720575940636201584
720575940636204792
720575940636206558
720575940636212984
720575940636217012
720575940636223156
720575940636229342
720575940636234473
720575940636234718
720575940636242153
720575940636249407
720575940636252408
720575940636255710
720575940636267950
720575940636280809
720575940636282431
720575940636286298
720575940636302143
720575940636310756
720575940636311408
720575940636313967
720575940636323952
720575940636344030
720575940636358719
720575940636361839
720575940636369983
720575940636384686
720575940636422121
720575940636444479
720575940636485092
720575940636523866
720575940636528617
720575940636529520
720575940636536286
720575940636539102
720575940636557796
720575940636563630
720575940636578014
720575940636599518
720575940636664548
720575940636666970
720575940636691519
720575940636703977
720575940636709477
720575940636712774
720575940636746103
720575940636747230
720575940636759386
720575940636760292
720575940636760548
720575940636772014
720575940636772318
720575940636773733
720575940636795620
720575940636802270
720575940636804927
720575940636808805
720575940636812254
720575940636828900
720575940636839487
720575940636860279
720575940636878682
720575940636884457
720575940636892517
720575940636902062
720575940636904055
720575940636922084
720575940636934007
720575940636950505
720575940636957006
720575940636972400
720575940636975076
720575940636983518
720575940636999401
720575940637004389
720575940637010916
720575940637013678
720575940637019974
720575940637022271
720575940637025855
720575940637026478
720575940637026990
720575940637028782
720575940637034330
720575940637037540
720575940637044799
720575940637050089
720575940637051199
720575940637054554
720575940637062633
720575940637064926
720575940637066047
720575940637073897
720575940637088602
720575940637089343
720575940637097358
720575940637104100
720575940637104710
720575940637106032
720575940637111012
720575940637113277
720575940637116773
720575940637119302
720575940637122111
720575940637136454
720575940637148773
720575940637152233
720575940637178714
720575940637195753
720575940637203007
720575940637206342
720575940637215088
720575940637227438
720575940637244905
720575940637250661
720575940637270086
720575940637270362
720575940637271615
720575940637275226
720575940637277552
720575940637301678
720575940637318116
720575940637319231
720575940637323839
720575940637328447
720575940637329754
720575940637341924
720575940637344590
720575940637368286
720575940637379517
720575940637388265
720575940637394851
720575940637401321
720575940637415086
720575940637418724
720575940637439710
720575940637448681
720575940637453545
720575940637478234
720575940637503150
720575940637527152
720575940637535677
720575940637536326
720575940637538118
720575940637543750
720575940637545013
720575940637550820
720575940637553897
720575940637558589
720575940637561321
720575940637582926
720575940637584240
720575940637589574
720575940637591622
720575940637602621
720575940637603142
720575940637604678
720575940637604736
720575940637606982
720575940637619056
720575940637631046
720575940637633862
720575940637636029
720575940637645894
720575940637649754
720575940637656509
720575940637661811
720575940637662790
720575940637667005
720575940637670982
720575940637671795
720575940637673798
720575940637673961
720575940637676376
720575940637679549
720575940637702222
720575940637706574
720575940637718094
720575940637731955
720575940637761112
720575940637769542
720575940637788605
720575940637811059
720575940637817670
720575940637818596
720575940637823578
720575940637848179
720575940637873222
720575940637876814
720575940637891049
720575940637901540
720575940637905478
720575940637911118
720575940637932766
720575940637952846
720575940637958709
720575940637959539
720575940637993525
720575940637994805
720575940638014296
720575940638033752
720575940638038086
720575940638038342
720575940638065571
720575940638077262
720575940638097630
720575940638121694
720575940638126755
720575940638131544
720575940638144484
720575940638145651
720575940638158814
720575940638164190
720575940638165923
720575940638170078
720575940638183795
720575940638192829
720575940638193242
720575940638197070
720575940638200910
720575940638206653
720575940638210894
720575940638212942
720575940638213208
720575940638213966
720575940638227645
720575940638228314
720575940638231997
720575940638239797
720575940638246333
720575940638247357
720575940638257717
720575940638271677
720575940638278717
720575940638285109
720575940638290148
720575940638291107
720575940638314217
720575940638336419
720575940638338281
720575940638341198
720575940638352547
720575940638354749
720575940638364735
720575940638367933
720575940638398773
720575940638401845
720575940638406205
720575940638410099
720575940638418264
720575940638418621
720575940638421582
720575940638434749
720575940638456227
720575940638458173
720575940638459226
720575940638463395
720575940638465443
720575940638490458
720575940638496720
720575940638509375
720575940638516708
720575940638533693
720575940638540672
720575940638556735
720575940638558115
720575940638579107
720575940638602842
720575940638604221
720575940638604777
720575940638614244
720575940638615155
720575940638625443
720575940638626118
720575940638635939
720575940638637475
720575940638639950
720575940638644096
720575940638645080
720575940638646899
720575940638648041
720575940638652787
720575940638664576
720575940638672617
720575940638676058
720575940638681203
720575940638687395
720575940638690419
720575940638698880
720575940638699683
720575940638701375
720575940638703779
720575940638709326
720575940638714970
720575940638722138
720575940638728253
720575940638730303
720575940638749412
720575940638752053
720575940638757464
720575940638766013
720575940638768868
720575940638772038
720575940638775615
720575940638782015
720575940638785599
720575940638793304
720575940638799987
720575940638809149
720575940638812531
720575940638822205
720575940638835288
720575940638835800
720575940638837363
720575940638857048
720575940638860861
720575940638863987
720575940638874182
720575940638877629
720575940638878269
720575940638879603
720575940638880582
720575940638881152
720575940638881699
720575940638900558
720575940638910296
720575940638916515
720575940638922624
720575940638927960
720575940638931363
720575940638946805
720575940638955864
720575940638963517
720575940638968920
720575940638977341
720575940638978136
720575940638981208
720575940638984024
720575940639012736
720575940639039184
720575940639042648
720575940639051078
720575940639053877
720575940639057240
720575940639072128
720575940639103952
720575940639105488
720575940639109795
720575940639113331
720575940639126104
720575940639128646
720575940639151694
720575940639164544
720575940639172816
720575940639176526
720575940639184035
720575940639201269
720575940639220302
720575940639240912
720575940639277000
720575940639285318
720575940639290832
720575940639338099
720575940639343438
720575940639347133
720575940639353984
720575940639383605
720575940639443544
720575940639444568
720575940639453555
720575940639453685
720575940639459280
720575940639461504
720575940639485824
720575940639486592
720575940639493504
720575940639526901
720575940639563728
720575940639566901
720575940639574333
720575940639585085
720575940639590901
720575940639606837
720575940639611893
720575940639621208
720575940639647184
720575940639687997
720575940639695805
720575940639697486
720575940639702581
720575940639708349
720575940639708368
720575940639730365
720575940639747712
720575940639748405
720575940639755891
720575940639756240
720575940639768053
720575940639772981
720575940639774261
720575940639779547
720575940639784912
720575940639791475
720575940639792000
720575940639803445
720575940639815246
720575940639817947
720575940639850037
720575940639852085
720575940639864565
720575940639874189
720575940639878352
720575940639878901
720575940639884878
720575940639895003
720575940639896125
720575940639897459
720575940639898958
720575940639901237
720575940639901749
720575940639903104
720575940639904565
720575940639910515
720575940639926992
720575940639950837
720575940639991541
720575940639997824
720575940640018317
720575940640023869
720575940640023886
720575940640040832
720575940640046397
720575940640067133
720575940640118845
720575940640181309
720575940640189659
720575940640209725
720575940640217845
720575940640218941
720575940640219453
720575940640228736
720575940640229437
720575940640230205
720575940640231485
720575940640251811
720575940640254552
720575940640259061
720575940640277080
720575940640277592
720575940640277888
720575940640278387
720575940640289368
720575940640291955
720575940640305115
720575940640311923
720575940640338035
720575940640347355
720575940640351872
720575940640368859
720575940640369883
720575940640376565
720575940640379507
720575940640382171
720575940640383603
720575940640410613
720575940640438643
720575940640440016
720575940640445272
720575940640477528
720575940640483317
720575940640510427
720575940640516571
720575940640522448
720575940640529752
720575940640540248
720575940640554741
720575940640582352
720575940640612480
720575940640614363
720575940640620496
720575940640625280
720575940640628432
720575940640691072
720575940640715392
720575940640716928
720575940640723675
720575940640747995
720575940640766336
720575940640771547
720575940640792539
720575940640792973
720575940640817549
720575940640833013
720575940640847835
720575940640856205
720575940640872589
720575940640935309
720575940640944013
720575940640956405
720575940640958928
720575940640974555
720575940641035216
720575940641096144
720575940641099149
720575940641178253
720575940641188304
720575940641216976
720575940641223120
720575940641223888
720575940641240205
720575940641251792
720575940641257168
720575940641276045
720575940641285005
720575940641291661
720575940641297653
720575940641388173
720575940641410189
720575940641462925
720575940641552347
720575940641633525
720575940641639309
720575940641693941
720575940641706637
720575940641736949
720575940641766875
720575940641779701
720575940641791989
720575940641806536
720575940641812699
720575940641827317
720575940641852405
720575940641876955
720575940641928693
720575940641929461
720575940641933301
720575940641942472
720575940641948661
720575940641954549
720575940641978101
720575940641989851
720575940642040821
720575940642066376
720575940642081243
720575940642123680
720575940642181005
720575940642202331
720575940642236635
720575940642237344
720575940642397128
720575940642407112
720575940642442184
720575940642459021
720575940642604836
720575940642619080
720575940642654624
720575940642691744
720575940642737824
720575940642745248
720575940642770592
720575940642843848
720575940642861768
720575940642865568
720575940642866317
720575940642870925
720575940642875533
720575940642898376
720575940642908813
720575940642940045
720575940642959895
720575940642995360
720575940643039255
720575940643047328
720575940643075784
720575940643102624
720575940643127319
720575940643188384
720575940643197088
720575940643197384
720575940643207191
720575940643207584
720575940643215895
720575940643322312
720575940643401326
720575940643409352
720575940643520672
720575940643594007
720575940643613856
720575940643619863
720575940643666336
720575940643692068
720575940643736776
720575940643740452
720575940643740964
720575940643746084
720575940643781668
720575940643799332
720575940643802148
720575940643862820
720575940643870487
720575940643890888
720575940643949934
720575940643991319
720575940643993623
720575940644044823
720575940644065047
720575940644083360
720575940644084503
720575940644095511
720575940644096366
720575940644133911
720575940644151752
720575940644157600
720575940644218528
720575940644261742
720575940644269512
720575940644282528
720575940644293156
720575940644310039
720575940644310807
720575940644355351
720575940644393070
720575940644412782
720575940644419784
720575940644440100
720575940644466711
720575940644469102
720575940644471662
720575940644479598
720575940644521582
720575940644532078
720575940644649160
720575940644658711
720575940644670499
720575940644682952
720575940644686388
720575940644713838
720575940644758638
720575940644759331
720575940644843118
720575940644851236
720575940644892708
720575940644911470
720575940644948759
720575940644966423
720575940644971299
720575940645022260
720575940645023268
720575940645024804
720575940645032996
720575940645077015
720575940645077527
720575940645134103
720575940645134359
720575940645180196
720575940645187620
720575940645190510
720575940645212980
720575940645214499
720575940645221156
720575940645223460
720575940645229092
720575940645288740
720575940645308196
720575940645317412
720575940645328436
720575940645401635
720575940645450116
720575940645469731
720575940645475095
720575940645482275
720575940645531671
720575940645540119
720575940645555747
720575940645564183
720575940645570100
720575940645570327
720575940645603095
720575940645638708
720575940645678627
720575940645695011
720575940645699124
720575940645700228
720575940645718126
720575940645750324
720575940645782068
720575940645791028
720575940645821316
720575940645827182
720575940645834036
720575940645903982
720575940645919284
720575940645925508
720575940645946756
720575940645983342
720575940646011700
720575940646043683
720575940646050158
720575940646051694
720575940646080803
720575940646095982
720575940646105966
720575940646118276
720575940646151044
720575940646168372
720575940646216227
720575940646245684
720575940646352772
720575940646414132
720575940646439044
720575940646446212
720575940646547844
720575940646564740
720575940646596996
720575940646649220
720575940646659972
720575940646708788
720575940646734883
720575940646740868
720575940646752052
720575940646768419
720575940646883892
720575940646884131
720575940647055395
720575940647068451
720575940647071779
720575940647073315
720575940647100707
720575940647113763
720575940647141252
720575940647159428
720575940647182644
720575940647287428
720575940647352196
720575940647383428
720575940647528500
720575940647579956
720575940647908740
720575940647921028
720575940648290937
720575940648342905
720575940648418425
720575940648637049
720575940648731513
720575940648768377
720575940648798073
720575940648817017
720575940648819321
720575940648920953
720575940648939897
720575940649181817
720575940649229433
720575940649343865
720575940649720441
720575940649914489
720575940649953913
720575940650033654
720575940650033910
720575940650049145
720575940650111353
720575940650149753
720575940650353017
720575940650407801
720575940650416249
720575940650416505
720575940650450934
720575940650455286
720575940650522614
720575940650783222
720575940650793206
720575940650869238
720575940650876150
720575940650937078
720575940651192566
720575940651208694
720575940651230454
720575940651272950
720575940651386870
720575940651404278
720575940651421686
720575940651459062
720575940651478518
720575940651521782
720575940651619318
720575940651812342
720575940652067062
720575940652231158
720575940652330230
720575940652611745
720575940652643574
720575940652650486
720575940652785057
720575940652860662
720575940653122465
720575940653138422
720575940653171702
720575940653172726
720575940653185014
720575940653299617
720575940653666465
720575940653737889
720575940653742753
720575940653758625
720575940653770913
720575940653896609
720575940653906081
720575940654083233
720575940654171809
720575940654239905
720575940654273185
720575940654535329
720575940655000737
720575940655047329
720575940655290273
720575940655359393
720575940655446689
720575940655462305
720575940655593121
720575940655685281
720575940658141057
720575940658529665
720575940658541697
720575940658633089
720575940658655873
720575940658689153
720575940658690177
720575940658755201
720575940658842753
720575940658908033
720575940658982017
720575940659005313
720575940659087489
720575940659193985
720575940659229057
720575940659277441
720575940659296385
720575940659358849
720575940659460737
720575940659695489
720575940659723137
720575940659799937
720575940659882113
720575940660082817
720575940660579201
720575940660605569
720575940660755073
720575940660766081
