condition,dt_ms,root_id,source_group,positive_mV,negative_mV,edge_event_count
baseline,0.0125,720575940627371834,input,0.0,0.0,0
baseline,0.0125,720575940627371834,early_large_only,0.0,0.0,0
baseline,0.0125,720575940627371834,later_large_only,0.0,0.0,0
baseline,0.0125,720575940627371834,other_active,21.779999999999998,-11.615999999999998,41
baseline,0.0125,720575940627371834,silent_all,0.0,0.0,0
baseline,0.0125,720575940610056772,input,0.0,0.0,0
baseline,0.0125,720575940610056772,early_large_only,0.0,0.0,0
baseline,0.0125,720575940610056772,later_large_only,0.0,0.0,0
baseline,0.0125,720575940610056772,other_active,0.99,-8.976,10
baseline,0.0125,720575940610056772,silent_all,0.0,0.0,0
baseline,0.0125,720575940619876884,input,0.0,0.0,0
baseline,0.0125,720575940619876884,early_large_only,0.0,0.0,0
baseline,0.0125,720575940619876884,later_large_only,0.0,0.0,0
baseline,0.0125,720575940619876884,other_active,30.69,-13.728000000000002,5
baseline,0.0125,720575940619876884,silent_all,0.0,0.0,0
baseline,0.0125,720575940645866292,input,0.0,0.0,0
baseline,0.0125,720575940645866292,early_large_only,0.0,0.0,0
baseline,0.0125,720575940645866292,later_large_only,0.0,0.0,0
baseline,0.0125,720575940645866292,other_active,11.88,-4.224,11
baseline,0.0125,720575940645866292,silent_all,0.0,0.0,0
baseline,0.0125,720575940624525043,input,0.0,0.0,0
baseline,0.0125,720575940624525043,early_large_only,0.0,0.0,0
baseline,0.0125,720575940624525043,later_large_only,0.0,0.0,0
baseline,0.0125,720575940624525043,other_active,6.6,0.0,1
baseline,0.0125,720575940624525043,silent_all,0.0,0.0,0
baseline,0.0125,720575940611561139,input,0.0,0.0,0
baseline,0.0125,720575940611561139,early_large_only,0.0,0.0,0
baseline,0.0125,720575940611561139,later_large_only,0.0,0.0,0
baseline,0.0125,720575940611561139,other_active,2.97,-1.848,12
baseline,0.0125,720575940611561139,silent_all,0.0,0.0,0
baseline,0.0125,720575940627699712,input,0.0,0.0,0
baseline,0.0125,720575940627699712,early_large_only,0.0,0.0,0
baseline,0.0125,720575940627699712,later_large_only,0.0,0.0,0
baseline,0.0125,720575940627699712,other_active,0.0,0.0,0
baseline,0.0125,720575940627699712,silent_all,0.0,0.0,0
baseline,0.0125,720575940636963806,input,0.0,0.0,0
baseline,0.0125,720575940636963806,early_large_only,0.0,0.0,0
baseline,0.0125,720575940636963806,later_large_only,0.0,0.0,0
baseline,0.0125,720575940636963806,other_active,0.0,-4.752000000000001,1
baseline,0.0125,720575940636963806,silent_all,0.0,0.0,0
baseline,0.0125,720575940611523733,input,0.0,0.0,0
baseline,0.0125,720575940611523733,early_large_only,0.0,0.0,0
baseline,0.0125,720575940611523733,later_large_only,0.0,0.0,0
baseline,0.0125,720575940611523733,other_active,0.0,0.0,0
baseline,0.0125,720575940611523733,silent_all,0.0,0.0,0
baseline,0.0125,720575940611439473,input,0.0,0.0,0
baseline,0.0125,720575940611439473,early_large_only,0.0,0.0,0
baseline,0.0125,720575940611439473,later_large_only,0.0,0.0,0
baseline,0.0125,720575940611439473,other_active,0.0,-0.264,1
baseline,0.0125,720575940611439473,silent_all,0.0,0.0,0
baseline,0.0125,720575940613441320,input,0.0,0.0,0
baseline,0.0125,720575940613441320,early_large_only,0.0,0.0,0
baseline,0.0125,720575940613441320,later_large_only,0.0,0.0,0
baseline,0.0125,720575940613441320,other_active,0.0,0.0,0
baseline,0.0125,720575940613441320,silent_all,0.0,0.0,0
baseline,0.0125,720575940638633806,input,0.0,0.0,0
baseline,0.0125,720575940638633806,early_large_only,0.0,0.0,0
baseline,0.0125,720575940638633806,later_large_only,0.0,0.0,0
baseline,0.0125,720575940638633806,other_active,0.0,0.0,0
baseline,0.0125,720575940638633806,silent_all,0.0,0.0,0
baseline,0.0125,720575940618588736,input,0.0,0.0,0
baseline,0.0125,720575940618588736,early_large_only,0.0,0.0,0
baseline,0.0125,720575940618588736,later_large_only,0.0,0.0,0
baseline,0.0125,720575940618588736,other_active,0.33,0.0,1
baseline,0.0125,720575940618588736,silent_all,0.0,0.0,0
baseline,0.0125,720575940635540671,input,0.0,0.0,0
baseline,0.0125,720575940635540671,early_large_only,0.0,0.0,0
baseline,0.0125,720575940635540671,later_large_only,0.0,0.0,0
baseline,0.0125,720575940635540671,other_active,0.0,-0.264,1
baseline,0.0125,720575940635540671,silent_all,0.0,0.0,0
baseline,0.0125,720575940619252952,input,0.0,0.0,0
baseline,0.0125,720575940619252952,early_large_only,0.0,0.0,0
baseline,0.0125,720575940619252952,later_large_only,0.0,0.0,0
baseline,0.0125,720575940619252952,other_active,0.0,0.0,0
baseline,0.0125,720575940619252952,silent_all,0.0,0.0,0
baseline,0.0125,720575940639935616,input,0.0,0.0,0
baseline,0.0125,720575940639935616,early_large_only,0.0,0.0,0
baseline,0.0125,720575940639935616,later_large_only,0.0,0.0,0
baseline,0.0125,720575940639935616,other_active,0.0,0.0,0
baseline,0.0125,720575940639935616,silent_all,0.0,0.0,0
baseline,0.0125,720575940629910636,input,0.0,0.0,0
baseline,0.0125,720575940629910636,early_large_only,0.0,0.0,0
baseline,0.0125,720575940629910636,later_large_only,0.0,0.0,0
baseline,0.0125,720575940629910636,other_active,0.0,0.0,0
baseline,0.0125,720575940629910636,silent_all,0.0,0.0,0
baseline,0.0125,720575940623387786,input,0.0,0.0,0
baseline,0.0125,720575940623387786,early_large_only,0.0,0.0,0
baseline,0.0125,720575940623387786,later_large_only,0.0,0.0,0
baseline,0.0125,720575940623387786,other_active,0.0,-0.264,1
baseline,0.0125,720575940623387786,silent_all,0.0,0.0,0
baseline,0.0125,720575940639283278,input,0.0,0.0,0
baseline,0.0125,720575940639283278,early_large_only,0.0,0.0,0
baseline,0.0125,720575940639283278,later_large_only,0.0,0.0,0
baseline,0.0125,720575940639283278,other_active,0.33,0.0,1
baseline,0.0125,720575940639283278,silent_all,0.0,0.0,0
baseline,0.0125,720575940628455942,input,0.0,0.0,0
baseline,0.0125,720575940628455942,early_large_only,0.0,0.0,0
baseline,0.0125,720575940628455942,later_large_only,0.0,0.0,0
baseline,0.0125,720575940628455942,other_active,0.0,-19.272,3
baseline,0.0125,720575940628455942,silent_all,0.0,0.0,0
baseline,0.0125,720575940634928023,input,0.0,0.0,0
baseline,0.0125,720575940634928023,early_large_only,0.0,0.0,0
baseline,0.0125,720575940634928023,later_large_only,0.0,0.0,0
baseline,0.0125,720575940634928023,other_active,0.33,0.0,1
baseline,0.0125,720575940634928023,silent_all,0.0,0.0,0
baseline,0.0125,720575940626056510,input,0.0,0.0,0
baseline,0.0125,720575940626056510,early_large_only,0.0,0.0,0
baseline,0.0125,720575940626056510,later_large_only,0.0,0.0,0
baseline,0.0125,720575940626056510,other_active,0.0,0.0,0
baseline,0.0125,720575940626056510,silent_all,0.0,0.0,0
baseline,0.0125,720575940638695331,input,0.0,0.0,0
baseline,0.0125,720575940638695331,early_large_only,0.0,0.0,0
baseline,0.0125,720575940638695331,later_large_only,0.0,0.0,0
baseline,0.0125,720575940638695331,other_active,0.0,0.0,0
baseline,0.0125,720575940638695331,silent_all,0.0,0.0,0
baseline,0.0125,720575940616651193,input,0.0,0.0,0
baseline,0.0125,720575940616651193,early_large_only,0.0,0.0,0
baseline,0.0125,720575940616651193,later_large_only,0.0,0.0,0
baseline,0.0125,720575940616651193,other_active,0.0,0.0,0
baseline,0.0125,720575940616651193,silent_all,0.0,0.0,0
baseline,0.0125,720575940620011435,input,0.0,0.0,0
baseline,0.0125,720575940620011435,early_large_only,0.0,0.0,0
baseline,0.0125,720575940620011435,later_large_only,0.0,0.0,0
baseline,0.0125,720575940620011435,other_active,0.0,0.0,0
baseline,0.0125,720575940620011435,silent_all,0.0,0.0,0
baseline,0.0125,720575940619245016,input,0.0,0.0,0
baseline,0.0125,720575940619245016,early_large_only,0.0,0.0,0
baseline,0.0125,720575940619245016,later_large_only,0.0,0.0,0
baseline,0.0125,720575940619245016,other_active,0.0,0.0,0
baseline,0.0125,720575940619245016,silent_all,0.0,0.0,0
baseline,0.0125,720575940631097462,input,0.0,0.0,0
baseline,0.0125,720575940631097462,early_large_only,0.0,0.0,0
baseline,0.0125,720575940631097462,later_large_only,0.0,0.0,0
baseline,0.0125,720575940631097462,other_active,0.0,0.0,0
baseline,0.0125,720575940631097462,silent_all,0.0,0.0,0
baseline,0.0125,720575940621589887,input,0.0,0.0,0
baseline,0.0125,720575940621589887,early_large_only,0.0,0.0,0
baseline,0.0125,720575940621589887,later_large_only,0.0,0.0,0
baseline,0.0125,720575940621589887,other_active,0.0,0.0,0
baseline,0.0125,720575940621589887,silent_all,0.0,0.0,0
baseline,0.0125,720575940615166111,input,0.0,0.0,0
baseline,0.0125,720575940615166111,early_large_only,0.0,0.0,0
baseline,0.0125,720575940615166111,later_large_only,0.0,0.0,0
baseline,0.0125,720575940615166111,other_active,0.0,0.0,0
baseline,0.0125,720575940615166111,silent_all,0.0,0.0,0
baseline,0.0125,720575940631058280,input,0.0,0.0,0
baseline,0.0125,720575940631058280,early_large_only,0.0,0.0,0
baseline,0.0125,720575940631058280,later_large_only,0.0,0.0,0
baseline,0.0125,720575940631058280,other_active,0.0,0.0,0
baseline,0.0125,720575940631058280,silent_all,0.0,0.0,0
baseline,0.0125,720575940624742158,input,0.0,0.0,0
baseline,0.0125,720575940624742158,early_large_only,0.0,0.0,0
baseline,0.0125,720575940624742158,later_large_only,0.0,0.0,0
baseline,0.0125,720575940624742158,other_active,0.0,0.0,0
baseline,0.0125,720575940624742158,silent_all,0.0,0.0,0
baseline,0.0125,720575940623067389,input,0.0,0.0,0
baseline,0.0125,720575940623067389,early_large_only,0.0,0.0,0
baseline,0.0125,720575940623067389,later_large_only,0.0,0.0,0
baseline,0.0125,720575940623067389,other_active,0.0,0.0,0
baseline,0.0125,720575940623067389,silent_all,0.0,0.0,0
baseline,0.0125,720575940639373683,input,0.0,0.0,0
baseline,0.0125,720575940639373683,early_large_only,0.0,0.0,0
baseline,0.0125,720575940639373683,later_large_only,0.0,0.0,0
baseline,0.0125,720575940639373683,other_active,0.0,0.0,0
baseline,0.0125,720575940639373683,silent_all,0.0,0.0,0
baseline,0.0125,720575940627706645,input,0.0,0.0,0
baseline,0.0125,720575940627706645,early_large_only,0.0,0.0,0
baseline,0.0125,720575940627706645,later_large_only,0.0,0.0,0
baseline,0.0125,720575940627706645,other_active,0.0,0.0,0
baseline,0.0125,720575940627706645,silent_all,0.0,0.0,0
baseline,0.0125,720575940612922226,input,0.0,0.0,0
baseline,0.0125,720575940612922226,early_large_only,0.0,0.0,0
baseline,0.0125,720575940612922226,later_large_only,0.0,0.0,0
baseline,0.0125,720575940612922226,other_active,0.0,0.0,0
baseline,0.0125,720575940612922226,silent_all,0.0,0.0,0
baseline,0.0125,720575940643476128,input,0.0,0.0,0
baseline,0.0125,720575940643476128,early_large_only,0.0,0.0,0
baseline,0.0125,720575940643476128,later_large_only,0.0,0.0,0
baseline,0.0125,720575940643476128,other_active,0.0,0.0,0
baseline,0.0125,720575940643476128,silent_all,0.0,0.0,0
baseline,0.0125,720575940615953202,input,0.0,0.0,0
baseline,0.0125,720575940615953202,early_large_only,0.0,0.0,0
baseline,0.0125,720575940615953202,later_large_only,0.0,0.0,0
baseline,0.0125,720575940615953202,other_active,0.0,0.0,0
baseline,0.0125,720575940615953202,silent_all,0.0,0.0,0
baseline,0.0125,720575940619754699,input,0.0,0.0,0
baseline,0.0125,720575940619754699,early_large_only,0.0,0.0,0
baseline,0.0125,720575940619754699,later_large_only,0.0,0.0,0
baseline,0.0125,720575940619754699,other_active,0.0,0.0,0
baseline,0.0125,720575940619754699,silent_all,0.0,0.0,0
baseline,0.0125,720575940626010042,input,0.0,0.0,0
baseline,0.0125,720575940626010042,early_large_only,0.0,0.0,0
baseline,0.0125,720575940626010042,later_large_only,0.0,0.0,0
baseline,0.0125,720575940626010042,other_active,0.0,0.0,0
baseline,0.0125,720575940626010042,silent_all,0.0,0.0,0
baseline,0.0125,720575940630539535,input,0.0,0.0,0
baseline,0.0125,720575940630539535,early_large_only,0.0,0.0,0
baseline,0.0125,720575940630539535,later_large_only,0.0,0.0,0
baseline,0.0125,720575940630539535,other_active,0.0,-0.264,1
baseline,0.0125,720575940630539535,silent_all,0.0,0.0,0
baseline,0.0125,720575940623067686,input,0.0,0.0,0
baseline,0.0125,720575940623067686,early_large_only,0.0,0.0,0
baseline,0.0125,720575940623067686,later_large_only,0.0,0.0,0
baseline,0.0125,720575940623067686,other_active,0.33,0.0,1
baseline,0.0125,720575940623067686,silent_all,0.0,0.0,0
baseline,0.0125,720575940645864739,input,0.0,0.0,0
baseline,0.0125,720575940645864739,early_large_only,0.0,0.0,0
baseline,0.0125,720575940645864739,later_large_only,0.0,0.0,0
baseline,0.0125,720575940645864739,other_active,0.0,0.0,0
baseline,0.0125,720575940645864739,silent_all,0.0,0.0,0
baseline,0.0125,720575940633156377,input,0.0,0.0,0
baseline,0.0125,720575940633156377,early_large_only,0.0,0.0,0
baseline,0.0125,720575940633156377,later_large_only,0.0,0.0,0
baseline,0.0125,720575940633156377,other_active,0.0,0.0,0
baseline,0.0125,720575940633156377,silent_all,0.0,0.0,0
baseline,0.0125,720575940624426940,input,0.0,0.0,0
baseline,0.0125,720575940624426940,early_large_only,0.0,0.0,0
baseline,0.0125,720575940624426940,later_large_only,0.0,0.0,0
baseline,0.0125,720575940624426940,other_active,0.0,0.0,0
baseline,0.0125,720575940624426940,silent_all,0.0,0.0,0
baseline,0.0125,720575940625203277,input,0.0,0.0,0
baseline,0.0125,720575940625203277,early_large_only,0.0,0.0,0
baseline,0.0125,720575940625203277,later_large_only,0.0,0.0,0
baseline,0.0125,720575940625203277,other_active,1.32,0.0,1
baseline,0.0125,720575940625203277,silent_all,0.0,0.0,0
baseline,0.0125,720575940624681520,input,0.0,0.0,0
baseline,0.0125,720575940624681520,early_large_only,0.0,0.0,0
baseline,0.0125,720575940624681520,later_large_only,0.0,0.0,0
baseline,0.0125,720575940624681520,other_active,0.0,0.0,0
baseline,0.0125,720575940624681520,silent_all,0.0,0.0,0
baseline,0.0125,720575940630968680,input,0.0,0.0,0
baseline,0.0125,720575940630968680,early_large_only,0.0,0.0,0
baseline,0.0125,720575940630968680,later_large_only,0.0,0.0,0
baseline,0.0125,720575940630968680,other_active,0.0,0.0,0
baseline,0.0125,720575940630968680,silent_all,0.0,0.0,0
baseline,0.0125,720575940630939855,input,0.0,0.0,0
baseline,0.0125,720575940630939855,early_large_only,0.0,0.0,0
baseline,0.0125,720575940630939855,later_large_only,0.0,0.0,0
baseline,0.0125,720575940630939855,other_active,0.0,0.0,0
baseline,0.0125,720575940630939855,silent_all,0.0,0.0,0
baseline,0.0125,720575940627692565,input,0.0,0.0,0
baseline,0.0125,720575940627692565,early_large_only,0.0,0.0,0
baseline,0.0125,720575940627692565,later_large_only,0.0,0.0,0
baseline,0.0125,720575940627692565,other_active,0.0,0.0,0
baseline,0.0125,720575940627692565,silent_all,0.0,0.0,0
baseline,0.0125,720575940630020345,input,0.0,0.0,0
baseline,0.0125,720575940630020345,early_large_only,0.0,0.0,0
baseline,0.0125,720575940630020345,later_large_only,0.0,0.0,0
baseline,0.0125,720575940630020345,other_active,0.33,0.0,1
baseline,0.0125,720575940630020345,silent_all,0.0,0.0,0
baseline,0.0125,720575940620321670,input,0.0,0.0,0
baseline,0.0125,720575940620321670,early_large_only,0.0,0.0,0
baseline,0.0125,720575940620321670,later_large_only,0.0,0.0,0
baseline,0.0125,720575940620321670,other_active,0.0,0.0,0
baseline,0.0125,720575940620321670,silent_all,0.0,0.0,0
baseline,0.0125,720575940618263365,input,0.0,0.0,0
baseline,0.0125,720575940618263365,early_large_only,0.0,0.0,0
baseline,0.0125,720575940618263365,later_large_only,0.0,0.0,0
baseline,0.0125,720575940618263365,other_active,0.0,0.0,0
baseline,0.0125,720575940618263365,silent_all,0.0,0.0,0
baseline,0.0125,720575940622446085,input,0.0,0.0,0
baseline,0.0125,720575940622446085,early_large_only,0.0,0.0,0
baseline,0.0125,720575940622446085,later_large_only,0.0,0.0,0
baseline,0.0125,720575940622446085,other_active,0.0,0.0,0
baseline,0.0125,720575940622446085,silent_all,0.0,0.0,0
baseline,0.0125,720575940629911503,input,0.0,0.0,0
baseline,0.0125,720575940629911503,early_large_only,0.0,0.0,0
baseline,0.0125,720575940629911503,later_large_only,0.0,0.0,0
baseline,0.0125,720575940629911503,other_active,0.0,0.0,0
baseline,0.0125,720575940629911503,silent_all,0.0,0.0,0
baseline,0.0125,720575940620252075,input,0.0,0.0,0
baseline,0.0125,720575940620252075,early_large_only,0.0,0.0,0
baseline,0.0125,720575940620252075,later_large_only,0.0,0.0,0
baseline,0.0125,720575940620252075,other_active,0.0,0.0,0
baseline,0.0125,720575940620252075,silent_all,0.0,0.0,0
baseline,0.0125,720575940622203350,input,0.0,0.0,0
baseline,0.0125,720575940622203350,early_large_only,0.0,0.0,0
baseline,0.0125,720575940622203350,later_large_only,0.0,0.0,0
baseline,0.0125,720575940622203350,other_active,0.0,0.0,0
baseline,0.0125,720575940622203350,silent_all,0.0,0.0,0
baseline,0.0125,720575940619077255,input,0.0,0.0,0
baseline,0.0125,720575940619077255,early_large_only,0.0,0.0,0
baseline,0.0125,720575940619077255,later_large_only,0.0,0.0,0
baseline,0.0125,720575940619077255,other_active,0.0,0.0,0
baseline,0.0125,720575940619077255,silent_all,0.0,0.0,0
baseline,0.0125,720575940619709899,input,0.0,0.0,0
baseline,0.0125,720575940619709899,early_large_only,0.0,0.0,0
baseline,0.0125,720575940619709899,later_large_only,0.0,0.0,0
baseline,0.0125,720575940619709899,other_active,0.0,0.0,0
baseline,0.0125,720575940619709899,silent_all,0.0,0.0,0
baseline,0.0125,720575940616370065,input,0.0,0.0,0
baseline,0.0125,720575940616370065,early_large_only,0.0,0.0,0
baseline,0.0125,720575940616370065,later_large_only,0.0,0.0,0
baseline,0.0125,720575940616370065,other_active,0.0,0.0,0
baseline,0.0125,720575940616370065,silent_all,0.0,0.0,0
baseline,0.0125,720575940625032171,input,0.0,0.0,0
baseline,0.0125,720575940625032171,early_large_only,0.0,0.0,0
baseline,0.0125,720575940625032171,later_large_only,0.0,0.0,0
baseline,0.0125,720575940625032171,other_active,0.0,0.0,0
baseline,0.0125,720575940625032171,silent_all,0.0,0.0,0
baseline,0.0125,720575940605007206,input,0.0,0.0,0
baseline,0.0125,720575940605007206,early_large_only,0.0,0.0,0
baseline,0.0125,720575940605007206,later_large_only,0.0,0.0,0
baseline,0.0125,720575940605007206,other_active,0.0,0.0,0
baseline,0.0125,720575940605007206,silent_all,0.0,0.0,0
baseline,0.0125,720575940621905185,input,0.0,0.0,0
baseline,0.0125,720575940621905185,early_large_only,0.0,0.0,0
baseline,0.0125,720575940621905185,later_large_only,0.0,0.0,0
baseline,0.0125,720575940621905185,other_active,0.0,0.0,0
baseline,0.0125,720575940621905185,silent_all,0.0,0.0,0
baseline,0.0125,720575940621921285,input,0.0,0.0,0
baseline,0.0125,720575940621921285,early_large_only,0.0,0.0,0
baseline,0.0125,720575940621921285,later_large_only,0.0,0.0,0
baseline,0.0125,720575940621921285,other_active,0.0,0.0,0
baseline,0.0125,720575940621921285,silent_all,0.0,0.0,0
baseline,0.0125,720575940645676579,input,0.0,0.0,0
baseline,0.0125,720575940645676579,early_large_only,0.0,0.0,0
baseline,0.0125,720575940645676579,later_large_only,0.0,0.0,0
baseline,0.0125,720575940645676579,other_active,0.0,0.0,0
baseline,0.0125,720575940645676579,silent_all,0.0,0.0,0
baseline,0.0125,720575940607667723,input,0.0,0.0,0
baseline,0.0125,720575940607667723,early_large_only,0.0,0.0,0
baseline,0.0125,720575940607667723,later_large_only,0.0,0.0,0
baseline,0.0125,720575940607667723,other_active,0.0,-8.184,1
baseline,0.0125,720575940607667723,silent_all,0.0,0.0,0
baseline,0.0125,720575940614684822,input,0.0,0.0,0
baseline,0.0125,720575940614684822,early_large_only,0.0,0.0,0
baseline,0.0125,720575940614684822,later_large_only,0.0,0.0,0
baseline,0.0125,720575940614684822,other_active,0.0,0.0,0
baseline,0.0125,720575940614684822,silent_all,0.0,0.0,0
baseline,0.0125,720575940628342171,input,0.0,0.0,0
baseline,0.0125,720575940628342171,early_large_only,0.0,0.0,0
baseline,0.0125,720575940628342171,later_large_only,0.0,0.0,0
baseline,0.0125,720575940628342171,other_active,0.0,0.0,0
baseline,0.0125,720575940628342171,silent_all,0.0,0.0,0
baseline,0.0125,720575940621038294,input,0.0,0.0,0
baseline,0.0125,720575940621038294,early_large_only,0.0,0.0,0
baseline,0.0125,720575940621038294,later_large_only,0.0,0.0,0
baseline,0.0125,720575940621038294,other_active,0.0,0.0,0
baseline,0.0125,720575940621038294,silent_all,0.0,0.0,0
baseline,0.0125,720575940620464321,input,0.0,0.0,0
baseline,0.0125,720575940620464321,early_large_only,0.0,0.0,0
baseline,0.0125,720575940620464321,later_large_only,0.0,0.0,0
baseline,0.0125,720575940620464321,other_active,0.33,0.0,1
baseline,0.0125,720575940620464321,silent_all,0.0,0.0,0
baseline,0.0125,720575940632059193,input,0.0,0.0,0
baseline,0.0125,720575940632059193,early_large_only,0.0,0.0,0
baseline,0.0125,720575940632059193,later_large_only,0.0,0.0,0
baseline,0.0125,720575940632059193,other_active,0.0,0.0,0
baseline,0.0125,720575940632059193,silent_all,0.0,0.0,0
baseline,0.0125,720575940646735156,input,0.0,0.0,0
baseline,0.0125,720575940646735156,early_large_only,0.0,0.0,0
baseline,0.0125,720575940646735156,later_large_only,0.0,0.0,0
baseline,0.0125,720575940646735156,other_active,1.32,0.0,1
baseline,0.0125,720575940646735156,silent_all,0.0,0.0,0
baseline,0.0125,720575940633062335,input,0.0,0.0,0
baseline,0.0125,720575940633062335,early_large_only,0.0,0.0,0
baseline,0.0125,720575940633062335,later_large_only,0.0,0.0,0
baseline,0.0125,720575940633062335,other_active,0.0,0.0,0
baseline,0.0125,720575940633062335,silent_all,0.0,0.0,0
baseline,0.0125,720575940643882184,input,0.0,0.0,0
baseline,0.0125,720575940643882184,early_large_only,0.0,0.0,0
baseline,0.0125,720575940643882184,later_large_only,0.0,0.0,0
baseline,0.0125,720575940643882184,other_active,0.0,0.0,0
baseline,0.0125,720575940643882184,silent_all,0.0,0.0,0
baseline,0.0125,720575940639505792,input,0.0,0.0,0
baseline,0.0125,720575940639505792,early_large_only,0.0,0.0,0
baseline,0.0125,720575940639505792,later_large_only,0.0,0.0,0
baseline,0.0125,720575940639505792,other_active,0.0,0.0,0
baseline,0.0125,720575940639505792,silent_all,0.0,0.0,0
baseline,0.0125,720575940605028017,input,0.0,0.0,0
baseline,0.0125,720575940605028017,early_large_only,0.0,0.0,0
baseline,0.0125,720575940605028017,later_large_only,0.0,0.0,0
baseline,0.0125,720575940605028017,other_active,0.0,-1.32,2
baseline,0.0125,720575940605028017,silent_all,0.0,0.0,0
baseline,0.0125,720575940631865228,input,0.0,0.0,0
baseline,0.0125,720575940631865228,early_large_only,0.0,0.0,0
baseline,0.0125,720575940631865228,later_large_only,0.0,0.0,0
baseline,0.0125,720575940631865228,other_active,0.33,-2.112,4
baseline,0.0125,720575940631865228,silent_all,0.0,0.0,0
baseline,0.0125,720575940624230122,input,0.0,0.0,0
baseline,0.0125,720575940624230122,early_large_only,0.0,0.0,0
baseline,0.0125,720575940624230122,later_large_only,0.0,0.0,0
baseline,0.0125,720575940624230122,other_active,0.0,0.0,0
baseline,0.0125,720575940624230122,silent_all,0.0,0.0,0
baseline,0.0125,720575940613463471,input,0.0,0.0,0
baseline,0.0125,720575940613463471,early_large_only,0.0,0.0,0
baseline,0.0125,720575940613463471,later_large_only,0.0,0.0,0
baseline,0.0125,720575940613463471,other_active,0.0,-0.7920000000000001,1
baseline,0.0125,720575940613463471,silent_all,0.0,0.0,0
baseline,0.0125,720575940626979965,input,0.0,0.0,0
baseline,0.0125,720575940626979965,early_large_only,0.0,0.0,0
baseline,0.0125,720575940626979965,later_large_only,0.0,0.0,0
baseline,0.0125,720575940626979965,other_active,1.32,0.0,1
baseline,0.0125,720575940626979965,silent_all,0.0,0.0,0
baseline,0.0125,720575940638677411,input,0.0,0.0,0
baseline,0.0125,720575940638677411,early_large_only,0.0,0.0,0
baseline,0.0125,720575940638677411,later_large_only,0.0,0.0,0
baseline,0.0125,720575940638677411,other_active,2.97,-1.584,3
baseline,0.0125,720575940638677411,silent_all,0.0,0.0,0
baseline,0.0125,720575940618405848,input,0.0,0.0,0
baseline,0.0125,720575940618405848,early_large_only,0.0,0.0,0
baseline,0.0125,720575940618405848,later_large_only,0.0,0.0,0
baseline,0.0125,720575940618405848,other_active,0.0,0.0,0
baseline,0.0125,720575940618405848,silent_all,0.0,0.0,0
baseline,0.0125,720575940626650890,input,0.0,0.0,0
baseline,0.0125,720575940626650890,early_large_only,0.0,0.0,0
baseline,0.0125,720575940626650890,later_large_only,0.0,0.0,0
baseline,0.0125,720575940626650890,other_active,0.0,-2.9040000000000004,1
baseline,0.0125,720575940626650890,silent_all,0.0,0.0,0
baseline,0.0125,720575940619766219,input,0.0,0.0,0
baseline,0.0125,720575940619766219,early_large_only,0.0,0.0,0
baseline,0.0125,720575940619766219,later_large_only,0.0,0.0,0
baseline,0.0125,720575940619766219,other_active,0.0,0.0,0
baseline,0.0125,720575940619766219,silent_all,0.0,0.0,0
baseline,0.0125,720575940614702754,input,0.0,0.0,0
baseline,0.0125,720575940614702754,early_large_only,0.0,0.0,0
baseline,0.0125,720575940614702754,later_large_only,0.0,0.0,0
baseline,0.0125,720575940614702754,other_active,0.0,0.0,0
baseline,0.0125,720575940614702754,silent_all,0.0,0.0,0
baseline,0.0125,720575940620001958,input,0.0,0.0,0
baseline,0.0125,720575940620001958,early_large_only,0.0,0.0,0
baseline,0.0125,720575940620001958,later_large_only,0.0,0.0,0
baseline,0.0125,720575940620001958,other_active,0.0,0.0,0
baseline,0.0125,720575940620001958,silent_all,0.0,0.0,0
baseline,0.0125,720575940621833054,input,0.0,0.0,0
baseline,0.0125,720575940621833054,early_large_only,0.0,0.0,0
baseline,0.0125,720575940621833054,later_large_only,0.0,0.0,0
baseline,0.0125,720575940621833054,other_active,0.0,0.0,0
baseline,0.0125,720575940621833054,silent_all,0.0,0.0,0
baseline,0.0125,720575940613792296,input,0.0,0.0,0
baseline,0.0125,720575940613792296,early_large_only,0.0,0.0,0
baseline,0.0125,720575940613792296,later_large_only,0.0,0.0,0
baseline,0.0125,720575940613792296,other_active,0.0,0.0,0
baseline,0.0125,720575940613792296,silent_all,0.0,0.0,0
baseline,0.0125,720575940621457690,input,0.0,0.0,0
baseline,0.0125,720575940621457690,early_large_only,0.0,0.0,0
baseline,0.0125,720575940621457690,later_large_only,0.0,0.0,0
baseline,0.0125,720575940621457690,other_active,0.33,0.0,1
baseline,0.0125,720575940621457690,silent_all,0.0,0.0,0
baseline,0.0125,720575940625559908,input,0.0,0.0,0
baseline,0.0125,720575940625559908,early_large_only,0.0,0.0,0
baseline,0.0125,720575940625559908,later_large_only,0.0,0.0,0
baseline,0.0125,720575940625559908,other_active,0.0,0.0,0
baseline,0.0125,720575940625559908,silent_all,0.0,0.0,0
baseline,0.0125,720575940627946512,input,0.0,0.0,0
baseline,0.0125,720575940627946512,early_large_only,0.0,0.0,0
baseline,0.0125,720575940627946512,later_large_only,0.0,0.0,0
baseline,0.0125,720575940627946512,other_active,0.0,0.0,0
baseline,0.0125,720575940627946512,silent_all,0.0,0.0,0
baseline,0.0125,720575940613163473,input,0.0,0.0,0
baseline,0.0125,720575940613163473,early_large_only,0.0,0.0,0
baseline,0.0125,720575940613163473,later_large_only,0.0,0.0,0
baseline,0.0125,720575940613163473,other_active,0.0,0.0,0
baseline,0.0125,720575940613163473,silent_all,0.0,0.0,0
baseline,0.0125,720575940627619057,input,0.0,0.0,0
baseline,0.0125,720575940627619057,early_large_only,0.0,0.0,0
baseline,0.0125,720575940627619057,later_large_only,0.0,0.0,0
baseline,0.0125,720575940627619057,other_active,0.0,0.0,0
baseline,0.0125,720575940627619057,silent_all,0.0,0.0,0
baseline,0.0125,720575940634172267,input,0.0,0.0,0
baseline,0.0125,720575940634172267,early_large_only,0.0,0.0,0
baseline,0.0125,720575940634172267,later_large_only,0.0,0.0,0
baseline,0.0125,720575940634172267,other_active,0.0,0.0,0
baseline,0.0125,720575940634172267,silent_all,0.0,0.0,0
baseline,0.0125,720575940623356651,input,0.0,0.0,0
baseline,0.0125,720575940623356651,early_large_only,0.0,0.0,0
baseline,0.0125,720575940623356651,later_large_only,0.0,0.0,0
baseline,0.0125,720575940623356651,other_active,0.0,0.0,0
baseline,0.0125,720575940623356651,silent_all,0.0,0.0,0
baseline,0.0125,720575940616762585,input,0.0,0.0,0
baseline,0.0125,720575940616762585,early_large_only,0.0,0.0,0
baseline,0.0125,720575940616762585,later_large_only,0.0,0.0,0
baseline,0.0125,720575940616762585,other_active,0.0,0.0,0
baseline,0.0125,720575940616762585,silent_all,0.0,0.0,0
baseline,0.0125,720575940627849515,input,0.0,0.0,0
baseline,0.0125,720575940627849515,early_large_only,0.0,0.0,0
baseline,0.0125,720575940627849515,later_large_only,0.0,0.0,0
baseline,0.0125,720575940627849515,other_active,0.0,0.0,0
baseline,0.0125,720575940627849515,silent_all,0.0,0.0,0
baseline,0.0125,720575940635404724,input,0.0,0.0,0
baseline,0.0125,720575940635404724,early_large_only,0.0,0.0,0
baseline,0.0125,720575940635404724,later_large_only,0.0,0.0,0
baseline,0.0125,720575940635404724,other_active,0.0,0.0,0
baseline,0.0125,720575940635404724,silent_all,0.0,0.0,0
baseline,0.0125,720575940626425682,input,0.0,0.0,0
baseline,0.0125,720575940626425682,early_large_only,0.0,0.0,0
baseline,0.0125,720575940626425682,later_large_only,0.0,0.0,0
baseline,0.0125,720575940626425682,other_active,0.33,0.0,1
baseline,0.0125,720575940626425682,silent_all,0.0,0.0,0
baseline,0.0125,720575940626703497,input,0.0,0.0,0
baseline,0.0125,720575940626703497,early_large_only,0.0,0.0,0
baseline,0.0125,720575940626703497,later_large_only,0.0,0.0,0
baseline,0.0125,720575940626703497,other_active,0.99,0.0,1
baseline,0.0125,720575940626703497,silent_all,0.0,0.0,0
baseline,0.0125,720575940623847728,input,0.0,0.0,0
baseline,0.0125,720575940623847728,early_large_only,0.0,0.0,0
baseline,0.0125,720575940623847728,later_large_only,0.0,0.0,0
baseline,0.0125,720575940623847728,other_active,0.0,0.0,0
baseline,0.0125,720575940623847728,silent_all,0.0,0.0,0
baseline,0.0125,720575940629225463,input,0.0,0.0,0
baseline,0.0125,720575940629225463,early_large_only,0.0,0.0,0
baseline,0.0125,720575940629225463,later_large_only,0.0,0.0,0
baseline,0.0125,720575940629225463,other_active,0.33,-0.264,2
baseline,0.0125,720575940629225463,silent_all,0.0,0.0,0
baseline,0.0125,720575940635397556,input,0.0,0.0,0
baseline,0.0125,720575940635397556,early_large_only,0.0,0.0,0
baseline,0.0125,720575940635397556,later_large_only,0.0,0.0,0
baseline,0.0125,720575940635397556,other_active,0.0,0.0,0
baseline,0.0125,720575940635397556,silent_all,0.0,0.0,0
baseline,0.0125,720575940622971283,input,0.0,0.0,0
baseline,0.0125,720575940622971283,early_large_only,0.0,0.0,0
baseline,0.0125,720575940622971283,later_large_only,0.0,0.0,0
baseline,0.0125,720575940622971283,other_active,0.0,0.0,0
baseline,0.0125,720575940622971283,silent_all,0.0,0.0,0
baseline,0.0125,720575940622999688,input,0.0,0.0,0
baseline,0.0125,720575940622999688,early_large_only,0.0,0.0,0
baseline,0.0125,720575940622999688,later_large_only,0.0,0.0,0
baseline,0.0125,720575940622999688,other_active,0.0,0.0,0
baseline,0.0125,720575940622999688,silent_all,0.0,0.0,0
baseline,0.0125,720575940610205282,input,0.0,0.0,0
baseline,0.0125,720575940610205282,early_large_only,0.0,0.0,0
baseline,0.0125,720575940610205282,later_large_only,0.0,0.0,0
baseline,0.0125,720575940610205282,other_active,0.0,0.0,0
baseline,0.0125,720575940610205282,silent_all,0.0,0.0,0
baseline,0.0125,720575940622446341,input,0.0,0.0,0
baseline,0.0125,720575940622446341,early_large_only,0.0,0.0,0
baseline,0.0125,720575940622446341,later_large_only,0.0,0.0,0
baseline,0.0125,720575940622446341,other_active,0.0,0.0,0
baseline,0.0125,720575940622446341,silent_all,0.0,0.0,0
baseline,0.0125,720575940628210887,input,0.0,0.0,0
baseline,0.0125,720575940628210887,early_large_only,0.0,0.0,0
baseline,0.0125,720575940628210887,later_large_only,0.0,0.0,0
baseline,0.0125,720575940628210887,other_active,0.0,0.0,0
baseline,0.0125,720575940628210887,silent_all,0.0,0.0,0
baseline,0.0125,720575940613303471,input,0.0,0.0,0
baseline,0.0125,720575940613303471,early_large_only,0.0,0.0,0
baseline,0.0125,720575940613303471,later_large_only,0.0,0.0,0
baseline,0.0125,720575940613303471,other_active,0.0,-1.32,1
baseline,0.0125,720575940613303471,silent_all,0.0,0.0,0
baseline,0.0125,720575940657580417,input,0.0,0.0,0
baseline,0.0125,720575940657580417,early_large_only,0.0,0.0,0
baseline,0.0125,720575940657580417,later_large_only,0.0,0.0,0
baseline,0.0125,720575940657580417,other_active,0.0,0.0,0
baseline,0.0125,720575940657580417,silent_all,0.0,0.0,0
baseline,0.0125,720575940617841437,input,0.0,0.0,0
baseline,0.0125,720575940617841437,early_large_only,0.0,0.0,0
baseline,0.0125,720575940617841437,later_large_only,0.0,0.0,0
baseline,0.0125,720575940617841437,other_active,0.0,0.0,0
baseline,0.0125,720575940617841437,silent_all,0.0,0.0,0
baseline,0.0125,720575940638379598,input,0.0,0.0,0
baseline,0.0125,720575940638379598,early_large_only,0.0,0.0,0
baseline,0.0125,720575940638379598,later_large_only,0.0,0.0,0
baseline,0.0125,720575940638379598,other_active,0.0,0.0,0
baseline,0.0125,720575940638379598,silent_all,0.0,0.0,0
baseline,0.0125,720575940619773505,input,0.0,0.0,0
baseline,0.0125,720575940619773505,early_large_only,0.0,0.0,0
baseline,0.0125,720575940619773505,later_large_only,0.0,0.0,0
baseline,0.0125,720575940619773505,other_active,0.0,0.0,0
baseline,0.0125,720575940619773505,silent_all,0.0,0.0,0
baseline,0.0125,720575940626778008,input,0.0,0.0,0
baseline,0.0125,720575940626778008,early_large_only,0.0,0.0,0
baseline,0.0125,720575940626778008,later_large_only,0.0,0.0,0
baseline,0.0125,720575940626778008,other_active,0.0,0.0,0
baseline,0.0125,720575940626778008,silent_all,0.0,0.0,0
baseline,0.0125,720575940615042246,input,0.0,0.0,0
baseline,0.0125,720575940615042246,early_large_only,0.0,0.0,0
baseline,0.0125,720575940615042246,later_large_only,0.0,0.0,0
baseline,0.0125,720575940615042246,other_active,0.0,0.0,0
baseline,0.0125,720575940615042246,silent_all,0.0,0.0,0
baseline,0.0125,720575940617825949,input,0.0,0.0,0
baseline,0.0125,720575940617825949,early_large_only,0.0,0.0,0
baseline,0.0125,720575940617825949,later_large_only,0.0,0.0,0
baseline,0.0125,720575940617825949,other_active,0.0,0.0,0
baseline,0.0125,720575940617825949,silent_all,0.0,0.0,0
baseline,0.0125,720575940610506542,input,0.0,0.0,0
baseline,0.0125,720575940610506542,early_large_only,0.0,0.0,0
baseline,0.0125,720575940610506542,later_large_only,0.0,0.0,0
baseline,0.0125,720575940610506542,other_active,0.0,0.0,0
baseline,0.0125,720575940610506542,silent_all,0.0,0.0,0
baseline,0.0125,720575940612734066,input,0.0,0.0,0
baseline,0.0125,720575940612734066,early_large_only,0.0,0.0,0
baseline,0.0125,720575940612734066,later_large_only,0.0,0.0,0
baseline,0.0125,720575940612734066,other_active,4.62,0.0,1
baseline,0.0125,720575940612734066,silent_all,0.0,0.0,0
baseline,0.0125,720575940613981905,input,0.0,0.0,0
baseline,0.0125,720575940613981905,early_large_only,0.0,0.0,0
baseline,0.0125,720575940613981905,later_large_only,0.0,0.0,0
baseline,0.0125,720575940613981905,other_active,0.0,0.0,0
baseline,0.0125,720575940613981905,silent_all,0.0,0.0,0
baseline,0.0125,720575940629908540,input,0.0,0.0,0
baseline,0.0125,720575940629908540,early_large_only,0.0,0.0,0
baseline,0.0125,720575940629908540,later_large_only,0.0,0.0,0
baseline,0.0125,720575940629908540,other_active,0.0,0.0,0
baseline,0.0125,720575940629908540,silent_all,0.0,0.0,0
baseline,0.0125,720575940617306717,input,0.0,0.0,0
baseline,0.0125,720575940617306717,early_large_only,0.0,0.0,0
baseline,0.0125,720575940617306717,later_large_only,0.0,0.0,0
baseline,0.0125,720575940617306717,other_active,0.0,0.0,0
baseline,0.0125,720575940617306717,silent_all,0.0,0.0,0
baseline,0.0125,720575940619863125,input,0.0,0.0,0
baseline,0.0125,720575940619863125,early_large_only,0.0,0.0,0
baseline,0.0125,720575940619863125,later_large_only,0.0,0.0,0
baseline,0.0125,720575940619863125,other_active,0.0,0.0,0
baseline,0.0125,720575940619863125,silent_all,0.0,0.0,0
baseline,0.0125,720575940616702465,input,0.0,0.0,0
baseline,0.0125,720575940616702465,early_large_only,0.0,0.0,0
baseline,0.0125,720575940616702465,later_large_only,0.0,0.0,0
baseline,0.0125,720575940616702465,other_active,0.0,0.0,0
baseline,0.0125,720575940616702465,silent_all,0.0,0.0,0
baseline,0.0125,720575940617649954,input,0.0,0.0,0
baseline,0.0125,720575940617649954,early_large_only,0.0,0.0,0
baseline,0.0125,720575940617649954,later_large_only,0.0,0.0,0
baseline,0.0125,720575940617649954,other_active,0.0,0.0,0
baseline,0.0125,720575940617649954,silent_all,0.0,0.0,0
baseline,0.0125,720575940620904614,input,0.0,0.0,0
baseline,0.0125,720575940620904614,early_large_only,0.0,0.0,0
baseline,0.0125,720575940620904614,later_large_only,0.0,0.0,0
baseline,0.0125,720575940620904614,other_active,0.0,0.0,0
baseline,0.0125,720575940620904614,silent_all,0.0,0.0,0
baseline,0.0125,720575940614376615,input,0.0,0.0,0
baseline,0.0125,720575940614376615,early_large_only,0.0,0.0,0
baseline,0.0125,720575940614376615,later_large_only,0.0,0.0,0
baseline,0.0125,720575940614376615,other_active,0.0,0.0,0
baseline,0.0125,720575940614376615,silent_all,0.0,0.0,0
baseline,0.0125,720575940631561676,input,0.0,0.0,0
baseline,0.0125,720575940631561676,early_large_only,0.0,0.0,0
baseline,0.0125,720575940631561676,later_large_only,0.0,0.0,0
baseline,0.0125,720575940631561676,other_active,0.0,0.0,0
baseline,0.0125,720575940631561676,silent_all,0.0,0.0,0
baseline,0.0125,720575940631937042,input,0.0,0.0,0
baseline,0.0125,720575940631937042,early_large_only,0.0,0.0,0
baseline,0.0125,720575940631937042,later_large_only,0.0,0.0,0
baseline,0.0125,720575940631937042,other_active,0.0,0.0,0
baseline,0.0125,720575940631937042,silent_all,0.0,0.0,0
baseline,0.0125,720575940626003130,input,0.0,0.0,0
baseline,0.0125,720575940626003130,early_large_only,0.0,0.0,0
baseline,0.0125,720575940626003130,later_large_only,0.0,0.0,0
baseline,0.0125,720575940626003130,other_active,0.0,0.0,0
baseline,0.0125,720575940626003130,silent_all,0.0,0.0,0
baseline,0.0125,720575940629560770,input,0.0,0.0,0
baseline,0.0125,720575940629560770,early_large_only,0.0,0.0,0
baseline,0.0125,720575940629560770,later_large_only,0.0,0.0,0
baseline,0.0125,720575940629560770,other_active,0.0,-0.528,2
baseline,0.0125,720575940629560770,silent_all,0.0,0.0,0
baseline,0.0125,720575940629512314,input,0.0,0.0,0
baseline,0.0125,720575940629512314,early_large_only,0.0,0.0,0
baseline,0.0125,720575940629512314,later_large_only,0.0,0.0,0
baseline,0.0125,720575940629512314,other_active,0.0,0.0,0
baseline,0.0125,720575940629512314,silent_all,0.0,0.0,0
baseline,0.0125,720575940621646668,input,0.0,0.0,0
baseline,0.0125,720575940621646668,early_large_only,0.0,0.0,0
baseline,0.0125,720575940621646668,later_large_only,0.0,0.0,0
baseline,0.0125,720575940621646668,other_active,0.0,0.0,0
baseline,0.0125,720575940621646668,silent_all,0.0,0.0,0
baseline,0.0125,720575940635517876,input,0.0,0.0,0
baseline,0.0125,720575940635517876,early_large_only,0.0,0.0,0
baseline,0.0125,720575940635517876,later_large_only,0.0,0.0,0
baseline,0.0125,720575940635517876,other_active,0.0,0.0,0
baseline,0.0125,720575940635517876,silent_all,0.0,0.0,0
baseline,0.0125,720575940639355726,input,0.0,0.0,0
baseline,0.0125,720575940639355726,early_large_only,0.0,0.0,0
baseline,0.0125,720575940639355726,later_large_only,0.0,0.0,0
baseline,0.0125,720575940639355726,other_active,0.0,0.0,0
baseline,0.0125,720575940639355726,silent_all,0.0,0.0,0
baseline,0.0125,720575940624338068,input,0.0,0.0,0
baseline,0.0125,720575940624338068,early_large_only,0.0,0.0,0
baseline,0.0125,720575940624338068,later_large_only,0.0,0.0,0
baseline,0.0125,720575940624338068,other_active,0.0,0.0,0
baseline,0.0125,720575940624338068,silent_all,0.0,0.0,0
baseline,0.0125,720575940634113687,input,0.0,0.0,0
baseline,0.0125,720575940634113687,early_large_only,0.0,0.0,0
baseline,0.0125,720575940634113687,later_large_only,0.0,0.0,0
baseline,0.0125,720575940634113687,other_active,0.0,0.0,0
baseline,0.0125,720575940634113687,silent_all,0.0,0.0,0
baseline,0.0125,720575940627980955,input,0.0,0.0,0
baseline,0.0125,720575940627980955,early_large_only,0.0,0.0,0
baseline,0.0125,720575940627980955,later_large_only,0.0,0.0,0
baseline,0.0125,720575940627980955,other_active,0.0,0.0,0
baseline,0.0125,720575940627980955,silent_all,0.0,0.0,0
baseline,0.0125,720575940628695056,input,0.0,0.0,0
baseline,0.0125,720575940628695056,early_large_only,0.0,0.0,0
baseline,0.0125,720575940628695056,later_large_only,0.0,0.0,0
baseline,0.0125,720575940628695056,other_active,0.0,0.0,0
baseline,0.0125,720575940628695056,silent_all,0.0,0.0,0
baseline,0.0125,720575940628682283,input,0.0,0.0,0
baseline,0.0125,720575940628682283,early_large_only,0.0,0.0,0
baseline,0.0125,720575940628682283,later_large_only,0.0,0.0,0
baseline,0.0125,720575940628682283,other_active,0.0,0.0,0
baseline,0.0125,720575940628682283,silent_all,0.0,0.0,0
baseline,0.0125,720575940612551594,input,0.0,0.0,0
baseline,0.0125,720575940612551594,early_large_only,0.0,0.0,0
baseline,0.0125,720575940612551594,later_large_only,0.0,0.0,0
baseline,0.0125,720575940612551594,other_active,0.0,0.0,0
baseline,0.0125,720575940612551594,silent_all,0.0,0.0,0
baseline,0.0125,720575940651305718,input,0.0,0.0,0
baseline,0.0125,720575940651305718,early_large_only,0.0,0.0,0
baseline,0.0125,720575940651305718,later_large_only,0.0,0.0,0
baseline,0.0125,720575940651305718,other_active,0.0,0.0,0
baseline,0.0125,720575940651305718,silent_all,0.0,0.0,0
baseline,0.0125,720575940620718318,input,0.0,0.0,0
baseline,0.0125,720575940620718318,early_large_only,0.0,0.0,0
baseline,0.0125,720575940620718318,later_large_only,0.0,0.0,0
baseline,0.0125,720575940620718318,other_active,0.0,0.0,0
baseline,0.0125,720575940620718318,silent_all,0.0,0.0,0
baseline,0.0125,720575940630552591,input,0.0,0.0,0
baseline,0.0125,720575940630552591,early_large_only,0.0,0.0,0
baseline,0.0125,720575940630552591,later_large_only,0.0,0.0,0
baseline,0.0125,720575940630552591,other_active,0.0,-1.584,6
baseline,0.0125,720575940630552591,silent_all,0.0,0.0,0
baseline,0.0125,720575940628290307,input,0.0,0.0,0
baseline,0.0125,720575940628290307,early_large_only,0.0,0.0,0
baseline,0.0125,720575940628290307,later_large_only,0.0,0.0,0
baseline,0.0125,720575940628290307,other_active,0.33,-0.264,2
baseline,0.0125,720575940628290307,silent_all,0.0,0.0,0
baseline,0.0125,720575940634752666,input,0.0,0.0,0
baseline,0.0125,720575940634752666,early_large_only,0.0,0.0,0
baseline,0.0125,720575940634752666,later_large_only,0.0,0.0,0
baseline,0.0125,720575940634752666,other_active,0.0,0.0,0
baseline,0.0125,720575940634752666,silent_all,0.0,0.0,0
baseline,0.0125,720575940621018977,input,0.0,0.0,0
baseline,0.0125,720575940621018977,early_large_only,0.0,0.0,0
baseline,0.0125,720575940621018977,later_large_only,0.0,0.0,0
baseline,0.0125,720575940621018977,other_active,0.0,0.0,0
baseline,0.0125,720575940621018977,silent_all,0.0,0.0,0
baseline,0.0125,720575940614789791,input,0.0,0.0,0
baseline,0.0125,720575940614789791,early_large_only,0.0,0.0,0
baseline,0.0125,720575940614789791,later_large_only,0.0,0.0,0
baseline,0.0125,720575940614789791,other_active,0.0,0.0,0
baseline,0.0125,720575940614789791,silent_all,0.0,0.0,0
baseline,0.0125,720575940617853986,input,0.0,0.0,0
baseline,0.0125,720575940617853986,early_large_only,0.0,0.0,0
baseline,0.0125,720575940617853986,later_large_only,0.0,0.0,0
baseline,0.0125,720575940617853986,other_active,0.0,0.0,0
baseline,0.0125,720575940617853986,silent_all,0.0,0.0,0
baseline,0.0125,720575940624915435,input,0.0,0.0,0
baseline,0.0125,720575940624915435,early_large_only,0.0,0.0,0
baseline,0.0125,720575940624915435,later_large_only,0.0,0.0,0
baseline,0.0125,720575940624915435,other_active,0.0,0.0,0
baseline,0.0125,720575940624915435,silent_all,0.0,0.0,0
baseline,0.0125,720575940605777353,input,0.0,0.0,0
baseline,0.0125,720575940605777353,early_large_only,0.0,0.0,0
baseline,0.0125,720575940605777353,later_large_only,0.0,0.0,0
baseline,0.0125,720575940605777353,other_active,0.0,0.0,0
baseline,0.0125,720575940605777353,silent_all,0.0,0.0,0
baseline,0.0125,720575940610209378,input,0.0,0.0,0
baseline,0.0125,720575940610209378,early_large_only,0.0,0.0,0
baseline,0.0125,720575940610209378,later_large_only,0.0,0.0,0
baseline,0.0125,720575940610209378,other_active,0.0,-12.935999999999998,6
baseline,0.0125,720575940610209378,silent_all,0.0,0.0,0
baseline,0.0125,720575940631673484,input,0.0,0.0,0
baseline,0.0125,720575940631673484,early_large_only,0.0,0.0,0
baseline,0.0125,720575940631673484,later_large_only,0.0,0.0,0
baseline,0.0125,720575940631673484,other_active,0.0,0.0,0
baseline,0.0125,720575940631673484,silent_all,0.0,0.0,0
baseline,0.0125,720575940619917990,input,0.0,0.0,0
baseline,0.0125,720575940619917990,early_large_only,0.0,0.0,0
baseline,0.0125,720575940619917990,later_large_only,0.0,0.0,0
baseline,0.0125,720575940619917990,other_active,0.0,0.0,0
baseline,0.0125,720575940619917990,silent_all,0.0,0.0,0
baseline,0.0125,720575940628958979,input,0.0,0.0,0
baseline,0.0125,720575940628958979,early_large_only,0.0,0.0,0
baseline,0.0125,720575940628958979,later_large_only,0.0,0.0,0
baseline,0.0125,720575940628958979,other_active,0.0,0.0,0
baseline,0.0125,720575940628958979,silent_all,0.0,0.0,0
baseline,0.0125,720575940629763575,input,0.0,0.0,0
baseline,0.0125,720575940629763575,early_large_only,0.0,0.0,0
baseline,0.0125,720575940629763575,later_large_only,0.0,0.0,0
baseline,0.0125,720575940629763575,other_active,0.0,0.0,0
baseline,0.0125,720575940629763575,silent_all,0.0,0.0,0
baseline,0.0125,720575940632212039,input,0.0,0.0,0
baseline,0.0125,720575940632212039,early_large_only,0.0,0.0,0
baseline,0.0125,720575940632212039,later_large_only,0.0,0.0,0
baseline,0.0125,720575940632212039,other_active,0.0,0.0,0
baseline,0.0125,720575940632212039,silent_all,0.0,0.0,0
baseline,0.0125,720575940627321674,input,0.0,0.0,0
baseline,0.0125,720575940627321674,early_large_only,0.0,0.0,0
baseline,0.0125,720575940627321674,later_large_only,0.0,0.0,0
baseline,0.0125,720575940627321674,other_active,0.0,0.0,0
baseline,0.0125,720575940627321674,silent_all,0.0,0.0,0
baseline,0.0125,720575940640942837,input,0.0,0.0,0
baseline,0.0125,720575940640942837,early_large_only,0.0,0.0,0
baseline,0.0125,720575940640942837,later_large_only,0.0,0.0,0
baseline,0.0125,720575940640942837,other_active,0.0,0.0,0
baseline,0.0125,720575940640942837,silent_all,0.0,0.0,0
baseline,0.0125,720575940606726834,input,0.0,0.0,0
baseline,0.0125,720575940606726834,early_large_only,0.0,0.0,0
baseline,0.0125,720575940606726834,later_large_only,0.0,0.0,0
baseline,0.0125,720575940606726834,other_active,0.0,-0.792,2
baseline,0.0125,720575940606726834,silent_all,0.0,0.0,0
baseline,0.0125,720575940626653309,input,0.0,0.0,0
baseline,0.0125,720575940626653309,early_large_only,0.0,0.0,0
baseline,0.0125,720575940626653309,later_large_only,0.0,0.0,0
baseline,0.0125,720575940626653309,other_active,0.0,0.0,0
baseline,0.0125,720575940626653309,silent_all,0.0,0.0,0
baseline,0.0125,720575940605495072,input,0.0,0.0,0
baseline,0.0125,720575940605495072,early_large_only,0.0,0.0,0
baseline,0.0125,720575940605495072,later_large_only,0.0,0.0,0
baseline,0.0125,720575940605495072,other_active,2.97,-1.8480000000000003,2
baseline,0.0125,720575940605495072,silent_all,0.0,0.0,0
baseline,0.0125,720575940628349456,input,0.0,0.0,0
baseline,0.0125,720575940628349456,early_large_only,0.0,0.0,0
baseline,0.0125,720575940628349456,later_large_only,0.0,0.0,0
baseline,0.0125,720575940628349456,other_active,1.98,-0.528,3
baseline,0.0125,720575940628349456,silent_all,0.0,0.0,0
baseline,0.0125,720575940624544748,input,0.0,0.0,0
baseline,0.0125,720575940624544748,early_large_only,0.0,0.0,0
baseline,0.0125,720575940624544748,later_large_only,0.0,0.0,0
baseline,0.0125,720575940624544748,other_active,0.0,0.0,0
baseline,0.0125,720575940624544748,silent_all,0.0,0.0,0
baseline,0.0125,720575940615413435,input,0.0,0.0,0
baseline,0.0125,720575940615413435,early_large_only,0.0,0.0,0
baseline,0.0125,720575940615413435,later_large_only,0.0,0.0,0
baseline,0.0125,720575940615413435,other_active,0.0,0.0,0
baseline,0.0125,720575940615413435,silent_all,0.0,0.0,0
baseline,0.0125,720575940622399190,input,0.0,0.0,0
baseline,0.0125,720575940622399190,early_large_only,0.0,0.0,0
baseline,0.0125,720575940622399190,later_large_only,0.0,0.0,0
baseline,0.0125,720575940622399190,other_active,0.0,0.0,0
baseline,0.0125,720575940622399190,silent_all,0.0,0.0,0
baseline,0.0125,720575940625419495,input,0.0,0.0,0
baseline,0.0125,720575940625419495,early_large_only,0.0,0.0,0
baseline,0.0125,720575940625419495,later_large_only,0.0,0.0,0
baseline,0.0125,720575940625419495,other_active,0.0,0.0,0
baseline,0.0125,720575940625419495,silent_all,0.0,0.0,0
baseline,0.0125,720575940625926693,input,0.0,0.0,0
baseline,0.0125,720575940625926693,early_large_only,0.0,0.0,0
baseline,0.0125,720575940625926693,later_large_only,0.0,0.0,0
baseline,0.0125,720575940625926693,other_active,0.0,0.0,0
baseline,0.0125,720575940625926693,silent_all,0.0,0.0,0
baseline,0.0125,720575940625990974,input,0.0,0.0,0
baseline,0.0125,720575940625990974,early_large_only,0.0,0.0,0
baseline,0.0125,720575940625990974,later_large_only,0.0,0.0,0
baseline,0.0125,720575940625990974,other_active,0.0,0.0,0
baseline,0.0125,720575940625990974,silent_all,0.0,0.0,0
baseline,0.0125,720575940622045917,input,0.0,0.0,0
baseline,0.0125,720575940622045917,early_large_only,0.0,0.0,0
baseline,0.0125,720575940622045917,later_large_only,0.0,0.0,0
baseline,0.0125,720575940622045917,other_active,0.0,-0.264,1
baseline,0.0125,720575940622045917,silent_all,0.0,0.0,0
baseline,0.0125,720575940622858534,input,0.0,0.0,0
baseline,0.0125,720575940622858534,early_large_only,0.0,0.0,0
baseline,0.0125,720575940622858534,later_large_only,0.0,0.0,0
baseline,0.0125,720575940622858534,other_active,0.0,0.0,0
baseline,0.0125,720575940622858534,silent_all,0.0,0.0,0
baseline,0.0125,720575940623199684,input,0.0,0.0,0
baseline,0.0125,720575940623199684,early_large_only,0.0,0.0,0
baseline,0.0125,720575940623199684,later_large_only,0.0,0.0,0
baseline,0.0125,720575940623199684,other_active,0.0,0.0,0
baseline,0.0125,720575940623199684,silent_all,0.0,0.0,0
baseline,0.0125,720575940623088309,input,0.0,0.0,0
baseline,0.0125,720575940623088309,early_large_only,0.0,0.0,0
baseline,0.0125,720575940623088309,later_large_only,0.0,0.0,0
baseline,0.0125,720575940623088309,other_active,0.0,0.0,0
baseline,0.0125,720575940623088309,silent_all,0.0,0.0,0
baseline,0.0125,720575940609674052,input,0.0,0.0,0
baseline,0.0125,720575940609674052,early_large_only,0.0,0.0,0
baseline,0.0125,720575940609674052,later_large_only,0.0,0.0,0
baseline,0.0125,720575940609674052,other_active,0.0,0.0,0
baseline,0.0125,720575940609674052,silent_all,0.0,0.0,0
baseline,0.0125,720575940626717573,input,0.0,0.0,0
baseline,0.0125,720575940626717573,early_large_only,0.0,0.0,0
baseline,0.0125,720575940626717573,later_large_only,0.0,0.0,0
baseline,0.0125,720575940626717573,other_active,0.0,0.0,0
baseline,0.0125,720575940626717573,silent_all,0.0,0.0,0
baseline,0.0125,720575940626024323,input,0.0,0.0,0
baseline,0.0125,720575940626024323,early_large_only,0.0,0.0,0
baseline,0.0125,720575940626024323,later_large_only,0.0,0.0,0
baseline,0.0125,720575940626024323,other_active,0.0,0.0,0
baseline,0.0125,720575940626024323,silent_all,0.0,0.0,0
baseline,0.0125,720575940617549497,input,0.0,0.0,0
baseline,0.0125,720575940617549497,early_large_only,0.0,0.0,0
baseline,0.0125,720575940617549497,later_large_only,0.0,0.0,0
baseline,0.0125,720575940617549497,other_active,0.0,0.0,0
baseline,0.0125,720575940617549497,silent_all,0.0,0.0,0
baseline,0.0125,720575940616143989,input,0.0,0.0,0
baseline,0.0125,720575940616143989,early_large_only,0.0,0.0,0
baseline,0.0125,720575940616143989,later_large_only,0.0,0.0,0
baseline,0.0125,720575940616143989,other_active,0.0,0.0,0
baseline,0.0125,720575940616143989,silent_all,0.0,0.0,0
baseline,0.0125,720575940635802223,input,0.0,0.0,0
baseline,0.0125,720575940635802223,early_large_only,0.0,0.0,0
baseline,0.0125,720575940635802223,later_large_only,0.0,0.0,0
baseline,0.0125,720575940635802223,other_active,0.0,0.0,0
baseline,0.0125,720575940635802223,silent_all,0.0,0.0,0
baseline,0.0125,720575940621201833,input,0.0,0.0,0
baseline,0.0125,720575940621201833,early_large_only,0.0,0.0,0
baseline,0.0125,720575940621201833,later_large_only,0.0,0.0,0
baseline,0.0125,720575940621201833,other_active,0.0,0.0,0
baseline,0.0125,720575940621201833,silent_all,0.0,0.0,0
baseline,0.0125,720575940624430060,input,0.0,0.0,0
baseline,0.0125,720575940624430060,early_large_only,0.0,0.0,0
baseline,0.0125,720575940624430060,later_large_only,0.0,0.0,0
baseline,0.0125,720575940624430060,other_active,0.0,0.0,0
baseline,0.0125,720575940624430060,silent_all,0.0,0.0,0
baseline,0.0125,720575940638840629,input,0.0,0.0,0
baseline,0.0125,720575940638840629,early_large_only,0.0,0.0,0
baseline,0.0125,720575940638840629,later_large_only,0.0,0.0,0
baseline,0.0125,720575940638840629,other_active,0.0,0.0,0
baseline,0.0125,720575940638840629,silent_all,0.0,0.0,0
baseline,0.0125,720575940612185586,input,0.0,0.0,0
baseline,0.0125,720575940612185586,early_large_only,0.0,0.0,0
baseline,0.0125,720575940612185586,later_large_only,0.0,0.0,0
baseline,0.0125,720575940612185586,other_active,0.0,0.0,0
baseline,0.0125,720575940612185586,silent_all,0.0,0.0,0
baseline,0.0125,720575940616055858,input,0.0,0.0,0
baseline,0.0125,720575940616055858,early_large_only,0.0,0.0,0
baseline,0.0125,720575940616055858,later_large_only,0.0,0.0,0
baseline,0.0125,720575940616055858,other_active,0.0,0.0,0
baseline,0.0125,720575940616055858,silent_all,0.0,0.0,0
baseline,0.0125,720575940621213556,input,0.0,0.0,0
baseline,0.0125,720575940621213556,early_large_only,0.0,0.0,0
baseline,0.0125,720575940621213556,later_large_only,0.0,0.0,0
baseline,0.0125,720575940621213556,other_active,0.0,0.0,0
baseline,0.0125,720575940621213556,silent_all,0.0,0.0,0
baseline,0.0125,720575940624100075,input,0.0,0.0,0
baseline,0.0125,720575940624100075,early_large_only,0.0,0.0,0
baseline,0.0125,720575940624100075,later_large_only,0.0,0.0,0
baseline,0.0125,720575940624100075,other_active,0.0,0.0,0
baseline,0.0125,720575940624100075,silent_all,0.0,0.0,0
baseline,0.0125,720575940606453769,input,0.0,0.0,0
baseline,0.0125,720575940606453769,early_large_only,0.0,0.0,0
baseline,0.0125,720575940606453769,later_large_only,0.0,0.0,0
baseline,0.0125,720575940606453769,other_active,0.0,0.0,0
baseline,0.0125,720575940606453769,silent_all,0.0,0.0,0
baseline,0.0125,720575940628602471,input,0.0,0.0,0
baseline,0.0125,720575940628602471,early_large_only,0.0,0.0,0
baseline,0.0125,720575940628602471,later_large_only,0.0,0.0,0
baseline,0.0125,720575940628602471,other_active,0.0,0.0,0
baseline,0.0125,720575940628602471,silent_all,0.0,0.0,0
baseline,0.0125,720575940621012289,input,0.0,0.0,0
baseline,0.0125,720575940621012289,early_large_only,0.0,0.0,0
baseline,0.0125,720575940621012289,later_large_only,0.0,0.0,0
baseline,0.0125,720575940621012289,other_active,0.0,0.0,0
baseline,0.0125,720575940621012289,silent_all,0.0,0.0,0
baseline,0.0125,720575940620232875,input,0.0,0.0,0
baseline,0.0125,720575940620232875,early_large_only,0.0,0.0,0
baseline,0.0125,720575940620232875,later_large_only,0.0,0.0,0
baseline,0.0125,720575940620232875,other_active,0.0,0.0,0
baseline,0.0125,720575940620232875,silent_all,0.0,0.0,0
baseline,0.0125,720575940625118096,input,0.0,0.0,0
baseline,0.0125,720575940625118096,early_large_only,0.0,0.0,0
baseline,0.0125,720575940625118096,later_large_only,0.0,0.0,0
baseline,0.0125,720575940625118096,other_active,0.0,0.0,0
baseline,0.0125,720575940625118096,silent_all,0.0,0.0,0
baseline,0.0125,720575940609027523,input,0.0,0.0,0
baseline,0.0125,720575940609027523,early_large_only,0.0,0.0,0
baseline,0.0125,720575940609027523,later_large_only,0.0,0.0,0
baseline,0.0125,720575940609027523,other_active,0.0,0.0,0
baseline,0.0125,720575940609027523,silent_all,0.0,0.0,0
baseline,0.0125,720575940627731206,input,0.0,0.0,0
baseline,0.0125,720575940627731206,early_large_only,0.0,0.0,0
baseline,0.0125,720575940627731206,later_large_only,0.0,0.0,0
baseline,0.0125,720575940627731206,other_active,0.33,-0.528,2
baseline,0.0125,720575940627731206,silent_all,0.0,0.0,0
baseline,0.0125,720575940622910989,input,0.0,0.0,0
baseline,0.0125,720575940622910989,early_large_only,0.0,0.0,0
baseline,0.0125,720575940622910989,later_large_only,0.0,0.0,0
baseline,0.0125,720575940622910989,other_active,0.0,0.0,0
baseline,0.0125,720575940622910989,silent_all,0.0,0.0,0
baseline,0.0125,720575940629963068,input,0.0,0.0,0
baseline,0.0125,720575940629963068,early_large_only,0.0,0.0,0
baseline,0.0125,720575940629963068,later_large_only,0.0,0.0,0
baseline,0.0125,720575940629963068,other_active,0.0,0.0,0
baseline,0.0125,720575940629963068,silent_all,0.0,0.0,0
baseline,0.0125,720575940642142861,input,0.0,0.0,0
baseline,0.0125,720575940642142861,early_large_only,0.0,0.0,0
baseline,0.0125,720575940642142861,later_large_only,0.0,0.0,0
baseline,0.0125,720575940642142861,other_active,0.0,0.0,0
baseline,0.0125,720575940642142861,silent_all,0.0,0.0,0
baseline,0.0125,720575940620402345,input,0.0,0.0,0
baseline,0.0125,720575940620402345,early_large_only,0.0,0.0,0
baseline,0.0125,720575940620402345,later_large_only,0.0,0.0,0
baseline,0.0125,720575940620402345,other_active,0.0,0.0,0
baseline,0.0125,720575940620402345,silent_all,0.0,0.0,0
baseline,0.0125,720575940612435685,input,0.0,0.0,0
baseline,0.0125,720575940612435685,early_large_only,0.0,0.0,0
baseline,0.0125,720575940612435685,later_large_only,0.0,0.0,0
baseline,0.0125,720575940612435685,other_active,0.0,0.0,0
baseline,0.0125,720575940612435685,silent_all,0.0,0.0,0
baseline,0.0125,720575940626199429,input,0.0,0.0,0
baseline,0.0125,720575940626199429,early_large_only,0.0,0.0,0
baseline,0.0125,720575940626199429,later_large_only,0.0,0.0,0
baseline,0.0125,720575940626199429,other_active,0.0,0.0,0
baseline,0.0125,720575940626199429,silent_all,0.0,0.0,0
baseline,0.0125,720575940613157329,input,0.0,0.0,0
baseline,0.0125,720575940613157329,early_large_only,0.0,0.0,0
baseline,0.0125,720575940613157329,later_large_only,0.0,0.0,0
baseline,0.0125,720575940613157329,other_active,0.0,0.0,0
baseline,0.0125,720575940613157329,silent_all,0.0,0.0,0
baseline,0.0125,720575940639556467,input,0.0,0.0,0
baseline,0.0125,720575940639556467,early_large_only,0.0,0.0,0
baseline,0.0125,720575940639556467,later_large_only,0.0,0.0,0
baseline,0.0125,720575940639556467,other_active,0.0,0.0,0
baseline,0.0125,720575940639556467,silent_all,0.0,0.0,0
baseline,0.0125,720575940619954598,input,0.0,0.0,0
baseline,0.0125,720575940619954598,early_large_only,0.0,0.0,0
baseline,0.0125,720575940619954598,later_large_only,0.0,0.0,0
baseline,0.0125,720575940619954598,other_active,0.0,0.0,0
baseline,0.0125,720575940619954598,silent_all,0.0,0.0,0
baseline,0.0125,720575940621277445,input,0.0,0.0,0
baseline,0.0125,720575940621277445,early_large_only,0.0,0.0,0
baseline,0.0125,720575940621277445,later_large_only,0.0,0.0,0
baseline,0.0125,720575940621277445,other_active,0.0,0.0,0
baseline,0.0125,720575940621277445,silent_all,0.0,0.0,0
baseline,0.0125,720575940611985265,input,0.0,0.0,0
baseline,0.0125,720575940611985265,early_large_only,0.0,0.0,0
baseline,0.0125,720575940611985265,later_large_only,0.0,0.0,0
baseline,0.0125,720575940611985265,other_active,0.0,-0.7920000000000001,1
baseline,0.0125,720575940611985265,silent_all,0.0,0.0,0
baseline,0.0125,720575940623703757,input,0.0,0.0,0
baseline,0.0125,720575940623703757,early_large_only,0.0,0.0,0
baseline,0.0125,720575940623703757,later_large_only,0.0,0.0,0
baseline,0.0125,720575940623703757,other_active,0.0,-0.528,2
baseline,0.0125,720575940623703757,silent_all,0.0,0.0,0
baseline,0.0125,720575940642193549,input,0.0,0.0,0
baseline,0.0125,720575940642193549,early_large_only,0.0,0.0,0
baseline,0.0125,720575940642193549,later_large_only,0.0,0.0,0
baseline,0.0125,720575940642193549,other_active,0.0,0.0,0
baseline,0.0125,720575940642193549,silent_all,0.0,0.0,0
baseline,0.0125,720575940641560205,input,0.0,0.0,0
baseline,0.0125,720575940641560205,early_large_only,0.0,0.0,0
baseline,0.0125,720575940641560205,later_large_only,0.0,0.0,0
baseline,0.0125,720575940641560205,other_active,0.0,0.0,0
baseline,0.0125,720575940641560205,silent_all,0.0,0.0,0
baseline,0.0125,720575940622770410,input,0.0,0.0,0
baseline,0.0125,720575940622770410,early_large_only,0.0,0.0,0
baseline,0.0125,720575940622770410,later_large_only,0.0,0.0,0
baseline,0.0125,720575940622770410,other_active,0.0,0.0,0
baseline,0.0125,720575940622770410,silent_all,0.0,0.0,0
baseline,0.0125,720575940630523407,input,0.0,0.0,0
baseline,0.0125,720575940630523407,early_large_only,0.0,0.0,0
baseline,0.0125,720575940630523407,later_large_only,0.0,0.0,0
baseline,0.0125,720575940630523407,other_active,0.0,0.0,0
baseline,0.0125,720575940630523407,silent_all,0.0,0.0,0
baseline,0.0125,720575940626567178,input,0.0,0.0,0
baseline,0.0125,720575940626567178,early_large_only,0.0,0.0,0
baseline,0.0125,720575940626567178,later_large_only,0.0,0.0,0
baseline,0.0125,720575940626567178,other_active,0.0,0.0,0
baseline,0.0125,720575940626567178,silent_all,0.0,0.0,0
baseline,0.0125,720575940631107139,input,0.0,0.0,0
baseline,0.0125,720575940631107139,early_large_only,0.0,0.0,0
baseline,0.0125,720575940631107139,later_large_only,0.0,0.0,0
baseline,0.0125,720575940631107139,other_active,0.0,0.0,0
baseline,0.0125,720575940631107139,silent_all,0.0,0.0,0
baseline,0.0125,720575940610562969,input,0.0,0.0,0
baseline,0.0125,720575940610562969,early_large_only,0.0,0.0,0
baseline,0.0125,720575940610562969,later_large_only,0.0,0.0,0
baseline,0.0125,720575940610562969,other_active,0.0,0.0,0
baseline,0.0125,720575940610562969,silent_all,0.0,0.0,0
baseline,0.0125,720575940630765253,input,0.0,0.0,0
baseline,0.0125,720575940630765253,early_large_only,0.0,0.0,0
baseline,0.0125,720575940630765253,later_large_only,0.0,0.0,0
baseline,0.0125,720575940630765253,other_active,0.0,0.0,0
baseline,0.0125,720575940630765253,silent_all,0.0,0.0,0
baseline,0.0125,720575940617786525,input,0.0,0.0,0
baseline,0.0125,720575940617786525,early_large_only,0.0,0.0,0
baseline,0.0125,720575940617786525,later_large_only,0.0,0.0,0
baseline,0.0125,720575940617786525,other_active,0.0,0.0,0
baseline,0.0125,720575940617786525,silent_all,0.0,0.0,0
baseline,0.0125,720575940630622250,input,0.0,0.0,0
baseline,0.0125,720575940630622250,early_large_only,0.0,0.0,0
baseline,0.0125,720575940630622250,later_large_only,0.0,0.0,0
baseline,0.0125,720575940630622250,other_active,0.0,0.0,0
baseline,0.0125,720575940630622250,silent_all,0.0,0.0,0
baseline,0.0125,720575940631997101,input,0.0,0.0,0
baseline,0.0125,720575940631997101,early_large_only,0.0,0.0,0
baseline,0.0125,720575940631997101,later_large_only,0.0,0.0,0
baseline,0.0125,720575940631997101,other_active,0.0,0.0,0
baseline,0.0125,720575940631997101,silent_all,0.0,0.0,0
baseline,0.0125,720575940617493460,input,0.0,0.0,0
baseline,0.0125,720575940617493460,early_large_only,0.0,0.0,0
baseline,0.0125,720575940617493460,later_large_only,0.0,0.0,0
baseline,0.0125,720575940617493460,other_active,0.0,0.0,0
baseline,0.0125,720575940617493460,silent_all,0.0,0.0,0
baseline,0.0125,720575940610647416,input,0.0,0.0,0
baseline,0.0125,720575940610647416,early_large_only,0.0,0.0,0
baseline,0.0125,720575940610647416,later_large_only,0.0,0.0,0
baseline,0.0125,720575940610647416,other_active,0.0,0.0,0
baseline,0.0125,720575940610647416,silent_all,0.0,0.0,0
baseline,0.0125,720575940626034777,input,0.0,0.0,0
baseline,0.0125,720575940626034777,early_large_only,0.0,0.0,0
baseline,0.0125,720575940626034777,later_large_only,0.0,0.0,0
baseline,0.0125,720575940626034777,other_active,0.0,0.0,0
baseline,0.0125,720575940626034777,silent_all,0.0,0.0,0
baseline,0.0125,720575940620769133,input,0.0,0.0,0
baseline,0.0125,720575940620769133,early_large_only,0.0,0.0,0
baseline,0.0125,720575940620769133,later_large_only,0.0,0.0,0
baseline,0.0125,720575940620769133,other_active,0.0,0.0,0
baseline,0.0125,720575940620769133,silent_all,0.0,0.0,0
baseline,0.0125,720575940632118343,input,0.0,0.0,0
baseline,0.0125,720575940632118343,early_large_only,0.0,0.0,0
baseline,0.0125,720575940632118343,later_large_only,0.0,0.0,0
baseline,0.0125,720575940632118343,other_active,0.0,0.0,0
baseline,0.0125,720575940632118343,silent_all,0.0,0.0,0
baseline,0.0125,720575940623460622,input,0.0,0.0,0
baseline,0.0125,720575940623460622,early_large_only,0.0,0.0,0
baseline,0.0125,720575940623460622,later_large_only,0.0,0.0,0
baseline,0.0125,720575940623460622,other_active,0.0,0.0,0
baseline,0.0125,720575940623460622,silent_all,0.0,0.0,0
baseline,0.0125,720575940630354169,input,0.0,0.0,0
baseline,0.0125,720575940630354169,early_large_only,0.0,0.0,0
baseline,0.0125,720575940630354169,later_large_only,0.0,0.0,0
baseline,0.0125,720575940630354169,other_active,0.0,0.0,0
baseline,0.0125,720575940630354169,silent_all,0.0,0.0,0
baseline,0.0125,720575940628716926,input,0.0,0.0,0
baseline,0.0125,720575940628716926,early_large_only,0.0,0.0,0
baseline,0.0125,720575940628716926,later_large_only,0.0,0.0,0
baseline,0.0125,720575940628716926,other_active,0.0,0.0,0
baseline,0.0125,720575940628716926,silent_all,0.0,0.0,0
baseline,0.0125,720575940606112457,input,0.0,0.0,0
baseline,0.0125,720575940606112457,early_large_only,0.0,0.0,0
baseline,0.0125,720575940606112457,later_large_only,0.0,0.0,0
baseline,0.0125,720575940606112457,other_active,0.66,-0.264,3
baseline,0.0125,720575940606112457,silent_all,0.0,0.0,0
baseline,0.0125,720575940630600775,input,0.0,0.0,0
baseline,0.0125,720575940630600775,early_large_only,0.0,0.0,0
baseline,0.0125,720575940630600775,later_large_only,0.0,0.0,0
baseline,0.0125,720575940630600775,other_active,0.0,0.0,0
baseline,0.0125,720575940630600775,silent_all,0.0,0.0,0
baseline,0.0125,720575940620018964,input,0.0,0.0,0
baseline,0.0125,720575940620018964,early_large_only,0.0,0.0,0
baseline,0.0125,720575940620018964,later_large_only,0.0,0.0,0
baseline,0.0125,720575940620018964,other_active,0.0,0.0,0
baseline,0.0125,720575940620018964,silent_all,0.0,0.0,0
baseline,0.0125,720575940638650483,input,0.0,0.0,0
baseline,0.0125,720575940638650483,early_large_only,0.0,0.0,0
baseline,0.0125,720575940638650483,later_large_only,0.0,0.0,0
baseline,0.0125,720575940638650483,other_active,0.0,0.0,0
baseline,0.0125,720575940638650483,silent_all,0.0,0.0,0
baseline,0.0125,720575940620689517,input,0.0,0.0,0
baseline,0.0125,720575940620689517,early_large_only,0.0,0.0,0
baseline,0.0125,720575940620689517,later_large_only,0.0,0.0,0
baseline,0.0125,720575940620689517,other_active,0.0,0.0,0
baseline,0.0125,720575940620689517,silent_all,0.0,0.0,0
baseline,0.0125,720575940624058516,input,0.0,0.0,0
baseline,0.0125,720575940624058516,early_large_only,0.0,0.0,0
baseline,0.0125,720575940624058516,later_large_only,0.0,0.0,0
baseline,0.0125,720575940624058516,other_active,0.0,0.0,0
baseline,0.0125,720575940624058516,silent_all,0.0,0.0,0
baseline,0.0125,720575940614206866,input,0.0,0.0,0
baseline,0.0125,720575940614206866,early_large_only,0.0,0.0,0
baseline,0.0125,720575940614206866,later_large_only,0.0,0.0,0
baseline,0.0125,720575940614206866,other_active,0.0,0.0,0
baseline,0.0125,720575940614206866,silent_all,0.0,0.0,0
baseline,0.0125,720575940623059443,input,0.0,0.0,0
baseline,0.0125,720575940623059443,early_large_only,0.0,0.0,0
baseline,0.0125,720575940623059443,later_large_only,0.0,0.0,0
baseline,0.0125,720575940623059443,other_active,0.0,0.0,0
baseline,0.0125,720575940623059443,silent_all,0.0,0.0,0
baseline,0.0125,720575940623650823,input,0.0,0.0,0
baseline,0.0125,720575940623650823,early_large_only,0.0,0.0,0
baseline,0.0125,720575940623650823,later_large_only,0.0,0.0,0
baseline,0.0125,720575940623650823,other_active,0.0,0.0,0
baseline,0.0125,720575940623650823,silent_all,0.0,0.0,0
baseline,0.0125,720575940625479426,input,0.0,0.0,0
baseline,0.0125,720575940625479426,early_large_only,0.0,0.0,0
baseline,0.0125,720575940625479426,later_large_only,0.0,0.0,0
baseline,0.0125,720575940625479426,other_active,0.0,0.0,0
baseline,0.0125,720575940625479426,silent_all,0.0,0.0,0
baseline,0.0125,720575940614067921,input,0.0,0.0,0
baseline,0.0125,720575940614067921,early_large_only,0.0,0.0,0
baseline,0.0125,720575940614067921,later_large_only,0.0,0.0,0
baseline,0.0125,720575940614067921,other_active,0.0,0.0,0
baseline,0.0125,720575940614067921,silent_all,0.0,0.0,0
baseline,0.0125,720575940622515165,input,0.0,0.0,0
baseline,0.0125,720575940622515165,early_large_only,0.0,0.0,0
baseline,0.0125,720575940622515165,later_large_only,0.0,0.0,0
baseline,0.0125,720575940622515165,other_active,0.0,0.0,0
baseline,0.0125,720575940622515165,silent_all,0.0,0.0,0
baseline,0.0125,720575940614159010,input,0.0,0.0,0
baseline,0.0125,720575940614159010,early_large_only,0.0,0.0,0
baseline,0.0125,720575940614159010,later_large_only,0.0,0.0,0
baseline,0.0125,720575940614159010,other_active,0.0,0.0,0
baseline,0.0125,720575940614159010,silent_all,0.0,0.0,0
baseline,0.0125,720575940629050234,input,0.0,0.0,0
baseline,0.0125,720575940629050234,early_large_only,0.0,0.0,0
baseline,0.0125,720575940629050234,later_large_only,0.0,0.0,0
baseline,0.0125,720575940629050234,other_active,0.0,0.0,0
baseline,0.0125,720575940629050234,silent_all,0.0,0.0,0
baseline,0.0125,720575940647328900,input,0.0,0.0,0
baseline,0.0125,720575940647328900,early_large_only,0.0,0.0,0
baseline,0.0125,720575940647328900,later_large_only,0.0,0.0,0
baseline,0.0125,720575940647328900,other_active,0.0,0.0,0
baseline,0.0125,720575940647328900,silent_all,0.0,0.0,0
baseline,0.0125,720575940617577702,input,0.0,0.0,0
baseline,0.0125,720575940617577702,early_large_only,0.0,0.0,0
baseline,0.0125,720575940617577702,later_large_only,0.0,0.0,0
baseline,0.0125,720575940617577702,other_active,0.0,0.0,0
baseline,0.0125,720575940617577702,silent_all,0.0,0.0,0
baseline,0.0125,720575940618130625,input,0.0,0.0,0
baseline,0.0125,720575940618130625,early_large_only,0.0,0.0,0
baseline,0.0125,720575940618130625,later_large_only,0.0,0.0,0
baseline,0.0125,720575940618130625,other_active,0.0,0.0,0
baseline,0.0125,720575940618130625,silent_all,0.0,0.0,0
baseline,0.0125,720575940617100985,input,0.0,0.0,0
baseline,0.0125,720575940617100985,early_large_only,0.0,0.0,0
baseline,0.0125,720575940617100985,later_large_only,0.0,0.0,0
baseline,0.0125,720575940617100985,other_active,0.33,-2.6400000000000006,3
baseline,0.0125,720575940617100985,silent_all,0.0,0.0,0
baseline,0.0125,720575940626524056,input,0.0,0.0,0
baseline,0.0125,720575940626524056,early_large_only,0.0,0.0,0
baseline,0.0125,720575940626524056,later_large_only,0.0,0.0,0
baseline,0.0125,720575940626524056,other_active,0.0,0.0,0
baseline,0.0125,720575940626524056,silent_all,0.0,0.0,0
baseline,0.0125,720575940647380356,input,0.0,0.0,0
baseline,0.0125,720575940647380356,early_large_only,0.0,0.0,0
baseline,0.0125,720575940647380356,later_large_only,0.0,0.0,0
baseline,0.0125,720575940647380356,other_active,0.0,0.0,0
baseline,0.0125,720575940647380356,silent_all,0.0,0.0,0
baseline,0.0125,720575940635776101,input,0.0,0.0,0
baseline,0.0125,720575940635776101,early_large_only,0.0,0.0,0
baseline,0.0125,720575940635776101,later_large_only,0.0,0.0,0
baseline,0.0125,720575940635776101,other_active,0.0,0.0,0
baseline,0.0125,720575940635776101,silent_all,0.0,0.0,0
baseline,0.0125,720575940617573922,input,0.0,0.0,0
baseline,0.0125,720575940617573922,early_large_only,0.0,0.0,0
baseline,0.0125,720575940617573922,later_large_only,0.0,0.0,0
baseline,0.0125,720575940617573922,other_active,0.0,0.0,0
baseline,0.0125,720575940617573922,silent_all,0.0,0.0,0
baseline,0.0125,720575940627635441,input,0.0,0.0,0
baseline,0.0125,720575940627635441,early_large_only,0.0,0.0,0
baseline,0.0125,720575940627635441,later_large_only,0.0,0.0,0
baseline,0.0125,720575940627635441,other_active,0.0,0.0,0
baseline,0.0125,720575940627635441,silent_all,0.0,0.0,0
baseline,0.0125,720575940610536494,input,0.0,0.0,0
baseline,0.0125,720575940610536494,early_large_only,0.0,0.0,0
baseline,0.0125,720575940610536494,later_large_only,0.0,0.0,0
baseline,0.0125,720575940610536494,other_active,0.0,0.0,0
baseline,0.0125,720575940610536494,silent_all,0.0,0.0,0
baseline,0.0125,720575940619736523,input,0.0,0.0,0
baseline,0.0125,720575940619736523,early_large_only,0.0,0.0,0
baseline,0.0125,720575940619736523,later_large_only,0.0,0.0,0
baseline,0.0125,720575940619736523,other_active,0.0,0.0,0
baseline,0.0125,720575940619736523,silent_all,0.0,0.0,0
baseline,0.0125,720575940642897293,input,0.0,0.0,0
baseline,0.0125,720575940642897293,early_large_only,0.0,0.0,0
baseline,0.0125,720575940642897293,later_large_only,0.0,0.0,0
baseline,0.0125,720575940642897293,other_active,0.0,0.0,0
baseline,0.0125,720575940642897293,silent_all,0.0,0.0,0
baseline,0.0125,720575940628694019,input,0.0,0.0,0
baseline,0.0125,720575940628694019,early_large_only,0.0,0.0,0
baseline,0.0125,720575940628694019,later_large_only,0.0,0.0,0
baseline,0.0125,720575940628694019,other_active,0.0,-12.408000000000001,3
baseline,0.0125,720575940628694019,silent_all,0.0,0.0,0
baseline,0.0125,720575940629909751,input,0.0,0.0,0
baseline,0.0125,720575940629909751,early_large_only,0.0,0.0,0
baseline,0.0125,720575940629909751,later_large_only,0.0,0.0,0
baseline,0.0125,720575940629909751,other_active,0.0,0.0,0
baseline,0.0125,720575940629909751,silent_all,0.0,0.0,0
baseline,0.0125,720575940620777382,input,0.0,0.0,0
baseline,0.0125,720575940620777382,early_large_only,0.0,0.0,0
baseline,0.0125,720575940620777382,later_large_only,0.0,0.0,0
baseline,0.0125,720575940620777382,other_active,0.0,-5.5440000000000005,4
baseline,0.0125,720575940620777382,silent_all,0.0,0.0,0
baseline,0.0125,720575940610167665,input,0.0,0.0,0
baseline,0.0125,720575940610167665,early_large_only,0.0,0.0,0
baseline,0.0125,720575940610167665,later_large_only,0.0,0.0,0
baseline,0.0125,720575940610167665,other_active,0.0,0.0,0
baseline,0.0125,720575940610167665,silent_all,0.0,0.0,0
baseline,0.0125,720575940605032550,input,0.0,0.0,0
baseline,0.0125,720575940605032550,early_large_only,0.0,0.0,0
baseline,0.0125,720575940605032550,later_large_only,0.0,0.0,0
baseline,0.0125,720575940605032550,other_active,0.0,0.0,0
baseline,0.0125,720575940605032550,silent_all,0.0,0.0,0
baseline,0.0125,720575940625766842,input,0.0,0.0,0
baseline,0.0125,720575940625766842,early_large_only,0.0,0.0,0
baseline,0.0125,720575940625766842,later_large_only,0.0,0.0,0
baseline,0.0125,720575940625766842,other_active,0.0,0.0,0
baseline,0.0125,720575940625766842,silent_all,0.0,0.0,0
baseline,0.0125,720575940632732845,input,0.0,0.0,0
baseline,0.0125,720575940632732845,early_large_only,0.0,0.0,0
baseline,0.0125,720575940632732845,later_large_only,0.0,0.0,0
baseline,0.0125,720575940632732845,other_active,0.0,0.0,0
baseline,0.0125,720575940632732845,silent_all,0.0,0.0,0
baseline,0.0125,720575940634480820,input,0.0,0.0,0
baseline,0.0125,720575940634480820,early_large_only,0.0,0.0,0
baseline,0.0125,720575940634480820,later_large_only,0.0,0.0,0
baseline,0.0125,720575940634480820,other_active,0.0,0.0,0
baseline,0.0125,720575940634480820,silent_all,0.0,0.0,0
baseline,0.0125,720575940619571009,input,0.0,0.0,0
baseline,0.0125,720575940619571009,early_large_only,0.0,0.0,0
baseline,0.0125,720575940619571009,later_large_only,0.0,0.0,0
baseline,0.0125,720575940619571009,other_active,0.0,0.0,0
baseline,0.0125,720575940619571009,silent_all,0.0,0.0,0
baseline,0.0125,720575940628050950,input,0.0,0.0,0
baseline,0.0125,720575940628050950,early_large_only,0.0,0.0,0
baseline,0.0125,720575940628050950,later_large_only,0.0,0.0,0
baseline,0.0125,720575940628050950,other_active,0.0,0.0,0
baseline,0.0125,720575940628050950,silent_all,0.0,0.0,0
baseline,0.0125,720575940626323486,input,0.0,0.0,0
baseline,0.0125,720575940626323486,early_large_only,0.0,0.0,0
baseline,0.0125,720575940626323486,later_large_only,0.0,0.0,0
baseline,0.0125,720575940626323486,other_active,0.0,0.0,0
baseline,0.0125,720575940626323486,silent_all,0.0,0.0,0
baseline,0.0125,720575940659773313,input,0.0,0.0,0
baseline,0.0125,720575940659773313,early_large_only,0.0,0.0,0
baseline,0.0125,720575940659773313,later_large_only,0.0,0.0,0
baseline,0.0125,720575940659773313,other_active,0.0,0.0,0
baseline,0.0125,720575940659773313,silent_all,0.0,0.0,0
baseline,0.0125,720575940625498512,input,0.0,0.0,0
baseline,0.0125,720575940625498512,early_large_only,0.0,0.0,0
baseline,0.0125,720575940625498512,later_large_only,0.0,0.0,0
baseline,0.0125,720575940625498512,other_active,0.0,0.0,0
baseline,0.0125,720575940625498512,silent_all,0.0,0.0,0
baseline,0.0125,720575940626705937,input,0.0,0.0,0
baseline,0.0125,720575940626705937,early_large_only,0.0,0.0,0
baseline,0.0125,720575940626705937,later_large_only,0.0,0.0,0
baseline,0.0125,720575940626705937,other_active,0.0,0.0,0
baseline,0.0125,720575940626705937,silent_all,0.0,0.0,0
baseline,0.0125,720575940615763573,input,0.0,0.0,0
baseline,0.0125,720575940615763573,early_large_only,0.0,0.0,0
baseline,0.0125,720575940615763573,later_large_only,0.0,0.0,0
baseline,0.0125,720575940615763573,other_active,0.0,0.0,0
baseline,0.0125,720575940615763573,silent_all,0.0,0.0,0
baseline,0.0125,720575940637711686,input,0.0,0.0,0
baseline,0.0125,720575940637711686,early_large_only,0.0,0.0,0
baseline,0.0125,720575940637711686,later_large_only,0.0,0.0,0
baseline,0.0125,720575940637711686,other_active,0.0,-3.168,2
baseline,0.0125,720575940637711686,silent_all,0.0,0.0,0
baseline,0.0125,720575940635146848,input,0.0,0.0,0
baseline,0.0125,720575940635146848,early_large_only,0.0,0.0,0
baseline,0.0125,720575940635146848,later_large_only,0.0,0.0,0
baseline,0.0125,720575940635146848,other_active,0.0,-3.6960000000000006,1
baseline,0.0125,720575940635146848,silent_all,0.0,0.0,0
baseline,0.0125,720575940630040438,input,0.0,0.0,0
baseline,0.0125,720575940630040438,early_large_only,0.0,0.0,0
baseline,0.0125,720575940630040438,later_large_only,0.0,0.0,0
baseline,0.0125,720575940630040438,other_active,0.66,-2.112,3
baseline,0.0125,720575940630040438,silent_all,0.0,0.0,0
baseline,0.0125,720575940622018217,input,0.0,0.0,0
baseline,0.0125,720575940622018217,early_large_only,0.0,0.0,0
baseline,0.0125,720575940622018217,later_large_only,0.0,0.0,0
baseline,0.0125,720575940622018217,other_active,0.0,0.0,0
baseline,0.0125,720575940622018217,silent_all,0.0,0.0,0
baseline,0.0125,720575940619401296,input,0.0,0.0,0
baseline,0.0125,720575940619401296,early_large_only,0.0,0.0,0
baseline,0.0125,720575940619401296,later_large_only,0.0,0.0,0
baseline,0.0125,720575940619401296,other_active,0.0,0.0,0
baseline,0.0125,720575940619401296,silent_all,0.0,0.0,0
baseline,0.0125,720575940623525770,input,0.0,0.0,0
baseline,0.0125,720575940623525770,early_large_only,0.0,0.0,0
baseline,0.0125,720575940623525770,later_large_only,0.0,0.0,0
baseline,0.0125,720575940623525770,other_active,0.0,0.0,0
baseline,0.0125,720575940623525770,silent_all,0.0,0.0,0
baseline,0.0125,720575940628697538,input,0.0,0.0,0
baseline,0.0125,720575940628697538,early_large_only,0.0,0.0,0
baseline,0.0125,720575940628697538,later_large_only,0.0,0.0,0
baseline,0.0125,720575940628697538,other_active,0.0,0.0,0
baseline,0.0125,720575940628697538,silent_all,0.0,0.0,0
baseline,0.0125,720575940613973555,input,0.0,0.0,0
baseline,0.0125,720575940613973555,early_large_only,0.0,0.0,0
baseline,0.0125,720575940613973555,later_large_only,0.0,0.0,0
baseline,0.0125,720575940613973555,other_active,0.0,0.0,0
baseline,0.0125,720575940613973555,silent_all,0.0,0.0,0
baseline,0.0125,720575940611606490,input,0.0,0.0,0
baseline,0.0125,720575940611606490,early_large_only,0.0,0.0,0
baseline,0.0125,720575940611606490,later_large_only,0.0,0.0,0
baseline,0.0125,720575940611606490,other_active,0.0,0.0,0
baseline,0.0125,720575940611606490,silent_all,0.0,0.0,0
baseline,0.0125,720575940630190411,input,0.0,0.0,0
baseline,0.0125,720575940630190411,early_large_only,0.0,0.0,0
baseline,0.0125,720575940630190411,later_large_only,0.0,0.0,0
baseline,0.0125,720575940630190411,other_active,0.0,0.0,0
baseline,0.0125,720575940630190411,silent_all,0.0,0.0,0
baseline,0.0125,720575940646415907,input,0.0,0.0,0
baseline,0.0125,720575940646415907,early_large_only,0.0,0.0,0
baseline,0.0125,720575940646415907,later_large_only,0.0,0.0,0
baseline,0.0125,720575940646415907,other_active,0.0,0.0,0
baseline,0.0125,720575940646415907,silent_all,0.0,0.0,0
baseline,0.0125,720575940614441834,input,0.0,0.0,0
baseline,0.0125,720575940614441834,early_large_only,0.0,0.0,0
baseline,0.0125,720575940614441834,later_large_only,0.0,0.0,0
baseline,0.0125,720575940614441834,other_active,0.0,0.0,0
baseline,0.0125,720575940614441834,silent_all,0.0,0.0,0
baseline,0.0125,720575940629830700,input,0.0,0.0,0
baseline,0.0125,720575940629830700,early_large_only,0.0,0.0,0
baseline,0.0125,720575940629830700,later_large_only,0.0,0.0,0
baseline,0.0125,720575940629830700,other_active,0.0,0.0,0
baseline,0.0125,720575940629830700,silent_all,0.0,0.0,0
baseline,0.0125,720575940612549799,input,0.0,0.0,0
baseline,0.0125,720575940612549799,early_large_only,0.0,0.0,0
baseline,0.0125,720575940612549799,later_large_only,0.0,0.0,0
baseline,0.0125,720575940612549799,other_active,0.0,0.0,0
baseline,0.0125,720575940612549799,silent_all,0.0,0.0,0
baseline,0.0125,720575940631989841,input,0.0,0.0,0
baseline,0.0125,720575940631989841,early_large_only,0.0,0.0,0
baseline,0.0125,720575940631989841,later_large_only,0.0,0.0,0
baseline,0.0125,720575940631989841,other_active,0.0,0.0,0
baseline,0.0125,720575940631989841,silent_all,0.0,0.0,0
baseline,0.0125,720575940625768394,input,0.0,0.0,0
baseline,0.0125,720575940625768394,early_large_only,0.0,0.0,0
baseline,0.0125,720575940625768394,later_large_only,0.0,0.0,0
baseline,0.0125,720575940625768394,other_active,0.0,0.0,0
baseline,0.0125,720575940625768394,silent_all,0.0,0.0,0
baseline,0.0125,720575940628118159,input,0.0,0.0,0
baseline,0.0125,720575940628118159,early_large_only,0.0,0.0,0
baseline,0.0125,720575940628118159,later_large_only,0.0,0.0,0
baseline,0.0125,720575940628118159,other_active,0.0,0.0,0
baseline,0.0125,720575940628118159,silent_all,0.0,0.0,0
baseline,0.0125,720575940632804435,input,0.0,0.0,0
baseline,0.0125,720575940632804435,early_large_only,0.0,0.0,0
baseline,0.0125,720575940632804435,later_large_only,0.0,0.0,0
baseline,0.0125,720575940632804435,other_active,0.0,0.0,0
baseline,0.0125,720575940632804435,silent_all,0.0,0.0,0
baseline,0.0125,720575940612395178,input,0.0,0.0,0
baseline,0.0125,720575940612395178,early_large_only,0.0,0.0,0
baseline,0.0125,720575940612395178,later_large_only,0.0,0.0,0
baseline,0.0125,720575940612395178,other_active,0.0,0.0,0
baseline,0.0125,720575940612395178,silent_all,0.0,0.0,0
baseline,0.0125,720575940620904319,input,0.0,0.0,0
baseline,0.0125,720575940620904319,early_large_only,0.0,0.0,0
baseline,0.0125,720575940620904319,later_large_only,0.0,0.0,0
baseline,0.0125,720575940620904319,other_active,0.0,0.0,0
baseline,0.0125,720575940620904319,silent_all,0.0,0.0,0
baseline,0.0125,720575940608336907,input,0.0,0.0,0
baseline,0.0125,720575940608336907,early_large_only,0.0,0.0,0
baseline,0.0125,720575940608336907,later_large_only,0.0,0.0,0
baseline,0.0125,720575940608336907,other_active,0.0,0.0,0
baseline,0.0125,720575940608336907,silent_all,0.0,0.0,0
baseline,0.0125,720575940620759841,input,0.0,0.0,0
baseline,0.0125,720575940620759841,early_large_only,0.0,0.0,0
baseline,0.0125,720575940620759841,later_large_only,0.0,0.0,0
baseline,0.0125,720575940620759841,other_active,0.0,-3.4320000000000004,3
baseline,0.0125,720575940620759841,silent_all,0.0,0.0,0
baseline,0.0125,720575940625054906,input,0.0,0.0,0
baseline,0.0125,720575940625054906,early_large_only,0.0,0.0,0
baseline,0.0125,720575940625054906,later_large_only,0.0,0.0,0
baseline,0.0125,720575940625054906,other_active,0.0,-3.4320000000000004,2
baseline,0.0125,720575940625054906,silent_all,0.0,0.0,0
baseline,0.0125,720575940621503220,input,0.0,0.0,0
baseline,0.0125,720575940621503220,early_large_only,0.0,0.0,0
baseline,0.0125,720575940621503220,later_large_only,0.0,0.0,0
baseline,0.0125,720575940621503220,other_active,0.0,0.0,0
baseline,0.0125,720575940621503220,silent_all,0.0,0.0,0
baseline,0.0125,720575940627374598,input,0.0,0.0,0
baseline,0.0125,720575940627374598,early_large_only,0.0,0.0,0
baseline,0.0125,720575940627374598,later_large_only,0.0,0.0,0
baseline,0.0125,720575940627374598,other_active,0.0,-4.752000000000001,2
baseline,0.0125,720575940627374598,silent_all,0.0,0.0,0
baseline,0.0125,720575940622855629,input,0.0,0.0,0
baseline,0.0125,720575940622855629,early_large_only,0.0,0.0,0
baseline,0.0125,720575940622855629,later_large_only,0.0,0.0,0
baseline,0.0125,720575940622855629,other_active,0.0,0.0,0
baseline,0.0125,720575940622855629,silent_all,0.0,0.0,0
baseline,0.0125,720575940636488805,input,0.0,0.0,0
baseline,0.0125,720575940636488805,early_large_only,0.0,0.0,0
baseline,0.0125,720575940636488805,later_large_only,0.0,0.0,0
baseline,0.0125,720575940636488805,other_active,0.0,0.0,0
baseline,0.0125,720575940636488805,silent_all,0.0,0.0,0
baseline,0.0125,720575940607447491,input,0.0,0.0,0
baseline,0.0125,720575940607447491,early_large_only,0.0,0.0,0
baseline,0.0125,720575940607447491,later_large_only,0.0,0.0,0
baseline,0.0125,720575940607447491,other_active,0.0,0.0,0
baseline,0.0125,720575940607447491,silent_all,0.0,0.0,0
baseline,0.0125,720575940617691170,input,0.0,0.0,0
baseline,0.0125,720575940617691170,early_large_only,0.0,0.0,0
baseline,0.0125,720575940617691170,later_large_only,0.0,0.0,0
baseline,0.0125,720575940617691170,other_active,0.33,0.0,1
baseline,0.0125,720575940617691170,silent_all,0.0,0.0,0
baseline,0.0125,720575940630046524,input,0.0,0.0,0
baseline,0.0125,720575940630046524,early_large_only,0.0,0.0,0
baseline,0.0125,720575940630046524,later_large_only,0.0,0.0,0
baseline,0.0125,720575940630046524,other_active,0.0,0.0,0
baseline,0.0125,720575940630046524,silent_all,0.0,0.0,0
baseline,0.0125,720575940621030320,input,0.0,0.0,0
baseline,0.0125,720575940621030320,early_large_only,0.0,0.0,0
baseline,0.0125,720575940621030320,later_large_only,0.0,0.0,0
baseline,0.0125,720575940621030320,other_active,0.0,0.0,0
baseline,0.0125,720575940621030320,silent_all,0.0,0.0,0
baseline,0.0125,720575940625649214,input,0.0,0.0,0
baseline,0.0125,720575940625649214,early_large_only,0.0,0.0,0
baseline,0.0125,720575940625649214,later_large_only,0.0,0.0,0
baseline,0.0125,720575940625649214,other_active,0.0,0.0,0
baseline,0.0125,720575940625649214,silent_all,0.0,0.0,0
baseline,0.0125,720575940621347254,input,0.0,0.0,0
baseline,0.0125,720575940621347254,early_large_only,0.0,0.0,0
baseline,0.0125,720575940621347254,later_large_only,0.0,0.0,0
baseline,0.0125,720575940621347254,other_active,0.0,0.0,0
baseline,0.0125,720575940621347254,silent_all,0.0,0.0,0
baseline,0.0125,720575940624928956,input,0.0,0.0,0
baseline,0.0125,720575940624928956,early_large_only,0.0,0.0,0
baseline,0.0125,720575940624928956,later_large_only,0.0,0.0,0
baseline,0.0125,720575940624928956,other_active,0.0,0.0,0
baseline,0.0125,720575940624928956,silent_all,0.0,0.0,0
baseline,0.0125,720575940627109202,input,0.0,0.0,0
baseline,0.0125,720575940627109202,early_large_only,0.0,0.0,0
baseline,0.0125,720575940627109202,later_large_only,0.0,0.0,0
baseline,0.0125,720575940627109202,other_active,0.0,0.0,0
baseline,0.0125,720575940627109202,silent_all,0.0,0.0,0
baseline,0.0125,720575940613594783,input,0.0,0.0,0
baseline,0.0125,720575940613594783,early_large_only,0.0,0.0,0
baseline,0.0125,720575940613594783,later_large_only,0.0,0.0,0
baseline,0.0125,720575940613594783,other_active,0.0,0.0,0
baseline,0.0125,720575940613594783,silent_all,0.0,0.0,0
baseline,0.0125,720575940629957943,input,0.0,0.0,0
baseline,0.0125,720575940629957943,early_large_only,0.0,0.0,0
baseline,0.0125,720575940629957943,later_large_only,0.0,0.0,0
baseline,0.0125,720575940629957943,other_active,0.0,-1.5840000000000003,1
baseline,0.0125,720575940629957943,silent_all,0.0,0.0,0
baseline,0.0125,720575940621040737,input,0.0,0.0,0
baseline,0.0125,720575940621040737,early_large_only,0.0,0.0,0
baseline,0.0125,720575940621040737,later_large_only,0.0,0.0,0
baseline,0.0125,720575940621040737,other_active,0.0,0.0,0
baseline,0.0125,720575940621040737,silent_all,0.0,0.0,0
baseline,0.0125,720575940626128386,input,0.0,0.0,0
baseline,0.0125,720575940626128386,early_large_only,0.0,0.0,0
baseline,0.0125,720575940626128386,later_large_only,0.0,0.0,0
baseline,0.0125,720575940626128386,other_active,0.0,0.0,0
baseline,0.0125,720575940626128386,silent_all,0.0,0.0,0
baseline,0.0125,720575940615770369,input,0.0,0.0,0
baseline,0.0125,720575940615770369,early_large_only,0.0,0.0,0
baseline,0.0125,720575940615770369,later_large_only,0.0,0.0,0
baseline,0.0125,720575940615770369,other_active,0.0,0.0,0
baseline,0.0125,720575940615770369,silent_all,0.0,0.0,0
baseline,0.0125,720575940620205505,input,0.0,0.0,0
baseline,0.0125,720575940620205505,early_large_only,0.0,0.0,0
baseline,0.0125,720575940620205505,later_large_only,0.0,0.0,0
baseline,0.0125,720575940620205505,other_active,0.0,0.0,0
baseline,0.0125,720575940620205505,silent_all,0.0,0.0,0
baseline,0.0125,720575940619759750,input,0.0,0.0,0
baseline,0.0125,720575940619759750,early_large_only,0.0,0.0,0
baseline,0.0125,720575940619759750,later_large_only,0.0,0.0,0
baseline,0.0125,720575940619759750,other_active,0.0,0.0,0
baseline,0.0125,720575940619759750,silent_all,0.0,0.0,0
baseline,0.0125,720575940647303300,input,0.0,0.0,0
baseline,0.0125,720575940647303300,early_large_only,0.0,0.0,0
baseline,0.0125,720575940647303300,later_large_only,0.0,0.0,0
baseline,0.0125,720575940647303300,other_active,0.0,0.0,0
baseline,0.0125,720575940647303300,silent_all,0.0,0.0,0
baseline,0.0125,720575940610951634,input,0.0,0.0,0
baseline,0.0125,720575940610951634,early_large_only,0.0,0.0,0
baseline,0.0125,720575940610951634,later_large_only,0.0,0.0,0
baseline,0.0125,720575940610951634,other_active,0.0,0.0,0
baseline,0.0125,720575940610951634,silent_all,0.0,0.0,0
baseline,0.0125,720575940619486117,input,0.0,0.0,0
baseline,0.0125,720575940619486117,early_large_only,0.0,0.0,0
baseline,0.0125,720575940619486117,later_large_only,0.0,0.0,0
baseline,0.0125,720575940619486117,other_active,0.0,0.0,0
baseline,0.0125,720575940619486117,silent_all,0.0,0.0,0
baseline,0.0125,720575940620664496,input,0.0,0.0,0
baseline,0.0125,720575940620664496,early_large_only,0.0,0.0,0
baseline,0.0125,720575940620664496,later_large_only,0.0,0.0,0
baseline,0.0125,720575940620664496,other_active,0.0,-0.7920000000000001,1
baseline,0.0125,720575940620664496,silent_all,0.0,0.0,0
baseline,0.0125,720575940638204132,input,0.0,0.0,0
baseline,0.0125,720575940638204132,early_large_only,0.0,0.0,0
baseline,0.0125,720575940638204132,later_large_only,0.0,0.0,0
baseline,0.0125,720575940638204132,other_active,0.33,-10.824,9
baseline,0.0125,720575940638204132,silent_all,0.0,0.0,0
baseline,0.0125,720575940620488513,input,0.0,0.0,0
baseline,0.0125,720575940620488513,early_large_only,0.0,0.0,0
baseline,0.0125,720575940620488513,later_large_only,0.0,0.0,0
baseline,0.0125,720575940620488513,other_active,0.0,0.0,0
baseline,0.0125,720575940620488513,silent_all,0.0,0.0,0
baseline,0.0125,720575940648330105,input,0.0,0.0,0
baseline,0.0125,720575940648330105,early_large_only,0.0,0.0,0
baseline,0.0125,720575940648330105,later_large_only,0.0,0.0,0
baseline,0.0125,720575940648330105,other_active,0.0,0.0,0
baseline,0.0125,720575940648330105,silent_all,0.0,0.0,0
baseline,0.0125,720575940618270629,input,0.0,0.0,0
baseline,0.0125,720575940618270629,early_large_only,0.0,0.0,0
baseline,0.0125,720575940618270629,later_large_only,0.0,0.0,0
baseline,0.0125,720575940618270629,other_active,0.33,-0.528,3
baseline,0.0125,720575940618270629,silent_all,0.0,0.0,0
baseline,0.0125,720575940627100584,input,0.0,0.0,0
baseline,0.0125,720575940627100584,early_large_only,0.0,0.0,0
baseline,0.0125,720575940627100584,later_large_only,0.0,0.0,0
baseline,0.0125,720575940627100584,other_active,0.0,0.0,0
baseline,0.0125,720575940627100584,silent_all,0.0,0.0,0
baseline,0.0125,720575940626363529,input,0.0,0.0,0
baseline,0.0125,720575940626363529,early_large_only,0.0,0.0,0
baseline,0.0125,720575940626363529,later_large_only,0.0,0.0,0
baseline,0.0125,720575940626363529,other_active,0.0,0.0,0
baseline,0.0125,720575940626363529,silent_all,0.0,0.0,0
baseline,0.0125,720575940605583136,input,0.0,0.0,0
baseline,0.0125,720575940605583136,early_large_only,0.0,0.0,0
baseline,0.0125,720575940605583136,later_large_only,0.0,0.0,0
baseline,0.0125,720575940605583136,other_active,0.0,0.0,0
baseline,0.0125,720575940605583136,silent_all,0.0,0.0,0
baseline,0.0125,720575940633766370,input,0.0,0.0,0
baseline,0.0125,720575940633766370,early_large_only,0.0,0.0,0
baseline,0.0125,720575940633766370,later_large_only,0.0,0.0,0
baseline,0.0125,720575940633766370,other_active,3.96,-0.264,3
baseline,0.0125,720575940633766370,silent_all,0.0,0.0,0
baseline,0.0125,720575940625893507,input,0.0,0.0,0
baseline,0.0125,720575940625893507,early_large_only,0.0,0.0,0
baseline,0.0125,720575940625893507,later_large_only,0.0,0.0,0
baseline,0.0125,720575940625893507,other_active,0.0,0.0,0
baseline,0.0125,720575940625893507,silent_all,0.0,0.0,0
baseline,0.0125,720575940621814049,input,0.0,0.0,0
baseline,0.0125,720575940621814049,early_large_only,0.0,0.0,0
baseline,0.0125,720575940621814049,later_large_only,0.0,0.0,0
baseline,0.0125,720575940621814049,other_active,0.0,0.0,0
baseline,0.0125,720575940621814049,silent_all,0.0,0.0,0
baseline,0.0125,720575940629702905,input,0.0,0.0,0
baseline,0.0125,720575940629702905,early_large_only,0.0,0.0,0
baseline,0.0125,720575940629702905,later_large_only,0.0,0.0,0
baseline,0.0125,720575940629702905,other_active,0.0,0.0,0
baseline,0.0125,720575940629702905,silent_all,0.0,0.0,0
baseline,0.0125,720575940651425782,input,0.0,0.0,0
baseline,0.0125,720575940651425782,early_large_only,0.0,0.0,0
baseline,0.0125,720575940651425782,later_large_only,0.0,0.0,0
baseline,0.0125,720575940651425782,other_active,0.0,0.0,0
baseline,0.0125,720575940651425782,silent_all,0.0,0.0,0
baseline,0.0125,720575940624486899,input,0.0,0.0,0
baseline,0.0125,720575940624486899,early_large_only,0.0,0.0,0
baseline,0.0125,720575940624486899,later_large_only,0.0,0.0,0
baseline,0.0125,720575940624486899,other_active,0.0,0.0,0
baseline,0.0125,720575940624486899,silent_all,0.0,0.0,0
baseline,0.0125,720575940628529155,input,0.0,0.0,0
baseline,0.0125,720575940628529155,early_large_only,0.0,0.0,0
baseline,0.0125,720575940628529155,later_large_only,0.0,0.0,0
baseline,0.0125,720575940628529155,other_active,0.0,0.0,0
baseline,0.0125,720575940628529155,silent_all,0.0,0.0,0
baseline,0.0125,720575940629969111,input,0.0,0.0,0
baseline,0.0125,720575940629969111,early_large_only,0.0,0.0,0
baseline,0.0125,720575940629969111,later_large_only,0.0,0.0,0
baseline,0.0125,720575940629969111,other_active,0.0,0.0,0
baseline,0.0125,720575940629969111,silent_all,0.0,0.0,0
baseline,0.0125,720575940621504794,input,0.0,0.0,0
baseline,0.0125,720575940621504794,early_large_only,0.0,0.0,0
baseline,0.0125,720575940621504794,later_large_only,0.0,0.0,0
baseline,0.0125,720575940621504794,other_active,0.0,0.0,0
baseline,0.0125,720575940621504794,silent_all,0.0,0.0,0
baseline,0.0125,720575940622241160,input,0.0,0.0,0
baseline,0.0125,720575940622241160,early_large_only,0.0,0.0,0
baseline,0.0125,720575940622241160,later_large_only,0.0,0.0,0
baseline,0.0125,720575940622241160,other_active,0.0,0.0,0
baseline,0.0125,720575940622241160,silent_all,0.0,0.0,0
baseline,0.0125,720575940621870886,input,0.0,0.0,0
baseline,0.0125,720575940621870886,early_large_only,0.0,0.0,0
baseline,0.0125,720575940621870886,later_large_only,0.0,0.0,0
baseline,0.0125,720575940621870886,other_active,0.0,0.0,0
baseline,0.0125,720575940621870886,silent_all,0.0,0.0,0
baseline,0.0125,720575940624470763,input,0.0,0.0,0
baseline,0.0125,720575940624470763,early_large_only,0.0,0.0,0
baseline,0.0125,720575940624470763,later_large_only,0.0,0.0,0
baseline,0.0125,720575940624470763,other_active,0.0,0.0,0
baseline,0.0125,720575940624470763,silent_all,0.0,0.0,0
baseline,0.0125,720575940625878160,input,0.0,0.0,0
baseline,0.0125,720575940625878160,early_large_only,0.0,0.0,0
baseline,0.0125,720575940625878160,later_large_only,0.0,0.0,0
baseline,0.0125,720575940625878160,other_active,1.32,-1.5840000000000003,2
baseline,0.0125,720575940625878160,silent_all,0.0,0.0,0
baseline,0.0125,720575940643701152,input,0.0,0.0,0
baseline,0.0125,720575940643701152,early_large_only,0.0,0.0,0
baseline,0.0125,720575940643701152,later_large_only,0.0,0.0,0
baseline,0.0125,720575940643701152,other_active,0.0,-0.264,1
baseline,0.0125,720575940643701152,silent_all,0.0,0.0,0
baseline,0.0125,720575940633874015,input,0.0,0.0,0
baseline,0.0125,720575940633874015,early_large_only,0.0,0.0,0
baseline,0.0125,720575940633874015,later_large_only,0.0,0.0,0
baseline,0.0125,720575940633874015,other_active,0.0,0.0,0
baseline,0.0125,720575940633874015,silent_all,0.0,0.0,0
baseline,0.0125,720575940631828307,input,0.0,0.0,0
baseline,0.0125,720575940631828307,early_large_only,0.0,0.0,0
baseline,0.0125,720575940631828307,later_large_only,0.0,0.0,0
baseline,0.0125,720575940631828307,other_active,0.0,0.0,0
baseline,0.0125,720575940631828307,silent_all,0.0,0.0,0
baseline,0.0125,720575940614383978,input,0.0,0.0,0
baseline,0.0125,720575940614383978,early_large_only,0.0,0.0,0
baseline,0.0125,720575940614383978,later_large_only,0.0,0.0,0
baseline,0.0125,720575940614383978,other_active,0.0,-0.528,1
baseline,0.0125,720575940614383978,silent_all,0.0,0.0,0
baseline,0.0125,720575940640178640,input,0.0,0.0,0
baseline,0.0125,720575940640178640,early_large_only,0.0,0.0,0
baseline,0.0125,720575940640178640,later_large_only,0.0,0.0,0
baseline,0.0125,720575940640178640,other_active,0.0,-0.528,2
baseline,0.0125,720575940640178640,silent_all,0.0,0.0,0
baseline,0.0125,720575940630135084,input,0.0,0.0,0
baseline,0.0125,720575940630135084,early_large_only,0.0,0.0,0
baseline,0.0125,720575940630135084,later_large_only,0.0,0.0,0
baseline,0.0125,720575940630135084,other_active,0.66,-18.216,10
baseline,0.0125,720575940630135084,silent_all,0.0,0.0,0
baseline,0.0125,720575940617868249,input,0.0,0.0,0
baseline,0.0125,720575940617868249,early_large_only,0.0,0.0,0
baseline,0.0125,720575940617868249,later_large_only,0.0,0.0,0
baseline,0.0125,720575940617868249,other_active,0.0,0.0,0
baseline,0.0125,720575940617868249,silent_all,0.0,0.0,0
baseline,0.0125,720575940611578225,input,0.0,0.0,0
baseline,0.0125,720575940611578225,early_large_only,0.0,0.0,0
baseline,0.0125,720575940611578225,later_large_only,0.0,0.0,0
baseline,0.0125,720575940611578225,other_active,0.0,0.0,0
baseline,0.0125,720575940611578225,silent_all,0.0,0.0,0
baseline,0.0125,720575940616471052,input,0.0,0.0,0
baseline,0.0125,720575940616471052,early_large_only,0.0,0.0,0
baseline,0.0125,720575940616471052,later_large_only,0.0,0.0,0
baseline,0.0125,720575940616471052,other_active,3.9600000000000004,-0.264,5
baseline,0.0125,720575940616471052,silent_all,0.0,0.0,0
baseline,0.0125,720575940615438402,input,0.0,0.0,0
baseline,0.0125,720575940615438402,early_large_only,0.0,0.0,0
baseline,0.0125,720575940615438402,later_large_only,0.0,0.0,0
baseline,0.0125,720575940615438402,other_active,0.0,0.0,0
baseline,0.0125,720575940615438402,silent_all,0.0,0.0,0
baseline,0.0125,720575940621467212,input,0.0,0.0,0
baseline,0.0125,720575940621467212,early_large_only,0.0,0.0,0
baseline,0.0125,720575940621467212,later_large_only,0.0,0.0,0
baseline,0.0125,720575940621467212,other_active,0.0,0.0,0
baseline,0.0125,720575940621467212,silent_all,0.0,0.0,0
baseline,0.0125,720575940630025004,input,0.0,0.0,0
baseline,0.0125,720575940630025004,early_large_only,0.0,0.0,0
baseline,0.0125,720575940630025004,later_large_only,0.0,0.0,0
baseline,0.0125,720575940630025004,other_active,0.0,0.0,0
baseline,0.0125,720575940630025004,silent_all,0.0,0.0,0
baseline,0.0125,720575940630617386,input,0.0,0.0,0
baseline,0.0125,720575940630617386,early_large_only,0.0,0.0,0
baseline,0.0125,720575940630617386,later_large_only,0.0,0.0,0
baseline,0.0125,720575940630617386,other_active,0.0,0.0,0
baseline,0.0125,720575940630617386,silent_all,0.0,0.0,0
baseline,0.0125,720575940629947964,input,0.0,0.0,0
baseline,0.0125,720575940629947964,early_large_only,0.0,0.0,0
baseline,0.0125,720575940629947964,later_large_only,0.0,0.0,0
baseline,0.0125,720575940629947964,other_active,0.0,0.0,0
baseline,0.0125,720575940629947964,silent_all,0.0,0.0,0
baseline,0.0125,720575940618807454,input,0.0,0.0,0
baseline,0.0125,720575940618807454,early_large_only,0.0,0.0,0
baseline,0.0125,720575940618807454,later_large_only,0.0,0.0,0
baseline,0.0125,720575940618807454,other_active,0.0,0.0,0
baseline,0.0125,720575940618807454,silent_all,0.0,0.0,0
baseline,0.0125,720575940627808122,input,0.0,0.0,0
baseline,0.0125,720575940627808122,early_large_only,0.0,0.0,0
baseline,0.0125,720575940627808122,later_large_only,0.0,0.0,0
baseline,0.0125,720575940627808122,other_active,0.0,0.0,0
baseline,0.0125,720575940627808122,silent_all,0.0,0.0,0
baseline,0.0125,720575940611745429,input,0.0,0.0,0
baseline,0.0125,720575940611745429,early_large_only,0.0,0.0,0
baseline,0.0125,720575940611745429,later_large_only,0.0,0.0,0
baseline,0.0125,720575940611745429,other_active,0.0,0.0,0
baseline,0.0125,720575940611745429,silent_all,0.0,0.0,0
baseline,0.0125,720575940631182354,input,0.0,0.0,0
baseline,0.0125,720575940631182354,early_large_only,0.0,0.0,0
baseline,0.0125,720575940631182354,later_large_only,0.0,0.0,0
baseline,0.0125,720575940631182354,other_active,0.0,0.0,0
baseline,0.0125,720575940631182354,silent_all,0.0,0.0,0
baseline,0.0125,720575940635507960,input,0.0,0.0,0
baseline,0.0125,720575940635507960,early_large_only,0.0,0.0,0
baseline,0.0125,720575940635507960,later_large_only,0.0,0.0,0
baseline,0.0125,720575940635507960,other_active,0.0,0.0,0
baseline,0.0125,720575940635507960,silent_all,0.0,0.0,0
baseline,0.0125,720575940629502251,input,0.0,0.0,0
baseline,0.0125,720575940629502251,early_large_only,0.0,0.0,0
baseline,0.0125,720575940629502251,later_large_only,0.0,0.0,0
baseline,0.0125,720575940629502251,other_active,0.0,0.0,0
baseline,0.0125,720575940629502251,silent_all,0.0,0.0,0
baseline,0.0125,720575940617749538,input,0.0,0.0,0
baseline,0.0125,720575940617749538,early_large_only,0.0,0.0,0
baseline,0.0125,720575940617749538,later_large_only,0.0,0.0,0
baseline,0.0125,720575940617749538,other_active,0.0,0.0,0
baseline,0.0125,720575940617749538,silent_all,0.0,0.0,0
baseline,0.0125,720575940621768180,input,0.0,0.0,0
baseline,0.0125,720575940621768180,early_large_only,0.0,0.0,0
baseline,0.0125,720575940621768180,later_large_only,0.0,0.0,0
baseline,0.0125,720575940621768180,other_active,0.0,0.0,0
baseline,0.0125,720575940621768180,silent_all,0.0,0.0,0
baseline,0.0125,720575940623201833,input,0.0,0.0,0
baseline,0.0125,720575940623201833,early_large_only,0.0,0.0,0
baseline,0.0125,720575940623201833,later_large_only,0.0,0.0,0
baseline,0.0125,720575940623201833,other_active,0.0,0.0,0
baseline,0.0125,720575940623201833,silent_all,0.0,0.0,0
baseline,0.0125,720575940629701881,input,0.0,0.0,0
baseline,0.0125,720575940629701881,early_large_only,0.0,0.0,0
baseline,0.0125,720575940629701881,later_large_only,0.0,0.0,0
baseline,0.0125,720575940629701881,other_active,0.0,0.0,0
baseline,0.0125,720575940629701881,silent_all,0.0,0.0,0
baseline,0.0125,720575940627380679,input,0.0,0.0,0
baseline,0.0125,720575940627380679,early_large_only,0.0,0.0,0
baseline,0.0125,720575940627380679,later_large_only,0.0,0.0,0
baseline,0.0125,720575940627380679,other_active,0.0,0.0,0
baseline,0.0125,720575940627380679,silent_all,0.0,0.0,0
baseline,0.0125,720575940629755723,input,0.0,0.0,0
baseline,0.0125,720575940629755723,early_large_only,0.0,0.0,0
baseline,0.0125,720575940629755723,later_large_only,0.0,0.0,0
baseline,0.0125,720575940629755723,other_active,0.0,0.0,0
baseline,0.0125,720575940629755723,silent_all,0.0,0.0,0
baseline,0.0125,720575940620571574,input,0.0,0.0,0
baseline,0.0125,720575940620571574,early_large_only,0.0,0.0,0
baseline,0.0125,720575940620571574,later_large_only,0.0,0.0,0
baseline,0.0125,720575940620571574,other_active,0.0,0.0,0
baseline,0.0125,720575940620571574,silent_all,0.0,0.0,0
baseline,0.0125,720575940631670865,input,0.0,0.0,0
baseline,0.0125,720575940631670865,early_large_only,0.0,0.0,0
baseline,0.0125,720575940631670865,later_large_only,0.0,0.0,0
baseline,0.0125,720575940631670865,other_active,0.0,0.0,0
baseline,0.0125,720575940631670865,silent_all,0.0,0.0,0
baseline,0.0125,720575940624982823,input,0.0,0.0,0
baseline,0.0125,720575940624982823,early_large_only,0.0,0.0,0
baseline,0.0125,720575940624982823,later_large_only,0.0,0.0,0
baseline,0.0125,720575940624982823,other_active,0.33,-0.264,2
baseline,0.0125,720575940624982823,silent_all,0.0,0.0,0
baseline,0.0125,720575940634575796,input,0.0,0.0,0
baseline,0.0125,720575940634575796,early_large_only,0.0,0.0,0
baseline,0.0125,720575940634575796,later_large_only,0.0,0.0,0
baseline,0.0125,720575940634575796,other_active,0.0,0.0,0
baseline,0.0125,720575940634575796,silent_all,0.0,0.0,0
baseline,0.0125,720575940624534972,input,0.0,0.0,0
baseline,0.0125,720575940624534972,early_large_only,0.0,0.0,0
baseline,0.0125,720575940624534972,later_large_only,0.0,0.0,0
baseline,0.0125,720575940624534972,other_active,0.0,-13.728000000000002,4
baseline,0.0125,720575940624534972,silent_all,0.0,0.0,0
baseline,0.0125,720575940626879505,input,0.0,0.0,0
baseline,0.0125,720575940626879505,early_large_only,0.0,0.0,0
baseline,0.0125,720575940626879505,later_large_only,0.0,0.0,0
baseline,0.0125,720575940626879505,other_active,0.0,-0.528,2
baseline,0.0125,720575940626879505,silent_all,0.0,0.0,0
baseline,0.0125,720575940629529722,input,0.0,0.0,0
baseline,0.0125,720575940629529722,early_large_only,0.0,0.0,0
baseline,0.0125,720575940629529722,later_large_only,0.0,0.0,0
baseline,0.0125,720575940629529722,other_active,0.0,0.0,0
baseline,0.0125,720575940629529722,silent_all,0.0,0.0,0
baseline,0.0125,720575940609077828,input,0.0,0.0,0
baseline,0.0125,720575940609077828,early_large_only,0.0,0.0,0
baseline,0.0125,720575940609077828,later_large_only,0.0,0.0,0
baseline,0.0125,720575940609077828,other_active,0.0,0.0,0
baseline,0.0125,720575940609077828,silent_all,0.0,0.0,0
baseline,0.0125,720575940629585602,input,0.0,0.0,0
baseline,0.0125,720575940629585602,early_large_only,0.0,0.0,0
baseline,0.0125,720575940629585602,later_large_only,0.0,0.0,0
baseline,0.0125,720575940629585602,other_active,0.0,0.0,0
baseline,0.0125,720575940629585602,silent_all,0.0,0.0,0
baseline,0.0125,720575940630914245,input,0.0,0.0,0
baseline,0.0125,720575940630914245,early_large_only,0.0,0.0,0
baseline,0.0125,720575940630914245,later_large_only,0.0,0.0,0
baseline,0.0125,720575940630914245,other_active,0.0,0.0,0
baseline,0.0125,720575940630914245,silent_all,0.0,0.0,0
baseline,0.0125,720575940631990343,input,0.0,0.0,0
baseline,0.0125,720575940631990343,early_large_only,0.0,0.0,0
baseline,0.0125,720575940631990343,later_large_only,0.0,0.0,0
baseline,0.0125,720575940631990343,other_active,0.0,0.0,0
baseline,0.0125,720575940631990343,silent_all,0.0,0.0,0
baseline,0.0125,720575940617413957,input,0.0,0.0,0
baseline,0.0125,720575940617413957,early_large_only,0.0,0.0,0
baseline,0.0125,720575940617413957,later_large_only,0.0,0.0,0
baseline,0.0125,720575940617413957,other_active,0.0,0.0,0
baseline,0.0125,720575940617413957,silent_all,0.0,0.0,0
baseline,0.0125,720575940616486230,input,0.0,0.0,0
baseline,0.0125,720575940616486230,early_large_only,0.0,0.0,0
baseline,0.0125,720575940616486230,later_large_only,0.0,0.0,0
baseline,0.0125,720575940616486230,other_active,0.0,0.0,0
baseline,0.0125,720575940616486230,silent_all,0.0,0.0,0
baseline,0.0125,720575940632230099,input,0.0,0.0,0
baseline,0.0125,720575940632230099,early_large_only,0.0,0.0,0
baseline,0.0125,720575940632230099,later_large_only,0.0,0.0,0
baseline,0.0125,720575940632230099,other_active,0.0,0.0,0
baseline,0.0125,720575940632230099,silent_all,0.0,0.0,0
baseline,0.0125,720575940617244372,input,0.0,0.0,0
baseline,0.0125,720575940617244372,early_large_only,0.0,0.0,0
baseline,0.0125,720575940617244372,later_large_only,0.0,0.0,0
baseline,0.0125,720575940617244372,other_active,0.0,0.0,0
baseline,0.0125,720575940617244372,silent_all,0.0,0.0,0
baseline,0.0125,720575940630810695,input,0.0,0.0,0
baseline,0.0125,720575940630810695,early_large_only,0.0,0.0,0
baseline,0.0125,720575940630810695,later_large_only,0.0,0.0,0
baseline,0.0125,720575940630810695,other_active,0.0,-0.528,2
baseline,0.0125,720575940630810695,silent_all,0.0,0.0,0
baseline,0.0125,720575940641148405,input,0.0,0.0,0
baseline,0.0125,720575940641148405,early_large_only,0.0,0.0,0
baseline,0.0125,720575940641148405,later_large_only,0.0,0.0,0
baseline,0.0125,720575940641148405,other_active,0.0,0.0,0
baseline,0.0125,720575940641148405,silent_all,0.0,0.0,0
baseline,0.0125,720575940634418021,input,0.0,0.0,0
baseline,0.0125,720575940634418021,early_large_only,0.0,0.0,0
baseline,0.0125,720575940634418021,later_large_only,0.0,0.0,0
baseline,0.0125,720575940634418021,other_active,0.0,0.0,0
baseline,0.0125,720575940634418021,silent_all,0.0,0.0,0
baseline,0.0125,720575940617728852,input,0.0,0.0,0
baseline,0.0125,720575940617728852,early_large_only,0.0,0.0,0
baseline,0.0125,720575940617728852,later_large_only,0.0,0.0,0
baseline,0.0125,720575940617728852,other_active,0.0,0.0,0
baseline,0.0125,720575940617728852,silent_all,0.0,0.0,0
baseline,0.0125,720575940616235348,input,0.0,0.0,0
baseline,0.0125,720575940616235348,early_large_only,0.0,0.0,0
baseline,0.0125,720575940616235348,later_large_only,0.0,0.0,0
baseline,0.0125,720575940616235348,other_active,0.0,0.0,0
baseline,0.0125,720575940616235348,silent_all,0.0,0.0,0
baseline,0.0125,720575940623182847,input,0.0,0.0,0
baseline,0.0125,720575940623182847,early_large_only,0.0,0.0,0
baseline,0.0125,720575940623182847,later_large_only,0.0,0.0,0
baseline,0.0125,720575940623182847,other_active,0.0,0.0,0
baseline,0.0125,720575940623182847,silent_all,0.0,0.0,0
baseline,0.0125,720575940629360459,input,0.0,0.0,0
baseline,0.0125,720575940629360459,early_large_only,0.0,0.0,0
baseline,0.0125,720575940629360459,later_large_only,0.0,0.0,0
baseline,0.0125,720575940629360459,other_active,0.0,0.0,0
baseline,0.0125,720575940629360459,silent_all,0.0,0.0,0
baseline,0.0125,720575940624280328,input,0.0,0.0,0
baseline,0.0125,720575940624280328,early_large_only,0.0,0.0,0
baseline,0.0125,720575940624280328,later_large_only,0.0,0.0,0
baseline,0.0125,720575940624280328,other_active,0.0,0.0,0
baseline,0.0125,720575940624280328,silent_all,0.0,0.0,0
baseline,0.0125,720575940621712990,input,0.0,0.0,0
baseline,0.0125,720575940621712990,early_large_only,0.0,0.0,0
baseline,0.0125,720575940621712990,later_large_only,0.0,0.0,0
baseline,0.0125,720575940621712990,other_active,0.0,0.0,0
baseline,0.0125,720575940621712990,silent_all,0.0,0.0,0
baseline,0.0125,720575940608744405,input,0.0,0.0,0
baseline,0.0125,720575940608744405,early_large_only,0.0,0.0,0
baseline,0.0125,720575940608744405,later_large_only,0.0,0.0,0
baseline,0.0125,720575940608744405,other_active,0.0,-0.528,2
baseline,0.0125,720575940608744405,silent_all,0.0,0.0,0
baseline,0.0125,720575940614573674,input,0.0,0.0,0
baseline,0.0125,720575940614573674,early_large_only,0.0,0.0,0
baseline,0.0125,720575940614573674,later_large_only,0.0,0.0,0
baseline,0.0125,720575940614573674,other_active,0.0,0.0,0
baseline,0.0125,720575940614573674,silent_all,0.0,0.0,0
baseline,0.0125,720575940620842111,input,0.0,0.0,0
baseline,0.0125,720575940620842111,early_large_only,0.0,0.0,0
baseline,0.0125,720575940620842111,later_large_only,0.0,0.0,0
baseline,0.0125,720575940620842111,other_active,0.0,0.0,0
baseline,0.0125,720575940620842111,silent_all,0.0,0.0,0
baseline,0.0125,720575940617078489,input,0.0,0.0,0
baseline,0.0125,720575940617078489,early_large_only,0.0,0.0,0
baseline,0.0125,720575940617078489,later_large_only,0.0,0.0,0
baseline,0.0125,720575940617078489,other_active,0.0,0.0,0
baseline,0.0125,720575940617078489,silent_all,0.0,0.0,0
baseline,0.0125,720575940621595888,input,0.0,0.0,0
baseline,0.0125,720575940621595888,early_large_only,0.0,0.0,0
baseline,0.0125,720575940621595888,later_large_only,0.0,0.0,0
baseline,0.0125,720575940621595888,other_active,0.0,0.0,0
baseline,0.0125,720575940621595888,silent_all,0.0,0.0,0
baseline,0.0125,720575940631349096,input,0.0,0.0,0
baseline,0.0125,720575940631349096,early_large_only,0.0,0.0,0
baseline,0.0125,720575940631349096,later_large_only,0.0,0.0,0
baseline,0.0125,720575940631349096,other_active,0.0,0.0,0
baseline,0.0125,720575940631349096,silent_all,0.0,0.0,0
baseline,0.0125,720575940625212965,input,0.0,0.0,0
baseline,0.0125,720575940625212965,early_large_only,0.0,0.0,0
baseline,0.0125,720575940625212965,later_large_only,0.0,0.0,0
baseline,0.0125,720575940625212965,other_active,0.0,0.0,0
baseline,0.0125,720575940625212965,silent_all,0.0,0.0,0
baseline,0.0125,720575940631517251,input,0.0,0.0,0
baseline,0.0125,720575940631517251,early_large_only,0.0,0.0,0
baseline,0.0125,720575940631517251,later_large_only,0.0,0.0,0
baseline,0.0125,720575940631517251,other_active,0.0,-3.96,1
baseline,0.0125,720575940631517251,silent_all,0.0,0.0,0
baseline,0.0125,720575940624477246,input,0.0,0.0,0
baseline,0.0125,720575940624477246,early_large_only,0.0,0.0,0
baseline,0.0125,720575940624477246,later_large_only,0.0,0.0,0
baseline,0.0125,720575940624477246,other_active,0.0,0.0,0
baseline,0.0125,720575940624477246,silent_all,0.0,0.0,0
baseline,0.0125,720575940620266689,input,0.0,0.0,0
baseline,0.0125,720575940620266689,early_large_only,0.0,0.0,0
baseline,0.0125,720575940620266689,later_large_only,0.0,0.0,0
baseline,0.0125,720575940620266689,other_active,0.0,0.0,0
baseline,0.0125,720575940620266689,silent_all,0.0,0.0,0
baseline,0.0125,720575940613948834,input,0.0,0.0,0
baseline,0.0125,720575940613948834,early_large_only,0.0,0.0,0
baseline,0.0125,720575940613948834,later_large_only,0.0,0.0,0
baseline,0.0125,720575940613948834,other_active,0.0,0.0,0
baseline,0.0125,720575940613948834,silent_all,0.0,0.0,0
baseline,0.0125,720575940619820368,input,0.0,0.0,0
baseline,0.0125,720575940619820368,early_large_only,0.0,0.0,0
baseline,0.0125,720575940619820368,later_large_only,0.0,0.0,0
baseline,0.0125,720575940619820368,other_active,0.0,0.0,0
baseline,0.0125,720575940619820368,silent_all,0.0,0.0,0
baseline,0.0125,720575940609932130,input,0.0,0.0,0
baseline,0.0125,720575940609932130,early_large_only,0.0,0.0,0
baseline,0.0125,720575940609932130,later_large_only,0.0,0.0,0
baseline,0.0125,720575940609932130,other_active,0.0,0.0,0
baseline,0.0125,720575940609932130,silent_all,0.0,0.0,0
baseline,0.0125,720575940633735063,input,0.0,0.0,0
baseline,0.0125,720575940633735063,early_large_only,0.0,0.0,0
baseline,0.0125,720575940633735063,later_large_only,0.0,0.0,0
baseline,0.0125,720575940633735063,other_active,0.0,0.0,0
baseline,0.0125,720575940633735063,silent_all,0.0,0.0,0
baseline,0.0125,720575940624093693,input,0.0,0.0,0
baseline,0.0125,720575940624093693,early_large_only,0.0,0.0,0
baseline,0.0125,720575940624093693,later_large_only,0.0,0.0,0
baseline,0.0125,720575940624093693,other_active,0.0,0.0,0
baseline,0.0125,720575940624093693,silent_all,0.0,0.0,0
baseline,0.0125,720575940610404977,input,0.0,0.0,0
baseline,0.0125,720575940610404977,early_large_only,0.0,0.0,0
baseline,0.0125,720575940610404977,later_large_only,0.0,0.0,0
baseline,0.0125,720575940610404977,other_active,0.0,0.0,0
baseline,0.0125,720575940610404977,silent_all,0.0,0.0,0
baseline,0.0125,720575940619998630,input,0.0,0.0,0
baseline,0.0125,720575940619998630,early_large_only,0.0,0.0,0
baseline,0.0125,720575940619998630,later_large_only,0.0,0.0,0
baseline,0.0125,720575940619998630,other_active,0.0,-3.168,3
baseline,0.0125,720575940619998630,silent_all,0.0,0.0,0
baseline,0.0125,720575940630930383,input,0.0,0.0,0
baseline,0.0125,720575940630930383,early_large_only,0.0,0.0,0
baseline,0.0125,720575940630930383,later_large_only,0.0,0.0,0
baseline,0.0125,720575940630930383,other_active,0.0,-0.528,2
baseline,0.0125,720575940630930383,silent_all,0.0,0.0,0
baseline,0.0125,720575940607472649,input,0.0,0.0,0
baseline,0.0125,720575940607472649,early_large_only,0.0,0.0,0
baseline,0.0125,720575940607472649,later_large_only,0.0,0.0,0
baseline,0.0125,720575940607472649,other_active,0.0,0.0,0
baseline,0.0125,720575940607472649,silent_all,0.0,0.0,0
baseline,0.0125,720575940627368723,input,0.0,0.0,0
baseline,0.0125,720575940627368723,early_large_only,0.0,0.0,0
baseline,0.0125,720575940627368723,later_large_only,0.0,0.0,0
baseline,0.0125,720575940627368723,other_active,10.89,-7.392,19
baseline,0.0125,720575940627368723,silent_all,0.0,0.0,0
baseline,0.0125,720575940622998627,input,0.0,0.0,0
baseline,0.0125,720575940622998627,early_large_only,0.0,0.0,0
baseline,0.0125,720575940622998627,later_large_only,0.0,0.0,0
baseline,0.0125,720575940622998627,other_active,2.97,-3.4320000000000004,5
baseline,0.0125,720575940622998627,silent_all,0.0,0.0,0
baseline,0.0125,720575940639948160,input,0.0,0.0,0
baseline,0.0125,720575940639948160,early_large_only,0.0,0.0,0
baseline,0.0125,720575940639948160,later_large_only,0.0,0.0,0
baseline,0.0125,720575940639948160,other_active,0.0,0.0,0
baseline,0.0125,720575940639948160,silent_all,0.0,0.0,0
baseline,0.0125,720575940634310763,input,0.0,0.0,0
baseline,0.0125,720575940634310763,early_large_only,0.0,0.0,0
baseline,0.0125,720575940634310763,later_large_only,0.0,0.0,0
baseline,0.0125,720575940634310763,other_active,0.33,-0.792,4
baseline,0.0125,720575940634310763,silent_all,0.0,0.0,0
baseline,0.0125,720575940626654041,input,0.0,0.0,0
baseline,0.0125,720575940626654041,early_large_only,0.0,0.0,0
baseline,0.0125,720575940626654041,later_large_only,0.0,0.0,0
baseline,0.0125,720575940626654041,other_active,0.0,0.0,0
baseline,0.0125,720575940626654041,silent_all,0.0,0.0,0
baseline,0.0125,720575940618165393,input,0.0,0.0,0
baseline,0.0125,720575940618165393,early_large_only,0.0,0.0,0
baseline,0.0125,720575940618165393,later_large_only,0.0,0.0,0
baseline,0.0125,720575940618165393,other_active,5.94,-5.28,6
baseline,0.0125,720575940618165393,silent_all,0.0,0.0,0
baseline,0.0125,720575940625336464,input,0.0,0.0,0
baseline,0.0125,720575940625336464,early_large_only,0.0,0.0,0
baseline,0.0125,720575940625336464,later_large_only,0.0,0.0,0
baseline,0.0125,720575940625336464,other_active,0.0,0.0,0
baseline,0.0125,720575940625336464,silent_all,0.0,0.0,0
baseline,0.0125,720575940626693130,input,0.0,0.0,0
baseline,0.0125,720575940626693130,early_large_only,0.0,0.0,0
baseline,0.0125,720575940626693130,later_large_only,0.0,0.0,0
baseline,0.0125,720575940626693130,other_active,0.66,0.0,1
baseline,0.0125,720575940626693130,silent_all,0.0,0.0,0
baseline,0.0125,720575940636553902,input,0.0,0.0,0
baseline,0.0125,720575940636553902,early_large_only,0.0,0.0,0
baseline,0.0125,720575940636553902,later_large_only,0.0,0.0,0
baseline,0.0125,720575940636553902,other_active,0.0,0.0,0
baseline,0.0125,720575940636553902,silent_all,0.0,0.0,0
baseline,0.0125,720575940614908383,input,0.0,0.0,0
baseline,0.0125,720575940614908383,early_large_only,0.0,0.0,0
baseline,0.0125,720575940614908383,later_large_only,0.0,0.0,0
baseline,0.0125,720575940614908383,other_active,0.0,-1.32,3
baseline,0.0125,720575940614908383,silent_all,0.0,0.0,0
baseline,0.0125,720575940639028413,input,0.0,0.0,0
baseline,0.0125,720575940639028413,early_large_only,0.0,0.0,0
baseline,0.0125,720575940639028413,later_large_only,0.0,0.0,0
baseline,0.0125,720575940639028413,other_active,0.0,0.0,0
baseline,0.0125,720575940639028413,silent_all,0.0,0.0,0
baseline,0.0125,720575940637073385,input,0.0,0.0,0
baseline,0.0125,720575940637073385,early_large_only,0.0,0.0,0
baseline,0.0125,720575940637073385,later_large_only,0.0,0.0,0
baseline,0.0125,720575940637073385,other_active,0.0,0.0,0
baseline,0.0125,720575940637073385,silent_all,0.0,0.0,0
baseline,0.0125,720575940619488495,input,0.0,0.0,0
baseline,0.0125,720575940619488495,early_large_only,0.0,0.0,0
baseline,0.0125,720575940619488495,later_large_only,0.0,0.0,0
baseline,0.0125,720575940619488495,other_active,0.0,0.0,0
baseline,0.0125,720575940619488495,silent_all,0.0,0.0,0
baseline,0.0125,720575940614457342,input,0.0,0.0,0
baseline,0.0125,720575940614457342,early_large_only,0.0,0.0,0
baseline,0.0125,720575940614457342,later_large_only,0.0,0.0,0
baseline,0.0125,720575940614457342,other_active,0.0,0.0,0
baseline,0.0125,720575940614457342,silent_all,0.0,0.0,0
baseline,0.0125,720575940627757584,input,0.0,0.0,0
baseline,0.0125,720575940627757584,early_large_only,0.0,0.0,0
baseline,0.0125,720575940627757584,later_large_only,0.0,0.0,0
baseline,0.0125,720575940627757584,other_active,0.0,-0.528,1
baseline,0.0125,720575940627757584,silent_all,0.0,0.0,0
baseline,0.0125,720575940637210334,input,0.0,0.0,0
baseline,0.0125,720575940637210334,early_large_only,0.0,0.0,0
baseline,0.0125,720575940637210334,later_large_only,0.0,0.0,0
baseline,0.0125,720575940637210334,other_active,0.0,-0.264,1
baseline,0.0125,720575940637210334,silent_all,0.0,0.0,0
baseline,0.0125,720575940629461442,input,0.0,0.0,0
baseline,0.0125,720575940629461442,early_large_only,0.0,0.0,0
baseline,0.0125,720575940629461442,later_large_only,0.0,0.0,0
baseline,0.0125,720575940629461442,other_active,0.0,0.0,0
baseline,0.0125,720575940629461442,silent_all,0.0,0.0,0
baseline,0.0125,720575940607982428,input,0.0,0.0,0
baseline,0.0125,720575940607982428,early_large_only,0.0,0.0,0
baseline,0.0125,720575940607982428,later_large_only,0.0,0.0,0
baseline,0.0125,720575940607982428,other_active,0.33,-0.528,2
baseline,0.0125,720575940607982428,silent_all,0.0,0.0,0
baseline,0.0125,720575940611182554,input,0.0,0.0,0
baseline,0.0125,720575940611182554,early_large_only,0.0,0.0,0
baseline,0.0125,720575940611182554,later_large_only,0.0,0.0,0
baseline,0.0125,720575940611182554,other_active,0.0,0.0,0
baseline,0.0125,720575940611182554,silent_all,0.0,0.0,0
baseline,0.0125,720575940634258146,input,0.0,0.0,0
baseline,0.0125,720575940634258146,early_large_only,0.0,0.0,0
baseline,0.0125,720575940634258146,later_large_only,0.0,0.0,0
baseline,0.0125,720575940634258146,other_active,1.98,0.0,1
baseline,0.0125,720575940634258146,silent_all,0.0,0.0,0
baseline,0.0125,720575940638937688,input,0.0,0.0,0
baseline,0.0125,720575940638937688,early_large_only,0.0,0.0,0
baseline,0.0125,720575940638937688,later_large_only,0.0,0.0,0
baseline,0.0125,720575940638937688,other_active,0.0,0.0,0
baseline,0.0125,720575940638937688,silent_all,0.0,0.0,0
baseline,0.0125,720575940618398533,input,0.0,0.0,0
baseline,0.0125,720575940618398533,early_large_only,0.0,0.0,0
baseline,0.0125,720575940618398533,later_large_only,0.0,0.0,0
baseline,0.0125,720575940618398533,other_active,0.0,-0.264,1
baseline,0.0125,720575940618398533,silent_all,0.0,0.0,0
baseline,0.0125,720575940615086698,input,0.0,0.0,0
baseline,0.0125,720575940615086698,early_large_only,0.0,0.0,0
baseline,0.0125,720575940615086698,later_large_only,0.0,0.0,0
baseline,0.0125,720575940615086698,other_active,0.99,0.0,2
baseline,0.0125,720575940615086698,silent_all,0.0,0.0,0
baseline,0.0125,720575940625107352,input,0.0,0.0,0
baseline,0.0125,720575940625107352,early_large_only,0.0,0.0,0
baseline,0.0125,720575940625107352,later_large_only,0.0,0.0,0
baseline,0.0125,720575940625107352,other_active,0.0,0.0,0
baseline,0.0125,720575940625107352,silent_all,0.0,0.0,0
baseline,0.0125,720575940623181823,input,0.0,0.0,0
baseline,0.0125,720575940623181823,early_large_only,0.0,0.0,0
baseline,0.0125,720575940623181823,later_large_only,0.0,0.0,0
baseline,0.0125,720575940623181823,other_active,0.0,0.0,0
baseline,0.0125,720575940623181823,silent_all,0.0,0.0,0
baseline,0.0125,720575940632501404,input,0.0,0.0,0
baseline,0.0125,720575940632501404,early_large_only,0.0,0.0,0
baseline,0.0125,720575940632501404,later_large_only,0.0,0.0,0
baseline,0.0125,720575940632501404,other_active,0.0,0.0,0
baseline,0.0125,720575940632501404,silent_all,0.0,0.0,0
baseline,0.0125,720575940623338281,input,0.0,0.0,0
baseline,0.0125,720575940623338281,early_large_only,0.0,0.0,0
baseline,0.0125,720575940623338281,later_large_only,0.0,0.0,0
baseline,0.0125,720575940623338281,other_active,6.930000000000001,-11.352,7
baseline,0.0125,720575940623338281,silent_all,0.0,0.0,0
baseline,0.0125,720575940624971243,input,0.0,0.0,0
baseline,0.0125,720575940624971243,early_large_only,0.0,0.0,0
baseline,0.0125,720575940624971243,later_large_only,0.0,0.0,0
baseline,0.0125,720575940624971243,other_active,3.63,-10.824000000000002,17
baseline,0.0125,720575940624971243,silent_all,0.0,0.0,0
baseline,0.0125,720575940646582836,input,0.0,0.0,0
baseline,0.0125,720575940646582836,early_large_only,0.0,0.0,0
baseline,0.0125,720575940646582836,later_large_only,0.0,0.0,0
baseline,0.0125,720575940646582836,other_active,0.0,0.0,0
baseline,0.0125,720575940646582836,silent_all,0.0,0.0,0
baseline,0.0125,720575940631147335,input,0.0,0.0,0
baseline,0.0125,720575940631147335,early_large_only,0.0,0.0,0
baseline,0.0125,720575940631147335,later_large_only,0.0,0.0,0
baseline,0.0125,720575940631147335,other_active,0.0,0.0,0
baseline,0.0125,720575940631147335,silent_all,0.0,0.0,0
baseline,0.0125,720575940619843311,input,0.0,0.0,0
baseline,0.0125,720575940619843311,early_large_only,0.0,0.0,0
baseline,0.0125,720575940619843311,later_large_only,0.0,0.0,0
baseline,0.0125,720575940619843311,other_active,0.0,0.0,0
baseline,0.0125,720575940619843311,silent_all,0.0,0.0,0
baseline,0.0125,720575940619773867,input,0.0,0.0,0
baseline,0.0125,720575940619773867,early_large_only,0.0,0.0,0
baseline,0.0125,720575940619773867,later_large_only,0.0,0.0,0
baseline,0.0125,720575940619773867,other_active,0.0,0.0,0
baseline,0.0125,720575940619773867,silent_all,0.0,0.0,0
baseline,0.0125,720575940633333916,input,0.0,0.0,0
baseline,0.0125,720575940633333916,early_large_only,0.0,0.0,0
baseline,0.0125,720575940633333916,later_large_only,0.0,0.0,0
baseline,0.0125,720575940633333916,other_active,0.0,0.0,0
baseline,0.0125,720575940633333916,silent_all,0.0,0.0,0
baseline,0.0125,720575940615405718,input,0.0,0.0,0
baseline,0.0125,720575940615405718,early_large_only,0.0,0.0,0
baseline,0.0125,720575940615405718,later_large_only,0.0,0.0,0
baseline,0.0125,720575940615405718,other_active,0.0,0.0,0
baseline,0.0125,720575940615405718,silent_all,0.0,0.0,0
baseline,0.0125,720575940633480860,input,0.0,0.0,0
baseline,0.0125,720575940633480860,early_large_only,0.0,0.0,0
baseline,0.0125,720575940633480860,later_large_only,0.0,0.0,0
baseline,0.0125,720575940633480860,other_active,0.0,0.0,0
baseline,0.0125,720575940633480860,silent_all,0.0,0.0,0
baseline,0.0125,720575940623781268,input,0.0,0.0,0
baseline,0.0125,720575940623781268,early_large_only,0.0,0.0,0
baseline,0.0125,720575940623781268,later_large_only,0.0,0.0,0
baseline,0.0125,720575940623781268,other_active,0.0,0.0,0
baseline,0.0125,720575940623781268,silent_all,0.0,0.0,0
baseline,0.0125,720575940624028396,input,0.0,0.0,0
baseline,0.0125,720575940624028396,early_large_only,0.0,0.0,0
baseline,0.0125,720575940624028396,later_large_only,0.0,0.0,0
baseline,0.0125,720575940624028396,other_active,0.0,0.0,0
baseline,0.0125,720575940624028396,silent_all,0.0,0.0,0
baseline,0.0125,720575940628353018,input,0.0,0.0,0
baseline,0.0125,720575940628353018,early_large_only,0.0,0.0,0
baseline,0.0125,720575940628353018,later_large_only,0.0,0.0,0
baseline,0.0125,720575940628353018,other_active,0.0,0.0,0
baseline,0.0125,720575940628353018,silent_all,0.0,0.0,0
baseline,0.0125,720575940643919908,input,0.0,0.0,0
baseline,0.0125,720575940643919908,early_large_only,0.0,0.0,0
baseline,0.0125,720575940643919908,later_large_only,0.0,0.0,0
baseline,0.0125,720575940643919908,other_active,0.0,0.0,0
baseline,0.0125,720575940643919908,silent_all,0.0,0.0,0
baseline,0.0125,720575940612302042,input,0.0,0.0,0
baseline,0.0125,720575940612302042,early_large_only,0.0,0.0,0
baseline,0.0125,720575940612302042,later_large_only,0.0,0.0,0
baseline,0.0125,720575940612302042,other_active,0.0,0.0,0
baseline,0.0125,720575940612302042,silent_all,0.0,0.0,0
baseline,0.0125,720575940628356102,input,0.0,0.0,0
baseline,0.0125,720575940628356102,early_large_only,0.0,0.0,0
baseline,0.0125,720575940628356102,later_large_only,0.0,0.0,0
baseline,0.0125,720575940628356102,other_active,0.33,0.0,1
baseline,0.0125,720575940628356102,silent_all,0.0,0.0,0
baseline,0.0125,720575940620058537,input,0.0,0.0,0
baseline,0.0125,720575940620058537,early_large_only,0.0,0.0,0
baseline,0.0125,720575940620058537,later_large_only,0.0,0.0,0
baseline,0.0125,720575940620058537,other_active,0.0,0.0,0
baseline,0.0125,720575940620058537,silent_all,0.0,0.0,0
baseline,0.0125,720575940615974868,input,0.0,0.0,0
baseline,0.0125,720575940615974868,early_large_only,0.0,0.0,0
baseline,0.0125,720575940615974868,later_large_only,0.0,0.0,0
baseline,0.0125,720575940615974868,other_active,0.0,0.0,0
baseline,0.0125,720575940615974868,silent_all,0.0,0.0,0
baseline,0.0125,720575940639007395,input,0.0,0.0,0
baseline,0.0125,720575940639007395,early_large_only,0.0,0.0,0
baseline,0.0125,720575940639007395,later_large_only,0.0,0.0,0
baseline,0.0125,720575940639007395,other_active,0.0,0.0,0
baseline,0.0125,720575940639007395,silent_all,0.0,0.0,0
baseline,0.0125,720575940620380449,input,0.0,0.0,0
baseline,0.0125,720575940620380449,early_large_only,0.0,0.0,0
baseline,0.0125,720575940620380449,later_large_only,0.0,0.0,0
baseline,0.0125,720575940620380449,other_active,0.0,-9.504,2
baseline,0.0125,720575940620380449,silent_all,0.0,0.0,0
baseline,0.0125,720575940659709569,input,0.0,0.0,0
baseline,0.0125,720575940659709569,early_large_only,0.0,0.0,0
baseline,0.0125,720575940659709569,later_large_only,0.0,0.0,0
baseline,0.0125,720575940659709569,other_active,3.6300000000000003,0.0,1
baseline,0.0125,720575940659709569,silent_all,0.0,0.0,0
baseline,0.0125,720575940627422982,input,0.0,0.0,0
baseline,0.0125,720575940627422982,early_large_only,0.0,0.0,0
baseline,0.0125,720575940627422982,later_large_only,0.0,0.0,0
baseline,0.0125,720575940627422982,other_active,0.0,0.0,0
baseline,0.0125,720575940627422982,silent_all,0.0,0.0,0
baseline,0.0125,720575940630190295,input,0.0,0.0,0
baseline,0.0125,720575940630190295,early_large_only,0.0,0.0,0
baseline,0.0125,720575940630190295,later_large_only,0.0,0.0,0
baseline,0.0125,720575940630190295,other_active,4.95,-12.144000000000002,6
baseline,0.0125,720575940630190295,silent_all,0.0,0.0,0
baseline,0.0125,720575940642617544,input,0.0,0.0,0
baseline,0.0125,720575940642617544,early_large_only,0.0,0.0,0
baseline,0.0125,720575940642617544,later_large_only,0.0,0.0,0
baseline,0.0125,720575940642617544,other_active,0.99,0.0,1
baseline,0.0125,720575940642617544,silent_all,0.0,0.0,0
baseline,0.0125,720575940612033253,input,0.0,0.0,0
baseline,0.0125,720575940612033253,early_large_only,0.0,0.0,0
baseline,0.0125,720575940612033253,later_large_only,0.0,0.0,0
baseline,0.0125,720575940612033253,other_active,14.190000000000001,-1.056,6
baseline,0.0125,720575940612033253,silent_all,0.0,0.0,0
baseline,0.0125,720575940638460998,input,0.0,0.0,0
baseline,0.0125,720575940638460998,early_large_only,0.0,0.0,0
baseline,0.0125,720575940638460998,later_large_only,0.0,0.0,0
baseline,0.0125,720575940638460998,other_active,0.0,-14.256000000000002,9
baseline,0.0125,720575940638460998,silent_all,0.0,0.0,0
baseline,0.0125,720575940619797488,input,0.0,0.0,0
baseline,0.0125,720575940619797488,early_large_only,0.0,0.0,0
baseline,0.0125,720575940619797488,later_large_only,0.0,0.0,0
baseline,0.0125,720575940619797488,other_active,0.0,0.0,0
baseline,0.0125,720575940619797488,silent_all,0.0,0.0,0
baseline,0.0125,720575940639410291,input,0.0,0.0,0
baseline,0.0125,720575940639410291,early_large_only,0.0,0.0,0
baseline,0.0125,720575940639410291,later_large_only,0.0,0.0,0
baseline,0.0125,720575940639410291,other_active,0.0,0.0,0
baseline,0.0125,720575940639410291,silent_all,0.0,0.0,0
baseline,0.0125,720575940615438495,input,0.0,0.0,0
baseline,0.0125,720575940615438495,early_large_only,0.0,0.0,0
baseline,0.0125,720575940615438495,later_large_only,0.0,0.0,0
baseline,0.0125,720575940615438495,other_active,0.0,0.0,0
baseline,0.0125,720575940615438495,silent_all,0.0,0.0,0
baseline,0.0125,720575940627096957,input,0.0,0.0,0
baseline,0.0125,720575940627096957,early_large_only,0.0,0.0,0
baseline,0.0125,720575940627096957,later_large_only,0.0,0.0,0
baseline,0.0125,720575940627096957,other_active,0.33,-2.904,6
baseline,0.0125,720575940627096957,silent_all,0.0,0.0,0
baseline,0.0125,720575940623860202,input,0.0,0.0,0
baseline,0.0125,720575940623860202,early_large_only,0.0,0.0,0
baseline,0.0125,720575940623860202,later_large_only,0.0,0.0,0
baseline,0.0125,720575940623860202,other_active,40.25999999999999,-15.312000000000003,30
baseline,0.0125,720575940623860202,silent_all,0.0,0.0,0
baseline,0.0125,720575940621215169,input,0.0,0.0,0
baseline,0.0125,720575940621215169,early_large_only,0.0,0.0,0
baseline,0.0125,720575940621215169,later_large_only,0.0,0.0,0
baseline,0.0125,720575940621215169,other_active,0.0,0.0,0
baseline,0.0125,720575940621215169,silent_all,0.0,0.0,0
baseline,0.0125,720575940608429835,input,0.0,0.0,0
baseline,0.0125,720575940608429835,early_large_only,0.0,0.0,0
baseline,0.0125,720575940608429835,later_large_only,0.0,0.0,0
baseline,0.0125,720575940608429835,other_active,0.0,0.0,0
baseline,0.0125,720575940608429835,silent_all,0.0,0.0,0
baseline,0.0125,720575940629171447,input,0.0,0.0,0
baseline,0.0125,720575940629171447,early_large_only,0.0,0.0,0
baseline,0.0125,720575940629171447,later_large_only,0.0,0.0,0
baseline,0.0125,720575940629171447,other_active,0.0,0.0,0
baseline,0.0125,720575940629171447,silent_all,0.0,0.0,0
baseline,0.0125,720575940636477285,input,0.0,0.0,0
baseline,0.0125,720575940636477285,early_large_only,0.0,0.0,0
baseline,0.0125,720575940636477285,later_large_only,0.0,0.0,0
baseline,0.0125,720575940636477285,other_active,0.0,0.0,0
baseline,0.0125,720575940636477285,silent_all,0.0,0.0,0
baseline,0.0125,720575940627605779,input,0.0,0.0,0
baseline,0.0125,720575940627605779,early_large_only,0.0,0.0,0
baseline,0.0125,720575940627605779,later_large_only,0.0,0.0,0
baseline,0.0125,720575940627605779,other_active,0.0,0.0,0
baseline,0.0125,720575940627605779,silent_all,0.0,0.0,0
baseline,0.0125,720575940620300308,input,0.0,0.0,0
baseline,0.0125,720575940620300308,early_large_only,0.0,0.0,0
baseline,0.0125,720575940620300308,later_large_only,0.0,0.0,0
baseline,0.0125,720575940620300308,other_active,7.92,-99.26399999999997,37
baseline,0.0125,720575940620300308,silent_all,0.0,0.0,0
baseline,0.0125,720575940605651633,input,0.0,0.0,0
baseline,0.0125,720575940605651633,early_large_only,0.0,0.0,0
baseline,0.0125,720575940605651633,later_large_only,0.0,0.0,0
baseline,0.0125,720575940605651633,other_active,0.0,-0.264,1
baseline,0.0125,720575940605651633,silent_all,0.0,0.0,0
baseline,0.0125,720575940613860147,input,0.0,0.0,0
baseline,0.0125,720575940613860147,early_large_only,0.0,0.0,0
baseline,0.0125,720575940613860147,later_large_only,0.0,0.0,0
baseline,0.0125,720575940613860147,other_active,0.0,0.0,0
baseline,0.0125,720575940613860147,silent_all,0.0,0.0,0
baseline,0.0125,720575940622400648,input,0.0,0.0,0
baseline,0.0125,720575940622400648,early_large_only,0.0,0.0,0
baseline,0.0125,720575940622400648,later_large_only,0.0,0.0,0
baseline,0.0125,720575940622400648,other_active,0.99,0.0,3
baseline,0.0125,720575940622400648,silent_all,0.0,0.0,0
baseline,0.0125,720575940623780583,input,0.0,0.0,0
baseline,0.0125,720575940623780583,early_large_only,0.0,0.0,0
baseline,0.0125,720575940623780583,later_large_only,0.0,0.0,0
baseline,0.0125,720575940623780583,other_active,0.0,0.0,0
baseline,0.0125,720575940623780583,silent_all,0.0,0.0,0
baseline,0.0125,720575940610711250,input,0.0,0.0,0
baseline,0.0125,720575940610711250,early_large_only,0.0,0.0,0
baseline,0.0125,720575940610711250,later_large_only,0.0,0.0,0
baseline,0.0125,720575940610711250,other_active,0.0,0.0,0
baseline,0.0125,720575940610711250,silent_all,0.0,0.0,0
baseline,0.0125,720575940626620568,input,0.0,0.0,0
baseline,0.0125,720575940626620568,early_large_only,0.0,0.0,0
baseline,0.0125,720575940626620568,later_large_only,0.0,0.0,0
baseline,0.0125,720575940626620568,other_active,0.0,0.0,0
baseline,0.0125,720575940626620568,silent_all,0.0,0.0,0
baseline,0.0125,720575940611738035,input,0.0,0.0,0
baseline,0.0125,720575940611738035,early_large_only,0.0,0.0,0
baseline,0.0125,720575940611738035,later_large_only,0.0,0.0,0
baseline,0.0125,720575940611738035,other_active,0.0,0.0,0
baseline,0.0125,720575940611738035,silent_all,0.0,0.0,0
baseline,0.0125,720575940618853968,input,0.0,0.0,0
baseline,0.0125,720575940618853968,early_large_only,0.0,0.0,0
baseline,0.0125,720575940618853968,later_large_only,0.0,0.0,0
baseline,0.0125,720575940618853968,other_active,0.0,0.0,0
baseline,0.0125,720575940618853968,silent_all,0.0,0.0,0
baseline,0.0125,720575940629592143,input,0.0,0.0,0
baseline,0.0125,720575940629592143,early_large_only,0.0,0.0,0
baseline,0.0125,720575940629592143,later_large_only,0.0,0.0,0
baseline,0.0125,720575940629592143,other_active,0.0,-1.5840000000000003,2
baseline,0.0125,720575940629592143,silent_all,0.0,0.0,0
baseline,0.0125,720575940647589172,input,0.0,0.0,0
baseline,0.0125,720575940647589172,early_large_only,0.0,0.0,0
baseline,0.0125,720575940647589172,later_large_only,0.0,0.0,0
baseline,0.0125,720575940647589172,other_active,0.0,0.0,0
baseline,0.0125,720575940647589172,silent_all,0.0,0.0,0
baseline,0.0125,720575940624055614,input,0.0,0.0,0
baseline,0.0125,720575940624055614,early_large_only,0.0,0.0,0
baseline,0.0125,720575940624055614,later_large_only,0.0,0.0,0
baseline,0.0125,720575940624055614,other_active,0.0,0.0,0
baseline,0.0125,720575940624055614,silent_all,0.0,0.0,0
baseline,0.0125,720575940623649097,input,0.0,0.0,0
baseline,0.0125,720575940623649097,early_large_only,0.0,0.0,0
baseline,0.0125,720575940623649097,later_large_only,0.0,0.0,0
baseline,0.0125,720575940623649097,other_active,0.0,0.0,0
baseline,0.0125,720575940623649097,silent_all,0.0,0.0,0
baseline,0.0125,720575940621426300,input,0.0,0.0,0
baseline,0.0125,720575940621426300,early_large_only,0.0,0.0,0
baseline,0.0125,720575940621426300,later_large_only,0.0,0.0,0
baseline,0.0125,720575940621426300,other_active,0.0,0.0,0
baseline,0.0125,720575940621426300,silent_all,0.0,0.0,0
baseline,0.0125,720575940639542691,input,0.0,0.0,0
baseline,0.0125,720575940639542691,early_large_only,0.0,0.0,0
baseline,0.0125,720575940639542691,later_large_only,0.0,0.0,0
baseline,0.0125,720575940639542691,other_active,0.0,0.0,0
baseline,0.0125,720575940639542691,silent_all,0.0,0.0,0
baseline,0.0125,720575940630913221,input,0.0,0.0,0
baseline,0.0125,720575940630913221,early_large_only,0.0,0.0,0
baseline,0.0125,720575940630913221,later_large_only,0.0,0.0,0
baseline,0.0125,720575940630913221,other_active,0.0,0.0,0
baseline,0.0125,720575940630913221,silent_all,0.0,0.0,0
baseline,0.0125,720575940620301677,input,0.0,0.0,0
baseline,0.0125,720575940620301677,early_large_only,0.0,0.0,0
baseline,0.0125,720575940620301677,later_large_only,0.0,0.0,0
baseline,0.0125,720575940620301677,other_active,0.0,0.0,0
baseline,0.0125,720575940620301677,silent_all,0.0,0.0,0
baseline,0.0125,720575940610649208,input,0.0,0.0,0
baseline,0.0125,720575940610649208,early_large_only,0.0,0.0,0
baseline,0.0125,720575940610649208,later_large_only,0.0,0.0,0
baseline,0.0125,720575940610649208,other_active,0.66,0.0,1
baseline,0.0125,720575940610649208,silent_all,0.0,0.0,0
baseline,0.0125,720575940625993817,input,0.0,0.0,0
baseline,0.0125,720575940625993817,early_large_only,0.0,0.0,0
baseline,0.0125,720575940625993817,later_large_only,0.0,0.0,0
baseline,0.0125,720575940625993817,other_active,0.0,0.0,0
baseline,0.0125,720575940625993817,silent_all,0.0,0.0,0
baseline,0.0125,720575940634874266,input,0.0,0.0,0
baseline,0.0125,720575940634874266,early_large_only,0.0,0.0,0
baseline,0.0125,720575940634874266,later_large_only,0.0,0.0,0
baseline,0.0125,720575940634874266,other_active,0.33,0.0,1
baseline,0.0125,720575940634874266,silent_all,0.0,0.0,0
baseline,0.0125,720575940604690278,input,0.0,0.0,0
baseline,0.0125,720575940604690278,early_large_only,0.0,0.0,0
baseline,0.0125,720575940604690278,later_large_only,0.0,0.0,0
baseline,0.0125,720575940604690278,other_active,0.0,-0.792,3
baseline,0.0125,720575940604690278,silent_all,0.0,0.0,0
baseline,0.0125,720575940624574356,input,0.0,0.0,0
baseline,0.0125,720575940624574356,early_large_only,0.0,0.0,0
baseline,0.0125,720575940624574356,later_large_only,0.0,0.0,0
baseline,0.0125,720575940624574356,other_active,0.0,-1.32,3
baseline,0.0125,720575940624574356,silent_all,0.0,0.0,0
baseline,0.0125,720575940627204362,input,0.0,0.0,0
baseline,0.0125,720575940627204362,early_large_only,0.0,0.0,0
baseline,0.0125,720575940627204362,later_large_only,0.0,0.0,0
baseline,0.0125,720575940627204362,other_active,0.0,-21.912000000000003,2
baseline,0.0125,720575940627204362,silent_all,0.0,0.0,0
baseline,0.0125,720575940626813010,input,0.0,0.0,0
baseline,0.0125,720575940626813010,early_large_only,0.0,0.0,0
baseline,0.0125,720575940626813010,later_large_only,0.0,0.0,0
baseline,0.0125,720575940626813010,other_active,0.0,0.0,0
baseline,0.0125,720575940626813010,silent_all,0.0,0.0,0
baseline,0.0125,720575940623260201,input,0.0,0.0,0
baseline,0.0125,720575940623260201,early_large_only,0.0,0.0,0
baseline,0.0125,720575940623260201,later_large_only,0.0,0.0,0
baseline,0.0125,720575940623260201,other_active,0.0,-0.264,1
baseline,0.0125,720575940623260201,silent_all,0.0,0.0,0
baseline,0.0125,720575940605480806,input,0.0,0.0,0
baseline,0.0125,720575940605480806,early_large_only,0.0,0.0,0
baseline,0.0125,720575940605480806,later_large_only,0.0,0.0,0
baseline,0.0125,720575940605480806,other_active,0.0,0.0,0
baseline,0.0125,720575940605480806,silent_all,0.0,0.0,0
baseline,0.0125,720575940645610787,input,0.0,0.0,0
baseline,0.0125,720575940645610787,early_large_only,0.0,0.0,0
baseline,0.0125,720575940645610787,later_large_only,0.0,0.0,0
baseline,0.0125,720575940645610787,other_active,0.0,0.0,0
baseline,0.0125,720575940645610787,silent_all,0.0,0.0,0
baseline,0.0125,720575940629095323,input,0.0,0.0,0
baseline,0.0125,720575940629095323,early_large_only,0.0,0.0,0
baseline,0.0125,720575940629095323,later_large_only,0.0,0.0,0
baseline,0.0125,720575940629095323,other_active,0.0,0.0,0
baseline,0.0125,720575940629095323,silent_all,0.0,0.0,0
baseline,0.0125,720575940638225597,input,0.0,0.0,0
baseline,0.0125,720575940638225597,early_large_only,0.0,0.0,0
baseline,0.0125,720575940638225597,later_large_only,0.0,0.0,0
baseline,0.0125,720575940638225597,other_active,0.0,0.0,0
baseline,0.0125,720575940638225597,silent_all,0.0,0.0,0
baseline,0.0125,720575940624073452,input,0.0,0.0,0
baseline,0.0125,720575940624073452,early_large_only,0.0,0.0,0
baseline,0.0125,720575940624073452,later_large_only,0.0,0.0,0
baseline,0.0125,720575940624073452,other_active,0.0,0.0,0
baseline,0.0125,720575940624073452,silent_all,0.0,0.0,0
baseline,0.0125,720575940626867530,input,0.0,0.0,0
baseline,0.0125,720575940626867530,early_large_only,0.0,0.0,0
baseline,0.0125,720575940626867530,later_large_only,0.0,0.0,0
baseline,0.0125,720575940626867530,other_active,0.0,0.0,0
baseline,0.0125,720575940626867530,silent_all,0.0,0.0,0
baseline,0.0125,720575940633771033,input,0.0,0.0,0
baseline,0.0125,720575940633771033,early_large_only,0.0,0.0,0
baseline,0.0125,720575940633771033,later_large_only,0.0,0.0,0
baseline,0.0125,720575940633771033,other_active,0.0,0.0,0
baseline,0.0125,720575940633771033,silent_all,0.0,0.0,0
baseline,0.0125,720575940637982552,input,0.0,0.0,0
baseline,0.0125,720575940637982552,early_large_only,0.0,0.0,0
baseline,0.0125,720575940637982552,later_large_only,0.0,0.0,0
baseline,0.0125,720575940637982552,other_active,0.0,0.0,0
baseline,0.0125,720575940637982552,silent_all,0.0,0.0,0
baseline,0.0125,720575940631457347,input,0.0,0.0,0
baseline,0.0125,720575940631457347,early_large_only,0.0,0.0,0
baseline,0.0125,720575940631457347,later_large_only,0.0,0.0,0
baseline,0.0125,720575940631457347,other_active,0.0,0.0,0
baseline,0.0125,720575940631457347,silent_all,0.0,0.0,0
baseline,0.0125,720575940622201046,input,0.0,0.0,0
baseline,0.0125,720575940622201046,early_large_only,0.0,0.0,0
baseline,0.0125,720575940622201046,later_large_only,0.0,0.0,0
baseline,0.0125,720575940622201046,other_active,0.0,0.0,0
baseline,0.0125,720575940622201046,silent_all,0.0,0.0,0
baseline,0.0125,720575940622518197,input,0.0,0.0,0
baseline,0.0125,720575940622518197,early_large_only,0.0,0.0,0
baseline,0.0125,720575940622518197,later_large_only,0.0,0.0,0
baseline,0.0125,720575940622518197,other_active,0.0,0.0,0
baseline,0.0125,720575940622518197,silent_all,0.0,0.0,0
baseline,0.0125,720575940635120491,input,0.0,0.0,0
baseline,0.0125,720575940635120491,early_large_only,0.0,0.0,0
baseline,0.0125,720575940635120491,later_large_only,0.0,0.0,0
baseline,0.0125,720575940635120491,other_active,0.66,0.0,1
baseline,0.0125,720575940635120491,silent_all,0.0,0.0,0
baseline,0.0125,720575940630294138,input,0.0,0.0,0
baseline,0.0125,720575940630294138,early_large_only,0.0,0.0,0
baseline,0.0125,720575940630294138,later_large_only,0.0,0.0,0
baseline,0.0125,720575940630294138,other_active,4.62,-20.328000000000003,11
baseline,0.0125,720575940630294138,silent_all,0.0,0.0,0
baseline,0.0125,720575940636970096,input,0.0,0.0,0
baseline,0.0125,720575940636970096,early_large_only,0.0,0.0,0
baseline,0.0125,720575940636970096,later_large_only,0.0,0.0,0
baseline,0.0125,720575940636970096,other_active,0.33,0.0,1
baseline,0.0125,720575940636970096,silent_all,0.0,0.0,0
baseline,0.0125,720575940622957064,input,0.0,0.0,0
baseline,0.0125,720575940622957064,early_large_only,0.0,0.0,0
baseline,0.0125,720575940622957064,later_large_only,0.0,0.0,0
baseline,0.0125,720575940622957064,other_active,0.0,-1.32,3
baseline,0.0125,720575940622957064,silent_all,0.0,0.0,0
baseline,0.0125,720575940621363421,input,0.0,0.0,0
baseline,0.0125,720575940621363421,early_large_only,0.0,0.0,0
baseline,0.0125,720575940621363421,later_large_only,0.0,0.0,0
baseline,0.0125,720575940621363421,other_active,4.95,0.0,1
baseline,0.0125,720575940621363421,silent_all,0.0,0.0,0
baseline,0.0125,720575940625786493,input,0.0,0.0,0
baseline,0.0125,720575940625786493,early_large_only,0.0,0.0,0
baseline,0.0125,720575940625786493,later_large_only,0.0,0.0,0
baseline,0.0125,720575940625786493,other_active,0.33,0.0,1
baseline,0.0125,720575940625786493,silent_all,0.0,0.0,0
baseline,0.0125,720575940630738263,input,0.0,0.0,0
baseline,0.0125,720575940630738263,early_large_only,0.0,0.0,0
baseline,0.0125,720575940630738263,later_large_only,0.0,0.0,0
baseline,0.0125,720575940630738263,other_active,0.0,0.0,0
baseline,0.0125,720575940630738263,silent_all,0.0,0.0,0
baseline,0.0125,720575940612542742,input,0.0,0.0,0
baseline,0.0125,720575940612542742,early_large_only,0.0,0.0,0
baseline,0.0125,720575940612542742,later_large_only,0.0,0.0,0
baseline,0.0125,720575940612542742,other_active,0.99,0.0,2
baseline,0.0125,720575940612542742,silent_all,0.0,0.0,0
baseline,0.0125,720575940617296029,input,0.0,0.0,0
baseline,0.0125,720575940617296029,early_large_only,0.0,0.0,0
baseline,0.0125,720575940617296029,later_large_only,0.0,0.0,0
baseline,0.0125,720575940617296029,other_active,27.72,-1.848,23
baseline,0.0125,720575940617296029,silent_all,0.0,0.0,0
baseline,0.0125,720575940627312104,input,0.0,0.0,0
baseline,0.0125,720575940627312104,early_large_only,0.0,0.0,0
baseline,0.0125,720575940627312104,later_large_only,0.0,0.0,0
baseline,0.0125,720575940627312104,other_active,0.33,0.0,1
baseline,0.0125,720575940627312104,silent_all,0.0,0.0,0
baseline,0.0125,720575940627673585,input,0.0,0.0,0
baseline,0.0125,720575940627673585,early_large_only,0.0,0.0,0
baseline,0.0125,720575940627673585,later_large_only,0.0,0.0,0
baseline,0.0125,720575940627673585,other_active,0.0,0.0,0
baseline,0.0125,720575940627673585,silent_all,0.0,0.0,0
baseline,0.0125,720575940630480581,input,0.0,0.0,0
baseline,0.0125,720575940630480581,early_large_only,0.0,0.0,0
baseline,0.0125,720575940630480581,later_large_only,0.0,0.0,0
baseline,0.0125,720575940630480581,other_active,0.33,0.0,1
baseline,0.0125,720575940630480581,silent_all,0.0,0.0,0
baseline,0.0125,720575940621159094,input,0.0,0.0,0
baseline,0.0125,720575940621159094,early_large_only,0.0,0.0,0
baseline,0.0125,720575940621159094,later_large_only,0.0,0.0,0
baseline,0.0125,720575940621159094,other_active,0.33,0.0,1
baseline,0.0125,720575940621159094,silent_all,0.0,0.0,0
baseline,0.0125,720575940626135122,input,0.0,0.0,0
baseline,0.0125,720575940626135122,early_large_only,0.0,0.0,0
baseline,0.0125,720575940626135122,later_large_only,0.0,0.0,0
baseline,0.0125,720575940626135122,other_active,0.0,0.0,0
baseline,0.0125,720575940626135122,silent_all,0.0,0.0,0
baseline,0.0125,720575940616792577,input,0.0,0.0,0
baseline,0.0125,720575940616792577,early_large_only,0.0,0.0,0
baseline,0.0125,720575940616792577,later_large_only,0.0,0.0,0
baseline,0.0125,720575940616792577,other_active,0.0,0.0,0
baseline,0.0125,720575940616792577,silent_all,0.0,0.0,0
baseline,0.0125,720575940605419622,input,0.0,0.0,0
baseline,0.0125,720575940605419622,early_large_only,0.0,0.0,0
baseline,0.0125,720575940605419622,later_large_only,0.0,0.0,0
baseline,0.0125,720575940605419622,other_active,0.66,0.0,2
baseline,0.0125,720575940605419622,silent_all,0.0,0.0,0
baseline,0.0125,720575940637106032,input,0.0,0.0,0
baseline,0.0125,720575940637106032,early_large_only,0.0,0.0,0
baseline,0.0125,720575940637106032,later_large_only,0.0,0.0,0
baseline,0.0125,720575940637106032,other_active,0.0,-1.8480000000000003,1
baseline,0.0125,720575940637106032,silent_all,0.0,0.0,0
baseline,0.0125,720575940632876223,input,0.0,0.0,0
baseline,0.0125,720575940632876223,early_large_only,0.0,0.0,0
baseline,0.0125,720575940632876223,later_large_only,0.0,0.0,0
baseline,0.0125,720575940632876223,other_active,0.0,0.0,0
baseline,0.0125,720575940632876223,silent_all,0.0,0.0,0
baseline,0.0125,720575940634274458,input,0.0,0.0,0
baseline,0.0125,720575940634274458,early_large_only,0.0,0.0,0
baseline,0.0125,720575940634274458,later_large_only,0.0,0.0,0
baseline,0.0125,720575940634274458,other_active,0.0,0.0,0
baseline,0.0125,720575940634274458,silent_all,0.0,0.0,0
baseline,0.0125,720575940632542253,input,0.0,0.0,0
baseline,0.0125,720575940632542253,early_large_only,0.0,0.0,0
baseline,0.0125,720575940632542253,later_large_only,0.0,0.0,0
baseline,0.0125,720575940632542253,other_active,0.0,0.0,0
baseline,0.0125,720575940632542253,silent_all,0.0,0.0,0
baseline,0.0125,720575940629731579,input,0.0,0.0,0
baseline,0.0125,720575940629731579,early_large_only,0.0,0.0,0
baseline,0.0125,720575940629731579,later_large_only,0.0,0.0,0
baseline,0.0125,720575940629731579,other_active,0.0,0.0,0
baseline,0.0125,720575940629731579,silent_all,0.0,0.0,0
baseline,0.0125,720575940645264750,input,0.0,0.0,0
baseline,0.0125,720575940645264750,early_large_only,0.0,0.0,0
baseline,0.0125,720575940645264750,later_large_only,0.0,0.0,0
baseline,0.0125,720575940645264750,other_active,0.0,0.0,0
baseline,0.0125,720575940645264750,silent_all,0.0,0.0,0
baseline,0.0125,720575940622025548,input,0.0,0.0,0
baseline,0.0125,720575940622025548,early_large_only,0.0,0.0,0
baseline,0.0125,720575940622025548,later_large_only,0.0,0.0,0
baseline,0.0125,720575940622025548,other_active,0.0,0.0,0
baseline,0.0125,720575940622025548,silent_all,0.0,0.0,0
baseline,0.0125,720575940632305951,input,0.0,0.0,0
baseline,0.0125,720575940632305951,early_large_only,0.0,0.0,0
baseline,0.0125,720575940632305951,later_large_only,0.0,0.0,0
baseline,0.0125,720575940632305951,other_active,0.0,0.0,0
baseline,0.0125,720575940632305951,silent_all,0.0,0.0,0
baseline,0.0125,720575940614412906,input,0.0,0.0,0
baseline,0.0125,720575940614412906,early_large_only,0.0,0.0,0
baseline,0.0125,720575940614412906,later_large_only,0.0,0.0,0
baseline,0.0125,720575940614412906,other_active,0.0,-7.656000000000001,2
baseline,0.0125,720575940614412906,silent_all,0.0,0.0,0
baseline,0.0125,720575940630169660,input,0.0,0.0,0
baseline,0.0125,720575940630169660,early_large_only,0.0,0.0,0
baseline,0.0125,720575940630169660,later_large_only,0.0,0.0,0
baseline,0.0125,720575940630169660,other_active,3.96,0.0,1
baseline,0.0125,720575940630169660,silent_all,0.0,0.0,0
baseline,0.0125,720575940636479863,input,0.0,0.0,0
baseline,0.0125,720575940636479863,early_large_only,0.0,0.0,0
baseline,0.0125,720575940636479863,later_large_only,0.0,0.0,0
baseline,0.0125,720575940636479863,other_active,16.17,-11.88,16
baseline,0.0125,720575940636479863,silent_all,0.0,0.0,0
baseline,0.0125,720575940619409542,input,0.0,0.0,0
baseline,0.0125,720575940619409542,early_large_only,0.0,0.0,0
baseline,0.0125,720575940619409542,later_large_only,0.0,0.0,0
baseline,0.0125,720575940619409542,other_active,0.0,0.0,0
baseline,0.0125,720575940619409542,silent_all,0.0,0.0,0
baseline,0.0125,720575940611502309,input,0.0,0.0,0
baseline,0.0125,720575940611502309,early_large_only,0.0,0.0,0
baseline,0.0125,720575940611502309,later_large_only,0.0,0.0,0
baseline,0.0125,720575940611502309,other_active,0.0,0.0,0
baseline,0.0125,720575940611502309,silent_all,0.0,0.0,0
baseline,0.0125,720575940606865330,input,0.0,0.0,0
baseline,0.0125,720575940606865330,early_large_only,0.0,0.0,0
baseline,0.0125,720575940606865330,later_large_only,0.0,0.0,0
baseline,0.0125,720575940606865330,other_active,4.95,-3.6960000000000006,5
baseline,0.0125,720575940606865330,silent_all,0.0,0.0,0
baseline,0.0125,720575940621866108,input,0.0,0.0,0
baseline,0.0125,720575940621866108,early_large_only,0.0,0.0,0
baseline,0.0125,720575940621866108,later_large_only,0.0,0.0,0
baseline,0.0125,720575940621866108,other_active,0.0,0.0,0
baseline,0.0125,720575940621866108,silent_all,0.0,0.0,0
baseline,0.0125,720575940612213741,input,0.0,0.0,0
baseline,0.0125,720575940612213741,early_large_only,0.0,0.0,0
baseline,0.0125,720575940612213741,later_large_only,0.0,0.0,0
baseline,0.0125,720575940612213741,other_active,9.57,-9.504000000000001,10
baseline,0.0125,720575940612213741,silent_all,0.0,0.0,0
baseline,0.0125,720575940629836343,input,0.0,0.0,0
baseline,0.0125,720575940629836343,early_large_only,0.0,0.0,0
baseline,0.0125,720575940629836343,later_large_only,0.0,0.0,0
baseline,0.0125,720575940629836343,other_active,0.0,0.0,0
baseline,0.0125,720575940629836343,silent_all,0.0,0.0,0
baseline,0.0125,720575940621961242,input,0.0,0.0,0
baseline,0.0125,720575940621961242,early_large_only,0.0,0.0,0
baseline,0.0125,720575940621961242,later_large_only,0.0,0.0,0
baseline,0.0125,720575940621961242,other_active,0.0,0.0,0
baseline,0.0125,720575940621961242,silent_all,0.0,0.0,0
baseline,0.0125,720575940603587500,input,0.0,0.0,0
baseline,0.0125,720575940603587500,early_large_only,0.0,0.0,0
baseline,0.0125,720575940603587500,later_large_only,0.0,0.0,0
baseline,0.0125,720575940603587500,other_active,0.0,0.0,0
baseline,0.0125,720575940603587500,silent_all,0.0,0.0,0
baseline,0.0125,720575940618522673,input,0.0,0.0,0
baseline,0.0125,720575940618522673,early_large_only,0.0,0.0,0
baseline,0.0125,720575940618522673,later_large_only,0.0,0.0,0
baseline,0.0125,720575940618522673,other_active,3.9600000000000004,0.0,2
baseline,0.0125,720575940618522673,silent_all,0.0,0.0,0
baseline,0.0125,720575940638808448,input,0.0,0.0,0
baseline,0.0125,720575940638808448,early_large_only,0.0,0.0,0
baseline,0.0125,720575940638808448,later_large_only,0.0,0.0,0
baseline,0.0125,720575940638808448,other_active,0.0,0.0,0
baseline,0.0125,720575940638808448,silent_all,0.0,0.0,0
baseline,0.0125,720575940608351324,input,0.0,0.0,0
baseline,0.0125,720575940608351324,early_large_only,0.0,0.0,0
baseline,0.0125,720575940608351324,later_large_only,0.0,0.0,0
baseline,0.0125,720575940608351324,other_active,0.0,0.0,0
baseline,0.0125,720575940608351324,silent_all,0.0,0.0,0
baseline,0.0125,720575940618626171,input,0.0,0.0,0
baseline,0.0125,720575940618626171,early_large_only,0.0,0.0,0
baseline,0.0125,720575940618626171,later_large_only,0.0,0.0,0
baseline,0.0125,720575940618626171,other_active,0.33,0.0,1
baseline,0.0125,720575940618626171,silent_all,0.0,0.0,0
baseline,0.0125,720575940627982332,input,0.0,0.0,0
baseline,0.0125,720575940627982332,early_large_only,0.0,0.0,0
baseline,0.0125,720575940627982332,later_large_only,0.0,0.0,0
baseline,0.0125,720575940627982332,other_active,0.0,0.0,0
baseline,0.0125,720575940627982332,silent_all,0.0,0.0,0
baseline,0.0125,720575940628962938,input,0.0,0.0,0
baseline,0.0125,720575940628962938,early_large_only,0.0,0.0,0
baseline,0.0125,720575940628962938,later_large_only,0.0,0.0,0
baseline,0.0125,720575940628962938,other_active,0.0,0.0,0
baseline,0.0125,720575940628962938,silent_all,0.0,0.0,0
baseline,0.0125,720575940630882263,input,0.0,0.0,0
baseline,0.0125,720575940630882263,early_large_only,0.0,0.0,0
baseline,0.0125,720575940630882263,later_large_only,0.0,0.0,0
baseline,0.0125,720575940630882263,other_active,0.0,0.0,0
baseline,0.0125,720575940630882263,silent_all,0.0,0.0,0
baseline,0.0125,720575940622651869,input,0.0,0.0,0
baseline,0.0125,720575940622651869,early_large_only,0.0,0.0,0
baseline,0.0125,720575940622651869,later_large_only,0.0,0.0,0
baseline,0.0125,720575940622651869,other_active,0.99,0.0,1
baseline,0.0125,720575940622651869,silent_all,0.0,0.0,0
baseline,0.0125,720575940622811116,input,0.0,0.0,0
baseline,0.0125,720575940622811116,early_large_only,0.0,0.0,0
baseline,0.0125,720575940622811116,later_large_only,0.0,0.0,0
baseline,0.0125,720575940622811116,other_active,0.0,0.0,0
baseline,0.0125,720575940622811116,silent_all,0.0,0.0,0
baseline,0.0125,720575940621968845,input,0.0,0.0,0
baseline,0.0125,720575940621968845,early_large_only,0.0,0.0,0
baseline,0.0125,720575940621968845,later_large_only,0.0,0.0,0
baseline,0.0125,720575940621968845,other_active,0.0,-0.264,1
baseline,0.0125,720575940621968845,silent_all,0.0,0.0,0
baseline,0.0125,720575940607386802,input,0.0,0.0,0
baseline,0.0125,720575940607386802,early_large_only,0.0,0.0,0
baseline,0.0125,720575940607386802,later_large_only,0.0,0.0,0
baseline,0.0125,720575940607386802,other_active,19.47,-15.84,17
baseline,0.0125,720575940607386802,silent_all,0.0,0.0,0
baseline,0.0125,720575940622351128,input,0.0,0.0,0
baseline,0.0125,720575940622351128,early_large_only,0.0,0.0,0
baseline,0.0125,720575940622351128,later_large_only,0.0,0.0,0
baseline,0.0125,720575940622351128,other_active,0.33,-1.056,2
baseline,0.0125,720575940622351128,silent_all,0.0,0.0,0
baseline,0.0125,720575940629056411,input,0.0,0.0,0
baseline,0.0125,720575940629056411,early_large_only,0.0,0.0,0
baseline,0.0125,720575940629056411,later_large_only,0.0,0.0,0
baseline,0.0125,720575940629056411,other_active,10.89,0.0,1
baseline,0.0125,720575940629056411,silent_all,0.0,0.0,0
baseline,0.0125,720575940623528595,input,0.0,0.0,0
baseline,0.0125,720575940623528595,early_large_only,0.0,0.0,0
baseline,0.0125,720575940623528595,later_large_only,0.0,0.0,0
baseline,0.0125,720575940623528595,other_active,0.33,0.0,1
baseline,0.0125,720575940623528595,silent_all,0.0,0.0,0
baseline,0.0125,720575940631983277,input,0.0,0.0,0
baseline,0.0125,720575940631983277,early_large_only,0.0,0.0,0
baseline,0.0125,720575940631983277,later_large_only,0.0,0.0,0
baseline,0.0125,720575940631983277,other_active,0.0,0.0,0
baseline,0.0125,720575940631983277,silent_all,0.0,0.0,0
baseline,0.0125,720575940619875060,input,0.0,0.0,0
baseline,0.0125,720575940619875060,early_large_only,0.0,0.0,0
baseline,0.0125,720575940619875060,later_large_only,0.0,0.0,0
baseline,0.0125,720575940619875060,other_active,0.0,0.0,0
baseline,0.0125,720575940619875060,silent_all,0.0,0.0,0
baseline,0.0125,720575940629952300,input,0.0,0.0,0
baseline,0.0125,720575940629952300,early_large_only,0.0,0.0,0
baseline,0.0125,720575940629952300,later_large_only,0.0,0.0,0
baseline,0.0125,720575940629952300,other_active,0.0,0.0,0
baseline,0.0125,720575940629952300,silent_all,0.0,0.0,0
baseline,0.0125,720575940620828165,input,0.0,0.0,0
baseline,0.0125,720575940620828165,early_large_only,0.0,0.0,0
baseline,0.0125,720575940620828165,later_large_only,0.0,0.0,0
baseline,0.0125,720575940620828165,other_active,0.0,0.0,0
baseline,0.0125,720575940620828165,silent_all,0.0,0.0,0
baseline,0.0125,720575940634160735,input,0.0,0.0,0
baseline,0.0125,720575940634160735,early_large_only,0.0,0.0,0
baseline,0.0125,720575940634160735,later_large_only,0.0,0.0,0
baseline,0.0125,720575940634160735,other_active,0.0,0.0,0
baseline,0.0125,720575940634160735,silent_all,0.0,0.0,0
baseline,0.0125,720575940614461014,input,0.0,0.0,0
baseline,0.0125,720575940614461014,early_large_only,0.0,0.0,0
baseline,0.0125,720575940614461014,later_large_only,0.0,0.0,0
baseline,0.0125,720575940614461014,other_active,3.6300000000000003,-11.352,3
baseline,0.0125,720575940614461014,silent_all,0.0,0.0,0
baseline,0.0125,720575940635723662,input,0.0,0.0,0
baseline,0.0125,720575940635723662,early_large_only,0.0,0.0,0
baseline,0.0125,720575940635723662,later_large_only,0.0,0.0,0
baseline,0.0125,720575940635723662,other_active,0.0,0.0,0
baseline,0.0125,720575940635723662,silent_all,0.0,0.0,0
baseline,0.0125,720575940617443648,input,0.0,0.0,0
baseline,0.0125,720575940617443648,early_large_only,0.0,0.0,0
baseline,0.0125,720575940617443648,later_large_only,0.0,0.0,0
baseline,0.0125,720575940617443648,other_active,0.0,-0.264,1
baseline,0.0125,720575940617443648,silent_all,0.0,0.0,0
baseline,0.0125,720575940625050256,input,0.0,0.0,0
baseline,0.0125,720575940625050256,early_large_only,0.0,0.0,0
baseline,0.0125,720575940625050256,later_large_only,0.0,0.0,0
baseline,0.0125,720575940625050256,other_active,0.0,-0.7920000000000001,1
baseline,0.0125,720575940625050256,silent_all,0.0,0.0,0
baseline,0.0125,720575940660217985,input,0.0,0.0,0
baseline,0.0125,720575940660217985,early_large_only,0.0,0.0,0
baseline,0.0125,720575940660217985,later_large_only,0.0,0.0,0
baseline,0.0125,720575940660217985,other_active,0.0,0.0,0
baseline,0.0125,720575940660217985,silent_all,0.0,0.0,0
baseline,0.0125,720575940618715550,input,0.0,0.0,0
baseline,0.0125,720575940618715550,early_large_only,0.0,0.0,0
baseline,0.0125,720575940618715550,later_large_only,0.0,0.0,0
baseline,0.0125,720575940618715550,other_active,0.0,0.0,0
baseline,0.0125,720575940618715550,silent_all,0.0,0.0,0
baseline,0.0125,720575940620904869,input,0.0,0.0,0
baseline,0.0125,720575940620904869,early_large_only,0.0,0.0,0
baseline,0.0125,720575940620904869,later_large_only,0.0,0.0,0
baseline,0.0125,720575940620904869,other_active,0.99,0.0,1
baseline,0.0125,720575940620904869,silent_all,0.0,0.0,0
baseline,0.0125,720575940622566026,input,0.0,0.0,0
baseline,0.0125,720575940622566026,early_large_only,0.0,0.0,0
baseline,0.0125,720575940622566026,later_large_only,0.0,0.0,0
baseline,0.0125,720575940622566026,other_active,0.0,0.0,0
baseline,0.0125,720575940622566026,silent_all,0.0,0.0,0
baseline,0.0125,720575940635249332,input,0.0,0.0,0
baseline,0.0125,720575940635249332,early_large_only,0.0,0.0,0
baseline,0.0125,720575940635249332,later_large_only,0.0,0.0,0
baseline,0.0125,720575940635249332,other_active,0.0,0.0,0
baseline,0.0125,720575940635249332,silent_all,0.0,0.0,0
baseline,0.0125,720575940636143608,input,0.0,0.0,0
baseline,0.0125,720575940636143608,early_large_only,0.0,0.0,0
baseline,0.0125,720575940636143608,later_large_only,0.0,0.0,0
baseline,0.0125,720575940636143608,other_active,0.0,0.0,0
baseline,0.0125,720575940636143608,silent_all,0.0,0.0,0
baseline,0.0125,720575940618320674,input,0.0,0.0,0
baseline,0.0125,720575940618320674,early_large_only,0.0,0.0,0
baseline,0.0125,720575940618320674,later_large_only,0.0,0.0,0
baseline,0.0125,720575940618320674,other_active,4.62,-7.656000000000001,16
baseline,0.0125,720575940618320674,silent_all,0.0,0.0,0
baseline,0.0125,720575940618954038,input,0.0,0.0,0
baseline,0.0125,720575940618954038,early_large_only,0.0,0.0,0
baseline,0.0125,720575940618954038,later_large_only,0.0,0.0,0
baseline,0.0125,720575940618954038,other_active,0.0,0.0,0
baseline,0.0125,720575940618954038,silent_all,0.0,0.0,0
baseline,0.0125,720575940624738121,input,0.0,0.0,0
baseline,0.0125,720575940624738121,early_large_only,0.0,0.0,0
baseline,0.0125,720575940624738121,later_large_only,0.0,0.0,0
baseline,0.0125,720575940624738121,other_active,0.0,0.0,0
baseline,0.0125,720575940624738121,silent_all,0.0,0.0,0
baseline,0.0125,720575940613894311,input,0.0,0.0,0
baseline,0.0125,720575940613894311,early_large_only,0.0,0.0,0
baseline,0.0125,720575940613894311,later_large_only,0.0,0.0,0
baseline,0.0125,720575940613894311,other_active,0.0,0.0,0
baseline,0.0125,720575940613894311,silent_all,0.0,0.0,0
baseline,0.0125,720575940626115134,input,0.0,0.0,0
baseline,0.0125,720575940626115134,early_large_only,0.0,0.0,0
baseline,0.0125,720575940626115134,later_large_only,0.0,0.0,0
baseline,0.0125,720575940626115134,other_active,0.0,0.0,0
baseline,0.0125,720575940626115134,silent_all,0.0,0.0,0
baseline,0.0125,720575940640955637,input,0.0,0.0,0
baseline,0.0125,720575940640955637,early_large_only,0.0,0.0,0
baseline,0.0125,720575940640955637,later_large_only,0.0,0.0,0
baseline,0.0125,720575940640955637,other_active,0.0,0.0,0
baseline,0.0125,720575940640955637,silent_all,0.0,0.0,0
baseline,0.0125,720575940612461461,input,0.0,0.0,0
baseline,0.0125,720575940612461461,early_large_only,0.0,0.0,0
baseline,0.0125,720575940612461461,later_large_only,0.0,0.0,0
baseline,0.0125,720575940612461461,other_active,0.0,0.0,0
baseline,0.0125,720575940612461461,silent_all,0.0,0.0,0
baseline,0.0125,720575940636241550,input,0.0,0.0,0
baseline,0.0125,720575940636241550,early_large_only,0.0,0.0,0
baseline,0.0125,720575940636241550,later_large_only,0.0,0.0,0
baseline,0.0125,720575940636241550,other_active,0.0,0.0,0
baseline,0.0125,720575940636241550,silent_all,0.0,0.0,0
baseline,0.0125,720575940612855318,input,0.0,0.0,0
baseline,0.0125,720575940612855318,early_large_only,0.0,0.0,0
baseline,0.0125,720575940612855318,later_large_only,0.0,0.0,0
baseline,0.0125,720575940612855318,other_active,0.0,0.0,0
baseline,0.0125,720575940612855318,silent_all,0.0,0.0,0
baseline,0.0125,720575940614944977,input,0.0,0.0,0
baseline,0.0125,720575940614944977,early_large_only,0.0,0.0,0
baseline,0.0125,720575940614944977,later_large_only,0.0,0.0,0
baseline,0.0125,720575940614944977,other_active,0.0,0.0,0
baseline,0.0125,720575940614944977,silent_all,0.0,0.0,0
baseline,0.0125,720575940632812575,input,0.0,0.0,0
baseline,0.0125,720575940632812575,early_large_only,0.0,0.0,0
baseline,0.0125,720575940632812575,later_large_only,0.0,0.0,0
baseline,0.0125,720575940632812575,other_active,0.0,0.0,0
baseline,0.0125,720575940632812575,silent_all,0.0,0.0,0
baseline,0.0125,720575940621781492,input,0.0,0.0,0
baseline,0.0125,720575940621781492,early_large_only,0.0,0.0,0
baseline,0.0125,720575940621781492,later_large_only,0.0,0.0,0
baseline,0.0125,720575940621781492,other_active,0.33,-5.28,2
baseline,0.0125,720575940621781492,silent_all,0.0,0.0,0
baseline,0.0125,720575940623955637,input,0.0,0.0,0
baseline,0.0125,720575940623955637,early_large_only,0.0,0.0,0
baseline,0.0125,720575940623955637,later_large_only,0.0,0.0,0
baseline,0.0125,720575940623955637,other_active,0.0,0.0,0
baseline,0.0125,720575940623955637,silent_all,0.0,0.0,0
baseline,0.0125,720575940617952034,input,0.0,0.0,0
baseline,0.0125,720575940617952034,early_large_only,0.0,0.0,0
baseline,0.0125,720575940617952034,later_large_only,0.0,0.0,0
baseline,0.0125,720575940617952034,other_active,0.0,-0.528,1
baseline,0.0125,720575940617952034,silent_all,0.0,0.0,0
baseline,0.0125,720575940623942280,input,0.0,0.0,0
baseline,0.0125,720575940623942280,early_large_only,0.0,0.0,0
baseline,0.0125,720575940623942280,later_large_only,0.0,0.0,0
baseline,0.0125,720575940623942280,other_active,0.0,0.0,0
baseline,0.0125,720575940623942280,silent_all,0.0,0.0,0
baseline,0.0125,720575940644362788,input,0.0,0.0,0
baseline,0.0125,720575940644362788,early_large_only,0.0,0.0,0
baseline,0.0125,720575940644362788,later_large_only,0.0,0.0,0
baseline,0.0125,720575940644362788,other_active,0.0,0.0,0
baseline,0.0125,720575940644362788,silent_all,0.0,0.0,0
baseline,0.0125,720575940628577897,input,0.0,0.0,0
baseline,0.0125,720575940628577897,early_large_only,0.0,0.0,0
baseline,0.0125,720575940628577897,later_large_only,0.0,0.0,0
baseline,0.0125,720575940628577897,other_active,1.32,0.0,1
baseline,0.0125,720575940628577897,silent_all,0.0,0.0,0
baseline,0.0125,720575940622755978,input,0.0,0.0,0
baseline,0.0125,720575940622755978,early_large_only,0.0,0.0,0
baseline,0.0125,720575940622755978,later_large_only,0.0,0.0,0
baseline,0.0125,720575940622755978,other_active,0.0,0.0,0
baseline,0.0125,720575940622755978,silent_all,0.0,0.0,0
mode_without_mn9,0.0125,720575940627371834,input,0.0,0.0,0
mode_without_mn9,0.0125,720575940627371834,early_large_only,0.0,0.0,0
mode_without_mn9,0.0125,720575940627371834,later_large_only,0.0,0.0,0
mode_without_mn9,0.0125,720575940627371834,other_active,50.489999999999995,-13.992000000000003,51
mode_without_mn9,0.0125,720575940627371834,silent_all,0.0,0.0,0
mode_without_mn9,0.0125,720575940610056772,input,0.0,0.0,0
mode_without_mn9,0.0125,720575940610056772,early_large_only,0.0,0.0,0
mode_without_mn9,0.0125,720575940610056772,later_large_only,0.0,0.0,0
mode_without_mn9,0.0125,720575940610056772,other_active,39.599999999999994,-4.224,19
mode_without_mn9,0.0125,720575940610056772,silent_all,0.0,0.0,0
mode_without_mn9,0.0125,720575940619876884,input,0.0,0.0,0
mode_without_mn9,0.0125,720575940619876884,early_large_only,0.0,0.0,0
mode_without_mn9,0.0125,720575940619876884,later_large_only,0.0,0.0,0
mode_without_mn9,0.0125,720575940619876884,other_active,50.16,-3.4320000000000004,18
mode_without_mn9,0.0125,720575940619876884,silent_all,0.0,0.0,0
mode_without_mn9,0.0125,720575940645866292,input,0.0,0.0,0
mode_without_mn9,0.0125,720575940645866292,early_large_only,0.0,0.0,0
mode_without_mn9,0.0125,720575940645866292,later_large_only,0.0,0.0,0
mode_without_mn9,0.0125,720575940645866292,other_active,80.52000000000001,-27.984,35
mode_without_mn9,0.0125,720575940645866292,silent_all,0.0,0.0,0
mode_without_mn9,0.0125,720575940624525043,input,0.0,0.0,0
mode_without_mn9,0.0125,720575940624525043,early_large_only,0.0,0.0,0
mode_without_mn9,0.0125,720575940624525043,later_large_only,0.0,0.0,0
mode_without_mn9,0.0125,720575940624525043,other_active,37.29,-2.6400000000000006,8
mode_without_mn9,0.0125,720575940624525043,silent_all,0.0,0.0,0
mode_without_mn9,0.0125,720575940611561139,input,0.0,0.0,0
mode_without_mn9,0.0125,720575940611561139,early_large_only,0.0,0.0,0
mode_without_mn9,0.0125,720575940611561139,later_large_only,0.0,0.0,0
mode_without_mn9,0.0125,720575940611561139,other_active,38.61000000000001,-2.904000000000001,16
mode_without_mn9,0.0125,720575940611561139,silent_all,0.0,0.0,0
mode_without_mn9,0.0125,720575940627699712,input,0.0,0.0,0
mode_without_mn9,0.0125,720575940627699712,early_large_only,0.0,0.0,0
mode_without_mn9,0.0125,720575940627699712,later_large_only,0.0,0.0,0
mode_without_mn9,0.0125,720575940627699712,other_active,32.01,0.0,2
mode_without_mn9,0.0125,720575940627699712,silent_all,0.0,0.0,0
mode_without_mn9,0.0125,720575940636963806,input,0.0,0.0,0
mode_without_mn9,0.0125,720575940636963806,early_large_only,0.0,0.0,0
mode_without_mn9,0.0125,720575940636963806,later_large_only,0.0,0.0,0
mode_without_mn9,0.0125,720575940636963806,other_active,36.96,-5.544000000000001,7
mode_without_mn9,0.0125,720575940636963806,silent_all,0.0,0.0,0
mode_without_mn9,0.0125,720575940611523733,input,0.0,0.0,0
mode_without_mn9,0.0125,720575940611523733,early_large_only,0.0,0.0,0
mode_without_mn9,0.0125,720575940611523733,later_large_only,0.0,0.0,0
mode_without_mn9,0.0125,720575940611523733,other_active,32.34,0.0,1
mode_without_mn9,0.0125,720575940611523733,silent_all,0.0,0.0,0
mode_without_mn9,0.0125,720575940611439473,input,0.0,0.0,0
mode_without_mn9,0.0125,720575940611439473,early_large_only,0.33,-6.336,3
mode_without_mn9,0.0125,720575940611439473,later_large_only,0.0,0.0,0
mode_without_mn9,0.0125,720575940611439473,other_active,36.63,-2.3760000000000003,5
mode_without_mn9,0.0125,720575940611439473,silent_all,0.0,0.0,0
mode_without_mn9,0.0125,720575940613441320,input,0.0,0.0,0
mode_without_mn9,0.0125,720575940613441320,early_large_only,0.0,-0.264,1
mode_without_mn9,0.0125,720575940613441320,later_large_only,0.0,0.0,0
mode_without_mn9,0.0125,720575940613441320,other_active,34.32,-2.112,6
mode_without_mn9,0.0125,720575940613441320,silent_all,0.0,0.0,0
mode_without_mn9,0.0125,720575940638633806,input,0.0,0.0,0
mode_without_mn9,0.0125,720575940638633806,early_large_only,0.66,-5.544,2
mode_without_mn9,0.0125,720575940638633806,later_large_only,0.0,0.0,0
mode_without_mn9,0.0125,720575940638633806,other_active,33.99,-2.112,6
mode_without_mn9,0.0125,720575940638633806,silent_all,0.0,0.0,0
mode_without_mn9,0.0125,720575940618588736,input,0.0,0.0,0
mode_without_mn9,0.0125,720575940618588736,early_large_only,8.91,-1.5840000000000003,3
mode_without_mn9,0.0125,720575940618588736,later_large_only,0.0,0.0,0
mode_without_mn9,0.0125,720575940618588736,other_active,31.349999999999994,-1.056,8
mode_without_mn9,0.0125,720575940618588736,silent_all,0.0,0.0,0
mode_without_mn9,0.0125,720575940635540671,input,0.0,0.0,0
mode_without_mn9,0.0125,720575940635540671,early_large_only,9.57,-1.584,3
mode_without_mn9,0.0125,720575940635540671,later_large_only,0.0,0.0,0
mode_without_mn9,0.0125,720575940635540671,other_active,36.63,-6.072000000000001,7
mode_without_mn9,0.0125,720575940635540671,silent_all,0.0,0.0,0
mode_without_mn9,0.0125,720575940619252952,input,0.0,0.0,0
mode_without_mn9,0.0125,720575940619252952,early_large_only,11.88,0.0,1
mode_without_mn9,0.0125,720575940619252952,later_large_only,0.0,0.0,0
mode_without_mn9,0.0125,720575940619252952,other_active,29.04,-0.792,4
mode_without_mn9,0.0125,720575940619252952,silent_all,0.0,0.0,0
mode_without_mn9,0.0125,720575940639935616,input,0.0,0.0,0
mode_without_mn9,0.0125,720575940639935616,early_large_only,46.2,-1.056,5
mode_without_mn9,0.0125,720575940639935616,later_large_only,0.0,0.0,0
mode_without_mn9,0.0125,720575940639935616,other_active,22.770000000000003,-2.3760000000000003,10
mode_without_mn9,0.0125,720575940639935616,silent_all,0.0,0.0,0
mode_without_mn9,0.0125,720575940629910636,input,0.0,0.0,0
mode_without_mn9,0.0125,720575940629910636,early_large_only,13.86,-7.92,4
mode_without_mn9,0.0125,720575940629910636,later_large_only,0.0,0.0,0
mode_without_mn9,0.0125,720575940629910636,other_active,34.32,-4.488,8
mode_without_mn9,0.0125,720575940629910636,silent_all,0.0,0.0,0
mode_without_mn9,0.0125,720575940623387786,input,0.0,0.0,0
mode_without_mn9,0.0125,720575940623387786,early_large_only,29.039999999999996,0.0,4
mode_without_mn9,0.0125,720575940623387786,later_large_only,0.0,0.0,0
mode_without_mn9,0.0125,720575940623387786,other_active,19.469999999999995,-0.528,4
mode_without_mn9,0.0125,720575940623387786,silent_all,0.0,0.0,0
mode_without_mn9,0.0125,720575940639283278,input,0.0,0.0,0
mode_without_mn9,0.0125,720575940639283278,early_large_only,75.57,-0.528,8
mode_without_mn9,0.0125,720575940639283278,later_large_only,0.0,0.0,0
mode_without_mn9,0.0125,720575940639283278,other_active,3.63,0.0,3
mode_without_mn9,0.0125,720575940639283278,silent_all,0.0,0.0,0
mode_without_mn9,0.0125,720575940628455942,input,0.0,0.0,0
mode_without_mn9,0.0125,720575940628455942,early_large_only,179.19,-3.696000000000001,12
mode_without_mn9,0.0125,720575940628455942,later_large_only,0.0,0.0,0
mode_without_mn9,0.0125,720575940628455942,other_active,5.28,-2.904000000000001,14
mode_without_mn9,0.0125,720575940628455942,silent_all,0.0,0.0,0
mode_without_mn9,0.0125,720575940634928023,input,0.0,0.0,0
mode_without_mn9,0.0125,720575940634928023,early_large_only,72.27000000000001,-0.264,9
mode_without_mn9,0.0125,720575940634928023,later_large_only,0.0,0.0,0
mode_without_mn9,0.0125,720575940634928023,other_active,3.96,0.0,2
mode_without_mn9,0.0125,720575940634928023,silent_all,0.0,0.0,0
mode_without_mn9,0.0125,720575940626056510,input,0.0,0.0,0
mode_without_mn9,0.0125,720575940626056510,early_large_only,19.47,-3.4320000000000004,8
mode_without_mn9,0.0125,720575940626056510,later_large_only,0.0,0.0,0
mode_without_mn9,0.0125,720575940626056510,other_active,70.94999999999999,-1.5840000000000003,8
mode_without_mn9,0.0125,720575940626056510,silent_all,0.0,0.0,0
mode_without_mn9,0.0125,720575940638695331,input,0.0,0.0,0
mode_without_mn9,0.0125,720575940638695331,early_large_only,42.24,-0.528,6
mode_without_mn9,0.0125,720575940638695331,later_large_only,0.0,0.0,0
mode_without_mn9,0.0125,720575940638695331,other_active,22.439999999999998,-0.264,7
mode_without_mn9,0.0125,720575940638695331,silent_all,0.0,0.0,0
mode_without_mn9,0.0125,720575940616651193,input,0.0,0.0,0
mode_without_mn9,0.0125,720575940616651193,early_large_only,90.41999999999999,-1.32,6
mode_without_mn9,0.0125,720575940616651193,later_large_only,0.0,0.0,0
mode_without_mn9,0.0125,720575940616651193,other_active,52.800000000000004,-1.8480000000000003,5
mode_without_mn9,0.0125,720575940616651193,silent_all,0.0,0.0,0
mode_without_mn9,0.0125,720575940620011435,input,0.0,0.0,0
mode_without_mn9,0.0125,720575940620011435,early_large_only,61.38,0.0,5
mode_without_mn9,0.0125,720575940620011435,later_large_only,0.0,0.0,0
mode_without_mn9,0.0125,720575940620011435,other_active,0.99,0.0,3
mode_without_mn9,0.0125,720575940620011435,silent_all,0.0,0.0,0
mode_without_mn9,0.0125,720575940619245016,input,0.0,0.0,0
mode_without_mn9,0.0125,720575940619245016,early_large_only,59.4,0.0,9
mode_without_mn9,0.0125,720575940619245016,later_large_only,0.0,0.0,0
mode_without_mn9,0.0125,720575940619245016,other_active,2.64,0.0,2
mode_without_mn9,0.0125,720575940619245016,silent_all,0.0,0.0,0
mode_without_mn9,0.0125,720575940631097462,input,0.0,0.0,0
mode_without_mn9,0.0125,720575940631097462,early_large_only,49.17,-0.7920000000000001,4
mode_without_mn9,0.0125,720575940631097462,later_large_only,0.0,0.0,0
mode_without_mn9,0.0125,720575940631097462,other_active,13.530000000000001,-0.7920000000000001,5
mode_without_mn9,0.0125,720575940631097462,silent_all,0.0,0.0,0
mode_without_mn9,0.0125,720575940621589887,input,0.0,0.0,0
mode_without_mn9,0.0125,720575940621589887,early_large_only,50.82,-2.112,7
mode_without_mn9,0.0125,720575940621589887,later_large_only,0.0,0.0,0
mode_without_mn9,0.0125,720575940621589887,other_active,18.15,-0.528,5
mode_without_mn9,0.0125,720575940621589887,silent_all,0.0,0.0,0
mode_without_mn9,0.0125,720575940615166111,input,0.0,0.0,0
mode_without_mn9,0.0125,720575940615166111,early_large_only,46.53,-1.5840000000000003,8
mode_without_mn9,0.0125,720575940615166111,later_large_only,0.0,0.0,0
mode_without_mn9,0.0125,720575940615166111,other_active,9.57,0.0,2
mode_without_mn9,0.0125,720575940615166111,silent_all,0.0,0.0,0
mode_without_mn9,0.0125,720575940631058280,input,0.0,0.0,0
mode_without_mn9,0.0125,720575940631058280,early_large_only,19.14,-0.528,5
mode_without_mn9,0.0125,720575940631058280,later_large_only,0.0,0.0,0
mode_without_mn9,0.0125,720575940631058280,other_active,35.97,-10.032,4
mode_without_mn9,0.0125,720575940631058280,silent_all,0.0,0.0,0
mode_without_mn9,0.0125,720575940624742158,input,0.0,0.0,0
mode_without_mn9,0.0125,720575940624742158,early_large_only,68.97,-0.528,7
mode_without_mn9,0.0125,720575940624742158,later_large_only,0.0,0.0,0
mode_without_mn9,0.0125,720575940624742158,other_active,0.33,0.0,1
mode_without_mn9,0.0125,720575940624742158,silent_all,0.0,0.0,0
mode_without_mn9,0.0125,720575940623067389,input,0.0,0.0,0
mode_without_mn9,0.0125,720575940623067389,early_large_only,29.04,-1.3200000000000003,7
mode_without_mn9,0.0125,720575940623067389,later_large_only,0.0,0.0,0
mode_without_mn9,0.0125,720575940623067389,other_active,28.05,-4.752000000000001,5
mode_without_mn9,0.0125,720575940623067389,silent_all,0.0,0.0,0
mode_without_mn9,0.0125,720575940639373683,input,0.0,0.0,0
mode_without_mn9,0.0125,720575940639373683,early_large_only,45.870000000000005,-4.224,9
mode_without_mn9,0.0125,720575940639373683,later_large_only,0.0,0.0,0
mode_without_mn9,0.0125,720575940639373683,other_active,20.789999999999996,-1.056,7
mode_without_mn9,0.0125,720575940639373683,silent_all,0.0,0.0,0
mode_without_mn9,0.0125,720575940627706645,input,0.0,0.0,0
mode_without_mn9,0.0125,720575940627706645,early_large_only,25.08,0.0,4
mode_without_mn9,0.0125,720575940627706645,later_large_only,0.0,0.0,0
mode_without_mn9,0.0125,720575940627706645,other_active,15.51,0.0,2
mode_without_mn9,0.0125,720575940627706645,silent_all,0.0,0.0,0
mode_without_mn9,0.0125,720575940612922226,input,0.0,0.0,0
mode_without_mn9,0.0125,720575940612922226,early_large_only,14.190000000000001,-2.112,10
mode_without_mn9,0.0125,720575940612922226,later_large_only,0.0,0.0,0
mode_without_mn9,0.0125,720575940612922226,other_active,27.06,-3.1680000000000006,4
mode_without_mn9,0.0125,720575940612922226,silent_all,0.0,0.0,0
mode_without_mn9,0.0125,720575940643476128,input,0.0,0.0,0
mode_without_mn9,0.0125,720575940643476128,early_large_only,54.779999999999994,0.0,7
mode_without_mn9,0.0125,720575940643476128,later_large_only,0.0,0.0,0
mode_without_mn9,0.0125,720575940643476128,other_active,1.98,0.0,2
mode_without_mn9,0.0125,720575940643476128,silent_all,0.0,0.0,0
mode_without_mn9,0.0125,720575940615953202,input,0.0,0.0,0
mode_without_mn9,0.0125,720575940615953202,early_large_only,50.489999999999995,-1.584,12
mode_without_mn9,0.0125,720575940615953202,later_large_only,0.0,0.0,0
mode_without_mn9,0.0125,720575940615953202,other_active,9.9,-5.28,5
mode_without_mn9,0.0125,720575940615953202,silent_all,0.0,0.0,0
mode_without_mn9,0.0125,720575940619754699,input,0.0,0.0,0
mode_without_mn9,0.0125,720575940619754699,early_large_only,78.86999999999998,0.0,11
mode_without_mn9,0.0125,720575940619754699,later_large_only,0.0,0.0,0
mode_without_mn9,0.0125,720575940619754699,other_active,1.98,0.0,2
mode_without_mn9,0.0125,720575940619754699,silent_all,0.0,0.0,0
mode_without_mn9,0.0125,720575940626010042,input,0.0,0.0,0
mode_without_mn9,0.0125,720575940626010042,early_large_only,19.47,-1.3200000000000003,6
mode_without_mn9,0.0125,720575940626010042,later_large_only,0.0,0.0,0
mode_without_mn9,0.0125,720575940626010042,other_active,29.040000000000003,-16.104000000000003,10
mode_without_mn9,0.0125,720575940626010042,silent_all,0.0,0.0,0
mode_without_mn9,0.0125,720575940630539535,input,0.0,0.0,0
mode_without_mn9,0.0125,720575940630539535,early_large_only,80.52,-2.9040000000000004,10
mode_without_mn9,0.0125,720575940630539535,later_large_only,0.0,0.0,0
mode_without_mn9,0.0125,720575940630539535,other_active,7.26,-3.6960000000000006,8
mode_without_mn9,0.0125,720575940630539535,silent_all,0.0,0.0,0
mode_without_mn9,0.0125,720575940623067686,input,0.0,0.0,0
mode_without_mn9,0.0125,720575940623067686,early_large_only,73.91999999999999,-1.056,14
mode_without_mn9,0.0125,720575940623067686,later_large_only,0.0,0.0,0
mode_without_mn9,0.0125,720575940623067686,other_active,1.32,-0.792,6
mode_without_mn9,0.0125,720575940623067686,silent_all,0.0,0.0,0
mode_without_mn9,0.0125,720575940645864739,input,0.0,0.0,0
mode_without_mn9,0.0125,720575940645864739,early_large_only,70.61999999999999,0.0,11
mode_without_mn9,0.0125,720575940645864739,later_large_only,0.0,0.0,0
mode_without_mn9,0.0125,720575940645864739,other_active,0.0,0.0,0
mode_without_mn9,0.0125,720575940645864739,silent_all,0.0,0.0,0
mode_without_mn9,0.0125,720575940633156377,input,0.0,0.0,0
mode_without_mn9,0.0125,720575940633156377,early_large_only,80.85,-0.528,5
mode_without_mn9,0.0125,720575940633156377,later_large_only,0.0,0.0,0
mode_without_mn9,0.0125,720575940633156377,other_active,0.33,-0.528,3
mode_without_mn9,0.0125,720575940633156377,silent_all,0.0,0.0,0
mode_without_mn9,0.0125,720575940624426940,input,0.0,0.0,0
mode_without_mn9,0.0125,720575940624426940,early_large_only,54.45,-1.584,11
mode_without_mn9,0.0125,720575940624426940,later_large_only,0.0,0.0,0
mode_without_mn9,0.0125,720575940624426940,other_active,41.91,-7.656000000000001,12
mode_without_mn9,0.0125,720575940624426940,silent_all,0.0,0.0,0
mode_without_mn9,0.0125,720575940625203277,input,0.0,0.0,0
mode_without_mn9,0.0125,720575940625203277,early_large_only,55.10999999999999,-0.792,13
mode_without_mn9,0.0125,720575940625203277,later_large_only,0.0,0.0,0
mode_without_mn9,0.0125,720575940625203277,other_active,8.58,-4.488,7
mode_without_mn9,0.0125,720575940625203277,silent_all,0.0,0.0,0
mode_without_mn9,0.0125,720575940624681520,input,0.0,0.0,0
mode_without_mn9,0.0125,720575940624681520,early_large_only,65.00999999999999,0.0,7
mode_without_mn9,0.0125,720575940624681520,later_large_only,0.0,0.0,0
mode_without_mn9,0.0125,720575940624681520,other_active,1.32,-0.264,3
mode_without_mn9,0.0125,720575940624681520,silent_all,0.0,0.0,0
mode_without_mn9,0.0125,720575940630968680,input,0.0,0.0,0
mode_without_mn9,0.0125,720575940630968680,early_large_only,43.230000000000004,-1.32,7
mode_without_mn9,0.0125,720575940630968680,later_large_only,0.0,0.0,0
mode_without_mn9,0.0125,720575940630968680,other_active,17.16,-10.56,5
mode_without_mn9,0.0125,720575940630968680,silent_all,0.0,0.0,0
mode_without_mn9,0.0125,720575940630939855,input,0.0,0.0,0
mode_without_mn9,0.0125,720575940630939855,early_large_only,101.97,-0.264,12
mode_without_mn9,0.0125,720575940630939855,later_large_only,0.0,0.0,0
mode_without_mn9,0.0125,720575940630939855,other_active,0.99,0.0,3
mode_without_mn9,0.0125,720575940630939855,silent_all,0.0,0.0,0
mode_without_mn9,0.0125,720575940627692565,input,0.0,0.0,0
mode_without_mn9,0.0125,720575940627692565,early_large_only,86.13,-1.584,12
mode_without_mn9,0.0125,720575940627692565,later_large_only,0.0,0.0,0
mode_without_mn9,0.0125,720575940627692565,other_active,3.96,0.0,2
mode_without_mn9,0.0125,720575940627692565,silent_all,0.0,0.0,0
mode_without_mn9,0.0125,720575940630020345,input,0.0,0.0,0
mode_without_mn9,0.0125,720575940630020345,early_large_only,35.97,-0.528,5
mode_without_mn9,0.0125,720575940630020345,later_large_only,0.0,0.0,0
mode_without_mn9,0.0125,720575940630020345,other_active,19.8,-16.104000000000003,13
mode_without_mn9,0.0125,720575940630020345,silent_all,0.0,0.0,0
mode_without_mn9,0.0125,720575940620321670,input,0.0,0.0,0
mode_without_mn9,0.0125,720575940620321670,early_large_only,93.39000000000003,0.0,9
mode_without_mn9,0.0125,720575940620321670,later_large_only,0.0,0.0,0
mode_without_mn9,0.0125,720575940620321670,other_active,1.32,0.0,2
mode_without_mn9,0.0125,720575940620321670,silent_all,0.0,0.0,0
mode_without_mn9,0.0125,720575940618263365,input,0.0,0.0,0
mode_without_mn9,0.0125,720575940618263365,early_large_only,63.029999999999994,-4.752000000000001,11
mode_without_mn9,0.0125,720575940618263365,later_large_only,0.0,0.0,0
mode_without_mn9,0.0125,720575940618263365,other_active,4.62,-0.528,7
mode_without_mn9,0.0125,720575940618263365,silent_all,0.0,0.0,0
mode_without_mn9,0.0125,720575940622446085,input,0.0,0.0,0
mode_without_mn9,0.0125,720575940622446085,early_large_only,61.04999999999999,-0.264,10
mode_without_mn9,0.0125,720575940622446085,later_large_only,0.0,0.0,0
mode_without_mn9,0.0125,720575940622446085,other_active,0.66,-0.528,4
mode_without_mn9,0.0125,720575940622446085,silent_all,0.0,0.0,0
mode_without_mn9,0.0125,720575940629911503,input,0.0,0.0,0
mode_without_mn9,0.0125,720575940629911503,early_large_only,63.69,-0.528,8
mode_without_mn9,0.0125,720575940629911503,later_large_only,0.0,0.0,0
mode_without_mn9,0.0125,720575940629911503,other_active,0.0,0.0,0
mode_without_mn9,0.0125,720575940629911503,silent_all,0.0,0.0,0
mode_without_mn9,0.0125,720575940620252075,input,0.0,0.0,0
mode_without_mn9,0.0125,720575940620252075,early_large_only,55.769999999999996,-2.3760000000000003,18
mode_without_mn9,0.0125,720575940620252075,later_large_only,0.0,0.0,0
mode_without_mn9,0.0125,720575940620252075,other_active,3.3,-0.264,3
mode_without_mn9,0.0125,720575940620252075,silent_all,0.0,0.0,0
mode_without_mn9,0.0125,720575940622203350,input,0.0,0.0,0
mode_without_mn9,0.0125,720575940622203350,early_large_only,77.55,-3.96,18
mode_without_mn9,0.0125,720575940622203350,later_large_only,0.0,0.0,0
mode_without_mn9,0.0125,720575940622203350,other_active,3.96,0.0,3
mode_without_mn9,0.0125,720575940622203350,silent_all,0.0,0.0,0
mode_without_mn9,0.0125,720575940619077255,input,0.0,0.0,0
mode_without_mn9,0.0125,720575940619077255,early_large_only,61.379999999999995,-1.584,9
mode_without_mn9,0.0125,720575940619077255,later_large_only,0.0,0.0,0
mode_without_mn9,0.0125,720575940619077255,other_active,0.66,0.0,2
mode_without_mn9,0.0125,720575940619077255,silent_all,0.0,0.0,0
mode_without_mn9,0.0125,720575940619709899,input,0.0,0.0,0
mode_without_mn9,0.0125,720575940619709899,early_large_only,89.42999999999998,-0.264,18
mode_without_mn9,0.0125,720575940619709899,later_large_only,0.0,0.0,0
mode_without_mn9,0.0125,720575940619709899,other_active,1.98,0.0,2
mode_without_mn9,0.0125,720575940619709899,silent_all,0.0,0.0,0
mode_without_mn9,0.0125,720575940616370065,input,0.0,0.0,0
mode_without_mn9,0.0125,720575940616370065,early_large_only,44.88,-0.528,7
mode_without_mn9,0.0125,720575940616370065,later_large_only,0.0,0.0,0
mode_without_mn9,0.0125,720575940616370065,other_active,6.93,-1.32,7
mode_without_mn9,0.0125,720575940616370065,silent_all,0.0,0.0,0
mode_without_mn9,0.0125,720575940625032171,input,0.0,0.0,0
mode_without_mn9,0.0125,720575940625032171,early_large_only,56.099999999999994,-2.112,18
mode_without_mn9,0.0125,720575940625032171,later_large_only,0.0,0.0,0
mode_without_mn9,0.0125,720575940625032171,other_active,0.99,-0.528,4
mode_without_mn9,0.0125,720575940625032171,silent_all,0.0,0.0,0
mode_without_mn9,0.0125,720575940605007206,input,0.0,0.0,0
mode_without_mn9,0.0125,720575940605007206,early_large_only,67.64999999999999,-0.528,15
mode_without_mn9,0.0125,720575940605007206,later_large_only,0.0,0.0,0
mode_without_mn9,0.0125,720575940605007206,other_active,3.3,0.0,2
mode_without_mn9,0.0125,720575940605007206,silent_all,0.0,0.0,0
mode_without_mn9,0.0125,720575940621905185,input,0.0,0.0,0
mode_without_mn9,0.0125,720575940621905185,early_large_only,52.800000000000004,-0.528,15
mode_without_mn9,0.0125,720575940621905185,later_large_only,0.0,0.0,0
mode_without_mn9,0.0125,720575940621905185,other_active,0.66,0.0,2
mode_without_mn9,0.0125,720575940621905185,silent_all,0.0,0.0,0
mode_without_mn9,0.0125,720575940621921285,input,0.0,0.0,0
mode_without_mn9,0.0125,720575940621921285,early_large_only,70.61999999999999,-0.528,12
mode_without_mn9,0.0125,720575940621921285,later_large_only,0.0,0.0,0
mode_without_mn9,0.0125,720575940621921285,other_active,15.18,0.0,3
mode_without_mn9,0.0125,720575940621921285,silent_all,0.0,0.0,0
mode_without_mn9,0.0125,720575940645676579,input,0.0,0.0,0
mode_without_mn9,0.0125,720575940645676579,early_large_only,42.89999999999999,-0.792,16
mode_without_mn9,0.0125,720575940645676579,later_large_only,0.0,0.0,0
mode_without_mn9,0.0125,720575940645676579,other_active,7.92,0.0,4
mode_without_mn9,0.0125,720575940645676579,silent_all,0.0,0.0,0
mode_without_mn9,0.0125,720575940607667723,input,0.0,0.0,0
mode_without_mn9,0.0125,720575940607667723,early_large_only,62.040000000000006,-1.056,14
mode_without_mn9,0.0125,720575940607667723,later_large_only,0.0,0.0,0
mode_without_mn9,0.0125,720575940607667723,other_active,1.32,-2.112,4
mode_without_mn9,0.0125,720575940607667723,silent_all,0.0,0.0,0
mode_without_mn9,0.0125,720575940614684822,input,0.0,0.0,0
mode_without_mn9,0.0125,720575940614684822,early_large_only,54.78,-0.264,17
mode_without_mn9,0.0125,720575940614684822,later_large_only,0.0,0.0,0
mode_without_mn9,0.0125,720575940614684822,other_active,0.99,0.0,3
mode_without_mn9,0.0125,720575940614684822,silent_all,0.0,0.0,0
mode_without_mn9,0.0125,720575940628342171,input,0.0,0.0,0
mode_without_mn9,0.0125,720575940628342171,early_large_only,59.069999999999986,0.0,14
mode_without_mn9,0.0125,720575940628342171,later_large_only,0.0,0.0,0
mode_without_mn9,0.0125,720575940628342171,other_active,3.96,0.0,2
mode_without_mn9,0.0125,720575940628342171,silent_all,0.0,0.0,0
mode_without_mn9,0.0125,720575940621038294,input,0.0,0.0,0
mode_without_mn9,0.0125,720575940621038294,early_large_only,54.45,0.0,5
mode_without_mn9,0.0125,720575940621038294,later_large_only,0.0,0.0,0
mode_without_mn9,0.0125,720575940621038294,other_active,0.66,-0.7920000000000001,3
mode_without_mn9,0.0125,720575940621038294,silent_all,0.0,0.0,0
mode_without_mn9,0.0125,720575940620464321,input,0.0,0.0,0
mode_without_mn9,0.0125,720575940620464321,early_large_only,73.26,-9.768,21
mode_without_mn9,0.0125,720575940620464321,later_large_only,0.0,0.0,0
mode_without_mn9,0.0125,720575940620464321,other_active,7.26,0.0,4
mode_without_mn9,0.0125,720575940620464321,silent_all,0.0,0.0,0
mode_without_mn9,0.0125,720575940632059193,input,0.0,0.0,0
mode_without_mn9,0.0125,720575940632059193,early_large_only,62.69999999999998,-1.32,23
mode_without_mn9,0.0125,720575940632059193,later_large_only,0.0,0.0,0
mode_without_mn9,0.0125,720575940632059193,other_active,3.3,0.0,2
mode_without_mn9,0.0125,720575940632059193,silent_all,0.0,0.0,0
mode_without_mn9,0.0125,720575940646735156,input,0.0,0.0,0
mode_without_mn9,0.0125,720575940646735156,early_large_only,52.47,-1.056,17
mode_without_mn9,0.0125,720575940646735156,later_large_only,0.0,0.0,0
mode_without_mn9,0.0125,720575940646735156,other_active,3.6300000000000003,-1.056,6
mode_without_mn9,0.0125,720575940646735156,silent_all,0.0,0.0,0
mode_without_mn9,0.0125,720575940633062335,input,0.0,0.0,0
mode_without_mn9,0.0125,720575940633062335,early_large_only,54.11999999999999,-1.056,12
mode_without_mn9,0.0125,720575940633062335,later_large_only,0.0,0.0,0
mode_without_mn9,0.0125,720575940633062335,other_active,0.66,-1.056,2
mode_without_mn9,0.0125,720575940633062335,silent_all,0.0,0.0,0
mode_without_mn9,0.0125,720575940643882184,input,0.0,0.0,0
mode_without_mn9,0.0125,720575940643882184,early_large_only,61.379999999999995,-2.3760000000000003,12
mode_without_mn9,0.0125,720575940643882184,later_large_only,0.0,0.0,0
mode_without_mn9,0.0125,720575940643882184,other_active,2.31,0.0,1
mode_without_mn9,0.0125,720575940643882184,silent_all,0.0,0.0,0
mode_without_mn9,0.0125,720575940639505792,input,0.0,0.0,0
mode_without_mn9,0.0125,720575940639505792,early_large_only,63.35999999999998,-1.32,19
mode_without_mn9,0.0125,720575940639505792,later_large_only,0.0,0.0,0
mode_without_mn9,0.0125,720575940639505792,other_active,6.6,0.0,2
mode_without_mn9,0.0125,720575940639505792,silent_all,0.0,0.0,0
mode_without_mn9,0.0125,720575940605028017,input,0.0,0.0,0
mode_without_mn9,0.0125,720575940605028017,early_large_only,2.9699999999999998,-3.6960000000000006,6
mode_without_mn9,0.0125,720575940605028017,later_large_only,0.0,0.0,0
mode_without_mn9,0.0125,720575940605028017,other_active,27.060000000000002,-0.528,6
mode_without_mn9,0.0125,720575940605028017,silent_all,0.0,0.0,0
mode_without_mn9,0.0125,720575940631865228,input,0.0,0.0,0
mode_without_mn9,0.0125,720575940631865228,early_large_only,33.33,-1.5840000000000003,8
mode_without_mn9,0.0125,720575940631865228,later_large_only,0.0,0.0,0
mode_without_mn9,0.0125,720575940631865228,other_active,33.660000000000004,-30.624000000000002,12
mode_without_mn9,0.0125,720575940631865228,silent_all,0.0,0.0,0
mode_without_mn9,0.0125,720575940624230122,input,0.0,0.0,0
mode_without_mn9,0.0125,720575940624230122,early_large_only,54.119999999999976,0.0,14
mode_without_mn9,0.0125,720575940624230122,later_large_only,0.0,0.0,0
mode_without_mn9,0.0125,720575940624230122,other_active,0.0,-0.7920000000000001,1
mode_without_mn9,0.0125,720575940624230122,silent_all,0.0,0.0,0
mode_without_mn9,0.0125,720575940613463471,input,0.0,0.0,0
mode_without_mn9,0.0125,720575940613463471,early_large_only,65.67,0.0,8
mode_without_mn9,0.0125,720575940613463471,later_large_only,0.0,0.0,0
mode_without_mn9,0.0125,720575940613463471,other_active,0.0,-0.264,1
mode_without_mn9,0.0125,720575940613463471,silent_all,0.0,0.0,0
mode_without_mn9,0.0125,720575940626979965,input,0.0,0.0,0
mode_without_mn9,0.0125,720575940626979965,early_large_only,49.49999999999999,-0.264,19
mode_without_mn9,0.0125,720575940626979965,later_large_only,0.0,0.0,0
mode_without_mn9,0.0125,720575940626979965,other_active,1.9800000000000002,0.0,3
mode_without_mn9,0.0125,720575940626979965,silent_all,0.0,0.0,0
mode_without_mn9,0.0125,720575940638677411,input,0.0,0.0,0
mode_without_mn9,0.0125,720575940638677411,early_large_only,55.769999999999996,-2.64,9
mode_without_mn9,0.0125,720575940638677411,later_large_only,0.0,0.0,0
mode_without_mn9,0.0125,720575940638677411,other_active,8.58,-3.4320000000000004,6
mode_without_mn9,0.0125,720575940638677411,silent_all,0.0,0.0,0
mode_without_mn9,0.0125,720575940618405848,input,0.0,0.0,0
mode_without_mn9,0.0125,720575940618405848,early_large_only,53.459999999999994,-1.056,12
mode_without_mn9,0.0125,720575940618405848,later_large_only,0.0,0.0,0
mode_without_mn9,0.0125,720575940618405848,other_active,0.99,-2.112,6
mode_without_mn9,0.0125,720575940618405848,silent_all,0.0,0.0,0
mode_without_mn9,0.0125,720575940626650890,input,0.0,0.0,0
mode_without_mn9,0.0125,720575940626650890,early_large_only,70.62,0.0,7
mode_without_mn9,0.0125,720575940626650890,later_large_only,0.0,0.0,0
mode_without_mn9,0.0125,720575940626650890,other_active,0.0,-6.072000000000001,3
mode_without_mn9,0.0125,720575940626650890,silent_all,0.0,0.0,0
mode_without_mn9,0.0125,720575940619766219,input,0.0,0.0,0
mode_without_mn9,0.0125,720575940619766219,early_large_only,58.41,-0.528,14
mode_without_mn9,0.0125,720575940619766219,later_large_only,0.0,0.0,0
mode_without_mn9,0.0125,720575940619766219,other_active,0.0,0.0,0
mode_without_mn9,0.0125,720575940619766219,silent_all,0.0,0.0,0
mode_without_mn9,0.0125,720575940614702754,input,0.0,0.0,0
mode_without_mn9,0.0125,720575940614702754,early_large_only,66.33,-1.584,16
mode_without_mn9,0.0125,720575940614702754,later_large_only,0.0,0.0,0
mode_without_mn9,0.0125,720575940614702754,other_active,0.33,0.0,1
mode_without_mn9,0.0125,720575940614702754,silent_all,0.0,0.0,0
mode_without_mn9,0.0125,720575940620001958,input,0.0,0.0,0
mode_without_mn9,0.0125,720575940620001958,early_large_only,102.29999999999998,-24.024,23
mode_without_mn9,0.0125,720575940620001958,later_large_only,0.0,0.0,0
mode_without_mn9,0.0125,720575940620001958,other_active,1.6500000000000001,-0.264,5
mode_without_mn9,0.0125,720575940620001958,silent_all,0.0,0.0,0
mode_without_mn9,0.0125,720575940621833054,input,0.0,0.0,0
mode_without_mn9,0.0125,720575940621833054,early_large_only,61.37999999999999,-1.32,18
mode_without_mn9,0.0125,720575940621833054,later_large_only,0.0,0.0,0
mode_without_mn9,0.0125,720575940621833054,other_active,2.31,0.0,1
mode_without_mn9,0.0125,720575940621833054,silent_all,0.0,0.0,0
mode_without_mn9,0.0125,720575940613792296,input,0.0,0.0,0
mode_without_mn9,0.0125,720575940613792296,early_large_only,67.65,-0.264,11
mode_without_mn9,0.0125,720575940613792296,later_large_only,0.0,0.0,0
mode_without_mn9,0.0125,720575940613792296,other_active,0.0,0.0,0
mode_without_mn9,0.0125,720575940613792296,silent_all,0.0,0.0,0
mode_without_mn9,0.0125,720575940621457690,input,0.0,0.0,0
mode_without_mn9,0.0125,720575940621457690,early_large_only,71.94,-1.848,24
mode_without_mn9,0.0125,720575940621457690,later_large_only,0.0,0.0,0
mode_without_mn9,0.0125,720575940621457690,other_active,0.66,0.0,2
mode_without_mn9,0.0125,720575940621457690,silent_all,0.0,0.0,0
mode_without_mn9,0.0125,720575940625559908,input,0.0,0.0,0
mode_without_mn9,0.0125,720575940625559908,early_large_only,76.56,-11.879999999999999,21
mode_without_mn9,0.0125,720575940625559908,later_large_only,0.0,0.0,0
mode_without_mn9,0.0125,720575940625559908,other_active,1.98,-2.1120000000000005,6
mode_without_mn9,0.0125,720575940625559908,silent_all,0.0,0.0,0
mode_without_mn9,0.0125,720575940627946512,input,0.0,0.0,0
mode_without_mn9,0.0125,720575940627946512,early_large_only,38.94,-2.9040000000000004,8
mode_without_mn9,0.0125,720575940627946512,later_large_only,0.0,0.0,0
mode_without_mn9,0.0125,720575940627946512,other_active,48.17999999999999,-37.752,6
mode_without_mn9,0.0125,720575940627946512,silent_all,0.0,0.0,0
mode_without_mn9,0.0125,720575940613163473,input,0.0,0.0,0
mode_without_mn9,0.0125,720575940613163473,early_large_only,62.69999999999999,-5.016000000000001,23
mode_without_mn9,0.0125,720575940613163473,later_large_only,0.0,0.0,0
mode_without_mn9,0.0125,720575940613163473,other_active,0.0,-0.792,3
mode_without_mn9,0.0125,720575940613163473,silent_all,0.0,0.0,0
mode_without_mn9,0.0125,720575940627619057,input,0.0,0.0,0
mode_without_mn9,0.0125,720575940627619057,early_large_only,54.449999999999996,-0.528,17
mode_without_mn9,0.0125,720575940627619057,later_large_only,0.0,0.0,0
mode_without_mn9,0.0125,720575940627619057,other_active,0.66,0.0,1
mode_without_mn9,0.0125,720575940627619057,silent_all,0.0,0.0,0
mode_without_mn9,0.0125,720575940634172267,input,0.0,0.0,0
mode_without_mn9,0.0125,720575940634172267,early_large_only,61.71,-1.5840000000000003,8
mode_without_mn9,0.0125,720575940634172267,later_large_only,0.0,0.0,0
mode_without_mn9,0.0125,720575940634172267,other_active,6.2700000000000005,-2.3760000000000003,7
mode_without_mn9,0.0125,720575940634172267,silent_all,0.0,0.0,0
mode_without_mn9,0.0125,720575940623356651,input,0.0,0.0,0
mode_without_mn9,0.0125,720575940623356651,early_large_only,66.99,-6.072,28
mode_without_mn9,0.0125,720575940623356651,later_large_only,0.0,0.0,0
mode_without_mn9,0.0125,720575940623356651,other_active,0.66,0.0,1
mode_without_mn9,0.0125,720575940623356651,silent_all,0.0,0.0,0
mode_without_mn9,0.0125,720575940616762585,input,0.0,0.0,0
mode_without_mn9,0.0125,720575940616762585,early_large_only,72.26999999999998,-2.3760000000000003,28
mode_without_mn9,0.0125,720575940616762585,later_large_only,0.0,0.0,0
mode_without_mn9,0.0125,720575940616762585,other_active,0.33,-0.528,3
mode_without_mn9,0.0125,720575940616762585,silent_all,0.0,0.0,0
mode_without_mn9,0.0125,720575940627849515,input,0.0,0.0,0
mode_without_mn9,0.0125,720575940627849515,early_large_only,12.870000000000001,-1.848,16
mode_without_mn9,0.0125,720575940627849515,later_large_only,0.0,0.0,0
mode_without_mn9,0.0125,720575940627849515,other_active,23.1,-0.528,5
mode_without_mn9,0.0125,720575940627849515,silent_all,0.0,0.0,0
mode_without_mn9,0.0125,720575940635404724,input,0.0,0.0,0
mode_without_mn9,0.0125,720575940635404724,early_large_only,65.01,0.0,12
mode_without_mn9,0.0125,720575940635404724,later_large_only,0.0,0.0,0
mode_without_mn9,0.0125,720575940635404724,other_active,2.97,-6.072000000000001,7
mode_without_mn9,0.0125,720575940635404724,silent_all,0.0,0.0,0
mode_without_mn9,0.0125,720575940626425682,input,0.0,0.0,0
mode_without_mn9,0.0125,720575940626425682,early_large_only,47.19,-0.528,13
mode_without_mn9,0.0125,720575940626425682,later_large_only,0.0,0.0,0
mode_without_mn9,0.0125,720575940626425682,other_active,6.930000000000001,-3.1680000000000006,7
mode_without_mn9,0.0125,720575940626425682,silent_all,0.0,0.0,0
mode_without_mn9,0.0125,720575940626703497,input,0.0,0.0,0
mode_without_mn9,0.0125,720575940626703497,early_large_only,58.739999999999995,-11.616000000000001,22
mode_without_mn9,0.0125,720575940626703497,later_large_only,0.0,0.0,0
mode_without_mn9,0.0125,720575940626703497,other_active,3.96,-0.528,5
mode_without_mn9,0.0125,720575940626703497,silent_all,0.0,0.0,0
mode_without_mn9,0.0125,720575940623847728,input,0.0,0.0,0
mode_without_mn9,0.0125,720575940623847728,early_large_only,55.76999999999998,-4.488,20
mode_without_mn9,0.0125,720575940623847728,later_large_only,0.0,0.0,0
mode_without_mn9,0.0125,720575940623847728,other_active,0.0,-0.528,1
mode_without_mn9,0.0125,720575940623847728,silent_all,0.0,0.0,0
mode_without_mn9,0.0125,720575940629225463,input,0.0,0.0,0
mode_without_mn9,0.0125,720575940629225463,early_large_only,74.58,-1.32,19
mode_without_mn9,0.0125,720575940629225463,later_large_only,0.0,0.0,0
mode_without_mn9,0.0125,720575940629225463,other_active,0.0,-0.528,1
mode_without_mn9,0.0125,720575940629225463,silent_all,0.0,0.0,0
mode_without_mn9,0.0125,720575940635397556,input,0.0,0.0,0
mode_without_mn9,0.0125,720575940635397556,early_large_only,54.78,-0.264,11
mode_without_mn9,0.0125,720575940635397556,later_large_only,0.0,0.0,0
mode_without_mn9,0.0125,720575940635397556,other_active,9.24,-8.448,3
mode_without_mn9,0.0125,720575940635397556,silent_all,0.0,0.0,0
mode_without_mn9,0.0125,720575940622971283,input,0.0,0.0,0
mode_without_mn9,0.0125,720575940622971283,early_large_only,67.97999999999998,-0.792,23
mode_without_mn9,0.0125,720575940622971283,later_large_only,0.0,0.0,0
mode_without_mn9,0.0125,720575940622971283,other_active,0.33,-0.264,2
mode_without_mn9,0.0125,720575940622971283,silent_all,0.0,0.0,0
mode_without_mn9,0.0125,720575940622999688,input,0.0,0.0,0
mode_without_mn9,0.0125,720575940622999688,early_large_only,64.67999999999999,-10.032,32
mode_without_mn9,0.0125,720575940622999688,later_large_only,0.0,0.0,0
mode_without_mn9,0.0125,720575940622999688,other_active,1.32,0.0,1
mode_without_mn9,0.0125,720575940622999688,silent_all,0.0,0.0,0
mode_without_mn9,0.0125,720575940610205282,input,0.0,0.0,0
mode_without_mn9,0.0125,720575940610205282,early_large_only,52.800000000000004,-2.112,14
mode_without_mn9,0.0125,720575940610205282,later_large_only,0.0,0.0,0
mode_without_mn9,0.0125,720575940610205282,other_active,3.6300000000000003,-0.264,2
mode_without_mn9,0.0125,720575940610205282,silent_all,0.0,0.0,0
mode_without_mn9,0.0125,720575940622446341,input,0.0,0.0,0
mode_without_mn9,0.0125,720575940622446341,early_large_only,62.69999999999999,-3.96,28
mode_without_mn9,0.0125,720575940622446341,later_large_only,0.0,0.0,0
mode_without_mn9,0.0125,720575940622446341,other_active,0.0,-0.528,1
mode_without_mn9,0.0125,720575940622446341,silent_all,0.0,0.0,0
mode_without_mn9,0.0125,720575940628210887,input,0.0,0.0,0
mode_without_mn9,0.0125,720575940628210887,early_large_only,44.879999999999995,-2.112,20
mode_without_mn9,0.0125,720575940628210887,later_large_only,0.0,0.0,0
mode_without_mn9,0.0125,720575940628210887,other_active,6.2700000000000005,-0.264,3
mode_without_mn9,0.0125,720575940628210887,silent_all,0.0,0.0,0
mode_without_mn9,0.0125,720575940613303471,input,0.0,0.0,0
mode_without_mn9,0.0125,720575940613303471,early_large_only,60.38999999999999,-0.792,21
mode_without_mn9,0.0125,720575940613303471,later_large_only,0.0,0.0,0
mode_without_mn9,0.0125,720575940613303471,other_active,0.66,-2.6400000000000006,3
mode_without_mn9,0.0125,720575940613303471,silent_all,0.0,0.0,0
mode_without_mn9,0.0125,720575940657580417,input,0.0,0.0,0
mode_without_mn9,0.0125,720575940657580417,early_large_only,64.01999999999998,-2.3760000000000003,29
mode_without_mn9,0.0125,720575940657580417,later_large_only,0.0,0.0,0
mode_without_mn9,0.0125,720575940657580417,other_active,0.33,0.0,1
mode_without_mn9,0.0125,720575940657580417,silent_all,0.0,0.0,0
mode_without_mn9,0.0125,720575940617841437,input,0.0,0.0,0
mode_without_mn9,0.0125,720575940617841437,early_large_only,42.24,-0.264,10
mode_without_mn9,0.0125,720575940617841437,later_large_only,0.0,0.0,0
mode_without_mn9,0.0125,720575940617841437,other_active,8.25,-0.792,5
mode_without_mn9,0.0125,720575940617841437,silent_all,0.0,0.0,0
mode_without_mn9,0.0125,720575940638379598,input,0.0,0.0,0
mode_without_mn9,0.0125,720575940638379598,early_large_only,44.54999999999999,-1.584,18
mode_without_mn9,0.0125,720575940638379598,later_large_only,0.0,0.0,0
mode_without_mn9,0.0125,720575940638379598,other_active,5.61,-1.056,5
mode_without_mn9,0.0125,720575940638379598,silent_all,0.0,0.0,0
mode_without_mn9,0.0125,720575940619773505,input,0.0,0.0,0
mode_without_mn9,0.0125,720575940619773505,early_large_only,59.73,-7.392,21
mode_without_mn9,0.0125,720575940619773505,later_large_only,0.0,0.0,0
mode_without_mn9,0.0125,720575940619773505,other_active,2.31,-2.112,8
mode_without_mn9,0.0125,720575940619773505,silent_all,0.0,0.0,0
mode_without_mn9,0.0125,720575940626778008,input,0.0,0.0,0
mode_without_mn9,0.0125,720575940626778008,early_large_only,124.40999999999998,-2.3760000000000003,26
mode_without_mn9,0.0125,720575940626778008,later_large_only,0.0,0.0,0
mode_without_mn9,0.0125,720575940626778008,other_active,0.99,0.0,1
mode_without_mn9,0.0125,720575940626778008,silent_all,0.0,0.0,0
mode_without_mn9,0.0125,720575940615042246,input,0.0,0.0,0
mode_without_mn9,0.0125,720575940615042246,early_large_only,69.29999999999998,-1.8480000000000003,18
mode_without_mn9,0.0125,720575940615042246,later_large_only,0.0,0.0,0
mode_without_mn9,0.0125,720575940615042246,other_active,1.32,-3.1680000000000006,3
mode_without_mn9,0.0125,720575940615042246,silent_all,0.0,0.0,0
mode_without_mn9,0.0125,720575940617825949,input,0.0,0.0,0
mode_without_mn9,0.0125,720575940617825949,early_large_only,63.68999999999999,-2.6400000000000006,30
mode_without_mn9,0.0125,720575940617825949,later_large_only,0.0,0.0,0
mode_without_mn9,0.0125,720575940617825949,other_active,1.32,0.0,2
mode_without_mn9,0.0125,720575940617825949,silent_all,0.0,0.0,0
mode_without_mn9,0.0125,720575940610506542,input,0.0,0.0,0
mode_without_mn9,0.0125,720575940610506542,early_large_only,64.35,-8.448,25
mode_without_mn9,0.0125,720575940610506542,later_large_only,0.0,0.0,0
mode_without_mn9,0.0125,720575940610506542,other_active,0.33,0.0,1
mode_without_mn9,0.0125,720575940610506542,silent_all,0.0,0.0,0
mode_without_mn9,0.0125,720575940612734066,input,0.0,0.0,0
mode_without_mn9,0.0125,720575940612734066,early_large_only,68.97,-13.200000000000001,28
mode_without_mn9,0.0125,720575940612734066,later_large_only,0.0,0.0,0
mode_without_mn9,0.0125,720575940612734066,other_active,4.95,0.0,2
mode_without_mn9,0.0125,720575940612734066,silent_all,0.0,0.0,0
mode_without_mn9,0.0125,720575940613981905,input,0.0,0.0,0
mode_without_mn9,0.0125,720575940613981905,early_large_only,46.859999999999985,-1.32,19
mode_without_mn9,0.0125,720575940613981905,later_large_only,0.0,0.0,0
mode_without_mn9,0.0125,720575940613981905,other_active,12.540000000000001,-0.264,4
mode_without_mn9,0.0125,720575940613981905,silent_all,0.0,0.0,0
mode_without_mn9,0.0125,720575940629908540,input,0.0,0.0,0
mode_without_mn9,0.0125,720575940629908540,early_large_only,65.66999999999999,-6.864000000000001,32
mode_without_mn9,0.0125,720575940629908540,later_large_only,0.0,0.0,0
mode_without_mn9,0.0125,720575940629908540,other_active,0.66,0.0,2
mode_without_mn9,0.0125,720575940629908540,silent_all,0.0,0.0,0
mode_without_mn9,0.0125,720575940617306717,input,0.0,0.0,0
mode_without_mn9,0.0125,720575940617306717,early_large_only,64.34999999999998,-1.848,29
mode_without_mn9,0.0125,720575940617306717,later_large_only,0.0,0.0,0
mode_without_mn9,0.0125,720575940617306717,other_active,1.32,0.0,1
mode_without_mn9,0.0125,720575940617306717,silent_all,0.0,0.0,0
mode_without_mn9,0.0125,720575940619863125,input,0.0,0.0,0
mode_without_mn9,0.0125,720575940619863125,early_large_only,65.00999999999999,-7.656000000000001,24
mode_without_mn9,0.0125,720575940619863125,later_large_only,0.0,0.0,0
mode_without_mn9,0.0125,720575940619863125,other_active,1.98,0.0,2
mode_without_mn9,0.0125,720575940619863125,silent_all,0.0,0.0,0
mode_without_mn9,0.0125,720575940616702465,input,0.0,0.0,0
mode_without_mn9,0.0125,720575940616702465,early_large_only,71.61,-9.768,21
mode_without_mn9,0.0125,720575940616702465,later_large_only,0.0,0.0,0
mode_without_mn9,0.0125,720575940616702465,other_active,2.31,0.0,5
mode_without_mn9,0.0125,720575940616702465,silent_all,0.0,0.0,0
mode_without_mn9,0.0125,720575940617649954,input,0.0,0.0,0
mode_without_mn9,0.0125,720575940617649954,early_large_only,77.88,-2.64,28
mode_without_mn9,0.0125,720575940617649954,later_large_only,0.0,0.0,0
mode_without_mn9,0.0125,720575940617649954,other_active,2.64,0.0,2
mode_without_mn9,0.0125,720575940617649954,silent_all,0.0,0.0,0
mode_without_mn9,0.0125,720575940620904614,input,0.0,0.0,0
mode_without_mn9,0.0125,720575940620904614,early_large_only,60.059999999999995,-4.488,25
mode_without_mn9,0.0125,720575940620904614,later_large_only,0.0,0.0,0
mode_without_mn9,0.0125,720575940620904614,other_active,0.33,0.0,1
mode_without_mn9,0.0125,720575940620904614,silent_all,0.0,0.0,0
mode_without_mn9,0.0125,720575940614376615,input,0.0,0.0,0
mode_without_mn9,0.0125,720575940614376615,early_large_only,74.90999999999998,-2.3760000000000003,22
mode_without_mn9,0.0125,720575940614376615,later_large_only,0.0,0.0,0
mode_without_mn9,0.0125,720575940614376615,other_active,4.62,0.0,4
mode_without_mn9,0.0125,720575940614376615,silent_all,0.0,0.0,0
mode_without_mn9,0.0125,720575940631561676,input,0.0,0.0,0
mode_without_mn9,0.0125,720575940631561676,early_large_only,133.32,-86.59200000000001,33
mode_without_mn9,0.0125,720575940631561676,later_large_only,0.0,0.0,0
mode_without_mn9,0.0125,720575940631561676,other_active,38.28,-12.936000000000002,5
mode_without_mn9,0.0125,720575940631561676,silent_all,0.0,0.0,0
mode_without_mn9,0.0125,720575940631937042,input,0.0,0.0,0
mode_without_mn9,0.0125,720575940631937042,early_large_only,57.089999999999996,-6.336,27
mode_without_mn9,0.0125,720575940631937042,later_large_only,0.0,0.0,0
mode_without_mn9,0.0125,720575940631937042,other_active,2.64,-0.7920000000000001,5
mode_without_mn9,0.0125,720575940631937042,silent_all,0.0,0.0,0
mode_without_mn9,0.0125,720575940626003130,input,0.0,0.0,0
mode_without_mn9,0.0125,720575940626003130,early_large_only,40.25999999999999,-0.528,14
mode_without_mn9,0.0125,720575940626003130,later_large_only,0.0,0.0,0
mode_without_mn9,0.0125,720575940626003130,other_active,16.5,-2.3760000000000003,3
mode_without_mn9,0.0125,720575940626003130,silent_all,0.0,0.0,0
mode_without_mn9,0.0125,720575940629560770,input,0.0,0.0,0
mode_without_mn9,0.0125,720575940629560770,early_large_only,84.14999999999999,-8.184000000000001,31
mode_without_mn9,0.0125,720575940629560770,later_large_only,0.0,0.0,0
mode_without_mn9,0.0125,720575940629560770,other_active,8.91,-7.128,12
mode_without_mn9,0.0125,720575940629560770,silent_all,0.0,0.0,0
mode_without_mn9,0.0125,720575940629512314,input,0.0,0.0,0
mode_without_mn9,0.0125,720575940629512314,early_large_only,63.690000000000005,-2.112,22
mode_without_mn9,0.0125,720575940629512314,later_large_only,0.0,0.0,0
mode_without_mn9,0.0125,720575940629512314,other_active,5.9399999999999995,-0.528,5
mode_without_mn9,0.0125,720575940629512314,silent_all,0.0,0.0,0
mode_without_mn9,0.0125,720575940621646668,input,0.0,0.0,0
mode_without_mn9,0.0125,720575940621646668,early_large_only,64.68,-11.352,28
mode_without_mn9,0.0125,720575940621646668,later_large_only,0.0,0.0,0
mode_without_mn9,0.0125,720575940621646668,other_active,0.66,0.0,2
mode_without_mn9,0.0125,720575940621646668,silent_all,0.0,0.0,0
mode_without_mn9,0.0125,720575940635517876,input,0.0,0.0,0
mode_without_mn9,0.0125,720575940635517876,early_large_only,46.85999999999998,-0.792,24
mode_without_mn9,0.0125,720575940635517876,later_large_only,0.0,0.0,0
mode_without_mn9,0.0125,720575940635517876,other_active,1.32,-0.264,3
mode_without_mn9,0.0125,720575940635517876,silent_all,0.0,0.0,0
mode_without_mn9,0.0125,720575940639355726,input,0.0,0.0,0
mode_without_mn9,0.0125,720575940639355726,early_large_only,76.55999999999999,-10.560000000000002,33
mode_without_mn9,0.0125,720575940639355726,later_large_only,0.0,0.0,0
mode_without_mn9,0.0125,720575940639355726,other_active,1.32,-0.264,5
mode_without_mn9,0.0125,720575940639355726,silent_all,0.0,0.0,0
mode_without_mn9,0.0125,720575940624338068,input,0.0,0.0,0
mode_without_mn9,0.0125,720575940624338068,early_large_only,80.52,-1.056,28
mode_without_mn9,0.0125,720575940624338068,later_large_only,0.0,0.0,0
mode_without_mn9,0.0125,720575940624338068,other_active,0.66,0.0,2
mode_without_mn9,0.0125,720575940624338068,silent_all,0.0,0.0,0
mode_without_mn9,0.0125,720575940634113687,input,0.0,0.0,0
mode_without_mn9,0.0125,720575940634113687,early_large_only,46.19999999999999,-9.504,24
mode_without_mn9,0.0125,720575940634113687,later_large_only,0.0,0.0,0
mode_without_mn9,0.0125,720575940634113687,other_active,24.75,-11.088000000000001,8
mode_without_mn9,0.0125,720575940634113687,silent_all,0.0,0.0,0
mode_without_mn9,0.0125,720575940627980955,input,0.0,0.0,0
mode_without_mn9,0.0125,720575940627980955,early_large_only,83.16,-10.032,22
mode_without_mn9,0.0125,720575940627980955,later_large_only,0.0,0.0,0
mode_without_mn9,0.0125,720575940627980955,other_active,12.870000000000001,-1.056,7
mode_without_mn9,0.0125,720575940627980955,silent_all,0.0,0.0,0
mode_without_mn9,0.0125,720575940628695056,input,0.0,0.0,0
mode_without_mn9,0.0125,720575940628695056,early_large_only,60.72,-5.016,17
mode_without_mn9,0.0125,720575940628695056,later_large_only,0.0,0.0,0
mode_without_mn9,0.0125,720575940628695056,other_active,4.95,-0.7920000000000001,6
mode_without_mn9,0.0125,720575940628695056,silent_all,0.0,0.0,0
mode_without_mn9,0.0125,720575940628682283,input,0.0,0.0,0
mode_without_mn9,0.0125,720575940628682283,early_large_only,70.61999999999999,-1.8480000000000003,21
mode_without_mn9,0.0125,720575940628682283,later_large_only,0.0,0.0,0
mode_without_mn9,0.0125,720575940628682283,other_active,0.66,0.0,2
mode_without_mn9,0.0125,720575940628682283,silent_all,0.0,0.0,0
mode_without_mn9,0.0125,720575940612551594,input,0.0,0.0,0
mode_without_mn9,0.0125,720575940612551594,early_large_only,66.0,-0.528,15
mode_without_mn9,0.0125,720575940612551594,later_large_only,0.0,0.0,0
mode_without_mn9,0.0125,720575940612551594,other_active,0.0,0.0,0
mode_without_mn9,0.0125,720575940612551594,silent_all,0.0,0.0,0
mode_without_mn9,0.0125,720575940651305718,input,0.0,0.0,0
mode_without_mn9,0.0125,720575940651305718,early_large_only,68.64,-2.64,28
mode_without_mn9,0.0125,720575940651305718,later_large_only,0.0,0.0,0
mode_without_mn9,0.0125,720575940651305718,other_active,1.32,0.0,2
mode_without_mn9,0.0125,720575940651305718,silent_all,0.0,0.0,0
mode_without_mn9,0.0125,720575940620718318,input,0.0,0.0,0
mode_without_mn9,0.0125,720575940620718318,early_large_only,27.39,-2.112,10
mode_without_mn9,0.0125,720575940620718318,later_large_only,0.0,0.0,0
mode_without_mn9,0.0125,720575940620718318,other_active,30.360000000000003,0.0,3
mode_without_mn9,0.0125,720575940620718318,silent_all,0.0,0.0,0
mode_without_mn9,0.0125,720575940630552591,input,0.0,0.0,0
mode_without_mn9,0.0125,720575940630552591,early_large_only,17.82,-2.64,11
mode_without_mn9,0.0125,720575940630552591,later_large_only,0.0,0.0,0
mode_without_mn9,0.0125,720575940630552591,other_active,30.36,-3.960000000000001,11
mode_without_mn9,0.0125,720575940630552591,silent_all,0.0,0.0,0
mode_without_mn9,0.0125,720575940628290307,input,0.0,0.0,0
mode_without_mn9,0.0125,720575940628290307,early_large_only,67.64999999999999,-1.056,11
mode_without_mn9,0.0125,720575940628290307,later_large_only,0.0,0.0,0
mode_without_mn9,0.0125,720575940628290307,other_active,0.0,-0.7920000000000001,1
mode_without_mn9,0.0125,720575940628290307,silent_all,0.0,0.0,0
mode_without_mn9,0.0125,720575940634752666,input,0.0,0.0,0
mode_without_mn9,0.0125,720575940634752666,early_large_only,43.889999999999986,-8.448,33
mode_without_mn9,0.0125,720575940634752666,later_large_only,0.0,0.0,0
mode_without_mn9,0.0125,720575940634752666,other_active,17.82,0.0,4
mode_without_mn9,0.0125,720575940634752666,silent_all,0.0,0.0,0
mode_without_mn9,0.0125,720575940621018977,input,0.0,0.0,0
mode_without_mn9,0.0125,720575940621018977,early_large_only,69.63,-6.072000000000001,13
mode_without_mn9,0.0125,720575940621018977,later_large_only,0.0,0.0,0
mode_without_mn9,0.0125,720575940621018977,other_active,0.0,0.0,0
mode_without_mn9,0.0125,720575940621018977,silent_all,0.0,0.0,0
mode_without_mn9,0.0125,720575940614789791,input,0.0,0.0,0
mode_without_mn9,0.0125,720575940614789791,early_large_only,49.17,-1.584,23
mode_without_mn9,0.0125,720575940614789791,later_large_only,0.0,0.0,0
mode_without_mn9,0.0125,720575940614789791,other_active,9.24,-0.7920000000000001,5
mode_without_mn9,0.0125,720575940614789791,silent_all,0.0,0.0,0
mode_without_mn9,0.0125,720575940617853986,input,0.0,0.0,0
mode_without_mn9,0.0125,720575940617853986,early_large_only,53.459999999999994,-4.488000000000001,25
mode_without_mn9,0.0125,720575940617853986,later_large_only,0.0,0.0,0
mode_without_mn9,0.0125,720575940617853986,other_active,0.66,0.0,2
mode_without_mn9,0.0125,720575940617853986,silent_all,0.0,0.0,0
mode_without_mn9,0.0125,720575940624915435,input,0.0,0.0,0
mode_without_mn9,0.0125,720575940624915435,early_large_only,48.51,-3.4320000000000004,33
mode_without_mn9,0.0125,720575940624915435,later_large_only,0.0,0.0,0
mode_without_mn9,0.0125,720575940624915435,other_active,5.94,0.0,4
mode_without_mn9,0.0125,720575940624915435,silent_all,0.0,0.0,0
mode_without_mn9,0.0125,720575940605777353,input,0.0,0.0,0
mode_without_mn9,0.0125,720575940605777353,early_large_only,48.17999999999999,-3.432000000000001,28
mode_without_mn9,0.0125,720575940605777353,later_large_only,0.0,0.0,0
mode_without_mn9,0.0125,720575940605777353,other_active,8.91,0.0,2
mode_without_mn9,0.0125,720575940605777353,silent_all,0.0,0.0,0
mode_without_mn9,0.0125,720575940610209378,input,0.0,0.0,0
mode_without_mn9,0.0125,720575940610209378,early_large_only,89.42999999999999,-5.544000000000001,23
mode_without_mn9,0.0125,720575940610209378,later_large_only,0.0,0.0,0
mode_without_mn9,0.0125,720575940610209378,other_active,31.679999999999996,-21.912000000000003,15
mode_without_mn9,0.0125,720575940610209378,silent_all,0.0,0.0,0
mode_without_mn9,0.0125,720575940631673484,input,0.0,0.0,0
mode_without_mn9,0.0125,720575940631673484,early_large_only,52.46999999999999,-2.6400000000000006,14
mode_without_mn9,0.0125,720575940631673484,later_large_only,0.0,0.0,0
mode_without_mn9,0.0125,720575940631673484,other_active,0.0,-1.056,1
mode_without_mn9,0.0125,720575940631673484,silent_all,0.0,0.0,0
mode_without_mn9,0.0125,720575940619917990,input,0.0,0.0,0
mode_without_mn9,0.0125,720575940619917990,early_large_only,38.61,-1.848,25
mode_without_mn9,0.0125,720575940619917990,later_large_only,0.0,0.0,0
mode_without_mn9,0.0125,720575940619917990,other_active,15.840000000000002,-0.264,5
mode_without_mn9,0.0125,720575940619917990,silent_all,0.0,0.0,0
mode_without_mn9,0.0125,720575940628958979,input,0.0,0.0,0
mode_without_mn9,0.0125,720575940628958979,early_large_only,89.1,-3.168,13
mode_without_mn9,0.0125,720575940628958979,later_large_only,0.0,0.0,0
mode_without_mn9,0.0125,720575940628958979,other_active,0.0,0.0,0
mode_without_mn9,0.0125,720575940628958979,silent_all,0.0,0.0,0
mode_without_mn9,0.0125,720575940629763575,input,0.0,0.0,0
mode_without_mn9,0.0125,720575940629763575,early_large_only,51.15,0.0,8
mode_without_mn9,0.0125,720575940629763575,later_large_only,0.0,0.0,0
mode_without_mn9,0.0125,720575940629763575,other_active,0.0,-1.32,1
mode_without_mn9,0.0125,720575940629763575,silent_all,0.0,0.0,0
mode_without_mn9,0.0125,720575940632212039,input,0.0,0.0,0
mode_without_mn9,0.0125,720575940632212039,early_large_only,74.58,-2.3760000000000003,16
mode_without_mn9,0.0125,720575940632212039,later_large_only,0.0,0.0,0
mode_without_mn9,0.0125,720575940632212039,other_active,3.3,0.0,4
mode_without_mn9,0.0125,720575940632212039,silent_all,0.0,0.0,0
mode_without_mn9,0.0125,720575940627321674,input,0.0,0.0,0
mode_without_mn9,0.0125,720575940627321674,early_large_only,64.02,-1.584,29
mode_without_mn9,0.0125,720575940627321674,later_large_only,0.0,0.0,0
mode_without_mn9,0.0125,720575940627321674,other_active,0.66,-0.264,2
mode_without_mn9,0.0125,720575940627321674,silent_all,0.0,0.0,0
mode_without_mn9,0.0125,720575940640942837,input,0.0,0.0,0
mode_without_mn9,0.0125,720575940640942837,early_large_only,55.769999999999996,-2.112,20
mode_without_mn9,0.0125,720575940640942837,later_large_only,0.0,0.0,0
mode_without_mn9,0.0125,720575940640942837,other_active,9.9,-2.9040000000000004,3
mode_without_mn9,0.0125,720575940640942837,silent_all,0.0,0.0,0
mode_without_mn9,0.0125,720575940606726834,input,0.0,0.0,0
mode_without_mn9,0.0125,720575940606726834,early_large_only,37.290000000000006,0.0,8
mode_without_mn9,0.0125,720575940606726834,later_large_only,0.0,0.0,0
mode_without_mn9,0.0125,720575940606726834,other_active,24.75,-2.112,6
mode_without_mn9,0.0125,720575940606726834,silent_all,0.0,0.0,0
mode_without_mn9,0.0125,720575940626653309,input,0.0,0.0,0
mode_without_mn9,0.0125,720575940626653309,early_large_only,74.58,-2.904000000000001,29
mode_without_mn9,0.0125,720575940626653309,later_large_only,0.0,0.0,0
mode_without_mn9,0.0125,720575940626653309,other_active,1.32,-1.056,3
mode_without_mn9,0.0125,720575940626653309,silent_all,0.0,0.0,0
mode_without_mn9,0.0125,720575940605495072,input,0.0,0.0,0
mode_without_mn9,0.0125,720575940605495072,early_large_only,61.050000000000004,0.0,4
mode_without_mn9,0.0125,720575940605495072,later_large_only,0.0,0.0,0
mode_without_mn9,0.0125,720575940605495072,other_active,0.0,0.0,0
mode_without_mn9,0.0125,720575940605495072,silent_all,0.0,0.0,0
mode_without_mn9,0.0125,720575940628349456,input,0.0,0.0,0
mode_without_mn9,0.0125,720575940628349456,early_large_only,49.17,-0.7920000000000001,8
mode_without_mn9,0.0125,720575940628349456,later_large_only,0.0,0.0,0
mode_without_mn9,0.0125,720575940628349456,other_active,7.59,-4.224,10
mode_without_mn9,0.0125,720575940628349456,silent_all,0.0,0.0,0
mode_without_mn9,0.0125,720575940624544748,input,0.0,0.0,0
mode_without_mn9,0.0125,720575940624544748,early_large_only,70.95,-8.448,32
mode_without_mn9,0.0125,720575940624544748,later_large_only,0.0,0.0,0
mode_without_mn9,0.0125,720575940624544748,other_active,0.66,-0.528,3
mode_without_mn9,0.0125,720575940624544748,silent_all,0.0,0.0,0
mode_without_mn9,0.0125,720575940615413435,input,0.0,0.0,0
mode_without_mn9,0.0125,720575940615413435,early_large_only,36.96,-5.808,22
mode_without_mn9,0.0125,720575940615413435,later_large_only,0.0,0.0,0
mode_without_mn9,0.0125,720575940615413435,other_active,24.75,-5.280000000000001,13
mode_without_mn9,0.0125,720575940615413435,silent_all,0.0,0.0,0
mode_without_mn9,0.0125,720575940622399190,input,0.0,0.0,0
mode_without_mn9,0.0125,720575940622399190,early_large_only,26.07,-3.168,14
mode_without_mn9,0.0125,720575940622399190,later_large_only,0.0,0.0,0
mode_without_mn9,0.0125,720575940622399190,other_active,27.06,-1.584,5
mode_without_mn9,0.0125,720575940622399190,silent_all,0.0,0.0,0
mode_without_mn9,0.0125,720575940625419495,input,0.0,0.0,0
mode_without_mn9,0.0125,720575940625419495,early_large_only,65.99999999999999,-7.392000000000001,23
mode_without_mn9,0.0125,720575940625419495,later_large_only,0.0,0.0,0
mode_without_mn9,0.0125,720575940625419495,other_active,2.64,-11.088,4
mode_without_mn9,0.0125,720575940625419495,silent_all,0.0,0.0,0
mode_without_mn9,0.0125,720575940625926693,input,0.0,0.0,0
mode_without_mn9,0.0125,720575940625926693,early_large_only,68.97,-10.56,44
mode_without_mn9,0.0125,720575940625926693,later_large_only,0.0,0.0,0
mode_without_mn9,0.0125,720575940625926693,other_active,0.66,0.0,2
mode_without_mn9,0.0125,720575940625926693,silent_all,0.0,0.0,0
mode_without_mn9,0.0125,720575940625990974,input,0.0,0.0,0
mode_without_mn9,0.0125,720575940625990974,early_large_only,64.35,-7.656000000000001,35
mode_without_mn9,0.0125,720575940625990974,later_large_only,0.0,0.0,0
mode_without_mn9,0.0125,720575940625990974,other_active,0.66,0.0,2
mode_without_mn9,0.0125,720575940625990974,silent_all,0.0,0.0,0
mode_without_mn9,0.0125,720575940622045917,input,0.0,0.0,0
mode_without_mn9,0.0125,720575940622045917,early_large_only,53.46,-1.848,15
mode_without_mn9,0.0125,720575940622045917,later_large_only,0.0,0.0,0
mode_without_mn9,0.0125,720575940622045917,other_active,0.0,0.0,0
mode_without_mn9,0.0125,720575940622045917,silent_all,0.0,0.0,0
mode_without_mn9,0.0125,720575940622858534,input,0.0,0.0,0
mode_without_mn9,0.0125,720575940622858534,early_large_only,65.66999999999999,-8.184000000000001,33
mode_without_mn9,0.0125,720575940622858534,later_large_only,0.0,0.0,0
mode_without_mn9,0.0125,720575940622858534,other_active,1.32,0.0,2
mode_without_mn9,0.0125,720575940622858534,silent_all,0.0,0.0,0
mode_without_mn9,0.0125,720575940623199684,input,0.0,0.0,0
mode_without_mn9,0.0125,720575940623199684,early_large_only,59.06999999999999,-0.792,27
mode_without_mn9,0.0125,720575940623199684,later_large_only,0.0,0.0,0
mode_without_mn9,0.0125,720575940623199684,other_active,0.66,-0.264,3
mode_without_mn9,0.0125,720575940623199684,silent_all,0.0,0.0,0
mode_without_mn9,0.0125,720575940623088309,input,0.0,0.0,0
mode_without_mn9,0.0125,720575940623088309,early_large_only,32.669999999999995,-1.32,24
mode_without_mn9,0.0125,720575940623088309,later_large_only,0.0,0.0,0
mode_without_mn9,0.0125,720575940623088309,other_active,19.14,-0.528,5
mode_without_mn9,0.0125,720575940623088309,silent_all,0.0,0.0,0
mode_without_mn9,0.0125,720575940609674052,input,0.0,0.0,0
mode_without_mn9,0.0125,720575940609674052,early_large_only,64.35000000000001,-1.056,26
mode_without_mn9,0.0125,720575940609674052,later_large_only,0.0,0.0,0
mode_without_mn9,0.0125,720575940609674052,other_active,4.29,0.0,4
mode_without_mn9,0.0125,720575940609674052,silent_all,0.0,0.0,0
mode_without_mn9,0.0125,720575940626717573,input,0.0,0.0,0
mode_without_mn9,0.0125,720575940626717573,early_large_only,59.07,-0.528,8
mode_without_mn9,0.0125,720575940626717573,later_large_only,0.0,0.0,0
mode_without_mn9,0.0125,720575940626717573,other_active,0.66,-0.528,4
mode_without_mn9,0.0125,720575940626717573,silent_all,0.0,0.0,0
mode_without_mn9,0.0125,720575940626024323,input,0.0,0.0,0
mode_without_mn9,0.0125,720575940626024323,early_large_only,74.57999999999998,-11.616,36
mode_without_mn9,0.0125,720575940626024323,later_large_only,0.0,0.0,0
mode_without_mn9,0.0125,720575940626024323,other_active,0.0,0.0,0
mode_without_mn9,0.0125,720575940626024323,silent_all,0.0,0.0,0
mode_without_mn9,0.0125,720575940617549497,input,0.0,0.0,0
mode_without_mn9,0.0125,720575940617549497,early_large_only,66.99,-24.816,45
mode_without_mn9,0.0125,720575940617549497,later_large_only,0.0,0.0,0
mode_without_mn9,0.0125,720575940617549497,other_active,3.96,-0.264,5
mode_without_mn9,0.0125,720575940617549497,silent_all,0.0,0.0,0
mode_without_mn9,0.0125,720575940616143989,input,0.0,0.0,0
mode_without_mn9,0.0125,720575940616143989,early_large_only,59.4,-1.5840000000000003,31
mode_without_mn9,0.0125,720575940616143989,later_large_only,0.0,0.0,0
mode_without_mn9,0.0125,720575940616143989,other_active,1.32,-0.264,3
mode_without_mn9,0.0125,720575940616143989,silent_all,0.0,0.0,0
mode_without_mn9,0.0125,720575940635802223,input,0.0,0.0,0
mode_without_mn9,0.0125,720575940635802223,early_large_only,57.74999999999999,-0.264,23
mode_without_mn9,0.0125,720575940635802223,later_large_only,0.0,0.0,0
mode_without_mn9,0.0125,720575940635802223,other_active,2.64,0.0,4
mode_without_mn9,0.0125,720575940635802223,silent_all,0.0,0.0,0
mode_without_mn9,0.0125,720575940621201833,input,0.0,0.0,0
mode_without_mn9,0.0125,720575940621201833,early_large_only,64.35,-3.1680000000000006,37
mode_without_mn9,0.0125,720575940621201833,later_large_only,0.0,0.0,0
mode_without_mn9,0.0125,720575940621201833,other_active,7.260000000000001,0.0,6
mode_without_mn9,0.0125,720575940621201833,silent_all,0.0,0.0,0
mode_without_mn9,0.0125,720575940624430060,input,0.0,0.0,0
mode_without_mn9,0.0125,720575940624430060,early_large_only,62.7,-0.792,19
mode_without_mn9,0.0125,720575940624430060,later_large_only,0.0,0.0,0
mode_without_mn9,0.0125,720575940624430060,other_active,0.0,0.0,0
mode_without_mn9,0.0125,720575940624430060,silent_all,0.0,0.0,0
mode_without_mn9,0.0125,720575940638840629,input,0.0,0.0,0
mode_without_mn9,0.0125,720575940638840629,early_large_only,53.79,-9.239999999999998,29
mode_without_mn9,0.0125,720575940638840629,later_large_only,0.0,0.0,0
mode_without_mn9,0.0125,720575940638840629,other_active,0.0,0.0,0
mode_without_mn9,0.0125,720575940638840629,silent_all,0.0,0.0,0
mode_without_mn9,0.0125,720575940612185586,input,0.0,0.0,0
mode_without_mn9,0.0125,720575940612185586,early_large_only,45.209999999999994,-15.312000000000001,42
mode_without_mn9,0.0125,720575940612185586,later_large_only,0.0,0.0,0
mode_without_mn9,0.0125,720575940612185586,other_active,2.64,0.0,2
mode_without_mn9,0.0125,720575940612185586,silent_all,0.0,0.0,0
mode_without_mn9,0.0125,720575940616055858,input,0.0,0.0,0
mode_without_mn9,0.0125,720575940616055858,early_large_only,123.08999999999996,-9.504000000000001,28
mode_without_mn9,0.0125,720575940616055858,later_large_only,0.0,0.0,0
mode_without_mn9,0.0125,720575940616055858,other_active,2.97,0.0,6
mode_without_mn9,0.0125,720575940616055858,silent_all,0.0,0.0,0
mode_without_mn9,0.0125,720575940621213556,input,0.0,0.0,0
mode_without_mn9,0.0125,720575940621213556,early_large_only,71.94,-5.016000000000001,16
mode_without_mn9,0.0125,720575940621213556,later_large_only,0.0,0.0,0
mode_without_mn9,0.0125,720575940621213556,other_active,0.0,-0.7920000000000001,1
mode_without_mn9,0.0125,720575940621213556,silent_all,0.0,0.0,0
mode_without_mn9,0.0125,720575940624100075,input,0.0,0.0,0
mode_without_mn9,0.0125,720575940624100075,early_large_only,50.489999999999995,-0.528,30
mode_without_mn9,0.0125,720575940624100075,later_large_only,0.0,0.0,0
mode_without_mn9,0.0125,720575940624100075,other_active,5.61,0.0,4
mode_without_mn9,0.0125,720575940624100075,silent_all,0.0,0.0,0
mode_without_mn9,0.0125,720575940606453769,input,0.0,0.0,0
mode_without_mn9,0.0125,720575940606453769,early_large_only,53.459999999999994,-4.488,24
mode_without_mn9,0.0125,720575940606453769,later_large_only,0.0,0.0,0
mode_without_mn9,0.0125,720575940606453769,other_active,0.0,-0.264,1
mode_without_mn9,0.0125,720575940606453769,silent_all,0.0,0.0,0
mode_without_mn9,0.0125,720575940628602471,input,0.0,0.0,0
mode_without_mn9,0.0125,720575940628602471,early_large_only,63.35999999999999,-4.224,34
mode_without_mn9,0.0125,720575940628602471,later_large_only,0.0,0.0,0
mode_without_mn9,0.0125,720575940628602471,other_active,0.0,0.0,0
mode_without_mn9,0.0125,720575940628602471,silent_all,0.0,0.0,0
mode_without_mn9,0.0125,720575940621012289,input,0.0,0.0,0
mode_without_mn9,0.0125,720575940621012289,early_large_only,58.739999999999995,-2.6400000000000006,30
mode_without_mn9,0.0125,720575940621012289,later_large_only,0.0,0.0,0
mode_without_mn9,0.0125,720575940621012289,other_active,5.28,-4.752000000000001,5
mode_without_mn9,0.0125,720575940621012289,silent_all,0.0,0.0,0
mode_without_mn9,0.0125,720575940620232875,input,0.0,0.0,0
mode_without_mn9,0.0125,720575940620232875,early_large_only,59.730000000000004,-0.528,17
mode_without_mn9,0.0125,720575940620232875,later_large_only,0.0,0.0,0
mode_without_mn9,0.0125,720575940620232875,other_active,1.98,0.0,4
mode_without_mn9,0.0125,720575940620232875,silent_all,0.0,0.0,0
mode_without_mn9,0.0125,720575940625118096,input,0.0,0.0,0
mode_without_mn9,0.0125,720575940625118096,early_large_only,55.109999999999985,-5.5440000000000005,39
mode_without_mn9,0.0125,720575940625118096,later_large_only,0.0,0.0,0
mode_without_mn9,0.0125,720575940625118096,other_active,14.52,0.0,4
mode_without_mn9,0.0125,720575940625118096,silent_all,0.0,0.0,0
mode_without_mn9,0.0125,720575940609027523,input,0.0,0.0,0
mode_without_mn9,0.0125,720575940609027523,early_large_only,82.49999999999999,-10.032000000000002,40
mode_without_mn9,0.0125,720575940609027523,later_large_only,0.0,0.0,0
mode_without_mn9,0.0125,720575940609027523,other_active,5.94,-1.32,5
mode_without_mn9,0.0125,720575940609027523,silent_all,0.0,0.0,0
mode_without_mn9,0.0125,720575940627731206,input,0.0,0.0,0
mode_without_mn9,0.0125,720575940627731206,early_large_only,2.31,-8.712,10
mode_without_mn9,0.0125,720575940627731206,later_large_only,0.0,0.0,0
mode_without_mn9,0.0125,720575940627731206,other_active,49.5,-0.792,6
mode_without_mn9,0.0125,720575940627731206,silent_all,0.0,0.0,0
mode_without_mn9,0.0125,720575940622910989,input,0.0,0.0,0
mode_without_mn9,0.0125,720575940622910989,early_large_only,59.399999999999984,-6.864000000000001,34
mode_without_mn9,0.0125,720575940622910989,later_large_only,0.0,0.0,0
mode_without_mn9,0.0125,720575940622910989,other_active,3.3,0.0,2
mode_without_mn9,0.0125,720575940622910989,silent_all,0.0,0.0,0
mode_without_mn9,0.0125,720575940629963068,input,0.0,0.0,0
mode_without_mn9,0.0125,720575940629963068,early_large_only,80.85,-13.728000000000002,45
mode_without_mn9,0.0125,720575940629963068,later_large_only,0.0,0.0,0
mode_without_mn9,0.0125,720575940629963068,other_active,2.31,-1.32,6
mode_without_mn9,0.0125,720575940629963068,silent_all,0.0,0.0,0
mode_without_mn9,0.0125,720575940642142861,input,0.0,0.0,0
mode_without_mn9,0.0125,720575940642142861,early_large_only,65.33999999999997,-0.528,26
mode_without_mn9,0.0125,720575940642142861,later_large_only,0.0,0.0,0
mode_without_mn9,0.0125,720575940642142861,other_active,1.98,0.0,3
mode_without_mn9,0.0125,720575940642142861,silent_all,0.0,0.0,0
mode_without_mn9,0.0125,720575940620402345,input,0.0,0.0,0
mode_without_mn9,0.0125,720575940620402345,early_large_only,82.83,-9.503999999999998,34
mode_without_mn9,0.0125,720575940620402345,later_large_only,0.0,0.0,0
mode_without_mn9,0.0125,720575940620402345,other_active,0.0,0.0,0
mode_without_mn9,0.0125,720575940620402345,silent_all,0.0,0.0,0
mode_without_mn9,0.0125,720575940612435685,input,0.0,0.0,0
mode_without_mn9,0.0125,720575940612435685,early_large_only,55.43999999999999,-3.96,39
mode_without_mn9,0.0125,720575940612435685,later_large_only,0.0,0.0,0
mode_without_mn9,0.0125,720575940612435685,other_active,2.9699999999999998,0.0,3
mode_without_mn9,0.0125,720575940612435685,silent_all,0.0,0.0,0
mode_without_mn9,0.0125,720575940626199429,input,0.0,0.0,0
mode_without_mn9,0.0125,720575940626199429,early_large_only,66.33,-9.768,40
mode_without_mn9,0.0125,720575940626199429,later_large_only,0.0,0.0,0
mode_without_mn9,0.0125,720575940626199429,other_active,0.0,0.0,0
mode_without_mn9,0.0125,720575940626199429,silent_all,0.0,0.0,0
mode_without_mn9,0.0125,720575940613157329,input,0.0,0.0,0
mode_without_mn9,0.0125,720575940613157329,early_large_only,56.75999999999999,-1.056,31
mode_without_mn9,0.0125,720575940613157329,later_large_only,0.0,0.0,0
mode_without_mn9,0.0125,720575940613157329,other_active,1.98,0.0,3
mode_without_mn9,0.0125,720575940613157329,silent_all,0.0,0.0,0
mode_without_mn9,0.0125,720575940639556467,input,0.0,0.0,0
mode_without_mn9,0.0125,720575940639556467,early_large_only,69.3,-5.28,39
mode_without_mn9,0.0125,720575940639556467,later_large_only,0.0,0.0,0
mode_without_mn9,0.0125,720575940639556467,other_active,0.99,0.0,3
mode_without_mn9,0.0125,720575940639556467,silent_all,0.0,0.0,0
mode_without_mn9,0.0125,720575940619954598,input,0.0,0.0,0
mode_without_mn9,0.0125,720575940619954598,early_large_only,76.55999999999999,-17.424,41
mode_without_mn9,0.0125,720575940619954598,later_large_only,0.0,0.0,0
mode_without_mn9,0.0125,720575940619954598,other_active,0.0,0.0,0
mode_without_mn9,0.0125,720575940619954598,silent_all,0.0,0.0,0
mode_without_mn9,0.0125,720575940621277445,input,0.0,0.0,0
mode_without_mn9,0.0125,720575940621277445,early_large_only,50.48999999999999,-1.584,20
mode_without_mn9,0.0125,720575940621277445,later_large_only,0.0,0.0,0
mode_without_mn9,0.0125,720575940621277445,other_active,0.0,-1.32,1
mode_without_mn9,0.0125,720575940621277445,silent_all,0.0,0.0,0
mode_without_mn9,0.0125,720575940611985265,input,0.0,0.0,0
mode_without_mn9,0.0125,720575940611985265,early_large_only,66.98999999999998,-6.864,30
mode_without_mn9,0.0125,720575940611985265,later_large_only,0.0,0.0,0
mode_without_mn9,0.0125,720575940611985265,other_active,18.810000000000002,-14.520000000000003,8
mode_without_mn9,0.0125,720575940611985265,silent_all,0.0,0.0,0
mode_without_mn9,0.0125,720575940623703757,input,0.0,0.0,0
mode_without_mn9,0.0125,720575940623703757,early_large_only,53.78999999999997,-5.280000000000001,59
mode_without_mn9,0.0125,720575940623703757,later_large_only,0.0,0.0,0
mode_without_mn9,0.0125,720575940623703757,other_active,7.26,-1.584,8
mode_without_mn9,0.0125,720575940623703757,silent_all,0.0,0.0,0
mode_without_mn9,0.0125,720575940642193549,input,0.0,0.0,0
mode_without_mn9,0.0125,720575940642193549,early_large_only,70.94999999999999,-4.224,38
mode_without_mn9,0.0125,720575940642193549,later_large_only,0.0,0.0,0
mode_without_mn9,0.0125,720575940642193549,other_active,2.31,-2.9040000000000004,5
mode_without_mn9,0.0125,720575940642193549,silent_all,0.0,0.0,0
mode_without_mn9,0.0125,720575940641560205,input,0.0,0.0,0
mode_without_mn9,0.0125,720575940641560205,early_large_only,56.429999999999986,-11.088000000000001,41
mode_without_mn9,0.0125,720575940641560205,later_large_only,0.0,0.0,0
mode_without_mn9,0.0125,720575940641560205,other_active,17.82,0.0,7
mode_without_mn9,0.0125,720575940641560205,silent_all,0.0,0.0,0
mode_without_mn9,0.0125,720575940622770410,input,0.0,0.0,0
mode_without_mn9,0.0125,720575940622770410,early_large_only,44.54999999999999,-2.3760000000000003,22
mode_without_mn9,0.0125,720575940622770410,later_large_only,0.0,0.0,0
mode_without_mn9,0.0125,720575940622770410,other_active,3.3,-0.528,7
mode_without_mn9,0.0125,720575940622770410,silent_all,0.0,0.0,0
mode_without_mn9,0.0125,720575940630523407,input,0.0,0.0,0
mode_without_mn9,0.0125,720575940630523407,early_large_only,68.97,-1.584,28
mode_without_mn9,0.0125,720575940630523407,later_large_only,0.0,0.0,0
mode_without_mn9,0.0125,720575940630523407,other_active,1.65,-2.64,6
mode_without_mn9,0.0125,720575940630523407,silent_all,0.0,0.0,0
mode_without_mn9,0.0125,720575940626567178,input,0.0,0.0,0
mode_without_mn9,0.0125,720575940626567178,early_large_only,94.71,-29.568,56
mode_without_mn9,0.0125,720575940626567178,later_large_only,0.0,0.0,0
mode_without_mn9,0.0125,720575940626567178,other_active,1.98,0.0,3
mode_without_mn9,0.0125,720575940626567178,silent_all,0.0,0.0,0
mode_without_mn9,0.0125,720575940631107139,input,0.0,0.0,0
mode_without_mn9,0.0125,720575940631107139,early_large_only,40.91999999999999,-51.48000000000001,48
mode_without_mn9,0.0125,720575940631107139,later_large_only,0.0,0.0,0
mode_without_mn9,0.0125,720575940631107139,other_active,56.099999999999994,-9.24,13
mode_without_mn9,0.0125,720575940631107139,silent_all,0.0,0.0,0
mode_without_mn9,0.0125,720575940610562969,input,0.0,0.0,0
mode_without_mn9,0.0125,720575940610562969,early_large_only,69.62999999999997,-5.016,40
mode_without_mn9,0.0125,720575940610562969,later_large_only,0.0,0.0,0
mode_without_mn9,0.0125,720575940610562969,other_active,0.0,0.0,0
mode_without_mn9,0.0125,720575940610562969,silent_all,0.0,0.0,0
mode_without_mn9,0.0125,720575940630765253,input,0.0,0.0,0
mode_without_mn9,0.0125,720575940630765253,early_large_only,60.71999999999999,-1.056,36
mode_without_mn9,0.0125,720575940630765253,later_large_only,0.0,0.0,0
mode_without_mn9,0.0125,720575940630765253,other_active,0.99,0.0,3
mode_without_mn9,0.0125,720575940630765253,silent_all,0.0,0.0,0
mode_without_mn9,0.0125,720575940617786525,input,0.0,0.0,0
mode_without_mn9,0.0125,720575940617786525,early_large_only,60.38999999999998,-4.224,33
mode_without_mn9,0.0125,720575940617786525,later_large_only,0.0,0.0,0
mode_without_mn9,0.0125,720575940617786525,other_active,0.99,0.0,3
mode_without_mn9,0.0125,720575940617786525,silent_all,0.0,0.0,0
mode_without_mn9,0.0125,720575940630622250,input,0.0,0.0,0
mode_without_mn9,0.0125,720575940630622250,early_large_only,55.769999999999975,-3.9600000000000004,44
mode_without_mn9,0.0125,720575940630622250,later_large_only,0.0,0.0,0
mode_without_mn9,0.0125,720575940630622250,other_active,3.96,0.0,3
mode_without_mn9,0.0125,720575940630622250,silent_all,0.0,0.0,0
mode_without_mn9,0.0125,720575940631997101,input,0.0,0.0,0
mode_without_mn9,0.0125,720575940631997101,early_large_only,65.00999999999999,-1.8480000000000003,33
mode_without_mn9,0.0125,720575940631997101,later_large_only,0.0,0.0,0
mode_without_mn9,0.0125,720575940631997101,other_active,0.0,-1.056,2
mode_without_mn9,0.0125,720575940631997101,silent_all,0.0,0.0,0
mode_without_mn9,0.0125,720575940617493460,input,0.0,0.0,0
mode_without_mn9,0.0125,720575940617493460,early_large_only,92.07,-3.432000000000001,16
mode_without_mn9,0.0125,720575940617493460,later_large_only,0.0,0.0,0
mode_without_mn9,0.0125,720575940617493460,other_active,0.0,0.0,0
mode_without_mn9,0.0125,720575940617493460,silent_all,0.0,0.0,0
mode_without_mn9,0.0125,720575940610647416,input,0.0,0.0,0
mode_without_mn9,0.0125,720575940610647416,early_large_only,62.040000000000006,-1.584,28
mode_without_mn9,0.0125,720575940610647416,later_large_only,0.0,0.0,0
mode_without_mn9,0.0125,720575940610647416,other_active,0.0,0.0,0
mode_without_mn9,0.0125,720575940610647416,silent_all,0.0,0.0,0
mode_without_mn9,0.0125,720575940626034777,input,0.0,0.0,0
mode_without_mn9,0.0125,720575940626034777,early_large_only,63.68999999999998,-1.584,29
mode_without_mn9,0.0125,720575940626034777,later_large_only,0.0,0.0,0
mode_without_mn9,0.0125,720575940626034777,other_active,0.0,0.0,0
mode_without_mn9,0.0125,720575940626034777,silent_all,0.0,0.0,0
mode_without_mn9,0.0125,720575940620769133,input,0.0,0.0,0
mode_without_mn9,0.0125,720575940620769133,early_large_only,67.64999999999999,-16.104000000000003,42
mode_without_mn9,0.0125,720575940620769133,later_large_only,0.0,0.0,0
mode_without_mn9,0.0125,720575940620769133,other_active,0.99,0.0,3
mode_without_mn9,0.0125,720575940620769133,silent_all,0.0,0.0,0
mode_without_mn9,0.0125,720575940632118343,input,0.0,0.0,0
mode_without_mn9,0.0125,720575940632118343,early_large_only,57.089999999999996,-0.792,26
mode_without_mn9,0.0125,720575940632118343,later_large_only,0.0,0.0,0
mode_without_mn9,0.0125,720575940632118343,other_active,3.96,0.0,3
mode_without_mn9,0.0125,720575940632118343,silent_all,0.0,0.0,0
mode_without_mn9,0.0125,720575940623460622,input,0.0,0.0,0
mode_without_mn9,0.0125,720575940623460622,early_large_only,60.719999999999985,-5.28,37
mode_without_mn9,0.0125,720575940623460622,later_large_only,0.0,0.0,0
mode_without_mn9,0.0125,720575940623460622,other_active,0.0,0.0,0
mode_without_mn9,0.0125,720575940623460622,silent_all,0.0,0.0,0
mode_without_mn9,0.0125,720575940630354169,input,0.0,0.0,0
mode_without_mn9,0.0125,720575940630354169,early_large_only,68.64,-6.600000000000002,39
mode_without_mn9,0.0125,720575940630354169,later_large_only,0.0,0.0,0
mode_without_mn9,0.0125,720575940630354169,other_active,0.0,0.0,0
mode_without_mn9,0.0125,720575940630354169,silent_all,0.0,0.0,0
mode_without_mn9,0.0125,720575940628716926,input,0.0,0.0,0
mode_without_mn9,0.0125,720575940628716926,early_large_only,76.88999999999999,-13.728000000000002,48
mode_without_mn9,0.0125,720575940628716926,later_large_only,0.0,0.0,0
mode_without_mn9,0.0125,720575940628716926,other_active,2.9699999999999998,-5.28,8
mode_without_mn9,0.0125,720575940628716926,silent_all,0.0,0.0,0
mode_without_mn9,0.0125,720575940606112457,input,0.0,0.0,0
mode_without_mn9,0.0125,720575940606112457,early_large_only,53.459999999999994,-2.904000000000001,21
mode_without_mn9,0.0125,720575940606112457,later_large_only,0.0,0.0,0
mode_without_mn9,0.0125,720575940606112457,other_active,33.0,-11.352,13
mode_without_mn9,0.0125,720575940606112457,silent_all,0.0,0.0,0
mode_without_mn9,0.0125,720575940630600775,input,0.0,0.0,0
mode_without_mn9,0.0125,720575940630600775,early_large_only,51.15,-3.168,37
mode_without_mn9,0.0125,720575940630600775,later_large_only,0.0,0.0,0
mode_without_mn9,0.0125,720575940630600775,other_active,0.99,0.0,3
mode_without_mn9,0.0125,720575940630600775,silent_all,0.0,0.0,0
mode_without_mn9,0.0125,720575940620018964,input,0.0,0.0,0
mode_without_mn9,0.0125,720575940620018964,early_large_only,61.38,-3.4320000000000004,26
mode_without_mn9,0.0125,720575940620018964,later_large_only,0.0,0.0,0
mode_without_mn9,0.0125,720575940620018964,other_active,1.98,0.0,3
mode_without_mn9,0.0125,720575940620018964,silent_all,0.0,0.0,0
mode_without_mn9,0.0125,720575940638650483,input,0.0,0.0,0
mode_without_mn9,0.0125,720575940638650483,early_large_only,61.709999999999994,-1.584,35
mode_without_mn9,0.0125,720575940638650483,later_large_only,0.0,0.0,0
mode_without_mn9,0.0125,720575940638650483,other_active,0.99,0.0,3
mode_without_mn9,0.0125,720575940638650483,silent_all,0.0,0.0,0
mode_without_mn9,0.0125,720575940620689517,input,0.0,0.0,0
mode_without_mn9,0.0125,720575940620689517,early_large_only,56.42999999999999,-2.112,25
mode_without_mn9,0.0125,720575940620689517,later_large_only,0.0,0.0,0
mode_without_mn9,0.0125,720575940620689517,other_active,0.99,-0.528,2
mode_without_mn9,0.0125,720575940620689517,silent_all,0.0,0.0,0
mode_without_mn9,0.0125,720575940624058516,input,0.0,0.0,0
mode_without_mn9,0.0125,720575940624058516,early_large_only,47.51999999999998,-3.696000000000001,18
mode_without_mn9,0.0125,720575940624058516,later_large_only,0.0,0.0,0
mode_without_mn9,0.0125,720575940624058516,other_active,0.99,-0.264,4
mode_without_mn9,0.0125,720575940624058516,silent_all,0.0,0.0,0
mode_without_mn9,0.0125,720575940614206866,input,0.0,0.0,0
mode_without_mn9,0.0125,720575940614206866,early_large_only,61.70999999999999,-2.112,43
mode_without_mn9,0.0125,720575940614206866,later_large_only,0.0,0.0,0
mode_without_mn9,0.0125,720575940614206866,other_active,0.0,0.0,0
mode_without_mn9,0.0125,720575940614206866,silent_all,0.0,0.0,0
mode_without_mn9,0.0125,720575940623059443,input,0.0,0.0,0
mode_without_mn9,0.0125,720575940623059443,early_large_only,55.109999999999985,-4.488,46
mode_without_mn9,0.0125,720575940623059443,later_large_only,0.0,0.0,0
mode_without_mn9,0.0125,720575940623059443,other_active,1.98,0.0,3
mode_without_mn9,0.0125,720575940623059443,silent_all,0.0,0.0,0
mode_without_mn9,0.0125,720575940623650823,input,0.0,0.0,0
mode_without_mn9,0.0125,720575940623650823,early_large_only,150.48,-76.03200000000001,4
mode_without_mn9,0.0125,720575940623650823,later_large_only,0.0,0.0,0
mode_without_mn9,0.0125,720575940623650823,other_active,0.0,0.0,0
mode_without_mn9,0.0125,720575940623650823,silent_all,0.0,0.0,0
mode_without_mn9,0.0125,720575940625479426,input,0.0,0.0,0
mode_without_mn9,0.0125,720575940625479426,early_large_only,50.48999999999999,-4.224,27
mode_without_mn9,0.0125,720575940625479426,later_large_only,0.0,0.0,0
mode_without_mn9,0.0125,720575940625479426,other_active,1.98,-1.8480000000000003,4
mode_without_mn9,0.0125,720575940625479426,silent_all,0.0,0.0,0
mode_without_mn9,0.0125,720575940614067921,input,0.0,0.0,0
mode_without_mn9,0.0125,720575940614067921,early_large_only,63.68999999999999,-5.544000000000001,27
mode_without_mn9,0.0125,720575940614067921,later_large_only,0.0,0.0,0
mode_without_mn9,0.0125,720575940614067921,other_active,0.99,0.0,2
mode_without_mn9,0.0125,720575940614067921,silent_all,0.0,0.0,0
mode_without_mn9,0.0125,720575940622515165,input,0.0,0.0,0
mode_without_mn9,0.0125,720575940622515165,early_large_only,72.59999999999998,-6.072000000000001,43
mode_without_mn9,0.0125,720575940622515165,later_large_only,0.0,0.0,0
mode_without_mn9,0.0125,720575940622515165,other_active,8.25,-5.280000000000001,11
mode_without_mn9,0.0125,720575940622515165,silent_all,0.0,0.0,0
mode_without_mn9,0.0125,720575940614159010,input,0.0,0.0,0
mode_without_mn9,0.0125,720575940614159010,early_large_only,59.399999999999984,-6.072,35
mode_without_mn9,0.0125,720575940614159010,later_large_only,0.0,0.0,0
mode_without_mn9,0.0125,720575940614159010,other_active,0.0,0.0,0
mode_without_mn9,0.0125,720575940614159010,silent_all,0.0,0.0,0
mode_without_mn9,0.0125,720575940629050234,input,0.0,0.0,0
mode_without_mn9,0.0125,720575940629050234,early_large_only,141.9,-55.44,55
mode_without_mn9,0.0125,720575940629050234,later_large_only,0.0,0.0,0
mode_without_mn9,0.0125,720575940629050234,other_active,1.98,0.0,3
mode_without_mn9,0.0125,720575940629050234,silent_all,0.0,0.0,0
mode_without_mn9,0.0125,720575940647328900,input,0.0,0.0,0
mode_without_mn9,0.0125,720575940647328900,early_large_only,54.779999999999994,-1.32,32
mode_without_mn9,0.0125,720575940647328900,later_large_only,0.0,0.0,0
mode_without_mn9,0.0125,720575940647328900,other_active,1.98,0.0,3
mode_without_mn9,0.0125,720575940647328900,silent_all,0.0,0.0,0
mode_without_mn9,0.0125,720575940617577702,input,0.0,0.0,0
mode_without_mn9,0.0125,720575940617577702,early_large_only,61.379999999999995,-2.3760000000000003,28
mode_without_mn9,0.0125,720575940617577702,later_large_only,0.0,0.0,0
mode_without_mn9,0.0125,720575940617577702,other_active,3.96,0.0,3
mode_without_mn9,0.0125,720575940617577702,silent_all,0.0,0.0,0
mode_without_mn9,0.0125,720575940618130625,input,0.0,0.0,0
mode_without_mn9,0.0125,720575940618130625,early_large_only,51.80999999999998,-14.520000000000001,45
mode_without_mn9,0.0125,720575940618130625,later_large_only,0.0,0.0,0
mode_without_mn9,0.0125,720575940618130625,other_active,19.47,0.0,10
mode_without_mn9,0.0125,720575940618130625,silent_all,0.0,0.0,0
mode_without_mn9,0.0125,720575940617100985,input,0.0,0.0,0
mode_without_mn9,0.0125,720575940617100985,early_large_only,60.72,-1.056,9
mode_without_mn9,0.0125,720575940617100985,later_large_only,0.0,0.0,0
mode_without_mn9,0.0125,720575940617100985,other_active,0.0,-2.6400000000000006,2
mode_without_mn9,0.0125,720575940617100985,silent_all,0.0,0.0,0
mode_without_mn9,0.0125,720575940626524056,input,0.0,0.0,0
mode_without_mn9,0.0125,720575940626524056,early_large_only,88.76999999999997,-25.608,29
mode_without_mn9,0.0125,720575940626524056,later_large_only,0.0,0.0,0
mode_without_mn9,0.0125,720575940626524056,other_active,15.18,-13.200000000000001,4
mode_without_mn9,0.0125,720575940626524056,silent_all,0.0,0.0,0
mode_without_mn9,0.0125,720575940647380356,input,0.0,0.0,0
mode_without_mn9,0.0125,720575940647380356,early_large_only,65.00999999999998,-2.3760000000000003,32
mode_without_mn9,0.0125,720575940647380356,later_large_only,0.0,0.0,0
mode_without_mn9,0.0125,720575940647380356,other_active,0.99,0.0,3
mode_without_mn9,0.0125,720575940647380356,silent_all,0.0,0.0,0
mode_without_mn9,0.0125,720575940635776101,input,0.0,0.0,0
mode_without_mn9,0.0125,720575940635776101,early_large_only,103.61999999999996,-35.112,56
mode_without_mn9,0.0125,720575940635776101,later_large_only,0.0,0.0,0
mode_without_mn9,0.0125,720575940635776101,other_active,2.9699999999999998,0.0,3
mode_without_mn9,0.0125,720575940635776101,silent_all,0.0,0.0,0
mode_without_mn9,0.0125,720575940617573922,input,0.0,0.0,0
mode_without_mn9,0.0125,720575940617573922,early_large_only,62.36999999999999,-2.3760000000000003,33
mode_without_mn9,0.0125,720575940617573922,later_large_only,0.0,0.0,0
mode_without_mn9,0.0125,720575940617573922,other_active,0.0,0.0,0
mode_without_mn9,0.0125,720575940617573922,silent_all,0.0,0.0,0
mode_without_mn9,0.0125,720575940627635441,input,0.0,0.0,0
mode_without_mn9,0.0125,720575940627635441,early_large_only,46.85999999999999,-2.64,22
mode_without_mn9,0.0125,720575940627635441,later_large_only,0.0,0.0,0
mode_without_mn9,0.0125,720575940627635441,other_active,1.65,-0.528,6
mode_without_mn9,0.0125,720575940627635441,silent_all,0.0,0.0,0
mode_without_mn9,0.0125,720575940610536494,input,0.0,0.0,0
mode_without_mn9,0.0125,720575940610536494,early_large_only,66.32999999999998,-8.712000000000002,38
mode_without_mn9,0.0125,720575940610536494,later_large_only,0.0,0.0,0
mode_without_mn9,0.0125,720575940610536494,other_active,1.98,0.0,3
mode_without_mn9,0.0125,720575940610536494,silent_all,0.0,0.0,0
mode_without_mn9,0.0125,720575940619736523,input,0.0,0.0,0
mode_without_mn9,0.0125,720575940619736523,early_large_only,44.87999999999999,-5.016000000000002,42
mode_without_mn9,0.0125,720575940619736523,later_large_only,0.0,0.0,0
mode_without_mn9,0.0125,720575940619736523,other_active,11.879999999999999,-0.792,8
mode_without_mn9,0.0125,720575940619736523,silent_all,0.0,0.0,0
mode_without_mn9,0.0125,720575940642897293,input,0.0,0.0,0
mode_without_mn9,0.0125,720575940642897293,early_large_only,50.81999999999999,-1.848,18
mode_without_mn9,0.0125,720575940642897293,later_large_only,0.0,0.0,0
mode_without_mn9,0.0125,720575940642897293,other_active,1.6500000000000001,-0.528,7
mode_without_mn9,0.0125,720575940642897293,silent_all,0.0,0.0,0
mode_without_mn9,0.0125,720575940628694019,input,0.0,0.0,0
mode_without_mn9,0.0125,720575940628694019,early_large_only,114.83999999999999,-7.6560000000000015,47
mode_without_mn9,0.0125,720575940628694019,later_large_only,0.0,0.0,0
mode_without_mn9,0.0125,720575940628694019,other_active,9.9,-35.112,19
mode_without_mn9,0.0125,720575940628694019,silent_all,0.0,0.0,0
mode_without_mn9,0.0125,720575940629909751,input,0.0,0.0,0
mode_without_mn9,0.0125,720575940629909751,early_large_only,62.03999999999999,-5.280000000000001,32
mode_without_mn9,0.0125,720575940629909751,later_large_only,0.0,0.0,0
mode_without_mn9,0.0125,720575940629909751,other_active,0.99,0.0,3
mode_without_mn9,0.0125,720575940629909751,silent_all,0.0,0.0,0
mode_without_mn9,0.0125,720575940620777382,input,0.0,0.0,0
mode_without_mn9,0.0125,720575940620777382,early_large_only,36.3,-9.504000000000001,16
mode_without_mn9,0.0125,720575940620777382,later_large_only,0.0,0.0,0
mode_without_mn9,0.0125,720575940620777382,other_active,54.78,-20.328000000000003,15
mode_without_mn9,0.0125,720575940620777382,silent_all,0.0,0.0,0
mode_without_mn9,0.0125,720575940610167665,input,0.0,0.0,0
mode_without_mn9,0.0125,720575940610167665,early_large_only,64.34999999999998,-7.128,38
mode_without_mn9,0.0125,720575940610167665,later_large_only,0.0,0.0,0
mode_without_mn9,0.0125,720575940610167665,other_active,0.0,0.0,0
mode_without_mn9,0.0125,720575940610167665,silent_all,0.0,0.0,0
mode_without_mn9,0.0125,720575940605032550,input,0.0,0.0,0
mode_without_mn9,0.0125,720575940605032550,early_large_only,55.11,-5.280000000000001,36
mode_without_mn9,0.0125,720575940605032550,later_large_only,0.0,0.0,0
mode_without_mn9,0.0125,720575940605032550,other_active,0.0,0.0,0
mode_without_mn9,0.0125,720575940605032550,silent_all,0.0,0.0,0
mode_without_mn9,0.0125,720575940625766842,input,0.0,0.0,0
mode_without_mn9,0.0125,720575940625766842,early_large_only,60.38999999999999,-1.32,24
mode_without_mn9,0.0125,720575940625766842,later_large_only,0.0,0.0,0
mode_without_mn9,0.0125,720575940625766842,other_active,0.99,0.0,3
mode_without_mn9,0.0125,720575940625766842,silent_all,0.0,0.0,0
mode_without_mn9,0.0125,720575940632732845,input,0.0,0.0,0
mode_without_mn9,0.0125,720575940632732845,early_large_only,64.35,-6.072000000000001,41
mode_without_mn9,0.0125,720575940632732845,later_large_only,0.0,0.0,0
mode_without_mn9,0.0125,720575940632732845,other_active,0.99,0.0,3
mode_without_mn9,0.0125,720575940632732845,silent_all,0.0,0.0,0
mode_without_mn9,0.0125,720575940634480820,input,0.0,0.0,0
mode_without_mn9,0.0125,720575940634480820,early_large_only,51.809999999999995,-1.848,37
mode_without_mn9,0.0125,720575940634480820,later_large_only,0.0,0.0,0
mode_without_mn9,0.0125,720575940634480820,other_active,10.56,0.0,4
mode_without_mn9,0.0125,720575940634480820,silent_all,0.0,0.0,0
mode_without_mn9,0.0125,720575940619571009,input,0.0,0.0,0
mode_without_mn9,0.0125,720575940619571009,early_large_only,70.28999999999999,-12.408000000000001,35
mode_without_mn9,0.0125,720575940619571009,later_large_only,0.0,0.0,0
mode_without_mn9,0.0125,720575940619571009,other_active,0.0,0.0,0
mode_without_mn9,0.0125,720575940619571009,silent_all,0.0,0.0,0
mode_without_mn9,0.0125,720575940628050950,input,0.0,0.0,0
mode_without_mn9,0.0125,720575940628050950,early_large_only,61.04999999999999,-11.879999999999999,49
mode_without_mn9,0.0125,720575940628050950,later_large_only,0.0,0.0,0
mode_without_mn9,0.0125,720575940628050950,other_active,8.58,-1.056,6
mode_without_mn9,0.0125,720575940628050950,silent_all,0.0,0.0,0
mode_without_mn9,0.0125,720575940626323486,input,0.0,0.0,0
mode_without_mn9,0.0125,720575940626323486,early_large_only,128.7,-50.952000000000005,23
mode_without_mn9,0.0125,720575940626323486,later_large_only,0.0,0.0,0
mode_without_mn9,0.0125,720575940626323486,other_active,32.01,-24.288,7
mode_without_mn9,0.0125,720575940626323486,silent_all,0.0,0.0,0
mode_without_mn9,0.0125,720575940659773313,input,0.0,0.0,0
mode_without_mn9,0.0125,720575940659773313,early_large_only,58.07999999999998,-5.28,27
mode_without_mn9,0.0125,720575940659773313,later_large_only,0.0,0.0,0
mode_without_mn9,0.0125,720575940659773313,other_active,1.98,0.0,3
mode_without_mn9,0.0125,720575940659773313,silent_all,0.0,0.0,0
mode_without_mn9,0.0125,720575940625498512,input,0.0,0.0,0
mode_without_mn9,0.0125,720575940625498512,early_large_only,55.76999999999999,-2.904,31
mode_without_mn9,0.0125,720575940625498512,later_large_only,0.0,0.0,0
mode_without_mn9,0.0125,720575940625498512,other_active,3.96,0.0,6
mode_without_mn9,0.0125,720575940625498512,silent_all,0.0,0.0,0
mode_without_mn9,0.0125,720575940626705937,input,0.0,0.0,0
mode_without_mn9,0.0125,720575940626705937,early_large_only,37.29,-6.336000000000001,13
mode_without_mn9,0.0125,720575940626705937,later_large_only,0.0,0.0,0
mode_without_mn9,0.0125,720575940626705937,other_active,8.58,-1.5840000000000003,7
mode_without_mn9,0.0125,720575940626705937,silent_all,0.0,0.0,0
mode_without_mn9,0.0125,720575940615763573,input,0.0,0.0,0
mode_without_mn9,0.0125,720575940615763573,early_large_only,60.05999999999998,-6.072,39
mode_without_mn9,0.0125,720575940615763573,later_large_only,0.0,0.0,0
mode_without_mn9,0.0125,720575940615763573,other_active,2.64,0.0,1
mode_without_mn9,0.0125,720575940615763573,silent_all,0.0,0.0,0
mode_without_mn9,0.0125,720575940637711686,input,0.0,0.0,0
mode_without_mn9,0.0125,720575940637711686,early_large_only,35.96999999999999,-15.312000000000001,34
mode_without_mn9,0.0125,720575940637711686,later_large_only,0.0,0.0,0
mode_without_mn9,0.0125,720575940637711686,other_active,48.51,-14.784000000000002,12
mode_without_mn9,0.0125,720575940637711686,silent_all,0.0,0.0,0
mode_without_mn9,0.0125,720575940635146848,input,0.0,0.0,0
mode_without_mn9,0.0125,720575940635146848,early_large_only,58.40999999999999,-5.808000000000002,30
mode_without_mn9,0.0125,720575940635146848,later_large_only,0.0,0.0,0
mode_without_mn9,0.0125,720575940635146848,other_active,3.96,-0.264,5
mode_without_mn9,0.0125,720575940635146848,silent_all,0.0,0.0,0
mode_without_mn9,0.0125,720575940630040438,input,0.0,0.0,0
mode_without_mn9,0.0125,720575940630040438,early_large_only,58.739999999999995,-1.056,12
mode_without_mn9,0.0125,720575940630040438,later_large_only,0.0,0.0,0
mode_without_mn9,0.0125,720575940630040438,other_active,0.99,-1.5840000000000003,2
mode_without_mn9,0.0125,720575940630040438,silent_all,0.0,0.0,0
mode_without_mn9,0.0125,720575940622018217,input,0.0,0.0,0
mode_without_mn9,0.0125,720575940622018217,early_large_only,75.57,-16.368000000000002,26
mode_without_mn9,0.0125,720575940622018217,later_large_only,0.0,0.0,0
mode_without_mn9,0.0125,720575940622018217,other_active,4.619999999999999,-4.752000000000001,6
mode_without_mn9,0.0125,720575940622018217,silent_all,0.0,0.0,0
mode_without_mn9,0.0125,720575940619401296,input,0.0,0.0,0
mode_without_mn9,0.0125,720575940619401296,early_large_only,52.469999999999985,-7.128000000000002,35
mode_without_mn9,0.0125,720575940619401296,later_large_only,0.0,0.0,0
mode_without_mn9,0.0125,720575940619401296,other_active,2.9699999999999998,0.0,3
mode_without_mn9,0.0125,720575940619401296,silent_all,0.0,0.0,0
mode_without_mn9,0.0125,720575940623525770,input,0.0,0.0,0
mode_without_mn9,0.0125,720575940623525770,early_large_only,68.96999999999998,-14.256,54
mode_without_mn9,0.0125,720575940623525770,later_large_only,0.0,0.0,0
mode_without_mn9,0.0125,720575940623525770,other_active,0.0,0.0,0
mode_without_mn9,0.0125,720575940623525770,silent_all,0.0,0.0,0
mode_without_mn9,0.0125,720575940628697538,input,0.0,0.0,0
mode_without_mn9,0.0125,720575940628697538,early_large_only,68.63999999999999,-13.464000000000002,41
mode_without_mn9,0.0125,720575940628697538,later_large_only,0.0,0.0,0
mode_without_mn9,0.0125,720575940628697538,other_active,0.0,0.0,0
mode_without_mn9,0.0125,720575940628697538,silent_all,0.0,0.0,0
mode_without_mn9,0.0125,720575940613973555,input,0.0,0.0,0
mode_without_mn9,0.0125,720575940613973555,early_large_only,50.82,-1.056,20
mode_without_mn9,0.0125,720575940613973555,later_large_only,0.0,0.0,0
mode_without_mn9,0.0125,720575940613973555,other_active,0.0,0.0,0
mode_without_mn9,0.0125,720575940613973555,silent_all,0.0,0.0,0
mode_without_mn9,0.0125,720575940611606490,input,0.0,0.0,0
mode_without_mn9,0.0125,720575940611606490,early_large_only,50.489999999999974,-1.848,43
mode_without_mn9,0.0125,720575940611606490,later_large_only,0.0,0.0,0
mode_without_mn9,0.0125,720575940611606490,other_active,0.99,0.0,3
mode_without_mn9,0.0125,720575940611606490,silent_all,0.0,0.0,0
mode_without_mn9,0.0125,720575940630190411,input,0.0,0.0,0
mode_without_mn9,0.0125,720575940630190411,early_large_only,32.339999999999996,-9.504000000000003,29
mode_without_mn9,0.0125,720575940630190411,later_large_only,0.0,0.0,0
mode_without_mn9,0.0125,720575940630190411,other_active,25.74,-1.056,8
mode_without_mn9,0.0125,720575940630190411,silent_all,0.0,0.0,0
mode_without_mn9,0.0125,720575940646415907,input,0.0,0.0,0
mode_without_mn9,0.0125,720575940646415907,early_large_only,88.11,-33.792,55
mode_without_mn9,0.0125,720575940646415907,later_large_only,0.0,0.0,0
mode_without_mn9,0.0125,720575940646415907,other_active,0.99,0.0,3
mode_without_mn9,0.0125,720575940646415907,silent_all,0.0,0.0,0
mode_without_mn9,0.0125,720575940614441834,input,0.0,0.0,0
mode_without_mn9,0.0125,720575940614441834,early_large_only,32.010000000000005,-1.056,9
mode_without_mn9,0.0125,720575940614441834,later_large_only,0.0,0.0,0
mode_without_mn9,0.0125,720575940614441834,other_active,40.58999999999999,-10.56,12
mode_without_mn9,0.0125,720575940614441834,silent_all,0.0,0.0,0
mode_without_mn9,0.0125,720575940629830700,input,0.0,0.0,0
mode_without_mn9,0.0125,720575940629830700,early_large_only,50.81999999999998,-2.6400000000000006,40
mode_without_mn9,0.0125,720575940629830700,later_large_only,0.0,0.0,0
mode_without_mn9,0.0125,720575940629830700,other_active,0.99,-0.528,5
mode_without_mn9,0.0125,720575940629830700,silent_all,0.0,0.0,0
mode_without_mn9,0.0125,720575940612549799,input,0.0,0.0,0
mode_without_mn9,0.0125,720575940612549799,early_large_only,60.719999999999985,-4.752000000000001,43
mode_without_mn9,0.0125,720575940612549799,later_large_only,0.0,0.0,0
mode_without_mn9,0.0125,720575940612549799,other_active,0.0,0.0,0
mode_without_mn9,0.0125,720575940612549799,silent_all,0.0,0.0,0
mode_without_mn9,0.0125,720575940631989841,input,0.0,0.0,0
mode_without_mn9,0.0125,720575940631989841,early_large_only,57.749999999999986,-6.072,45
mode_without_mn9,0.0125,720575940631989841,later_large_only,0.0,0.0,0
mode_without_mn9,0.0125,720575940631989841,other_active,0.0,0.0,0
mode_without_mn9,0.0125,720575940631989841,silent_all,0.0,0.0,0
mode_without_mn9,0.0125,720575940625768394,input,0.0,0.0,0
mode_without_mn9,0.0125,720575940625768394,early_large_only,48.509999999999984,-17.952,40
mode_without_mn9,0.0125,720575940625768394,later_large_only,0.0,0.0,0
mode_without_mn9,0.0125,720575940625768394,other_active,15.840000000000002,-0.528,8
mode_without_mn9,0.0125,720575940625768394,silent_all,0.0,0.0,0
mode_without_mn9,0.0125,720575940628118159,input,0.0,0.0,0
mode_without_mn9,0.0125,720575940628118159,early_large_only,81.83999999999999,-12.672,60
mode_without_mn9,0.0125,720575940628118159,later_large_only,0.0,0.0,0
mode_without_mn9,0.0125,720575940628118159,other_active,1.98,0.0,3
mode_without_mn9,0.0125,720575940628118159,silent_all,0.0,0.0,0
mode_without_mn9,0.0125,720575940632804435,input,0.0,0.0,0
mode_without_mn9,0.0125,720575940632804435,early_large_only,99.99000000000002,-1.32,12
mode_without_mn9,0.0125,720575940632804435,later_large_only,0.0,0.0,0
mode_without_mn9,0.0125,720575940632804435,other_active,1.32,-12.408000000000001,8
mode_without_mn9,0.0125,720575940632804435,silent_all,0.0,0.0,0
mode_without_mn9,0.0125,720575940612395178,input,0.0,0.0,0
mode_without_mn9,0.0125,720575940612395178,early_large_only,60.71999999999998,-10.560000000000002,50
mode_without_mn9,0.0125,720575940612395178,later_large_only,0.0,0.0,0
mode_without_mn9,0.0125,720575940612395178,other_active,2.31,-0.528,6
mode_without_mn9,0.0125,720575940612395178,silent_all,0.0,0.0,0
mode_without_mn9,0.0125,720575940620904319,input,0.0,0.0,0
mode_without_mn9,0.0125,720575940620904319,early_large_only,66.65999999999997,-7.128000000000001,45
mode_without_mn9,0.0125,720575940620904319,later_large_only,0.0,0.0,0
mode_without_mn9,0.0125,720575940620904319,other_active,0.0,0.0,0
mode_without_mn9,0.0125,720575940620904319,silent_all,0.0,0.0,0
mode_without_mn9,0.0125,720575940608336907,input,0.0,0.0,0
mode_without_mn9,0.0125,720575940608336907,early_large_only,61.709999999999994,-10.032000000000002,34
mode_without_mn9,0.0125,720575940608336907,later_large_only,0.0,0.0,0
mode_without_mn9,0.0125,720575940608336907,other_active,1.98,0.0,3
mode_without_mn9,0.0125,720575940608336907,silent_all,0.0,0.0,0
mode_without_mn9,0.0125,720575940620759841,input,0.0,0.0,0
mode_without_mn9,0.0125,720575940620759841,early_large_only,48.510000000000005,-23.76,15
mode_without_mn9,0.0125,720575940620759841,later_large_only,0.0,0.0,0
mode_without_mn9,0.0125,720575940620759841,other_active,28.049999999999997,-7.920000000000003,15
mode_without_mn9,0.0125,720575940620759841,silent_all,0.0,0.0,0
mode_without_mn9,0.0125,720575940625054906,input,0.0,0.0,0
mode_without_mn9,0.0125,720575940625054906,early_large_only,69.96000000000001,-2.112,10
mode_without_mn9,0.0125,720575940625054906,later_large_only,0.0,0.0,0
mode_without_mn9,0.0125,720575940625054906,other_active,0.0,-4.488,3
mode_without_mn9,0.0125,720575940625054906,silent_all,0.0,0.0,0
mode_without_mn9,0.0125,720575940621503220,input,0.0,0.0,0
mode_without_mn9,0.0125,720575940621503220,early_large_only,48.17999999999999,-6.072000000000001,32
mode_without_mn9,0.0125,720575940621503220,later_large_only,0.0,0.0,0
mode_without_mn9,0.0125,720575940621503220,other_active,0.66,0.0,2
mode_without_mn9,0.0125,720575940621503220,silent_all,0.0,0.0,0
mode_without_mn9,0.0125,720575940627374598,input,0.0,0.0,0
mode_without_mn9,0.0125,720575940627374598,early_large_only,54.449999999999996,-0.264,16
mode_without_mn9,0.0125,720575940627374598,later_large_only,0.0,0.0,0
mode_without_mn9,0.0125,720575940627374598,other_active,0.0,0.0,0
mode_without_mn9,0.0125,720575940627374598,silent_all,0.0,0.0,0
mode_without_mn9,0.0125,720575940622855629,input,0.0,0.0,0
mode_without_mn9,0.0125,720575940622855629,early_large_only,54.11999999999997,-5.808,45
mode_without_mn9,0.0125,720575940622855629,later_large_only,0.0,0.0,0
mode_without_mn9,0.0125,720575940622855629,other_active,2.9699999999999998,0.0,6
mode_without_mn9,0.0125,720575940622855629,silent_all,0.0,0.0,0
mode_without_mn9,0.0125,720575940636488805,input,0.0,0.0,0
mode_without_mn9,0.0125,720575940636488805,early_large_only,48.50999999999999,-2.6400000000000006,34
mode_without_mn9,0.0125,720575940636488805,later_large_only,0.0,0.0,0
mode_without_mn9,0.0125,720575940636488805,other_active,0.99,0.0,3
mode_without_mn9,0.0125,720575940636488805,silent_all,0.0,0.0,0
mode_without_mn9,0.0125,720575940607447491,input,0.0,0.0,0
mode_without_mn9,0.0125,720575940607447491,early_large_only,20.13,-2.904,15
mode_without_mn9,0.0125,720575940607447491,later_large_only,0.0,0.0,0
mode_without_mn9,0.0125,720575940607447491,other_active,30.69,-1.584,11
mode_without_mn9,0.0125,720575940607447491,silent_all,0.0,0.0,0
mode_without_mn9,0.0125,720575940617691170,input,0.0,0.0,0
mode_without_mn9,0.0125,720575940617691170,early_large_only,89.76,-23.495999999999995,27
mode_without_mn9,0.0125,720575940617691170,later_large_only,0.0,0.0,0
mode_without_mn9,0.0125,720575940617691170,other_active,0.99,0.0,2
mode_without_mn9,0.0125,720575940617691170,silent_all,0.0,0.0,0
mode_without_mn9,0.0125,720575940630046524,input,0.0,0.0,0
mode_without_mn9,0.0125,720575940630046524,early_large_only,77.54999999999995,-15.84,65
mode_without_mn9,0.0125,720575940630046524,later_large_only,0.0,0.0,0
mode_without_mn9,0.0125,720575940630046524,other_active,0.0,0.0,0
mode_without_mn9,0.0125,720575940630046524,silent_all,0.0,0.0,0
mode_without_mn9,0.0125,720575940621030320,input,0.0,0.0,0
mode_without_mn9,0.0125,720575940621030320,early_large_only,59.07,-4.224000000000001,42
mode_without_mn9,0.0125,720575940621030320,later_large_only,0.0,0.0,0
mode_without_mn9,0.0125,720575940621030320,other_active,1.98,-6.864000000000001,5
mode_without_mn9,0.0125,720575940621030320,silent_all,0.0,0.0,0
mode_without_mn9,0.0125,720575940625649214,input,0.0,0.0,0
mode_without_mn9,0.0125,720575940625649214,early_large_only,58.40999999999998,-10.032,35
mode_without_mn9,0.0125,720575940625649214,later_large_only,0.0,0.0,0
mode_without_mn9,0.0125,720575940625649214,other_active,0.0,0.0,0
mode_without_mn9,0.0125,720575940625649214,silent_all,0.0,0.0,0
mode_without_mn9,0.0125,720575940621347254,input,0.0,0.0,0
mode_without_mn9,0.0125,720575940621347254,early_large_only,68.97,-0.792,10
mode_without_mn9,0.0125,720575940621347254,later_large_only,0.0,0.0,0
mode_without_mn9,0.0125,720575940621347254,other_active,1.32,0.0,1
mode_without_mn9,0.0125,720575940621347254,silent_all,0.0,0.0,0
mode_without_mn9,0.0125,720575940624928956,input,0.0,0.0,0
mode_without_mn9,0.0125,720575940624928956,early_large_only,62.039999999999985,-12.672000000000004,30
mode_without_mn9,0.0125,720575940624928956,later_large_only,0.0,0.0,0
mode_without_mn9,0.0125,720575940624928956,other_active,1.98,0.0,6
mode_without_mn9,0.0125,720575940624928956,silent_all,0.0,0.0,0
mode_without_mn9,0.0125,720575940627109202,input,0.0,0.0,0
mode_without_mn9,0.0125,720575940627109202,early_large_only,50.82000000000001,-4.752000000000001,30
mode_without_mn9,0.0125,720575940627109202,later_large_only,0.0,0.0,0
mode_without_mn9,0.0125,720575940627109202,other_active,2.9699999999999998,0.0,3
mode_without_mn9,0.0125,720575940627109202,silent_all,0.0,0.0,0
mode_without_mn9,0.0125,720575940613594783,input,0.0,0.0,0
mode_without_mn9,0.0125,720575940613594783,early_large_only,51.47999999999999,-2.64,58
mode_without_mn9,0.0125,720575940613594783,later_large_only,0.0,0.0,0
mode_without_mn9,0.0125,720575940613594783,other_active,0.99,0.0,3
mode_without_mn9,0.0125,720575940613594783,silent_all,0.0,0.0,0
mode_without_mn9,0.0125,720575940629957943,input,0.0,0.0,0
mode_without_mn9,0.0125,720575940629957943,early_large_only,82.16999999999999,-2.112,25
mode_without_mn9,0.0125,720575940629957943,later_large_only,0.0,0.0,0
mode_without_mn9,0.0125,720575940629957943,other_active,0.0,-4.488,3
mode_without_mn9,0.0125,720575940629957943,silent_all,0.0,0.0,0
mode_without_mn9,0.0125,720575940621040737,input,0.0,0.0,0
mode_without_mn9,0.0125,720575940621040737,early_large_only,81.50999999999999,-13.464,26
mode_without_mn9,0.0125,720575940621040737,later_large_only,0.0,0.0,0
mode_without_mn9,0.0125,720575940621040737,other_active,1.98,0.0,2
mode_without_mn9,0.0125,720575940621040737,silent_all,0.0,0.0,0
mode_without_mn9,0.0125,720575940626128386,input,0.0,0.0,0
mode_without_mn9,0.0125,720575940626128386,early_large_only,57.08999999999999,-6.336000000000002,36
mode_without_mn9,0.0125,720575940626128386,later_large_only,0.0,0.0,0
mode_without_mn9,0.0125,720575940626128386,other_active,0.66,0.0,1
mode_without_mn9,0.0125,720575940626128386,silent_all,0.0,0.0,0
mode_without_mn9,0.0125,720575940615770369,input,0.0,0.0,0
mode_without_mn9,0.0125,720575940615770369,early_large_only,87.77999999999999,-20.855999999999998,37
mode_without_mn9,0.0125,720575940615770369,later_large_only,0.0,0.0,0
mode_without_mn9,0.0125,720575940615770369,other_active,1.32,-10.560000000000002,8
mode_without_mn9,0.0125,720575940615770369,silent_all,0.0,0.0,0
mode_without_mn9,0.0125,720575940620205505,input,0.0,0.0,0
mode_without_mn9,0.0125,720575940620205505,early_large_only,63.029999999999966,-7.392,49
mode_without_mn9,0.0125,720575940620205505,later_large_only,0.0,0.0,0
mode_without_mn9,0.0125,720575940620205505,other_active,0.0,0.0,0
mode_without_mn9,0.0125,720575940620205505,silent_all,0.0,0.0,0
mode_without_mn9,0.0125,720575940619759750,input,0.0,0.0,0
mode_without_mn9,0.0125,720575940619759750,early_large_only,58.73999999999999,-7.920000000000002,39
mode_without_mn9,0.0125,720575940619759750,later_large_only,0.0,0.0,0
mode_without_mn9,0.0125,720575940619759750,other_active,0.0,-1.056,2
mode_without_mn9,0.0125,720575940619759750,silent_all,0.0,0.0,0
mode_without_mn9,0.0125,720575940647303300,input,0.0,0.0,0
mode_without_mn9,0.0125,720575940647303300,early_large_only,47.19,-0.528,23
mode_without_mn9,0.0125,720575940647303300,later_large_only,0.0,0.0,0
mode_without_mn9,0.0125,720575940647303300,other_active,0.0,0.0,0
mode_without_mn9,0.0125,720575940647303300,silent_all,0.0,0.0,0
mode_without_mn9,0.0125,720575940610951634,input,0.0,0.0,0
mode_without_mn9,0.0125,720575940610951634,early_large_only,113.19000000000001,-60.720000000000006,5
mode_without_mn9,0.0125,720575940610951634,later_large_only,0.0,0.0,0
mode_without_mn9,0.0125,720575940610951634,other_active,0.0,0.0,0
mode_without_mn9,0.0125,720575940610951634,silent_all,0.0,0.0,0
mode_without_mn9,0.0125,720575940619486117,input,0.0,0.0,0
mode_without_mn9,0.0125,720575940619486117,early_large_only,57.41999999999999,-13.464,35
mode_without_mn9,0.0125,720575940619486117,later_large_only,0.0,0.0,0
mode_without_mn9,0.0125,720575940619486117,other_active,0.0,-0.264,1
mode_without_mn9,0.0125,720575940619486117,silent_all,0.0,0.0,0
mode_without_mn9,0.0125,720575940620664496,input,0.0,0.0,0
mode_without_mn9,0.0125,720575940620664496,early_large_only,86.12999999999998,-2.3760000000000003,25
mode_without_mn9,0.0125,720575940620664496,later_large_only,0.0,0.0,0
mode_without_mn9,0.0125,720575940620664496,other_active,0.0,-5.016,3
mode_without_mn9,0.0125,720575940620664496,silent_all,0.0,0.0,0
mode_without_mn9,0.0125,720575940638204132,input,0.0,0.0,0
mode_without_mn9,0.0125,720575940638204132,early_large_only,56.43,-10.824000000000002,23
mode_without_mn9,0.0125,720575940638204132,later_large_only,0.0,0.0,0
mode_without_mn9,0.0125,720575940638204132,other_active,85.14,-38.28,18
mode_without_mn9,0.0125,720575940638204132,silent_all,0.0,0.0,0
mode_without_mn9,0.0125,720575940620488513,input,0.0,0.0,0
mode_without_mn9,0.0125,720575940620488513,early_large_only,47.189999999999976,-5.016000000000001,46
mode_without_mn9,0.0125,720575940620488513,later_large_only,0.0,0.0,0
mode_without_mn9,0.0125,720575940620488513,other_active,0.0,0.0,0
mode_without_mn9,0.0125,720575940620488513,silent_all,0.0,0.0,0
mode_without_mn9,0.0125,720575940648330105,input,0.0,0.0,0
mode_without_mn9,0.0125,720575940648330105,early_large_only,57.41999999999999,-14.256,52
mode_without_mn9,0.0125,720575940648330105,later_large_only,0.0,0.0,0
mode_without_mn9,0.0125,720575940648330105,other_active,0.0,0.0,0
mode_without_mn9,0.0125,720575940648330105,silent_all,0.0,0.0,0
mode_without_mn9,0.0125,720575940618270629,input,0.0,0.0,0
mode_without_mn9,0.0125,720575940618270629,early_large_only,64.35000000000001,-40.39200000000001,15
mode_without_mn9,0.0125,720575940618270629,later_large_only,0.0,0.0,0
mode_without_mn9,0.0125,720575940618270629,other_active,38.94,-14.256000000000002,11
mode_without_mn9,0.0125,720575940618270629,silent_all,0.0,0.0,0
mode_without_mn9,0.0125,720575940627100584,input,0.0,0.0,0
mode_without_mn9,0.0125,720575940627100584,early_large_only,111.53999999999999,-12.408000000000001,27
mode_without_mn9,0.0125,720575940627100584,later_large_only,0.0,0.0,0
mode_without_mn9,0.0125,720575940627100584,other_active,1.65,-12.672000000000002,3
mode_without_mn9,0.0125,720575940627100584,silent_all,0.0,0.0,0
mode_without_mn9,0.0125,720575940626363529,input,0.0,0.0,0
mode_without_mn9,0.0125,720575940626363529,early_large_only,73.25999999999999,-12.144000000000002,37
mode_without_mn9,0.0125,720575940626363529,later_large_only,0.0,0.0,0
mode_without_mn9,0.0125,720575940626363529,other_active,0.0,0.0,0
mode_without_mn9,0.0125,720575940626363529,silent_all,0.0,0.0,0
mode_without_mn9,0.0125,720575940605583136,input,0.0,0.0,0
mode_without_mn9,0.0125,720575940605583136,early_large_only,50.16,-3.4320000000000004,20
mode_without_mn9,0.0125,720575940605583136,later_large_only,0.0,0.0,0
mode_without_mn9,0.0125,720575940605583136,other_active,0.99,-0.264,4
mode_without_mn9,0.0125,720575940605583136,silent_all,0.0,0.0,0
mode_without_mn9,0.0125,720575940633766370,input,0.0,0.0,0
mode_without_mn9,0.0125,720575940633766370,early_large_only,82.83000000000001,-3.168,13
mode_without_mn9,0.0125,720575940633766370,later_large_only,0.0,0.0,0
mode_without_mn9,0.0125,720575940633766370,other_active,2.64,-19.272000000000002,12
mode_without_mn9,0.0125,720575940633766370,silent_all,0.0,0.0,0
mode_without_mn9,0.0125,720575940625893507,input,0.0,0.0,0
mode_without_mn9,0.0125,720575940625893507,early_large_only,49.83,-1.8480000000000003,32
mode_without_mn9,0.0125,720575940625893507,later_large_only,0.0,0.0,0
mode_without_mn9,0.0125,720575940625893507,other_active,3.96,0.0,3
mode_without_mn9,0.0125,720575940625893507,silent_all,0.0,0.0,0
mode_without_mn9,0.0125,720575940621814049,input,0.0,0.0,0
mode_without_mn9,0.0125,720575940621814049,early_large_only,70.61999999999999,-12.672,50
mode_without_mn9,0.0125,720575940621814049,later_large_only,0.0,0.0,0
mode_without_mn9,0.0125,720575940621814049,other_active,0.99,-0.528,5
mode_without_mn9,0.0125,720575940621814049,silent_all,0.0,0.0,0
mode_without_mn9,0.0125,720575940629702905,input,0.0,0.0,0
mode_without_mn9,0.0125,720575940629702905,early_large_only,70.28999999999998,-18.216,33
mode_without_mn9,0.0125,720575940629702905,later_large_only,0.0,0.0,0
mode_without_mn9,0.0125,720575940629702905,other_active,3.96,-1.32,12
mode_without_mn9,0.0125,720575940629702905,silent_all,0.0,0.0,0
mode_without_mn9,0.0125,720575940651425782,input,0.0,0.0,0
mode_without_mn9,0.0125,720575940651425782,early_large_only,44.21999999999999,-2.112,44
mode_without_mn9,0.0125,720575940651425782,later_large_only,0.0,0.0,0
mode_without_mn9,0.0125,720575940651425782,other_active,1.98,-3.6960000000000006,5
mode_without_mn9,0.0125,720575940651425782,silent_all,0.0,0.0,0
mode_without_mn9,0.0125,720575940624486899,input,0.0,0.0,0
mode_without_mn9,0.0125,720575940624486899,early_large_only,90.41999999999996,-21.648,41
mode_without_mn9,0.0125,720575940624486899,later_large_only,0.0,0.0,0
mode_without_mn9,0.0125,720575940624486899,other_active,0.0,-13.200000000000001,7
mode_without_mn9,0.0125,720575940624486899,silent_all,0.0,0.0,0
mode_without_mn9,0.0125,720575940628529155,input,0.0,0.0,0
mode_without_mn9,0.0125,720575940628529155,early_large_only,40.589999999999996,-1.32,27
mode_without_mn9,0.0125,720575940628529155,later_large_only,0.0,0.0,0
mode_without_mn9,0.0125,720575940628529155,other_active,0.99,0.0,3
mode_without_mn9,0.0125,720575940628529155,silent_all,0.0,0.0,0
mode_without_mn9,0.0125,720575940629969111,input,0.0,0.0,0
mode_without_mn9,0.0125,720575940629969111,early_large_only,57.75,-12.672000000000002,28
mode_without_mn9,0.0125,720575940629969111,later_large_only,0.0,0.0,0
mode_without_mn9,0.0125,720575940629969111,other_active,15.84,-4.4879999999999995,12
mode_without_mn9,0.0125,720575940629969111,silent_all,0.0,0.0,0
mode_without_mn9,0.0125,720575940621504794,input,0.0,0.0,0
mode_without_mn9,0.0125,720575940621504794,early_large_only,37.94999999999999,-6.072000000000001,35
mode_without_mn9,0.0125,720575940621504794,later_large_only,0.0,0.0,0
mode_without_mn9,0.0125,720575940621504794,other_active,5.9399999999999995,0.0,3
mode_without_mn9,0.0125,720575940621504794,silent_all,0.0,0.0,0
mode_without_mn9,0.0125,720575940622241160,input,0.0,0.0,0
mode_without_mn9,0.0125,720575940622241160,early_large_only,53.45999999999999,-5.016000000000001,50
mode_without_mn9,0.0125,720575940622241160,later_large_only,0.0,0.0,0
mode_without_mn9,0.0125,720575940622241160,other_active,0.66,0.0,1
mode_without_mn9,0.0125,720575940622241160,silent_all,0.0,0.0,0
mode_without_mn9,0.0125,720575940621870886,input,0.0,0.0,0
mode_without_mn9,0.0125,720575940621870886,early_large_only,41.90999999999999,-1.584,33
mode_without_mn9,0.0125,720575940621870886,later_large_only,0.0,0.0,0
mode_without_mn9,0.0125,720575940621870886,other_active,1.32,-2.64,6
mode_without_mn9,0.0125,720575940621870886,silent_all,0.0,0.0,0
mode_without_mn9,0.0125,720575940624470763,input,0.0,0.0,0
mode_without_mn9,0.0125,720575940624470763,early_large_only,43.55999999999997,-4.488,45
mode_without_mn9,0.0125,720575940624470763,later_large_only,0.0,0.0,0
mode_without_mn9,0.0125,720575940624470763,other_active,8.91,-0.528,11
mode_without_mn9,0.0125,720575940624470763,silent_all,0.0,0.0,0
mode_without_mn9,0.0125,720575940625878160,input,0.0,0.0,0
mode_without_mn9,0.0125,720575940625878160,early_large_only,62.03999999999999,-1.584,9
mode_without_mn9,0.0125,720575940625878160,later_large_only,0.0,0.0,0
mode_without_mn9,0.0125,720575940625878160,other_active,0.33,0.0,1
mode_without_mn9,0.0125,720575940625878160,silent_all,0.0,0.0,0
mode_without_mn9,0.0125,720575940643701152,input,0.0,0.0,0
mode_without_mn9,0.0125,720575940643701152,early_large_only,26.73,-12.408000000000001,41
mode_without_mn9,0.0125,720575940643701152,later_large_only,0.0,0.0,0
mode_without_mn9,0.0125,720575940643701152,other_active,37.620000000000005,-0.528,7
mode_without_mn9,0.0125,720575940643701152,silent_all,0.0,0.0,0
mode_without_mn9,0.0125,720575940633874015,input,0.0,0.0,0
mode_without_mn9,0.0125,720575940633874015,early_large_only,66.32999999999998,-11.88,61
mode_without_mn9,0.0125,720575940633874015,later_large_only,0.0,0.0,0
mode_without_mn9,0.0125,720575940633874015,other_active,0.0,0.0,0
mode_without_mn9,0.0125,720575940633874015,silent_all,0.0,0.0,0
mode_without_mn9,0.0125,720575940631828307,input,0.0,0.0,0
mode_without_mn9,0.0125,720575940631828307,early_large_only,56.09999999999998,-6.336,46
mode_without_mn9,0.0125,720575940631828307,later_large_only,0.0,0.0,0
mode_without_mn9,0.0125,720575940631828307,other_active,0.0,0.0,0
mode_without_mn9,0.0125,720575940631828307,silent_all,0.0,0.0,0
mode_without_mn9,0.0125,720575940614383978,input,0.0,0.0,0
mode_without_mn9,0.0125,720575940614383978,early_large_only,59.72999999999999,-2.112,16
mode_without_mn9,0.0125,720575940614383978,later_large_only,0.0,0.0,0
mode_without_mn9,0.0125,720575940614383978,other_active,0.0,-0.792,3
mode_without_mn9,0.0125,720575940614383978,silent_all,0.0,0.0,0
mode_without_mn9,0.0125,720575940640178640,input,0.0,0.0,0
mode_without_mn9,0.0125,720575940640178640,early_large_only,78.21,-3.168,18
mode_without_mn9,0.0125,720575940640178640,later_large_only,0.0,0.0,0
mode_without_mn9,0.0125,720575940640178640,other_active,4.95,-3.9600000000000004,9
mode_without_mn9,0.0125,720575940640178640,silent_all,0.0,0.0,0
mode_without_mn9,0.0125,720575940630135084,input,0.0,0.0,0
mode_without_mn9,0.0125,720575940630135084,early_large_only,72.27,-13.728000000000003,23
mode_without_mn9,0.0125,720575940630135084,later_large_only,0.0,0.0,0
mode_without_mn9,0.0125,720575940630135084,other_active,78.53999999999999,-41.712,20
mode_without_mn9,0.0125,720575940630135084,silent_all,0.0,0.0,0
mode_without_mn9,0.0125,720575940617868249,input,0.0,0.0,0
mode_without_mn9,0.0125,720575940617868249,early_large_only,70.94999999999997,-13.199999999999998,42
mode_without_mn9,0.0125,720575940617868249,later_large_only,0.0,0.0,0
mode_without_mn9,0.0125,720575940617868249,other_active,0.99,0.0,3
mode_without_mn9,0.0125,720575940617868249,silent_all,0.0,0.0,0
mode_without_mn9,0.0125,720575940611578225,input,0.0,0.0,0
mode_without_mn9,0.0125,720575940611578225,early_large_only,57.42,-11.880000000000003,35
mode_without_mn9,0.0125,720575940611578225,later_large_only,0.0,0.0,0
mode_without_mn9,0.0125,720575940611578225,other_active,4.949999999999999,0.0,3
mode_without_mn9,0.0125,720575940611578225,silent_all,0.0,0.0,0
mode_without_mn9,0.0125,720575940616471052,input,0.0,0.0,0
mode_without_mn9,0.0125,720575940616471052,early_large_only,73.25999999999999,-9.240000000000002,16
mode_without_mn9,0.0125,720575940616471052,later_large_only,0.0,0.0,0
mode_without_mn9,0.0125,720575940616471052,other_active,6.93,-2.64,12
mode_without_mn9,0.0125,720575940616471052,silent_all,0.0,0.0,0
mode_without_mn9,0.0125,720575940615438402,input,0.0,0.0,0
mode_without_mn9,0.0125,720575940615438402,early_large_only,99.32999999999998,-20.063999999999997,27
mode_without_mn9,0.0125,720575940615438402,later_large_only,0.0,0.0,0
mode_without_mn9,0.0125,720575940615438402,other_active,0.0,0.0,0
mode_without_mn9,0.0125,720575940615438402,silent_all,0.0,0.0,0
mode_without_mn9,0.0125,720575940621467212,input,0.0,0.0,0
mode_without_mn9,0.0125,720575940621467212,early_large_only,47.189999999999976,-2.904000000000001,51
mode_without_mn9,0.0125,720575940621467212,later_large_only,0.0,0.0,0
mode_without_mn9,0.0125,720575940621467212,other_active,0.66,0.0,1
mode_without_mn9,0.0125,720575940621467212,silent_all,0.0,0.0,0
mode_without_mn9,0.0125,720575940630025004,input,0.0,0.0,0
mode_without_mn9,0.0125,720575940630025004,early_large_only,63.68999999999998,-15.576,62
mode_without_mn9,0.0125,720575940630025004,later_large_only,0.0,0.0,0
mode_without_mn9,0.0125,720575940630025004,other_active,0.0,0.0,0
mode_without_mn9,0.0125,720575940630025004,silent_all,0.0,0.0,0
mode_without_mn9,0.0125,720575940630617386,input,0.0,0.0,0
mode_without_mn9,0.0125,720575940630617386,early_large_only,65.66999999999997,-18.215999999999998,60
mode_without_mn9,0.0125,720575940630617386,later_large_only,0.0,0.0,0
mode_without_mn9,0.0125,720575940630617386,other_active,0.0,0.0,0
mode_without_mn9,0.0125,720575940630617386,silent_all,0.0,0.0,0
mode_without_mn9,0.0125,720575940629947964,input,0.0,0.0,0
mode_without_mn9,0.0125,720575940629947964,early_large_only,51.809999999999995,-5.016000000000001,33
mode_without_mn9,0.0125,720575940629947964,later_large_only,0.0,0.0,0
mode_without_mn9,0.0125,720575940629947964,other_active,0.0,0.0,0
mode_without_mn9,0.0125,720575940629947964,silent_all,0.0,0.0,0
mode_without_mn9,0.0125,720575940618807454,input,0.0,0.0,0
mode_without_mn9,0.0125,720575940618807454,early_large_only,61.05,-8.712000000000002,32
mode_without_mn9,0.0125,720575940618807454,later_large_only,0.0,0.0,0
mode_without_mn9,0.0125,720575940618807454,other_active,0.0,0.0,0
mode_without_mn9,0.0125,720575940618807454,silent_all,0.0,0.0,0
mode_without_mn9,0.0125,720575940627808122,input,0.0,0.0,0
mode_without_mn9,0.0125,720575940627808122,early_large_only,51.81,-7.128,28
mode_without_mn9,0.0125,720575940627808122,later_large_only,0.0,0.0,0
mode_without_mn9,0.0125,720575940627808122,other_active,0.99,0.0,3
mode_without_mn9,0.0125,720575940627808122,silent_all,0.0,0.0,0
mode_without_mn9,0.0125,720575940611745429,input,0.0,0.0,0
mode_without_mn9,0.0125,720575940611745429,early_large_only,107.25,-26.664,21
mode_without_mn9,0.0125,720575940611745429,later_large_only,0.0,0.0,0
mode_without_mn9,0.0125,720575940611745429,other_active,0.0,0.0,0
mode_without_mn9,0.0125,720575940611745429,silent_all,0.0,0.0,0
mode_without_mn9,0.0125,720575940631182354,input,0.0,0.0,0
mode_without_mn9,0.0125,720575940631182354,early_large_only,92.72999999999998,-39.864000000000004,49
mode_without_mn9,0.0125,720575940631182354,later_large_only,0.0,0.0,0
mode_without_mn9,0.0125,720575940631182354,other_active,0.66,-1.056,4
mode_without_mn9,0.0125,720575940631182354,silent_all,0.0,0.0,0
mode_without_mn9,0.0125,720575940635507960,input,0.0,0.0,0
mode_without_mn9,0.0125,720575940635507960,early_large_only,45.53999999999999,-2.112,26
mode_without_mn9,0.0125,720575940635507960,later_large_only,0.0,0.0,0
mode_without_mn9,0.0125,720575940635507960,other_active,0.0,0.0,0
mode_without_mn9,0.0125,720575940635507960,silent_all,0.0,0.0,0
mode_without_mn9,0.0125,720575940629502251,input,0.0,0.0,0
mode_without_mn9,0.0125,720575940629502251,early_large_only,96.69,-4.488,12
mode_without_mn9,0.0125,720575940629502251,later_large_only,0.0,0.0,0
mode_without_mn9,0.0125,720575940629502251,other_active,3.96,-16.368000000000002,9
mode_without_mn9,0.0125,720575940629502251,silent_all,0.0,0.0,0
mode_without_mn9,0.0125,720575940617749538,input,0.0,0.0,0
mode_without_mn9,0.0125,720575940617749538,early_large_only,146.85000000000002,-0.792,6
mode_without_mn9,0.0125,720575940617749538,later_large_only,0.0,0.0,0
mode_without_mn9,0.0125,720575940617749538,other_active,0.0,0.0,0
mode_without_mn9,0.0125,720575940617749538,silent_all,0.0,0.0,0
mode_without_mn9,0.0125,720575940621768180,input,0.0,0.0,0
mode_without_mn9,0.0125,720575940621768180,early_large_only,144.87000000000006,-5.280000000000001,32
mode_without_mn9,0.0125,720575940621768180,later_large_only,0.0,0.0,0
mode_without_mn9,0.0125,720575940621768180,other_active,1.32,-49.632000000000005,7
mode_without_mn9,0.0125,720575940621768180,silent_all,0.0,0.0,0
mode_without_mn9,0.0125,720575940623201833,input,0.0,0.0,0
mode_without_mn9,0.0125,720575940623201833,early_large_only,149.49,0.0,5
mode_without_mn9,0.0125,720575940623201833,later_large_only,0.0,0.0,0
mode_without_mn9,0.0125,720575940623201833,other_active,0.0,0.0,0
mode_without_mn9,0.0125,720575940623201833,silent_all,0.0,0.0,0
mode_without_mn9,0.0125,720575940629701881,input,0.0,0.0,0
mode_without_mn9,0.0125,720575940629701881,early_large_only,77.87999999999998,-17.951999999999998,51
mode_without_mn9,0.0125,720575940629701881,later_large_only,0.0,0.0,0
mode_without_mn9,0.0125,720575940629701881,other_active,0.0,-3.6960000000000006,1
mode_without_mn9,0.0125,720575940629701881,silent_all,0.0,0.0,0
mode_without_mn9,0.0125,720575940627380679,input,0.0,0.0,0
mode_without_mn9,0.0125,720575940627380679,early_large_only,53.78999999999998,-8.976000000000003,51
mode_without_mn9,0.0125,720575940627380679,later_large_only,0.0,0.0,0
mode_without_mn9,0.0125,720575940627380679,other_active,0.0,0.0,0
mode_without_mn9,0.0125,720575940627380679,silent_all,0.0,0.0,0
mode_without_mn9,0.0125,720575940629755723,input,0.0,0.0,0
mode_without_mn9,0.0125,720575940629755723,early_large_only,59.06999999999999,-12.143999999999998,55
mode_without_mn9,0.0125,720575940629755723,later_large_only,0.0,0.0,0
mode_without_mn9,0.0125,720575940629755723,other_active,0.0,0.0,0
mode_without_mn9,0.0125,720575940629755723,silent_all,0.0,0.0,0
mode_without_mn9,0.0125,720575940620571574,input,0.0,0.0,0
mode_without_mn9,0.0125,720575940620571574,early_large_only,40.58999999999999,-1.056,45
mode_without_mn9,0.0125,720575940620571574,later_large_only,0.0,0.0,0
mode_without_mn9,0.0125,720575940620571574,other_active,0.0,-1.5840000000000003,2
mode_without_mn9,0.0125,720575940620571574,silent_all,0.0,0.0,0
mode_without_mn9,0.0125,720575940631670865,input,0.0,0.0,0
mode_without_mn9,0.0125,720575940631670865,early_large_only,55.76999999999999,-7.920000000000002,49
mode_without_mn9,0.0125,720575940631670865,later_large_only,0.0,0.0,0
mode_without_mn9,0.0125,720575940631670865,other_active,0.66,-0.528,4
mode_without_mn9,0.0125,720575940631670865,silent_all,0.0,0.0,0
mode_without_mn9,0.0125,720575940624982823,input,0.0,0.0,0
mode_without_mn9,0.0125,720575940624982823,early_large_only,56.76,-2.64,23
mode_without_mn9,0.0125,720575940624982823,later_large_only,0.0,0.0,0
mode_without_mn9,0.0125,720575940624982823,other_active,4.62,-0.7920000000000001,3
mode_without_mn9,0.0125,720575940624982823,silent_all,0.0,0.0,0
mode_without_mn9,0.0125,720575940634575796,input,0.0,0.0,0
mode_without_mn9,0.0125,720575940634575796,early_large_only,56.1,-2.9040000000000004,25
mode_without_mn9,0.0125,720575940634575796,later_large_only,0.0,0.0,0
mode_without_mn9,0.0125,720575940634575796,other_active,0.0,0.0,0
mode_without_mn9,0.0125,720575940634575796,silent_all,0.0,0.0,0
mode_without_mn9,0.0125,720575940624534972,input,0.0,0.0,0
mode_without_mn9,0.0125,720575940624534972,early_large_only,41.25000000000001,-13.728,26
mode_without_mn9,0.0125,720575940624534972,later_large_only,0.0,0.0,0
mode_without_mn9,0.0125,720575940624534972,other_active,53.46000000000001,-15.576,14
mode_without_mn9,0.0125,720575940624534972,silent_all,0.0,0.0,0
mode_without_mn9,0.0125,720575940626879505,input,0.0,0.0,0
mode_without_mn9,0.0125,720575940626879505,early_large_only,53.459999999999994,-32.47200000000001,33
mode_without_mn9,0.0125,720575940626879505,later_large_only,0.0,0.0,0
mode_without_mn9,0.0125,720575940626879505,other_active,30.69,-0.264,11
mode_without_mn9,0.0125,720575940626879505,silent_all,0.0,0.0,0
mode_without_mn9,0.0125,720575940629529722,input,0.0,0.0,0
mode_without_mn9,0.0125,720575940629529722,early_large_only,47.51999999999998,-2.112,35
mode_without_mn9,0.0125,720575940629529722,later_large_only,0.0,0.0,0
mode_without_mn9,0.0125,720575940629529722,other_active,1.32,-0.264,3
mode_without_mn9,0.0125,720575940629529722,silent_all,0.0,0.0,0
mode_without_mn9,0.0125,720575940609077828,input,0.0,0.0,0
mode_without_mn9,0.0125,720575940609077828,early_large_only,30.36,-1.848,37
mode_without_mn9,0.0125,720575940609077828,later_large_only,0.0,0.0,0
mode_without_mn9,0.0125,720575940609077828,other_active,15.180000000000001,0.0,4
mode_without_mn9,0.0125,720575940609077828,silent_all,0.0,0.0,0
mode_without_mn9,0.0125,720575940629585602,input,0.0,0.0,0
mode_without_mn9,0.0125,720575940629585602,early_large_only,54.44999999999999,-6.864000000000001,60
mode_without_mn9,0.0125,720575940629585602,later_large_only,0.0,0.0,0
mode_without_mn9,0.0125,720575940629585602,other_active,0.0,0.0,0
mode_without_mn9,0.0125,720575940629585602,silent_all,0.0,0.0,0
mode_without_mn9,0.0125,720575940630914245,input,0.0,0.0,0
mode_without_mn9,0.0125,720575940630914245,early_large_only,66.66,-6.336000000000001,25
mode_without_mn9,0.0125,720575940630914245,later_large_only,0.0,0.0,0
mode_without_mn9,0.0125,720575940630914245,other_active,0.0,0.0,0
mode_without_mn9,0.0125,720575940630914245,silent_all,0.0,0.0,0
mode_without_mn9,0.0125,720575940631990343,input,0.0,0.0,0
mode_without_mn9,0.0125,720575940631990343,early_large_only,48.50999999999999,-1.848,25
mode_without_mn9,0.0125,720575940631990343,later_large_only,0.0,0.0,0
mode_without_mn9,0.0125,720575940631990343,other_active,1.32,0.0,4
mode_without_mn9,0.0125,720575940631990343,silent_all,0.0,0.0,0
mode_without_mn9,0.0125,720575940617413957,input,0.0,0.0,0
mode_without_mn9,0.0125,720575940617413957,early_large_only,52.46999999999999,-4.488,36
mode_without_mn9,0.0125,720575940617413957,later_large_only,0.0,0.0,0
mode_without_mn9,0.0125,720575940617413957,other_active,0.0,0.0,0
mode_without_mn9,0.0125,720575940617413957,silent_all,0.0,0.0,0
mode_without_mn9,0.0125,720575940616486230,input,0.0,0.0,0
mode_without_mn9,0.0125,720575940616486230,early_large_only,108.23999999999998,-59.664,8
mode_without_mn9,0.0125,720575940616486230,later_large_only,0.0,0.0,0
mode_without_mn9,0.0125,720575940616486230,other_active,0.0,0.0,0
mode_without_mn9,0.0125,720575940616486230,silent_all,0.0,0.0,0
mode_without_mn9,0.0125,720575940632230099,input,0.0,0.0,0
mode_without_mn9,0.0125,720575940632230099,early_large_only,65.33999999999997,-23.759999999999998,74
mode_without_mn9,0.0125,720575940632230099,later_large_only,0.0,0.0,0
mode_without_mn9,0.0125,720575940632230099,other_active,1.32,0.0,4
mode_without_mn9,0.0125,720575940632230099,silent_all,0.0,0.0,0
mode_without_mn9,0.0125,720575940617244372,input,0.0,0.0,0
mode_without_mn9,0.0125,720575940617244372,early_large_only,68.31,-2.9040000000000004,24
mode_without_mn9,0.0125,720575940617244372,later_large_only,0.0,0.0,0
mode_without_mn9,0.0125,720575940617244372,other_active,0.0,0.0,0
mode_without_mn9,0.0125,720575940617244372,silent_all,0.0,0.0,0
mode_without_mn9,0.0125,720575940630810695,input,0.0,0.0,0
mode_without_mn9,0.0125,720575940630810695,early_large_only,53.129999999999995,-7.392000000000001,23
mode_without_mn9,0.0125,720575940630810695,later_large_only,0.0,0.0,0
mode_without_mn9,0.0125,720575940630810695,other_active,5.9399999999999995,-9.768,7
mode_without_mn9,0.0125,720575940630810695,silent_all,0.0,0.0,0
mode_without_mn9,0.0125,720575940641148405,input,0.0,0.0,0
mode_without_mn9,0.0125,720575940641148405,early_large_only,79.85999999999999,-18.744,28
mode_without_mn9,0.0125,720575940641148405,later_large_only,0.0,0.0,0
mode_without_mn9,0.0125,720575940641148405,other_active,0.0,-7.128,7
mode_without_mn9,0.0125,720575940641148405,silent_all,0.0,0.0,0
mode_without_mn9,0.0125,720575940634418021,input,0.0,0.0,0
mode_without_mn9,0.0125,720575940634418021,early_large_only,59.72999999999998,-18.216000000000005,56
mode_without_mn9,0.0125,720575940634418021,later_large_only,0.0,0.0,0
mode_without_mn9,0.0125,720575940634418021,other_active,0.0,-0.792,3
mode_without_mn9,0.0125,720575940634418021,silent_all,0.0,0.0,0
mode_without_mn9,0.0125,720575940617728852,input,0.0,0.0,0
mode_without_mn9,0.0125,720575940617728852,early_large_only,64.35000000000001,-2.904000000000001,30
mode_without_mn9,0.0125,720575940617728852,later_large_only,0.0,0.0,0
mode_without_mn9,0.0125,720575940617728852,other_active,0.0,0.0,0
mode_without_mn9,0.0125,720575940617728852,silent_all,0.0,0.0,0
mode_without_mn9,0.0125,720575940616235348,input,0.0,0.0,0
mode_without_mn9,0.0125,720575940616235348,early_large_only,52.139999999999986,-13.728,50
mode_without_mn9,0.0125,720575940616235348,later_large_only,0.0,0.0,0
mode_without_mn9,0.0125,720575940616235348,other_active,10.56,0.0,4
mode_without_mn9,0.0125,720575940616235348,silent_all,0.0,0.0,0
mode_without_mn9,0.0125,720575940623182847,input,0.0,0.0,0
mode_without_mn9,0.0125,720575940623182847,early_large_only,67.31999999999998,-21.648000000000003,68
mode_without_mn9,0.0125,720575940623182847,later_large_only,0.0,0.0,0
mode_without_mn9,0.0125,720575940623182847,other_active,0.66,0.0,2
mode_without_mn9,0.0125,720575940623182847,silent_all,0.0,0.0,0
mode_without_mn9,0.0125,720575940629360459,input,0.0,0.0,0
mode_without_mn9,0.0125,720575940629360459,early_large_only,45.53999999999999,-2.9040000000000004,43
mode_without_mn9,0.0125,720575940629360459,later_large_only,0.0,0.0,0
mode_without_mn9,0.0125,720575940629360459,other_active,0.0,0.0,0
mode_without_mn9,0.0125,720575940629360459,silent_all,0.0,0.0,0
mode_without_mn9,0.0125,720575940624280328,input,0.0,0.0,0
mode_without_mn9,0.0125,720575940624280328,early_large_only,73.58999999999996,-25.608,72
mode_without_mn9,0.0125,720575940624280328,later_large_only,0.0,0.0,0
mode_without_mn9,0.0125,720575940624280328,other_active,0.0,0.0,0
mode_without_mn9,0.0125,720575940624280328,silent_all,0.0,0.0,0
mode_without_mn9,0.0125,720575940621712990,input,0.0,0.0,0
mode_without_mn9,0.0125,720575940621712990,early_large_only,53.12999999999998,-14.520000000000003,57
mode_without_mn9,0.0125,720575940621712990,later_large_only,0.0,0.0,0
mode_without_mn9,0.0125,720575940621712990,other_active,9.9,-1.584,7
mode_without_mn9,0.0125,720575940621712990,silent_all,0.0,0.0,0
mode_without_mn9,0.0125,720575940608744405,input,0.0,0.0,0
mode_without_mn9,0.0125,720575940608744405,early_large_only,78.53999999999998,-20.064,53
mode_without_mn9,0.0125,720575940608744405,later_large_only,0.0,0.0,0
mode_without_mn9,0.0125,720575940608744405,other_active,6.6,-4.224,13
mode_without_mn9,0.0125,720575940608744405,silent_all,0.0,0.0,0
mode_without_mn9,0.0125,720575940614573674,input,0.0,0.0,0
mode_without_mn9,0.0125,720575940614573674,early_large_only,46.52999999999999,-3.4320000000000004,52
mode_without_mn9,0.0125,720575940614573674,later_large_only,0.0,0.0,0
mode_without_mn9,0.0125,720575940614573674,other_active,0.0,0.0,0
mode_without_mn9,0.0125,720575940614573674,silent_all,0.0,0.0,0
mode_without_mn9,0.0125,720575940620842111,input,0.0,0.0,0
mode_without_mn9,0.0125,720575940620842111,early_large_only,48.84,-7.920000000000003,24
mode_without_mn9,0.0125,720575940620842111,later_large_only,0.0,0.0,0
mode_without_mn9,0.0125,720575940620842111,other_active,1.98,-3.4320000000000004,4
mode_without_mn9,0.0125,720575940620842111,silent_all,0.0,0.0,0
mode_without_mn9,0.0125,720575940617078489,input,0.0,0.0,0
mode_without_mn9,0.0125,720575940617078489,early_large_only,47.84999999999999,-6.864000000000001,40
mode_without_mn9,0.0125,720575940617078489,later_large_only,0.0,0.0,0
mode_without_mn9,0.0125,720575940617078489,other_active,0.0,0.0,0
mode_without_mn9,0.0125,720575940617078489,silent_all,0.0,0.0,0
mode_without_mn9,0.0125,720575940621595888,input,0.0,0.0,0
mode_without_mn9,0.0125,720575940621595888,early_large_only,56.099999999999994,-3.168,27
mode_without_mn9,0.0125,720575940621595888,later_large_only,0.0,0.0,0
mode_without_mn9,0.0125,720575940621595888,other_active,0.66,-0.528,4
mode_without_mn9,0.0125,720575940621595888,silent_all,0.0,0.0,0
mode_without_mn9,0.0125,720575940631349096,input,0.0,0.0,0
mode_without_mn9,0.0125,720575940631349096,early_large_only,81.84,-4.224,20
mode_without_mn9,0.0125,720575940631349096,later_large_only,0.0,0.0,0
mode_without_mn9,0.0125,720575940631349096,other_active,0.0,-0.528,1
mode_without_mn9,0.0125,720575940631349096,silent_all,0.0,0.0,0
mode_without_mn9,0.0125,720575940625212965,input,0.0,0.0,0
mode_without_mn9,0.0125,720575940625212965,early_large_only,146.19,-42.504000000000005,23
mode_without_mn9,0.0125,720575940625212965,later_large_only,0.0,0.0,0
mode_without_mn9,0.0125,720575940625212965,other_active,0.0,0.0,0
mode_without_mn9,0.0125,720575940625212965,silent_all,0.0,0.0,0
mode_without_mn9,0.0125,720575940631517251,input,0.0,0.0,0
mode_without_mn9,0.0125,720575940631517251,early_large_only,116.49,-17.952,48
mode_without_mn9,0.0125,720575940631517251,later_large_only,0.0,0.0,0
mode_without_mn9,0.0125,720575940631517251,other_active,0.66,-7.656000000000001,4
mode_without_mn9,0.0125,720575940631517251,silent_all,0.0,0.0,0
mode_without_mn9,0.0125,720575940624477246,input,0.0,0.0,0
mode_without_mn9,0.0125,720575940624477246,early_large_only,41.90999999999999,-3.1680000000000006,45
mode_without_mn9,0.0125,720575940624477246,later_large_only,0.0,0.0,0
mode_without_mn9,0.0125,720575940624477246,other_active,4.95,0.0,6
mode_without_mn9,0.0125,720575940624477246,silent_all,0.0,0.0,0
mode_without_mn9,0.0125,720575940620266689,input,0.0,0.0,0
mode_without_mn9,0.0125,720575940620266689,early_large_only,65.34,0.0,3
mode_without_mn9,0.0125,720575940620266689,later_large_only,0.0,0.0,0
mode_without_mn9,0.0125,720575940620266689,other_active,0.0,0.0,0
mode_without_mn9,0.0125,720575940620266689,silent_all,0.0,0.0,0
mode_without_mn9,0.0125,720575940613948834,input,0.0,0.0,0
mode_without_mn9,0.0125,720575940613948834,early_large_only,54.45,-4.224,34
mode_without_mn9,0.0125,720575940613948834,later_large_only,0.0,0.0,0
mode_without_mn9,0.0125,720575940613948834,other_active,0.0,0.0,0
mode_without_mn9,0.0125,720575940613948834,silent_all,0.0,0.0,0
mode_without_mn9,0.0125,720575940619820368,input,0.0,0.0,0
mode_without_mn9,0.0125,720575940619820368,early_large_only,26.729999999999997,-2.64,23
mode_without_mn9,0.0125,720575940619820368,later_large_only,0.0,0.0,0
mode_without_mn9,0.0125,720575940619820368,other_active,21.78,-3.168,10
mode_without_mn9,0.0125,720575940619820368,silent_all,0.0,0.0,0
mode_without_mn9,0.0125,720575940609932130,input,0.0,0.0,0
mode_without_mn9,0.0125,720575940609932130,early_large_only,46.2,-3.6960000000000006,51
mode_without_mn9,0.0125,720575940609932130,later_large_only,0.0,0.0,0
mode_without_mn9,0.0125,720575940609932130,other_active,0.0,-0.792,3
mode_without_mn9,0.0125,720575940609932130,silent_all,0.0,0.0,0
mode_without_mn9,0.0125,720575940633735063,input,0.0,0.0,0
mode_without_mn9,0.0125,720575940633735063,early_large_only,43.559999999999995,-0.7920000000000001,16
mode_without_mn9,0.0125,720575940633735063,later_large_only,0.0,0.0,0
mode_without_mn9,0.0125,720575940633735063,other_active,0.0,0.0,0
mode_without_mn9,0.0125,720575940633735063,silent_all,0.0,0.0,0
mode_without_mn9,0.0125,720575940624093693,input,0.0,0.0,0
mode_without_mn9,0.0125,720575940624093693,early_large_only,64.67999999999999,-13.728,47
mode_without_mn9,0.0125,720575940624093693,later_large_only,0.0,0.0,0
mode_without_mn9,0.0125,720575940624093693,other_active,4.949999999999999,-1.056,5
mode_without_mn9,0.0125,720575940624093693,silent_all,0.0,0.0,0
mode_without_mn9,0.0125,720575940610404977,input,0.0,0.0,0
mode_without_mn9,0.0125,720575940610404977,early_large_only,46.859999999999985,-6.336000000000001,59
mode_without_mn9,0.0125,720575940610404977,later_large_only,0.0,0.0,0
mode_without_mn9,0.0125,720575940610404977,other_active,2.9699999999999998,0.0,3
mode_without_mn9,0.0125,720575940610404977,silent_all,0.0,0.0,0
mode_without_mn9,0.0125,720575940619998630,input,0.0,0.0,0
mode_without_mn9,0.0125,720575940619998630,early_large_only,43.56,-1.848,19
mode_without_mn9,0.0125,720575940619998630,later_large_only,0.0,0.0,0
mode_without_mn9,0.0125,720575940619998630,other_active,0.0,-1.584,6
mode_without_mn9,0.0125,720575940619998630,silent_all,0.0,0.0,0
mode_without_mn9,0.0125,720575940630930383,input,0.0,0.0,0
mode_without_mn9,0.0125,720575940630930383,early_large_only,100.31999999999998,-13.991999999999999,84
mode_without_mn9,0.0125,720575940630930383,later_large_only,0.0,0.0,0
mode_without_mn9,0.0125,720575940630930383,other_active,13.86,-0.528,5
mode_without_mn9,0.0125,720575940630930383,silent_all,0.0,0.0,0
mode_without_mn9,0.0125,720575940607472649,input,0.0,0.0,0
mode_without_mn9,0.0125,720575940607472649,early_large_only,123.75000000000001,-34.848000000000006,59
mode_without_mn9,0.0125,720575940607472649,later_large_only,0.0,0.0,0
mode_without_mn9,0.0125,720575940607472649,other_active,0.66,-10.560000000000002,9
mode_without_mn9,0.0125,720575940607472649,silent_all,0.0,0.0,0
mode_without_mn9,0.0125,720575940627368723,input,0.0,0.0,0
mode_without_mn9,0.0125,720575940627368723,early_large_only,69.63,-3.6959999999999997,25
mode_without_mn9,0.0125,720575940627368723,later_large_only,0.0,0.0,0
mode_without_mn9,0.0125,720575940627368723,other_active,9.9,-25.344,12
mode_without_mn9,0.0125,720575940627368723,silent_all,0.0,0.0,0
mode_without_mn9,0.0125,720575940622998627,input,0.0,0.0,0
mode_without_mn9,0.0125,720575940622998627,early_large_only,69.30000000000001,-0.792,15
mode_without_mn9,0.0125,720575940622998627,later_large_only,0.0,0.0,0
mode_without_mn9,0.0125,720575940622998627,other_active,2.97,-0.264,2
mode_without_mn9,0.0125,720575940622998627,silent_all,0.0,0.0,0
mode_without_mn9,0.0125,720575940639948160,input,0.0,0.0,0
mode_without_mn9,0.0125,720575940639948160,early_large_only,22.77,0.0,21
mode_without_mn9,0.0125,720575940639948160,later_large_only,0.0,0.0,0
mode_without_mn9,0.0125,720575940639948160,other_active,19.799999999999997,-1.056,5
mode_without_mn9,0.0125,720575940639948160,silent_all,0.0,0.0,0
mode_without_mn9,0.0125,720575940634310763,input,0.0,0.0,0
mode_without_mn9,0.0125,720575940634310763,early_large_only,54.449999999999974,-12.672,69
mode_without_mn9,0.0125,720575940634310763,later_large_only,0.0,0.0,0
mode_without_mn9,0.0125,720575940634310763,other_active,0.0,0.0,0
mode_without_mn9,0.0125,720575940634310763,silent_all,0.0,0.0,0
mode_without_mn9,0.0125,720575940626654041,input,0.0,0.0,0
mode_without_mn9,0.0125,720575940626654041,early_large_only,56.1,-10.56,38
mode_without_mn9,0.0125,720575940626654041,later_large_only,0.0,0.0,0
mode_without_mn9,0.0125,720575940626654041,other_active,1.98,-1.584,9
mode_without_mn9,0.0125,720575940626654041,silent_all,0.0,0.0,0
mode_without_mn9,0.0125,720575940618165393,input,0.0,0.0,0
mode_without_mn9,0.0125,720575940618165393,early_large_only,69.29999999999998,0.0,13
mode_without_mn9,0.0125,720575940618165393,later_large_only,0.0,0.0,0
mode_without_mn9,0.0125,720575940618165393,other_active,5.28,-2.112,6
mode_without_mn9,0.0125,720575940618165393,silent_all,0.0,0.0,0
mode_without_mn9,0.0125,720575940625336464,input,0.0,0.0,0
mode_without_mn9,0.0125,720575940625336464,early_large_only,36.629999999999995,-10.031999999999998,22
mode_without_mn9,0.0125,720575940625336464,later_large_only,0.0,0.0,0
mode_without_mn9,0.0125,720575940625336464,other_active,11.879999999999999,0.0,12
mode_without_mn9,0.0125,720575940625336464,silent_all,0.0,0.0,0
mode_without_mn9,0.0125,720575940626693130,input,0.0,0.0,0
mode_without_mn9,0.0125,720575940626693130,early_large_only,71.61000000000001,-9.504,19
mode_without_mn9,0.0125,720575940626693130,later_large_only,0.0,0.0,0
mode_without_mn9,0.0125,720575940626693130,other_active,0.0,0.0,0
mode_without_mn9,0.0125,720575940626693130,silent_all,0.0,0.0,0
mode_without_mn9,0.0125,720575940636553902,input,0.0,0.0,0
mode_without_mn9,0.0125,720575940636553902,early_large_only,106.25999999999999,-37.224000000000004,63
mode_without_mn9,0.0125,720575940636553902,later_large_only,0.0,0.0,0
mode_without_mn9,0.0125,720575940636553902,other_active,0.99,-3.168,9
mode_without_mn9,0.0125,720575940636553902,silent_all,0.0,0.0,0
mode_without_mn9,0.0125,720575940614908383,input,0.0,0.0,0
mode_without_mn9,0.0125,720575940614908383,early_large_only,85.46999999999997,-22.439999999999998,60
mode_without_mn9,0.0125,720575940614908383,later_large_only,0.0,0.0,0
mode_without_mn9,0.0125,720575940614908383,other_active,7.92,-4.488,17
mode_without_mn9,0.0125,720575940614908383,silent_all,0.0,0.0,0
mode_without_mn9,0.0125,720575940639028413,input,0.0,0.0,0
mode_without_mn9,0.0125,720575940639028413,early_large_only,100.32,-24.551999999999996,59
mode_without_mn9,0.0125,720575940639028413,later_large_only,0.0,0.0,0
mode_without_mn9,0.0125,720575940639028413,other_active,1.32,-14.52,6
mode_without_mn9,0.0125,720575940639028413,silent_all,0.0,0.0,0
mode_without_mn9,0.0125,720575940637073385,input,0.0,0.0,0
mode_without_mn9,0.0125,720575940637073385,early_large_only,66.65999999999998,-15.576,42
mode_without_mn9,0.0125,720575940637073385,later_large_only,0.0,0.0,0
mode_without_mn9,0.0125,720575940637073385,other_active,3.96,-7.920000000000001,5
mode_without_mn9,0.0125,720575940637073385,silent_all,0.0,0.0,0
mode_without_mn9,0.0125,720575940619488495,input,0.0,0.0,0
mode_without_mn9,0.0125,720575940619488495,early_large_only,81.17999999999998,-23.759999999999998,65
mode_without_mn9,0.0125,720575940619488495,later_large_only,0.0,0.0,0
mode_without_mn9,0.0125,720575940619488495,other_active,7.59,-1.584,19
mode_without_mn9,0.0125,720575940619488495,silent_all,0.0,0.0,0
mode_without_mn9,0.0125,720575940614457342,input,0.0,0.0,0
mode_without_mn9,0.0125,720575940614457342,early_large_only,65.33999999999999,-10.032000000000002,44
mode_without_mn9,0.0125,720575940614457342,later_large_only,0.0,0.0,0
mode_without_mn9,0.0125,720575940614457342,other_active,0.0,-2.3760000000000003,3
mode_without_mn9,0.0125,720575940614457342,silent_all,0.0,0.0,0
mode_without_mn9,0.0125,720575940627757584,input,0.0,0.0,0
mode_without_mn9,0.0125,720575940627757584,early_large_only,44.55,-5.280000000000001,7
mode_without_mn9,0.0125,720575940627757584,later_large_only,0.0,0.0,0
mode_without_mn9,0.0125,720575940627757584,other_active,0.0,-2.112,4
mode_without_mn9,0.0125,720575940627757584,silent_all,0.0,0.0,0
mode_without_mn9,0.0125,720575940637210334,input,0.0,0.0,0
mode_without_mn9,0.0125,720575940637210334,early_large_only,58.41,-14.256000000000002,30
mode_without_mn9,0.0125,720575940637210334,later_large_only,0.0,0.0,0
mode_without_mn9,0.0125,720575940637210334,other_active,8.91,-3.168,8
mode_without_mn9,0.0125,720575940637210334,silent_all,0.0,0.0,0
mode_without_mn9,0.0125,720575940629461442,input,0.0,0.0,0
mode_without_mn9,0.0125,720575940629461442,early_large_only,60.06,-3.168,4
mode_without_mn9,0.0125,720575940629461442,later_large_only,0.0,0.0,0
mode_without_mn9,0.0125,720575940629461442,other_active,0.0,0.0,0
mode_without_mn9,0.0125,720575940629461442,silent_all,0.0,0.0,0
mode_without_mn9,0.0125,720575940607982428,input,0.0,0.0,0
mode_without_mn9,0.0125,720575940607982428,early_large_only,63.35999999999999,-17.951999999999995,29
mode_without_mn9,0.0125,720575940607982428,later_large_only,0.0,0.0,0
mode_without_mn9,0.0125,720575940607982428,other_active,0.0,-3.4320000000000004,7
mode_without_mn9,0.0125,720575940607982428,silent_all,0.0,0.0,0
mode_without_mn9,0.0125,720575940611182554,input,0.0,0.0,0
mode_without_mn9,0.0125,720575940611182554,early_large_only,48.50999999999999,-9.768,33
mode_without_mn9,0.0125,720575940611182554,later_large_only,0.0,0.0,0
mode_without_mn9,0.0125,720575940611182554,other_active,5.9399999999999995,-0.528,11
mode_without_mn9,0.0125,720575940611182554,silent_all,0.0,0.0,0
mode_without_mn9,0.0125,720575940634258146,input,0.0,0.0,0
mode_without_mn9,0.0125,720575940634258146,early_large_only,42.239999999999995,-26.664,35
mode_without_mn9,0.0125,720575940634258146,later_large_only,0.0,0.0,0
mode_without_mn9,0.0125,720575940634258146,other_active,51.81,-25.344000000000005,8
mode_without_mn9,0.0125,720575940634258146,silent_all,0.0,0.0,0
mode_without_mn9,0.0125,720575940638937688,input,0.0,0.0,0
mode_without_mn9,0.0125,720575940638937688,early_large_only,74.90999999999998,-27.455999999999996,55
mode_without_mn9,0.0125,720575940638937688,later_large_only,0.0,0.0,0
mode_without_mn9,0.0125,720575940638937688,other_active,0.99,-2.3760000000000003,4
mode_without_mn9,0.0125,720575940638937688,silent_all,0.0,0.0,0
mode_without_mn9,0.0125,720575940618398533,input,0.0,0.0,0
mode_without_mn9,0.0125,720575940618398533,early_large_only,32.00999999999999,-6.600000000000002,35
mode_without_mn9,0.0125,720575940618398533,later_large_only,0.0,0.0,0
mode_without_mn9,0.0125,720575940618398533,other_active,24.75,-7.392000000000001,13
mode_without_mn9,0.0125,720575940618398533,silent_all,0.0,0.0,0
mode_without_mn9,0.0125,720575940615086698,input,0.0,0.0,0
mode_without_mn9,0.0125,720575940615086698,early_large_only,72.92999999999996,-25.343999999999994,89
mode_without_mn9,0.0125,720575940615086698,later_large_only,0.0,0.0,0
mode_without_mn9,0.0125,720575940615086698,other_active,0.99,-0.792,6
mode_without_mn9,0.0125,720575940615086698,silent_all,0.0,0.0,0
mode_without_mn9,0.0125,720575940625107352,input,0.0,0.0,0
mode_without_mn9,0.0125,720575940625107352,early_large_only,43.89,-0.528,17
mode_without_mn9,0.0125,720575940625107352,later_large_only,0.0,0.0,0
mode_without_mn9,0.0125,720575940625107352,other_active,0.0,0.0,0
mode_without_mn9,0.0125,720575940625107352,silent_all,0.0,0.0,0
mode_without_mn9,0.0125,720575940623181823,input,0.0,0.0,0
mode_without_mn9,0.0125,720575940623181823,early_large_only,40.91999999999997,-8.448000000000002,69
mode_without_mn9,0.0125,720575940623181823,later_large_only,0.0,0.0,0
mode_without_mn9,0.0125,720575940623181823,other_active,11.879999999999999,0.0,6
mode_without_mn9,0.0125,720575940623181823,silent_all,0.0,0.0,0
mode_without_mn9,0.0125,720575940632501404,input,0.0,0.0,0
mode_without_mn9,0.0125,720575940632501404,early_large_only,55.769999999999996,-9.768,29
mode_without_mn9,0.0125,720575940632501404,later_large_only,0.0,0.0,0
mode_without_mn9,0.0125,720575940632501404,other_active,0.0,-1.056,2
mode_without_mn9,0.0125,720575940632501404,silent_all,0.0,0.0,0
mode_without_mn9,0.0125,720575940623338281,input,0.0,0.0,0
mode_without_mn9,0.0125,720575940623338281,early_large_only,47.85,-0.264,8
mode_without_mn9,0.0125,720575940623338281,later_large_only,0.0,0.0,0
mode_without_mn9,0.0125,720575940623338281,other_active,6.930000000000001,-0.792,6
mode_without_mn9,0.0125,720575940623338281,silent_all,0.0,0.0,0
mode_without_mn9,0.0125,720575940624971243,input,0.0,0.0,0
mode_without_mn9,0.0125,720575940624971243,early_large_only,64.02,-3.4320000000000004,22
mode_without_mn9,0.0125,720575940624971243,later_large_only,0.0,0.0,0
mode_without_mn9,0.0125,720575940624971243,other_active,12.870000000000001,-11.088000000000001,18
mode_without_mn9,0.0125,720575940624971243,silent_all,0.0,0.0,0
mode_without_mn9,0.0125,720575940646582836,input,0.0,0.0,0
mode_without_mn9,0.0125,720575940646582836,early_large_only,32.010000000000005,-0.792,21
mode_without_mn9,0.0125,720575940646582836,later_large_only,0.0,0.0,0
mode_without_mn9,0.0125,720575940646582836,other_active,11.879999999999999,-0.264,4
mode_without_mn9,0.0125,720575940646582836,silent_all,0.0,0.0,0
mode_without_mn9,0.0125,720575940631147335,input,0.0,0.0,0
mode_without_mn9,0.0125,720575940631147335,early_large_only,104.60999999999996,-50.95200000000002,81
mode_without_mn9,0.0125,720575940631147335,later_large_only,0.0,0.0,0
mode_without_mn9,0.0125,720575940631147335,other_active,8.91,0.0,9
mode_without_mn9,0.0125,720575940631147335,silent_all,0.0,0.0,0
mode_without_mn9,0.0125,720575940619843311,input,0.0,0.0,0
mode_without_mn9,0.0125,720575940619843311,early_large_only,66.33000000000001,-9.768,32
mode_without_mn9,0.0125,720575940619843311,later_large_only,0.0,0.0,0
mode_without_mn9,0.0125,720575940619843311,other_active,0.0,0.0,0
mode_without_mn9,0.0125,720575940619843311,silent_all,0.0,0.0,0
mode_without_mn9,0.0125,720575940619773867,input,0.0,0.0,0
mode_without_mn9,0.0125,720575940619773867,early_large_only,88.43999999999998,-35.376,61
mode_without_mn9,0.0125,720575940619773867,later_large_only,0.0,0.0,0
mode_without_mn9,0.0125,720575940619773867,other_active,3.96,0.0,9
mode_without_mn9,0.0125,720575940619773867,silent_all,0.0,0.0,0
mode_without_mn9,0.0125,720575940633333916,input,0.0,0.0,0
mode_without_mn9,0.0125,720575940633333916,early_large_only,53.12999999999998,-6.336000000000001,56
mode_without_mn9,0.0125,720575940633333916,later_large_only,0.0,0.0,0
mode_without_mn9,0.0125,720575940633333916,other_active,0.0,0.0,0
mode_without_mn9,0.0125,720575940633333916,silent_all,0.0,0.0,0
mode_without_mn9,0.0125,720575940615405718,input,0.0,0.0,0
mode_without_mn9,0.0125,720575940615405718,early_large_only,54.77999999999999,-5.280000000000001,23
mode_without_mn9,0.0125,720575940615405718,later_large_only,0.0,0.0,0
mode_without_mn9,0.0125,720575940615405718,other_active,0.33,0.0,1
mode_without_mn9,0.0125,720575940615405718,silent_all,0.0,0.0,0
mode_without_mn9,0.0125,720575940633480860,input,0.0,0.0,0
mode_without_mn9,0.0125,720575940633480860,early_large_only,50.15999999999998,-8.184000000000003,58
mode_without_mn9,0.0125,720575940633480860,later_large_only,0.0,0.0,0
mode_without_mn9,0.0125,720575940633480860,other_active,0.0,0.0,0
mode_without_mn9,0.0125,720575940633480860,silent_all,0.0,0.0,0
mode_without_mn9,0.0125,720575940623781268,input,0.0,0.0,0
mode_without_mn9,0.0125,720575940623781268,early_large_only,52.47,0.0,8
mode_without_mn9,0.0125,720575940623781268,later_large_only,0.0,0.0,0
mode_without_mn9,0.0125,720575940623781268,other_active,0.0,0.0,0
mode_without_mn9,0.0125,720575940623781268,silent_all,0.0,0.0,0
mode_without_mn9,0.0125,720575940624028396,input,0.0,0.0,0
mode_without_mn9,0.0125,720575940624028396,early_large_only,48.17999999999999,-4.752000000000001,47
mode_without_mn9,0.0125,720575940624028396,later_large_only,0.0,0.0,0
mode_without_mn9,0.0125,720575940624028396,other_active,1.32,0.0,4
mode_without_mn9,0.0125,720575940624028396,silent_all,0.0,0.0,0
mode_without_mn9,0.0125,720575940628353018,input,0.0,0.0,0
mode_without_mn9,0.0125,720575940628353018,early_large_only,66.32999999999997,-21.119999999999997,63
mode_without_mn9,0.0125,720575940628353018,later_large_only,0.0,0.0,0
mode_without_mn9,0.0125,720575940628353018,other_active,12.870000000000001,-0.528,11
mode_without_mn9,0.0125,720575940628353018,silent_all,0.0,0.0,0
mode_without_mn9,0.0125,720575940643919908,input,0.0,0.0,0
mode_without_mn9,0.0125,720575940643919908,early_large_only,54.120000000000005,-11.616000000000001,16
mode_without_mn9,0.0125,720575940643919908,later_large_only,0.0,0.0,0
mode_without_mn9,0.0125,720575940643919908,other_active,11.879999999999999,-2.904,11
mode_without_mn9,0.0125,720575940643919908,silent_all,0.0,0.0,0
mode_without_mn9,0.0125,720575940612302042,input,0.0,0.0,0
mode_without_mn9,0.0125,720575940612302042,early_large_only,70.61999999999995,-33.792,126
mode_without_mn9,0.0125,720575940612302042,later_large_only,0.0,0.0,0
mode_without_mn9,0.0125,720575940612302042,other_active,7.92,0.0,4
mode_without_mn9,0.0125,720575940612302042,silent_all,0.0,0.0,0
mode_without_mn9,0.0125,720575940628356102,input,0.0,0.0,0
mode_without_mn9,0.0125,720575940628356102,early_large_only,86.12999999999997,-11.616000000000001,43
mode_without_mn9,0.0125,720575940628356102,later_large_only,0.0,0.0,0
mode_without_mn9,0.0125,720575940628356102,other_active,4.29,-2.112,15
mode_without_mn9,0.0125,720575940628356102,silent_all,0.0,0.0,0
mode_without_mn9,0.0125,720575940620058537,input,0.0,0.0,0
mode_without_mn9,0.0125,720575940620058537,early_large_only,53.46,0.0,5
mode_without_mn9,0.0125,720575940620058537,later_large_only,0.0,0.0,0
mode_without_mn9,0.0125,720575940620058537,other_active,0.0,0.0,0
mode_without_mn9,0.0125,720575940620058537,silent_all,0.0,0.0,0
mode_without_mn9,0.0125,720575940615974868,input,0.0,0.0,0
mode_without_mn9,0.0125,720575940615974868,early_large_only,53.129999999999995,-1.056,12
mode_without_mn9,0.0125,720575940615974868,later_large_only,0.0,0.0,0
mode_without_mn9,0.0125,720575940615974868,other_active,0.0,0.0,0
mode_without_mn9,0.0125,720575940615974868,silent_all,0.0,0.0,0
mode_without_mn9,0.0125,720575940639007395,input,0.0,0.0,0
mode_without_mn9,0.0125,720575940639007395,early_large_only,66.32999999999997,-30.360000000000003,66
mode_without_mn9,0.0125,720575940639007395,later_large_only,0.0,0.0,0
mode_without_mn9,0.0125,720575940639007395,other_active,7.919999999999999,0.0,6
mode_without_mn9,0.0125,720575940639007395,silent_all,0.0,0.0,0
mode_without_mn9,0.0125,720575940620380449,input,0.0,0.0,0
mode_without_mn9,0.0125,720575940620380449,early_large_only,138.60000000000002,-42.50400000000001,23
mode_without_mn9,0.0125,720575940620380449,later_large_only,0.0,0.0,0
mode_without_mn9,0.0125,720575940620380449,other_active,0.0,0.0,0
mode_without_mn9,0.0125,720575940620380449,silent_all,0.0,0.0,0
mode_without_mn9,0.0125,720575940659709569,input,0.0,0.0,0
mode_without_mn9,0.0125,720575940659709569,early_large_only,66.00000000000001,-7.392000000000001,26
mode_without_mn9,0.0125,720575940659709569,later_large_only,0.0,0.0,0
mode_without_mn9,0.0125,720575940659709569,other_active,0.99,0.0,3
mode_without_mn9,0.0125,720575940659709569,silent_all,0.0,0.0,0
mode_without_mn9,0.0125,720575940627422982,input,0.0,0.0,0
mode_without_mn9,0.0125,720575940627422982,early_large_only,63.36,-21.912,57
mode_without_mn9,0.0125,720575940627422982,later_large_only,0.0,0.0,0
mode_without_mn9,0.0125,720575940627422982,other_active,0.0,0.0,0
mode_without_mn9,0.0125,720575940627422982,silent_all,0.0,0.0,0
mode_without_mn9,0.0125,720575940630190295,input,0.0,0.0,0
mode_without_mn9,0.0125,720575940630190295,early_large_only,97.01999999999998,-5.5440000000000005,30
mode_without_mn9,0.0125,720575940630190295,later_large_only,0.0,0.0,0
mode_without_mn9,0.0125,720575940630190295,other_active,0.66,-15.312000000000003,12
mode_without_mn9,0.0125,720575940630190295,silent_all,0.0,0.0,0
mode_without_mn9,0.0125,720575940642617544,input,0.0,0.0,0
mode_without_mn9,0.0125,720575940642617544,early_large_only,46.85999999999999,-4.752000000000001,26
mode_without_mn9,0.0125,720575940642617544,later_large_only,0.0,0.0,0
mode_without_mn9,0.0125,720575940642617544,other_active,4.95,0.0,3
mode_without_mn9,0.0125,720575940642617544,silent_all,0.0,0.0,0
mode_without_mn9,0.0125,720575940612033253,input,0.0,0.0,0
mode_without_mn9,0.0125,720575940612033253,early_large_only,44.88,-1.584,22
mode_without_mn9,0.0125,720575940612033253,later_large_only,0.0,0.0,0
mode_without_mn9,0.0125,720575940612033253,other_active,0.33,-3.696,9
mode_without_mn9,0.0125,720575940612033253,silent_all,0.0,0.0,0
mode_without_mn9,0.0125,720575940638460998,input,0.0,0.0,0
mode_without_mn9,0.0125,720575940638460998,early_large_only,74.24999999999997,-9.240000000000002,48
mode_without_mn9,0.0125,720575940638460998,later_large_only,0.0,0.0,0
mode_without_mn9,0.0125,720575940638460998,other_active,0.66,-12.144000000000002,11
mode_without_mn9,0.0125,720575940638460998,silent_all,0.0,0.0,0
mode_without_mn9,0.0125,720575940619797488,input,0.0,0.0,0
mode_without_mn9,0.0125,720575940619797488,early_large_only,42.24000000000001,0.0,6
mode_without_mn9,0.0125,720575940619797488,later_large_only,0.0,0.0,0
mode_without_mn9,0.0125,720575940619797488,other_active,0.0,0.0,0
mode_without_mn9,0.0125,720575940619797488,silent_all,0.0,0.0,0
mode_without_mn9,0.0125,720575940639410291,input,0.0,0.0,0
mode_without_mn9,0.0125,720575940639410291,early_large_only,76.55999999999997,-29.040000000000003,61
mode_without_mn9,0.0125,720575940639410291,later_large_only,0.0,0.0,0
mode_without_mn9,0.0125,720575940639410291,other_active,0.0,0.0,0
mode_without_mn9,0.0125,720575940639410291,silent_all,0.0,0.0,0
mode_without_mn9,0.0125,720575940615438495,input,0.0,0.0,0
mode_without_mn9,0.0125,720575940615438495,early_large_only,76.89,-19.008000000000003,25
mode_without_mn9,0.0125,720575940615438495,later_large_only,0.0,0.0,0
mode_without_mn9,0.0125,720575940615438495,other_active,0.0,-0.528,2
mode_without_mn9,0.0125,720575940615438495,silent_all,0.0,0.0,0
mode_without_mn9,0.0125,720575940627096957,input,0.0,0.0,0
mode_without_mn9,0.0125,720575940627096957,early_large_only,58.739999999999995,0.0,5
mode_without_mn9,0.0125,720575940627096957,later_large_only,0.0,0.0,0
mode_without_mn9,0.0125,720575940627096957,other_active,0.33,-1.32,4
mode_without_mn9,0.0125,720575940627096957,silent_all,0.0,0.0,0
mode_without_mn9,0.0125,720575940623860202,input,0.0,0.0,0
mode_without_mn9,0.0125,720575940623860202,early_large_only,78.21,-2.112,11
mode_without_mn9,0.0125,720575940623860202,later_large_only,0.0,0.0,0
mode_without_mn9,0.0125,720575940623860202,other_active,1.32,-11.616000000000001,14
mode_without_mn9,0.0125,720575940623860202,silent_all,0.0,0.0,0
mode_without_mn9,0.0125,720575940621215169,input,0.0,0.0,0
mode_without_mn9,0.0125,720575940621215169,early_large_only,54.11999999999999,-16.104000000000003,52
mode_without_mn9,0.0125,720575940621215169,later_large_only,0.0,0.0,0
mode_without_mn9,0.0125,720575940621215169,other_active,1.98,-0.528,5
mode_without_mn9,0.0125,720575940621215169,silent_all,0.0,0.0,0
mode_without_mn9,0.0125,720575940608429835,input,0.0,0.0,0
mode_without_mn9,0.0125,720575940608429835,early_large_only,38.61,-2.112,42
mode_without_mn9,0.0125,720575940608429835,later_large_only,0.0,0.0,0
mode_without_mn9,0.0125,720575940608429835,other_active,3.96,0.0,3
mode_without_mn9,0.0125,720575940608429835,silent_all,0.0,0.0,0
mode_without_mn9,0.0125,720575940629171447,input,0.0,0.0,0
mode_without_mn9,0.0125,720575940629171447,early_large_only,49.49999999999998,-11.352,54
mode_without_mn9,0.0125,720575940629171447,later_large_only,0.0,0.0,0
mode_without_mn9,0.0125,720575940629171447,other_active,0.99,-0.264,4
mode_without_mn9,0.0125,720575940629171447,silent_all,0.0,0.0,0
mode_without_mn9,0.0125,720575940636477285,input,0.0,0.0,0
mode_without_mn9,0.0125,720575940636477285,early_large_only,88.43999999999993,-45.14400000000002,124
mode_without_mn9,0.0125,720575940636477285,later_large_only,0.0,0.0,0
mode_without_mn9,0.0125,720575940636477285,other_active,1.98,-0.528,8
mode_without_mn9,0.0125,720575940636477285,silent_all,0.0,0.0,0
mode_without_mn9,0.0125,720575940627605779,input,0.0,0.0,0
mode_without_mn9,0.0125,720575940627605779,early_large_only,116.82000000000001,-34.58400000000001,3
mode_without_mn9,0.0125,720575940627605779,later_large_only,0.0,0.0,0
mode_without_mn9,0.0125,720575940627605779,other_active,0.0,0.0,0
mode_without_mn9,0.0125,720575940627605779,silent_all,0.0,0.0,0
mode_without_mn9,0.0125,720575940620300308,input,0.0,0.0,0
mode_without_mn9,0.0125,720575940620300308,early_large_only,199.65,-17.16,35
mode_without_mn9,0.0125,720575940620300308,later_large_only,0.0,0.0,0
mode_without_mn9,0.0125,720575940620300308,other_active,0.99,-70.75200000000001,19
mode_without_mn9,0.0125,720575940620300308,silent_all,0.0,0.0,0
mode_without_mn9,0.0125,720575940605651633,input,0.0,0.0,0
mode_without_mn9,0.0125,720575940605651633,early_large_only,56.099999999999994,-5.016000000000001,30
mode_without_mn9,0.0125,720575940605651633,later_large_only,0.0,0.0,0
mode_without_mn9,0.0125,720575940605651633,other_active,0.66,-1.32,5
mode_without_mn9,0.0125,720575940605651633,silent_all,0.0,0.0,0
mode_without_mn9,0.0125,720575940613860147,input,0.0,0.0,0
mode_without_mn9,0.0125,720575940613860147,early_large_only,39.269999999999996,-3.960000000000001,38
mode_without_mn9,0.0125,720575940613860147,later_large_only,0.0,0.0,0
mode_without_mn9,0.0125,720575940613860147,other_active,0.99,0.0,3
mode_without_mn9,0.0125,720575940613860147,silent_all,0.0,0.0,0
mode_without_mn9,0.0125,720575940622400648,input,0.0,0.0,0
mode_without_mn9,0.0125,720575940622400648,early_large_only,58.40999999999997,-22.703999999999997,68
mode_without_mn9,0.0125,720575940622400648,later_large_only,0.0,0.0,0
mode_without_mn9,0.0125,720575940622400648,other_active,0.0,-1.584,4
mode_without_mn9,0.0125,720575940622400648,silent_all,0.0,0.0,0
mode_without_mn9,0.0125,720575940623780583,input,0.0,0.0,0
mode_without_mn9,0.0125,720575940623780583,early_large_only,27.06,-5.016,40
mode_without_mn9,0.0125,720575940623780583,later_large_only,0.0,0.0,0
mode_without_mn9,0.0125,720575940623780583,other_active,18.810000000000002,-1.5840000000000003,5
mode_without_mn9,0.0125,720575940623780583,silent_all,0.0,0.0,0
mode_without_mn9,0.0125,720575940610711250,input,0.0,0.0,0
mode_without_mn9,0.0125,720575940610711250,early_large_only,59.399999999999984,-23.232000000000003,59
mode_without_mn9,0.0125,720575940610711250,later_large_only,0.0,0.0,0
mode_without_mn9,0.0125,720575940610711250,other_active,1.98,-0.528,5
mode_without_mn9,0.0125,720575940610711250,silent_all,0.0,0.0,0
mode_without_mn9,0.0125,720575940626620568,input,0.0,0.0,0
mode_without_mn9,0.0125,720575940626620568,early_large_only,51.809999999999995,-1.32,17
mode_without_mn9,0.0125,720575940626620568,later_large_only,0.0,0.0,0
mode_without_mn9,0.0125,720575940626620568,other_active,0.0,0.0,0
mode_without_mn9,0.0125,720575940626620568,silent_all,0.0,0.0,0
mode_without_mn9,0.0125,720575940611738035,input,0.0,0.0,0
mode_without_mn9,0.0125,720575940611738035,early_large_only,40.58999999999998,-12.407999999999994,45
mode_without_mn9,0.0125,720575940611738035,later_large_only,0.0,0.0,0
mode_without_mn9,0.0125,720575940611738035,other_active,0.0,0.0,0
mode_without_mn9,0.0125,720575940611738035,silent_all,0.0,0.0,0
mode_without_mn9,0.0125,720575940618853968,input,0.0,0.0,0
mode_without_mn9,0.0125,720575940618853968,early_large_only,75.89999999999999,-25.872,26
mode_without_mn9,0.0125,720575940618853968,later_large_only,0.0,0.0,0
mode_without_mn9,0.0125,720575940618853968,other_active,0.0,-0.528,1
mode_without_mn9,0.0125,720575940618853968,silent_all,0.0,0.0,0
mode_without_mn9,0.0125,720575940629592143,input,0.0,0.0,0
mode_without_mn9,0.0125,720575940629592143,early_large_only,52.139999999999986,-5.280000000000001,34
mode_without_mn9,0.0125,720575940629592143,later_large_only,0.0,0.0,0
mode_without_mn9,0.0125,720575940629592143,other_active,3.3,-4.752000000000001,12
mode_without_mn9,0.0125,720575940629592143,silent_all,0.0,0.0,0
mode_without_mn9,0.0125,720575940647589172,input,0.0,0.0,0
mode_without_mn9,0.0125,720575940647589172,early_large_only,57.08999999999998,-8.184000000000001,31
mode_without_mn9,0.0125,720575940647589172,later_large_only,0.0,0.0,0
mode_without_mn9,0.0125,720575940647589172,other_active,0.0,-1.5840000000000003,2
mode_without_mn9,0.0125,720575940647589172,silent_all,0.0,0.0,0
mode_without_mn9,0.0125,720575940624055614,input,0.0,0.0,0
mode_without_mn9,0.0125,720575940624055614,early_large_only,49.49999999999998,-8.975999999999999,54
mode_without_mn9,0.0125,720575940624055614,later_large_only,0.0,0.0,0
mode_without_mn9,0.0125,720575940624055614,other_active,0.99,0.0,3
mode_without_mn9,0.0125,720575940624055614,silent_all,0.0,0.0,0
mode_without_mn9,0.0125,720575940623649097,input,0.0,0.0,0
mode_without_mn9,0.0125,720575940623649097,early_large_only,57.089999999999975,-11.352,43
mode_without_mn9,0.0125,720575940623649097,later_large_only,0.0,0.0,0
mode_without_mn9,0.0125,720575940623649097,other_active,0.0,0.0,0
mode_without_mn9,0.0125,720575940623649097,silent_all,0.0,0.0,0
mode_without_mn9,0.0125,720575940621426300,input,0.0,0.0,0
mode_without_mn9,0.0125,720575940621426300,early_large_only,53.79,-5.5440000000000005,29
mode_without_mn9,0.0125,720575940621426300,later_large_only,0.0,0.0,0
mode_without_mn9,0.0125,720575940621426300,other_active,0.0,0.0,0
mode_without_mn9,0.0125,720575940621426300,silent_all,0.0,0.0,0
mode_without_mn9,0.0125,720575940639542691,input,0.0,0.0,0
mode_without_mn9,0.0125,720575940639542691,early_large_only,47.18999999999999,-2.112,25
mode_without_mn9,0.0125,720575940639542691,later_large_only,0.0,0.0,0
mode_without_mn9,0.0125,720575940639542691,other_active,1.98,-3.168,8
mode_without_mn9,0.0125,720575940639542691,silent_all,0.0,0.0,0
mode_without_mn9,0.0125,720575940630913221,input,0.0,0.0,0
mode_without_mn9,0.0125,720575940630913221,early_large_only,53.789999999999985,-10.559999999999999,28
mode_without_mn9,0.0125,720575940630913221,later_large_only,0.0,0.0,0
mode_without_mn9,0.0125,720575940630913221,other_active,0.0,-0.792,3
mode_without_mn9,0.0125,720575940630913221,silent_all,0.0,0.0,0
mode_without_mn9,0.0125,720575940620301677,input,0.0,0.0,0
mode_without_mn9,0.0125,720575940620301677,early_large_only,37.28999999999999,-12.671999999999999,23
mode_without_mn9,0.0125,720575940620301677,later_large_only,0.0,0.0,0
mode_without_mn9,0.0125,720575940620301677,other_active,0.99,0.0,3
mode_without_mn9,0.0125,720575940620301677,silent_all,0.0,0.0,0
mode_without_mn9,0.0125,720575940610649208,input,0.0,0.0,0
mode_without_mn9,0.0125,720575940610649208,early_large_only,37.619999999999976,-30.624000000000002,54
mode_without_mn9,0.0125,720575940610649208,later_large_only,0.0,0.0,0
mode_without_mn9,0.0125,720575940610649208,other_active,12.21,0.0,8
mode_without_mn9,0.0125,720575940610649208,silent_all,0.0,0.0,0
mode_without_mn9,0.0125,720575940625993817,input,0.0,0.0,0
mode_without_mn9,0.0125,720575940625993817,early_large_only,29.699999999999992,-12.672000000000002,34
mode_without_mn9,0.0125,720575940625993817,later_large_only,0.0,0.0,0
mode_without_mn9,0.0125,720575940625993817,other_active,12.87,0.0,9
mode_without_mn9,0.0125,720575940625993817,silent_all,0.0,0.0,0
mode_without_mn9,0.0125,720575940634874266,input,0.0,0.0,0
mode_without_mn9,0.0125,720575940634874266,early_large_only,38.94,-0.264,7
mode_without_mn9,0.0125,720575940634874266,later_large_only,0.0,0.0,0
mode_without_mn9,0.0125,720575940634874266,other_active,0.66,-0.264,3
mode_without_mn9,0.0125,720575940634874266,silent_all,0.0,0.0,0
mode_without_mn9,0.0125,720575940604690278,input,0.0,0.0,0
mode_without_mn9,0.0125,720575940604690278,early_large_only,135.29999999999998,-53.328,33
mode_without_mn9,0.0125,720575940604690278,later_large_only,0.0,0.0,0
mode_without_mn9,0.0125,720575940604690278,other_active,0.0,-49.10400000000001,9
mode_without_mn9,0.0125,720575940604690278,silent_all,0.0,0.0,0
mode_without_mn9,0.0125,720575940624574356,input,0.0,0.0,0
mode_without_mn9,0.0125,720575940624574356,early_large_only,41.24999999999999,-5.280000000000001,60
mode_without_mn9,0.0125,720575940624574356,later_large_only,0.0,0.0,0
mode_without_mn9,0.0125,720575940624574356,other_active,0.0,-1.32,3
mode_without_mn9,0.0125,720575940624574356,silent_all,0.0,0.0,0
mode_without_mn9,0.0125,720575940627204362,input,0.0,0.0,0
mode_without_mn9,0.0125,720575940627204362,early_large_only,96.02999999999999,-9.504,38
mode_without_mn9,0.0125,720575940627204362,later_large_only,0.0,0.0,0
mode_without_mn9,0.0125,720575940627204362,other_active,3.3,-17.424000000000003,7
mode_without_mn9,0.0125,720575940627204362,silent_all,0.0,0.0,0
mode_without_mn9,0.0125,720575940626813010,input,0.0,0.0,0
mode_without_mn9,0.0125,720575940626813010,early_large_only,63.02999999999999,-28.512,67
mode_without_mn9,0.0125,720575940626813010,later_large_only,0.0,0.0,0
mode_without_mn9,0.0125,720575940626813010,other_active,1.98,0.0,3
mode_without_mn9,0.0125,720575940626813010,silent_all,0.0,0.0,0
mode_without_mn9,0.0125,720575940623260201,input,0.0,0.0,0
mode_without_mn9,0.0125,720575940623260201,early_large_only,55.769999999999996,-7.920000000000001,45
mode_without_mn9,0.0125,720575940623260201,later_large_only,0.0,0.0,0
mode_without_mn9,0.0125,720575940623260201,other_active,0.0,-1.584,4
mode_without_mn9,0.0125,720575940623260201,silent_all,0.0,0.0,0
mode_without_mn9,0.0125,720575940605480806,input,0.0,0.0,0
mode_without_mn9,0.0125,720575940605480806,early_large_only,41.91,-1.5840000000000003,18
mode_without_mn9,0.0125,720575940605480806,later_large_only,0.0,0.0,0
mode_without_mn9,0.0125,720575940605480806,other_active,0.0,-0.528,2
mode_without_mn9,0.0125,720575940605480806,silent_all,0.0,0.0,0
mode_without_mn9,0.0125,720575940645610787,input,0.0,0.0,0
mode_without_mn9,0.0125,720575940645610787,early_large_only,36.29999999999999,-12.936,39
mode_without_mn9,0.0125,720575940645610787,later_large_only,0.0,0.0,0
mode_without_mn9,0.0125,720575940645610787,other_active,8.25,-0.7920000000000001,6
mode_without_mn9,0.0125,720575940645610787,silent_all,0.0,0.0,0
mode_without_mn9,0.0125,720575940629095323,input,0.0,0.0,0
mode_without_mn9,0.0125,720575940629095323,early_large_only,47.519999999999996,-14.52,42
mode_without_mn9,0.0125,720575940629095323,later_large_only,0.0,0.0,0
mode_without_mn9,0.0125,720575940629095323,other_active,0.99,-2.9040000000000004,6
mode_without_mn9,0.0125,720575940629095323,silent_all,0.0,0.0,0
mode_without_mn9,0.0125,720575940638225597,input,0.0,0.0,0
mode_without_mn9,0.0125,720575940638225597,early_large_only,55.109999999999985,-20.328000000000003,60
mode_without_mn9,0.0125,720575940638225597,later_large_only,0.0,0.0,0
mode_without_mn9,0.0125,720575940638225597,other_active,0.99,-0.264,4
mode_without_mn9,0.0125,720575940638225597,silent_all,0.0,0.0,0
mode_without_mn9,0.0125,720575940624073452,input,0.0,0.0,0
mode_without_mn9,0.0125,720575940624073452,early_large_only,38.94,-3.6960000000000006,22
mode_without_mn9,0.0125,720575940624073452,later_large_only,0.0,0.0,0
mode_without_mn9,0.0125,720575940624073452,other_active,0.0,0.0,0
mode_without_mn9,0.0125,720575940624073452,silent_all,0.0,0.0,0
mode_without_mn9,0.0125,720575940626867530,input,0.0,0.0,0
mode_without_mn9,0.0125,720575940626867530,early_large_only,44.55,-23.496000000000006,48
mode_without_mn9,0.0125,720575940626867530,later_large_only,0.0,0.0,0
mode_without_mn9,0.0125,720575940626867530,other_active,10.56,0.0,4
mode_without_mn9,0.0125,720575940626867530,silent_all,0.0,0.0,0
mode_without_mn9,0.0125,720575940633771033,input,0.0,0.0,0
mode_without_mn9,0.0125,720575940633771033,early_large_only,36.629999999999995,-13.991999999999997,58
mode_without_mn9,0.0125,720575940633771033,later_large_only,0.0,0.0,0
mode_without_mn9,0.0125,720575940633771033,other_active,0.99,0.0,3
mode_without_mn9,0.0125,720575940633771033,silent_all,0.0,0.0,0
mode_without_mn9,0.0125,720575940637982552,input,0.0,0.0,0
mode_without_mn9,0.0125,720575940637982552,early_large_only,34.65,-3.168,22
mode_without_mn9,0.0125,720575940637982552,later_large_only,0.0,0.0,0
mode_without_mn9,0.0125,720575940637982552,other_active,0.0,0.0,0
mode_without_mn9,0.0125,720575940637982552,silent_all,0.0,0.0,0
mode_without_mn9,0.0125,720575940631457347,input,0.0,0.0,0
mode_without_mn9,0.0125,720575940631457347,early_large_only,43.22999999999998,-7.920000000000001,56
mode_without_mn9,0.0125,720575940631457347,later_large_only,0.0,0.0,0
mode_without_mn9,0.0125,720575940631457347,other_active,1.32,0.0,4
mode_without_mn9,0.0125,720575940631457347,silent_all,0.0,0.0,0
mode_without_mn9,0.0125,720575940622201046,input,0.0,0.0,0
mode_without_mn9,0.0125,720575940622201046,early_large_only,30.689999999999994,-0.528,16
mode_without_mn9,0.0125,720575940622201046,later_large_only,0.0,0.0,0
mode_without_mn9,0.0125,720575940622201046,other_active,1.98,-1.5840000000000003,5
mode_without_mn9,0.0125,720575940622201046,silent_all,0.0,0.0,0
mode_without_mn9,0.0125,720575940622518197,input,0.0,0.0,0
mode_without_mn9,0.0125,720575940622518197,early_large_only,45.20999999999997,-14.784000000000002,54
mode_without_mn9,0.0125,720575940622518197,later_large_only,0.0,0.0,0
mode_without_mn9,0.0125,720575940622518197,other_active,0.0,-0.792,3
mode_without_mn9,0.0125,720575940622518197,silent_all,0.0,0.0,0
mode_without_mn9,0.0125,720575940635120491,input,0.0,0.0,0
mode_without_mn9,0.0125,720575940635120491,early_large_only,39.26999999999998,-6.600000000000001,52
mode_without_mn9,0.0125,720575940635120491,later_large_only,0.0,0.0,0
mode_without_mn9,0.0125,720575940635120491,other_active,2.9699999999999998,-0.528,9
mode_without_mn9,0.0125,720575940635120491,silent_all,0.0,0.0,0
mode_without_mn9,0.0125,720575940630294138,input,0.0,0.0,0
mode_without_mn9,0.0125,720575940630294138,early_large_only,112.2,-36.168000000000006,45
mode_without_mn9,0.0125,720575940630294138,later_large_only,0.0,0.0,0
mode_without_mn9,0.0125,720575940630294138,other_active,5.28,-25.608000000000004,19
mode_without_mn9,0.0125,720575940630294138,silent_all,0.0,0.0,0
mode_without_mn9,0.0125,720575940636970096,input,0.0,0.0,0
mode_without_mn9,0.0125,720575940636970096,early_large_only,54.11999999999998,-15.840000000000003,49
mode_without_mn9,0.0125,720575940636970096,later_large_only,0.0,0.0,0
mode_without_mn9,0.0125,720575940636970096,other_active,0.99,-1.848,8
mode_without_mn9,0.0125,720575940636970096,silent_all,0.0,0.0,0
mode_without_mn9,0.0125,720575940622957064,input,0.0,0.0,0
mode_without_mn9,0.0125,720575940622957064,early_large_only,33.660000000000004,-2.112,33
mode_without_mn9,0.0125,720575940622957064,later_large_only,0.0,0.0,0
mode_without_mn9,0.0125,720575940622957064,other_active,0.33,-1.584,4
mode_without_mn9,0.0125,720575940622957064,silent_all,0.0,0.0,0
mode_without_mn9,0.0125,720575940621363421,input,0.0,0.0,0
mode_without_mn9,0.0125,720575940621363421,early_large_only,32.33999999999999,-0.792,36
mode_without_mn9,0.0125,720575940621363421,later_large_only,0.0,0.0,0
mode_without_mn9,0.0125,720575940621363421,other_active,7.26,-2.112,7
mode_without_mn9,0.0125,720575940621363421,silent_all,0.0,0.0,0
mode_without_mn9,0.0125,720575940625786493,input,0.0,0.0,0
mode_without_mn9,0.0125,720575940625786493,early_large_only,66.66,-17.951999999999998,48
mode_without_mn9,0.0125,720575940625786493,later_large_only,0.0,0.0,0
mode_without_mn9,0.0125,720575940625786493,other_active,1.6500000000000001,-0.528,7
mode_without_mn9,0.0125,720575940625786493,silent_all,0.0,0.0,0
mode_without_mn9,0.0125,720575940630738263,input,0.0,0.0,0
mode_without_mn9,0.0125,720575940630738263,early_large_only,37.949999999999974,-7.128000000000001,43
mode_without_mn9,0.0125,720575940630738263,later_large_only,0.0,0.0,0
mode_without_mn9,0.0125,720575940630738263,other_active,3.96,0.0,6
mode_without_mn9,0.0125,720575940630738263,silent_all,0.0,0.0,0
mode_without_mn9,0.0125,720575940612542742,input,0.0,0.0,0
mode_without_mn9,0.0125,720575940612542742,early_large_only,44.87999999999999,-8.184000000000003,47
mode_without_mn9,0.0125,720575940612542742,later_large_only,0.0,0.0,0
mode_without_mn9,0.0125,720575940612542742,other_active,6.6000000000000005,-0.7920000000000001,5
mode_without_mn9,0.0125,720575940612542742,silent_all,0.0,0.0,0
mode_without_mn9,0.0125,720575940617296029,input,0.0,0.0,0
mode_without_mn9,0.0125,720575940617296029,early_large_only,14.52,-0.528,9
mode_without_mn9,0.0125,720575940617296029,later_large_only,0.0,0.0,0
mode_without_mn9,0.0125,720575940617296029,other_active,24.749999999999993,-2.112,15
mode_without_mn9,0.0125,720575940617296029,silent_all,0.0,0.0,0
mode_without_mn9,0.0125,720575940627312104,input,0.0,0.0,0
mode_without_mn9,0.0125,720575940627312104,early_large_only,65.66999999999997,-23.496000000000002,54
mode_without_mn9,0.0125,720575940627312104,later_large_only,0.0,0.0,0
mode_without_mn9,0.0125,720575940627312104,other_active,0.66,0.0,2
mode_without_mn9,0.0125,720575940627312104,silent_all,0.0,0.0,0
mode_without_mn9,0.0125,720575940627673585,input,0.0,0.0,0
mode_without_mn9,0.0125,720575940627673585,early_large_only,79.85999999999997,-15.312000000000001,55
mode_without_mn9,0.0125,720575940627673585,later_large_only,0.0,0.0,0
mode_without_mn9,0.0125,720575940627673585,other_active,1.32,-0.528,4
mode_without_mn9,0.0125,720575940627673585,silent_all,0.0,0.0,0
mode_without_mn9,0.0125,720575940630480581,input,0.0,0.0,0
mode_without_mn9,0.0125,720575940630480581,early_large_only,53.78999999999998,-18.743999999999996,62
mode_without_mn9,0.0125,720575940630480581,later_large_only,0.0,0.0,0
mode_without_mn9,0.0125,720575940630480581,other_active,5.609999999999999,0.0,7
mode_without_mn9,0.0125,720575940630480581,silent_all,0.0,0.0,0
mode_without_mn9,0.0125,720575940621159094,input,0.0,0.0,0
mode_without_mn9,0.0125,720575940621159094,early_large_only,30.029999999999994,-1.584,19
mode_without_mn9,0.0125,720575940621159094,later_large_only,0.0,0.0,0
mode_without_mn9,0.0125,720575940621159094,other_active,1.98,0.0,6
mode_without_mn9,0.0125,720575940621159094,silent_all,0.0,0.0,0
mode_without_mn9,0.0125,720575940626135122,input,0.0,0.0,0
mode_without_mn9,0.0125,720575940626135122,early_large_only,31.679999999999993,-3.168000000000001,37
mode_without_mn9,0.0125,720575940626135122,later_large_only,0.0,0.0,0
mode_without_mn9,0.0125,720575940626135122,other_active,0.66,0.0,2
mode_without_mn9,0.0125,720575940626135122,silent_all,0.0,0.0,0
mode_without_mn9,0.0125,720575940616792577,input,0.0,0.0,0
mode_without_mn9,0.0125,720575940616792577,early_large_only,36.629999999999995,-5.016000000000001,46
mode_without_mn9,0.0125,720575940616792577,later_large_only,0.0,0.0,0
mode_without_mn9,0.0125,720575940616792577,other_active,1.32,0.0,2
mode_without_mn9,0.0125,720575940616792577,silent_all,0.0,0.0,0
mode_without_mn9,0.0125,720575940605419622,input,0.0,0.0,0
mode_without_mn9,0.0125,720575940605419622,early_large_only,81.50999999999998,-29.831999999999997,72
mode_without_mn9,0.0125,720575940605419622,later_large_only,0.0,0.0,0
mode_without_mn9,0.0125,720575940605419622,other_active,3.96,-0.264,5
mode_without_mn9,0.0125,720575940605419622,silent_all,0.0,0.0,0
mode_without_mn9,0.0125,720575940637106032,input,0.0,0.0,0
mode_without_mn9,0.0125,720575940637106032,early_large_only,51.81,0.0,4
mode_without_mn9,0.0125,720575940637106032,later_large_only,0.0,0.0,0
mode_without_mn9,0.0125,720575940637106032,other_active,0.0,-0.528,2
mode_without_mn9,0.0125,720575940637106032,silent_all,0.0,0.0,0
mode_without_mn9,0.0125,720575940632876223,input,0.0,0.0,0
mode_without_mn9,0.0125,720575940632876223,early_large_only,40.92,-3.6960000000000006,28
mode_without_mn9,0.0125,720575940632876223,later_large_only,0.0,0.0,0
mode_without_mn9,0.0125,720575940632876223,other_active,0.66,0.0,2
mode_without_mn9,0.0125,720575940632876223,silent_all,0.0,0.0,0
mode_without_mn9,0.0125,720575940634274458,input,0.0,0.0,0
mode_without_mn9,0.0125,720575940634274458,early_large_only,87.77999999999999,-36.432,56
mode_without_mn9,0.0125,720575940634274458,later_large_only,0.0,0.0,0
mode_without_mn9,0.0125,720575940634274458,other_active,0.0,0.0,0
mode_without_mn9,0.0125,720575940634274458,silent_all,0.0,0.0,0
mode_without_mn9,0.0125,720575940632542253,input,0.0,0.0,0
mode_without_mn9,0.0125,720575940632542253,early_large_only,38.61,-3.960000000000001,13
mode_without_mn9,0.0125,720575940632542253,later_large_only,0.0,0.0,0
mode_without_mn9,0.0125,720575940632542253,other_active,0.0,0.0,0
mode_without_mn9,0.0125,720575940632542253,silent_all,0.0,0.0,0
mode_without_mn9,0.0125,720575940629731579,input,0.0,0.0,0
mode_without_mn9,0.0125,720575940629731579,early_large_only,36.629999999999995,-4.752000000000001,36
mode_without_mn9,0.0125,720575940629731579,later_large_only,0.0,0.0,0
mode_without_mn9,0.0125,720575940629731579,other_active,0.0,0.0,0
mode_without_mn9,0.0125,720575940629731579,silent_all,0.0,0.0,0
mode_without_mn9,0.0125,720575940645264750,input,0.0,0.0,0
mode_without_mn9,0.0125,720575940645264750,early_large_only,43.22999999999998,-11.351999999999999,40
mode_without_mn9,0.0125,720575940645264750,later_large_only,0.0,0.0,0
mode_without_mn9,0.0125,720575940645264750,other_active,2.31,-0.528,6
mode_without_mn9,0.0125,720575940645264750,silent_all,0.0,0.0,0
mode_without_mn9,0.0125,720575940622025548,input,0.0,0.0,0
mode_without_mn9,0.0125,720575940622025548,early_large_only,54.77999999999998,-5.808000000000001,32
mode_without_mn9,0.0125,720575940622025548,later_large_only,0.0,0.0,0
mode_without_mn9,0.0125,720575940622025548,other_active,0.0,0.0,0
mode_without_mn9,0.0125,720575940622025548,silent_all,0.0,0.0,0
mode_without_mn9,0.0125,720575940632305951,input,0.0,0.0,0
mode_without_mn9,0.0125,720575940632305951,early_large_only,42.899999999999984,-7.392,39
mode_without_mn9,0.0125,720575940632305951,later_large_only,0.0,0.0,0
mode_without_mn9,0.0125,720575940632305951,other_active,0.0,0.0,0
mode_without_mn9,0.0125,720575940632305951,silent_all,0.0,0.0,0
mode_without_mn9,0.0125,720575940614412906,input,0.0,0.0,0
mode_without_mn9,0.0125,720575940614412906,early_large_only,62.699999999999946,-16.632,51
mode_without_mn9,0.0125,720575940614412906,later_large_only,0.0,0.0,0
mode_without_mn9,0.0125,720575940614412906,other_active,44.55,-39.86400000000001,21
mode_without_mn9,0.0125,720575940614412906,silent_all,0.0,0.0,0
mode_without_mn9,0.0125,720575940630169660,input,0.0,0.0,0
mode_without_mn9,0.0125,720575940630169660,early_large_only,39.27,-2.904,18
mode_without_mn9,0.0125,720575940630169660,later_large_only,0.0,0.0,0
mode_without_mn9,0.0125,720575940630169660,other_active,7.92,0.0,2
mode_without_mn9,0.0125,720575940630169660,silent_all,0.0,0.0,0
mode_without_mn9,0.0125,720575940636479863,input,0.0,0.0,0
mode_without_mn9,0.0125,720575940636479863,early_large_only,14.190000000000001,0.0,3
mode_without_mn9,0.0125,720575940636479863,later_large_only,0.0,0.0,0
mode_without_mn9,0.0125,720575940636479863,other_active,35.31,-3.6960000000000006,10
mode_without_mn9,0.0125,720575940636479863,silent_all,0.0,0.0,0
mode_without_mn9,0.0125,720575940619409542,input,0.0,0.0,0
mode_without_mn9,0.0125,720575940619409542,early_large_only,45.53999999999997,-5.808000000000001,66
mode_without_mn9,0.0125,720575940619409542,later_large_only,0.0,0.0,0
mode_without_mn9,0.0125,720575940619409542,other_active,0.99,0.0,3
mode_without_mn9,0.0125,720575940619409542,silent_all,0.0,0.0,0
mode_without_mn9,0.0125,720575940611502309,input,0.0,0.0,0
mode_without_mn9,0.0125,720575940611502309,early_large_only,42.239999999999995,-8.448000000000002,40
mode_without_mn9,0.0125,720575940611502309,later_large_only,0.0,0.0,0
mode_without_mn9,0.0125,720575940611502309,other_active,1.98,0.0,3
mode_without_mn9,0.0125,720575940611502309,silent_all,0.0,0.0,0
mode_without_mn9,0.0125,720575940606865330,input,0.0,0.0,0
mode_without_mn9,0.0125,720575940606865330,early_large_only,25.409999999999997,-4.488,11
mode_without_mn9,0.0125,720575940606865330,later_large_only,0.0,0.0,0
mode_without_mn9,0.0125,720575940606865330,other_active,7.92,-0.264,3
mode_without_mn9,0.0125,720575940606865330,silent_all,0.0,0.0,0
mode_without_mn9,0.0125,720575940621866108,input,0.0,0.0,0
mode_without_mn9,0.0125,720575940621866108,early_large_only,38.279999999999994,-8.448,38
mode_without_mn9,0.0125,720575940621866108,later_large_only,0.0,0.0,0
mode_without_mn9,0.0125,720575940621866108,other_active,0.0,0.0,0
mode_without_mn9,0.0125,720575940621866108,silent_all,0.0,0.0,0
mode_without_mn9,0.0125,720575940612213741,input,0.0,0.0,0
mode_without_mn9,0.0125,720575940612213741,early_large_only,44.21999999999999,-5.808000000000002,31
mode_without_mn9,0.0125,720575940612213741,later_large_only,0.0,0.0,0
mode_without_mn9,0.0125,720575940612213741,other_active,21.78,-21.384,22
mode_without_mn9,0.0125,720575940612213741,silent_all,0.0,0.0,0
mode_without_mn9,0.0125,720575940629836343,input,0.0,0.0,0
mode_without_mn9,0.0125,720575940629836343,early_large_only,52.139999999999965,-18.744,64
mode_without_mn9,0.0125,720575940629836343,later_large_only,0.0,0.0,0
mode_without_mn9,0.0125,720575940629836343,other_active,2.9699999999999998,-1.32,6
mode_without_mn9,0.0125,720575940629836343,silent_all,0.0,0.0,0
mode_without_mn9,0.0125,720575940621961242,input,0.0,0.0,0
mode_without_mn9,0.0125,720575940621961242,early_large_only,53.45999999999998,-10.56,70
mode_without_mn9,0.0125,720575940621961242,later_large_only,0.0,0.0,0
mode_without_mn9,0.0125,720575940621961242,other_active,1.32,0.0,4
mode_without_mn9,0.0125,720575940621961242,silent_all,0.0,0.0,0
mode_without_mn9,0.0125,720575940603587500,input,0.0,0.0,0
mode_without_mn9,0.0125,720575940603587500,early_large_only,48.179999999999986,-5.5440000000000005,47
mode_without_mn9,0.0125,720575940603587500,later_large_only,0.0,0.0,0
mode_without_mn9,0.0125,720575940603587500,other_active,0.99,0.0,3
mode_without_mn9,0.0125,720575940603587500,silent_all,0.0,0.0,0
mode_without_mn9,0.0125,720575940618522673,input,0.0,0.0,0
mode_without_mn9,0.0125,720575940618522673,early_large_only,32.33999999999999,-2.112,39
mode_without_mn9,0.0125,720575940618522673,later_large_only,0.0,0.0,0
mode_without_mn9,0.0125,720575940618522673,other_active,5.28,-2.112,8
mode_without_mn9,0.0125,720575940618522673,silent_all,0.0,0.0,0
mode_without_mn9,0.0125,720575940638808448,input,0.0,0.0,0
mode_without_mn9,0.0125,720575940638808448,early_large_only,32.339999999999996,-2.112,34
mode_without_mn9,0.0125,720575940638808448,later_large_only,0.0,0.0,0
mode_without_mn9,0.0125,720575940638808448,other_active,1.98,0.0,3
mode_without_mn9,0.0125,720575940638808448,silent_all,0.0,0.0,0
mode_without_mn9,0.0125,720575940608351324,input,0.0,0.0,0
mode_without_mn9,0.0125,720575940608351324,early_large_only,41.24999999999999,-4.752000000000001,41
mode_without_mn9,0.0125,720575940608351324,later_large_only,0.0,0.0,0
mode_without_mn9,0.0125,720575940608351324,other_active,0.99,0.0,3
mode_without_mn9,0.0125,720575940608351324,silent_all,0.0,0.0,0
mode_without_mn9,0.0125,720575940618626171,input,0.0,0.0,0
mode_without_mn9,0.0125,720575940618626171,early_large_only,33.660000000000004,-3.6959999999999997,29
mode_without_mn9,0.0125,720575940618626171,later_large_only,0.0,0.0,0
mode_without_mn9,0.0125,720575940618626171,other_active,2.64,0.0,5
mode_without_mn9,0.0125,720575940618626171,silent_all,0.0,0.0,0
mode_without_mn9,0.0125,720575940627982332,input,0.0,0.0,0
mode_without_mn9,0.0125,720575940627982332,early_large_only,54.45,-8.184000000000001,23
mode_without_mn9,0.0125,720575940627982332,later_large_only,0.0,0.0,0
mode_without_mn9,0.0125,720575940627982332,other_active,0.0,0.0,0
mode_without_mn9,0.0125,720575940627982332,silent_all,0.0,0.0,0
mode_without_mn9,0.0125,720575940628962938,input,0.0,0.0,0
mode_without_mn9,0.0125,720575940628962938,early_large_only,43.229999999999976,-3.696000000000001,38
mode_without_mn9,0.0125,720575940628962938,later_large_only,0.0,0.0,0
mode_without_mn9,0.0125,720575940628962938,other_active,0.0,0.0,0
mode_without_mn9,0.0125,720575940628962938,silent_all,0.0,0.0,0
mode_without_mn9,0.0125,720575940630882263,input,0.0,0.0,0
mode_without_mn9,0.0125,720575940630882263,early_large_only,47.51999999999997,-9.504000000000001,77
mode_without_mn9,0.0125,720575940630882263,later_large_only,0.0,0.0,0
mode_without_mn9,0.0125,720575940630882263,other_active,0.0,-0.528,2
mode_without_mn9,0.0125,720575940630882263,silent_all,0.0,0.0,0
mode_without_mn9,0.0125,720575940622651869,input,0.0,0.0,0
mode_without_mn9,0.0125,720575940622651869,early_large_only,41.90999999999998,-10.032000000000002,30
mode_without_mn9,0.0125,720575940622651869,later_large_only,0.0,0.0,0
mode_without_mn9,0.0125,720575940622651869,other_active,1.98,-1.056,3
mode_without_mn9,0.0125,720575940622651869,silent_all,0.0,0.0,0
mode_without_mn9,0.0125,720575940622811116,input,0.0,0.0,0
mode_without_mn9,0.0125,720575940622811116,early_large_only,35.64,-6.6,8
mode_without_mn9,0.0125,720575940622811116,later_large_only,0.0,0.0,0
mode_without_mn9,0.0125,720575940622811116,other_active,0.0,0.0,0
mode_without_mn9,0.0125,720575940622811116,silent_all,0.0,0.0,0
mode_without_mn9,0.0125,720575940621968845,input,0.0,0.0,0
mode_without_mn9,0.0125,720575940621968845,early_large_only,63.689999999999976,-20.063999999999997,73
mode_without_mn9,0.0125,720575940621968845,later_large_only,0.0,0.0,0
mode_without_mn9,0.0125,720575940621968845,other_active,0.66,-0.264,3
mode_without_mn9,0.0125,720575940621968845,silent_all,0.0,0.0,0
mode_without_mn9,0.0125,720575940607386802,input,0.0,0.0,0
mode_without_mn9,0.0125,720575940607386802,early_large_only,24.419999999999995,-2.64,20
mode_without_mn9,0.0125,720575940607386802,later_large_only,0.0,0.0,0
mode_without_mn9,0.0125,720575940607386802,other_active,42.900000000000006,-15.576,26
mode_without_mn9,0.0125,720575940607386802,silent_all,0.0,0.0,0
mode_without_mn9,0.0125,720575940622351128,input,0.0,0.0,0
mode_without_mn9,0.0125,720575940622351128,early_large_only,56.1,-1.8480000000000003,9
mode_without_mn9,0.0125,720575940622351128,later_large_only,0.0,0.0,0
mode_without_mn9,0.0125,720575940622351128,other_active,0.0,-10.296000000000001,4
mode_without_mn9,0.0125,720575940622351128,silent_all,0.0,0.0,0
mode_without_mn9,0.0125,720575940629056411,input,0.0,0.0,0
mode_without_mn9,0.0125,720575940629056411,early_large_only,4.62,-1.848,13
mode_without_mn9,0.0125,720575940629056411,later_large_only,0.0,0.0,0
mode_without_mn9,0.0125,720575940629056411,other_active,33.33,0.0,5
mode_without_mn9,0.0125,720575940629056411,silent_all,0.0,0.0,0
mode_without_mn9,0.0125,720575940623528595,input,0.0,0.0,0
mode_without_mn9,0.0125,720575940623528595,early_large_only,36.63,-5.280000000000001,20
mode_without_mn9,0.0125,720575940623528595,later_large_only,0.0,0.0,0
mode_without_mn9,0.0125,720575940623528595,other_active,0.99,0.0,3
mode_without_mn9,0.0125,720575940623528595,silent_all,0.0,0.0,0
mode_without_mn9,0.0125,720575940631983277,input,0.0,0.0,0
mode_without_mn9,0.0125,720575940631983277,early_large_only,37.290000000000006,-10.56,7
mode_without_mn9,0.0125,720575940631983277,later_large_only,0.0,0.0,0
mode_without_mn9,0.0125,720575940631983277,other_active,0.0,0.0,0
mode_without_mn9,0.0125,720575940631983277,silent_all,0.0,0.0,0
mode_without_mn9,0.0125,720575940619875060,input,0.0,0.0,0
mode_without_mn9,0.0125,720575940619875060,early_large_only,62.69999999999998,-16.632,47
mode_without_mn9,0.0125,720575940619875060,later_large_only,0.0,0.0,0
mode_without_mn9,0.0125,720575940619875060,other_active,0.0,0.0,0
mode_without_mn9,0.0125,720575940619875060,silent_all,0.0,0.0,0
mode_without_mn9,0.0125,720575940629952300,input,0.0,0.0,0
mode_without_mn9,0.0125,720575940629952300,early_large_only,59.730000000000004,-20.064000000000004,19
mode_without_mn9,0.0125,720575940629952300,later_large_only,0.0,0.0,0
mode_without_mn9,0.0125,720575940629952300,other_active,0.0,0.0,0
mode_without_mn9,0.0125,720575940629952300,silent_all,0.0,0.0,0
mode_without_mn9,0.0125,720575940620828165,input,0.0,0.0,0
mode_without_mn9,0.0125,720575940620828165,early_large_only,38.61,-4.752000000000001,32
mode_without_mn9,0.0125,720575940620828165,later_large_only,0.0,0.0,0
mode_without_mn9,0.0125,720575940620828165,other_active,0.0,0.0,0
mode_without_mn9,0.0125,720575940620828165,silent_all,0.0,0.0,0
mode_without_mn9,0.0125,720575940634160735,input,0.0,0.0,0
mode_without_mn9,0.0125,720575940634160735,early_large_only,52.139999999999986,-2.64,30
mode_without_mn9,0.0125,720575940634160735,later_large_only,0.0,0.0,0
mode_without_mn9,0.0125,720575940634160735,other_active,0.0,0.0,0
mode_without_mn9,0.0125,720575940634160735,silent_all,0.0,0.0,0
mode_without_mn9,0.0125,720575940614461014,input,0.0,0.0,0
mode_without_mn9,0.0125,720575940614461014,early_large_only,180.18,-14.52,25
mode_without_mn9,0.0125,720575940614461014,later_large_only,0.0,0.0,0
mode_without_mn9,0.0125,720575940614461014,other_active,10.89,-76.56,13
mode_without_mn9,0.0125,720575940614461014,silent_all,0.0,0.0,0
mode_without_mn9,0.0125,720575940635723662,input,0.0,0.0,0
mode_without_mn9,0.0125,720575940635723662,early_large_only,56.429999999999986,-10.032000000000002,37
mode_without_mn9,0.0125,720575940635723662,later_large_only,0.0,0.0,0
mode_without_mn9,0.0125,720575940635723662,other_active,0.0,0.0,0
mode_without_mn9,0.0125,720575940635723662,silent_all,0.0,0.0,0
mode_without_mn9,0.0125,720575940617443648,input,0.0,0.0,0
mode_without_mn9,0.0125,720575940617443648,early_large_only,47.519999999999996,-6.864000000000001,28
mode_without_mn9,0.0125,720575940617443648,later_large_only,0.0,0.0,0
mode_without_mn9,0.0125,720575940617443648,other_active,0.0,-0.792,3
mode_without_mn9,0.0125,720575940617443648,silent_all,0.0,0.0,0
mode_without_mn9,0.0125,720575940625050256,input,0.0,0.0,0
mode_without_mn9,0.0125,720575940625050256,early_large_only,60.720000000000006,-9.240000000000002,23
mode_without_mn9,0.0125,720575940625050256,later_large_only,0.0,0.0,0
mode_without_mn9,0.0125,720575940625050256,other_active,1.32,-0.528,4
mode_without_mn9,0.0125,720575940625050256,silent_all,0.0,0.0,0
mode_without_mn9,0.0125,720575940660217985,input,0.0,0.0,0
mode_without_mn9,0.0125,720575940660217985,early_large_only,137.28000000000003,-49.36800000000001,6
mode_without_mn9,0.0125,720575940660217985,later_large_only,0.0,0.0,0
mode_without_mn9,0.0125,720575940660217985,other_active,0.0,0.0,0
mode_without_mn9,0.0125,720575940660217985,silent_all,0.0,0.0,0
mode_without_mn9,0.0125,720575940618715550,input,0.0,0.0,0
mode_without_mn9,0.0125,720575940618715550,early_large_only,77.54999999999991,-41.184,75
mode_without_mn9,0.0125,720575940618715550,later_large_only,0.0,0.0,0
mode_without_mn9,0.0125,720575940618715550,other_active,3.96,0.0,2
mode_without_mn9,0.0125,720575940618715550,silent_all,0.0,0.0,0
mode_without_mn9,0.0125,720575940620904869,input,0.0,0.0,0
mode_without_mn9,0.0125,720575940620904869,early_large_only,124.41,-46.464000000000006,8
mode_without_mn9,0.0125,720575940620904869,later_large_only,0.0,0.0,0
mode_without_mn9,0.0125,720575940620904869,other_active,1.98,-2.112,4
mode_without_mn9,0.0125,720575940620904869,silent_all,0.0,0.0,0
mode_without_mn9,0.0125,720575940622566026,input,0.0,0.0,0
mode_without_mn9,0.0125,720575940622566026,early_large_only,60.71999999999997,-29.832,54
mode_without_mn9,0.0125,720575940622566026,later_large_only,0.0,0.0,0
mode_without_mn9,0.0125,720575940622566026,other_active,0.0,0.0,0
mode_without_mn9,0.0125,720575940622566026,silent_all,0.0,0.0,0
mode_without_mn9,0.0125,720575940635249332,input,0.0,0.0,0
mode_without_mn9,0.0125,720575940635249332,early_large_only,106.25999999999999,-38.544000000000004,9
mode_without_mn9,0.0125,720575940635249332,later_large_only,0.0,0.0,0
mode_without_mn9,0.0125,720575940635249332,other_active,0.0,0.0,0
mode_without_mn9,0.0125,720575940635249332,silent_all,0.0,0.0,0
mode_without_mn9,0.0125,720575940636143608,input,0.0,0.0,0
mode_without_mn9,0.0125,720575940636143608,early_large_only,114.84,-43.824000000000005,3
mode_without_mn9,0.0125,720575940636143608,later_large_only,0.0,0.0,0
mode_without_mn9,0.0125,720575940636143608,other_active,0.0,0.0,0
mode_without_mn9,0.0125,720575940636143608,silent_all,0.0,0.0,0
mode_without_mn9,0.0125,720575940618320674,input,0.0,0.0,0
mode_without_mn9,0.0125,720575940618320674,early_large_only,47.51999999999999,-6.6000000000000005,31
mode_without_mn9,0.0125,720575940618320674,later_large_only,0.0,0.0,0
mode_without_mn9,0.0125,720575940618320674,other_active,10.23,-11.880000000000004,26
mode_without_mn9,0.0125,720575940618320674,silent_all,0.0,0.0,0
mode_without_mn9,0.0125,720575940618954038,input,0.0,0.0,0
mode_without_mn9,0.0125,720575940618954038,early_large_only,97.35000000000001,-34.848000000000006,4
mode_without_mn9,0.0125,720575940618954038,later_large_only,0.0,0.0,0
mode_without_mn9,0.0125,720575940618954038,other_active,0.0,0.0,0
mode_without_mn9,0.0125,720575940618954038,silent_all,0.0,0.0,0
mode_without_mn9,0.0125,720575940624738121,input,0.0,0.0,0
mode_without_mn9,0.0125,720575940624738121,early_large_only,94.71000000000001,-33.528000000000006,4
mode_without_mn9,0.0125,720575940624738121,later_large_only,0.0,0.0,0
mode_without_mn9,0.0125,720575940624738121,other_active,0.0,0.0,0
mode_without_mn9,0.0125,720575940624738121,silent_all,0.0,0.0,0
mode_without_mn9,0.0125,720575940613894311,input,0.0,0.0,0
mode_without_mn9,0.0125,720575940613894311,early_large_only,37.29,-2.904000000000001,9
mode_without_mn9,0.0125,720575940613894311,later_large_only,0.0,0.0,0
mode_without_mn9,0.0125,720575940613894311,other_active,0.0,0.0,0
mode_without_mn9,0.0125,720575940613894311,silent_all,0.0,0.0,0
mode_without_mn9,0.0125,720575940626115134,input,0.0,0.0,0
mode_without_mn9,0.0125,720575940626115134,early_large_only,112.2,-43.824000000000005,6
mode_without_mn9,0.0125,720575940626115134,later_large_only,0.0,0.0,0
mode_without_mn9,0.0125,720575940626115134,other_active,0.0,0.0,0
mode_without_mn9,0.0125,720575940626115134,silent_all,0.0,0.0,0
mode_without_mn9,0.0125,720575940640955637,input,0.0,0.0,0
mode_without_mn9,0.0125,720575940640955637,early_large_only,114.84,-46.992000000000004,6
mode_without_mn9,0.0125,720575940640955637,later_large_only,0.0,0.0,0
mode_without_mn9,0.0125,720575940640955637,other_active,0.0,0.0,0
mode_without_mn9,0.0125,720575940640955637,silent_all,0.0,0.0,0
mode_without_mn9,0.0125,720575940612461461,input,0.0,0.0,0
mode_without_mn9,0.0125,720575940612461461,early_large_only,109.56000000000002,-43.824000000000005,3
mode_without_mn9,0.0125,720575940612461461,later_large_only,0.0,0.0,0
mode_without_mn9,0.0125,720575940612461461,other_active,0.0,0.0,0
mode_without_mn9,0.0125,720575940612461461,silent_all,0.0,0.0,0
mode_without_mn9,0.0125,720575940636241550,input,0.0,0.0,0
mode_without_mn9,0.0125,720575940636241550,early_large_only,73.26,-22.44,3
mode_without_mn9,0.0125,720575940636241550,later_large_only,0.0,0.0,0
mode_without_mn9,0.0125,720575940636241550,other_active,0.0,0.0,0
mode_without_mn9,0.0125,720575940636241550,silent_all,0.0,0.0,0
mode_without_mn9,0.0125,720575940612855318,input,0.0,0.0,0
mode_without_mn9,0.0125,720575940612855318,early_large_only,106.26,-44.088,3
mode_without_mn9,0.0125,720575940612855318,later_large_only,0.0,0.0,0
mode_without_mn9,0.0125,720575940612855318,other_active,0.0,0.0,0
mode_without_mn9,0.0125,720575940612855318,silent_all,0.0,0.0,0
mode_without_mn9,0.0125,720575940614944977,input,0.0,0.0,0
mode_without_mn9,0.0125,720575940614944977,early_large_only,95.04,-37.224000000000004,3
mode_without_mn9,0.0125,720575940614944977,later_large_only,0.0,0.0,0
mode_without_mn9,0.0125,720575940614944977,other_active,0.0,0.0,0
mode_without_mn9,0.0125,720575940614944977,silent_all,0.0,0.0,0
mode_without_mn9,0.0125,720575940632812575,input,0.0,0.0,0
mode_without_mn9,0.0125,720575940632812575,early_large_only,92.39999999999999,-50.688,10
mode_without_mn9,0.0125,720575940632812575,later_large_only,0.0,0.0,0
mode_without_mn9,0.0125,720575940632812575,other_active,0.0,0.0,0
mode_without_mn9,0.0125,720575940632812575,silent_all,0.0,0.0,0
mode_without_mn9,0.0125,720575940621781492,input,0.0,0.0,0
mode_without_mn9,0.0125,720575940621781492,early_large_only,43.89,0.0,6
mode_without_mn9,0.0125,720575940621781492,later_large_only,0.0,0.0,0
mode_without_mn9,0.0125,720575940621781492,other_active,0.0,-3.4320000000000004,4
mode_without_mn9,0.0125,720575940621781492,silent_all,0.0,0.0,0
mode_without_mn9,0.0125,720575940623955637,input,0.0,0.0,0
mode_without_mn9,0.0125,720575940623955637,early_large_only,121.77,-58.08000000000001,7
mode_without_mn9,0.0125,720575940623955637,later_large_only,0.0,0.0,0
mode_without_mn9,0.0125,720575940623955637,other_active,0.0,0.0,0
mode_without_mn9,0.0125,720575940623955637,silent_all,0.0,0.0,0
mode_without_mn9,0.0125,720575940617952034,input,0.0,0.0,0
mode_without_mn9,0.0125,720575940617952034,early_large_only,33.66,-0.528,15
mode_without_mn9,0.0125,720575940617952034,later_large_only,0.0,0.0,0
mode_without_mn9,0.0125,720575940617952034,other_active,0.0,-1.056,2
mode_without_mn9,0.0125,720575940617952034,silent_all,0.0,0.0,0
mode_without_mn9,0.0125,720575940623942280,input,0.0,0.0,0
mode_without_mn9,0.0125,720575940623942280,early_large_only,79.2,-30.360000000000003,4
mode_without_mn9,0.0125,720575940623942280,later_large_only,0.0,0.0,0
mode_without_mn9,0.0125,720575940623942280,other_active,0.0,0.0,0
mode_without_mn9,0.0125,720575940623942280,silent_all,0.0,0.0,0
mode_without_mn9,0.0125,720575940644362788,input,0.0,0.0,0
mode_without_mn9,0.0125,720575940644362788,early_large_only,73.92,-27.720000000000006,4
mode_without_mn9,0.0125,720575940644362788,later_large_only,0.0,0.0,0
mode_without_mn9,0.0125,720575940644362788,other_active,0.0,0.0,0
mode_without_mn9,0.0125,720575940644362788,silent_all,0.0,0.0,0
mode_without_mn9,0.0125,720575940628577897,input,0.0,0.0,0
mode_without_mn9,0.0125,720575940628577897,early_large_only,80.52,-19.8,9
mode_without_mn9,0.0125,720575940628577897,later_large_only,0.0,0.0,0
mode_without_mn9,0.0125,720575940628577897,other_active,0.66,-2.9040000000000004,4
mode_without_mn9,0.0125,720575940628577897,silent_all,0.0,0.0,0
mode_without_mn9,0.0125,720575940622755978,input,0.0,0.0,0
mode_without_mn9,0.0125,720575940622755978,early_large_only,35.97,-1.584,10
mode_without_mn9,0.0125,720575940622755978,later_large_only,0.0,0.0,0
mode_without_mn9,0.0125,720575940622755978,other_active,0.0,0.0,0
mode_without_mn9,0.0125,720575940622755978,silent_all,0.0,0.0,0
baseline,0.00625,720575940627371834,input,0.0,0.0,0
baseline,0.00625,720575940627371834,early_large_only,0.0,0.0,0
baseline,0.00625,720575940627371834,later_large_only,0.0,0.0,0
baseline,0.00625,720575940627371834,other_active,21.45,-11.351999999999999,39
baseline,0.00625,720575940627371834,silent_all,0.0,0.0,0
baseline,0.00625,720575940610056772,input,0.0,0.0,0
baseline,0.00625,720575940610056772,early_large_only,0.0,0.0,0
baseline,0.00625,720575940610056772,later_large_only,0.0,0.0,0
baseline,0.00625,720575940610056772,other_active,5.94,-6.8640000000000025,13
baseline,0.00625,720575940610056772,silent_all,0.0,0.0,0
baseline,0.00625,720575940619876884,input,0.0,0.0,0
baseline,0.00625,720575940619876884,early_large_only,0.0,0.0,0
baseline,0.00625,720575940619876884,later_large_only,0.0,0.0,0
baseline,0.00625,720575940619876884,other_active,29.040000000000003,-13.728000000000002,3
baseline,0.00625,720575940619876884,silent_all,0.0,0.0,0
baseline,0.00625,720575940645866292,input,0.0,0.0,0
baseline,0.00625,720575940645866292,early_large_only,0.0,0.0,0
baseline,0.00625,720575940645866292,later_large_only,0.0,0.0,0
baseline,0.00625,720575940645866292,other_active,11.88,-18.479999999999997,10
baseline,0.00625,720575940645866292,silent_all,0.0,0.0,0
baseline,0.00625,720575940624525043,input,0.0,0.0,0
baseline,0.00625,720575940624525043,early_large_only,0.0,0.0,0
baseline,0.00625,720575940624525043,later_large_only,0.0,0.0,0
baseline,0.00625,720575940624525043,other_active,6.6,0.0,1
baseline,0.00625,720575940624525043,silent_all,0.0,0.0,0
baseline,0.00625,720575940611561139,input,0.0,0.0,0
baseline,0.00625,720575940611561139,early_large_only,0.0,0.0,0
baseline,0.00625,720575940611561139,later_large_only,0.0,0.0,0
baseline,0.00625,720575940611561139,other_active,2.64,-1.056,9
baseline,0.00625,720575940611561139,silent_all,0.0,0.0,0
baseline,0.00625,720575940627699712,input,0.0,0.0,0
baseline,0.00625,720575940627699712,early_large_only,0.0,0.0,0
baseline,0.00625,720575940627699712,later_large_only,0.0,0.0,0
baseline,0.00625,720575940627699712,other_active,0.0,0.0,0
baseline,0.00625,720575940627699712,silent_all,0.0,0.0,0
baseline,0.00625,720575940636963806,input,0.0,0.0,0
baseline,0.00625,720575940636963806,early_large_only,0.0,0.0,0
baseline,0.00625,720575940636963806,later_large_only,0.0,0.0,0
baseline,0.00625,720575940636963806,other_active,0.0,-4.752000000000001,1
baseline,0.00625,720575940636963806,silent_all,0.0,0.0,0
baseline,0.00625,720575940611523733,input,0.0,0.0,0
baseline,0.00625,720575940611523733,early_large_only,0.0,0.0,0
baseline,0.00625,720575940611523733,later_large_only,0.0,0.0,0
baseline,0.00625,720575940611523733,other_active,0.0,0.0,0
baseline,0.00625,720575940611523733,silent_all,0.0,0.0,0
baseline,0.00625,720575940611439473,input,0.0,0.0,0
baseline,0.00625,720575940611439473,early_large_only,0.0,0.0,0
baseline,0.00625,720575940611439473,later_large_only,0.0,0.0,0
baseline,0.00625,720575940611439473,other_active,0.0,-0.264,1
baseline,0.00625,720575940611439473,silent_all,0.0,0.0,0
baseline,0.00625,720575940613441320,input,0.0,0.0,0
baseline,0.00625,720575940613441320,early_large_only,0.0,0.0,0
baseline,0.00625,720575940613441320,later_large_only,0.0,0.0,0
baseline,0.00625,720575940613441320,other_active,0.0,0.0,0
baseline,0.00625,720575940613441320,silent_all,0.0,0.0,0
baseline,0.00625,720575940638633806,input,0.0,0.0,0
baseline,0.00625,720575940638633806,early_large_only,0.0,0.0,0
baseline,0.00625,720575940638633806,later_large_only,0.0,0.0,0
baseline,0.00625,720575940638633806,other_active,0.0,0.0,0
baseline,0.00625,720575940638633806,silent_all,0.0,0.0,0
baseline,0.00625,720575940618588736,input,0.0,0.0,0
baseline,0.00625,720575940618588736,early_large_only,0.0,0.0,0
baseline,0.00625,720575940618588736,later_large_only,0.0,0.0,0
baseline,0.00625,720575940618588736,other_active,0.33,0.0,1
baseline,0.00625,720575940618588736,silent_all,0.0,0.0,0
baseline,0.00625,720575940635540671,input,0.0,0.0,0
baseline,0.00625,720575940635540671,early_large_only,0.0,0.0,0
baseline,0.00625,720575940635540671,later_large_only,0.0,0.0,0
baseline,0.00625,720575940635540671,other_active,0.0,-0.264,1
baseline,0.00625,720575940635540671,silent_all,0.0,0.0,0
baseline,0.00625,720575940619252952,input,0.0,0.0,0
baseline,0.00625,720575940619252952,early_large_only,0.0,0.0,0
baseline,0.00625,720575940619252952,later_large_only,0.0,0.0,0
baseline,0.00625,720575940619252952,other_active,0.0,0.0,0
baseline,0.00625,720575940619252952,silent_all,0.0,0.0,0
baseline,0.00625,720575940639935616,input,0.0,0.0,0
baseline,0.00625,720575940639935616,early_large_only,0.0,0.0,0
baseline,0.00625,720575940639935616,later_large_only,0.0,0.0,0
baseline,0.00625,720575940639935616,other_active,0.0,0.0,0
baseline,0.00625,720575940639935616,silent_all,0.0,0.0,0
baseline,0.00625,720575940629910636,input,0.0,0.0,0
baseline,0.00625,720575940629910636,early_large_only,0.0,0.0,0
baseline,0.00625,720575940629910636,later_large_only,0.0,0.0,0
baseline,0.00625,720575940629910636,other_active,0.0,0.0,0
baseline,0.00625,720575940629910636,silent_all,0.0,0.0,0
baseline,0.00625,720575940623387786,input,0.0,0.0,0
baseline,0.00625,720575940623387786,early_large_only,0.0,0.0,0
baseline,0.00625,720575940623387786,later_large_only,0.0,0.0,0
baseline,0.00625,720575940623387786,other_active,0.0,-0.264,1
baseline,0.00625,720575940623387786,silent_all,0.0,0.0,0
baseline,0.00625,720575940639283278,input,0.0,0.0,0
baseline,0.00625,720575940639283278,early_large_only,0.0,0.0,0
baseline,0.00625,720575940639283278,later_large_only,0.0,0.0,0
baseline,0.00625,720575940639283278,other_active,0.33,0.0,1
baseline,0.00625,720575940639283278,silent_all,0.0,0.0,0
baseline,0.00625,720575940628455942,input,0.0,0.0,0
baseline,0.00625,720575940628455942,early_large_only,0.0,0.0,0
baseline,0.00625,720575940628455942,later_large_only,0.0,0.0,0
baseline,0.00625,720575940628455942,other_active,0.0,-19.008000000000003,2
baseline,0.00625,720575940628455942,silent_all,0.0,0.0,0
baseline,0.00625,720575940634928023,input,0.0,0.0,0
baseline,0.00625,720575940634928023,early_large_only,0.0,0.0,0
baseline,0.00625,720575940634928023,later_large_only,0.0,0.0,0
baseline,0.00625,720575940634928023,other_active,0.33,0.0,1
baseline,0.00625,720575940634928023,silent_all,0.0,0.0,0
baseline,0.00625,720575940626056510,input,0.0,0.0,0
baseline,0.00625,720575940626056510,early_large_only,0.0,0.0,0
baseline,0.00625,720575940626056510,later_large_only,0.0,0.0,0
baseline,0.00625,720575940626056510,other_active,0.0,0.0,0
baseline,0.00625,720575940626056510,silent_all,0.0,0.0,0
baseline,0.00625,720575940638695331,input,0.0,0.0,0
baseline,0.00625,720575940638695331,early_large_only,0.0,0.0,0
baseline,0.00625,720575940638695331,later_large_only,0.0,0.0,0
baseline,0.00625,720575940638695331,other_active,0.0,0.0,0
baseline,0.00625,720575940638695331,silent_all,0.0,0.0,0
baseline,0.00625,720575940616651193,input,0.0,0.0,0
baseline,0.00625,720575940616651193,early_large_only,0.0,0.0,0
baseline,0.00625,720575940616651193,later_large_only,0.0,0.0,0
baseline,0.00625,720575940616651193,other_active,0.0,0.0,0
baseline,0.00625,720575940616651193,silent_all,0.0,0.0,0
baseline,0.00625,720575940620011435,input,0.0,0.0,0
baseline,0.00625,720575940620011435,early_large_only,0.0,0.0,0
baseline,0.00625,720575940620011435,later_large_only,0.0,0.0,0
baseline,0.00625,720575940620011435,other_active,0.0,0.0,0
baseline,0.00625,720575940620011435,silent_all,0.0,0.0,0
baseline,0.00625,720575940619245016,input,0.0,0.0,0
baseline,0.00625,720575940619245016,early_large_only,0.0,0.0,0
baseline,0.00625,720575940619245016,later_large_only,0.0,0.0,0
baseline,0.00625,720575940619245016,other_active,0.0,0.0,0
baseline,0.00625,720575940619245016,silent_all,0.0,0.0,0
baseline,0.00625,720575940631097462,input,0.0,0.0,0
baseline,0.00625,720575940631097462,early_large_only,0.0,0.0,0
baseline,0.00625,720575940631097462,later_large_only,0.0,0.0,0
baseline,0.00625,720575940631097462,other_active,0.0,0.0,0
baseline,0.00625,720575940631097462,silent_all,0.0,0.0,0
baseline,0.00625,720575940621589887,input,0.0,0.0,0
baseline,0.00625,720575940621589887,early_large_only,0.0,0.0,0
baseline,0.00625,720575940621589887,later_large_only,0.0,0.0,0
baseline,0.00625,720575940621589887,other_active,0.0,0.0,0
baseline,0.00625,720575940621589887,silent_all,0.0,0.0,0
baseline,0.00625,720575940615166111,input,0.0,0.0,0
baseline,0.00625,720575940615166111,early_large_only,0.0,0.0,0
baseline,0.00625,720575940615166111,later_large_only,0.0,0.0,0
baseline,0.00625,720575940615166111,other_active,0.0,0.0,0
baseline,0.00625,720575940615166111,silent_all,0.0,0.0,0
baseline,0.00625,720575940631058280,input,0.0,0.0,0
baseline,0.00625,720575940631058280,early_large_only,0.0,0.0,0
baseline,0.00625,720575940631058280,later_large_only,0.0,0.0,0
baseline,0.00625,720575940631058280,other_active,0.0,0.0,0
baseline,0.00625,720575940631058280,silent_all,0.0,0.0,0
baseline,0.00625,720575940624742158,input,0.0,0.0,0
baseline,0.00625,720575940624742158,early_large_only,0.0,0.0,0
baseline,0.00625,720575940624742158,later_large_only,0.0,0.0,0
baseline,0.00625,720575940624742158,other_active,0.0,0.0,0
baseline,0.00625,720575940624742158,silent_all,0.0,0.0,0
baseline,0.00625,720575940623067389,input,0.0,0.0,0
baseline,0.00625,720575940623067389,early_large_only,0.0,0.0,0
baseline,0.00625,720575940623067389,later_large_only,0.0,0.0,0
baseline,0.00625,720575940623067389,other_active,0.0,0.0,0
baseline,0.00625,720575940623067389,silent_all,0.0,0.0,0
baseline,0.00625,720575940639373683,input,0.0,0.0,0
baseline,0.00625,720575940639373683,early_large_only,0.0,0.0,0
baseline,0.00625,720575940639373683,later_large_only,0.0,0.0,0
baseline,0.00625,720575940639373683,other_active,0.0,0.0,0
baseline,0.00625,720575940639373683,silent_all,0.0,0.0,0
baseline,0.00625,720575940627706645,input,0.0,0.0,0
baseline,0.00625,720575940627706645,early_large_only,0.0,0.0,0
baseline,0.00625,720575940627706645,later_large_only,0.0,0.0,0
baseline,0.00625,720575940627706645,other_active,0.0,0.0,0
baseline,0.00625,720575940627706645,silent_all,0.0,0.0,0
baseline,0.00625,720575940612922226,input,0.0,0.0,0
baseline,0.00625,720575940612922226,early_large_only,0.0,0.0,0
baseline,0.00625,720575940612922226,later_large_only,0.0,0.0,0
baseline,0.00625,720575940612922226,other_active,0.0,0.0,0
baseline,0.00625,720575940612922226,silent_all,0.0,0.0,0
baseline,0.00625,720575940643476128,input,0.0,0.0,0
baseline,0.00625,720575940643476128,early_large_only,0.0,0.0,0
baseline,0.00625,720575940643476128,later_large_only,0.0,0.0,0
baseline,0.00625,720575940643476128,other_active,0.0,0.0,0
baseline,0.00625,720575940643476128,silent_all,0.0,0.0,0
baseline,0.00625,720575940615953202,input,0.0,0.0,0
baseline,0.00625,720575940615953202,early_large_only,0.0,0.0,0
baseline,0.00625,720575940615953202,later_large_only,0.0,0.0,0
baseline,0.00625,720575940615953202,other_active,0.0,0.0,0
baseline,0.00625,720575940615953202,silent_all,0.0,0.0,0
baseline,0.00625,720575940619754699,input,0.0,0.0,0
baseline,0.00625,720575940619754699,early_large_only,0.0,0.0,0
baseline,0.00625,720575940619754699,later_large_only,0.0,0.0,0
baseline,0.00625,720575940619754699,other_active,0.0,0.0,0
baseline,0.00625,720575940619754699,silent_all,0.0,0.0,0
baseline,0.00625,720575940626010042,input,0.0,0.0,0
baseline,0.00625,720575940626010042,early_large_only,0.0,0.0,0
baseline,0.00625,720575940626010042,later_large_only,0.0,0.0,0
baseline,0.00625,720575940626010042,other_active,0.0,0.0,0
baseline,0.00625,720575940626010042,silent_all,0.0,0.0,0
baseline,0.00625,720575940630539535,input,0.0,0.0,0
baseline,0.00625,720575940630539535,early_large_only,0.0,0.0,0
baseline,0.00625,720575940630539535,later_large_only,0.0,0.0,0
baseline,0.00625,720575940630539535,other_active,0.0,0.0,0
baseline,0.00625,720575940630539535,silent_all,0.0,0.0,0
baseline,0.00625,720575940623067686,input,0.0,0.0,0
baseline,0.00625,720575940623067686,early_large_only,0.0,0.0,0
baseline,0.00625,720575940623067686,later_large_only,0.0,0.0,0
baseline,0.00625,720575940623067686,other_active,0.33,0.0,1
baseline,0.00625,720575940623067686,silent_all,0.0,0.0,0
baseline,0.00625,720575940645864739,input,0.0,0.0,0
baseline,0.00625,720575940645864739,early_large_only,0.0,0.0,0
baseline,0.00625,720575940645864739,later_large_only,0.0,0.0,0
baseline,0.00625,720575940645864739,other_active,0.0,0.0,0
baseline,0.00625,720575940645864739,silent_all,0.0,0.0,0
baseline,0.00625,720575940633156377,input,0.0,0.0,0
baseline,0.00625,720575940633156377,early_large_only,0.0,0.0,0
baseline,0.00625,720575940633156377,later_large_only,0.0,0.0,0
baseline,0.00625,720575940633156377,other_active,0.0,0.0,0
baseline,0.00625,720575940633156377,silent_all,0.0,0.0,0
baseline,0.00625,720575940624426940,input,0.0,0.0,0
baseline,0.00625,720575940624426940,early_large_only,0.0,0.0,0
baseline,0.00625,720575940624426940,later_large_only,0.0,0.0,0
baseline,0.00625,720575940624426940,other_active,0.0,0.0,0
baseline,0.00625,720575940624426940,silent_all,0.0,0.0,0
baseline,0.00625,720575940625203277,input,0.0,0.0,0
baseline,0.00625,720575940625203277,early_large_only,0.0,0.0,0
baseline,0.00625,720575940625203277,later_large_only,0.0,0.0,0
baseline,0.00625,720575940625203277,other_active,1.32,0.0,1
baseline,0.00625,720575940625203277,silent_all,0.0,0.0,0
baseline,0.00625,720575940624681520,input,0.0,0.0,0
baseline,0.00625,720575940624681520,early_large_only,0.0,0.0,0
baseline,0.00625,720575940624681520,later_large_only,0.0,0.0,0
baseline,0.00625,720575940624681520,other_active,0.0,0.0,0
baseline,0.00625,720575940624681520,silent_all,0.0,0.0,0
baseline,0.00625,720575940630968680,input,0.0,0.0,0
baseline,0.00625,720575940630968680,early_large_only,0.0,0.0,0
baseline,0.00625,720575940630968680,later_large_only,0.0,0.0,0
baseline,0.00625,720575940630968680,other_active,0.0,0.0,0
baseline,0.00625,720575940630968680,silent_all,0.0,0.0,0
baseline,0.00625,720575940630939855,input,0.0,0.0,0
baseline,0.00625,720575940630939855,early_large_only,0.0,0.0,0
baseline,0.00625,720575940630939855,later_large_only,0.0,0.0,0
baseline,0.00625,720575940630939855,other_active,0.0,0.0,0
baseline,0.00625,720575940630939855,silent_all,0.0,0.0,0
baseline,0.00625,720575940627692565,input,0.0,0.0,0
baseline,0.00625,720575940627692565,early_large_only,0.0,0.0,0
baseline,0.00625,720575940627692565,later_large_only,0.0,0.0,0
baseline,0.00625,720575940627692565,other_active,0.0,0.0,0
baseline,0.00625,720575940627692565,silent_all,0.0,0.0,0
baseline,0.00625,720575940630020345,input,0.0,0.0,0
baseline,0.00625,720575940630020345,early_large_only,0.0,0.0,0
baseline,0.00625,720575940630020345,later_large_only,0.0,0.0,0
baseline,0.00625,720575940630020345,other_active,0.33,0.0,1
baseline,0.00625,720575940630020345,silent_all,0.0,0.0,0
baseline,0.00625,720575940620321670,input,0.0,0.0,0
baseline,0.00625,720575940620321670,early_large_only,0.0,0.0,0
baseline,0.00625,720575940620321670,later_large_only,0.0,0.0,0
baseline,0.00625,720575940620321670,other_active,0.0,0.0,0
baseline,0.00625,720575940620321670,silent_all,0.0,0.0,0
baseline,0.00625,720575940618263365,input,0.0,0.0,0
baseline,0.00625,720575940618263365,early_large_only,0.0,0.0,0
baseline,0.00625,720575940618263365,later_large_only,0.0,0.0,0
baseline,0.00625,720575940618263365,other_active,0.0,0.0,0
baseline,0.00625,720575940618263365,silent_all,0.0,0.0,0
baseline,0.00625,720575940622446085,input,0.0,0.0,0
baseline,0.00625,720575940622446085,early_large_only,0.0,0.0,0
baseline,0.00625,720575940622446085,later_large_only,0.0,0.0,0
baseline,0.00625,720575940622446085,other_active,0.0,0.0,0
baseline,0.00625,720575940622446085,silent_all,0.0,0.0,0
baseline,0.00625,720575940629911503,input,0.0,0.0,0
baseline,0.00625,720575940629911503,early_large_only,0.0,0.0,0
baseline,0.00625,720575940629911503,later_large_only,0.0,0.0,0
baseline,0.00625,720575940629911503,other_active,0.0,0.0,0
baseline,0.00625,720575940629911503,silent_all,0.0,0.0,0
baseline,0.00625,720575940620252075,input,0.0,0.0,0
baseline,0.00625,720575940620252075,early_large_only,0.0,0.0,0
baseline,0.00625,720575940620252075,later_large_only,0.0,0.0,0
baseline,0.00625,720575940620252075,other_active,0.0,0.0,0
baseline,0.00625,720575940620252075,silent_all,0.0,0.0,0
baseline,0.00625,720575940622203350,input,0.0,0.0,0
baseline,0.00625,720575940622203350,early_large_only,0.0,0.0,0
baseline,0.00625,720575940622203350,later_large_only,0.0,0.0,0
baseline,0.00625,720575940622203350,other_active,0.0,0.0,0
baseline,0.00625,720575940622203350,silent_all,0.0,0.0,0
baseline,0.00625,720575940619077255,input,0.0,0.0,0
baseline,0.00625,720575940619077255,early_large_only,0.0,0.0,0
baseline,0.00625,720575940619077255,later_large_only,0.0,0.0,0
baseline,0.00625,720575940619077255,other_active,0.0,0.0,0
baseline,0.00625,720575940619077255,silent_all,0.0,0.0,0
baseline,0.00625,720575940619709899,input,0.0,0.0,0
baseline,0.00625,720575940619709899,early_large_only,0.0,0.0,0
baseline,0.00625,720575940619709899,later_large_only,0.0,0.0,0
baseline,0.00625,720575940619709899,other_active,0.0,0.0,0
baseline,0.00625,720575940619709899,silent_all,0.0,0.0,0
baseline,0.00625,720575940616370065,input,0.0,0.0,0
baseline,0.00625,720575940616370065,early_large_only,0.0,0.0,0
baseline,0.00625,720575940616370065,later_large_only,0.0,0.0,0
baseline,0.00625,720575940616370065,other_active,0.0,0.0,0
baseline,0.00625,720575940616370065,silent_all,0.0,0.0,0
baseline,0.00625,720575940625032171,input,0.0,0.0,0
baseline,0.00625,720575940625032171,early_large_only,0.0,0.0,0
baseline,0.00625,720575940625032171,later_large_only,0.0,0.0,0
baseline,0.00625,720575940625032171,other_active,0.0,0.0,0
baseline,0.00625,720575940625032171,silent_all,0.0,0.0,0
baseline,0.00625,720575940605007206,input,0.0,0.0,0
baseline,0.00625,720575940605007206,early_large_only,0.0,0.0,0
baseline,0.00625,720575940605007206,later_large_only,0.0,0.0,0
baseline,0.00625,720575940605007206,other_active,0.0,0.0,0
baseline,0.00625,720575940605007206,silent_all,0.0,0.0,0
baseline,0.00625,720575940621905185,input,0.0,0.0,0
baseline,0.00625,720575940621905185,early_large_only,0.0,0.0,0
baseline,0.00625,720575940621905185,later_large_only,0.0,0.0,0
baseline,0.00625,720575940621905185,other_active,0.0,0.0,0
baseline,0.00625,720575940621905185,silent_all,0.0,0.0,0
baseline,0.00625,720575940621921285,input,0.0,0.0,0
baseline,0.00625,720575940621921285,early_large_only,0.0,0.0,0
baseline,0.00625,720575940621921285,later_large_only,0.0,0.0,0
baseline,0.00625,720575940621921285,other_active,0.0,0.0,0
baseline,0.00625,720575940621921285,silent_all,0.0,0.0,0
baseline,0.00625,720575940645676579,input,0.0,0.0,0
baseline,0.00625,720575940645676579,early_large_only,0.0,0.0,0
baseline,0.00625,720575940645676579,later_large_only,0.0,0.0,0
baseline,0.00625,720575940645676579,other_active,0.0,0.0,0
baseline,0.00625,720575940645676579,silent_all,0.0,0.0,0
baseline,0.00625,720575940607667723,input,0.0,0.0,0
baseline,0.00625,720575940607667723,early_large_only,0.0,0.0,0
baseline,0.00625,720575940607667723,later_large_only,0.0,0.0,0
baseline,0.00625,720575940607667723,other_active,0.0,0.0,0
baseline,0.00625,720575940607667723,silent_all,0.0,0.0,0
baseline,0.00625,720575940614684822,input,0.0,0.0,0
baseline,0.00625,720575940614684822,early_large_only,0.0,0.0,0
baseline,0.00625,720575940614684822,later_large_only,0.0,0.0,0
baseline,0.00625,720575940614684822,other_active,0.0,-0.264,1
baseline,0.00625,720575940614684822,silent_all,0.0,0.0,0
baseline,0.00625,720575940628342171,input,0.0,0.0,0
baseline,0.00625,720575940628342171,early_large_only,0.0,0.0,0
baseline,0.00625,720575940628342171,later_large_only,0.0,0.0,0
baseline,0.00625,720575940628342171,other_active,0.0,0.0,0
baseline,0.00625,720575940628342171,silent_all,0.0,0.0,0
baseline,0.00625,720575940621038294,input,0.0,0.0,0
baseline,0.00625,720575940621038294,early_large_only,0.0,0.0,0
baseline,0.00625,720575940621038294,later_large_only,0.0,0.0,0
baseline,0.00625,720575940621038294,other_active,0.0,0.0,0
baseline,0.00625,720575940621038294,silent_all,0.0,0.0,0
baseline,0.00625,720575940620464321,input,0.0,0.0,0
baseline,0.00625,720575940620464321,early_large_only,0.0,0.0,0
baseline,0.00625,720575940620464321,later_large_only,0.0,0.0,0
baseline,0.00625,720575940620464321,other_active,0.33,0.0,1
baseline,0.00625,720575940620464321,silent_all,0.0,0.0,0
baseline,0.00625,720575940632059193,input,0.0,0.0,0
baseline,0.00625,720575940632059193,early_large_only,0.0,0.0,0
baseline,0.00625,720575940632059193,later_large_only,0.0,0.0,0
baseline,0.00625,720575940632059193,other_active,0.0,0.0,0
baseline,0.00625,720575940632059193,silent_all,0.0,0.0,0
baseline,0.00625,720575940646735156,input,0.0,0.0,0
baseline,0.00625,720575940646735156,early_large_only,0.0,0.0,0
baseline,0.00625,720575940646735156,later_large_only,0.0,0.0,0
baseline,0.00625,720575940646735156,other_active,1.32,0.0,1
baseline,0.00625,720575940646735156,silent_all,0.0,0.0,0
baseline,0.00625,720575940633062335,input,0.0,0.0,0
baseline,0.00625,720575940633062335,early_large_only,0.0,0.0,0
baseline,0.00625,720575940633062335,later_large_only,0.0,0.0,0
baseline,0.00625,720575940633062335,other_active,0.0,0.0,0
baseline,0.00625,720575940633062335,silent_all,0.0,0.0,0
baseline,0.00625,720575940643882184,input,0.0,0.0,0
baseline,0.00625,720575940643882184,early_large_only,0.0,0.0,0
baseline,0.00625,720575940643882184,later_large_only,0.0,0.0,0
baseline,0.00625,720575940643882184,other_active,0.0,0.0,0
baseline,0.00625,720575940643882184,silent_all,0.0,0.0,0
baseline,0.00625,720575940639505792,input,0.0,0.0,0
baseline,0.00625,720575940639505792,early_large_only,0.0,0.0,0
baseline,0.00625,720575940639505792,later_large_only,0.0,0.0,0
baseline,0.00625,720575940639505792,other_active,0.0,0.0,0
baseline,0.00625,720575940639505792,silent_all,0.0,0.0,0
baseline,0.00625,720575940605028017,input,0.0,0.0,0
baseline,0.00625,720575940605028017,early_large_only,0.0,0.0,0
baseline,0.00625,720575940605028017,later_large_only,0.0,0.0,0
baseline,0.00625,720575940605028017,other_active,0.0,-1.056,1
baseline,0.00625,720575940605028017,silent_all,0.0,0.0,0
baseline,0.00625,720575940631865228,input,0.0,0.0,0
baseline,0.00625,720575940631865228,early_large_only,0.0,0.0,0
baseline,0.00625,720575940631865228,later_large_only,0.0,0.0,0
baseline,0.00625,720575940631865228,other_active,0.33,-4.224,3
baseline,0.00625,720575940631865228,silent_all,0.0,0.0,0
baseline,0.00625,720575940624230122,input,0.0,0.0,0
baseline,0.00625,720575940624230122,early_large_only,0.0,0.0,0
baseline,0.00625,720575940624230122,later_large_only,0.0,0.0,0
baseline,0.00625,720575940624230122,other_active,0.0,0.0,0
baseline,0.00625,720575940624230122,silent_all,0.0,0.0,0
baseline,0.00625,720575940613463471,input,0.0,0.0,0
baseline,0.00625,720575940613463471,early_large_only,0.0,0.0,0
baseline,0.00625,720575940613463471,later_large_only,0.0,0.0,0
baseline,0.00625,720575940613463471,other_active,0.0,0.0,0
baseline,0.00625,720575940613463471,silent_all,0.0,0.0,0
baseline,0.00625,720575940626979965,input,0.0,0.0,0
baseline,0.00625,720575940626979965,early_large_only,0.0,0.0,0
baseline,0.00625,720575940626979965,later_large_only,0.0,0.0,0
baseline,0.00625,720575940626979965,other_active,1.32,0.0,1
baseline,0.00625,720575940626979965,silent_all,0.0,0.0,0
baseline,0.00625,720575940638677411,input,0.0,0.0,0
baseline,0.00625,720575940638677411,early_large_only,0.0,0.0,0
baseline,0.00625,720575940638677411,later_large_only,0.0,0.0,0
baseline,0.00625,720575940638677411,other_active,2.97,-0.528,3
baseline,0.00625,720575940638677411,silent_all,0.0,0.0,0
baseline,0.00625,720575940618405848,input,0.0,0.0,0
baseline,0.00625,720575940618405848,early_large_only,0.0,0.0,0
baseline,0.00625,720575940618405848,later_large_only,0.0,0.0,0
baseline,0.00625,720575940618405848,other_active,0.0,0.0,0
baseline,0.00625,720575940618405848,silent_all,0.0,0.0,0
baseline,0.00625,720575940626650890,input,0.0,0.0,0
baseline,0.00625,720575940626650890,early_large_only,0.0,0.0,0
baseline,0.00625,720575940626650890,later_large_only,0.0,0.0,0
baseline,0.00625,720575940626650890,other_active,0.0,0.0,0
baseline,0.00625,720575940626650890,silent_all,0.0,0.0,0
baseline,0.00625,720575940619766219,input,0.0,0.0,0
baseline,0.00625,720575940619766219,early_large_only,0.0,0.0,0
baseline,0.00625,720575940619766219,later_large_only,0.0,0.0,0
baseline,0.00625,720575940619766219,other_active,0.0,0.0,0
baseline,0.00625,720575940619766219,silent_all,0.0,0.0,0
baseline,0.00625,720575940614702754,input,0.0,0.0,0
baseline,0.00625,720575940614702754,early_large_only,0.0,0.0,0
baseline,0.00625,720575940614702754,later_large_only,0.0,0.0,0
baseline,0.00625,720575940614702754,other_active,0.0,0.0,0
baseline,0.00625,720575940614702754,silent_all,0.0,0.0,0
baseline,0.00625,720575940620001958,input,0.0,0.0,0
baseline,0.00625,720575940620001958,early_large_only,0.0,0.0,0
baseline,0.00625,720575940620001958,later_large_only,0.0,0.0,0
baseline,0.00625,720575940620001958,other_active,0.0,0.0,0
baseline,0.00625,720575940620001958,silent_all,0.0,0.0,0
baseline,0.00625,720575940621833054,input,0.0,0.0,0
baseline,0.00625,720575940621833054,early_large_only,0.0,0.0,0
baseline,0.00625,720575940621833054,later_large_only,0.0,0.0,0
baseline,0.00625,720575940621833054,other_active,0.0,0.0,0
baseline,0.00625,720575940621833054,silent_all,0.0,0.0,0
baseline,0.00625,720575940613792296,input,0.0,0.0,0
baseline,0.00625,720575940613792296,early_large_only,0.0,0.0,0
baseline,0.00625,720575940613792296,later_large_only,0.0,0.0,0
baseline,0.00625,720575940613792296,other_active,0.0,0.0,0
baseline,0.00625,720575940613792296,silent_all,0.0,0.0,0
baseline,0.00625,720575940621457690,input,0.0,0.0,0
baseline,0.00625,720575940621457690,early_large_only,0.0,0.0,0
baseline,0.00625,720575940621457690,later_large_only,0.0,0.0,0
baseline,0.00625,720575940621457690,other_active,0.33,0.0,1
baseline,0.00625,720575940621457690,silent_all,0.0,0.0,0
baseline,0.00625,720575940625559908,input,0.0,0.0,0
baseline,0.00625,720575940625559908,early_large_only,0.0,0.0,0
baseline,0.00625,720575940625559908,later_large_only,0.0,0.0,0
baseline,0.00625,720575940625559908,other_active,0.0,0.0,0
baseline,0.00625,720575940625559908,silent_all,0.0,0.0,0
baseline,0.00625,720575940627946512,input,0.0,0.0,0
baseline,0.00625,720575940627946512,early_large_only,0.0,0.0,0
baseline,0.00625,720575940627946512,later_large_only,0.0,0.0,0
baseline,0.00625,720575940627946512,other_active,0.0,0.0,0
baseline,0.00625,720575940627946512,silent_all,0.0,0.0,0
baseline,0.00625,720575940613163473,input,0.0,0.0,0
baseline,0.00625,720575940613163473,early_large_only,0.0,0.0,0
baseline,0.00625,720575940613163473,later_large_only,0.0,0.0,0
baseline,0.00625,720575940613163473,other_active,0.0,0.0,0
baseline,0.00625,720575940613163473,silent_all,0.0,0.0,0
baseline,0.00625,720575940627619057,input,0.0,0.0,0
baseline,0.00625,720575940627619057,early_large_only,0.0,0.0,0
baseline,0.00625,720575940627619057,later_large_only,0.0,0.0,0
baseline,0.00625,720575940627619057,other_active,0.0,0.0,0
baseline,0.00625,720575940627619057,silent_all,0.0,0.0,0
baseline,0.00625,720575940634172267,input,0.0,0.0,0
baseline,0.00625,720575940634172267,early_large_only,0.0,0.0,0
baseline,0.00625,720575940634172267,later_large_only,0.0,0.0,0
baseline,0.00625,720575940634172267,other_active,0.0,-1.056,2
baseline,0.00625,720575940634172267,silent_all,0.0,0.0,0
baseline,0.00625,720575940623356651,input,0.0,0.0,0
baseline,0.00625,720575940623356651,early_large_only,0.0,0.0,0
baseline,0.00625,720575940623356651,later_large_only,0.0,0.0,0
baseline,0.00625,720575940623356651,other_active,0.0,0.0,0
baseline,0.00625,720575940623356651,silent_all,0.0,0.0,0
baseline,0.00625,720575940616762585,input,0.0,0.0,0
baseline,0.00625,720575940616762585,early_large_only,0.0,0.0,0
baseline,0.00625,720575940616762585,later_large_only,0.0,0.0,0
baseline,0.00625,720575940616762585,other_active,0.0,0.0,0
baseline,0.00625,720575940616762585,silent_all,0.0,0.0,0
baseline,0.00625,720575940627849515,input,0.0,0.0,0
baseline,0.00625,720575940627849515,early_large_only,0.0,0.0,0
baseline,0.00625,720575940627849515,later_large_only,0.0,0.0,0
baseline,0.00625,720575940627849515,other_active,0.0,0.0,0
baseline,0.00625,720575940627849515,silent_all,0.0,0.0,0
baseline,0.00625,720575940635404724,input,0.0,0.0,0
baseline,0.00625,720575940635404724,early_large_only,0.0,0.0,0
baseline,0.00625,720575940635404724,later_large_only,0.0,0.0,0
baseline,0.00625,720575940635404724,other_active,0.0,0.0,0
baseline,0.00625,720575940635404724,silent_all,0.0,0.0,0
baseline,0.00625,720575940626425682,input,0.0,0.0,0
baseline,0.00625,720575940626425682,early_large_only,0.0,0.0,0
baseline,0.00625,720575940626425682,later_large_only,0.0,0.0,0
baseline,0.00625,720575940626425682,other_active,0.33,0.0,1
baseline,0.00625,720575940626425682,silent_all,0.0,0.0,0
baseline,0.00625,720575940626703497,input,0.0,0.0,0
baseline,0.00625,720575940626703497,early_large_only,0.0,0.0,0
baseline,0.00625,720575940626703497,later_large_only,0.0,0.0,0
baseline,0.00625,720575940626703497,other_active,0.99,0.0,1
baseline,0.00625,720575940626703497,silent_all,0.0,0.0,0
baseline,0.00625,720575940623847728,input,0.0,0.0,0
baseline,0.00625,720575940623847728,early_large_only,0.0,0.0,0
baseline,0.00625,720575940623847728,later_large_only,0.0,0.0,0
baseline,0.00625,720575940623847728,other_active,0.0,0.0,0
baseline,0.00625,720575940623847728,silent_all,0.0,0.0,0
baseline,0.00625,720575940629225463,input,0.0,0.0,0
baseline,0.00625,720575940629225463,early_large_only,0.0,0.0,0
baseline,0.00625,720575940629225463,later_large_only,0.0,0.0,0
baseline,0.00625,720575940629225463,other_active,0.0,0.0,0
baseline,0.00625,720575940629225463,silent_all,0.0,0.0,0
baseline,0.00625,720575940635397556,input,0.0,0.0,0
baseline,0.00625,720575940635397556,early_large_only,0.0,0.0,0
baseline,0.00625,720575940635397556,later_large_only,0.0,0.0,0
baseline,0.00625,720575940635397556,other_active,0.0,0.0,0
baseline,0.00625,720575940635397556,silent_all,0.0,0.0,0
baseline,0.00625,720575940622971283,input,0.0,0.0,0
baseline,0.00625,720575940622971283,early_large_only,0.0,0.0,0
baseline,0.00625,720575940622971283,later_large_only,0.0,0.0,0
baseline,0.00625,720575940622971283,other_active,0.0,0.0,0
baseline,0.00625,720575940622971283,silent_all,0.0,0.0,0
baseline,0.00625,720575940622999688,input,0.0,0.0,0
baseline,0.00625,720575940622999688,early_large_only,0.0,0.0,0
baseline,0.00625,720575940622999688,later_large_only,0.0,0.0,0
baseline,0.00625,720575940622999688,other_active,0.0,0.0,0
baseline,0.00625,720575940622999688,silent_all,0.0,0.0,0
baseline,0.00625,720575940610205282,input,0.0,0.0,0
baseline,0.00625,720575940610205282,early_large_only,0.0,0.0,0
baseline,0.00625,720575940610205282,later_large_only,0.0,0.0,0
baseline,0.00625,720575940610205282,other_active,0.0,0.0,0
baseline,0.00625,720575940610205282,silent_all,0.0,0.0,0
baseline,0.00625,720575940622446341,input,0.0,0.0,0
baseline,0.00625,720575940622446341,early_large_only,0.0,0.0,0
baseline,0.00625,720575940622446341,later_large_only,0.0,0.0,0
baseline,0.00625,720575940622446341,other_active,0.0,0.0,0
baseline,0.00625,720575940622446341,silent_all,0.0,0.0,0
baseline,0.00625,720575940628210887,input,0.0,0.0,0
baseline,0.00625,720575940628210887,early_large_only,0.0,0.0,0
baseline,0.00625,720575940628210887,later_large_only,0.0,0.0,0
baseline,0.00625,720575940628210887,other_active,0.0,0.0,0
baseline,0.00625,720575940628210887,silent_all,0.0,0.0,0
baseline,0.00625,720575940613303471,input,0.0,0.0,0
baseline,0.00625,720575940613303471,early_large_only,0.0,0.0,0
baseline,0.00625,720575940613303471,later_large_only,0.0,0.0,0
baseline,0.00625,720575940613303471,other_active,0.0,0.0,0
baseline,0.00625,720575940613303471,silent_all,0.0,0.0,0
baseline,0.00625,720575940657580417,input,0.0,0.0,0
baseline,0.00625,720575940657580417,early_large_only,0.0,0.0,0
baseline,0.00625,720575940657580417,later_large_only,0.0,0.0,0
baseline,0.00625,720575940657580417,other_active,0.0,0.0,0
baseline,0.00625,720575940657580417,silent_all,0.0,0.0,0
baseline,0.00625,720575940617841437,input,0.0,0.0,0
baseline,0.00625,720575940617841437,early_large_only,0.0,0.0,0
baseline,0.00625,720575940617841437,later_large_only,0.0,0.0,0
baseline,0.00625,720575940617841437,other_active,0.0,0.0,0
baseline,0.00625,720575940617841437,silent_all,0.0,0.0,0
baseline,0.00625,720575940638379598,input,0.0,0.0,0
baseline,0.00625,720575940638379598,early_large_only,0.0,0.0,0
baseline,0.00625,720575940638379598,later_large_only,0.0,0.0,0
baseline,0.00625,720575940638379598,other_active,0.0,0.0,0
baseline,0.00625,720575940638379598,silent_all,0.0,0.0,0
baseline,0.00625,720575940619773505,input,0.0,0.0,0
baseline,0.00625,720575940619773505,early_large_only,0.0,0.0,0
baseline,0.00625,720575940619773505,later_large_only,0.0,0.0,0
baseline,0.00625,720575940619773505,other_active,0.0,0.0,0
baseline,0.00625,720575940619773505,silent_all,0.0,0.0,0
baseline,0.00625,720575940626778008,input,0.0,0.0,0
baseline,0.00625,720575940626778008,early_large_only,0.0,0.0,0
baseline,0.00625,720575940626778008,later_large_only,0.0,0.0,0
baseline,0.00625,720575940626778008,other_active,0.0,0.0,0
baseline,0.00625,720575940626778008,silent_all,0.0,0.0,0
baseline,0.00625,720575940615042246,input,0.0,0.0,0
baseline,0.00625,720575940615042246,early_large_only,0.0,0.0,0
baseline,0.00625,720575940615042246,later_large_only,0.0,0.0,0
baseline,0.00625,720575940615042246,other_active,0.0,0.0,0
baseline,0.00625,720575940615042246,silent_all,0.0,0.0,0
baseline,0.00625,720575940617825949,input,0.0,0.0,0
baseline,0.00625,720575940617825949,early_large_only,0.0,0.0,0
baseline,0.00625,720575940617825949,later_large_only,0.0,0.0,0
baseline,0.00625,720575940617825949,other_active,0.0,0.0,0
baseline,0.00625,720575940617825949,silent_all,0.0,0.0,0
baseline,0.00625,720575940610506542,input,0.0,0.0,0
baseline,0.00625,720575940610506542,early_large_only,0.0,0.0,0
baseline,0.00625,720575940610506542,later_large_only,0.0,0.0,0
baseline,0.00625,720575940610506542,other_active,0.0,0.0,0
baseline,0.00625,720575940610506542,silent_all,0.0,0.0,0
baseline,0.00625,720575940612734066,input,0.0,0.0,0
baseline,0.00625,720575940612734066,early_large_only,0.0,0.0,0
baseline,0.00625,720575940612734066,later_large_only,0.0,0.0,0
baseline,0.00625,720575940612734066,other_active,4.62,0.0,1
baseline,0.00625,720575940612734066,silent_all,0.0,0.0,0
baseline,0.00625,720575940613981905,input,0.0,0.0,0
baseline,0.00625,720575940613981905,early_large_only,0.0,0.0,0
baseline,0.00625,720575940613981905,later_large_only,0.0,0.0,0
baseline,0.00625,720575940613981905,other_active,0.0,0.0,0
baseline,0.00625,720575940613981905,silent_all,0.0,0.0,0
baseline,0.00625,720575940629908540,input,0.0,0.0,0
baseline,0.00625,720575940629908540,early_large_only,0.0,0.0,0
baseline,0.00625,720575940629908540,later_large_only,0.0,0.0,0
baseline,0.00625,720575940629908540,other_active,0.0,0.0,0
baseline,0.00625,720575940629908540,silent_all,0.0,0.0,0
baseline,0.00625,720575940617306717,input,0.0,0.0,0
baseline,0.00625,720575940617306717,early_large_only,0.0,0.0,0
baseline,0.00625,720575940617306717,later_large_only,0.0,0.0,0
baseline,0.00625,720575940617306717,other_active,0.0,0.0,0
baseline,0.00625,720575940617306717,silent_all,0.0,0.0,0
baseline,0.00625,720575940619863125,input,0.0,0.0,0
baseline,0.00625,720575940619863125,early_large_only,0.0,0.0,0
baseline,0.00625,720575940619863125,later_large_only,0.0,0.0,0
baseline,0.00625,720575940619863125,other_active,0.0,0.0,0
baseline,0.00625,720575940619863125,silent_all,0.0,0.0,0
baseline,0.00625,720575940616702465,input,0.0,0.0,0
baseline,0.00625,720575940616702465,early_large_only,0.0,0.0,0
baseline,0.00625,720575940616702465,later_large_only,0.0,0.0,0
baseline,0.00625,720575940616702465,other_active,0.0,0.0,0
baseline,0.00625,720575940616702465,silent_all,0.0,0.0,0
baseline,0.00625,720575940617649954,input,0.0,0.0,0
baseline,0.00625,720575940617649954,early_large_only,0.0,0.0,0
baseline,0.00625,720575940617649954,later_large_only,0.0,0.0,0
baseline,0.00625,720575940617649954,other_active,0.0,0.0,0
baseline,0.00625,720575940617649954,silent_all,0.0,0.0,0
baseline,0.00625,720575940620904614,input,0.0,0.0,0
baseline,0.00625,720575940620904614,early_large_only,0.0,0.0,0
baseline,0.00625,720575940620904614,later_large_only,0.0,0.0,0
baseline,0.00625,720575940620904614,other_active,0.0,0.0,0
baseline,0.00625,720575940620904614,silent_all,0.0,0.0,0
baseline,0.00625,720575940614376615,input,0.0,0.0,0
baseline,0.00625,720575940614376615,early_large_only,0.0,0.0,0
baseline,0.00625,720575940614376615,later_large_only,0.0,0.0,0
baseline,0.00625,720575940614376615,other_active,0.0,0.0,0
baseline,0.00625,720575940614376615,silent_all,0.0,0.0,0
baseline,0.00625,720575940631561676,input,0.0,0.0,0
baseline,0.00625,720575940631561676,early_large_only,0.0,0.0,0
baseline,0.00625,720575940631561676,later_large_only,0.0,0.0,0
baseline,0.00625,720575940631561676,other_active,0.0,0.0,0
baseline,0.00625,720575940631561676,silent_all,0.0,0.0,0
baseline,0.00625,720575940631937042,input,0.0,0.0,0
baseline,0.00625,720575940631937042,early_large_only,0.0,0.0,0
baseline,0.00625,720575940631937042,later_large_only,0.0,0.0,0
baseline,0.00625,720575940631937042,other_active,0.0,0.0,0
baseline,0.00625,720575940631937042,silent_all,0.0,0.0,0
baseline,0.00625,720575940626003130,input,0.0,0.0,0
baseline,0.00625,720575940626003130,early_large_only,0.0,0.0,0
baseline,0.00625,720575940626003130,later_large_only,0.0,0.0,0
baseline,0.00625,720575940626003130,other_active,0.0,0.0,0
baseline,0.00625,720575940626003130,silent_all,0.0,0.0,0
baseline,0.00625,720575940629560770,input,0.0,0.0,0
baseline,0.00625,720575940629560770,early_large_only,0.0,0.0,0
baseline,0.00625,720575940629560770,later_large_only,0.0,0.0,0
baseline,0.00625,720575940629560770,other_active,0.0,-18.216,2
baseline,0.00625,720575940629560770,silent_all,0.0,0.0,0
baseline,0.00625,720575940629512314,input,0.0,0.0,0
baseline,0.00625,720575940629512314,early_large_only,0.0,0.0,0
baseline,0.00625,720575940629512314,later_large_only,0.0,0.0,0
baseline,0.00625,720575940629512314,other_active,0.0,0.0,0
baseline,0.00625,720575940629512314,silent_all,0.0,0.0,0
baseline,0.00625,720575940621646668,input,0.0,0.0,0
baseline,0.00625,720575940621646668,early_large_only,0.0,0.0,0
baseline,0.00625,720575940621646668,later_large_only,0.0,0.0,0
baseline,0.00625,720575940621646668,other_active,0.0,0.0,0
baseline,0.00625,720575940621646668,silent_all,0.0,0.0,0
baseline,0.00625,720575940635517876,input,0.0,0.0,0
baseline,0.00625,720575940635517876,early_large_only,0.0,0.0,0
baseline,0.00625,720575940635517876,later_large_only,0.0,0.0,0
baseline,0.00625,720575940635517876,other_active,0.0,0.0,0
baseline,0.00625,720575940635517876,silent_all,0.0,0.0,0
baseline,0.00625,720575940639355726,input,0.0,0.0,0
baseline,0.00625,720575940639355726,early_large_only,0.0,0.0,0
baseline,0.00625,720575940639355726,later_large_only,0.0,0.0,0
baseline,0.00625,720575940639355726,other_active,0.0,0.0,0
baseline,0.00625,720575940639355726,silent_all,0.0,0.0,0
baseline,0.00625,720575940624338068,input,0.0,0.0,0
baseline,0.00625,720575940624338068,early_large_only,0.0,0.0,0
baseline,0.00625,720575940624338068,later_large_only,0.0,0.0,0
baseline,0.00625,720575940624338068,other_active,0.0,0.0,0
baseline,0.00625,720575940624338068,silent_all,0.0,0.0,0
baseline,0.00625,720575940634113687,input,0.0,0.0,0
baseline,0.00625,720575940634113687,early_large_only,0.0,0.0,0
baseline,0.00625,720575940634113687,later_large_only,0.0,0.0,0
baseline,0.00625,720575940634113687,other_active,0.0,0.0,0
baseline,0.00625,720575940634113687,silent_all,0.0,0.0,0
baseline,0.00625,720575940627980955,input,0.0,0.0,0
baseline,0.00625,720575940627980955,early_large_only,0.0,0.0,0
baseline,0.00625,720575940627980955,later_large_only,0.0,0.0,0
baseline,0.00625,720575940627980955,other_active,0.0,0.0,0
baseline,0.00625,720575940627980955,silent_all,0.0,0.0,0
baseline,0.00625,720575940628695056,input,0.0,0.0,0
baseline,0.00625,720575940628695056,early_large_only,0.0,0.0,0
baseline,0.00625,720575940628695056,later_large_only,0.0,0.0,0
baseline,0.00625,720575940628695056,other_active,0.0,0.0,0
baseline,0.00625,720575940628695056,silent_all,0.0,0.0,0
baseline,0.00625,720575940628682283,input,0.0,0.0,0
baseline,0.00625,720575940628682283,early_large_only,0.0,0.0,0
baseline,0.00625,720575940628682283,later_large_only,0.0,0.0,0
baseline,0.00625,720575940628682283,other_active,0.0,0.0,0
baseline,0.00625,720575940628682283,silent_all,0.0,0.0,0
baseline,0.00625,720575940612551594,input,0.0,0.0,0
baseline,0.00625,720575940612551594,early_large_only,0.0,0.0,0
baseline,0.00625,720575940612551594,later_large_only,0.0,0.0,0
baseline,0.00625,720575940612551594,other_active,0.0,0.0,0
baseline,0.00625,720575940612551594,silent_all,0.0,0.0,0
baseline,0.00625,720575940651305718,input,0.0,0.0,0
baseline,0.00625,720575940651305718,early_large_only,0.0,0.0,0
baseline,0.00625,720575940651305718,later_large_only,0.0,0.0,0
baseline,0.00625,720575940651305718,other_active,0.0,0.0,0
baseline,0.00625,720575940651305718,silent_all,0.0,0.0,0
baseline,0.00625,720575940620718318,input,0.0,0.0,0
baseline,0.00625,720575940620718318,early_large_only,0.0,0.0,0
baseline,0.00625,720575940620718318,later_large_only,0.0,0.0,0
baseline,0.00625,720575940620718318,other_active,0.0,0.0,0
baseline,0.00625,720575940620718318,silent_all,0.0,0.0,0
baseline,0.00625,720575940630552591,input,0.0,0.0,0
baseline,0.00625,720575940630552591,early_large_only,0.0,0.0,0
baseline,0.00625,720575940630552591,later_large_only,0.0,0.0,0
baseline,0.00625,720575940630552591,other_active,0.33,-1.584,7
baseline,0.00625,720575940630552591,silent_all,0.0,0.0,0
baseline,0.00625,720575940628290307,input,0.0,0.0,0
baseline,0.00625,720575940628290307,early_large_only,0.0,0.0,0
baseline,0.00625,720575940628290307,later_large_only,0.0,0.0,0
baseline,0.00625,720575940628290307,other_active,0.0,0.0,0
baseline,0.00625,720575940628290307,silent_all,0.0,0.0,0
baseline,0.00625,720575940634752666,input,0.0,0.0,0
baseline,0.00625,720575940634752666,early_large_only,0.0,0.0,0
baseline,0.00625,720575940634752666,later_large_only,0.0,0.0,0
baseline,0.00625,720575940634752666,other_active,0.0,0.0,0
baseline,0.00625,720575940634752666,silent_all,0.0,0.0,0
baseline,0.00625,720575940621018977,input,0.0,0.0,0
baseline,0.00625,720575940621018977,early_large_only,0.0,0.0,0
baseline,0.00625,720575940621018977,later_large_only,0.0,0.0,0
baseline,0.00625,720575940621018977,other_active,0.0,0.0,0
baseline,0.00625,720575940621018977,silent_all,0.0,0.0,0
baseline,0.00625,720575940614789791,input,0.0,0.0,0
baseline,0.00625,720575940614789791,early_large_only,0.0,0.0,0
baseline,0.00625,720575940614789791,later_large_only,0.0,0.0,0
baseline,0.00625,720575940614789791,other_active,0.0,0.0,0
baseline,0.00625,720575940614789791,silent_all,0.0,0.0,0
baseline,0.00625,720575940617853986,input,0.0,0.0,0
baseline,0.00625,720575940617853986,early_large_only,0.0,0.0,0
baseline,0.00625,720575940617853986,later_large_only,0.0,0.0,0
baseline,0.00625,720575940617853986,other_active,0.0,0.0,0
baseline,0.00625,720575940617853986,silent_all,0.0,0.0,0
baseline,0.00625,720575940624915435,input,0.0,0.0,0
baseline,0.00625,720575940624915435,early_large_only,0.0,0.0,0
baseline,0.00625,720575940624915435,later_large_only,0.0,0.0,0
baseline,0.00625,720575940624915435,other_active,0.0,0.0,0
baseline,0.00625,720575940624915435,silent_all,0.0,0.0,0
baseline,0.00625,720575940605777353,input,0.0,0.0,0
baseline,0.00625,720575940605777353,early_large_only,0.0,0.0,0
baseline,0.00625,720575940605777353,later_large_only,0.0,0.0,0
baseline,0.00625,720575940605777353,other_active,0.0,0.0,0
baseline,0.00625,720575940605777353,silent_all,0.0,0.0,0
baseline,0.00625,720575940610209378,input,0.0,0.0,0
baseline,0.00625,720575940610209378,early_large_only,0.0,0.0,0
baseline,0.00625,720575940610209378,later_large_only,0.0,0.0,0
baseline,0.00625,720575940610209378,other_active,4.29,-11.879999999999999,5
baseline,0.00625,720575940610209378,silent_all,0.0,0.0,0
baseline,0.00625,720575940631673484,input,0.0,0.0,0
baseline,0.00625,720575940631673484,early_large_only,0.0,0.0,0
baseline,0.00625,720575940631673484,later_large_only,0.0,0.0,0
baseline,0.00625,720575940631673484,other_active,0.0,0.0,0
baseline,0.00625,720575940631673484,silent_all,0.0,0.0,0
baseline,0.00625,720575940619917990,input,0.0,0.0,0
baseline,0.00625,720575940619917990,early_large_only,0.0,0.0,0
baseline,0.00625,720575940619917990,later_large_only,0.0,0.0,0
baseline,0.00625,720575940619917990,other_active,0.0,0.0,0
baseline,0.00625,720575940619917990,silent_all,0.0,0.0,0
baseline,0.00625,720575940628958979,input,0.0,0.0,0
baseline,0.00625,720575940628958979,early_large_only,0.0,0.0,0
baseline,0.00625,720575940628958979,later_large_only,0.0,0.0,0
baseline,0.00625,720575940628958979,other_active,0.0,0.0,0
baseline,0.00625,720575940628958979,silent_all,0.0,0.0,0
baseline,0.00625,720575940629763575,input,0.0,0.0,0
baseline,0.00625,720575940629763575,early_large_only,0.0,0.0,0
baseline,0.00625,720575940629763575,later_large_only,0.0,0.0,0
baseline,0.00625,720575940629763575,other_active,0.0,0.0,0
baseline,0.00625,720575940629763575,silent_all,0.0,0.0,0
baseline,0.00625,720575940632212039,input,0.0,0.0,0
baseline,0.00625,720575940632212039,early_large_only,0.0,0.0,0
baseline,0.00625,720575940632212039,later_large_only,0.0,0.0,0
baseline,0.00625,720575940632212039,other_active,0.0,0.0,0
baseline,0.00625,720575940632212039,silent_all,0.0,0.0,0
baseline,0.00625,720575940627321674,input,0.0,0.0,0
baseline,0.00625,720575940627321674,early_large_only,0.0,0.0,0
baseline,0.00625,720575940627321674,later_large_only,0.0,0.0,0
baseline,0.00625,720575940627321674,other_active,0.66,0.0,1
baseline,0.00625,720575940627321674,silent_all,0.0,0.0,0
baseline,0.00625,720575940640942837,input,0.0,0.0,0
baseline,0.00625,720575940640942837,early_large_only,0.0,0.0,0
baseline,0.00625,720575940640942837,later_large_only,0.0,0.0,0
baseline,0.00625,720575940640942837,other_active,0.0,0.0,0
baseline,0.00625,720575940640942837,silent_all,0.0,0.0,0
baseline,0.00625,720575940606726834,input,0.0,0.0,0
baseline,0.00625,720575940606726834,early_large_only,0.0,0.0,0
baseline,0.00625,720575940606726834,later_large_only,0.0,0.0,0
baseline,0.00625,720575940606726834,other_active,0.0,-0.792,2
baseline,0.00625,720575940606726834,silent_all,0.0,0.0,0
baseline,0.00625,720575940626653309,input,0.0,0.0,0
baseline,0.00625,720575940626653309,early_large_only,0.0,0.0,0
baseline,0.00625,720575940626653309,later_large_only,0.0,0.0,0
baseline,0.00625,720575940626653309,other_active,0.0,0.0,0
baseline,0.00625,720575940626653309,silent_all,0.0,0.0,0
baseline,0.00625,720575940605495072,input,0.0,0.0,0
baseline,0.00625,720575940605495072,early_large_only,0.0,0.0,0
baseline,0.00625,720575940605495072,later_large_only,0.0,0.0,0
baseline,0.00625,720575940605495072,other_active,0.0,-1.5840000000000003,2
baseline,0.00625,720575940605495072,silent_all,0.0,0.0,0
baseline,0.00625,720575940628349456,input,0.0,0.0,0
baseline,0.00625,720575940628349456,early_large_only,0.0,0.0,0
baseline,0.00625,720575940628349456,later_large_only,0.0,0.0,0
baseline,0.00625,720575940628349456,other_active,3.96,-0.528,5
baseline,0.00625,720575940628349456,silent_all,0.0,0.0,0
baseline,0.00625,720575940624544748,input,0.0,0.0,0
baseline,0.00625,720575940624544748,early_large_only,0.0,0.0,0
baseline,0.00625,720575940624544748,later_large_only,0.0,0.0,0
baseline,0.00625,720575940624544748,other_active,0.0,0.0,0
baseline,0.00625,720575940624544748,silent_all,0.0,0.0,0
baseline,0.00625,720575940615413435,input,0.0,0.0,0
baseline,0.00625,720575940615413435,early_large_only,0.0,0.0,0
baseline,0.00625,720575940615413435,later_large_only,0.0,0.0,0
baseline,0.00625,720575940615413435,other_active,0.0,-7.128000000000001,2
baseline,0.00625,720575940615413435,silent_all,0.0,0.0,0
baseline,0.00625,720575940622399190,input,0.0,0.0,0
baseline,0.00625,720575940622399190,early_large_only,0.0,0.0,0
baseline,0.00625,720575940622399190,later_large_only,0.0,0.0,0
baseline,0.00625,720575940622399190,other_active,0.0,0.0,0
baseline,0.00625,720575940622399190,silent_all,0.0,0.0,0
baseline,0.00625,720575940625419495,input,0.0,0.0,0
baseline,0.00625,720575940625419495,early_large_only,0.0,0.0,0
baseline,0.00625,720575940625419495,later_large_only,0.0,0.0,0
baseline,0.00625,720575940625419495,other_active,0.0,0.0,0
baseline,0.00625,720575940625419495,silent_all,0.0,0.0,0
baseline,0.00625,720575940625926693,input,0.0,0.0,0
baseline,0.00625,720575940625926693,early_large_only,0.0,0.0,0
baseline,0.00625,720575940625926693,later_large_only,0.0,0.0,0
baseline,0.00625,720575940625926693,other_active,0.0,0.0,0
baseline,0.00625,720575940625926693,silent_all,0.0,0.0,0
baseline,0.00625,720575940625990974,input,0.0,0.0,0
baseline,0.00625,720575940625990974,early_large_only,0.0,0.0,0
baseline,0.00625,720575940625990974,later_large_only,0.0,0.0,0
baseline,0.00625,720575940625990974,other_active,0.0,0.0,0
baseline,0.00625,720575940625990974,silent_all,0.0,0.0,0
baseline,0.00625,720575940622045917,input,0.0,0.0,0
baseline,0.00625,720575940622045917,early_large_only,0.0,0.0,0
baseline,0.00625,720575940622045917,later_large_only,0.0,0.0,0
baseline,0.00625,720575940622045917,other_active,0.0,0.0,0
baseline,0.00625,720575940622045917,silent_all,0.0,0.0,0
baseline,0.00625,720575940622858534,input,0.0,0.0,0
baseline,0.00625,720575940622858534,early_large_only,0.0,0.0,0
baseline,0.00625,720575940622858534,later_large_only,0.0,0.0,0
baseline,0.00625,720575940622858534,other_active,0.0,0.0,0
baseline,0.00625,720575940622858534,silent_all,0.0,0.0,0
baseline,0.00625,720575940623199684,input,0.0,0.0,0
baseline,0.00625,720575940623199684,early_large_only,0.0,0.0,0
baseline,0.00625,720575940623199684,later_large_only,0.0,0.0,0
baseline,0.00625,720575940623199684,other_active,0.0,0.0,0
baseline,0.00625,720575940623199684,silent_all,0.0,0.0,0
baseline,0.00625,720575940623088309,input,0.0,0.0,0
baseline,0.00625,720575940623088309,early_large_only,0.0,0.0,0
baseline,0.00625,720575940623088309,later_large_only,0.0,0.0,0
baseline,0.00625,720575940623088309,other_active,0.0,0.0,0
baseline,0.00625,720575940623088309,silent_all,0.0,0.0,0
baseline,0.00625,720575940609674052,input,0.0,0.0,0
baseline,0.00625,720575940609674052,early_large_only,0.0,0.0,0
baseline,0.00625,720575940609674052,later_large_only,0.0,0.0,0
baseline,0.00625,720575940609674052,other_active,0.0,0.0,0
baseline,0.00625,720575940609674052,silent_all,0.0,0.0,0
baseline,0.00625,720575940626717573,input,0.0,0.0,0
baseline,0.00625,720575940626717573,early_large_only,0.0,0.0,0
baseline,0.00625,720575940626717573,later_large_only,0.0,0.0,0
baseline,0.00625,720575940626717573,other_active,0.0,-0.264,1
baseline,0.00625,720575940626717573,silent_all,0.0,0.0,0
baseline,0.00625,720575940626024323,input,0.0,0.0,0
baseline,0.00625,720575940626024323,early_large_only,0.0,0.0,0
baseline,0.00625,720575940626024323,later_large_only,0.0,0.0,0
baseline,0.00625,720575940626024323,other_active,0.0,0.0,0
baseline,0.00625,720575940626024323,silent_all,0.0,0.0,0
baseline,0.00625,720575940617549497,input,0.0,0.0,0
baseline,0.00625,720575940617549497,early_large_only,0.0,0.0,0
baseline,0.00625,720575940617549497,later_large_only,0.0,0.0,0
baseline,0.00625,720575940617549497,other_active,0.0,0.0,0
baseline,0.00625,720575940617549497,silent_all,0.0,0.0,0
baseline,0.00625,720575940616143989,input,0.0,0.0,0
baseline,0.00625,720575940616143989,early_large_only,0.0,0.0,0
baseline,0.00625,720575940616143989,later_large_only,0.0,0.0,0
baseline,0.00625,720575940616143989,other_active,0.0,0.0,0
baseline,0.00625,720575940616143989,silent_all,0.0,0.0,0
baseline,0.00625,720575940635802223,input,0.0,0.0,0
baseline,0.00625,720575940635802223,early_large_only,0.0,0.0,0
baseline,0.00625,720575940635802223,later_large_only,0.0,0.0,0
baseline,0.00625,720575940635802223,other_active,0.0,0.0,0
baseline,0.00625,720575940635802223,silent_all,0.0,0.0,0
baseline,0.00625,720575940621201833,input,0.0,0.0,0
baseline,0.00625,720575940621201833,early_large_only,0.0,0.0,0
baseline,0.00625,720575940621201833,later_large_only,0.0,0.0,0
baseline,0.00625,720575940621201833,other_active,0.0,0.0,0
baseline,0.00625,720575940621201833,silent_all,0.0,0.0,0
baseline,0.00625,720575940624430060,input,0.0,0.0,0
baseline,0.00625,720575940624430060,early_large_only,0.0,0.0,0
baseline,0.00625,720575940624430060,later_large_only,0.0,0.0,0
baseline,0.00625,720575940624430060,other_active,0.0,0.0,0
baseline,0.00625,720575940624430060,silent_all,0.0,0.0,0
baseline,0.00625,720575940638840629,input,0.0,0.0,0
baseline,0.00625,720575940638840629,early_large_only,0.0,0.0,0
baseline,0.00625,720575940638840629,later_large_only,0.0,0.0,0
baseline,0.00625,720575940638840629,other_active,0.0,0.0,0
baseline,0.00625,720575940638840629,silent_all,0.0,0.0,0
baseline,0.00625,720575940612185586,input,0.0,0.0,0
baseline,0.00625,720575940612185586,early_large_only,0.0,0.0,0
baseline,0.00625,720575940612185586,later_large_only,0.0,0.0,0
baseline,0.00625,720575940612185586,other_active,0.0,0.0,0
baseline,0.00625,720575940612185586,silent_all,0.0,0.0,0
baseline,0.00625,720575940616055858,input,0.0,0.0,0
baseline,0.00625,720575940616055858,early_large_only,0.0,0.0,0
baseline,0.00625,720575940616055858,later_large_only,0.0,0.0,0
baseline,0.00625,720575940616055858,other_active,0.0,0.0,0
baseline,0.00625,720575940616055858,silent_all,0.0,0.0,0
baseline,0.00625,720575940621213556,input,0.0,0.0,0
baseline,0.00625,720575940621213556,early_large_only,0.0,0.0,0
baseline,0.00625,720575940621213556,later_large_only,0.0,0.0,0
baseline,0.00625,720575940621213556,other_active,0.0,0.0,0
baseline,0.00625,720575940621213556,silent_all,0.0,0.0,0
baseline,0.00625,720575940624100075,input,0.0,0.0,0
baseline,0.00625,720575940624100075,early_large_only,0.0,0.0,0
baseline,0.00625,720575940624100075,later_large_only,0.0,0.0,0
baseline,0.00625,720575940624100075,other_active,0.0,0.0,0
baseline,0.00625,720575940624100075,silent_all,0.0,0.0,0
baseline,0.00625,720575940606453769,input,0.0,0.0,0
baseline,0.00625,720575940606453769,early_large_only,0.0,0.0,0
baseline,0.00625,720575940606453769,later_large_only,0.0,0.0,0
baseline,0.00625,720575940606453769,other_active,0.0,0.0,0
baseline,0.00625,720575940606453769,silent_all,0.0,0.0,0
baseline,0.00625,720575940628602471,input,0.0,0.0,0
baseline,0.00625,720575940628602471,early_large_only,0.0,0.0,0
baseline,0.00625,720575940628602471,later_large_only,0.0,0.0,0
baseline,0.00625,720575940628602471,other_active,0.0,0.0,0
baseline,0.00625,720575940628602471,silent_all,0.0,0.0,0
baseline,0.00625,720575940621012289,input,0.0,0.0,0
baseline,0.00625,720575940621012289,early_large_only,0.0,0.0,0
baseline,0.00625,720575940621012289,later_large_only,0.0,0.0,0
baseline,0.00625,720575940621012289,other_active,0.0,0.0,0
baseline,0.00625,720575940621012289,silent_all,0.0,0.0,0
baseline,0.00625,720575940620232875,input,0.0,0.0,0
baseline,0.00625,720575940620232875,early_large_only,0.0,0.0,0
baseline,0.00625,720575940620232875,later_large_only,0.0,0.0,0
baseline,0.00625,720575940620232875,other_active,0.0,0.0,0
baseline,0.00625,720575940620232875,silent_all,0.0,0.0,0
baseline,0.00625,720575940625118096,input,0.0,0.0,0
baseline,0.00625,720575940625118096,early_large_only,0.0,0.0,0
baseline,0.00625,720575940625118096,later_large_only,0.0,0.0,0
baseline,0.00625,720575940625118096,other_active,0.0,0.0,0
baseline,0.00625,720575940625118096,silent_all,0.0,0.0,0
baseline,0.00625,720575940609027523,input,0.0,0.0,0
baseline,0.00625,720575940609027523,early_large_only,0.0,0.0,0
baseline,0.00625,720575940609027523,later_large_only,0.0,0.0,0
baseline,0.00625,720575940609027523,other_active,0.0,0.0,0
baseline,0.00625,720575940609027523,silent_all,0.0,0.0,0
baseline,0.00625,720575940627731206,input,0.0,0.0,0
baseline,0.00625,720575940627731206,early_large_only,0.0,0.0,0
baseline,0.00625,720575940627731206,later_large_only,0.0,0.0,0
baseline,0.00625,720575940627731206,other_active,0.0,0.0,0
baseline,0.00625,720575940627731206,silent_all,0.0,0.0,0
baseline,0.00625,720575940622910989,input,0.0,0.0,0
baseline,0.00625,720575940622910989,early_large_only,0.0,0.0,0
baseline,0.00625,720575940622910989,later_large_only,0.0,0.0,0
baseline,0.00625,720575940622910989,other_active,0.0,0.0,0
baseline,0.00625,720575940622910989,silent_all,0.0,0.0,0
baseline,0.00625,720575940629963068,input,0.0,0.0,0
baseline,0.00625,720575940629963068,early_large_only,0.0,0.0,0
baseline,0.00625,720575940629963068,later_large_only,0.0,0.0,0
baseline,0.00625,720575940629963068,other_active,0.0,0.0,0
baseline,0.00625,720575940629963068,silent_all,0.0,0.0,0
baseline,0.00625,720575940642142861,input,0.0,0.0,0
baseline,0.00625,720575940642142861,early_large_only,0.0,0.0,0
baseline,0.00625,720575940642142861,later_large_only,0.0,0.0,0
baseline,0.00625,720575940642142861,other_active,0.0,0.0,0
baseline,0.00625,720575940642142861,silent_all,0.0,0.0,0
baseline,0.00625,720575940620402345,input,0.0,0.0,0
baseline,0.00625,720575940620402345,early_large_only,0.0,0.0,0
baseline,0.00625,720575940620402345,later_large_only,0.0,0.0,0
baseline,0.00625,720575940620402345,other_active,0.0,0.0,0
baseline,0.00625,720575940620402345,silent_all,0.0,0.0,0
baseline,0.00625,720575940612435685,input,0.0,0.0,0
baseline,0.00625,720575940612435685,early_large_only,0.0,0.0,0
baseline,0.00625,720575940612435685,later_large_only,0.0,0.0,0
baseline,0.00625,720575940612435685,other_active,0.0,0.0,0
baseline,0.00625,720575940612435685,silent_all,0.0,0.0,0
baseline,0.00625,720575940626199429,input,0.0,0.0,0
baseline,0.00625,720575940626199429,early_large_only,0.0,0.0,0
baseline,0.00625,720575940626199429,later_large_only,0.0,0.0,0
baseline,0.00625,720575940626199429,other_active,0.0,0.0,0
baseline,0.00625,720575940626199429,silent_all,0.0,0.0,0
baseline,0.00625,720575940613157329,input,0.0,0.0,0
baseline,0.00625,720575940613157329,early_large_only,0.0,0.0,0
baseline,0.00625,720575940613157329,later_large_only,0.0,0.0,0
baseline,0.00625,720575940613157329,other_active,0.0,0.0,0
baseline,0.00625,720575940613157329,silent_all,0.0,0.0,0
baseline,0.00625,720575940639556467,input,0.0,0.0,0
baseline,0.00625,720575940639556467,early_large_only,0.0,0.0,0
baseline,0.00625,720575940639556467,later_large_only,0.0,0.0,0
baseline,0.00625,720575940639556467,other_active,0.0,0.0,0
baseline,0.00625,720575940639556467,silent_all,0.0,0.0,0
baseline,0.00625,720575940619954598,input,0.0,0.0,0
baseline,0.00625,720575940619954598,early_large_only,0.0,0.0,0
baseline,0.00625,720575940619954598,later_large_only,0.0,0.0,0
baseline,0.00625,720575940619954598,other_active,0.0,0.0,0
baseline,0.00625,720575940619954598,silent_all,0.0,0.0,0
baseline,0.00625,720575940621277445,input,0.0,0.0,0
baseline,0.00625,720575940621277445,early_large_only,0.0,0.0,0
baseline,0.00625,720575940621277445,later_large_only,0.0,0.0,0
baseline,0.00625,720575940621277445,other_active,0.0,0.0,0
baseline,0.00625,720575940621277445,silent_all,0.0,0.0,0
baseline,0.00625,720575940611985265,input,0.0,0.0,0
baseline,0.00625,720575940611985265,early_large_only,0.0,0.0,0
baseline,0.00625,720575940611985265,later_large_only,0.0,0.0,0
baseline,0.00625,720575940611985265,other_active,0.0,0.0,0
baseline,0.00625,720575940611985265,silent_all,0.0,0.0,0
baseline,0.00625,720575940623703757,input,0.0,0.0,0
baseline,0.00625,720575940623703757,early_large_only,0.0,0.0,0
baseline,0.00625,720575940623703757,later_large_only,0.0,0.0,0
baseline,0.00625,720575940623703757,other_active,0.33,-0.264,2
baseline,0.00625,720575940623703757,silent_all,0.0,0.0,0
baseline,0.00625,720575940642193549,input,0.0,0.0,0
baseline,0.00625,720575940642193549,early_large_only,0.0,0.0,0
baseline,0.00625,720575940642193549,later_large_only,0.0,0.0,0
baseline,0.00625,720575940642193549,other_active,0.0,-0.264,1
baseline,0.00625,720575940642193549,silent_all,0.0,0.0,0
baseline,0.00625,720575940641560205,input,0.0,0.0,0
baseline,0.00625,720575940641560205,early_large_only,0.0,0.0,0
baseline,0.00625,720575940641560205,later_large_only,0.0,0.0,0
baseline,0.00625,720575940641560205,other_active,0.0,0.0,0
baseline,0.00625,720575940641560205,silent_all,0.0,0.0,0
baseline,0.00625,720575940622770410,input,0.0,0.0,0
baseline,0.00625,720575940622770410,early_large_only,0.0,0.0,0
baseline,0.00625,720575940622770410,later_large_only,0.0,0.0,0
baseline,0.00625,720575940622770410,other_active,0.0,0.0,0
baseline,0.00625,720575940622770410,silent_all,0.0,0.0,0
baseline,0.00625,720575940630523407,input,0.0,0.0,0
baseline,0.00625,720575940630523407,early_large_only,0.0,0.0,0
baseline,0.00625,720575940630523407,later_large_only,0.0,0.0,0
baseline,0.00625,720575940630523407,other_active,0.0,0.0,0
baseline,0.00625,720575940630523407,silent_all,0.0,0.0,0
baseline,0.00625,720575940626567178,input,0.0,0.0,0
baseline,0.00625,720575940626567178,early_large_only,0.0,0.0,0
baseline,0.00625,720575940626567178,later_large_only,0.0,0.0,0
baseline,0.00625,720575940626567178,other_active,0.0,0.0,0
baseline,0.00625,720575940626567178,silent_all,0.0,0.0,0
baseline,0.00625,720575940631107139,input,0.0,0.0,0
baseline,0.00625,720575940631107139,early_large_only,0.0,0.0,0
baseline,0.00625,720575940631107139,later_large_only,0.0,0.0,0
baseline,0.00625,720575940631107139,other_active,0.0,0.0,0
baseline,0.00625,720575940631107139,silent_all,0.0,0.0,0
baseline,0.00625,720575940610562969,input,0.0,0.0,0
baseline,0.00625,720575940610562969,early_large_only,0.0,0.0,0
baseline,0.00625,720575940610562969,later_large_only,0.0,0.0,0
baseline,0.00625,720575940610562969,other_active,0.0,0.0,0
baseline,0.00625,720575940610562969,silent_all,0.0,0.0,0
baseline,0.00625,720575940630765253,input,0.0,0.0,0
baseline,0.00625,720575940630765253,early_large_only,0.0,0.0,0
baseline,0.00625,720575940630765253,later_large_only,0.0,0.0,0
baseline,0.00625,720575940630765253,other_active,0.0,0.0,0
baseline,0.00625,720575940630765253,silent_all,0.0,0.0,0
baseline,0.00625,720575940617786525,input,0.0,0.0,0
baseline,0.00625,720575940617786525,early_large_only,0.0,0.0,0
baseline,0.00625,720575940617786525,later_large_only,0.0,0.0,0
baseline,0.00625,720575940617786525,other_active,0.0,0.0,0
baseline,0.00625,720575940617786525,silent_all,0.0,0.0,0
baseline,0.00625,720575940630622250,input,0.0,0.0,0
baseline,0.00625,720575940630622250,early_large_only,0.0,0.0,0
baseline,0.00625,720575940630622250,later_large_only,0.0,0.0,0
baseline,0.00625,720575940630622250,other_active,0.0,0.0,0
baseline,0.00625,720575940630622250,silent_all,0.0,0.0,0
baseline,0.00625,720575940631997101,input,0.0,0.0,0
baseline,0.00625,720575940631997101,early_large_only,0.0,0.0,0
baseline,0.00625,720575940631997101,later_large_only,0.0,0.0,0
baseline,0.00625,720575940631997101,other_active,0.0,0.0,0
baseline,0.00625,720575940631997101,silent_all,0.0,0.0,0
baseline,0.00625,720575940617493460,input,0.0,0.0,0
baseline,0.00625,720575940617493460,early_large_only,0.0,0.0,0
baseline,0.00625,720575940617493460,later_large_only,0.0,0.0,0
baseline,0.00625,720575940617493460,other_active,0.0,0.0,0
baseline,0.00625,720575940617493460,silent_all,0.0,0.0,0
baseline,0.00625,720575940610647416,input,0.0,0.0,0
baseline,0.00625,720575940610647416,early_large_only,0.0,0.0,0
baseline,0.00625,720575940610647416,later_large_only,0.0,0.0,0
baseline,0.00625,720575940610647416,other_active,0.0,0.0,0
baseline,0.00625,720575940610647416,silent_all,0.0,0.0,0
baseline,0.00625,720575940626034777,input,0.0,0.0,0
baseline,0.00625,720575940626034777,early_large_only,0.0,0.0,0
baseline,0.00625,720575940626034777,later_large_only,0.0,0.0,0
baseline,0.00625,720575940626034777,other_active,0.0,0.0,0
baseline,0.00625,720575940626034777,silent_all,0.0,0.0,0
baseline,0.00625,720575940620769133,input,0.0,0.0,0
baseline,0.00625,720575940620769133,early_large_only,0.0,0.0,0
baseline,0.00625,720575940620769133,later_large_only,0.0,0.0,0
baseline,0.00625,720575940620769133,other_active,0.0,0.0,0
baseline,0.00625,720575940620769133,silent_all,0.0,0.0,0
baseline,0.00625,720575940632118343,input,0.0,0.0,0
baseline,0.00625,720575940632118343,early_large_only,0.0,0.0,0
baseline,0.00625,720575940632118343,later_large_only,0.0,0.0,0
baseline,0.00625,720575940632118343,other_active,0.0,0.0,0
baseline,0.00625,720575940632118343,silent_all,0.0,0.0,0
baseline,0.00625,720575940623460622,input,0.0,0.0,0
baseline,0.00625,720575940623460622,early_large_only,0.0,0.0,0
baseline,0.00625,720575940623460622,later_large_only,0.0,0.0,0
baseline,0.00625,720575940623460622,other_active,0.0,0.0,0
baseline,0.00625,720575940623460622,silent_all,0.0,0.0,0
baseline,0.00625,720575940630354169,input,0.0,0.0,0
baseline,0.00625,720575940630354169,early_large_only,0.0,0.0,0
baseline,0.00625,720575940630354169,later_large_only,0.0,0.0,0
baseline,0.00625,720575940630354169,other_active,0.0,0.0,0
baseline,0.00625,720575940630354169,silent_all,0.0,0.0,0
baseline,0.00625,720575940628716926,input,0.0,0.0,0
baseline,0.00625,720575940628716926,early_large_only,0.0,0.0,0
baseline,0.00625,720575940628716926,later_large_only,0.0,0.0,0
baseline,0.00625,720575940628716926,other_active,0.0,0.0,0
baseline,0.00625,720575940628716926,silent_all,0.0,0.0,0
baseline,0.00625,720575940606112457,input,0.0,0.0,0
baseline,0.00625,720575940606112457,early_large_only,0.0,0.0,0
baseline,0.00625,720575940606112457,later_large_only,0.0,0.0,0
baseline,0.00625,720575940606112457,other_active,0.0,-33.264,3
baseline,0.00625,720575940606112457,silent_all,0.0,0.0,0
baseline,0.00625,720575940630600775,input,0.0,0.0,0
baseline,0.00625,720575940630600775,early_large_only,0.0,0.0,0
baseline,0.00625,720575940630600775,later_large_only,0.0,0.0,0
baseline,0.00625,720575940630600775,other_active,0.0,0.0,0
baseline,0.00625,720575940630600775,silent_all,0.0,0.0,0
baseline,0.00625,720575940620018964,input,0.0,0.0,0
baseline,0.00625,720575940620018964,early_large_only,0.0,0.0,0
baseline,0.00625,720575940620018964,later_large_only,0.0,0.0,0
baseline,0.00625,720575940620018964,other_active,0.0,0.0,0
baseline,0.00625,720575940620018964,silent_all,0.0,0.0,0
baseline,0.00625,720575940638650483,input,0.0,0.0,0
baseline,0.00625,720575940638650483,early_large_only,0.0,0.0,0
baseline,0.00625,720575940638650483,later_large_only,0.0,0.0,0
baseline,0.00625,720575940638650483,other_active,0.0,0.0,0
baseline,0.00625,720575940638650483,silent_all,0.0,0.0,0
baseline,0.00625,720575940620689517,input,0.0,0.0,0
baseline,0.00625,720575940620689517,early_large_only,0.0,0.0,0
baseline,0.00625,720575940620689517,later_large_only,0.0,0.0,0
baseline,0.00625,720575940620689517,other_active,0.0,0.0,0
baseline,0.00625,720575940620689517,silent_all,0.0,0.0,0
baseline,0.00625,720575940624058516,input,0.0,0.0,0
baseline,0.00625,720575940624058516,early_large_only,0.0,0.0,0
baseline,0.00625,720575940624058516,later_large_only,0.0,0.0,0
baseline,0.00625,720575940624058516,other_active,0.0,0.0,0
baseline,0.00625,720575940624058516,silent_all,0.0,0.0,0
baseline,0.00625,720575940614206866,input,0.0,0.0,0
baseline,0.00625,720575940614206866,early_large_only,0.0,0.0,0
baseline,0.00625,720575940614206866,later_large_only,0.0,0.0,0
baseline,0.00625,720575940614206866,other_active,0.0,0.0,0
baseline,0.00625,720575940614206866,silent_all,0.0,0.0,0
baseline,0.00625,720575940623059443,input,0.0,0.0,0
baseline,0.00625,720575940623059443,early_large_only,0.0,0.0,0
baseline,0.00625,720575940623059443,later_large_only,0.0,0.0,0
baseline,0.00625,720575940623059443,other_active,0.0,0.0,0
baseline,0.00625,720575940623059443,silent_all,0.0,0.0,0
baseline,0.00625,720575940623650823,input,0.0,0.0,0
baseline,0.00625,720575940623650823,early_large_only,0.0,0.0,0
baseline,0.00625,720575940623650823,later_large_only,0.0,0.0,0
baseline,0.00625,720575940623650823,other_active,0.0,0.0,0
baseline,0.00625,720575940623650823,silent_all,0.0,0.0,0
baseline,0.00625,720575940625479426,input,0.0,0.0,0
baseline,0.00625,720575940625479426,early_large_only,0.0,0.0,0
baseline,0.00625,720575940625479426,later_large_only,0.0,0.0,0
baseline,0.00625,720575940625479426,other_active,0.0,0.0,0
baseline,0.00625,720575940625479426,silent_all,0.0,0.0,0
baseline,0.00625,720575940614067921,input,0.0,0.0,0
baseline,0.00625,720575940614067921,early_large_only,0.0,0.0,0
baseline,0.00625,720575940614067921,later_large_only,0.0,0.0,0
baseline,0.00625,720575940614067921,other_active,0.0,0.0,0
baseline,0.00625,720575940614067921,silent_all,0.0,0.0,0
baseline,0.00625,720575940622515165,input,0.0,0.0,0
baseline,0.00625,720575940622515165,early_large_only,0.0,0.0,0
baseline,0.00625,720575940622515165,later_large_only,0.0,0.0,0
baseline,0.00625,720575940622515165,other_active,0.0,0.0,0
baseline,0.00625,720575940622515165,silent_all,0.0,0.0,0
baseline,0.00625,720575940614159010,input,0.0,0.0,0
baseline,0.00625,720575940614159010,early_large_only,0.0,0.0,0
baseline,0.00625,720575940614159010,later_large_only,0.0,0.0,0
baseline,0.00625,720575940614159010,other_active,0.0,0.0,0
baseline,0.00625,720575940614159010,silent_all,0.0,0.0,0
baseline,0.00625,720575940629050234,input,0.0,0.0,0
baseline,0.00625,720575940629050234,early_large_only,0.0,0.0,0
baseline,0.00625,720575940629050234,later_large_only,0.0,0.0,0
baseline,0.00625,720575940629050234,other_active,0.0,0.0,0
baseline,0.00625,720575940629050234,silent_all,0.0,0.0,0
baseline,0.00625,720575940647328900,input,0.0,0.0,0
baseline,0.00625,720575940647328900,early_large_only,0.0,0.0,0
baseline,0.00625,720575940647328900,later_large_only,0.0,0.0,0
baseline,0.00625,720575940647328900,other_active,0.0,0.0,0
baseline,0.00625,720575940647328900,silent_all,0.0,0.0,0
baseline,0.00625,720575940617577702,input,0.0,0.0,0
baseline,0.00625,720575940617577702,early_large_only,0.0,0.0,0
baseline,0.00625,720575940617577702,later_large_only,0.0,0.0,0
baseline,0.00625,720575940617577702,other_active,0.0,0.0,0
baseline,0.00625,720575940617577702,silent_all,0.0,0.0,0
baseline,0.00625,720575940618130625,input,0.0,0.0,0
baseline,0.00625,720575940618130625,early_large_only,0.0,0.0,0
baseline,0.00625,720575940618130625,later_large_only,0.0,0.0,0
baseline,0.00625,720575940618130625,other_active,0.0,0.0,0
baseline,0.00625,720575940618130625,silent_all,0.0,0.0,0
baseline,0.00625,720575940617100985,input,0.0,0.0,0
baseline,0.00625,720575940617100985,early_large_only,0.0,0.0,0
baseline,0.00625,720575940617100985,later_large_only,0.0,0.0,0
baseline,0.00625,720575940617100985,other_active,0.33,-2.3760000000000003,2
baseline,0.00625,720575940617100985,silent_all,0.0,0.0,0
baseline,0.00625,720575940626524056,input,0.0,0.0,0
baseline,0.00625,720575940626524056,early_large_only,0.0,0.0,0
baseline,0.00625,720575940626524056,later_large_only,0.0,0.0,0
baseline,0.00625,720575940626524056,other_active,0.0,0.0,0
baseline,0.00625,720575940626524056,silent_all,0.0,0.0,0
baseline,0.00625,720575940647380356,input,0.0,0.0,0
baseline,0.00625,720575940647380356,early_large_only,0.0,0.0,0
baseline,0.00625,720575940647380356,later_large_only,0.0,0.0,0
baseline,0.00625,720575940647380356,other_active,0.0,0.0,0
baseline,0.00625,720575940647380356,silent_all,0.0,0.0,0
baseline,0.00625,720575940635776101,input,0.0,0.0,0
baseline,0.00625,720575940635776101,early_large_only,0.0,0.0,0
baseline,0.00625,720575940635776101,later_large_only,0.0,0.0,0
baseline,0.00625,720575940635776101,other_active,0.0,0.0,0
baseline,0.00625,720575940635776101,silent_all,0.0,0.0,0
baseline,0.00625,720575940617573922,input,0.0,0.0,0
baseline,0.00625,720575940617573922,early_large_only,0.0,0.0,0
baseline,0.00625,720575940617573922,later_large_only,0.0,0.0,0
baseline,0.00625,720575940617573922,other_active,0.0,0.0,0
baseline,0.00625,720575940617573922,silent_all,0.0,0.0,0
baseline,0.00625,720575940627635441,input,0.0,0.0,0
baseline,0.00625,720575940627635441,early_large_only,0.0,0.0,0
baseline,0.00625,720575940627635441,later_large_only,0.0,0.0,0
baseline,0.00625,720575940627635441,other_active,0.0,0.0,0
baseline,0.00625,720575940627635441,silent_all,0.0,0.0,0
baseline,0.00625,720575940610536494,input,0.0,0.0,0
baseline,0.00625,720575940610536494,early_large_only,0.0,0.0,0
baseline,0.00625,720575940610536494,later_large_only,0.0,0.0,0
baseline,0.00625,720575940610536494,other_active,0.0,0.0,0
baseline,0.00625,720575940610536494,silent_all,0.0,0.0,0
baseline,0.00625,720575940619736523,input,0.0,0.0,0
baseline,0.00625,720575940619736523,early_large_only,0.0,0.0,0
baseline,0.00625,720575940619736523,later_large_only,0.0,0.0,0
baseline,0.00625,720575940619736523,other_active,0.33,-0.528,2
baseline,0.00625,720575940619736523,silent_all,0.0,0.0,0
baseline,0.00625,720575940642897293,input,0.0,0.0,0
baseline,0.00625,720575940642897293,early_large_only,0.0,0.0,0
baseline,0.00625,720575940642897293,later_large_only,0.0,0.0,0
baseline,0.00625,720575940642897293,other_active,0.0,0.0,0
baseline,0.00625,720575940642897293,silent_all,0.0,0.0,0
baseline,0.00625,720575940628694019,input,0.0,0.0,0
baseline,0.00625,720575940628694019,early_large_only,0.0,0.0,0
baseline,0.00625,720575940628694019,later_large_only,0.0,0.0,0
baseline,0.00625,720575940628694019,other_active,0.33,-16.896,5
baseline,0.00625,720575940628694019,silent_all,0.0,0.0,0
baseline,0.00625,720575940629909751,input,0.0,0.0,0
baseline,0.00625,720575940629909751,early_large_only,0.0,0.0,0
baseline,0.00625,720575940629909751,later_large_only,0.0,0.0,0
baseline,0.00625,720575940629909751,other_active,0.0,0.0,0
baseline,0.00625,720575940629909751,silent_all,0.0,0.0,0
baseline,0.00625,720575940620777382,input,0.0,0.0,0
baseline,0.00625,720575940620777382,early_large_only,0.0,0.0,0
baseline,0.00625,720575940620777382,later_large_only,0.0,0.0,0
baseline,0.00625,720575940620777382,other_active,0.99,-4.752000000000001,5
baseline,0.00625,720575940620777382,silent_all,0.0,0.0,0
baseline,0.00625,720575940610167665,input,0.0,0.0,0
baseline,0.00625,720575940610167665,early_large_only,0.0,0.0,0
baseline,0.00625,720575940610167665,later_large_only,0.0,0.0,0
baseline,0.00625,720575940610167665,other_active,0.0,0.0,0
baseline,0.00625,720575940610167665,silent_all,0.0,0.0,0
baseline,0.00625,720575940605032550,input,0.0,0.0,0
baseline,0.00625,720575940605032550,early_large_only,0.0,0.0,0
baseline,0.00625,720575940605032550,later_large_only,0.0,0.0,0
baseline,0.00625,720575940605032550,other_active,0.0,0.0,0
baseline,0.00625,720575940605032550,silent_all,0.0,0.0,0
baseline,0.00625,720575940625766842,input,0.0,0.0,0
baseline,0.00625,720575940625766842,early_large_only,0.0,0.0,0
baseline,0.00625,720575940625766842,later_large_only,0.0,0.0,0
baseline,0.00625,720575940625766842,other_active,0.0,0.0,0
baseline,0.00625,720575940625766842,silent_all,0.0,0.0,0
baseline,0.00625,720575940632732845,input,0.0,0.0,0
baseline,0.00625,720575940632732845,early_large_only,0.0,0.0,0
baseline,0.00625,720575940632732845,later_large_only,0.0,0.0,0
baseline,0.00625,720575940632732845,other_active,0.0,0.0,0
baseline,0.00625,720575940632732845,silent_all,0.0,0.0,0
baseline,0.00625,720575940634480820,input,0.0,0.0,0
baseline,0.00625,720575940634480820,early_large_only,0.0,0.0,0
baseline,0.00625,720575940634480820,later_large_only,0.0,0.0,0
baseline,0.00625,720575940634480820,other_active,0.0,0.0,0
baseline,0.00625,720575940634480820,silent_all,0.0,0.0,0
baseline,0.00625,720575940619571009,input,0.0,0.0,0
baseline,0.00625,720575940619571009,early_large_only,0.0,0.0,0
baseline,0.00625,720575940619571009,later_large_only,0.0,0.0,0
baseline,0.00625,720575940619571009,other_active,0.0,0.0,0
baseline,0.00625,720575940619571009,silent_all,0.0,0.0,0
baseline,0.00625,720575940628050950,input,0.0,0.0,0
baseline,0.00625,720575940628050950,early_large_only,0.0,0.0,0
baseline,0.00625,720575940628050950,later_large_only,0.0,0.0,0
baseline,0.00625,720575940628050950,other_active,0.0,0.0,0
baseline,0.00625,720575940628050950,silent_all,0.0,0.0,0
baseline,0.00625,720575940626323486,input,0.0,0.0,0
baseline,0.00625,720575940626323486,early_large_only,0.0,0.0,0
baseline,0.00625,720575940626323486,later_large_only,0.0,0.0,0
baseline,0.00625,720575940626323486,other_active,0.0,0.0,0
baseline,0.00625,720575940626323486,silent_all,0.0,0.0,0
baseline,0.00625,720575940659773313,input,0.0,0.0,0
baseline,0.00625,720575940659773313,early_large_only,0.0,0.0,0
baseline,0.00625,720575940659773313,later_large_only,0.0,0.0,0
baseline,0.00625,720575940659773313,other_active,0.0,0.0,0
baseline,0.00625,720575940659773313,silent_all,0.0,0.0,0
baseline,0.00625,720575940625498512,input,0.0,0.0,0
baseline,0.00625,720575940625498512,early_large_only,0.0,0.0,0
baseline,0.00625,720575940625498512,later_large_only,0.0,0.0,0
baseline,0.00625,720575940625498512,other_active,0.0,0.0,0
baseline,0.00625,720575940625498512,silent_all,0.0,0.0,0
baseline,0.00625,720575940626705937,input,0.0,0.0,0
baseline,0.00625,720575940626705937,early_large_only,0.0,0.0,0
baseline,0.00625,720575940626705937,later_large_only,0.0,0.0,0
baseline,0.00625,720575940626705937,other_active,0.0,0.0,0
baseline,0.00625,720575940626705937,silent_all,0.0,0.0,0
baseline,0.00625,720575940615763573,input,0.0,0.0,0
baseline,0.00625,720575940615763573,early_large_only,0.0,0.0,0
baseline,0.00625,720575940615763573,later_large_only,0.0,0.0,0
baseline,0.00625,720575940615763573,other_active,0.0,0.0,0
baseline,0.00625,720575940615763573,silent_all,0.0,0.0,0
baseline,0.00625,720575940637711686,input,0.0,0.0,0
baseline,0.00625,720575940637711686,early_large_only,0.0,0.0,0
baseline,0.00625,720575940637711686,later_large_only,0.0,0.0,0
baseline,0.00625,720575940637711686,other_active,0.0,0.0,0
baseline,0.00625,720575940637711686,silent_all,0.0,0.0,0
baseline,0.00625,720575940635146848,input,0.0,0.0,0
baseline,0.00625,720575940635146848,early_large_only,0.0,0.0,0
baseline,0.00625,720575940635146848,later_large_only,0.0,0.0,0
baseline,0.00625,720575940635146848,other_active,0.0,-8.184,1
baseline,0.00625,720575940635146848,silent_all,0.0,0.0,0
baseline,0.00625,720575940630040438,input,0.0,0.0,0
baseline,0.00625,720575940630040438,early_large_only,0.0,0.0,0
baseline,0.00625,720575940630040438,later_large_only,0.0,0.0,0
baseline,0.00625,720575940630040438,other_active,0.0,-2.112,3
baseline,0.00625,720575940630040438,silent_all,0.0,0.0,0
baseline,0.00625,720575940622018217,input,0.0,0.0,0
baseline,0.00625,720575940622018217,early_large_only,0.0,0.0,0
baseline,0.00625,720575940622018217,later_large_only,0.0,0.0,0
baseline,0.00625,720575940622018217,other_active,0.0,-6.072000000000001,2
baseline,0.00625,720575940622018217,silent_all,0.0,0.0,0
baseline,0.00625,720575940619401296,input,0.0,0.0,0
baseline,0.00625,720575940619401296,early_large_only,0.0,0.0,0
baseline,0.00625,720575940619401296,later_large_only,0.0,0.0,0
baseline,0.00625,720575940619401296,other_active,0.0,0.0,0
baseline,0.00625,720575940619401296,silent_all,0.0,0.0,0
baseline,0.00625,720575940623525770,input,0.0,0.0,0
baseline,0.00625,720575940623525770,early_large_only,0.0,0.0,0
baseline,0.00625,720575940623525770,later_large_only,0.0,0.0,0
baseline,0.00625,720575940623525770,other_active,0.0,0.0,0
baseline,0.00625,720575940623525770,silent_all,0.0,0.0,0
baseline,0.00625,720575940628697538,input,0.0,0.0,0
baseline,0.00625,720575940628697538,early_large_only,0.0,0.0,0
baseline,0.00625,720575940628697538,later_large_only,0.0,0.0,0
baseline,0.00625,720575940628697538,other_active,0.0,0.0,0
baseline,0.00625,720575940628697538,silent_all,0.0,0.0,0
baseline,0.00625,720575940613973555,input,0.0,0.0,0
baseline,0.00625,720575940613973555,early_large_only,0.0,0.0,0
baseline,0.00625,720575940613973555,later_large_only,0.0,0.0,0
baseline,0.00625,720575940613973555,other_active,0.0,0.0,0
baseline,0.00625,720575940613973555,silent_all,0.0,0.0,0
baseline,0.00625,720575940611606490,input,0.0,0.0,0
baseline,0.00625,720575940611606490,early_large_only,0.0,0.0,0
baseline,0.00625,720575940611606490,later_large_only,0.0,0.0,0
baseline,0.00625,720575940611606490,other_active,0.0,0.0,0
baseline,0.00625,720575940611606490,silent_all,0.0,0.0,0
baseline,0.00625,720575940630190411,input,0.0,0.0,0
baseline,0.00625,720575940630190411,early_large_only,0.0,0.0,0
baseline,0.00625,720575940630190411,later_large_only,0.0,0.0,0
baseline,0.00625,720575940630190411,other_active,0.0,0.0,0
baseline,0.00625,720575940630190411,silent_all,0.0,0.0,0
baseline,0.00625,720575940646415907,input,0.0,0.0,0
baseline,0.00625,720575940646415907,early_large_only,0.0,0.0,0
baseline,0.00625,720575940646415907,later_large_only,0.0,0.0,0
baseline,0.00625,720575940646415907,other_active,0.0,0.0,0
baseline,0.00625,720575940646415907,silent_all,0.0,0.0,0
baseline,0.00625,720575940614441834,input,0.0,0.0,0
baseline,0.00625,720575940614441834,early_large_only,0.0,0.0,0
baseline,0.00625,720575940614441834,later_large_only,0.0,0.0,0
baseline,0.00625,720575940614441834,other_active,0.0,-8.448,2
baseline,0.00625,720575940614441834,silent_all,0.0,0.0,0
baseline,0.00625,720575940629830700,input,0.0,0.0,0
baseline,0.00625,720575940629830700,early_large_only,0.0,0.0,0
baseline,0.00625,720575940629830700,later_large_only,0.0,0.0,0
baseline,0.00625,720575940629830700,other_active,0.0,0.0,0
baseline,0.00625,720575940629830700,silent_all,0.0,0.0,0
baseline,0.00625,720575940612549799,input,0.0,0.0,0
baseline,0.00625,720575940612549799,early_large_only,0.0,0.0,0
baseline,0.00625,720575940612549799,later_large_only,0.0,0.0,0
baseline,0.00625,720575940612549799,other_active,0.0,0.0,0
baseline,0.00625,720575940612549799,silent_all,0.0,0.0,0
baseline,0.00625,720575940631989841,input,0.0,0.0,0
baseline,0.00625,720575940631989841,early_large_only,0.0,0.0,0
baseline,0.00625,720575940631989841,later_large_only,0.0,0.0,0
baseline,0.00625,720575940631989841,other_active,0.0,0.0,0
baseline,0.00625,720575940631989841,silent_all,0.0,0.0,0
baseline,0.00625,720575940625768394,input,0.0,0.0,0
baseline,0.00625,720575940625768394,early_large_only,0.0,0.0,0
baseline,0.00625,720575940625768394,later_large_only,0.0,0.0,0
baseline,0.00625,720575940625768394,other_active,0.0,0.0,0
baseline,0.00625,720575940625768394,silent_all,0.0,0.0,0
baseline,0.00625,720575940628118159,input,0.0,0.0,0
baseline,0.00625,720575940628118159,early_large_only,0.0,0.0,0
baseline,0.00625,720575940628118159,later_large_only,0.0,0.0,0
baseline,0.00625,720575940628118159,other_active,0.0,0.0,0
baseline,0.00625,720575940628118159,silent_all,0.0,0.0,0
baseline,0.00625,720575940632804435,input,0.0,0.0,0
baseline,0.00625,720575940632804435,early_large_only,0.0,0.0,0
baseline,0.00625,720575940632804435,later_large_only,0.0,0.0,0
baseline,0.00625,720575940632804435,other_active,2.9699999999999998,-5.016000000000001,12
baseline,0.00625,720575940632804435,silent_all,0.0,0.0,0
baseline,0.00625,720575940612395178,input,0.0,0.0,0
baseline,0.00625,720575940612395178,early_large_only,0.0,0.0,0
baseline,0.00625,720575940612395178,later_large_only,0.0,0.0,0
baseline,0.00625,720575940612395178,other_active,0.0,0.0,0
baseline,0.00625,720575940612395178,silent_all,0.0,0.0,0
baseline,0.00625,720575940620904319,input,0.0,0.0,0
baseline,0.00625,720575940620904319,early_large_only,0.0,0.0,0
baseline,0.00625,720575940620904319,later_large_only,0.0,0.0,0
baseline,0.00625,720575940620904319,other_active,0.0,0.0,0
baseline,0.00625,720575940620904319,silent_all,0.0,0.0,0
baseline,0.00625,720575940608336907,input,0.0,0.0,0
baseline,0.00625,720575940608336907,early_large_only,0.0,0.0,0
baseline,0.00625,720575940608336907,later_large_only,0.0,0.0,0
baseline,0.00625,720575940608336907,other_active,0.0,0.0,0
baseline,0.00625,720575940608336907,silent_all,0.0,0.0,0
baseline,0.00625,720575940620759841,input,0.0,0.0,0
baseline,0.00625,720575940620759841,early_large_only,0.0,0.0,0
baseline,0.00625,720575940620759841,later_large_only,0.0,0.0,0
baseline,0.00625,720575940620759841,other_active,0.0,-7.656000000000002,7
baseline,0.00625,720575940620759841,silent_all,0.0,0.0,0
baseline,0.00625,720575940625054906,input,0.0,0.0,0
baseline,0.00625,720575940625054906,early_large_only,0.0,0.0,0
baseline,0.00625,720575940625054906,later_large_only,0.0,0.0,0
baseline,0.00625,720575940625054906,other_active,0.0,-3.4320000000000004,2
baseline,0.00625,720575940625054906,silent_all,0.0,0.0,0
baseline,0.00625,720575940621503220,input,0.0,0.0,0
baseline,0.00625,720575940621503220,early_large_only,0.0,0.0,0
baseline,0.00625,720575940621503220,later_large_only,0.0,0.0,0
baseline,0.00625,720575940621503220,other_active,0.0,0.0,0
baseline,0.00625,720575940621503220,silent_all,0.0,0.0,0
baseline,0.00625,720575940627374598,input,0.0,0.0,0
baseline,0.00625,720575940627374598,early_large_only,0.0,0.0,0
baseline,0.00625,720575940627374598,later_large_only,0.0,0.0,0
baseline,0.00625,720575940627374598,other_active,0.0,0.0,0
baseline,0.00625,720575940627374598,silent_all,0.0,0.0,0
baseline,0.00625,720575940622855629,input,0.0,0.0,0
baseline,0.00625,720575940622855629,early_large_only,0.0,0.0,0
baseline,0.00625,720575940622855629,later_large_only,0.0,0.0,0
baseline,0.00625,720575940622855629,other_active,0.0,0.0,0
baseline,0.00625,720575940622855629,silent_all,0.0,0.0,0
baseline,0.00625,720575940636488805,input,0.0,0.0,0
baseline,0.00625,720575940636488805,early_large_only,0.0,0.0,0
baseline,0.00625,720575940636488805,later_large_only,0.0,0.0,0
baseline,0.00625,720575940636488805,other_active,0.0,0.0,0
baseline,0.00625,720575940636488805,silent_all,0.0,0.0,0
baseline,0.00625,720575940607447491,input,0.0,0.0,0
baseline,0.00625,720575940607447491,early_large_only,0.0,0.0,0
baseline,0.00625,720575940607447491,later_large_only,0.0,0.0,0
baseline,0.00625,720575940607447491,other_active,0.0,-0.264,1
baseline,0.00625,720575940607447491,silent_all,0.0,0.0,0
baseline,0.00625,720575940617691170,input,0.0,0.0,0
baseline,0.00625,720575940617691170,early_large_only,0.0,0.0,0
baseline,0.00625,720575940617691170,later_large_only,0.0,0.0,0
baseline,0.00625,720575940617691170,other_active,0.33,0.0,1
baseline,0.00625,720575940617691170,silent_all,0.0,0.0,0
baseline,0.00625,720575940630046524,input,0.0,0.0,0
baseline,0.00625,720575940630046524,early_large_only,0.0,0.0,0
baseline,0.00625,720575940630046524,later_large_only,0.0,0.0,0
baseline,0.00625,720575940630046524,other_active,0.0,0.0,0
baseline,0.00625,720575940630046524,silent_all,0.0,0.0,0
baseline,0.00625,720575940621030320,input,0.0,0.0,0
baseline,0.00625,720575940621030320,early_large_only,0.0,0.0,0
baseline,0.00625,720575940621030320,later_large_only,0.0,0.0,0
baseline,0.00625,720575940621030320,other_active,0.0,0.0,0
baseline,0.00625,720575940621030320,silent_all,0.0,0.0,0
baseline,0.00625,720575940625649214,input,0.0,0.0,0
baseline,0.00625,720575940625649214,early_large_only,0.0,0.0,0
baseline,0.00625,720575940625649214,later_large_only,0.0,0.0,0
baseline,0.00625,720575940625649214,other_active,0.0,0.0,0
baseline,0.00625,720575940625649214,silent_all,0.0,0.0,0
baseline,0.00625,720575940621347254,input,0.0,0.0,0
baseline,0.00625,720575940621347254,early_large_only,0.0,0.0,0
baseline,0.00625,720575940621347254,later_large_only,0.0,0.0,0
baseline,0.00625,720575940621347254,other_active,0.66,0.0,1
baseline,0.00625,720575940621347254,silent_all,0.0,0.0,0
baseline,0.00625,720575940624928956,input,0.0,0.0,0
baseline,0.00625,720575940624928956,early_large_only,0.0,0.0,0
baseline,0.00625,720575940624928956,later_large_only,0.0,0.0,0
baseline,0.00625,720575940624928956,other_active,0.0,0.0,0
baseline,0.00625,720575940624928956,silent_all,0.0,0.0,0
baseline,0.00625,720575940627109202,input,0.0,0.0,0
baseline,0.00625,720575940627109202,early_large_only,0.0,0.0,0
baseline,0.00625,720575940627109202,later_large_only,0.0,0.0,0
baseline,0.00625,720575940627109202,other_active,0.0,0.0,0
baseline,0.00625,720575940627109202,silent_all,0.0,0.0,0
baseline,0.00625,720575940613594783,input,0.0,0.0,0
baseline,0.00625,720575940613594783,early_large_only,0.0,0.0,0
baseline,0.00625,720575940613594783,later_large_only,0.0,0.0,0
baseline,0.00625,720575940613594783,other_active,0.0,0.0,0
baseline,0.00625,720575940613594783,silent_all,0.0,0.0,0
baseline,0.00625,720575940629957943,input,0.0,0.0,0
baseline,0.00625,720575940629957943,early_large_only,0.0,0.0,0
baseline,0.00625,720575940629957943,later_large_only,0.0,0.0,0
baseline,0.00625,720575940629957943,other_active,0.0,-1.5840000000000003,1
baseline,0.00625,720575940629957943,silent_all,0.0,0.0,0
baseline,0.00625,720575940621040737,input,0.0,0.0,0
baseline,0.00625,720575940621040737,early_large_only,0.0,0.0,0
baseline,0.00625,720575940621040737,later_large_only,0.0,0.0,0
baseline,0.00625,720575940621040737,other_active,0.0,0.0,0
baseline,0.00625,720575940621040737,silent_all,0.0,0.0,0
baseline,0.00625,720575940626128386,input,0.0,0.0,0
baseline,0.00625,720575940626128386,early_large_only,0.0,0.0,0
baseline,0.00625,720575940626128386,later_large_only,0.0,0.0,0
baseline,0.00625,720575940626128386,other_active,0.0,0.0,0
baseline,0.00625,720575940626128386,silent_all,0.0,0.0,0
baseline,0.00625,720575940615770369,input,0.0,0.0,0
baseline,0.00625,720575940615770369,early_large_only,0.0,0.0,0
baseline,0.00625,720575940615770369,later_large_only,0.0,0.0,0
baseline,0.00625,720575940615770369,other_active,0.0,0.0,0
baseline,0.00625,720575940615770369,silent_all,0.0,0.0,0
baseline,0.00625,720575940620205505,input,0.0,0.0,0
baseline,0.00625,720575940620205505,early_large_only,0.0,0.0,0
baseline,0.00625,720575940620205505,later_large_only,0.0,0.0,0
baseline,0.00625,720575940620205505,other_active,0.0,0.0,0
baseline,0.00625,720575940620205505,silent_all,0.0,0.0,0
baseline,0.00625,720575940619759750,input,0.0,0.0,0
baseline,0.00625,720575940619759750,early_large_only,0.0,0.0,0
baseline,0.00625,720575940619759750,later_large_only,0.0,0.0,0
baseline,0.00625,720575940619759750,other_active,0.0,0.0,0
baseline,0.00625,720575940619759750,silent_all,0.0,0.0,0
baseline,0.00625,720575940647303300,input,0.0,0.0,0
baseline,0.00625,720575940647303300,early_large_only,0.0,0.0,0
baseline,0.00625,720575940647303300,later_large_only,0.0,0.0,0
baseline,0.00625,720575940647303300,other_active,0.0,0.0,0
baseline,0.00625,720575940647303300,silent_all,0.0,0.0,0
baseline,0.00625,720575940610951634,input,0.0,0.0,0
baseline,0.00625,720575940610951634,early_large_only,0.0,0.0,0
baseline,0.00625,720575940610951634,later_large_only,0.0,0.0,0
baseline,0.00625,720575940610951634,other_active,0.0,0.0,0
baseline,0.00625,720575940610951634,silent_all,0.0,0.0,0
baseline,0.00625,720575940619486117,input,0.0,0.0,0
baseline,0.00625,720575940619486117,early_large_only,0.0,0.0,0
baseline,0.00625,720575940619486117,later_large_only,0.0,0.0,0
baseline,0.00625,720575940619486117,other_active,0.0,0.0,0
baseline,0.00625,720575940619486117,silent_all,0.0,0.0,0
baseline,0.00625,720575940620664496,input,0.0,0.0,0
baseline,0.00625,720575940620664496,early_large_only,0.0,0.0,0
baseline,0.00625,720575940620664496,later_large_only,0.0,0.0,0
baseline,0.00625,720575940620664496,other_active,0.0,-1.056,2
baseline,0.00625,720575940620664496,silent_all,0.0,0.0,0
baseline,0.00625,720575940638204132,input,0.0,0.0,0
baseline,0.00625,720575940638204132,early_large_only,0.0,0.0,0
baseline,0.00625,720575940638204132,later_large_only,0.0,0.0,0
baseline,0.00625,720575940638204132,other_active,0.0,-24.551999999999996,14
baseline,0.00625,720575940638204132,silent_all,0.0,0.0,0
baseline,0.00625,720575940620488513,input,0.0,0.0,0
baseline,0.00625,720575940620488513,early_large_only,0.0,0.0,0
baseline,0.00625,720575940620488513,later_large_only,0.0,0.0,0
baseline,0.00625,720575940620488513,other_active,0.0,0.0,0
baseline,0.00625,720575940620488513,silent_all,0.0,0.0,0
baseline,0.00625,720575940648330105,input,0.0,0.0,0
baseline,0.00625,720575940648330105,early_large_only,0.0,0.0,0
baseline,0.00625,720575940648330105,later_large_only,0.0,0.0,0
baseline,0.00625,720575940648330105,other_active,0.0,0.0,0
baseline,0.00625,720575940648330105,silent_all,0.0,0.0,0
baseline,0.00625,720575940618270629,input,0.0,0.0,0
baseline,0.00625,720575940618270629,early_large_only,0.0,0.0,0
baseline,0.00625,720575940618270629,later_large_only,0.0,0.0,0
baseline,0.00625,720575940618270629,other_active,0.0,-0.264,1
baseline,0.00625,720575940618270629,silent_all,0.0,0.0,0
baseline,0.00625,720575940627100584,input,0.0,0.0,0
baseline,0.00625,720575940627100584,early_large_only,0.0,0.0,0
baseline,0.00625,720575940627100584,later_large_only,0.0,0.0,0
baseline,0.00625,720575940627100584,other_active,0.0,0.0,0
baseline,0.00625,720575940627100584,silent_all,0.0,0.0,0
baseline,0.00625,720575940626363529,input,0.0,0.0,0
baseline,0.00625,720575940626363529,early_large_only,0.0,0.0,0
baseline,0.00625,720575940626363529,later_large_only,0.0,0.0,0
baseline,0.00625,720575940626363529,other_active,0.0,0.0,0
baseline,0.00625,720575940626363529,silent_all,0.0,0.0,0
baseline,0.00625,720575940605583136,input,0.0,0.0,0
baseline,0.00625,720575940605583136,early_large_only,0.0,0.0,0
baseline,0.00625,720575940605583136,later_large_only,0.0,0.0,0
baseline,0.00625,720575940605583136,other_active,0.0,0.0,0
baseline,0.00625,720575940605583136,silent_all,0.0,0.0,0
baseline,0.00625,720575940633766370,input,0.0,0.0,0
baseline,0.00625,720575940633766370,early_large_only,0.0,0.0,0
baseline,0.00625,720575940633766370,later_large_only,0.0,0.0,0
baseline,0.00625,720575940633766370,other_active,2.31,-0.528,3
baseline,0.00625,720575940633766370,silent_all,0.0,0.0,0
baseline,0.00625,720575940625893507,input,0.0,0.0,0
baseline,0.00625,720575940625893507,early_large_only,0.0,0.0,0
baseline,0.00625,720575940625893507,later_large_only,0.0,0.0,0
baseline,0.00625,720575940625893507,other_active,0.0,0.0,0
baseline,0.00625,720575940625893507,silent_all,0.0,0.0,0
baseline,0.00625,720575940621814049,input,0.0,0.0,0
baseline,0.00625,720575940621814049,early_large_only,0.0,0.0,0
baseline,0.00625,720575940621814049,later_large_only,0.0,0.0,0
baseline,0.00625,720575940621814049,other_active,0.0,0.0,0
baseline,0.00625,720575940621814049,silent_all,0.0,0.0,0
baseline,0.00625,720575940629702905,input,0.0,0.0,0
baseline,0.00625,720575940629702905,early_large_only,0.0,0.0,0
baseline,0.00625,720575940629702905,later_large_only,0.0,0.0,0
baseline,0.00625,720575940629702905,other_active,0.0,0.0,0
baseline,0.00625,720575940629702905,silent_all,0.0,0.0,0
baseline,0.00625,720575940651425782,input,0.0,0.0,0
baseline,0.00625,720575940651425782,early_large_only,0.0,0.0,0
baseline,0.00625,720575940651425782,later_large_only,0.0,0.0,0
baseline,0.00625,720575940651425782,other_active,0.0,0.0,0
baseline,0.00625,720575940651425782,silent_all,0.0,0.0,0
baseline,0.00625,720575940624486899,input,0.0,0.0,0
baseline,0.00625,720575940624486899,early_large_only,0.0,0.0,0
baseline,0.00625,720575940624486899,later_large_only,0.0,0.0,0
baseline,0.00625,720575940624486899,other_active,0.0,0.0,0
baseline,0.00625,720575940624486899,silent_all,0.0,0.0,0
baseline,0.00625,720575940628529155,input,0.0,0.0,0
baseline,0.00625,720575940628529155,early_large_only,0.0,0.0,0
baseline,0.00625,720575940628529155,later_large_only,0.0,0.0,0
baseline,0.00625,720575940628529155,other_active,0.0,0.0,0
baseline,0.00625,720575940628529155,silent_all,0.0,0.0,0
baseline,0.00625,720575940629969111,input,0.0,0.0,0
baseline,0.00625,720575940629969111,early_large_only,0.0,0.0,0
baseline,0.00625,720575940629969111,later_large_only,0.0,0.0,0
baseline,0.00625,720575940629969111,other_active,0.0,0.0,0
baseline,0.00625,720575940629969111,silent_all,0.0,0.0,0
baseline,0.00625,720575940621504794,input,0.0,0.0,0
baseline,0.00625,720575940621504794,early_large_only,0.0,0.0,0
baseline,0.00625,720575940621504794,later_large_only,0.0,0.0,0
baseline,0.00625,720575940621504794,other_active,0.0,0.0,0
baseline,0.00625,720575940621504794,silent_all,0.0,0.0,0
baseline,0.00625,720575940622241160,input,0.0,0.0,0
baseline,0.00625,720575940622241160,early_large_only,0.0,0.0,0
baseline,0.00625,720575940622241160,later_large_only,0.0,0.0,0
baseline,0.00625,720575940622241160,other_active,0.0,0.0,0
baseline,0.00625,720575940622241160,silent_all,0.0,0.0,0
baseline,0.00625,720575940621870886,input,0.0,0.0,0
baseline,0.00625,720575940621870886,early_large_only,0.0,0.0,0
baseline,0.00625,720575940621870886,later_large_only,0.0,0.0,0
baseline,0.00625,720575940621870886,other_active,0.0,0.0,0
baseline,0.00625,720575940621870886,silent_all,0.0,0.0,0
baseline,0.00625,720575940624470763,input,0.0,0.0,0
baseline,0.00625,720575940624470763,early_large_only,0.0,0.0,0
baseline,0.00625,720575940624470763,later_large_only,0.0,0.0,0
baseline,0.00625,720575940624470763,other_active,0.0,0.0,0
baseline,0.00625,720575940624470763,silent_all,0.0,0.0,0
baseline,0.00625,720575940625878160,input,0.0,0.0,0
baseline,0.00625,720575940625878160,early_large_only,0.0,0.0,0
baseline,0.00625,720575940625878160,later_large_only,0.0,0.0,0
baseline,0.00625,720575940625878160,other_active,0.66,-2.9040000000000004,5
baseline,0.00625,720575940625878160,silent_all,0.0,0.0,0
baseline,0.00625,720575940643701152,input,0.0,0.0,0
baseline,0.00625,720575940643701152,early_large_only,0.0,0.0,0
baseline,0.00625,720575940643701152,later_large_only,0.0,0.0,0
baseline,0.00625,720575940643701152,other_active,0.0,-0.264,1
baseline,0.00625,720575940643701152,silent_all,0.0,0.0,0
baseline,0.00625,720575940633874015,input,0.0,0.0,0
baseline,0.00625,720575940633874015,early_large_only,0.0,0.0,0
baseline,0.00625,720575940633874015,later_large_only,0.0,0.0,0
baseline,0.00625,720575940633874015,other_active,0.0,0.0,0
baseline,0.00625,720575940633874015,silent_all,0.0,0.0,0
baseline,0.00625,720575940631828307,input,0.0,0.0,0
baseline,0.00625,720575940631828307,early_large_only,0.0,0.0,0
baseline,0.00625,720575940631828307,later_large_only,0.0,0.0,0
baseline,0.00625,720575940631828307,other_active,0.0,0.0,0
baseline,0.00625,720575940631828307,silent_all,0.0,0.0,0
baseline,0.00625,720575940614383978,input,0.0,0.0,0
baseline,0.00625,720575940614383978,early_large_only,0.0,0.0,0
baseline,0.00625,720575940614383978,later_large_only,0.0,0.0,0
baseline,0.00625,720575940614383978,other_active,0.0,-0.792,2
baseline,0.00625,720575940614383978,silent_all,0.0,0.0,0
baseline,0.00625,720575940640178640,input,0.0,0.0,0
baseline,0.00625,720575940640178640,early_large_only,0.0,0.0,0
baseline,0.00625,720575940640178640,later_large_only,0.0,0.0,0
baseline,0.00625,720575940640178640,other_active,0.0,-0.264,1
baseline,0.00625,720575940640178640,silent_all,0.0,0.0,0
baseline,0.00625,720575940630135084,input,0.0,0.0,0
baseline,0.00625,720575940630135084,early_large_only,0.0,0.0,0
baseline,0.00625,720575940630135084,later_large_only,0.0,0.0,0
baseline,0.00625,720575940630135084,other_active,0.66,-30.095999999999997,14
baseline,0.00625,720575940630135084,silent_all,0.0,0.0,0
baseline,0.00625,720575940617868249,input,0.0,0.0,0
baseline,0.00625,720575940617868249,early_large_only,0.0,0.0,0
baseline,0.00625,720575940617868249,later_large_only,0.0,0.0,0
baseline,0.00625,720575940617868249,other_active,0.0,0.0,0
baseline,0.00625,720575940617868249,silent_all,0.0,0.0,0
baseline,0.00625,720575940611578225,input,0.0,0.0,0
baseline,0.00625,720575940611578225,early_large_only,0.0,0.0,0
baseline,0.00625,720575940611578225,later_large_only,0.0,0.0,0
baseline,0.00625,720575940611578225,other_active,0.0,0.0,0
baseline,0.00625,720575940611578225,silent_all,0.0,0.0,0
baseline,0.00625,720575940616471052,input,0.0,0.0,0
baseline,0.00625,720575940616471052,early_large_only,0.0,0.0,0
baseline,0.00625,720575940616471052,later_large_only,0.0,0.0,0
baseline,0.00625,720575940616471052,other_active,22.44,-26.928,14
baseline,0.00625,720575940616471052,silent_all,0.0,0.0,0
baseline,0.00625,720575940615438402,input,0.0,0.0,0
baseline,0.00625,720575940615438402,early_large_only,0.0,0.0,0
baseline,0.00625,720575940615438402,later_large_only,0.0,0.0,0
baseline,0.00625,720575940615438402,other_active,0.0,0.0,0
baseline,0.00625,720575940615438402,silent_all,0.0,0.0,0
baseline,0.00625,720575940621467212,input,0.0,0.0,0
baseline,0.00625,720575940621467212,early_large_only,0.0,0.0,0
baseline,0.00625,720575940621467212,later_large_only,0.0,0.0,0
baseline,0.00625,720575940621467212,other_active,0.0,0.0,0
baseline,0.00625,720575940621467212,silent_all,0.0,0.0,0
baseline,0.00625,720575940630025004,input,0.0,0.0,0
baseline,0.00625,720575940630025004,early_large_only,0.0,0.0,0
baseline,0.00625,720575940630025004,later_large_only,0.0,0.0,0
baseline,0.00625,720575940630025004,other_active,0.0,0.0,0
baseline,0.00625,720575940630025004,silent_all,0.0,0.0,0
baseline,0.00625,720575940630617386,input,0.0,0.0,0
baseline,0.00625,720575940630617386,early_large_only,0.0,0.0,0
baseline,0.00625,720575940630617386,later_large_only,0.0,0.0,0
baseline,0.00625,720575940630617386,other_active,0.0,0.0,0
baseline,0.00625,720575940630617386,silent_all,0.0,0.0,0
baseline,0.00625,720575940629947964,input,0.0,0.0,0
baseline,0.00625,720575940629947964,early_large_only,0.0,0.0,0
baseline,0.00625,720575940629947964,later_large_only,0.0,0.0,0
baseline,0.00625,720575940629947964,other_active,0.0,0.0,0
baseline,0.00625,720575940629947964,silent_all,0.0,0.0,0
baseline,0.00625,720575940618807454,input,0.0,0.0,0
baseline,0.00625,720575940618807454,early_large_only,0.0,0.0,0
baseline,0.00625,720575940618807454,later_large_only,0.0,0.0,0
baseline,0.00625,720575940618807454,other_active,0.0,0.0,0
baseline,0.00625,720575940618807454,silent_all,0.0,0.0,0
baseline,0.00625,720575940627808122,input,0.0,0.0,0
baseline,0.00625,720575940627808122,early_large_only,0.0,0.0,0
baseline,0.00625,720575940627808122,later_large_only,0.0,0.0,0
baseline,0.00625,720575940627808122,other_active,0.0,0.0,0
baseline,0.00625,720575940627808122,silent_all,0.0,0.0,0
baseline,0.00625,720575940611745429,input,0.0,0.0,0
baseline,0.00625,720575940611745429,early_large_only,0.0,0.0,0
baseline,0.00625,720575940611745429,later_large_only,0.0,0.0,0
baseline,0.00625,720575940611745429,other_active,0.0,0.0,0
baseline,0.00625,720575940611745429,silent_all,0.0,0.0,0
baseline,0.00625,720575940631182354,input,0.0,0.0,0
baseline,0.00625,720575940631182354,early_large_only,0.0,0.0,0
baseline,0.00625,720575940631182354,later_large_only,0.0,0.0,0
baseline,0.00625,720575940631182354,other_active,0.0,0.0,0
baseline,0.00625,720575940631182354,silent_all,0.0,0.0,0
baseline,0.00625,720575940635507960,input,0.0,0.0,0
baseline,0.00625,720575940635507960,early_large_only,0.0,0.0,0
baseline,0.00625,720575940635507960,later_large_only,0.0,0.0,0
baseline,0.00625,720575940635507960,other_active,0.0,0.0,0
baseline,0.00625,720575940635507960,silent_all,0.0,0.0,0
baseline,0.00625,720575940629502251,input,0.0,0.0,0
baseline,0.00625,720575940629502251,early_large_only,0.0,0.0,0
baseline,0.00625,720575940629502251,later_large_only,0.0,0.0,0
baseline,0.00625,720575940629502251,other_active,0.0,-1.584,3
baseline,0.00625,720575940629502251,silent_all,0.0,0.0,0
baseline,0.00625,720575940617749538,input,0.0,0.0,0
baseline,0.00625,720575940617749538,early_large_only,0.0,0.0,0
baseline,0.00625,720575940617749538,later_large_only,0.0,0.0,0
baseline,0.00625,720575940617749538,other_active,0.0,0.0,0
baseline,0.00625,720575940617749538,silent_all,0.0,0.0,0
baseline,0.00625,720575940621768180,input,0.0,0.0,0
baseline,0.00625,720575940621768180,early_large_only,0.0,0.0,0
baseline,0.00625,720575940621768180,later_large_only,0.0,0.0,0
baseline,0.00625,720575940621768180,other_active,0.0,0.0,0
baseline,0.00625,720575940621768180,silent_all,0.0,0.0,0
baseline,0.00625,720575940623201833,input,0.0,0.0,0
baseline,0.00625,720575940623201833,early_large_only,0.0,0.0,0
baseline,0.00625,720575940623201833,later_large_only,0.0,0.0,0
baseline,0.00625,720575940623201833,other_active,0.0,0.0,0
baseline,0.00625,720575940623201833,silent_all,0.0,0.0,0
baseline,0.00625,720575940629701881,input,0.0,0.0,0
baseline,0.00625,720575940629701881,early_large_only,0.0,0.0,0
baseline,0.00625,720575940629701881,later_large_only,0.0,0.0,0
baseline,0.00625,720575940629701881,other_active,0.0,0.0,0
baseline,0.00625,720575940629701881,silent_all,0.0,0.0,0
baseline,0.00625,720575940627380679,input,0.0,0.0,0
baseline,0.00625,720575940627380679,early_large_only,0.0,0.0,0
baseline,0.00625,720575940627380679,later_large_only,0.0,0.0,0
baseline,0.00625,720575940627380679,other_active,0.0,0.0,0
baseline,0.00625,720575940627380679,silent_all,0.0,0.0,0
baseline,0.00625,720575940629755723,input,0.0,0.0,0
baseline,0.00625,720575940629755723,early_large_only,0.0,0.0,0
baseline,0.00625,720575940629755723,later_large_only,0.0,0.0,0
baseline,0.00625,720575940629755723,other_active,0.0,0.0,0
baseline,0.00625,720575940629755723,silent_all,0.0,0.0,0
baseline,0.00625,720575940620571574,input,0.0,0.0,0
baseline,0.00625,720575940620571574,early_large_only,0.0,0.0,0
baseline,0.00625,720575940620571574,later_large_only,0.0,0.0,0
baseline,0.00625,720575940620571574,other_active,0.0,0.0,0
baseline,0.00625,720575940620571574,silent_all,0.0,0.0,0
baseline,0.00625,720575940631670865,input,0.0,0.0,0
baseline,0.00625,720575940631670865,early_large_only,0.0,0.0,0
baseline,0.00625,720575940631670865,later_large_only,0.0,0.0,0
baseline,0.00625,720575940631670865,other_active,0.0,0.0,0
baseline,0.00625,720575940631670865,silent_all,0.0,0.0,0
baseline,0.00625,720575940624982823,input,0.0,0.0,0
baseline,0.00625,720575940624982823,early_large_only,0.0,0.0,0
baseline,0.00625,720575940624982823,later_large_only,0.0,0.0,0
baseline,0.00625,720575940624982823,other_active,0.66,-1.584,6
baseline,0.00625,720575940624982823,silent_all,0.0,0.0,0
baseline,0.00625,720575940634575796,input,0.0,0.0,0
baseline,0.00625,720575940634575796,early_large_only,0.0,0.0,0
baseline,0.00625,720575940634575796,later_large_only,0.0,0.0,0
baseline,0.00625,720575940634575796,other_active,0.0,0.0,0
baseline,0.00625,720575940634575796,silent_all,0.0,0.0,0
baseline,0.00625,720575940624534972,input,0.0,0.0,0
baseline,0.00625,720575940624534972,early_large_only,0.0,0.0,0
baseline,0.00625,720575940624534972,later_large_only,0.0,0.0,0
baseline,0.00625,720575940624534972,other_active,0.0,-14.520000000000003,5
baseline,0.00625,720575940624534972,silent_all,0.0,0.0,0
baseline,0.00625,720575940626879505,input,0.0,0.0,0
baseline,0.00625,720575940626879505,early_large_only,0.0,0.0,0
baseline,0.00625,720575940626879505,later_large_only,0.0,0.0,0
baseline,0.00625,720575940626879505,other_active,0.0,-0.528,2
baseline,0.00625,720575940626879505,silent_all,0.0,0.0,0
baseline,0.00625,720575940629529722,input,0.0,0.0,0
baseline,0.00625,720575940629529722,early_large_only,0.0,0.0,0
baseline,0.00625,720575940629529722,later_large_only,0.0,0.0,0
baseline,0.00625,720575940629529722,other_active,0.0,0.0,0
baseline,0.00625,720575940629529722,silent_all,0.0,0.0,0
baseline,0.00625,720575940609077828,input,0.0,0.0,0
baseline,0.00625,720575940609077828,early_large_only,0.0,0.0,0
baseline,0.00625,720575940609077828,later_large_only,0.0,0.0,0
baseline,0.00625,720575940609077828,other_active,0.0,0.0,0
baseline,0.00625,720575940609077828,silent_all,0.0,0.0,0
baseline,0.00625,720575940629585602,input,0.0,0.0,0
baseline,0.00625,720575940629585602,early_large_only,0.0,0.0,0
baseline,0.00625,720575940629585602,later_large_only,0.0,0.0,0
baseline,0.00625,720575940629585602,other_active,0.0,0.0,0
baseline,0.00625,720575940629585602,silent_all,0.0,0.0,0
baseline,0.00625,720575940630914245,input,0.0,0.0,0
baseline,0.00625,720575940630914245,early_large_only,0.0,0.0,0
baseline,0.00625,720575940630914245,later_large_only,0.0,0.0,0
baseline,0.00625,720575940630914245,other_active,0.0,0.0,0
baseline,0.00625,720575940630914245,silent_all,0.0,0.0,0
baseline,0.00625,720575940631990343,input,0.0,0.0,0
baseline,0.00625,720575940631990343,early_large_only,0.0,0.0,0
baseline,0.00625,720575940631990343,later_large_only,0.0,0.0,0
baseline,0.00625,720575940631990343,other_active,0.0,0.0,0
baseline,0.00625,720575940631990343,silent_all,0.0,0.0,0
baseline,0.00625,720575940617413957,input,0.0,0.0,0
baseline,0.00625,720575940617413957,early_large_only,0.0,0.0,0
baseline,0.00625,720575940617413957,later_large_only,0.0,0.0,0
baseline,0.00625,720575940617413957,other_active,0.0,0.0,0
baseline,0.00625,720575940617413957,silent_all,0.0,0.0,0
baseline,0.00625,720575940616486230,input,0.0,0.0,0
baseline,0.00625,720575940616486230,early_large_only,0.0,0.0,0
baseline,0.00625,720575940616486230,later_large_only,0.0,0.0,0
baseline,0.00625,720575940616486230,other_active,0.0,0.0,0
baseline,0.00625,720575940616486230,silent_all,0.0,0.0,0
baseline,0.00625,720575940632230099,input,0.0,0.0,0
baseline,0.00625,720575940632230099,early_large_only,0.0,0.0,0
baseline,0.00625,720575940632230099,later_large_only,0.0,0.0,0
baseline,0.00625,720575940632230099,other_active,0.0,0.0,0
baseline,0.00625,720575940632230099,silent_all,0.0,0.0,0
baseline,0.00625,720575940617244372,input,0.0,0.0,0
baseline,0.00625,720575940617244372,early_large_only,0.0,0.0,0
baseline,0.00625,720575940617244372,later_large_only,0.0,0.0,0
baseline,0.00625,720575940617244372,other_active,0.0,0.0,0
baseline,0.00625,720575940617244372,silent_all,0.0,0.0,0
baseline,0.00625,720575940630810695,input,0.0,0.0,0
baseline,0.00625,720575940630810695,early_large_only,0.0,0.0,0
baseline,0.00625,720575940630810695,later_large_only,0.0,0.0,0
baseline,0.00625,720575940630810695,other_active,0.0,-0.528,2
baseline,0.00625,720575940630810695,silent_all,0.0,0.0,0
baseline,0.00625,720575940641148405,input,0.0,0.0,0
baseline,0.00625,720575940641148405,early_large_only,0.0,0.0,0
baseline,0.00625,720575940641148405,later_large_only,0.0,0.0,0
baseline,0.00625,720575940641148405,other_active,0.0,0.0,0
baseline,0.00625,720575940641148405,silent_all,0.0,0.0,0
baseline,0.00625,720575940634418021,input,0.0,0.0,0
baseline,0.00625,720575940634418021,early_large_only,0.0,0.0,0
baseline,0.00625,720575940634418021,later_large_only,0.0,0.0,0
baseline,0.00625,720575940634418021,other_active,0.0,0.0,0
baseline,0.00625,720575940634418021,silent_all,0.0,0.0,0
baseline,0.00625,720575940617728852,input,0.0,0.0,0
baseline,0.00625,720575940617728852,early_large_only,0.0,0.0,0
baseline,0.00625,720575940617728852,later_large_only,0.0,0.0,0
baseline,0.00625,720575940617728852,other_active,0.0,0.0,0
baseline,0.00625,720575940617728852,silent_all,0.0,0.0,0
baseline,0.00625,720575940616235348,input,0.0,0.0,0
baseline,0.00625,720575940616235348,early_large_only,0.0,0.0,0
baseline,0.00625,720575940616235348,later_large_only,0.0,0.0,0
baseline,0.00625,720575940616235348,other_active,0.0,0.0,0
baseline,0.00625,720575940616235348,silent_all,0.0,0.0,0
baseline,0.00625,720575940623182847,input,0.0,0.0,0
baseline,0.00625,720575940623182847,early_large_only,0.0,0.0,0
baseline,0.00625,720575940623182847,later_large_only,0.0,0.0,0
baseline,0.00625,720575940623182847,other_active,0.0,0.0,0
baseline,0.00625,720575940623182847,silent_all,0.0,0.0,0
baseline,0.00625,720575940629360459,input,0.0,0.0,0
baseline,0.00625,720575940629360459,early_large_only,0.0,0.0,0
baseline,0.00625,720575940629360459,later_large_only,0.0,0.0,0
baseline,0.00625,720575940629360459,other_active,0.0,0.0,0
baseline,0.00625,720575940629360459,silent_all,0.0,0.0,0
baseline,0.00625,720575940624280328,input,0.0,0.0,0
baseline,0.00625,720575940624280328,early_large_only,0.0,0.0,0
baseline,0.00625,720575940624280328,later_large_only,0.0,0.0,0
baseline,0.00625,720575940624280328,other_active,0.0,0.0,0
baseline,0.00625,720575940624280328,silent_all,0.0,0.0,0
baseline,0.00625,720575940621712990,input,0.0,0.0,0
baseline,0.00625,720575940621712990,early_large_only,0.0,0.0,0
baseline,0.00625,720575940621712990,later_large_only,0.0,0.0,0
baseline,0.00625,720575940621712990,other_active,0.0,0.0,0
baseline,0.00625,720575940621712990,silent_all,0.0,0.0,0
baseline,0.00625,720575940608744405,input,0.0,0.0,0
baseline,0.00625,720575940608744405,early_large_only,0.0,0.0,0
baseline,0.00625,720575940608744405,later_large_only,0.0,0.0,0
baseline,0.00625,720575940608744405,other_active,0.0,-0.792,3
baseline,0.00625,720575940608744405,silent_all,0.0,0.0,0
baseline,0.00625,720575940614573674,input,0.0,0.0,0
baseline,0.00625,720575940614573674,early_large_only,0.0,0.0,0
baseline,0.00625,720575940614573674,later_large_only,0.0,0.0,0
baseline,0.00625,720575940614573674,other_active,0.0,0.0,0
baseline,0.00625,720575940614573674,silent_all,0.0,0.0,0
baseline,0.00625,720575940620842111,input,0.0,0.0,0
baseline,0.00625,720575940620842111,early_large_only,0.0,0.0,0
baseline,0.00625,720575940620842111,later_large_only,0.0,0.0,0
baseline,0.00625,720575940620842111,other_active,0.0,-0.528,1
baseline,0.00625,720575940620842111,silent_all,0.0,0.0,0
baseline,0.00625,720575940617078489,input,0.0,0.0,0
baseline,0.00625,720575940617078489,early_large_only,0.0,0.0,0
baseline,0.00625,720575940617078489,later_large_only,0.0,0.0,0
baseline,0.00625,720575940617078489,other_active,0.0,0.0,0
baseline,0.00625,720575940617078489,silent_all,0.0,0.0,0
baseline,0.00625,720575940621595888,input,0.0,0.0,0
baseline,0.00625,720575940621595888,early_large_only,0.0,0.0,0
baseline,0.00625,720575940621595888,later_large_only,0.0,0.0,0
baseline,0.00625,720575940621595888,other_active,0.0,0.0,0
baseline,0.00625,720575940621595888,silent_all,0.0,0.0,0
baseline,0.00625,720575940631349096,input,0.0,0.0,0
baseline,0.00625,720575940631349096,early_large_only,0.0,0.0,0
baseline,0.00625,720575940631349096,later_large_only,0.0,0.0,0
baseline,0.00625,720575940631349096,other_active,0.0,0.0,0
baseline,0.00625,720575940631349096,silent_all,0.0,0.0,0
baseline,0.00625,720575940625212965,input,0.0,0.0,0
baseline,0.00625,720575940625212965,early_large_only,0.0,0.0,0
baseline,0.00625,720575940625212965,later_large_only,0.0,0.0,0
baseline,0.00625,720575940625212965,other_active,0.0,0.0,0
baseline,0.00625,720575940625212965,silent_all,0.0,0.0,0
baseline,0.00625,720575940631517251,input,0.0,0.0,0
baseline,0.00625,720575940631517251,early_large_only,0.0,0.0,0
baseline,0.00625,720575940631517251,later_large_only,0.0,0.0,0
baseline,0.00625,720575940631517251,other_active,0.0,-5.28,2
baseline,0.00625,720575940631517251,silent_all,0.0,0.0,0
baseline,0.00625,720575940624477246,input,0.0,0.0,0
baseline,0.00625,720575940624477246,early_large_only,0.0,0.0,0
baseline,0.00625,720575940624477246,later_large_only,0.0,0.0,0
baseline,0.00625,720575940624477246,other_active,0.0,0.0,0
baseline,0.00625,720575940624477246,silent_all,0.0,0.0,0
baseline,0.00625,720575940620266689,input,0.0,0.0,0
baseline,0.00625,720575940620266689,early_large_only,0.0,0.0,0
baseline,0.00625,720575940620266689,later_large_only,0.0,0.0,0
baseline,0.00625,720575940620266689,other_active,0.0,0.0,0
baseline,0.00625,720575940620266689,silent_all,0.0,0.0,0
baseline,0.00625,720575940613948834,input,0.0,0.0,0
baseline,0.00625,720575940613948834,early_large_only,0.0,0.0,0
baseline,0.00625,720575940613948834,later_large_only,0.0,0.0,0
baseline,0.00625,720575940613948834,other_active,0.0,0.0,0
baseline,0.00625,720575940613948834,silent_all,0.0,0.0,0
baseline,0.00625,720575940619820368,input,0.0,0.0,0
baseline,0.00625,720575940619820368,early_large_only,0.0,0.0,0
baseline,0.00625,720575940619820368,later_large_only,0.0,0.0,0
baseline,0.00625,720575940619820368,other_active,0.0,0.0,0
baseline,0.00625,720575940619820368,silent_all,0.0,0.0,0
baseline,0.00625,720575940609932130,input,0.0,0.0,0
baseline,0.00625,720575940609932130,early_large_only,0.0,0.0,0
baseline,0.00625,720575940609932130,later_large_only,0.0,0.0,0
baseline,0.00625,720575940609932130,other_active,0.0,0.0,0
baseline,0.00625,720575940609932130,silent_all,0.0,0.0,0
baseline,0.00625,720575940633735063,input,0.0,0.0,0
baseline,0.00625,720575940633735063,early_large_only,0.0,0.0,0
baseline,0.00625,720575940633735063,later_large_only,0.0,0.0,0
baseline,0.00625,720575940633735063,other_active,0.0,0.0,0
baseline,0.00625,720575940633735063,silent_all,0.0,0.0,0
baseline,0.00625,720575940624093693,input,0.0,0.0,0
baseline,0.00625,720575940624093693,early_large_only,0.0,0.0,0
baseline,0.00625,720575940624093693,later_large_only,0.0,0.0,0
baseline,0.00625,720575940624093693,other_active,0.0,0.0,0
baseline,0.00625,720575940624093693,silent_all,0.0,0.0,0
baseline,0.00625,720575940610404977,input,0.0,0.0,0
baseline,0.00625,720575940610404977,early_large_only,0.0,0.0,0
baseline,0.00625,720575940610404977,later_large_only,0.0,0.0,0
baseline,0.00625,720575940610404977,other_active,0.0,0.0,0
baseline,0.00625,720575940610404977,silent_all,0.0,0.0,0
baseline,0.00625,720575940619998630,input,0.0,0.0,0
baseline,0.00625,720575940619998630,early_large_only,0.0,0.0,0
baseline,0.00625,720575940619998630,later_large_only,0.0,0.0,0
baseline,0.00625,720575940619998630,other_active,2.6399999999999997,-27.192000000000004,12
baseline,0.00625,720575940619998630,silent_all,0.0,0.0,0
baseline,0.00625,720575940630930383,input,0.0,0.0,0
baseline,0.00625,720575940630930383,early_large_only,0.0,0.0,0
baseline,0.00625,720575940630930383,later_large_only,0.0,0.0,0
baseline,0.00625,720575940630930383,other_active,0.0,-0.264,1
baseline,0.00625,720575940630930383,silent_all,0.0,0.0,0
baseline,0.00625,720575940607472649,input,0.0,0.0,0
baseline,0.00625,720575940607472649,early_large_only,0.0,0.0,0
baseline,0.00625,720575940607472649,later_large_only,0.0,0.0,0
baseline,0.00625,720575940607472649,other_active,0.0,0.0,0
baseline,0.00625,720575940607472649,silent_all,0.0,0.0,0
baseline,0.00625,720575940627368723,input,0.0,0.0,0
baseline,0.00625,720575940627368723,early_large_only,0.0,0.0,0
baseline,0.00625,720575940627368723,later_large_only,0.0,0.0,0
baseline,0.00625,720575940627368723,other_active,5.61,-13.728000000000002,24
baseline,0.00625,720575940627368723,silent_all,0.0,0.0,0
baseline,0.00625,720575940622998627,input,0.0,0.0,0
baseline,0.00625,720575940622998627,early_large_only,0.0,0.0,0
baseline,0.00625,720575940622998627,later_large_only,0.0,0.0,0
baseline,0.00625,720575940622998627,other_active,2.97,-0.528,2
baseline,0.00625,720575940622998627,silent_all,0.0,0.0,0
baseline,0.00625,720575940639948160,input,0.0,0.0,0
baseline,0.00625,720575940639948160,early_large_only,0.0,0.0,0
baseline,0.00625,720575940639948160,later_large_only,0.0,0.0,0
baseline,0.00625,720575940639948160,other_active,0.0,0.0,0
baseline,0.00625,720575940639948160,silent_all,0.0,0.0,0
baseline,0.00625,720575940634310763,input,0.0,0.0,0
baseline,0.00625,720575940634310763,early_large_only,0.0,0.0,0
baseline,0.00625,720575940634310763,later_large_only,0.0,0.0,0
baseline,0.00625,720575940634310763,other_active,0.33,-0.528,3
baseline,0.00625,720575940634310763,silent_all,0.0,0.0,0
baseline,0.00625,720575940626654041,input,0.0,0.0,0
baseline,0.00625,720575940626654041,early_large_only,0.0,0.0,0
baseline,0.00625,720575940626654041,later_large_only,0.0,0.0,0
baseline,0.00625,720575940626654041,other_active,0.0,0.0,0
baseline,0.00625,720575940626654041,silent_all,0.0,0.0,0
baseline,0.00625,720575940618165393,input,0.0,0.0,0
baseline,0.00625,720575940618165393,early_large_only,0.0,0.0,0
baseline,0.00625,720575940618165393,later_large_only,0.0,0.0,0
baseline,0.00625,720575940618165393,other_active,6.2700000000000005,-2.904,7
baseline,0.00625,720575940618165393,silent_all,0.0,0.0,0
baseline,0.00625,720575940625336464,input,0.0,0.0,0
baseline,0.00625,720575940625336464,early_large_only,0.0,0.0,0
baseline,0.00625,720575940625336464,later_large_only,0.0,0.0,0
baseline,0.00625,720575940625336464,other_active,0.0,0.0,0
baseline,0.00625,720575940625336464,silent_all,0.0,0.0,0
baseline,0.00625,720575940626693130,input,0.0,0.0,0
baseline,0.00625,720575940626693130,early_large_only,0.0,0.0,0
baseline,0.00625,720575940626693130,later_large_only,0.0,0.0,0
baseline,0.00625,720575940626693130,other_active,0.0,0.0,0
baseline,0.00625,720575940626693130,silent_all,0.0,0.0,0
baseline,0.00625,720575940636553902,input,0.0,0.0,0
baseline,0.00625,720575940636553902,early_large_only,0.0,0.0,0
baseline,0.00625,720575940636553902,later_large_only,0.0,0.0,0
baseline,0.00625,720575940636553902,other_active,0.0,0.0,0
baseline,0.00625,720575940636553902,silent_all,0.0,0.0,0
baseline,0.00625,720575940614908383,input,0.0,0.0,0
baseline,0.00625,720575940614908383,early_large_only,0.0,0.0,0
baseline,0.00625,720575940614908383,later_large_only,0.0,0.0,0
baseline,0.00625,720575940614908383,other_active,0.0,-2.3760000000000003,3
baseline,0.00625,720575940614908383,silent_all,0.0,0.0,0
baseline,0.00625,720575940639028413,input,0.0,0.0,0
baseline,0.00625,720575940639028413,early_large_only,0.0,0.0,0
baseline,0.00625,720575940639028413,later_large_only,0.0,0.0,0
baseline,0.00625,720575940639028413,other_active,0.0,-0.264,1
baseline,0.00625,720575940639028413,silent_all,0.0,0.0,0
baseline,0.00625,720575940637073385,input,0.0,0.0,0
baseline,0.00625,720575940637073385,early_large_only,0.0,0.0,0
baseline,0.00625,720575940637073385,later_large_only,0.0,0.0,0
baseline,0.00625,720575940637073385,other_active,0.0,0.0,0
baseline,0.00625,720575940637073385,silent_all,0.0,0.0,0
baseline,0.00625,720575940619488495,input,0.0,0.0,0
baseline,0.00625,720575940619488495,early_large_only,0.0,0.0,0
baseline,0.00625,720575940619488495,later_large_only,0.0,0.0,0
baseline,0.00625,720575940619488495,other_active,0.0,0.0,0
baseline,0.00625,720575940619488495,silent_all,0.0,0.0,0
baseline,0.00625,720575940614457342,input,0.0,0.0,0
baseline,0.00625,720575940614457342,early_large_only,0.0,0.0,0
baseline,0.00625,720575940614457342,later_large_only,0.0,0.0,0
baseline,0.00625,720575940614457342,other_active,0.0,0.0,0
baseline,0.00625,720575940614457342,silent_all,0.0,0.0,0
baseline,0.00625,720575940627757584,input,0.0,0.0,0
baseline,0.00625,720575940627757584,early_large_only,0.0,0.0,0
baseline,0.00625,720575940627757584,later_large_only,0.0,0.0,0
baseline,0.00625,720575940627757584,other_active,0.0,0.0,0
baseline,0.00625,720575940627757584,silent_all,0.0,0.0,0
baseline,0.00625,720575940637210334,input,0.0,0.0,0
baseline,0.00625,720575940637210334,early_large_only,0.0,0.0,0
baseline,0.00625,720575940637210334,later_large_only,0.0,0.0,0
baseline,0.00625,720575940637210334,other_active,0.0,-1.056,1
baseline,0.00625,720575940637210334,silent_all,0.0,0.0,0
baseline,0.00625,720575940629461442,input,0.0,0.0,0
baseline,0.00625,720575940629461442,early_large_only,0.0,0.0,0
baseline,0.00625,720575940629461442,later_large_only,0.0,0.0,0
baseline,0.00625,720575940629461442,other_active,0.0,-1.8480000000000003,3
baseline,0.00625,720575940629461442,silent_all,0.0,0.0,0
baseline,0.00625,720575940607982428,input,0.0,0.0,0
baseline,0.00625,720575940607982428,early_large_only,0.0,0.0,0
baseline,0.00625,720575940607982428,later_large_only,0.0,0.0,0
baseline,0.00625,720575940607982428,other_active,0.0,-0.792,2
baseline,0.00625,720575940607982428,silent_all,0.0,0.0,0
baseline,0.00625,720575940611182554,input,0.0,0.0,0
baseline,0.00625,720575940611182554,early_large_only,0.0,0.0,0
baseline,0.00625,720575940611182554,later_large_only,0.0,0.0,0
baseline,0.00625,720575940611182554,other_active,0.0,0.0,0
baseline,0.00625,720575940611182554,silent_all,0.0,0.0,0
baseline,0.00625,720575940634258146,input,0.0,0.0,0
baseline,0.00625,720575940634258146,early_large_only,0.0,0.0,0
baseline,0.00625,720575940634258146,later_large_only,0.0,0.0,0
baseline,0.00625,720575940634258146,other_active,1.98,-0.264,2
baseline,0.00625,720575940634258146,silent_all,0.0,0.0,0
baseline,0.00625,720575940638937688,input,0.0,0.0,0
baseline,0.00625,720575940638937688,early_large_only,0.0,0.0,0
baseline,0.00625,720575940638937688,later_large_only,0.0,0.0,0
baseline,0.00625,720575940638937688,other_active,0.0,0.0,0
baseline,0.00625,720575940638937688,silent_all,0.0,0.0,0
baseline,0.00625,720575940618398533,input,0.0,0.0,0
baseline,0.00625,720575940618398533,early_large_only,0.0,0.0,0
baseline,0.00625,720575940618398533,later_large_only,0.0,0.0,0
baseline,0.00625,720575940618398533,other_active,0.0,0.0,0
baseline,0.00625,720575940618398533,silent_all,0.0,0.0,0
baseline,0.00625,720575940615086698,input,0.0,0.0,0
baseline,0.00625,720575940615086698,early_large_only,0.0,0.0,0
baseline,0.00625,720575940615086698,later_large_only,0.0,0.0,0
baseline,0.00625,720575940615086698,other_active,0.99,0.0,2
baseline,0.00625,720575940615086698,silent_all,0.0,0.0,0
baseline,0.00625,720575940625107352,input,0.0,0.0,0
baseline,0.00625,720575940625107352,early_large_only,0.0,0.0,0
baseline,0.00625,720575940625107352,later_large_only,0.0,0.0,0
baseline,0.00625,720575940625107352,other_active,0.0,0.0,0
baseline,0.00625,720575940625107352,silent_all,0.0,0.0,0
baseline,0.00625,720575940623181823,input,0.0,0.0,0
baseline,0.00625,720575940623181823,early_large_only,0.0,0.0,0
baseline,0.00625,720575940623181823,later_large_only,0.0,0.0,0
baseline,0.00625,720575940623181823,other_active,0.0,0.0,0
baseline,0.00625,720575940623181823,silent_all,0.0,0.0,0
baseline,0.00625,720575940632501404,input,0.0,0.0,0
baseline,0.00625,720575940632501404,early_large_only,0.0,0.0,0
baseline,0.00625,720575940632501404,later_large_only,0.0,0.0,0
baseline,0.00625,720575940632501404,other_active,0.0,0.0,0
baseline,0.00625,720575940632501404,silent_all,0.0,0.0,0
baseline,0.00625,720575940623338281,input,0.0,0.0,0
baseline,0.00625,720575940623338281,early_large_only,0.0,0.0,0
baseline,0.00625,720575940623338281,later_large_only,0.0,0.0,0
baseline,0.00625,720575940623338281,other_active,6.930000000000001,-11.616,8
baseline,0.00625,720575940623338281,silent_all,0.0,0.0,0
baseline,0.00625,720575940624971243,input,0.0,0.0,0
baseline,0.00625,720575940624971243,early_large_only,0.0,0.0,0
baseline,0.00625,720575940624971243,later_large_only,0.0,0.0,0
baseline,0.00625,720575940624971243,other_active,3.96,-13.464000000000002,19
baseline,0.00625,720575940624971243,silent_all,0.0,0.0,0
baseline,0.00625,720575940646582836,input,0.0,0.0,0
baseline,0.00625,720575940646582836,early_large_only,0.0,0.0,0
baseline,0.00625,720575940646582836,later_large_only,0.0,0.0,0
baseline,0.00625,720575940646582836,other_active,0.0,0.0,0
baseline,0.00625,720575940646582836,silent_all,0.0,0.0,0
baseline,0.00625,720575940631147335,input,0.0,0.0,0
baseline,0.00625,720575940631147335,early_large_only,0.0,0.0,0
baseline,0.00625,720575940631147335,later_large_only,0.0,0.0,0
baseline,0.00625,720575940631147335,other_active,0.0,0.0,0
baseline,0.00625,720575940631147335,silent_all,0.0,0.0,0
baseline,0.00625,720575940619843311,input,0.0,0.0,0
baseline,0.00625,720575940619843311,early_large_only,0.0,0.0,0
baseline,0.00625,720575940619843311,later_large_only,0.0,0.0,0
baseline,0.00625,720575940619843311,other_active,0.0,0.0,0
baseline,0.00625,720575940619843311,silent_all,0.0,0.0,0
baseline,0.00625,720575940619773867,input,0.0,0.0,0
baseline,0.00625,720575940619773867,early_large_only,0.0,0.0,0
baseline,0.00625,720575940619773867,later_large_only,0.0,0.0,0
baseline,0.00625,720575940619773867,other_active,0.0,0.0,0
baseline,0.00625,720575940619773867,silent_all,0.0,0.0,0
baseline,0.00625,720575940633333916,input,0.0,0.0,0
baseline,0.00625,720575940633333916,early_large_only,0.0,0.0,0
baseline,0.00625,720575940633333916,later_large_only,0.0,0.0,0
baseline,0.00625,720575940633333916,other_active,0.0,0.0,0
baseline,0.00625,720575940633333916,silent_all,0.0,0.0,0
baseline,0.00625,720575940615405718,input,0.0,0.0,0
baseline,0.00625,720575940615405718,early_large_only,0.0,0.0,0
baseline,0.00625,720575940615405718,later_large_only,0.0,0.0,0
baseline,0.00625,720575940615405718,other_active,0.0,0.0,0
baseline,0.00625,720575940615405718,silent_all,0.0,0.0,0
baseline,0.00625,720575940633480860,input,0.0,0.0,0
baseline,0.00625,720575940633480860,early_large_only,0.0,0.0,0
baseline,0.00625,720575940633480860,later_large_only,0.0,0.0,0
baseline,0.00625,720575940633480860,other_active,0.0,0.0,0
baseline,0.00625,720575940633480860,silent_all,0.0,0.0,0
baseline,0.00625,720575940623781268,input,0.0,0.0,0
baseline,0.00625,720575940623781268,early_large_only,0.0,0.0,0
baseline,0.00625,720575940623781268,later_large_only,0.0,0.0,0
baseline,0.00625,720575940623781268,other_active,0.0,0.0,0
baseline,0.00625,720575940623781268,silent_all,0.0,0.0,0
baseline,0.00625,720575940624028396,input,0.0,0.0,0
baseline,0.00625,720575940624028396,early_large_only,0.0,0.0,0
baseline,0.00625,720575940624028396,later_large_only,0.0,0.0,0
baseline,0.00625,720575940624028396,other_active,0.0,0.0,0
baseline,0.00625,720575940624028396,silent_all,0.0,0.0,0
baseline,0.00625,720575940628353018,input,0.0,0.0,0
baseline,0.00625,720575940628353018,early_large_only,0.0,0.0,0
baseline,0.00625,720575940628353018,later_large_only,0.0,0.0,0
baseline,0.00625,720575940628353018,other_active,0.0,0.0,0
baseline,0.00625,720575940628353018,silent_all,0.0,0.0,0
baseline,0.00625,720575940643919908,input,0.0,0.0,0
baseline,0.00625,720575940643919908,early_large_only,0.0,0.0,0
baseline,0.00625,720575940643919908,later_large_only,0.0,0.0,0
baseline,0.00625,720575940643919908,other_active,0.0,0.0,0
baseline,0.00625,720575940643919908,silent_all,0.0,0.0,0
baseline,0.00625,720575940612302042,input,0.0,0.0,0
baseline,0.00625,720575940612302042,early_large_only,0.0,0.0,0
baseline,0.00625,720575940612302042,later_large_only,0.0,0.0,0
baseline,0.00625,720575940612302042,other_active,0.0,0.0,0
baseline,0.00625,720575940612302042,silent_all,0.0,0.0,0
baseline,0.00625,720575940628356102,input,0.0,0.0,0
baseline,0.00625,720575940628356102,early_large_only,0.0,0.0,0
baseline,0.00625,720575940628356102,later_large_only,0.0,0.0,0
baseline,0.00625,720575940628356102,other_active,0.33,0.0,1
baseline,0.00625,720575940628356102,silent_all,0.0,0.0,0
baseline,0.00625,720575940620058537,input,0.0,0.0,0
baseline,0.00625,720575940620058537,early_large_only,0.0,0.0,0
baseline,0.00625,720575940620058537,later_large_only,0.0,0.0,0
baseline,0.00625,720575940620058537,other_active,0.0,0.0,0
baseline,0.00625,720575940620058537,silent_all,0.0,0.0,0
baseline,0.00625,720575940615974868,input,0.0,0.0,0
baseline,0.00625,720575940615974868,early_large_only,0.0,0.0,0
baseline,0.00625,720575940615974868,later_large_only,0.0,0.0,0
baseline,0.00625,720575940615974868,other_active,0.0,0.0,0
baseline,0.00625,720575940615974868,silent_all,0.0,0.0,0
baseline,0.00625,720575940639007395,input,0.0,0.0,0
baseline,0.00625,720575940639007395,early_large_only,0.0,0.0,0
baseline,0.00625,720575940639007395,later_large_only,0.0,0.0,0
baseline,0.00625,720575940639007395,other_active,0.0,0.0,0
baseline,0.00625,720575940639007395,silent_all,0.0,0.0,0
baseline,0.00625,720575940620380449,input,0.0,0.0,0
baseline,0.00625,720575940620380449,early_large_only,0.0,0.0,0
baseline,0.00625,720575940620380449,later_large_only,0.0,0.0,0
baseline,0.00625,720575940620380449,other_active,0.0,-9.24,1
baseline,0.00625,720575940620380449,silent_all,0.0,0.0,0
baseline,0.00625,720575940659709569,input,0.0,0.0,0
baseline,0.00625,720575940659709569,early_large_only,0.0,0.0,0
baseline,0.00625,720575940659709569,later_large_only,0.0,0.0,0
baseline,0.00625,720575940659709569,other_active,3.6300000000000003,0.0,1
baseline,0.00625,720575940659709569,silent_all,0.0,0.0,0
baseline,0.00625,720575940627422982,input,0.0,0.0,0
baseline,0.00625,720575940627422982,early_large_only,0.0,0.0,0
baseline,0.00625,720575940627422982,later_large_only,0.0,0.0,0
baseline,0.00625,720575940627422982,other_active,0.0,0.0,0
baseline,0.00625,720575940627422982,silent_all,0.0,0.0,0
baseline,0.00625,720575940630190295,input,0.0,0.0,0
baseline,0.00625,720575940630190295,early_large_only,0.0,0.0,0
baseline,0.00625,720575940630190295,later_large_only,0.0,0.0,0
baseline,0.00625,720575940630190295,other_active,4.62,-12.408000000000001,6
baseline,0.00625,720575940630190295,silent_all,0.0,0.0,0
baseline,0.00625,720575940642617544,input,0.0,0.0,0
baseline,0.00625,720575940642617544,early_large_only,0.0,0.0,0
baseline,0.00625,720575940642617544,later_large_only,0.0,0.0,0
baseline,0.00625,720575940642617544,other_active,0.0,0.0,0
baseline,0.00625,720575940642617544,silent_all,0.0,0.0,0
baseline,0.00625,720575940612033253,input,0.0,0.0,0
baseline,0.00625,720575940612033253,early_large_only,0.0,0.0,0
baseline,0.00625,720575940612033253,later_large_only,0.0,0.0,0
baseline,0.00625,720575940612033253,other_active,11.88,-1.32,4
baseline,0.00625,720575940612033253,silent_all,0.0,0.0,0
baseline,0.00625,720575940638460998,input,0.0,0.0,0
baseline,0.00625,720575940638460998,early_large_only,0.0,0.0,0
baseline,0.00625,720575940638460998,later_large_only,0.0,0.0,0
baseline,0.00625,720575940638460998,other_active,0.0,-13.992,9
baseline,0.00625,720575940638460998,silent_all,0.0,0.0,0
baseline,0.00625,720575940619797488,input,0.0,0.0,0
baseline,0.00625,720575940619797488,early_large_only,0.0,0.0,0
baseline,0.00625,720575940619797488,later_large_only,0.0,0.0,0
baseline,0.00625,720575940619797488,other_active,0.0,0.0,0
baseline,0.00625,720575940619797488,silent_all,0.0,0.0,0
baseline,0.00625,720575940639410291,input,0.0,0.0,0
baseline,0.00625,720575940639410291,early_large_only,0.0,0.0,0
baseline,0.00625,720575940639410291,later_large_only,0.0,0.0,0
baseline,0.00625,720575940639410291,other_active,0.0,0.0,0
baseline,0.00625,720575940639410291,silent_all,0.0,0.0,0
baseline,0.00625,720575940615438495,input,0.0,0.0,0
baseline,0.00625,720575940615438495,early_large_only,0.0,0.0,0
baseline,0.00625,720575940615438495,later_large_only,0.0,0.0,0
baseline,0.00625,720575940615438495,other_active,0.0,0.0,0
baseline,0.00625,720575940615438495,silent_all,0.0,0.0,0
baseline,0.00625,720575940627096957,input,0.0,0.0,0
baseline,0.00625,720575940627096957,early_large_only,0.0,0.0,0
baseline,0.00625,720575940627096957,later_large_only,0.0,0.0,0
baseline,0.00625,720575940627096957,other_active,0.66,-9.504000000000001,9
baseline,0.00625,720575940627096957,silent_all,0.0,0.0,0
baseline,0.00625,720575940623860202,input,0.0,0.0,0
baseline,0.00625,720575940623860202,early_large_only,0.0,0.0,0
baseline,0.00625,720575940623860202,later_large_only,0.0,0.0,0
baseline,0.00625,720575940623860202,other_active,39.269999999999996,-43.824000000000005,27
baseline,0.00625,720575940623860202,silent_all,0.0,0.0,0
baseline,0.00625,720575940621215169,input,0.0,0.0,0
baseline,0.00625,720575940621215169,early_large_only,0.0,0.0,0
baseline,0.00625,720575940621215169,later_large_only,0.0,0.0,0
baseline,0.00625,720575940621215169,other_active,0.0,0.0,0
baseline,0.00625,720575940621215169,silent_all,0.0,0.0,0
baseline,0.00625,720575940608429835,input,0.0,0.0,0
baseline,0.00625,720575940608429835,early_large_only,0.0,0.0,0
baseline,0.00625,720575940608429835,later_large_only,0.0,0.0,0
baseline,0.00625,720575940608429835,other_active,0.0,0.0,0
baseline,0.00625,720575940608429835,silent_all,0.0,0.0,0
baseline,0.00625,720575940629171447,input,0.0,0.0,0
baseline,0.00625,720575940629171447,early_large_only,0.0,0.0,0
baseline,0.00625,720575940629171447,later_large_only,0.0,0.0,0
baseline,0.00625,720575940629171447,other_active,0.0,0.0,0
baseline,0.00625,720575940629171447,silent_all,0.0,0.0,0
baseline,0.00625,720575940636477285,input,0.0,0.0,0
baseline,0.00625,720575940636477285,early_large_only,0.0,0.0,0
baseline,0.00625,720575940636477285,later_large_only,0.0,0.0,0
baseline,0.00625,720575940636477285,other_active,0.0,0.0,0
baseline,0.00625,720575940636477285,silent_all,0.0,0.0,0
baseline,0.00625,720575940627605779,input,0.0,0.0,0
baseline,0.00625,720575940627605779,early_large_only,0.0,0.0,0
baseline,0.00625,720575940627605779,later_large_only,0.0,0.0,0
baseline,0.00625,720575940627605779,other_active,0.0,0.0,0
baseline,0.00625,720575940627605779,silent_all,0.0,0.0,0
baseline,0.00625,720575940620300308,input,0.0,0.0,0
baseline,0.00625,720575940620300308,early_large_only,0.0,0.0,0
baseline,0.00625,720575940620300308,later_large_only,0.0,0.0,0
baseline,0.00625,720575940620300308,other_active,13.860000000000001,-86.064,35
baseline,0.00625,720575940620300308,silent_all,0.0,0.0,0
baseline,0.00625,720575940605651633,input,0.0,0.0,0
baseline,0.00625,720575940605651633,early_large_only,0.0,0.0,0
baseline,0.00625,720575940605651633,later_large_only,0.0,0.0,0
baseline,0.00625,720575940605651633,other_active,0.0,-0.264,1
baseline,0.00625,720575940605651633,silent_all,0.0,0.0,0
baseline,0.00625,720575940613860147,input,0.0,0.0,0
baseline,0.00625,720575940613860147,early_large_only,0.0,0.0,0
baseline,0.00625,720575940613860147,later_large_only,0.0,0.0,0
baseline,0.00625,720575940613860147,other_active,0.0,0.0,0
baseline,0.00625,720575940613860147,silent_all,0.0,0.0,0
baseline,0.00625,720575940622400648,input,0.0,0.0,0
baseline,0.00625,720575940622400648,early_large_only,0.0,0.0,0
baseline,0.00625,720575940622400648,later_large_only,0.0,0.0,0
baseline,0.00625,720575940622400648,other_active,0.99,0.0,3
baseline,0.00625,720575940622400648,silent_all,0.0,0.0,0
baseline,0.00625,720575940623780583,input,0.0,0.0,0
baseline,0.00625,720575940623780583,early_large_only,0.0,0.0,0
baseline,0.00625,720575940623780583,later_large_only,0.0,0.0,0
baseline,0.00625,720575940623780583,other_active,0.0,0.0,0
baseline,0.00625,720575940623780583,silent_all,0.0,0.0,0
baseline,0.00625,720575940610711250,input,0.0,0.0,0
baseline,0.00625,720575940610711250,early_large_only,0.0,0.0,0
baseline,0.00625,720575940610711250,later_large_only,0.0,0.0,0
baseline,0.00625,720575940610711250,other_active,0.0,0.0,0
baseline,0.00625,720575940610711250,silent_all,0.0,0.0,0
baseline,0.00625,720575940626620568,input,0.0,0.0,0
baseline,0.00625,720575940626620568,early_large_only,0.0,0.0,0
baseline,0.00625,720575940626620568,later_large_only,0.0,0.0,0
baseline,0.00625,720575940626620568,other_active,0.0,0.0,0
baseline,0.00625,720575940626620568,silent_all,0.0,0.0,0
baseline,0.00625,720575940611738035,input,0.0,0.0,0
baseline,0.00625,720575940611738035,early_large_only,0.0,0.0,0
baseline,0.00625,720575940611738035,later_large_only,0.0,0.0,0
baseline,0.00625,720575940611738035,other_active,0.0,0.0,0
baseline,0.00625,720575940611738035,silent_all,0.0,0.0,0
baseline,0.00625,720575940618853968,input,0.0,0.0,0
baseline,0.00625,720575940618853968,early_large_only,0.0,0.0,0
baseline,0.00625,720575940618853968,later_large_only,0.0,0.0,0
baseline,0.00625,720575940618853968,other_active,0.0,0.0,0
baseline,0.00625,720575940618853968,silent_all,0.0,0.0,0
baseline,0.00625,720575940629592143,input,0.0,0.0,0
baseline,0.00625,720575940629592143,early_large_only,0.0,0.0,0
baseline,0.00625,720575940629592143,later_large_only,0.0,0.0,0
baseline,0.00625,720575940629592143,other_active,0.0,-1.5840000000000003,2
baseline,0.00625,720575940629592143,silent_all,0.0,0.0,0
baseline,0.00625,720575940647589172,input,0.0,0.0,0
baseline,0.00625,720575940647589172,early_large_only,0.0,0.0,0
baseline,0.00625,720575940647589172,later_large_only,0.0,0.0,0
baseline,0.00625,720575940647589172,other_active,0.0,-0.528,1
baseline,0.00625,720575940647589172,silent_all,0.0,0.0,0
baseline,0.00625,720575940624055614,input,0.0,0.0,0
baseline,0.00625,720575940624055614,early_large_only,0.0,0.0,0
baseline,0.00625,720575940624055614,later_large_only,0.0,0.0,0
baseline,0.00625,720575940624055614,other_active,0.0,0.0,0
baseline,0.00625,720575940624055614,silent_all,0.0,0.0,0
baseline,0.00625,720575940623649097,input,0.0,0.0,0
baseline,0.00625,720575940623649097,early_large_only,0.0,0.0,0
baseline,0.00625,720575940623649097,later_large_only,0.0,0.0,0
baseline,0.00625,720575940623649097,other_active,0.0,0.0,0
baseline,0.00625,720575940623649097,silent_all,0.0,0.0,0
baseline,0.00625,720575940621426300,input,0.0,0.0,0
baseline,0.00625,720575940621426300,early_large_only,0.0,0.0,0
baseline,0.00625,720575940621426300,later_large_only,0.0,0.0,0
baseline,0.00625,720575940621426300,other_active,0.0,-0.264,1
baseline,0.00625,720575940621426300,silent_all,0.0,0.0,0
baseline,0.00625,720575940639542691,input,0.0,0.0,0
baseline,0.00625,720575940639542691,early_large_only,0.0,0.0,0
baseline,0.00625,720575940639542691,later_large_only,0.0,0.0,0
baseline,0.00625,720575940639542691,other_active,0.0,-0.264,1
baseline,0.00625,720575940639542691,silent_all,0.0,0.0,0
baseline,0.00625,720575940630913221,input,0.0,0.0,0
baseline,0.00625,720575940630913221,early_large_only,0.0,0.0,0
baseline,0.00625,720575940630913221,later_large_only,0.0,0.0,0
baseline,0.00625,720575940630913221,other_active,0.0,0.0,0
baseline,0.00625,720575940630913221,silent_all,0.0,0.0,0
baseline,0.00625,720575940620301677,input,0.0,0.0,0
baseline,0.00625,720575940620301677,early_large_only,0.0,0.0,0
baseline,0.00625,720575940620301677,later_large_only,0.0,0.0,0
baseline,0.00625,720575940620301677,other_active,0.0,0.0,0
baseline,0.00625,720575940620301677,silent_all,0.0,0.0,0
baseline,0.00625,720575940610649208,input,0.0,0.0,0
baseline,0.00625,720575940610649208,early_large_only,0.0,0.0,0
baseline,0.00625,720575940610649208,later_large_only,0.0,0.0,0
baseline,0.00625,720575940610649208,other_active,0.66,0.0,1
baseline,0.00625,720575940610649208,silent_all,0.0,0.0,0
baseline,0.00625,720575940625993817,input,0.0,0.0,0
baseline,0.00625,720575940625993817,early_large_only,0.0,0.0,0
baseline,0.00625,720575940625993817,later_large_only,0.0,0.0,0
baseline,0.00625,720575940625993817,other_active,0.0,0.0,0
baseline,0.00625,720575940625993817,silent_all,0.0,0.0,0
baseline,0.00625,720575940634874266,input,0.0,0.0,0
baseline,0.00625,720575940634874266,early_large_only,0.0,0.0,0
baseline,0.00625,720575940634874266,later_large_only,0.0,0.0,0
baseline,0.00625,720575940634874266,other_active,0.66,0.0,2
baseline,0.00625,720575940634874266,silent_all,0.0,0.0,0
baseline,0.00625,720575940604690278,input,0.0,0.0,0
baseline,0.00625,720575940604690278,early_large_only,0.0,0.0,0
baseline,0.00625,720575940604690278,later_large_only,0.0,0.0,0
baseline,0.00625,720575940604690278,other_active,0.0,-0.264,1
baseline,0.00625,720575940604690278,silent_all,0.0,0.0,0
baseline,0.00625,720575940624574356,input,0.0,0.0,0
baseline,0.00625,720575940624574356,early_large_only,0.0,0.0,0
baseline,0.00625,720575940624574356,later_large_only,0.0,0.0,0
baseline,0.00625,720575940624574356,other_active,0.0,-1.056,2
baseline,0.00625,720575940624574356,silent_all,0.0,0.0,0
baseline,0.00625,720575940627204362,input,0.0,0.0,0
baseline,0.00625,720575940627204362,early_large_only,0.0,0.0,0
baseline,0.00625,720575940627204362,later_large_only,0.0,0.0,0
baseline,0.00625,720575940627204362,other_active,0.0,-21.912000000000003,2
baseline,0.00625,720575940627204362,silent_all,0.0,0.0,0
baseline,0.00625,720575940626813010,input,0.0,0.0,0
baseline,0.00625,720575940626813010,early_large_only,0.0,0.0,0
baseline,0.00625,720575940626813010,later_large_only,0.0,0.0,0
baseline,0.00625,720575940626813010,other_active,0.0,0.0,0
baseline,0.00625,720575940626813010,silent_all,0.0,0.0,0
baseline,0.00625,720575940623260201,input,0.0,0.0,0
baseline,0.00625,720575940623260201,early_large_only,0.0,0.0,0
baseline,0.00625,720575940623260201,later_large_only,0.0,0.0,0
baseline,0.00625,720575940623260201,other_active,0.0,-0.528,2
baseline,0.00625,720575940623260201,silent_all,0.0,0.0,0
baseline,0.00625,720575940605480806,input,0.0,0.0,0
baseline,0.00625,720575940605480806,early_large_only,0.0,0.0,0
baseline,0.00625,720575940605480806,later_large_only,0.0,0.0,0
baseline,0.00625,720575940605480806,other_active,0.0,0.0,0
baseline,0.00625,720575940605480806,silent_all,0.0,0.0,0
baseline,0.00625,720575940645610787,input,0.0,0.0,0
baseline,0.00625,720575940645610787,early_large_only,0.0,0.0,0
baseline,0.00625,720575940645610787,later_large_only,0.0,0.0,0
baseline,0.00625,720575940645610787,other_active,0.0,0.0,0
baseline,0.00625,720575940645610787,silent_all,0.0,0.0,0
baseline,0.00625,720575940629095323,input,0.0,0.0,0
baseline,0.00625,720575940629095323,early_large_only,0.0,0.0,0
baseline,0.00625,720575940629095323,later_large_only,0.0,0.0,0
baseline,0.00625,720575940629095323,other_active,0.0,0.0,0
baseline,0.00625,720575940629095323,silent_all,0.0,0.0,0
baseline,0.00625,720575940638225597,input,0.0,0.0,0
baseline,0.00625,720575940638225597,early_large_only,0.0,0.0,0
baseline,0.00625,720575940638225597,later_large_only,0.0,0.0,0
baseline,0.00625,720575940638225597,other_active,0.0,0.0,0
baseline,0.00625,720575940638225597,silent_all,0.0,0.0,0
baseline,0.00625,720575940624073452,input,0.0,0.0,0
baseline,0.00625,720575940624073452,early_large_only,0.0,0.0,0
baseline,0.00625,720575940624073452,later_large_only,0.0,0.0,0
baseline,0.00625,720575940624073452,other_active,0.0,0.0,0
baseline,0.00625,720575940624073452,silent_all,0.0,0.0,0
baseline,0.00625,720575940626867530,input,0.0,0.0,0
baseline,0.00625,720575940626867530,early_large_only,0.0,0.0,0
baseline,0.00625,720575940626867530,later_large_only,0.0,0.0,0
baseline,0.00625,720575940626867530,other_active,0.0,0.0,0
baseline,0.00625,720575940626867530,silent_all,0.0,0.0,0
baseline,0.00625,720575940633771033,input,0.0,0.0,0
baseline,0.00625,720575940633771033,early_large_only,0.0,0.0,0
baseline,0.00625,720575940633771033,later_large_only,0.0,0.0,0
baseline,0.00625,720575940633771033,other_active,0.0,0.0,0
baseline,0.00625,720575940633771033,silent_all,0.0,0.0,0
baseline,0.00625,720575940637982552,input,0.0,0.0,0
baseline,0.00625,720575940637982552,early_large_only,0.0,0.0,0
baseline,0.00625,720575940637982552,later_large_only,0.0,0.0,0
baseline,0.00625,720575940637982552,other_active,0.0,0.0,0
baseline,0.00625,720575940637982552,silent_all,0.0,0.0,0
baseline,0.00625,720575940631457347,input,0.0,0.0,0
baseline,0.00625,720575940631457347,early_large_only,0.0,0.0,0
baseline,0.00625,720575940631457347,later_large_only,0.0,0.0,0
baseline,0.00625,720575940631457347,other_active,0.0,0.0,0
baseline,0.00625,720575940631457347,silent_all,0.0,0.0,0
baseline,0.00625,720575940622201046,input,0.0,0.0,0
baseline,0.00625,720575940622201046,early_large_only,0.0,0.0,0
baseline,0.00625,720575940622201046,later_large_only,0.0,0.0,0
baseline,0.00625,720575940622201046,other_active,0.0,0.0,0
baseline,0.00625,720575940622201046,silent_all,0.0,0.0,0
baseline,0.00625,720575940622518197,input,0.0,0.0,0
baseline,0.00625,720575940622518197,early_large_only,0.0,0.0,0
baseline,0.00625,720575940622518197,later_large_only,0.0,0.0,0
baseline,0.00625,720575940622518197,other_active,0.0,0.0,0
baseline,0.00625,720575940622518197,silent_all,0.0,0.0,0
baseline,0.00625,720575940635120491,input,0.0,0.0,0
baseline,0.00625,720575940635120491,early_large_only,0.0,0.0,0
baseline,0.00625,720575940635120491,later_large_only,0.0,0.0,0
baseline,0.00625,720575940635120491,other_active,0.66,0.0,1
baseline,0.00625,720575940635120491,silent_all,0.0,0.0,0
baseline,0.00625,720575940630294138,input,0.0,0.0,0
baseline,0.00625,720575940630294138,early_large_only,0.0,0.0,0
baseline,0.00625,720575940630294138,later_large_only,0.0,0.0,0
baseline,0.00625,720575940630294138,other_active,3.3000000000000003,-20.064000000000004,8
baseline,0.00625,720575940630294138,silent_all,0.0,0.0,0
baseline,0.00625,720575940636970096,input,0.0,0.0,0
baseline,0.00625,720575940636970096,early_large_only,0.0,0.0,0
baseline,0.00625,720575940636970096,later_large_only,0.0,0.0,0
baseline,0.00625,720575940636970096,other_active,0.33,0.0,1
baseline,0.00625,720575940636970096,silent_all,0.0,0.0,0
baseline,0.00625,720575940622957064,input,0.0,0.0,0
baseline,0.00625,720575940622957064,early_large_only,0.0,0.0,0
baseline,0.00625,720575940622957064,later_large_only,0.0,0.0,0
baseline,0.00625,720575940622957064,other_active,0.33,-1.056,4
baseline,0.00625,720575940622957064,silent_all,0.0,0.0,0
baseline,0.00625,720575940621363421,input,0.0,0.0,0
baseline,0.00625,720575940621363421,early_large_only,0.0,0.0,0
baseline,0.00625,720575940621363421,later_large_only,0.0,0.0,0
baseline,0.00625,720575940621363421,other_active,4.95,0.0,1
baseline,0.00625,720575940621363421,silent_all,0.0,0.0,0
baseline,0.00625,720575940625786493,input,0.0,0.0,0
baseline,0.00625,720575940625786493,early_large_only,0.0,0.0,0
baseline,0.00625,720575940625786493,later_large_only,0.0,0.0,0
baseline,0.00625,720575940625786493,other_active,0.33,0.0,1
baseline,0.00625,720575940625786493,silent_all,0.0,0.0,0
baseline,0.00625,720575940630738263,input,0.0,0.0,0
baseline,0.00625,720575940630738263,early_large_only,0.0,0.0,0
baseline,0.00625,720575940630738263,later_large_only,0.0,0.0,0
baseline,0.00625,720575940630738263,other_active,0.0,0.0,0
baseline,0.00625,720575940630738263,silent_all,0.0,0.0,0
baseline,0.00625,720575940612542742,input,0.0,0.0,0
baseline,0.00625,720575940612542742,early_large_only,0.0,0.0,0
baseline,0.00625,720575940612542742,later_large_only,0.0,0.0,0
baseline,0.00625,720575940612542742,other_active,0.99,0.0,2
baseline,0.00625,720575940612542742,silent_all,0.0,0.0,0
baseline,0.00625,720575940617296029,input,0.0,0.0,0
baseline,0.00625,720575940617296029,early_large_only,0.0,0.0,0
baseline,0.00625,720575940617296029,later_large_only,0.0,0.0,0
baseline,0.00625,720575940617296029,other_active,7.92,-1.848,17
baseline,0.00625,720575940617296029,silent_all,0.0,0.0,0
baseline,0.00625,720575940627312104,input,0.0,0.0,0
baseline,0.00625,720575940627312104,early_large_only,0.0,0.0,0
baseline,0.00625,720575940627312104,later_large_only,0.0,0.0,0
baseline,0.00625,720575940627312104,other_active,0.33,0.0,1
baseline,0.00625,720575940627312104,silent_all,0.0,0.0,0
baseline,0.00625,720575940627673585,input,0.0,0.0,0
baseline,0.00625,720575940627673585,early_large_only,0.0,0.0,0
baseline,0.00625,720575940627673585,later_large_only,0.0,0.0,0
baseline,0.00625,720575940627673585,other_active,0.0,0.0,0
baseline,0.00625,720575940627673585,silent_all,0.0,0.0,0
baseline,0.00625,720575940630480581,input,0.0,0.0,0
baseline,0.00625,720575940630480581,early_large_only,0.0,0.0,0
baseline,0.00625,720575940630480581,later_large_only,0.0,0.0,0
baseline,0.00625,720575940630480581,other_active,0.33,0.0,1
baseline,0.00625,720575940630480581,silent_all,0.0,0.0,0
baseline,0.00625,720575940621159094,input,0.0,0.0,0
baseline,0.00625,720575940621159094,early_large_only,0.0,0.0,0
baseline,0.00625,720575940621159094,later_large_only,0.0,0.0,0
baseline,0.00625,720575940621159094,other_active,0.33,0.0,1
baseline,0.00625,720575940621159094,silent_all,0.0,0.0,0
baseline,0.00625,720575940626135122,input,0.0,0.0,0
baseline,0.00625,720575940626135122,early_large_only,0.0,0.0,0
baseline,0.00625,720575940626135122,later_large_only,0.0,0.0,0
baseline,0.00625,720575940626135122,other_active,0.0,0.0,0
baseline,0.00625,720575940626135122,silent_all,0.0,0.0,0
baseline,0.00625,720575940616792577,input,0.0,0.0,0
baseline,0.00625,720575940616792577,early_large_only,0.0,0.0,0
baseline,0.00625,720575940616792577,later_large_only,0.0,0.0,0
baseline,0.00625,720575940616792577,other_active,0.0,0.0,0
baseline,0.00625,720575940616792577,silent_all,0.0,0.0,0
baseline,0.00625,720575940605419622,input,0.0,0.0,0
baseline,0.00625,720575940605419622,early_large_only,0.0,0.0,0
baseline,0.00625,720575940605419622,later_large_only,0.0,0.0,0
baseline,0.00625,720575940605419622,other_active,0.66,0.0,2
baseline,0.00625,720575940605419622,silent_all,0.0,0.0,0
baseline,0.00625,720575940637106032,input,0.0,0.0,0
baseline,0.00625,720575940637106032,early_large_only,0.0,0.0,0
baseline,0.00625,720575940637106032,later_large_only,0.0,0.0,0
baseline,0.00625,720575940637106032,other_active,0.0,-1.8480000000000003,1
baseline,0.00625,720575940637106032,silent_all,0.0,0.0,0
baseline,0.00625,720575940632876223,input,0.0,0.0,0
baseline,0.00625,720575940632876223,early_large_only,0.0,0.0,0
baseline,0.00625,720575940632876223,later_large_only,0.0,0.0,0
baseline,0.00625,720575940632876223,other_active,0.0,0.0,0
baseline,0.00625,720575940632876223,silent_all,0.0,0.0,0
baseline,0.00625,720575940634274458,input,0.0,0.0,0
baseline,0.00625,720575940634274458,early_large_only,0.0,0.0,0
baseline,0.00625,720575940634274458,later_large_only,0.0,0.0,0
baseline,0.00625,720575940634274458,other_active,0.0,0.0,0
baseline,0.00625,720575940634274458,silent_all,0.0,0.0,0
baseline,0.00625,720575940632542253,input,0.0,0.0,0
baseline,0.00625,720575940632542253,early_large_only,0.0,0.0,0
baseline,0.00625,720575940632542253,later_large_only,0.0,0.0,0
baseline,0.00625,720575940632542253,other_active,0.0,0.0,0
baseline,0.00625,720575940632542253,silent_all,0.0,0.0,0
baseline,0.00625,720575940629731579,input,0.0,0.0,0
baseline,0.00625,720575940629731579,early_large_only,0.0,0.0,0
baseline,0.00625,720575940629731579,later_large_only,0.0,0.0,0
baseline,0.00625,720575940629731579,other_active,0.0,0.0,0
baseline,0.00625,720575940629731579,silent_all,0.0,0.0,0
baseline,0.00625,720575940645264750,input,0.0,0.0,0
baseline,0.00625,720575940645264750,early_large_only,0.0,0.0,0
baseline,0.00625,720575940645264750,later_large_only,0.0,0.0,0
baseline,0.00625,720575940645264750,other_active,0.0,0.0,0
baseline,0.00625,720575940645264750,silent_all,0.0,0.0,0
baseline,0.00625,720575940622025548,input,0.0,0.0,0
baseline,0.00625,720575940622025548,early_large_only,0.0,0.0,0
baseline,0.00625,720575940622025548,later_large_only,0.0,0.0,0
baseline,0.00625,720575940622025548,other_active,0.0,0.0,0
baseline,0.00625,720575940622025548,silent_all,0.0,0.0,0
baseline,0.00625,720575940632305951,input,0.0,0.0,0
baseline,0.00625,720575940632305951,early_large_only,0.0,0.0,0
baseline,0.00625,720575940632305951,later_large_only,0.0,0.0,0
baseline,0.00625,720575940632305951,other_active,0.0,0.0,0
baseline,0.00625,720575940632305951,silent_all,0.0,0.0,0
baseline,0.00625,720575940614412906,input,0.0,0.0,0
baseline,0.00625,720575940614412906,early_large_only,0.0,0.0,0
baseline,0.00625,720575940614412906,later_large_only,0.0,0.0,0
baseline,0.00625,720575940614412906,other_active,6.2700000000000005,-21.120000000000005,5
baseline,0.00625,720575940614412906,silent_all,0.0,0.0,0
baseline,0.00625,720575940630169660,input,0.0,0.0,0
baseline,0.00625,720575940630169660,early_large_only,0.0,0.0,0
baseline,0.00625,720575940630169660,later_large_only,0.0,0.0,0
baseline,0.00625,720575940630169660,other_active,3.96,0.0,1
baseline,0.00625,720575940630169660,silent_all,0.0,0.0,0
baseline,0.00625,720575940636479863,input,0.0,0.0,0
baseline,0.00625,720575940636479863,early_large_only,0.0,0.0,0
baseline,0.00625,720575940636479863,later_large_only,0.0,0.0,0
baseline,0.00625,720575940636479863,other_active,28.379999999999995,-8.712,17
baseline,0.00625,720575940636479863,silent_all,0.0,0.0,0
baseline,0.00625,720575940619409542,input,0.0,0.0,0
baseline,0.00625,720575940619409542,early_large_only,0.0,0.0,0
baseline,0.00625,720575940619409542,later_large_only,0.0,0.0,0
baseline,0.00625,720575940619409542,other_active,0.0,0.0,0
baseline,0.00625,720575940619409542,silent_all,0.0,0.0,0
baseline,0.00625,720575940611502309,input,0.0,0.0,0
baseline,0.00625,720575940611502309,early_large_only,0.0,0.0,0
baseline,0.00625,720575940611502309,later_large_only,0.0,0.0,0
baseline,0.00625,720575940611502309,other_active,0.0,0.0,0
baseline,0.00625,720575940611502309,silent_all,0.0,0.0,0
baseline,0.00625,720575940606865330,input,0.0,0.0,0
baseline,0.00625,720575940606865330,early_large_only,0.0,0.0,0
baseline,0.00625,720575940606865330,later_large_only,0.0,0.0,0
baseline,0.00625,720575940606865330,other_active,5.28,-7.128000000000001,7
baseline,0.00625,720575940606865330,silent_all,0.0,0.0,0
baseline,0.00625,720575940621866108,input,0.0,0.0,0
baseline,0.00625,720575940621866108,early_large_only,0.0,0.0,0
baseline,0.00625,720575940621866108,later_large_only,0.0,0.0,0
baseline,0.00625,720575940621866108,other_active,0.0,0.0,0
baseline,0.00625,720575940621866108,silent_all,0.0,0.0,0
baseline,0.00625,720575940612213741,input,0.0,0.0,0
baseline,0.00625,720575940612213741,early_large_only,0.0,0.0,0
baseline,0.00625,720575940612213741,later_large_only,0.0,0.0,0
baseline,0.00625,720575940612213741,other_active,9.24,-9.504000000000001,9
baseline,0.00625,720575940612213741,silent_all,0.0,0.0,0
baseline,0.00625,720575940629836343,input,0.0,0.0,0
baseline,0.00625,720575940629836343,early_large_only,0.0,0.0,0
baseline,0.00625,720575940629836343,later_large_only,0.0,0.0,0
baseline,0.00625,720575940629836343,other_active,0.0,0.0,0
baseline,0.00625,720575940629836343,silent_all,0.0,0.0,0
baseline,0.00625,720575940621961242,input,0.0,0.0,0
baseline,0.00625,720575940621961242,early_large_only,0.0,0.0,0
baseline,0.00625,720575940621961242,later_large_only,0.0,0.0,0
baseline,0.00625,720575940621961242,other_active,0.33,0.0,1
baseline,0.00625,720575940621961242,silent_all,0.0,0.0,0
baseline,0.00625,720575940603587500,input,0.0,0.0,0
baseline,0.00625,720575940603587500,early_large_only,0.0,0.0,0
baseline,0.00625,720575940603587500,later_large_only,0.0,0.0,0
baseline,0.00625,720575940603587500,other_active,0.0,0.0,0
baseline,0.00625,720575940603587500,silent_all,0.0,0.0,0
baseline,0.00625,720575940618522673,input,0.0,0.0,0
baseline,0.00625,720575940618522673,early_large_only,0.0,0.0,0
baseline,0.00625,720575940618522673,later_large_only,0.0,0.0,0
baseline,0.00625,720575940618522673,other_active,3.9600000000000004,0.0,2
baseline,0.00625,720575940618522673,silent_all,0.0,0.0,0
baseline,0.00625,720575940638808448,input,0.0,0.0,0
baseline,0.00625,720575940638808448,early_large_only,0.0,0.0,0
baseline,0.00625,720575940638808448,later_large_only,0.0,0.0,0
baseline,0.00625,720575940638808448,other_active,0.0,0.0,0
baseline,0.00625,720575940638808448,silent_all,0.0,0.0,0
baseline,0.00625,720575940608351324,input,0.0,0.0,0
baseline,0.00625,720575940608351324,early_large_only,0.0,0.0,0
baseline,0.00625,720575940608351324,later_large_only,0.0,0.0,0
baseline,0.00625,720575940608351324,other_active,0.0,0.0,0
baseline,0.00625,720575940608351324,silent_all,0.0,0.0,0
baseline,0.00625,720575940618626171,input,0.0,0.0,0
baseline,0.00625,720575940618626171,early_large_only,0.0,0.0,0
baseline,0.00625,720575940618626171,later_large_only,0.0,0.0,0
baseline,0.00625,720575940618626171,other_active,0.33,0.0,1
baseline,0.00625,720575940618626171,silent_all,0.0,0.0,0
baseline,0.00625,720575940627982332,input,0.0,0.0,0
baseline,0.00625,720575940627982332,early_large_only,0.0,0.0,0
baseline,0.00625,720575940627982332,later_large_only,0.0,0.0,0
baseline,0.00625,720575940627982332,other_active,0.0,0.0,0
baseline,0.00625,720575940627982332,silent_all,0.0,0.0,0
baseline,0.00625,720575940628962938,input,0.0,0.0,0
baseline,0.00625,720575940628962938,early_large_only,0.0,0.0,0
baseline,0.00625,720575940628962938,later_large_only,0.0,0.0,0
baseline,0.00625,720575940628962938,other_active,0.0,0.0,0
baseline,0.00625,720575940628962938,silent_all,0.0,0.0,0
baseline,0.00625,720575940630882263,input,0.0,0.0,0
baseline,0.00625,720575940630882263,early_large_only,0.0,0.0,0
baseline,0.00625,720575940630882263,later_large_only,0.0,0.0,0
baseline,0.00625,720575940630882263,other_active,0.0,-0.264,1
baseline,0.00625,720575940630882263,silent_all,0.0,0.0,0
baseline,0.00625,720575940622651869,input,0.0,0.0,0
baseline,0.00625,720575940622651869,early_large_only,0.0,0.0,0
baseline,0.00625,720575940622651869,later_large_only,0.0,0.0,0
baseline,0.00625,720575940622651869,other_active,0.99,-1.056,2
baseline,0.00625,720575940622651869,silent_all,0.0,0.0,0
baseline,0.00625,720575940622811116,input,0.0,0.0,0
baseline,0.00625,720575940622811116,early_large_only,0.0,0.0,0
baseline,0.00625,720575940622811116,later_large_only,0.0,0.0,0
baseline,0.00625,720575940622811116,other_active,0.0,0.0,0
baseline,0.00625,720575940622811116,silent_all,0.0,0.0,0
baseline,0.00625,720575940621968845,input,0.0,0.0,0
baseline,0.00625,720575940621968845,early_large_only,0.0,0.0,0
baseline,0.00625,720575940621968845,later_large_only,0.0,0.0,0
baseline,0.00625,720575940621968845,other_active,0.0,-0.264,1
baseline,0.00625,720575940621968845,silent_all,0.0,0.0,0
baseline,0.00625,720575940607386802,input,0.0,0.0,0
baseline,0.00625,720575940607386802,early_large_only,0.0,0.0,0
baseline,0.00625,720575940607386802,later_large_only,0.0,0.0,0
baseline,0.00625,720575940607386802,other_active,18.48,-15.839999999999998,17
baseline,0.00625,720575940607386802,silent_all,0.0,0.0,0
baseline,0.00625,720575940622351128,input,0.0,0.0,0
baseline,0.00625,720575940622351128,early_large_only,0.0,0.0,0
baseline,0.00625,720575940622351128,later_large_only,0.0,0.0,0
baseline,0.00625,720575940622351128,other_active,0.0,0.0,0
baseline,0.00625,720575940622351128,silent_all,0.0,0.0,0
baseline,0.00625,720575940629056411,input,0.0,0.0,0
baseline,0.00625,720575940629056411,early_large_only,0.0,0.0,0
baseline,0.00625,720575940629056411,later_large_only,0.0,0.0,0
baseline,0.00625,720575940629056411,other_active,10.89,0.0,1
baseline,0.00625,720575940629056411,silent_all,0.0,0.0,0
baseline,0.00625,720575940623528595,input,0.0,0.0,0
baseline,0.00625,720575940623528595,early_large_only,0.0,0.0,0
baseline,0.00625,720575940623528595,later_large_only,0.0,0.0,0
baseline,0.00625,720575940623528595,other_active,0.33,0.0,1
baseline,0.00625,720575940623528595,silent_all,0.0,0.0,0
baseline,0.00625,720575940631983277,input,0.0,0.0,0
baseline,0.00625,720575940631983277,early_large_only,0.0,0.0,0
baseline,0.00625,720575940631983277,later_large_only,0.0,0.0,0
baseline,0.00625,720575940631983277,other_active,0.0,0.0,0
baseline,0.00625,720575940631983277,silent_all,0.0,0.0,0
baseline,0.00625,720575940619875060,input,0.0,0.0,0
baseline,0.00625,720575940619875060,early_large_only,0.0,0.0,0
baseline,0.00625,720575940619875060,later_large_only,0.0,0.0,0
baseline,0.00625,720575940619875060,other_active,0.0,0.0,0
baseline,0.00625,720575940619875060,silent_all,0.0,0.0,0
baseline,0.00625,720575940629952300,input,0.0,0.0,0
baseline,0.00625,720575940629952300,early_large_only,0.0,0.0,0
baseline,0.00625,720575940629952300,later_large_only,0.0,0.0,0
baseline,0.00625,720575940629952300,other_active,0.0,0.0,0
baseline,0.00625,720575940629952300,silent_all,0.0,0.0,0
baseline,0.00625,720575940620828165,input,0.0,0.0,0
baseline,0.00625,720575940620828165,early_large_only,0.0,0.0,0
baseline,0.00625,720575940620828165,later_large_only,0.0,0.0,0
baseline,0.00625,720575940620828165,other_active,0.0,0.0,0
baseline,0.00625,720575940620828165,silent_all,0.0,0.0,0
baseline,0.00625,720575940634160735,input,0.0,0.0,0
baseline,0.00625,720575940634160735,early_large_only,0.0,0.0,0
baseline,0.00625,720575940634160735,later_large_only,0.0,0.0,0
baseline,0.00625,720575940634160735,other_active,0.0,0.0,0
baseline,0.00625,720575940634160735,silent_all,0.0,0.0,0
baseline,0.00625,720575940614461014,input,0.0,0.0,0
baseline,0.00625,720575940614461014,early_large_only,0.0,0.0,0
baseline,0.00625,720575940614461014,later_large_only,0.0,0.0,0
baseline,0.00625,720575940614461014,other_active,3.6300000000000003,-11.352,3
baseline,0.00625,720575940614461014,silent_all,0.0,0.0,0
baseline,0.00625,720575940635723662,input,0.0,0.0,0
baseline,0.00625,720575940635723662,early_large_only,0.0,0.0,0
baseline,0.00625,720575940635723662,later_large_only,0.0,0.0,0
baseline,0.00625,720575940635723662,other_active,0.0,0.0,0
baseline,0.00625,720575940635723662,silent_all,0.0,0.0,0
baseline,0.00625,720575940617443648,input,0.0,0.0,0
baseline,0.00625,720575940617443648,early_large_only,0.0,0.0,0
baseline,0.00625,720575940617443648,later_large_only,0.0,0.0,0
baseline,0.00625,720575940617443648,other_active,0.0,-0.264,1
baseline,0.00625,720575940617443648,silent_all,0.0,0.0,0
baseline,0.00625,720575940625050256,input,0.0,0.0,0
baseline,0.00625,720575940625050256,early_large_only,0.0,0.0,0
baseline,0.00625,720575940625050256,later_large_only,0.0,0.0,0
baseline,0.00625,720575940625050256,other_active,8.58,-3.1680000000000006,9
baseline,0.00625,720575940625050256,silent_all,0.0,0.0,0
baseline,0.00625,720575940660217985,input,0.0,0.0,0
baseline,0.00625,720575940660217985,early_large_only,0.0,0.0,0
baseline,0.00625,720575940660217985,later_large_only,0.0,0.0,0
baseline,0.00625,720575940660217985,other_active,0.0,0.0,0
baseline,0.00625,720575940660217985,silent_all,0.0,0.0,0
baseline,0.00625,720575940618715550,input,0.0,0.0,0
baseline,0.00625,720575940618715550,early_large_only,0.0,0.0,0
baseline,0.00625,720575940618715550,later_large_only,0.0,0.0,0
baseline,0.00625,720575940618715550,other_active,0.0,0.0,0
baseline,0.00625,720575940618715550,silent_all,0.0,0.0,0
baseline,0.00625,720575940620904869,input,0.0,0.0,0
baseline,0.00625,720575940620904869,early_large_only,0.0,0.0,0
baseline,0.00625,720575940620904869,later_large_only,0.0,0.0,0
baseline,0.00625,720575940620904869,other_active,0.99,0.0,1
baseline,0.00625,720575940620904869,silent_all,0.0,0.0,0
baseline,0.00625,720575940622566026,input,0.0,0.0,0
baseline,0.00625,720575940622566026,early_large_only,0.0,0.0,0
baseline,0.00625,720575940622566026,later_large_only,0.0,0.0,0
baseline,0.00625,720575940622566026,other_active,0.0,0.0,0
baseline,0.00625,720575940622566026,silent_all,0.0,0.0,0
baseline,0.00625,720575940635249332,input,0.0,0.0,0
baseline,0.00625,720575940635249332,early_large_only,0.0,0.0,0
baseline,0.00625,720575940635249332,later_large_only,0.0,0.0,0
baseline,0.00625,720575940635249332,other_active,0.0,0.0,0
baseline,0.00625,720575940635249332,silent_all,0.0,0.0,0
baseline,0.00625,720575940636143608,input,0.0,0.0,0
baseline,0.00625,720575940636143608,early_large_only,0.0,0.0,0
baseline,0.00625,720575940636143608,later_large_only,0.0,0.0,0
baseline,0.00625,720575940636143608,other_active,0.0,0.0,0
baseline,0.00625,720575940636143608,silent_all,0.0,0.0,0
baseline,0.00625,720575940618320674,input,0.0,0.0,0
baseline,0.00625,720575940618320674,early_large_only,0.0,0.0,0
baseline,0.00625,720575940618320674,later_large_only,0.0,0.0,0
baseline,0.00625,720575940618320674,other_active,4.95,-10.032000000000002,18
baseline,0.00625,720575940618320674,silent_all,0.0,0.0,0
baseline,0.00625,720575940618954038,input,0.0,0.0,0
baseline,0.00625,720575940618954038,early_large_only,0.0,0.0,0
baseline,0.00625,720575940618954038,later_large_only,0.0,0.0,0
baseline,0.00625,720575940618954038,other_active,0.0,0.0,0
baseline,0.00625,720575940618954038,silent_all,0.0,0.0,0
baseline,0.00625,720575940624738121,input,0.0,0.0,0
baseline,0.00625,720575940624738121,early_large_only,0.0,0.0,0
baseline,0.00625,720575940624738121,later_large_only,0.0,0.0,0
baseline,0.00625,720575940624738121,other_active,0.0,0.0,0
baseline,0.00625,720575940624738121,silent_all,0.0,0.0,0
baseline,0.00625,720575940613894311,input,0.0,0.0,0
baseline,0.00625,720575940613894311,early_large_only,0.0,0.0,0
baseline,0.00625,720575940613894311,later_large_only,0.0,0.0,0
baseline,0.00625,720575940613894311,other_active,0.0,0.0,0
baseline,0.00625,720575940613894311,silent_all,0.0,0.0,0
baseline,0.00625,720575940626115134,input,0.0,0.0,0
baseline,0.00625,720575940626115134,early_large_only,0.0,0.0,0
baseline,0.00625,720575940626115134,later_large_only,0.0,0.0,0
baseline,0.00625,720575940626115134,other_active,0.0,0.0,0
baseline,0.00625,720575940626115134,silent_all,0.0,0.0,0
baseline,0.00625,720575940640955637,input,0.0,0.0,0
baseline,0.00625,720575940640955637,early_large_only,0.0,0.0,0
baseline,0.00625,720575940640955637,later_large_only,0.0,0.0,0
baseline,0.00625,720575940640955637,other_active,0.0,0.0,0
baseline,0.00625,720575940640955637,silent_all,0.0,0.0,0
baseline,0.00625,720575940612461461,input,0.0,0.0,0
baseline,0.00625,720575940612461461,early_large_only,0.0,0.0,0
baseline,0.00625,720575940612461461,later_large_only,0.0,0.0,0
baseline,0.00625,720575940612461461,other_active,0.0,0.0,0
baseline,0.00625,720575940612461461,silent_all,0.0,0.0,0
baseline,0.00625,720575940636241550,input,0.0,0.0,0
baseline,0.00625,720575940636241550,early_large_only,0.0,0.0,0
baseline,0.00625,720575940636241550,later_large_only,0.0,0.0,0
baseline,0.00625,720575940636241550,other_active,0.0,0.0,0
baseline,0.00625,720575940636241550,silent_all,0.0,0.0,0
baseline,0.00625,720575940612855318,input,0.0,0.0,0
baseline,0.00625,720575940612855318,early_large_only,0.0,0.0,0
baseline,0.00625,720575940612855318,later_large_only,0.0,0.0,0
baseline,0.00625,720575940612855318,other_active,0.0,0.0,0
baseline,0.00625,720575940612855318,silent_all,0.0,0.0,0
baseline,0.00625,720575940614944977,input,0.0,0.0,0
baseline,0.00625,720575940614944977,early_large_only,0.0,0.0,0
baseline,0.00625,720575940614944977,later_large_only,0.0,0.0,0
baseline,0.00625,720575940614944977,other_active,0.0,0.0,0
baseline,0.00625,720575940614944977,silent_all,0.0,0.0,0
baseline,0.00625,720575940632812575,input,0.0,0.0,0
baseline,0.00625,720575940632812575,early_large_only,0.0,0.0,0
baseline,0.00625,720575940632812575,later_large_only,0.0,0.0,0
baseline,0.00625,720575940632812575,other_active,0.0,0.0,0
baseline,0.00625,720575940632812575,silent_all,0.0,0.0,0
baseline,0.00625,720575940621781492,input,0.0,0.0,0
baseline,0.00625,720575940621781492,early_large_only,0.0,0.0,0
baseline,0.00625,720575940621781492,later_large_only,0.0,0.0,0
baseline,0.00625,720575940621781492,other_active,0.0,-2.3760000000000003,1
baseline,0.00625,720575940621781492,silent_all,0.0,0.0,0
baseline,0.00625,720575940623955637,input,0.0,0.0,0
baseline,0.00625,720575940623955637,early_large_only,0.0,0.0,0
baseline,0.00625,720575940623955637,later_large_only,0.0,0.0,0
baseline,0.00625,720575940623955637,other_active,0.0,0.0,0
baseline,0.00625,720575940623955637,silent_all,0.0,0.0,0
baseline,0.00625,720575940617952034,input,0.0,0.0,0
baseline,0.00625,720575940617952034,early_large_only,0.0,0.0,0
baseline,0.00625,720575940617952034,later_large_only,0.0,0.0,0
baseline,0.00625,720575940617952034,other_active,0.33,-1.584,4
baseline,0.00625,720575940617952034,silent_all,0.0,0.0,0
baseline,0.00625,720575940623942280,input,0.0,0.0,0
baseline,0.00625,720575940623942280,early_large_only,0.0,0.0,0
baseline,0.00625,720575940623942280,later_large_only,0.0,0.0,0
baseline,0.00625,720575940623942280,other_active,0.0,0.0,0
baseline,0.00625,720575940623942280,silent_all,0.0,0.0,0
baseline,0.00625,720575940644362788,input,0.0,0.0,0
baseline,0.00625,720575940644362788,early_large_only,0.0,0.0,0
baseline,0.00625,720575940644362788,later_large_only,0.0,0.0,0
baseline,0.00625,720575940644362788,other_active,0.0,0.0,0
baseline,0.00625,720575940644362788,silent_all,0.0,0.0,0
baseline,0.00625,720575940628577897,input,0.0,0.0,0
baseline,0.00625,720575940628577897,early_large_only,0.0,0.0,0
baseline,0.00625,720575940628577897,later_large_only,0.0,0.0,0
baseline,0.00625,720575940628577897,other_active,2.31,-41.97600000000001,7
baseline,0.00625,720575940628577897,silent_all,0.0,0.0,0
baseline,0.00625,720575940622755978,input,0.0,0.0,0
baseline,0.00625,720575940622755978,early_large_only,0.0,0.0,0
baseline,0.00625,720575940622755978,later_large_only,0.0,0.0,0
baseline,0.00625,720575940622755978,other_active,0.0,0.0,0
baseline,0.00625,720575940622755978,silent_all,0.0,0.0,0
mode_without_mn9,0.00625,720575940627371834,input,0.0,0.0,0
mode_without_mn9,0.00625,720575940627371834,early_large_only,0.0,0.0,0
mode_without_mn9,0.00625,720575940627371834,later_large_only,0.0,0.0,0
mode_without_mn9,0.00625,720575940627371834,other_active,18.809999999999995,-15.048,43
mode_without_mn9,0.00625,720575940627371834,silent_all,0.0,0.0,0
mode_without_mn9,0.00625,720575940610056772,input,0.0,0.0,0
mode_without_mn9,0.00625,720575940610056772,early_large_only,0.0,0.0,0
mode_without_mn9,0.00625,720575940610056772,later_large_only,0.0,0.0,0
mode_without_mn9,0.00625,720575940610056772,other_active,19.47,-7.128,16
mode_without_mn9,0.00625,720575940610056772,silent_all,0.0,0.0,0
mode_without_mn9,0.00625,720575940619876884,input,0.0,0.0,0
mode_without_mn9,0.00625,720575940619876884,early_large_only,0.0,0.0,0
mode_without_mn9,0.00625,720575940619876884,later_large_only,0.0,0.0,0
mode_without_mn9,0.00625,720575940619876884,other_active,30.69,-1.32,7
mode_without_mn9,0.00625,720575940619876884,silent_all,0.0,0.0,0
mode_without_mn9,0.00625,720575940645866292,input,0.0,0.0,0
mode_without_mn9,0.00625,720575940645866292,early_large_only,0.0,0.0,0
mode_without_mn9,0.00625,720575940645866292,later_large_only,0.0,0.0,0
mode_without_mn9,0.00625,720575940645866292,other_active,13.530000000000001,-28.247999999999998,17
mode_without_mn9,0.00625,720575940645866292,silent_all,0.0,0.0,0
mode_without_mn9,0.00625,720575940624525043,input,0.0,0.0,0
mode_without_mn9,0.00625,720575940624525043,early_large_only,0.0,0.0,0
mode_without_mn9,0.00625,720575940624525043,later_large_only,0.0,0.0,0
mode_without_mn9,0.00625,720575940624525043,other_active,30.03,-0.528,4
mode_without_mn9,0.00625,720575940624525043,silent_all,0.0,0.0,0
mode_without_mn9,0.00625,720575940611561139,input,0.0,0.0,0
mode_without_mn9,0.00625,720575940611561139,early_large_only,0.0,0.0,0
mode_without_mn9,0.00625,720575940611561139,later_large_only,0.0,0.0,0
mode_without_mn9,0.00625,720575940611561139,other_active,37.620000000000005,-1.056,10
mode_without_mn9,0.00625,720575940611561139,silent_all,0.0,0.0,0
mode_without_mn9,0.00625,720575940627699712,input,0.0,0.0,0
mode_without_mn9,0.00625,720575940627699712,early_large_only,0.0,0.0,0
mode_without_mn9,0.00625,720575940627699712,later_large_only,0.0,0.0,0
mode_without_mn9,0.00625,720575940627699712,other_active,0.99,0.0,1
mode_without_mn9,0.00625,720575940627699712,silent_all,0.0,0.0,0
mode_without_mn9,0.00625,720575940636963806,input,0.0,0.0,0
mode_without_mn9,0.00625,720575940636963806,early_large_only,0.0,0.0,0
mode_without_mn9,0.00625,720575940636963806,later_large_only,0.0,0.0,0
mode_without_mn9,0.00625,720575940636963806,other_active,37.290000000000006,-5.280000000000001,7
mode_without_mn9,0.00625,720575940636963806,silent_all,0.0,0.0,0
mode_without_mn9,0.00625,720575940611523733,input,0.0,0.0,0
mode_without_mn9,0.00625,720575940611523733,early_large_only,0.0,0.0,0
mode_without_mn9,0.00625,720575940611523733,later_large_only,0.0,0.0,0
mode_without_mn9,0.00625,720575940611523733,other_active,0.0,0.0,0
mode_without_mn9,0.00625,720575940611523733,silent_all,0.0,0.0,0
mode_without_mn9,0.00625,720575940611439473,input,0.0,0.0,0
mode_without_mn9,0.00625,720575940611439473,early_large_only,0.0,0.0,0
mode_without_mn9,0.00625,720575940611439473,later_large_only,0.0,0.0,0
mode_without_mn9,0.00625,720575940611439473,other_active,24.42,-2.3760000000000003,3
mode_without_mn9,0.00625,720575940611439473,silent_all,0.0,0.0,0
mode_without_mn9,0.00625,720575940613441320,input,0.0,0.0,0
mode_without_mn9,0.00625,720575940613441320,early_large_only,0.0,0.0,0
mode_without_mn9,0.00625,720575940613441320,later_large_only,0.0,0.0,0
mode_without_mn9,0.00625,720575940613441320,other_active,0.0,0.0,0
mode_without_mn9,0.00625,720575940613441320,silent_all,0.0,0.0,0
mode_without_mn9,0.00625,720575940638633806,input,0.0,0.0,0
mode_without_mn9,0.00625,720575940638633806,early_large_only,0.0,0.0,0
mode_without_mn9,0.00625,720575940638633806,later_large_only,0.0,0.0,0
mode_without_mn9,0.00625,720575940638633806,other_active,0.0,-1.8480000000000003,1
mode_without_mn9,0.00625,720575940638633806,silent_all,0.0,0.0,0
mode_without_mn9,0.00625,720575940618588736,input,0.0,0.0,0
mode_without_mn9,0.00625,720575940618588736,early_large_only,0.0,0.0,0
mode_without_mn9,0.00625,720575940618588736,later_large_only,0.0,0.0,0
mode_without_mn9,0.00625,720575940618588736,other_active,0.33,0.0,1
mode_without_mn9,0.00625,720575940618588736,silent_all,0.0,0.0,0
mode_without_mn9,0.00625,720575940635540671,input,0.0,0.0,0
mode_without_mn9,0.00625,720575940635540671,early_large_only,0.0,0.0,0
mode_without_mn9,0.00625,720575940635540671,later_large_only,0.0,0.0,0
mode_without_mn9,0.00625,720575940635540671,other_active,0.0,-0.7920000000000001,1
mode_without_mn9,0.00625,720575940635540671,silent_all,0.0,0.0,0
mode_without_mn9,0.00625,720575940619252952,input,0.0,0.0,0
mode_without_mn9,0.00625,720575940619252952,early_large_only,0.0,0.0,0
mode_without_mn9,0.00625,720575940619252952,later_large_only,0.0,0.0,0
mode_without_mn9,0.00625,720575940619252952,other_active,0.0,0.0,0
mode_without_mn9,0.00625,720575940619252952,silent_all,0.0,0.0,0
mode_without_mn9,0.00625,720575940639935616,input,0.0,0.0,0
mode_without_mn9,0.00625,720575940639935616,early_large_only,0.0,0.0,0
mode_without_mn9,0.00625,720575940639935616,later_large_only,0.0,0.0,0
mode_without_mn9,0.00625,720575940639935616,other_active,0.0,-1.32,1
mode_without_mn9,0.00625,720575940639935616,silent_all,0.0,0.0,0
mode_without_mn9,0.00625,720575940629910636,input,0.0,0.0,0
mode_without_mn9,0.00625,720575940629910636,early_large_only,0.0,0.0,0
mode_without_mn9,0.00625,720575940629910636,later_large_only,0.0,0.0,0
mode_without_mn9,0.00625,720575940629910636,other_active,0.0,-2.64,1
mode_without_mn9,0.00625,720575940629910636,silent_all,0.0,0.0,0
mode_without_mn9,0.00625,720575940623387786,input,0.0,0.0,0
mode_without_mn9,0.00625,720575940623387786,early_large_only,0.0,0.0,0
mode_without_mn9,0.00625,720575940623387786,later_large_only,0.0,0.0,0
mode_without_mn9,0.00625,720575940623387786,other_active,0.0,-0.264,1
mode_without_mn9,0.00625,720575940623387786,silent_all,0.0,0.0,0
mode_without_mn9,0.00625,720575940639283278,input,0.0,0.0,0
mode_without_mn9,0.00625,720575940639283278,early_large_only,0.0,0.0,0
mode_without_mn9,0.00625,720575940639283278,later_large_only,0.0,0.0,0
mode_without_mn9,0.00625,720575940639283278,other_active,0.33,0.0,1
mode_without_mn9,0.00625,720575940639283278,silent_all,0.0,0.0,0
mode_without_mn9,0.00625,720575940628455942,input,0.0,0.0,0
mode_without_mn9,0.00625,720575940628455942,early_large_only,0.0,0.0,0
mode_without_mn9,0.00625,720575940628455942,later_large_only,0.0,0.0,0
mode_without_mn9,0.00625,720575940628455942,other_active,1.32,-38.544,6
mode_without_mn9,0.00625,720575940628455942,silent_all,0.0,0.0,0
mode_without_mn9,0.00625,720575940634928023,input,0.0,0.0,0
mode_without_mn9,0.00625,720575940634928023,early_large_only,0.0,0.0,0
mode_without_mn9,0.00625,720575940634928023,later_large_only,0.0,0.0,0
mode_without_mn9,0.00625,720575940634928023,other_active,0.33,0.0,1
mode_without_mn9,0.00625,720575940634928023,silent_all,0.0,0.0,0
mode_without_mn9,0.00625,720575940626056510,input,0.0,0.0,0
mode_without_mn9,0.00625,720575940626056510,early_large_only,0.0,0.0,0
mode_without_mn9,0.00625,720575940626056510,later_large_only,0.0,0.0,0
mode_without_mn9,0.00625,720575940626056510,other_active,0.0,0.0,0
mode_without_mn9,0.00625,720575940626056510,silent_all,0.0,0.0,0
mode_without_mn9,0.00625,720575940638695331,input,0.0,0.0,0
mode_without_mn9,0.00625,720575940638695331,early_large_only,0.0,0.0,0
mode_without_mn9,0.00625,720575940638695331,later_large_only,0.0,0.0,0
mode_without_mn9,0.00625,720575940638695331,other_active,0.0,0.0,0
mode_without_mn9,0.00625,720575940638695331,silent_all,0.0,0.0,0
mode_without_mn9,0.00625,720575940616651193,input,0.0,0.0,0
mode_without_mn9,0.00625,720575940616651193,early_large_only,0.0,0.0,0
mode_without_mn9,0.00625,720575940616651193,later_large_only,0.0,0.0,0
mode_without_mn9,0.00625,720575940616651193,other_active,0.0,0.0,0
mode_without_mn9,0.00625,720575940616651193,silent_all,0.0,0.0,0
mode_without_mn9,0.00625,720575940620011435,input,0.0,0.0,0
mode_without_mn9,0.00625,720575940620011435,early_large_only,0.0,0.0,0
mode_without_mn9,0.00625,720575940620011435,later_large_only,0.0,0.0,0
mode_without_mn9,0.00625,720575940620011435,other_active,0.0,0.0,0
mode_without_mn9,0.00625,720575940620011435,silent_all,0.0,0.0,0
mode_without_mn9,0.00625,720575940619245016,input,0.0,0.0,0
mode_without_mn9,0.00625,720575940619245016,early_large_only,0.0,0.0,0
mode_without_mn9,0.00625,720575940619245016,later_large_only,0.0,0.0,0
mode_without_mn9,0.00625,720575940619245016,other_active,0.0,0.0,0
mode_without_mn9,0.00625,720575940619245016,silent_all,0.0,0.0,0
mode_without_mn9,0.00625,720575940631097462,input,0.0,0.0,0
mode_without_mn9,0.00625,720575940631097462,early_large_only,0.0,0.0,0
mode_without_mn9,0.00625,720575940631097462,later_large_only,0.0,0.0,0
mode_without_mn9,0.00625,720575940631097462,other_active,0.0,0.0,0
mode_without_mn9,0.00625,720575940631097462,silent_all,0.0,0.0,0
mode_without_mn9,0.00625,720575940621589887,input,0.0,0.0,0
mode_without_mn9,0.00625,720575940621589887,early_large_only,0.0,0.0,0
mode_without_mn9,0.00625,720575940621589887,later_large_only,0.0,0.0,0
mode_without_mn9,0.00625,720575940621589887,other_active,0.0,0.0,0
mode_without_mn9,0.00625,720575940621589887,silent_all,0.0,0.0,0
mode_without_mn9,0.00625,720575940615166111,input,0.0,0.0,0
mode_without_mn9,0.00625,720575940615166111,early_large_only,0.0,0.0,0
mode_without_mn9,0.00625,720575940615166111,later_large_only,0.0,0.0,0
mode_without_mn9,0.00625,720575940615166111,other_active,0.0,0.0,0
mode_without_mn9,0.00625,720575940615166111,silent_all,0.0,0.0,0
mode_without_mn9,0.00625,720575940631058280,input,0.0,0.0,0
mode_without_mn9,0.00625,720575940631058280,early_large_only,0.0,0.0,0
mode_without_mn9,0.00625,720575940631058280,later_large_only,0.0,0.0,0
mode_without_mn9,0.00625,720575940631058280,other_active,1.32,0.0,1
mode_without_mn9,0.00625,720575940631058280,silent_all,0.0,0.0,0
mode_without_mn9,0.00625,720575940624742158,input,0.0,0.0,0
mode_without_mn9,0.00625,720575940624742158,early_large_only,0.0,0.0,0
mode_without_mn9,0.00625,720575940624742158,later_large_only,0.0,0.0,0
mode_without_mn9,0.00625,720575940624742158,other_active,0.0,0.0,0
mode_without_mn9,0.00625,720575940624742158,silent_all,0.0,0.0,0
mode_without_mn9,0.00625,720575940623067389,input,0.0,0.0,0
mode_without_mn9,0.00625,720575940623067389,early_large_only,0.0,0.0,0
mode_without_mn9,0.00625,720575940623067389,later_large_only,0.0,0.0,0
mode_without_mn9,0.00625,720575940623067389,other_active,0.0,0.0,0
mode_without_mn9,0.00625,720575940623067389,silent_all,0.0,0.0,0
mode_without_mn9,0.00625,720575940639373683,input,0.0,0.0,0
mode_without_mn9,0.00625,720575940639373683,early_large_only,0.0,0.0,0
mode_without_mn9,0.00625,720575940639373683,later_large_only,0.0,0.0,0
mode_without_mn9,0.00625,720575940639373683,other_active,0.0,0.0,0
mode_without_mn9,0.00625,720575940639373683,silent_all,0.0,0.0,0
mode_without_mn9,0.00625,720575940627706645,input,0.0,0.0,0
mode_without_mn9,0.00625,720575940627706645,early_large_only,0.0,0.0,0
mode_without_mn9,0.00625,720575940627706645,later_large_only,0.0,0.0,0
mode_without_mn9,0.00625,720575940627706645,other_active,15.18,0.0,1
mode_without_mn9,0.00625,720575940627706645,silent_all,0.0,0.0,0
mode_without_mn9,0.00625,720575940612922226,input,0.0,0.0,0
mode_without_mn9,0.00625,720575940612922226,early_large_only,0.0,0.0,0
mode_without_mn9,0.00625,720575940612922226,later_large_only,0.0,0.0,0
mode_without_mn9,0.00625,720575940612922226,other_active,26.07,0.0,1
mode_without_mn9,0.00625,720575940612922226,silent_all,0.0,0.0,0
mode_without_mn9,0.00625,720575940643476128,input,0.0,0.0,0
mode_without_mn9,0.00625,720575940643476128,early_large_only,0.0,0.0,0
mode_without_mn9,0.00625,720575940643476128,later_large_only,0.0,0.0,0
mode_without_mn9,0.00625,720575940643476128,other_active,0.0,0.0,0
mode_without_mn9,0.00625,720575940643476128,silent_all,0.0,0.0,0
mode_without_mn9,0.00625,720575940615953202,input,0.0,0.0,0
mode_without_mn9,0.00625,720575940615953202,early_large_only,0.0,0.0,0
mode_without_mn9,0.00625,720575940615953202,later_large_only,0.0,0.0,0
mode_without_mn9,0.00625,720575940615953202,other_active,1.65,0.0,1
mode_without_mn9,0.00625,720575940615953202,silent_all,0.0,0.0,0
mode_without_mn9,0.00625,720575940619754699,input,0.0,0.0,0
mode_without_mn9,0.00625,720575940619754699,early_large_only,0.0,0.0,0
mode_without_mn9,0.00625,720575940619754699,later_large_only,0.0,0.0,0
mode_without_mn9,0.00625,720575940619754699,other_active,0.0,0.0,0
mode_without_mn9,0.00625,720575940619754699,silent_all,0.0,0.0,0
mode_without_mn9,0.00625,720575940626010042,input,0.0,0.0,0
mode_without_mn9,0.00625,720575940626010042,early_large_only,0.0,0.0,0
mode_without_mn9,0.00625,720575940626010042,later_large_only,0.0,0.0,0
mode_without_mn9,0.00625,720575940626010042,other_active,28.05,-0.264,3
mode_without_mn9,0.00625,720575940626010042,silent_all,0.0,0.0,0
mode_without_mn9,0.00625,720575940630539535,input,0.0,0.0,0
mode_without_mn9,0.00625,720575940630539535,early_large_only,0.0,0.0,0
mode_without_mn9,0.00625,720575940630539535,later_large_only,0.0,0.0,0
mode_without_mn9,0.00625,720575940630539535,other_active,0.0,0.0,0
mode_without_mn9,0.00625,720575940630539535,silent_all,0.0,0.0,0
mode_without_mn9,0.00625,720575940623067686,input,0.0,0.0,0
mode_without_mn9,0.00625,720575940623067686,early_large_only,0.0,0.0,0
mode_without_mn9,0.00625,720575940623067686,later_large_only,0.0,0.0,0
mode_without_mn9,0.00625,720575940623067686,other_active,0.99,0.0,2
mode_without_mn9,0.00625,720575940623067686,silent_all,0.0,0.0,0
mode_without_mn9,0.00625,720575940645864739,input,0.0,0.0,0
mode_without_mn9,0.00625,720575940645864739,early_large_only,0.0,0.0,0
mode_without_mn9,0.00625,720575940645864739,later_large_only,0.0,0.0,0
mode_without_mn9,0.00625,720575940645864739,other_active,0.0,0.0,0
mode_without_mn9,0.00625,720575940645864739,silent_all,0.0,0.0,0
mode_without_mn9,0.00625,720575940633156377,input,0.0,0.0,0
mode_without_mn9,0.00625,720575940633156377,early_large_only,0.0,0.0,0
mode_without_mn9,0.00625,720575940633156377,later_large_only,0.0,0.0,0
mode_without_mn9,0.00625,720575940633156377,other_active,0.0,0.0,0
mode_without_mn9,0.00625,720575940633156377,silent_all,0.0,0.0,0
mode_without_mn9,0.00625,720575940624426940,input,0.0,0.0,0
mode_without_mn9,0.00625,720575940624426940,early_large_only,0.0,0.0,0
mode_without_mn9,0.00625,720575940624426940,later_large_only,0.0,0.0,0
mode_without_mn9,0.00625,720575940624426940,other_active,0.33,0.0,1
mode_without_mn9,0.00625,720575940624426940,silent_all,0.0,0.0,0
mode_without_mn9,0.00625,720575940625203277,input,0.0,0.0,0
mode_without_mn9,0.00625,720575940625203277,early_large_only,0.0,0.0,0
mode_without_mn9,0.00625,720575940625203277,later_large_only,0.0,0.0,0
mode_without_mn9,0.00625,720575940625203277,other_active,14.52,0.0,5
mode_without_mn9,0.00625,720575940625203277,silent_all,0.0,0.0,0
mode_without_mn9,0.00625,720575940624681520,input,0.0,0.0,0
mode_without_mn9,0.00625,720575940624681520,early_large_only,0.0,0.0,0
mode_without_mn9,0.00625,720575940624681520,later_large_only,0.0,0.0,0
mode_without_mn9,0.00625,720575940624681520,other_active,0.0,0.0,0
mode_without_mn9,0.00625,720575940624681520,silent_all,0.0,0.0,0
mode_without_mn9,0.00625,720575940630968680,input,0.0,0.0,0
mode_without_mn9,0.00625,720575940630968680,early_large_only,0.0,0.0,0
mode_without_mn9,0.00625,720575940630968680,later_large_only,0.0,0.0,0
mode_without_mn9,0.00625,720575940630968680,other_active,15.84,0.0,1
mode_without_mn9,0.00625,720575940630968680,silent_all,0.0,0.0,0
mode_without_mn9,0.00625,720575940630939855,input,0.0,0.0,0
mode_without_mn9,0.00625,720575940630939855,early_large_only,0.0,0.0,0
mode_without_mn9,0.00625,720575940630939855,later_large_only,0.0,0.0,0
mode_without_mn9,0.00625,720575940630939855,other_active,0.33,0.0,1
mode_without_mn9,0.00625,720575940630939855,silent_all,0.0,0.0,0
mode_without_mn9,0.00625,720575940627692565,input,0.0,0.0,0
mode_without_mn9,0.00625,720575940627692565,early_large_only,0.0,0.0,0
mode_without_mn9,0.00625,720575940627692565,later_large_only,0.0,0.0,0
mode_without_mn9,0.00625,720575940627692565,other_active,0.0,0.0,0
mode_without_mn9,0.00625,720575940627692565,silent_all,0.0,0.0,0
mode_without_mn9,0.00625,720575940630020345,input,0.0,0.0,0
mode_without_mn9,0.00625,720575940630020345,early_large_only,0.0,0.0,0
mode_without_mn9,0.00625,720575940630020345,later_large_only,0.0,0.0,0
mode_without_mn9,0.00625,720575940630020345,other_active,16.169999999999998,0.0,2
mode_without_mn9,0.00625,720575940630020345,silent_all,0.0,0.0,0
mode_without_mn9,0.00625,720575940620321670,input,0.0,0.0,0
mode_without_mn9,0.00625,720575940620321670,early_large_only,0.0,0.0,0
mode_without_mn9,0.00625,720575940620321670,later_large_only,0.0,0.0,0
mode_without_mn9,0.00625,720575940620321670,other_active,0.0,0.0,0
mode_without_mn9,0.00625,720575940620321670,silent_all,0.0,0.0,0
mode_without_mn9,0.00625,720575940618263365,input,0.0,0.0,0
mode_without_mn9,0.00625,720575940618263365,early_large_only,0.0,0.0,0
mode_without_mn9,0.00625,720575940618263365,later_large_only,0.0,0.0,0
mode_without_mn9,0.00625,720575940618263365,other_active,0.0,0.0,0
mode_without_mn9,0.00625,720575940618263365,silent_all,0.0,0.0,0
mode_without_mn9,0.00625,720575940622446085,input,0.0,0.0,0
mode_without_mn9,0.00625,720575940622446085,early_large_only,0.0,0.0,0
mode_without_mn9,0.00625,720575940622446085,later_large_only,0.0,0.0,0
mode_without_mn9,0.00625,720575940622446085,other_active,0.0,-0.528,2
mode_without_mn9,0.00625,720575940622446085,silent_all,0.0,0.0,0
mode_without_mn9,0.00625,720575940629911503,input,0.0,0.0,0
mode_without_mn9,0.00625,720575940629911503,early_large_only,0.0,0.0,0
mode_without_mn9,0.00625,720575940629911503,later_large_only,0.0,0.0,0
mode_without_mn9,0.00625,720575940629911503,other_active,0.0,0.0,0
mode_without_mn9,0.00625,720575940629911503,silent_all,0.0,0.0,0
mode_without_mn9,0.00625,720575940620252075,input,0.0,0.0,0
mode_without_mn9,0.00625,720575940620252075,early_large_only,0.0,0.0,0
mode_without_mn9,0.00625,720575940620252075,later_large_only,0.0,0.0,0
mode_without_mn9,0.00625,720575940620252075,other_active,0.0,0.0,0
mode_without_mn9,0.00625,720575940620252075,silent_all,0.0,0.0,0
mode_without_mn9,0.00625,720575940622203350,input,0.0,0.0,0
mode_without_mn9,0.00625,720575940622203350,early_large_only,0.0,0.0,0
mode_without_mn9,0.00625,720575940622203350,later_large_only,0.0,0.0,0
mode_without_mn9,0.00625,720575940622203350,other_active,1.32,0.0,1
mode_without_mn9,0.00625,720575940622203350,silent_all,0.0,0.0,0
mode_without_mn9,0.00625,720575940619077255,input,0.0,0.0,0
mode_without_mn9,0.00625,720575940619077255,early_large_only,0.0,0.0,0
mode_without_mn9,0.00625,720575940619077255,later_large_only,0.0,0.0,0
mode_without_mn9,0.00625,720575940619077255,other_active,0.33,0.0,1
mode_without_mn9,0.00625,720575940619077255,silent_all,0.0,0.0,0
mode_without_mn9,0.00625,720575940619709899,input,0.0,0.0,0
mode_without_mn9,0.00625,720575940619709899,early_large_only,0.0,0.0,0
mode_without_mn9,0.00625,720575940619709899,later_large_only,0.0,0.0,0
mode_without_mn9,0.00625,720575940619709899,other_active,0.0,0.0,0
mode_without_mn9,0.00625,720575940619709899,silent_all,0.0,0.0,0
mode_without_mn9,0.00625,720575940616370065,input,0.0,0.0,0
mode_without_mn9,0.00625,720575940616370065,early_large_only,0.0,0.0,0
mode_without_mn9,0.00625,720575940616370065,later_large_only,0.0,0.0,0
mode_without_mn9,0.00625,720575940616370065,other_active,2.31,0.0,1
mode_without_mn9,0.00625,720575940616370065,silent_all,0.0,0.0,0
mode_without_mn9,0.00625,720575940625032171,input,0.0,0.0,0
mode_without_mn9,0.00625,720575940625032171,early_large_only,0.0,0.0,0
mode_without_mn9,0.00625,720575940625032171,later_large_only,0.0,0.0,0
mode_without_mn9,0.00625,720575940625032171,other_active,0.66,-0.264,3
mode_without_mn9,0.00625,720575940625032171,silent_all,0.0,0.0,0
mode_without_mn9,0.00625,720575940605007206,input,0.0,0.0,0
mode_without_mn9,0.00625,720575940605007206,early_large_only,0.0,0.0,0
mode_without_mn9,0.00625,720575940605007206,later_large_only,0.0,0.0,0
mode_without_mn9,0.00625,720575940605007206,other_active,0.0,0.0,0
mode_without_mn9,0.00625,720575940605007206,silent_all,0.0,0.0,0
mode_without_mn9,0.00625,720575940621905185,input,0.0,0.0,0
mode_without_mn9,0.00625,720575940621905185,early_large_only,0.0,0.0,0
mode_without_mn9,0.00625,720575940621905185,later_large_only,0.0,0.0,0
mode_without_mn9,0.00625,720575940621905185,other_active,0.0,0.0,0
mode_without_mn9,0.00625,720575940621905185,silent_all,0.0,0.0,0
mode_without_mn9,0.00625,720575940621921285,input,0.0,0.0,0
mode_without_mn9,0.00625,720575940621921285,early_large_only,0.0,0.0,0
mode_without_mn9,0.00625,720575940621921285,later_large_only,0.0,0.0,0
mode_without_mn9,0.00625,720575940621921285,other_active,9.9,0.0,1
mode_without_mn9,0.00625,720575940621921285,silent_all,0.0,0.0,0
mode_without_mn9,0.00625,720575940645676579,input,0.0,0.0,0
mode_without_mn9,0.00625,720575940645676579,early_large_only,0.0,0.0,0
mode_without_mn9,0.00625,720575940645676579,later_large_only,0.0,0.0,0
mode_without_mn9,0.00625,720575940645676579,other_active,6.2700000000000005,0.0,3
mode_without_mn9,0.00625,720575940645676579,silent_all,0.0,0.0,0
mode_without_mn9,0.00625,720575940607667723,input,0.0,0.0,0
mode_without_mn9,0.00625,720575940607667723,early_large_only,0.0,0.0,0
mode_without_mn9,0.00625,720575940607667723,later_large_only,0.0,0.0,0
mode_without_mn9,0.00625,720575940607667723,other_active,0.0,-2.112,2
mode_without_mn9,0.00625,720575940607667723,silent_all,0.0,0.0,0
mode_without_mn9,0.00625,720575940614684822,input,0.0,0.0,0
mode_without_mn9,0.00625,720575940614684822,early_large_only,0.0,0.0,0
mode_without_mn9,0.00625,720575940614684822,later_large_only,0.0,0.0,0
mode_without_mn9,0.00625,720575940614684822,other_active,0.33,-0.264,2
mode_without_mn9,0.00625,720575940614684822,silent_all,0.0,0.0,0
mode_without_mn9,0.00625,720575940628342171,input,0.0,0.0,0
mode_without_mn9,0.00625,720575940628342171,early_large_only,0.0,0.0,0
mode_without_mn9,0.00625,720575940628342171,later_large_only,0.0,0.0,0
mode_without_mn9,0.00625,720575940628342171,other_active,0.0,0.0,0
mode_without_mn9,0.00625,720575940628342171,silent_all,0.0,0.0,0
mode_without_mn9,0.00625,720575940621038294,input,0.0,0.0,0
mode_without_mn9,0.00625,720575940621038294,early_large_only,0.0,0.0,0
mode_without_mn9,0.00625,720575940621038294,later_large_only,0.0,0.0,0
mode_without_mn9,0.00625,720575940621038294,other_active,0.33,-0.7920000000000001,2
mode_without_mn9,0.00625,720575940621038294,silent_all,0.0,0.0,0
mode_without_mn9,0.00625,720575940620464321,input,0.0,0.0,0
mode_without_mn9,0.00625,720575940620464321,early_large_only,0.0,0.0,0
mode_without_mn9,0.00625,720575940620464321,later_large_only,0.0,0.0,0
mode_without_mn9,0.00625,720575940620464321,other_active,3.9600000000000004,0.0,2
mode_without_mn9,0.00625,720575940620464321,silent_all,0.0,0.0,0
mode_without_mn9,0.00625,720575940632059193,input,0.0,0.0,0
mode_without_mn9,0.00625,720575940632059193,early_large_only,0.0,0.0,0
mode_without_mn9,0.00625,720575940632059193,later_large_only,0.0,0.0,0
mode_without_mn9,0.00625,720575940632059193,other_active,0.0,0.0,0
mode_without_mn9,0.00625,720575940632059193,silent_all,0.0,0.0,0
mode_without_mn9,0.00625,720575940646735156,input,0.0,0.0,0
mode_without_mn9,0.00625,720575940646735156,early_large_only,0.0,0.0,0
mode_without_mn9,0.00625,720575940646735156,later_large_only,0.0,0.0,0
mode_without_mn9,0.00625,720575940646735156,other_active,5.61,0.0,5
mode_without_mn9,0.00625,720575940646735156,silent_all,0.0,0.0,0
mode_without_mn9,0.00625,720575940633062335,input,0.0,0.0,0
mode_without_mn9,0.00625,720575940633062335,early_large_only,0.0,0.0,0
mode_without_mn9,0.00625,720575940633062335,later_large_only,0.0,0.0,0
mode_without_mn9,0.00625,720575940633062335,other_active,0.66,0.0,1
mode_without_mn9,0.00625,720575940633062335,silent_all,0.0,0.0,0
mode_without_mn9,0.00625,720575940643882184,input,0.0,0.0,0
mode_without_mn9,0.00625,720575940643882184,early_large_only,0.0,0.0,0
mode_without_mn9,0.00625,720575940643882184,later_large_only,0.0,0.0,0
mode_without_mn9,0.00625,720575940643882184,other_active,2.31,0.0,1
mode_without_mn9,0.00625,720575940643882184,silent_all,0.0,0.0,0
mode_without_mn9,0.00625,720575940639505792,input,0.0,0.0,0
mode_without_mn9,0.00625,720575940639505792,early_large_only,0.0,0.0,0
mode_without_mn9,0.00625,720575940639505792,later_large_only,0.0,0.0,0
mode_without_mn9,0.00625,720575940639505792,other_active,0.0,0.0,0
mode_without_mn9,0.00625,720575940639505792,silent_all,0.0,0.0,0
mode_without_mn9,0.00625,720575940605028017,input,0.0,0.0,0
mode_without_mn9,0.00625,720575940605028017,early_large_only,0.0,0.0,0
mode_without_mn9,0.00625,720575940605028017,later_large_only,0.0,0.0,0
mode_without_mn9,0.00625,720575940605028017,other_active,28.380000000000003,0.0,4
mode_without_mn9,0.00625,720575940605028017,silent_all,0.0,0.0,0
mode_without_mn9,0.00625,720575940631865228,input,0.0,0.0,0
mode_without_mn9,0.00625,720575940631865228,early_large_only,0.0,0.0,0
mode_without_mn9,0.00625,720575940631865228,later_large_only,0.0,0.0,0
mode_without_mn9,0.00625,720575940631865228,other_active,30.36,-6.864000000000001,12
mode_without_mn9,0.00625,720575940631865228,silent_all,0.0,0.0,0
mode_without_mn9,0.00625,720575940624230122,input,0.0,0.0,0
mode_without_mn9,0.00625,720575940624230122,early_large_only,0.0,0.0,0
mode_without_mn9,0.00625,720575940624230122,later_large_only,0.0,0.0,0
mode_without_mn9,0.00625,720575940624230122,other_active,0.0,-0.7920000000000001,1
mode_without_mn9,0.00625,720575940624230122,silent_all,0.0,0.0,0
mode_without_mn9,0.00625,720575940613463471,input,0.0,0.0,0
mode_without_mn9,0.00625,720575940613463471,early_large_only,0.0,0.0,0
mode_without_mn9,0.00625,720575940613463471,later_large_only,0.0,0.0,0
mode_without_mn9,0.00625,720575940613463471,other_active,0.0,-0.7920000000000001,1
mode_without_mn9,0.00625,720575940613463471,silent_all,0.0,0.0,0
mode_without_mn9,0.00625,720575940626979965,input,0.0,0.0,0
mode_without_mn9,0.00625,720575940626979965,early_large_only,0.0,0.0,0
mode_without_mn9,0.00625,720575940626979965,later_large_only,0.0,0.0,0
mode_without_mn9,0.00625,720575940626979965,other_active,3.6300000000000003,0.0,4
mode_without_mn9,0.00625,720575940626979965,silent_all,0.0,0.0,0
mode_without_mn9,0.00625,720575940638677411,input,0.0,0.0,0
mode_without_mn9,0.00625,720575940638677411,early_large_only,0.0,0.0,0
mode_without_mn9,0.00625,720575940638677411,later_large_only,0.0,0.0,0
mode_without_mn9,0.00625,720575940638677411,other_active,11.55,-2.3760000000000003,7
mode_without_mn9,0.00625,720575940638677411,silent_all,0.0,0.0,0
mode_without_mn9,0.00625,720575940618405848,input,0.0,0.0,0
mode_without_mn9,0.00625,720575940618405848,early_large_only,0.0,0.0,0
mode_without_mn9,0.00625,720575940618405848,later_large_only,0.0,0.0,0
mode_without_mn9,0.00625,720575940618405848,other_active,2.64,0.0,4
mode_without_mn9,0.00625,720575940618405848,silent_all,0.0,0.0,0
mode_without_mn9,0.00625,720575940626650890,input,0.0,0.0,0
mode_without_mn9,0.00625,720575940626650890,early_large_only,0.0,0.0,0
mode_without_mn9,0.00625,720575940626650890,later_large_only,0.0,0.0,0
mode_without_mn9,0.00625,720575940626650890,other_active,0.0,-2.9040000000000004,1
mode_without_mn9,0.00625,720575940626650890,silent_all,0.0,0.0,0
mode_without_mn9,0.00625,720575940619766219,input,0.0,0.0,0
mode_without_mn9,0.00625,720575940619766219,early_large_only,0.0,0.0,0
mode_without_mn9,0.00625,720575940619766219,later_large_only,0.0,0.0,0
mode_without_mn9,0.00625,720575940619766219,other_active,0.0,0.0,0
mode_without_mn9,0.00625,720575940619766219,silent_all,0.0,0.0,0
mode_without_mn9,0.00625,720575940614702754,input,0.0,0.0,0
mode_without_mn9,0.00625,720575940614702754,early_large_only,0.0,0.0,0
mode_without_mn9,0.00625,720575940614702754,later_large_only,0.0,0.0,0
mode_without_mn9,0.00625,720575940614702754,other_active,0.0,0.0,0
mode_without_mn9,0.00625,720575940614702754,silent_all,0.0,0.0,0
mode_without_mn9,0.00625,720575940620001958,input,0.0,0.0,0
mode_without_mn9,0.00625,720575940620001958,early_large_only,0.0,0.0,0
mode_without_mn9,0.00625,720575940620001958,later_large_only,0.0,0.0,0
mode_without_mn9,0.00625,720575940620001958,other_active,0.99,-0.264,4
mode_without_mn9,0.00625,720575940620001958,silent_all,0.0,0.0,0
mode_without_mn9,0.00625,720575940621833054,input,0.0,0.0,0
mode_without_mn9,0.00625,720575940621833054,early_large_only,0.0,0.0,0
mode_without_mn9,0.00625,720575940621833054,later_large_only,0.0,0.0,0
mode_without_mn9,0.00625,720575940621833054,other_active,2.31,0.0,1
mode_without_mn9,0.00625,720575940621833054,silent_all,0.0,0.0,0
mode_without_mn9,0.00625,720575940613792296,input,0.0,0.0,0
mode_without_mn9,0.00625,720575940613792296,early_large_only,0.0,0.0,0
mode_without_mn9,0.00625,720575940613792296,later_large_only,0.0,0.0,0
mode_without_mn9,0.00625,720575940613792296,other_active,0.0,0.0,0
mode_without_mn9,0.00625,720575940613792296,silent_all,0.0,0.0,0
mode_without_mn9,0.00625,720575940621457690,input,0.0,0.0,0
mode_without_mn9,0.00625,720575940621457690,early_large_only,0.0,0.0,0
mode_without_mn9,0.00625,720575940621457690,later_large_only,0.0,0.0,0
mode_without_mn9,0.00625,720575940621457690,other_active,0.0,0.0,0
mode_without_mn9,0.00625,720575940621457690,silent_all,0.0,0.0,0
mode_without_mn9,0.00625,720575940625559908,input,0.0,0.0,0
mode_without_mn9,0.00625,720575940625559908,early_large_only,0.0,0.0,0
mode_without_mn9,0.00625,720575940625559908,later_large_only,0.0,0.0,0
mode_without_mn9,0.00625,720575940625559908,other_active,1.65,-1.5840000000000003,3
mode_without_mn9,0.00625,720575940625559908,silent_all,0.0,0.0,0
mode_without_mn9,0.00625,720575940627946512,input,0.0,0.0,0
mode_without_mn9,0.00625,720575940627946512,early_large_only,0.0,0.0,0
mode_without_mn9,0.00625,720575940627946512,later_large_only,0.0,0.0,0
mode_without_mn9,0.00625,720575940627946512,other_active,47.519999999999996,-37.488,4
mode_without_mn9,0.00625,720575940627946512,silent_all,0.0,0.0,0
mode_without_mn9,0.00625,720575940613163473,input,0.0,0.0,0
mode_without_mn9,0.00625,720575940613163473,early_large_only,0.0,0.0,0
mode_without_mn9,0.00625,720575940613163473,later_large_only,0.0,0.0,0
mode_without_mn9,0.00625,720575940613163473,other_active,0.0,-0.792,3
mode_without_mn9,0.00625,720575940613163473,silent_all,0.0,0.0,0
mode_without_mn9,0.00625,720575940627619057,input,0.0,0.0,0
mode_without_mn9,0.00625,720575940627619057,early_large_only,0.0,0.0,0
mode_without_mn9,0.00625,720575940627619057,later_large_only,0.0,0.0,0
mode_without_mn9,0.00625,720575940627619057,other_active,0.0,0.0,0
mode_without_mn9,0.00625,720575940627619057,silent_all,0.0,0.0,0
mode_without_mn9,0.00625,720575940634172267,input,0.0,0.0,0
mode_without_mn9,0.00625,720575940634172267,early_large_only,0.0,0.0,0
mode_without_mn9,0.00625,720575940634172267,later_large_only,0.0,0.0,0
mode_without_mn9,0.00625,720575940634172267,other_active,6.6000000000000005,-3.168,8
mode_without_mn9,0.00625,720575940634172267,silent_all,0.0,0.0,0
mode_without_mn9,0.00625,720575940623356651,input,0.0,0.0,0
mode_without_mn9,0.00625,720575940623356651,early_large_only,0.0,0.0,0
mode_without_mn9,0.00625,720575940623356651,later_large_only,0.0,0.0,0
mode_without_mn9,0.00625,720575940623356651,other_active,0.0,0.0,0
mode_without_mn9,0.00625,720575940623356651,silent_all,0.0,0.0,0
mode_without_mn9,0.00625,720575940616762585,input,0.0,0.0,0
mode_without_mn9,0.00625,720575940616762585,early_large_only,0.0,0.0,0
mode_without_mn9,0.00625,720575940616762585,later_large_only,0.0,0.0,0
mode_without_mn9,0.00625,720575940616762585,other_active,0.0,0.0,0
mode_without_mn9,0.00625,720575940616762585,silent_all,0.0,0.0,0
mode_without_mn9,0.00625,720575940627849515,input,0.0,0.0,0
mode_without_mn9,0.00625,720575940627849515,early_large_only,0.0,0.0,0
mode_without_mn9,0.00625,720575940627849515,later_large_only,0.0,0.0,0
mode_without_mn9,0.00625,720575940627849515,other_active,22.770000000000003,-0.528,4
mode_without_mn9,0.00625,720575940627849515,silent_all,0.0,0.0,0
mode_without_mn9,0.00625,720575940635404724,input,0.0,0.0,0
mode_without_mn9,0.00625,720575940635404724,early_large_only,0.0,0.0,0
mode_without_mn9,0.00625,720575940635404724,later_large_only,0.0,0.0,0
mode_without_mn9,0.00625,720575940635404724,other_active,1.98,-0.528,4
mode_without_mn9,0.00625,720575940635404724,silent_all,0.0,0.0,0
mode_without_mn9,0.00625,720575940626425682,input,0.0,0.0,0
mode_without_mn9,0.00625,720575940626425682,early_large_only,0.0,0.0,0
mode_without_mn9,0.00625,720575940626425682,later_large_only,0.0,0.0,0
mode_without_mn9,0.00625,720575940626425682,other_active,8.25,0.0,3
mode_without_mn9,0.00625,720575940626425682,silent_all,0.0,0.0,0
mode_without_mn9,0.00625,720575940626703497,input,0.0,0.0,0
mode_without_mn9,0.00625,720575940626703497,early_large_only,0.0,0.0,0
mode_without_mn9,0.00625,720575940626703497,later_large_only,0.0,0.0,0
mode_without_mn9,0.00625,720575940626703497,other_active,4.29,-0.528,3
mode_without_mn9,0.00625,720575940626703497,silent_all,0.0,0.0,0
mode_without_mn9,0.00625,720575940623847728,input,0.0,0.0,0
mode_without_mn9,0.00625,720575940623847728,early_large_only,0.0,0.0,0
mode_without_mn9,0.00625,720575940623847728,later_large_only,0.0,0.0,0
mode_without_mn9,0.00625,720575940623847728,other_active,0.0,-0.528,1
mode_without_mn9,0.00625,720575940623847728,silent_all,0.0,0.0,0
mode_without_mn9,0.00625,720575940629225463,input,0.0,0.0,0
mode_without_mn9,0.00625,720575940629225463,early_large_only,0.0,0.0,0
mode_without_mn9,0.00625,720575940629225463,later_large_only,0.0,0.0,0
mode_without_mn9,0.00625,720575940629225463,other_active,0.0,0.0,0
mode_without_mn9,0.00625,720575940629225463,silent_all,0.0,0.0,0
mode_without_mn9,0.00625,720575940635397556,input,0.0,0.0,0
mode_without_mn9,0.00625,720575940635397556,early_large_only,0.0,0.0,0
mode_without_mn9,0.00625,720575940635397556,later_large_only,0.0,0.0,0
mode_without_mn9,0.00625,720575940635397556,other_active,9.24,-8.448,3
mode_without_mn9,0.00625,720575940635397556,silent_all,0.0,0.0,0
mode_without_mn9,0.00625,720575940622971283,input,0.0,0.0,0
mode_without_mn9,0.00625,720575940622971283,early_large_only,0.0,0.0,0
mode_without_mn9,0.00625,720575940622971283,later_large_only,0.0,0.0,0
mode_without_mn9,0.00625,720575940622971283,other_active,0.0,0.0,0
mode_without_mn9,0.00625,720575940622971283,silent_all,0.0,0.0,0
mode_without_mn9,0.00625,720575940622999688,input,0.0,0.0,0
mode_without_mn9,0.00625,720575940622999688,early_large_only,0.0,0.0,0
mode_without_mn9,0.00625,720575940622999688,later_large_only,0.0,0.0,0
mode_without_mn9,0.00625,720575940622999688,other_active,0.0,0.0,0
mode_without_mn9,0.00625,720575940622999688,silent_all,0.0,0.0,0
mode_without_mn9,0.00625,720575940610205282,input,0.0,0.0,0
mode_without_mn9,0.00625,720575940610205282,early_large_only,0.0,0.0,0
mode_without_mn9,0.00625,720575940610205282,later_large_only,0.0,0.0,0
mode_without_mn9,0.00625,720575940610205282,other_active,3.6300000000000003,0.0,1
mode_without_mn9,0.00625,720575940610205282,silent_all,0.0,0.0,0
mode_without_mn9,0.00625,720575940622446341,input,0.0,0.0,0
mode_without_mn9,0.00625,720575940622446341,early_large_only,0.0,0.0,0
mode_without_mn9,0.00625,720575940622446341,later_large_only,0.0,0.0,0
mode_without_mn9,0.00625,720575940622446341,other_active,0.0,-0.528,1
mode_without_mn9,0.00625,720575940622446341,silent_all,0.0,0.0,0
mode_without_mn9,0.00625,720575940628210887,input,0.0,0.0,0
mode_without_mn9,0.00625,720575940628210887,early_large_only,0.0,0.0,0
mode_without_mn9,0.00625,720575940628210887,later_large_only,0.0,0.0,0
mode_without_mn9,0.00625,720575940628210887,other_active,6.2700000000000005,0.0,2
mode_without_mn9,0.00625,720575940628210887,silent_all,0.0,0.0,0
mode_without_mn9,0.00625,720575940613303471,input,0.0,0.0,0
mode_without_mn9,0.00625,720575940613303471,early_large_only,0.0,0.0,0
mode_without_mn9,0.00625,720575940613303471,later_large_only,0.0,0.0,0
mode_without_mn9,0.00625,720575940613303471,other_active,0.0,-3.9600000000000004,3
mode_without_mn9,0.00625,720575940613303471,silent_all,0.0,0.0,0
mode_without_mn9,0.00625,720575940657580417,input,0.0,0.0,0
mode_without_mn9,0.00625,720575940657580417,early_large_only,0.0,0.0,0
mode_without_mn9,0.00625,720575940657580417,later_large_only,0.0,0.0,0
mode_without_mn9,0.00625,720575940657580417,other_active,0.0,0.0,0
mode_without_mn9,0.00625,720575940657580417,silent_all,0.0,0.0,0
mode_without_mn9,0.00625,720575940617841437,input,0.0,0.0,0
mode_without_mn9,0.00625,720575940617841437,early_large_only,0.0,0.0,0
mode_without_mn9,0.00625,720575940617841437,later_large_only,0.0,0.0,0
mode_without_mn9,0.00625,720575940617841437,other_active,8.91,-0.264,5
mode_without_mn9,0.00625,720575940617841437,silent_all,0.0,0.0,0
mode_without_mn9,0.00625,720575940638379598,input,0.0,0.0,0
mode_without_mn9,0.00625,720575940638379598,early_large_only,0.0,0.0,0
mode_without_mn9,0.00625,720575940638379598,later_large_only,0.0,0.0,0
mode_without_mn9,0.00625,720575940638379598,other_active,6.2700000000000005,-1.3200000000000003,6
mode_without_mn9,0.00625,720575940638379598,silent_all,0.0,0.0,0
mode_without_mn9,0.00625,720575940619773505,input,0.0,0.0,0
mode_without_mn9,0.00625,720575940619773505,early_large_only,0.0,0.0,0
mode_without_mn9,0.00625,720575940619773505,later_large_only,0.0,0.0,0
mode_without_mn9,0.00625,720575940619773505,other_active,1.98,-1.8480000000000003,6
mode_without_mn9,0.00625,720575940619773505,silent_all,0.0,0.0,0
mode_without_mn9,0.00625,720575940626778008,input,0.0,0.0,0
mode_without_mn9,0.00625,720575940626778008,early_large_only,0.0,0.0,0
mode_without_mn9,0.00625,720575940626778008,later_large_only,0.0,0.0,0
mode_without_mn9,0.00625,720575940626778008,other_active,0.99,0.0,1
mode_without_mn9,0.00625,720575940626778008,silent_all,0.0,0.0,0
mode_without_mn9,0.00625,720575940615042246,input,0.0,0.0,0
mode_without_mn9,0.00625,720575940615042246,early_large_only,0.0,0.0,0
mode_without_mn9,0.00625,720575940615042246,later_large_only,0.0,0.0,0
mode_without_mn9,0.00625,720575940615042246,other_active,1.98,0.0,2
mode_without_mn9,0.00625,720575940615042246,silent_all,0.0,0.0,0
mode_without_mn9,0.00625,720575940617825949,input,0.0,0.0,0
mode_without_mn9,0.00625,720575940617825949,early_large_only,0.0,0.0,0
mode_without_mn9,0.00625,720575940617825949,later_large_only,0.0,0.0,0
mode_without_mn9,0.00625,720575940617825949,other_active,0.66,0.0,1
mode_without_mn9,0.00625,720575940617825949,silent_all,0.0,0.0,0
mode_without_mn9,0.00625,720575940610506542,input,0.0,0.0,0
mode_without_mn9,0.00625,720575940610506542,early_large_only,0.0,0.0,0
mode_without_mn9,0.00625,720575940610506542,later_large_only,0.0,0.0,0
mode_without_mn9,0.00625,720575940610506542,other_active,0.0,0.0,0
mode_without_mn9,0.00625,720575940610506542,silent_all,0.0,0.0,0
mode_without_mn9,0.00625,720575940612734066,input,0.0,0.0,0
mode_without_mn9,0.00625,720575940612734066,early_large_only,0.0,0.0,0
mode_without_mn9,0.00625,720575940612734066,later_large_only,0.0,0.0,0
mode_without_mn9,0.00625,720575940612734066,other_active,0.0,0.0,0
mode_without_mn9,0.00625,720575940612734066,silent_all,0.0,0.0,0
mode_without_mn9,0.00625,720575940613981905,input,0.0,0.0,0
mode_without_mn9,0.00625,720575940613981905,early_large_only,0.0,0.0,0
mode_without_mn9,0.00625,720575940613981905,later_large_only,0.0,0.0,0
mode_without_mn9,0.00625,720575940613981905,other_active,12.540000000000001,-0.264,4
mode_without_mn9,0.00625,720575940613981905,silent_all,0.0,0.0,0
mode_without_mn9,0.00625,720575940629908540,input,0.0,0.0,0
mode_without_mn9,0.00625,720575940629908540,early_large_only,0.0,0.0,0
mode_without_mn9,0.00625,720575940629908540,later_large_only,0.0,0.0,0
mode_without_mn9,0.00625,720575940629908540,other_active,0.0,0.0,0
mode_without_mn9,0.00625,720575940629908540,silent_all,0.0,0.0,0
mode_without_mn9,0.00625,720575940617306717,input,0.0,0.0,0
mode_without_mn9,0.00625,720575940617306717,early_large_only,0.0,0.0,0
mode_without_mn9,0.00625,720575940617306717,later_large_only,0.0,0.0,0
mode_without_mn9,0.00625,720575940617306717,other_active,1.32,0.0,1
mode_without_mn9,0.00625,720575940617306717,silent_all,0.0,0.0,0
mode_without_mn9,0.00625,720575940619863125,input,0.0,0.0,0
mode_without_mn9,0.00625,720575940619863125,early_large_only,0.0,0.0,0
mode_without_mn9,0.00625,720575940619863125,later_large_only,0.0,0.0,0
mode_without_mn9,0.00625,720575940619863125,other_active,0.0,0.0,0
mode_without_mn9,0.00625,720575940619863125,silent_all,0.0,0.0,0
mode_without_mn9,0.00625,720575940616702465,input,0.0,0.0,0
mode_without_mn9,0.00625,720575940616702465,early_large_only,0.0,0.0,0
mode_without_mn9,0.00625,720575940616702465,later_large_only,0.0,0.0,0
mode_without_mn9,0.00625,720575940616702465,other_active,0.99,0.0,3
mode_without_mn9,0.00625,720575940616702465,silent_all,0.0,0.0,0
mode_without_mn9,0.00625,720575940617649954,input,0.0,0.0,0
mode_without_mn9,0.00625,720575940617649954,early_large_only,0.0,0.0,0
mode_without_mn9,0.00625,720575940617649954,later_large_only,0.0,0.0,0
mode_without_mn9,0.00625,720575940617649954,other_active,0.0,0.0,0
mode_without_mn9,0.00625,720575940617649954,silent_all,0.0,0.0,0
mode_without_mn9,0.00625,720575940620904614,input,0.0,0.0,0
mode_without_mn9,0.00625,720575940620904614,early_large_only,0.0,0.0,0
mode_without_mn9,0.00625,720575940620904614,later_large_only,0.0,0.0,0
mode_without_mn9,0.00625,720575940620904614,other_active,0.33,0.0,1
mode_without_mn9,0.00625,720575940620904614,silent_all,0.0,0.0,0
mode_without_mn9,0.00625,720575940614376615,input,0.0,0.0,0
mode_without_mn9,0.00625,720575940614376615,early_large_only,0.0,0.0,0
mode_without_mn9,0.00625,720575940614376615,later_large_only,0.0,0.0,0
mode_without_mn9,0.00625,720575940614376615,other_active,1.32,-0.264,2
mode_without_mn9,0.00625,720575940614376615,silent_all,0.0,0.0,0
mode_without_mn9,0.00625,720575940631561676,input,0.0,0.0,0
mode_without_mn9,0.00625,720575940631561676,early_large_only,0.0,0.0,0
mode_without_mn9,0.00625,720575940631561676,later_large_only,0.0,0.0,0
mode_without_mn9,0.00625,720575940631561676,other_active,20.459999999999997,-12.936000000000002,4
mode_without_mn9,0.00625,720575940631561676,silent_all,0.0,0.0,0
mode_without_mn9,0.00625,720575940631937042,input,0.0,0.0,0
mode_without_mn9,0.00625,720575940631937042,early_large_only,0.0,0.0,0
mode_without_mn9,0.00625,720575940631937042,later_large_only,0.0,0.0,0
mode_without_mn9,0.00625,720575940631937042,other_active,1.32,0.0,2
mode_without_mn9,0.00625,720575940631937042,silent_all,0.0,0.0,0
mode_without_mn9,0.00625,720575940626003130,input,0.0,0.0,0
mode_without_mn9,0.00625,720575940626003130,early_large_only,0.0,0.0,0
mode_without_mn9,0.00625,720575940626003130,later_large_only,0.0,0.0,0
mode_without_mn9,0.00625,720575940626003130,other_active,8.25,-2.112,2
mode_without_mn9,0.00625,720575940626003130,silent_all,0.0,0.0,0
mode_without_mn9,0.00625,720575940629560770,input,0.0,0.0,0
mode_without_mn9,0.00625,720575940629560770,early_large_only,0.0,0.0,0
mode_without_mn9,0.00625,720575940629560770,later_large_only,0.0,0.0,0
mode_without_mn9,0.00625,720575940629560770,other_active,9.57,-7.392000000000003,12
mode_without_mn9,0.00625,720575940629560770,silent_all,0.0,0.0,0
mode_without_mn9,0.00625,720575940629512314,input,0.0,0.0,0
mode_without_mn9,0.00625,720575940629512314,early_large_only,0.0,0.0,0
mode_without_mn9,0.00625,720575940629512314,later_large_only,0.0,0.0,0
mode_without_mn9,0.00625,720575940629512314,other_active,1.98,0.0,1
mode_without_mn9,0.00625,720575940629512314,silent_all,0.0,0.0,0
mode_without_mn9,0.00625,720575940621646668,input,0.0,0.0,0
mode_without_mn9,0.00625,720575940621646668,early_large_only,0.0,0.0,0
mode_without_mn9,0.00625,720575940621646668,later_large_only,0.0,0.0,0
mode_without_mn9,0.00625,720575940621646668,other_active,0.0,0.0,0
mode_without_mn9,0.00625,720575940621646668,silent_all,0.0,0.0,0
mode_without_mn9,0.00625,720575940635517876,input,0.0,0.0,0
mode_without_mn9,0.00625,720575940635517876,early_large_only,0.0,0.0,0
mode_without_mn9,0.00625,720575940635517876,later_large_only,0.0,0.0,0
mode_without_mn9,0.00625,720575940635517876,other_active,0.33,0.0,1
mode_without_mn9,0.00625,720575940635517876,silent_all,0.0,0.0,0
mode_without_mn9,0.00625,720575940639355726,input,0.0,0.0,0
mode_without_mn9,0.00625,720575940639355726,early_large_only,0.0,0.0,0
mode_without_mn9,0.00625,720575940639355726,later_large_only,0.0,0.0,0
mode_without_mn9,0.00625,720575940639355726,other_active,0.66,0.0,2
mode_without_mn9,0.00625,720575940639355726,silent_all,0.0,0.0,0
mode_without_mn9,0.00625,720575940624338068,input,0.0,0.0,0
mode_without_mn9,0.00625,720575940624338068,early_large_only,0.0,0.0,0
mode_without_mn9,0.00625,720575940624338068,later_large_only,0.0,0.0,0
mode_without_mn9,0.00625,720575940624338068,other_active,0.33,0.0,1
mode_without_mn9,0.00625,720575940624338068,silent_all,0.0,0.0,0
mode_without_mn9,0.00625,720575940634113687,input,0.0,0.0,0
mode_without_mn9,0.00625,720575940634113687,early_large_only,0.0,0.0,0
mode_without_mn9,0.00625,720575940634113687,later_large_only,0.0,0.0,0
mode_without_mn9,0.00625,720575940634113687,other_active,23.43,-10.824000000000002,5
mode_without_mn9,0.00625,720575940634113687,silent_all,0.0,0.0,0
mode_without_mn9,0.00625,720575940627980955,input,0.0,0.0,0
mode_without_mn9,0.00625,720575940627980955,early_large_only,0.0,0.0,0
mode_without_mn9,0.00625,720575940627980955,later_large_only,0.0,0.0,0
mode_without_mn9,0.00625,720575940627980955,other_active,7.260000000000001,-1.056,6
mode_without_mn9,0.00625,720575940627980955,silent_all,0.0,0.0,0
mode_without_mn9,0.00625,720575940628695056,input,0.0,0.0,0
mode_without_mn9,0.00625,720575940628695056,early_large_only,0.0,0.0,0
mode_without_mn9,0.00625,720575940628695056,later_large_only,0.0,0.0,0
mode_without_mn9,0.00625,720575940628695056,other_active,2.97,-1.32,5
mode_without_mn9,0.00625,720575940628695056,silent_all,0.0,0.0,0
mode_without_mn9,0.00625,720575940628682283,input,0.0,0.0,0
mode_without_mn9,0.00625,720575940628682283,early_large_only,0.0,0.0,0
mode_without_mn9,0.00625,720575940628682283,later_large_only,0.0,0.0,0
mode_without_mn9,0.00625,720575940628682283,other_active,0.33,0.0,1
mode_without_mn9,0.00625,720575940628682283,silent_all,0.0,0.0,0
mode_without_mn9,0.00625,720575940612551594,input,0.0,0.0,0
mode_without_mn9,0.00625,720575940612551594,early_large_only,0.0,0.0,0
mode_without_mn9,0.00625,720575940612551594,later_large_only,0.0,0.0,0
mode_without_mn9,0.00625,720575940612551594,other_active,0.0,0.0,0
mode_without_mn9,0.00625,720575940612551594,silent_all,0.0,0.0,0
mode_without_mn9,0.00625,720575940651305718,input,0.0,0.0,0
mode_without_mn9,0.00625,720575940651305718,early_large_only,0.0,0.0,0
mode_without_mn9,0.00625,720575940651305718,later_large_only,0.0,0.0,0
mode_without_mn9,0.00625,720575940651305718,other_active,0.66,0.0,1
mode_without_mn9,0.00625,720575940651305718,silent_all,0.0,0.0,0
mode_without_mn9,0.00625,720575940620718318,input,0.0,0.0,0
mode_without_mn9,0.00625,720575940620718318,early_large_only,0.0,0.0,0
mode_without_mn9,0.00625,720575940620718318,later_large_only,0.0,0.0,0
mode_without_mn9,0.00625,720575940620718318,other_active,17.490000000000002,0.0,2
mode_without_mn9,0.00625,720575940620718318,silent_all,0.0,0.0,0
mode_without_mn9,0.00625,720575940630552591,input,0.0,0.0,0
mode_without_mn9,0.00625,720575940630552591,early_large_only,0.0,0.0,0
mode_without_mn9,0.00625,720575940630552591,later_large_only,0.0,0.0,0
mode_without_mn9,0.00625,720575940630552591,other_active,22.11,-4.224000000000001,13
mode_without_mn9,0.00625,720575940630552591,silent_all,0.0,0.0,0
mode_without_mn9,0.00625,720575940628290307,input,0.0,0.0,0
mode_without_mn9,0.00625,720575940628290307,early_large_only,0.0,0.0,0
mode_without_mn9,0.00625,720575940628290307,later_large_only,0.0,0.0,0
mode_without_mn9,0.00625,720575940628290307,other_active,0.0,0.0,0
mode_without_mn9,0.00625,720575940628290307,silent_all,0.0,0.0,0
mode_without_mn9,0.00625,720575940634752666,input,0.0,0.0,0
mode_without_mn9,0.00625,720575940634752666,early_large_only,0.0,0.0,0
mode_without_mn9,0.00625,720575940634752666,later_large_only,0.0,0.0,0
mode_without_mn9,0.00625,720575940634752666,other_active,8.91,0.0,2
mode_without_mn9,0.00625,720575940634752666,silent_all,0.0,0.0,0
mode_without_mn9,0.00625,720575940621018977,input,0.0,0.0,0
mode_without_mn9,0.00625,720575940621018977,early_large_only,0.0,0.0,0
mode_without_mn9,0.00625,720575940621018977,later_large_only,0.0,0.0,0
mode_without_mn9,0.00625,720575940621018977,other_active,0.0,0.0,0
mode_without_mn9,0.00625,720575940621018977,silent_all,0.0,0.0,0
mode_without_mn9,0.00625,720575940614789791,input,0.0,0.0,0
mode_without_mn9,0.00625,720575940614789791,early_large_only,0.0,0.0,0
mode_without_mn9,0.00625,720575940614789791,later_large_only,0.0,0.0,0
mode_without_mn9,0.00625,720575940614789791,other_active,4.62,0.0,2
mode_without_mn9,0.00625,720575940614789791,silent_all,0.0,0.0,0
mode_without_mn9,0.00625,720575940617853986,input,0.0,0.0,0
mode_without_mn9,0.00625,720575940617853986,early_large_only,0.0,0.0,0
mode_without_mn9,0.00625,720575940617853986,later_large_only,0.0,0.0,0
mode_without_mn9,0.00625,720575940617853986,other_active,0.33,0.0,1
mode_without_mn9,0.00625,720575940617853986,silent_all,0.0,0.0,0
mode_without_mn9,0.00625,720575940624915435,input,0.0,0.0,0
mode_without_mn9,0.00625,720575940624915435,early_large_only,0.0,0.0,0
mode_without_mn9,0.00625,720575940624915435,later_large_only,0.0,0.0,0
mode_without_mn9,0.00625,720575940624915435,other_active,2.97,0.0,2
mode_without_mn9,0.00625,720575940624915435,silent_all,0.0,0.0,0
mode_without_mn9,0.00625,720575940605777353,input,0.0,0.0,0
mode_without_mn9,0.00625,720575940605777353,early_large_only,0.0,0.0,0
mode_without_mn9,0.00625,720575940605777353,later_large_only,0.0,0.0,0
mode_without_mn9,0.00625,720575940605777353,other_active,8.91,0.0,2
mode_without_mn9,0.00625,720575940605777353,silent_all,0.0,0.0,0
mode_without_mn9,0.00625,720575940610209378,input,0.0,0.0,0
mode_without_mn9,0.00625,720575940610209378,early_large_only,0.0,0.0,0
mode_without_mn9,0.00625,720575940610209378,later_large_only,0.0,0.0,0
mode_without_mn9,0.00625,720575940610209378,other_active,20.459999999999997,-52.536,14
mode_without_mn9,0.00625,720575940610209378,silent_all,0.0,0.0,0
mode_without_mn9,0.00625,720575940631673484,input,0.0,0.0,0
mode_without_mn9,0.00625,720575940631673484,early_large_only,0.0,0.0,0
mode_without_mn9,0.00625,720575940631673484,later_large_only,0.0,0.0,0
mode_without_mn9,0.00625,720575940631673484,other_active,0.0,0.0,0
mode_without_mn9,0.00625,720575940631673484,silent_all,0.0,0.0,0
mode_without_mn9,0.00625,720575940619917990,input,0.0,0.0,0
mode_without_mn9,0.00625,720575940619917990,early_large_only,0.0,0.0,0
mode_without_mn9,0.00625,720575940619917990,later_large_only,0.0,0.0,0
mode_without_mn9,0.00625,720575940619917990,other_active,7.920000000000001,0.0,2
mode_without_mn9,0.00625,720575940619917990,silent_all,0.0,0.0,0
mode_without_mn9,0.00625,720575940628958979,input,0.0,0.0,0
mode_without_mn9,0.00625,720575940628958979,early_large_only,0.0,0.0,0
mode_without_mn9,0.00625,720575940628958979,later_large_only,0.0,0.0,0
mode_without_mn9,0.00625,720575940628958979,other_active,0.0,0.0,0
mode_without_mn9,0.00625,720575940628958979,silent_all,0.0,0.0,0
mode_without_mn9,0.00625,720575940629763575,input,0.0,0.0,0
mode_without_mn9,0.00625,720575940629763575,early_large_only,0.0,0.0,0
mode_without_mn9,0.00625,720575940629763575,later_large_only,0.0,0.0,0
mode_without_mn9,0.00625,720575940629763575,other_active,0.0,0.0,0
mode_without_mn9,0.00625,720575940629763575,silent_all,0.0,0.0,0
mode_without_mn9,0.00625,720575940632212039,input,0.0,0.0,0
mode_without_mn9,0.00625,720575940632212039,early_large_only,0.0,0.0,0
mode_without_mn9,0.00625,720575940632212039,later_large_only,0.0,0.0,0
mode_without_mn9,0.00625,720575940632212039,other_active,1.65,0.0,2
mode_without_mn9,0.00625,720575940632212039,silent_all,0.0,0.0,0
mode_without_mn9,0.00625,720575940627321674,input,0.0,0.0,0
mode_without_mn9,0.00625,720575940627321674,early_large_only,0.0,0.0,0
mode_without_mn9,0.00625,720575940627321674,later_large_only,0.0,0.0,0
mode_without_mn9,0.00625,720575940627321674,other_active,0.0,0.0,0
mode_without_mn9,0.00625,720575940627321674,silent_all,0.0,0.0,0
mode_without_mn9,0.00625,720575940640942837,input,0.0,0.0,0
mode_without_mn9,0.00625,720575940640942837,early_large_only,0.0,0.0,0
mode_without_mn9,0.00625,720575940640942837,later_large_only,0.0,0.0,0
mode_without_mn9,0.00625,720575940640942837,other_active,4.95,-1.5840000000000003,2
mode_without_mn9,0.00625,720575940640942837,silent_all,0.0,0.0,0
mode_without_mn9,0.00625,720575940606726834,input,0.0,0.0,0
mode_without_mn9,0.00625,720575940606726834,early_large_only,0.0,0.0,0
mode_without_mn9,0.00625,720575940606726834,later_large_only,0.0,0.0,0
mode_without_mn9,0.00625,720575940606726834,other_active,14.520000000000001,-2.904,8
mode_without_mn9,0.00625,720575940606726834,silent_all,0.0,0.0,0
mode_without_mn9,0.00625,720575940626653309,input,0.0,0.0,0
mode_without_mn9,0.00625,720575940626653309,early_large_only,0.0,0.0,0
mode_without_mn9,0.00625,720575940626653309,later_large_only,0.0,0.0,0
mode_without_mn9,0.00625,720575940626653309,other_active,0.99,-11.616000000000001,3
mode_without_mn9,0.00625,720575940626653309,silent_all,0.0,0.0,0
mode_without_mn9,0.00625,720575940605495072,input,0.0,0.0,0
mode_without_mn9,0.00625,720575940605495072,early_large_only,0.0,0.0,0
mode_without_mn9,0.00625,720575940605495072,later_large_only,0.0,0.0,0
mode_without_mn9,0.00625,720575940605495072,other_active,0.0,0.0,0
mode_without_mn9,0.00625,720575940605495072,silent_all,0.0,0.0,0
mode_without_mn9,0.00625,720575940628349456,input,0.0,0.0,0
mode_without_mn9,0.00625,720575940628349456,early_large_only,0.0,0.0,0
mode_without_mn9,0.00625,720575940628349456,later_large_only,0.0,0.0,0
mode_without_mn9,0.00625,720575940628349456,other_active,7.59,-2.112,6
mode_without_mn9,0.00625,720575940628349456,silent_all,0.0,0.0,0
mode_without_mn9,0.00625,720575940624544748,input,0.0,0.0,0
mode_without_mn9,0.00625,720575940624544748,early_large_only,0.0,0.0,0
mode_without_mn9,0.00625,720575940624544748,later_large_only,0.0,0.0,0
mode_without_mn9,0.00625,720575940624544748,other_active,2.31,0.0,2
mode_without_mn9,0.00625,720575940624544748,silent_all,0.0,0.0,0
mode_without_mn9,0.00625,720575940615413435,input,0.0,0.0,0
mode_without_mn9,0.00625,720575940615413435,early_large_only,0.0,0.0,0
mode_without_mn9,0.00625,720575940615413435,later_large_only,0.0,0.0,0
mode_without_mn9,0.00625,720575940615413435,other_active,20.13,-0.792,8
mode_without_mn9,0.00625,720575940615413435,silent_all,0.0,0.0,0
mode_without_mn9,0.00625,720575940622399190,input,0.0,0.0,0
mode_without_mn9,0.00625,720575940622399190,early_large_only,0.0,0.0,0
mode_without_mn9,0.00625,720575940622399190,later_large_only,0.0,0.0,0
mode_without_mn9,0.00625,720575940622399190,other_active,13.86,-1.32,4
mode_without_mn9,0.00625,720575940622399190,silent_all,0.0,0.0,0
mode_without_mn9,0.00625,720575940625419495,input,0.0,0.0,0
mode_without_mn9,0.00625,720575940625419495,early_large_only,0.0,0.0,0
mode_without_mn9,0.00625,720575940625419495,later_large_only,0.0,0.0,0
mode_without_mn9,0.00625,720575940625419495,other_active,1.65,0.0,2
mode_without_mn9,0.00625,720575940625419495,silent_all,0.0,0.0,0
mode_without_mn9,0.00625,720575940625926693,input,0.0,0.0,0
mode_without_mn9,0.00625,720575940625926693,early_large_only,0.0,0.0,0
mode_without_mn9,0.00625,720575940625926693,later_large_only,0.0,0.0,0
mode_without_mn9,0.00625,720575940625926693,other_active,0.33,0.0,1
mode_without_mn9,0.00625,720575940625926693,silent_all,0.0,0.0,0
mode_without_mn9,0.00625,720575940625990974,input,0.0,0.0,0
mode_without_mn9,0.00625,720575940625990974,early_large_only,0.0,0.0,0
mode_without_mn9,0.00625,720575940625990974,later_large_only,0.0,0.0,0
mode_without_mn9,0.00625,720575940625990974,other_active,0.33,0.0,1
mode_without_mn9,0.00625,720575940625990974,silent_all,0.0,0.0,0
mode_without_mn9,0.00625,720575940622045917,input,0.0,0.0,0
mode_without_mn9,0.00625,720575940622045917,early_large_only,0.0,0.0,0
mode_without_mn9,0.00625,720575940622045917,later_large_only,0.0,0.0,0
mode_without_mn9,0.00625,720575940622045917,other_active,0.0,0.0,0
mode_without_mn9,0.00625,720575940622045917,silent_all,0.0,0.0,0
mode_without_mn9,0.00625,720575940622858534,input,0.0,0.0,0
mode_without_mn9,0.00625,720575940622858534,early_large_only,0.0,0.0,0
mode_without_mn9,0.00625,720575940622858534,later_large_only,0.0,0.0,0
mode_without_mn9,0.00625,720575940622858534,other_active,0.66,0.0,1
mode_without_mn9,0.00625,720575940622858534,silent_all,0.0,0.0,0
mode_without_mn9,0.00625,720575940623199684,input,0.0,0.0,0
mode_without_mn9,0.00625,720575940623199684,early_large_only,0.0,0.0,0
mode_without_mn9,0.00625,720575940623199684,later_large_only,0.0,0.0,0
mode_without_mn9,0.00625,720575940623199684,other_active,0.33,0.0,1
mode_without_mn9,0.00625,720575940623199684,silent_all,0.0,0.0,0
mode_without_mn9,0.00625,720575940623088309,input,0.0,0.0,0
mode_without_mn9,0.00625,720575940623088309,early_large_only,0.0,0.0,0
mode_without_mn9,0.00625,720575940623088309,later_large_only,0.0,0.0,0
mode_without_mn9,0.00625,720575940623088309,other_active,9.57,0.0,2
mode_without_mn9,0.00625,720575940623088309,silent_all,0.0,0.0,0
mode_without_mn9,0.00625,720575940609674052,input,0.0,0.0,0
mode_without_mn9,0.00625,720575940609674052,early_large_only,0.0,0.0,0
mode_without_mn9,0.00625,720575940609674052,later_large_only,0.0,0.0,0
mode_without_mn9,0.00625,720575940609674052,other_active,0.66,-1.32,3
mode_without_mn9,0.00625,720575940609674052,silent_all,0.0,0.0,0
mode_without_mn9,0.00625,720575940626717573,input,0.0,0.0,0
mode_without_mn9,0.00625,720575940626717573,early_large_only,0.0,0.0,0
mode_without_mn9,0.00625,720575940626717573,later_large_only,0.0,0.0,0
mode_without_mn9,0.00625,720575940626717573,other_active,0.66,0.0,2
mode_without_mn9,0.00625,720575940626717573,silent_all,0.0,0.0,0
mode_without_mn9,0.00625,720575940626024323,input,0.0,0.0,0
mode_without_mn9,0.00625,720575940626024323,early_large_only,0.0,0.0,0
mode_without_mn9,0.00625,720575940626024323,later_large_only,0.0,0.0,0
mode_without_mn9,0.00625,720575940626024323,other_active,0.0,0.0,0
mode_without_mn9,0.00625,720575940626024323,silent_all,0.0,0.0,0
mode_without_mn9,0.00625,720575940617549497,input,0.0,0.0,0
mode_without_mn9,0.00625,720575940617549497,early_large_only,0.0,0.0,0
mode_without_mn9,0.00625,720575940617549497,later_large_only,0.0,0.0,0
mode_without_mn9,0.00625,720575940617549497,other_active,1.98,0.0,2
mode_without_mn9,0.00625,720575940617549497,silent_all,0.0,0.0,0
mode_without_mn9,0.00625,720575940616143989,input,0.0,0.0,0
mode_without_mn9,0.00625,720575940616143989,early_large_only,0.0,0.0,0
mode_without_mn9,0.00625,720575940616143989,later_large_only,0.0,0.0,0
mode_without_mn9,0.00625,720575940616143989,other_active,0.66,-0.264,2
mode_without_mn9,0.00625,720575940616143989,silent_all,0.0,0.0,0
mode_without_mn9,0.00625,720575940635802223,input,0.0,0.0,0
mode_without_mn9,0.00625,720575940635802223,early_large_only,0.0,0.0,0
mode_without_mn9,0.00625,720575940635802223,later_large_only,0.0,0.0,0
mode_without_mn9,0.00625,720575940635802223,other_active,1.32,0.0,2
mode_without_mn9,0.00625,720575940635802223,silent_all,0.0,0.0,0
mode_without_mn9,0.00625,720575940621201833,input,0.0,0.0,0
mode_without_mn9,0.00625,720575940621201833,early_large_only,0.0,0.0,0
mode_without_mn9,0.00625,720575940621201833,later_large_only,0.0,0.0,0
mode_without_mn9,0.00625,720575940621201833,other_active,3.6300000000000003,0.0,3
mode_without_mn9,0.00625,720575940621201833,silent_all,0.0,0.0,0
mode_without_mn9,0.00625,720575940624430060,input,0.0,0.0,0
mode_without_mn9,0.00625,720575940624430060,early_large_only,0.0,0.0,0
mode_without_mn9,0.00625,720575940624430060,later_large_only,0.0,0.0,0
mode_without_mn9,0.00625,720575940624430060,other_active,0.0,0.0,0
mode_without_mn9,0.00625,720575940624430060,silent_all,0.0,0.0,0
mode_without_mn9,0.00625,720575940638840629,input,0.0,0.0,0
mode_without_mn9,0.00625,720575940638840629,early_large_only,0.0,0.0,0
mode_without_mn9,0.00625,720575940638840629,later_large_only,0.0,0.0,0
mode_without_mn9,0.00625,720575940638840629,other_active,0.99,-0.264,2
mode_without_mn9,0.00625,720575940638840629,silent_all,0.0,0.0,0
mode_without_mn9,0.00625,720575940612185586,input,0.0,0.0,0
mode_without_mn9,0.00625,720575940612185586,early_large_only,0.0,0.0,0
mode_without_mn9,0.00625,720575940612185586,later_large_only,0.0,0.0,0
mode_without_mn9,0.00625,720575940612185586,other_active,1.32,0.0,1
mode_without_mn9,0.00625,720575940612185586,silent_all,0.0,0.0,0
mode_without_mn9,0.00625,720575940616055858,input,0.0,0.0,0
mode_without_mn9,0.00625,720575940616055858,early_large_only,0.0,0.0,0
mode_without_mn9,0.00625,720575940616055858,later_large_only,0.0,0.0,0
mode_without_mn9,0.00625,720575940616055858,other_active,1.98,0.0,4
mode_without_mn9,0.00625,720575940616055858,silent_all,0.0,0.0,0
mode_without_mn9,0.00625,720575940621213556,input,0.0,0.0,0
mode_without_mn9,0.00625,720575940621213556,early_large_only,0.0,0.0,0
mode_without_mn9,0.00625,720575940621213556,later_large_only,0.0,0.0,0
mode_without_mn9,0.00625,720575940621213556,other_active,0.0,0.0,0
mode_without_mn9,0.00625,720575940621213556,silent_all,0.0,0.0,0
mode_without_mn9,0.00625,720575940624100075,input,0.0,0.0,0
mode_without_mn9,0.00625,720575940624100075,early_large_only,0.0,0.0,0
mode_without_mn9,0.00625,720575940624100075,later_large_only,0.0,0.0,0
mode_without_mn9,0.00625,720575940624100075,other_active,2.31,0.0,3
mode_without_mn9,0.00625,720575940624100075,silent_all,0.0,0.0,0
mode_without_mn9,0.00625,720575940606453769,input,0.0,0.0,0
mode_without_mn9,0.00625,720575940606453769,early_large_only,0.0,0.0,0
mode_without_mn9,0.00625,720575940606453769,later_large_only,0.0,0.0,0
mode_without_mn9,0.00625,720575940606453769,other_active,0.0,0.0,0
mode_without_mn9,0.00625,720575940606453769,silent_all,0.0,0.0,0
mode_without_mn9,0.00625,720575940628602471,input,0.0,0.0,0
mode_without_mn9,0.00625,720575940628602471,early_large_only,0.0,0.0,0
mode_without_mn9,0.00625,720575940628602471,later_large_only,0.0,0.0,0
mode_without_mn9,0.00625,720575940628602471,other_active,0.0,0.0,0
mode_without_mn9,0.00625,720575940628602471,silent_all,0.0,0.0,0
mode_without_mn9,0.00625,720575940621012289,input,0.0,0.0,0
mode_without_mn9,0.00625,720575940621012289,early_large_only,0.0,0.0,0
mode_without_mn9,0.00625,720575940621012289,later_large_only,0.0,0.0,0
mode_without_mn9,0.00625,720575940621012289,other_active,2.64,0.0,2
mode_without_mn9,0.00625,720575940621012289,silent_all,0.0,0.0,0
mode_without_mn9,0.00625,720575940620232875,input,0.0,0.0,0
mode_without_mn9,0.00625,720575940620232875,early_large_only,0.0,0.0,0
mode_without_mn9,0.00625,720575940620232875,later_large_only,0.0,0.0,0
mode_without_mn9,0.00625,720575940620232875,other_active,0.99,0.0,2
mode_without_mn9,0.00625,720575940620232875,silent_all,0.0,0.0,0
mode_without_mn9,0.00625,720575940625118096,input,0.0,0.0,0
mode_without_mn9,0.00625,720575940625118096,early_large_only,0.0,0.0,0
mode_without_mn9,0.00625,720575940625118096,later_large_only,0.0,0.0,0
mode_without_mn9,0.00625,720575940625118096,other_active,7.26,0.0,2
mode_without_mn9,0.00625,720575940625118096,silent_all,0.0,0.0,0
mode_without_mn9,0.00625,720575940609027523,input,0.0,0.0,0
mode_without_mn9,0.00625,720575940609027523,early_large_only,0.0,0.0,0
mode_without_mn9,0.00625,720575940609027523,later_large_only,0.0,0.0,0
mode_without_mn9,0.00625,720575940609027523,other_active,4.29,-10.824000000000002,4
mode_without_mn9,0.00625,720575940609027523,silent_all,0.0,0.0,0
mode_without_mn9,0.00625,720575940627731206,input,0.0,0.0,0
mode_without_mn9,0.00625,720575940627731206,early_large_only,0.0,0.0,0
mode_without_mn9,0.00625,720575940627731206,later_large_only,0.0,0.0,0
mode_without_mn9,0.00625,720575940627731206,other_active,24.75,-0.264,3
mode_without_mn9,0.00625,720575940627731206,silent_all,0.0,0.0,0
mode_without_mn9,0.00625,720575940622910989,input,0.0,0.0,0
mode_without_mn9,0.00625,720575940622910989,early_large_only,0.0,0.0,0
mode_without_mn9,0.00625,720575940622910989,later_large_only,0.0,0.0,0
mode_without_mn9,0.00625,720575940622910989,other_active,1.65,0.0,1
mode_without_mn9,0.00625,720575940622910989,silent_all,0.0,0.0,0
mode_without_mn9,0.00625,720575940629963068,input,0.0,0.0,0
mode_without_mn9,0.00625,720575940629963068,early_large_only,0.0,0.0,0
mode_without_mn9,0.00625,720575940629963068,later_large_only,0.0,0.0,0
mode_without_mn9,0.00625,720575940629963068,other_active,0.99,-0.264,3
mode_without_mn9,0.00625,720575940629963068,silent_all,0.0,0.0,0
mode_without_mn9,0.00625,720575940642142861,input,0.0,0.0,0
mode_without_mn9,0.00625,720575940642142861,early_large_only,0.0,0.0,0
mode_without_mn9,0.00625,720575940642142861,later_large_only,0.0,0.0,0
mode_without_mn9,0.00625,720575940642142861,other_active,0.66,0.0,1
mode_without_mn9,0.00625,720575940642142861,silent_all,0.0,0.0,0
mode_without_mn9,0.00625,720575940620402345,input,0.0,0.0,0
mode_without_mn9,0.00625,720575940620402345,early_large_only,0.0,0.0,0
mode_without_mn9,0.00625,720575940620402345,later_large_only,0.0,0.0,0
mode_without_mn9,0.00625,720575940620402345,other_active,0.0,0.0,0
mode_without_mn9,0.00625,720575940620402345,silent_all,0.0,0.0,0
mode_without_mn9,0.00625,720575940612435685,input,0.0,0.0,0
mode_without_mn9,0.00625,720575940612435685,early_large_only,0.0,0.0,0
mode_without_mn9,0.00625,720575940612435685,later_large_only,0.0,0.0,0
mode_without_mn9,0.00625,720575940612435685,other_active,0.99,0.0,1
mode_without_mn9,0.00625,720575940612435685,silent_all,0.0,0.0,0
mode_without_mn9,0.00625,720575940626199429,input,0.0,0.0,0
mode_without_mn9,0.00625,720575940626199429,early_large_only,0.0,0.0,0
mode_without_mn9,0.00625,720575940626199429,later_large_only,0.0,0.0,0
mode_without_mn9,0.00625,720575940626199429,other_active,0.0,0.0,0
mode_without_mn9,0.00625,720575940626199429,silent_all,0.0,0.0,0
mode_without_mn9,0.00625,720575940613157329,input,0.0,0.0,0
mode_without_mn9,0.00625,720575940613157329,early_large_only,0.0,0.0,0
mode_without_mn9,0.00625,720575940613157329,later_large_only,0.0,0.0,0
mode_without_mn9,0.00625,720575940613157329,other_active,0.66,0.0,1
mode_without_mn9,0.00625,720575940613157329,silent_all,0.0,0.0,0
mode_without_mn9,0.00625,720575940639556467,input,0.0,0.0,0
mode_without_mn9,0.00625,720575940639556467,early_large_only,0.0,0.0,0
mode_without_mn9,0.00625,720575940639556467,later_large_only,0.0,0.0,0
mode_without_mn9,0.00625,720575940639556467,other_active,0.33,0.0,1
mode_without_mn9,0.00625,720575940639556467,silent_all,0.0,0.0,0
mode_without_mn9,0.00625,720575940619954598,input,0.0,0.0,0
mode_without_mn9,0.00625,720575940619954598,early_large_only,0.0,0.0,0
mode_without_mn9,0.00625,720575940619954598,later_large_only,0.0,0.0,0
mode_without_mn9,0.00625,720575940619954598,other_active,0.0,0.0,0
mode_without_mn9,0.00625,720575940619954598,silent_all,0.0,0.0,0
mode_without_mn9,0.00625,720575940621277445,input,0.0,0.0,0
mode_without_mn9,0.00625,720575940621277445,early_large_only,0.0,0.0,0
mode_without_mn9,0.00625,720575940621277445,later_large_only,0.0,0.0,0
mode_without_mn9,0.00625,720575940621277445,other_active,0.0,-1.32,1
mode_without_mn9,0.00625,720575940621277445,silent_all,0.0,0.0,0
mode_without_mn9,0.00625,720575940611985265,input,0.0,0.0,0
mode_without_mn9,0.00625,720575940611985265,early_large_only,0.0,0.0,0
mode_without_mn9,0.00625,720575940611985265,later_large_only,0.0,0.0,0
mode_without_mn9,0.00625,720575940611985265,other_active,8.91,-1.3200000000000003,6
mode_without_mn9,0.00625,720575940611985265,silent_all,0.0,0.0,0
mode_without_mn9,0.00625,720575940623703757,input,0.0,0.0,0
mode_without_mn9,0.00625,720575940623703757,early_large_only,0.0,0.0,0
mode_without_mn9,0.00625,720575940623703757,later_large_only,0.0,0.0,0
mode_without_mn9,0.00625,720575940623703757,other_active,4.95,-1.8480000000000003,8
mode_without_mn9,0.00625,720575940623703757,silent_all,0.0,0.0,0
mode_without_mn9,0.00625,720575940642193549,input,0.0,0.0,0
mode_without_mn9,0.00625,720575940642193549,early_large_only,0.0,0.0,0
mode_without_mn9,0.00625,720575940642193549,later_large_only,0.0,0.0,0
mode_without_mn9,0.00625,720575940642193549,other_active,1.98,-3.168,5
mode_without_mn9,0.00625,720575940642193549,silent_all,0.0,0.0,0
mode_without_mn9,0.00625,720575940641560205,input,0.0,0.0,0
mode_without_mn9,0.00625,720575940641560205,early_large_only,0.0,0.0,0
mode_without_mn9,0.00625,720575940641560205,later_large_only,0.0,0.0,0
mode_without_mn9,0.00625,720575940641560205,other_active,8.58,0.0,3
mode_without_mn9,0.00625,720575940641560205,silent_all,0.0,0.0,0
mode_without_mn9,0.00625,720575940622770410,input,0.0,0.0,0
mode_without_mn9,0.00625,720575940622770410,early_large_only,0.0,0.0,0
mode_without_mn9,0.00625,720575940622770410,later_large_only,0.0,0.0,0
mode_without_mn9,0.00625,720575940622770410,other_active,9.57,-0.264,5
mode_without_mn9,0.00625,720575940622770410,silent_all,0.0,0.0,0
mode_without_mn9,0.00625,720575940630523407,input,0.0,0.0,0
mode_without_mn9,0.00625,720575940630523407,early_large_only,0.0,0.0,0
mode_without_mn9,0.00625,720575940630523407,later_large_only,0.0,0.0,0
mode_without_mn9,0.00625,720575940630523407,other_active,0.99,0.0,3
mode_without_mn9,0.00625,720575940630523407,silent_all,0.0,0.0,0
mode_without_mn9,0.00625,720575940626567178,input,0.0,0.0,0
mode_without_mn9,0.00625,720575940626567178,early_large_only,0.0,0.0,0
mode_without_mn9,0.00625,720575940626567178,later_large_only,0.0,0.0,0
mode_without_mn9,0.00625,720575940626567178,other_active,0.66,0.0,1
mode_without_mn9,0.00625,720575940626567178,silent_all,0.0,0.0,0
mode_without_mn9,0.00625,720575940631107139,input,0.0,0.0,0
mode_without_mn9,0.00625,720575940631107139,early_large_only,0.0,0.0,0
mode_without_mn9,0.00625,720575940631107139,later_large_only,0.0,0.0,0
mode_without_mn9,0.00625,720575940631107139,other_active,27.72,-4.224,9
mode_without_mn9,0.00625,720575940631107139,silent_all,0.0,0.0,0
mode_without_mn9,0.00625,720575940610562969,input,0.0,0.0,0
mode_without_mn9,0.00625,720575940610562969,early_large_only,0.0,0.0,0
mode_without_mn9,0.00625,720575940610562969,later_large_only,0.0,0.0,0
mode_without_mn9,0.00625,720575940610562969,other_active,0.0,0.0,0
mode_without_mn9,0.00625,720575940610562969,silent_all,0.0,0.0,0
mode_without_mn9,0.00625,720575940630765253,input,0.0,0.0,0
mode_without_mn9,0.00625,720575940630765253,early_large_only,0.0,0.0,0
mode_without_mn9,0.00625,720575940630765253,later_large_only,0.0,0.0,0
mode_without_mn9,0.00625,720575940630765253,other_active,0.33,0.0,1
mode_without_mn9,0.00625,720575940630765253,silent_all,0.0,0.0,0
mode_without_mn9,0.00625,720575940617786525,input,0.0,0.0,0
mode_without_mn9,0.00625,720575940617786525,early_large_only,0.0,0.0,0
mode_without_mn9,0.00625,720575940617786525,later_large_only,0.0,0.0,0
mode_without_mn9,0.00625,720575940617786525,other_active,0.33,0.0,1
mode_without_mn9,0.00625,720575940617786525,silent_all,0.0,0.0,0
mode_without_mn9,0.00625,720575940630622250,input,0.0,0.0,0
mode_without_mn9,0.00625,720575940630622250,early_large_only,0.0,0.0,0
mode_without_mn9,0.00625,720575940630622250,later_large_only,0.0,0.0,0
mode_without_mn9,0.00625,720575940630622250,other_active,1.32,0.0,1
mode_without_mn9,0.00625,720575940630622250,silent_all,0.0,0.0,0
mode_without_mn9,0.00625,720575940631997101,input,0.0,0.0,0
mode_without_mn9,0.00625,720575940631997101,early_large_only,0.0,0.0,0
mode_without_mn9,0.00625,720575940631997101,later_large_only,0.0,0.0,0
mode_without_mn9,0.00625,720575940631997101,other_active,0.0,0.0,0
mode_without_mn9,0.00625,720575940631997101,silent_all,0.0,0.0,0
mode_without_mn9,0.00625,720575940617493460,input,0.0,0.0,0
mode_without_mn9,0.00625,720575940617493460,early_large_only,0.0,0.0,0
mode_without_mn9,0.00625,720575940617493460,later_large_only,0.0,0.0,0
mode_without_mn9,0.00625,720575940617493460,other_active,0.0,0.0,0
mode_without_mn9,0.00625,720575940617493460,silent_all,0.0,0.0,0
mode_without_mn9,0.00625,720575940610647416,input,0.0,0.0,0
mode_without_mn9,0.00625,720575940610647416,early_large_only,0.0,0.0,0
mode_without_mn9,0.00625,720575940610647416,later_large_only,0.0,0.0,0
mode_without_mn9,0.00625,720575940610647416,other_active,0.0,0.0,0
mode_without_mn9,0.00625,720575940610647416,silent_all,0.0,0.0,0
mode_without_mn9,0.00625,720575940626034777,input,0.0,0.0,0
mode_without_mn9,0.00625,720575940626034777,early_large_only,0.0,0.0,0
mode_without_mn9,0.00625,720575940626034777,later_large_only,0.0,0.0,0
mode_without_mn9,0.00625,720575940626034777,other_active,0.0,0.0,0
mode_without_mn9,0.00625,720575940626034777,silent_all,0.0,0.0,0
mode_without_mn9,0.00625,720575940620769133,input,0.0,0.0,0
mode_without_mn9,0.00625,720575940620769133,early_large_only,0.0,0.0,0
mode_without_mn9,0.00625,720575940620769133,later_large_only,0.0,0.0,0
mode_without_mn9,0.00625,720575940620769133,other_active,0.33,0.0,1
mode_without_mn9,0.00625,720575940620769133,silent_all,0.0,0.0,0
mode_without_mn9,0.00625,720575940632118343,input,0.0,0.0,0
mode_without_mn9,0.00625,720575940632118343,early_large_only,0.0,0.0,0
mode_without_mn9,0.00625,720575940632118343,later_large_only,0.0,0.0,0
mode_without_mn9,0.00625,720575940632118343,other_active,1.32,0.0,1
mode_without_mn9,0.00625,720575940632118343,silent_all,0.0,0.0,0
mode_without_mn9,0.00625,720575940623460622,input,0.0,0.0,0
mode_without_mn9,0.00625,720575940623460622,early_large_only,0.0,0.0,0
mode_without_mn9,0.00625,720575940623460622,later_large_only,0.0,0.0,0
mode_without_mn9,0.00625,720575940623460622,other_active,0.0,0.0,0
mode_without_mn9,0.00625,720575940623460622,silent_all,0.0,0.0,0
mode_without_mn9,0.00625,720575940630354169,input,0.0,0.0,0
mode_without_mn9,0.00625,720575940630354169,early_large_only,0.0,0.0,0
mode_without_mn9,0.00625,720575940630354169,later_large_only,0.0,0.0,0
mode_without_mn9,0.00625,720575940630354169,other_active,0.0,0.0,0
mode_without_mn9,0.00625,720575940630354169,silent_all,0.0,0.0,0
mode_without_mn9,0.00625,720575940628716926,input,0.0,0.0,0
mode_without_mn9,0.00625,720575940628716926,early_large_only,0.0,0.0,0
mode_without_mn9,0.00625,720575940628716926,later_large_only,0.0,0.0,0
mode_without_mn9,0.00625,720575940628716926,other_active,0.99,-0.528,3
mode_without_mn9,0.00625,720575940628716926,silent_all,0.0,0.0,0
mode_without_mn9,0.00625,720575940606112457,input,0.0,0.0,0
mode_without_mn9,0.00625,720575940606112457,early_large_only,0.0,0.0,0
mode_without_mn9,0.00625,720575940606112457,later_large_only,0.0,0.0,0
mode_without_mn9,0.00625,720575940606112457,other_active,12.540000000000001,-5.808000000000001,8
mode_without_mn9,0.00625,720575940606112457,silent_all,0.0,0.0,0
mode_without_mn9,0.00625,720575940630600775,input,0.0,0.0,0
mode_without_mn9,0.00625,720575940630600775,early_large_only,0.0,0.0,0
mode_without_mn9,0.00625,720575940630600775,later_large_only,0.0,0.0,0
mode_without_mn9,0.00625,720575940630600775,other_active,0.33,0.0,1
mode_without_mn9,0.00625,720575940630600775,silent_all,0.0,0.0,0
mode_without_mn9,0.00625,720575940620018964,input,0.0,0.0,0
mode_without_mn9,0.00625,720575940620018964,early_large_only,0.0,0.0,0
mode_without_mn9,0.00625,720575940620018964,later_large_only,0.0,0.0,0
mode_without_mn9,0.00625,720575940620018964,other_active,0.66,0.0,1
mode_without_mn9,0.00625,720575940620018964,silent_all,0.0,0.0,0
mode_without_mn9,0.00625,720575940638650483,input,0.0,0.0,0
mode_without_mn9,0.00625,720575940638650483,early_large_only,0.0,0.0,0
mode_without_mn9,0.00625,720575940638650483,later_large_only,0.0,0.0,0
mode_without_mn9,0.00625,720575940638650483,other_active,0.33,0.0,1
mode_without_mn9,0.00625,720575940638650483,silent_all,0.0,0.0,0
mode_without_mn9,0.00625,720575940620689517,input,0.0,0.0,0
mode_without_mn9,0.00625,720575940620689517,early_large_only,0.0,0.0,0
mode_without_mn9,0.00625,720575940620689517,later_large_only,0.0,0.0,0
mode_without_mn9,0.00625,720575940620689517,other_active,1.98,0.0,1
mode_without_mn9,0.00625,720575940620689517,silent_all,0.0,0.0,0
mode_without_mn9,0.00625,720575940624058516,input,0.0,0.0,0
mode_without_mn9,0.00625,720575940624058516,early_large_only,0.0,0.0,0
mode_without_mn9,0.00625,720575940624058516,later_large_only,0.0,0.0,0
mode_without_mn9,0.00625,720575940624058516,other_active,3.9600000000000004,0.0,2
mode_without_mn9,0.00625,720575940624058516,silent_all,0.0,0.0,0
mode_without_mn9,0.00625,720575940614206866,input,0.0,0.0,0
mode_without_mn9,0.00625,720575940614206866,early_large_only,0.0,0.0,0
mode_without_mn9,0.00625,720575940614206866,later_large_only,0.0,0.0,0
mode_without_mn9,0.00625,720575940614206866,other_active,0.0,0.0,0
mode_without_mn9,0.00625,720575940614206866,silent_all,0.0,0.0,0
mode_without_mn9,0.00625,720575940623059443,input,0.0,0.0,0
mode_without_mn9,0.00625,720575940623059443,early_large_only,0.0,0.0,0
mode_without_mn9,0.00625,720575940623059443,later_large_only,0.0,0.0,0
mode_without_mn9,0.00625,720575940623059443,other_active,0.66,0.0,1
mode_without_mn9,0.00625,720575940623059443,silent_all,0.0,0.0,0
mode_without_mn9,0.00625,720575940623650823,input,0.0,0.0,0
mode_without_mn9,0.00625,720575940623650823,early_large_only,0.0,0.0,0
mode_without_mn9,0.00625,720575940623650823,later_large_only,0.0,0.0,0
mode_without_mn9,0.00625,720575940623650823,other_active,0.0,0.0,0
mode_without_mn9,0.00625,720575940623650823,silent_all,0.0,0.0,0
mode_without_mn9,0.00625,720575940625479426,input,0.0,0.0,0
mode_without_mn9,0.00625,720575940625479426,early_large_only,0.0,0.0,0
mode_without_mn9,0.00625,720575940625479426,later_large_only,0.0,0.0,0
mode_without_mn9,0.00625,720575940625479426,other_active,0.66,-1.8480000000000003,2
mode_without_mn9,0.00625,720575940625479426,silent_all,0.0,0.0,0
mode_without_mn9,0.00625,720575940614067921,input,0.0,0.0,0
mode_without_mn9,0.00625,720575940614067921,early_large_only,0.0,0.0,0
mode_without_mn9,0.00625,720575940614067921,later_large_only,0.0,0.0,0
mode_without_mn9,0.00625,720575940614067921,other_active,0.33,-0.7920000000000001,2
mode_without_mn9,0.00625,720575940614067921,silent_all,0.0,0.0,0
mode_without_mn9,0.00625,720575940622515165,input,0.0,0.0,0
mode_without_mn9,0.00625,720575940622515165,early_large_only,0.0,0.0,0
mode_without_mn9,0.00625,720575940622515165,later_large_only,0.0,0.0,0
mode_without_mn9,0.00625,720575940622515165,other_active,3.3000000000000003,-2.3760000000000003,5
mode_without_mn9,0.00625,720575940622515165,silent_all,0.0,0.0,0
mode_without_mn9,0.00625,720575940614159010,input,0.0,0.0,0
mode_without_mn9,0.00625,720575940614159010,early_large_only,0.0,0.0,0
mode_without_mn9,0.00625,720575940614159010,later_large_only,0.0,0.0,0
mode_without_mn9,0.00625,720575940614159010,other_active,0.0,0.0,0
mode_without_mn9,0.00625,720575940614159010,silent_all,0.0,0.0,0
mode_without_mn9,0.00625,720575940629050234,input,0.0,0.0,0
mode_without_mn9,0.00625,720575940629050234,early_large_only,0.0,0.0,0
mode_without_mn9,0.00625,720575940629050234,later_large_only,0.0,0.0,0
mode_without_mn9,0.00625,720575940629050234,other_active,0.66,0.0,1
mode_without_mn9,0.00625,720575940629050234,silent_all,0.0,0.0,0
mode_without_mn9,0.00625,720575940647328900,input,0.0,0.0,0
mode_without_mn9,0.00625,720575940647328900,early_large_only,0.0,0.0,0
mode_without_mn9,0.00625,720575940647328900,later_large_only,0.0,0.0,0
mode_without_mn9,0.00625,720575940647328900,other_active,0.66,0.0,1
mode_without_mn9,0.00625,720575940647328900,silent_all,0.0,0.0,0
mode_without_mn9,0.00625,720575940617577702,input,0.0,0.0,0
mode_without_mn9,0.00625,720575940617577702,early_large_only,0.0,0.0,0
mode_without_mn9,0.00625,720575940617577702,later_large_only,0.0,0.0,0
mode_without_mn9,0.00625,720575940617577702,other_active,1.32,0.0,1
mode_without_mn9,0.00625,720575940617577702,silent_all,0.0,0.0,0
mode_without_mn9,0.00625,720575940618130625,input,0.0,0.0,0
mode_without_mn9,0.00625,720575940618130625,early_large_only,0.0,0.0,0
mode_without_mn9,0.00625,720575940618130625,later_large_only,0.0,0.0,0
mode_without_mn9,0.00625,720575940618130625,other_active,8.91,0.0,4
mode_without_mn9,0.00625,720575940618130625,silent_all,0.0,0.0,0
mode_without_mn9,0.00625,720575940617100985,input,0.0,0.0,0
mode_without_mn9,0.00625,720575940617100985,early_large_only,0.0,0.0,0
mode_without_mn9,0.00625,720575940617100985,later_large_only,0.0,0.0,0
mode_without_mn9,0.00625,720575940617100985,other_active,0.0,-0.528,2
mode_without_mn9,0.00625,720575940617100985,silent_all,0.0,0.0,0
mode_without_mn9,0.00625,720575940626524056,input,0.0,0.0,0
mode_without_mn9,0.00625,720575940626524056,early_large_only,0.0,0.0,0
mode_without_mn9,0.00625,720575940626524056,later_large_only,0.0,0.0,0
mode_without_mn9,0.00625,720575940626524056,other_active,15.18,-6.6000000000000005,3
mode_without_mn9,0.00625,720575940626524056,silent_all,0.0,0.0,0
mode_without_mn9,0.00625,720575940647380356,input,0.0,0.0,0
mode_without_mn9,0.00625,720575940647380356,early_large_only,0.0,0.0,0
mode_without_mn9,0.00625,720575940647380356,later_large_only,0.0,0.0,0
mode_without_mn9,0.00625,720575940647380356,other_active,0.33,0.0,1
mode_without_mn9,0.00625,720575940647380356,silent_all,0.0,0.0,0
mode_without_mn9,0.00625,720575940635776101,input,0.0,0.0,0
mode_without_mn9,0.00625,720575940635776101,early_large_only,0.0,0.0,0
mode_without_mn9,0.00625,720575940635776101,later_large_only,0.0,0.0,0
mode_without_mn9,0.00625,720575940635776101,other_active,0.99,-0.528,2
mode_without_mn9,0.00625,720575940635776101,silent_all,0.0,0.0,0
mode_without_mn9,0.00625,720575940617573922,input,0.0,0.0,0
mode_without_mn9,0.00625,720575940617573922,early_large_only,0.0,0.0,0
mode_without_mn9,0.00625,720575940617573922,later_large_only,0.0,0.0,0
mode_without_mn9,0.00625,720575940617573922,other_active,0.0,0.0,0
mode_without_mn9,0.00625,720575940617573922,silent_all,0.0,0.0,0
mode_without_mn9,0.00625,720575940627635441,input,0.0,0.0,0
mode_without_mn9,0.00625,720575940627635441,early_large_only,0.0,0.0,0
mode_without_mn9,0.00625,720575940627635441,later_large_only,0.0,0.0,0
mode_without_mn9,0.00625,720575940627635441,other_active,0.99,-0.264,3
mode_without_mn9,0.00625,720575940627635441,silent_all,0.0,0.0,0
mode_without_mn9,0.00625,720575940610536494,input,0.0,0.0,0
mode_without_mn9,0.00625,720575940610536494,early_large_only,0.0,0.0,0
mode_without_mn9,0.00625,720575940610536494,later_large_only,0.0,0.0,0
mode_without_mn9,0.00625,720575940610536494,other_active,0.66,0.0,1
mode_without_mn9,0.00625,720575940610536494,silent_all,0.0,0.0,0
mode_without_mn9,0.00625,720575940619736523,input,0.0,0.0,0
mode_without_mn9,0.00625,720575940619736523,early_large_only,0.0,0.0,0
mode_without_mn9,0.00625,720575940619736523,later_large_only,0.0,0.0,0
mode_without_mn9,0.00625,720575940619736523,other_active,3.3,-0.792,6
mode_without_mn9,0.00625,720575940619736523,silent_all,0.0,0.0,0
mode_without_mn9,0.00625,720575940642897293,input,0.0,0.0,0
mode_without_mn9,0.00625,720575940642897293,early_large_only,0.0,0.0,0
mode_without_mn9,0.00625,720575940642897293,later_large_only,0.0,0.0,0
mode_without_mn9,0.00625,720575940642897293,other_active,0.99,-0.264,4
mode_without_mn9,0.00625,720575940642897293,silent_all,0.0,0.0,0
mode_without_mn9,0.00625,720575940628694019,input,0.0,0.0,0
mode_without_mn9,0.00625,720575940628694019,early_large_only,0.0,0.0,0
mode_without_mn9,0.00625,720575940628694019,later_large_only,0.0,0.0,0
mode_without_mn9,0.00625,720575940628694019,other_active,3.96,-14.256000000000002,10
mode_without_mn9,0.00625,720575940628694019,silent_all,0.0,0.0,0
mode_without_mn9,0.00625,720575940629909751,input,0.0,0.0,0
mode_without_mn9,0.00625,720575940629909751,early_large_only,0.0,0.0,0
mode_without_mn9,0.00625,720575940629909751,later_large_only,0.0,0.0,0
mode_without_mn9,0.00625,720575940629909751,other_active,0.33,0.0,1
mode_without_mn9,0.00625,720575940629909751,silent_all,0.0,0.0,0
mode_without_mn9,0.00625,720575940620777382,input,0.0,0.0,0
mode_without_mn9,0.00625,720575940620777382,early_large_only,0.0,0.0,0
mode_without_mn9,0.00625,720575940620777382,later_large_only,0.0,0.0,0
mode_without_mn9,0.00625,720575940620777382,other_active,27.39,-11.088000000000001,9
mode_without_mn9,0.00625,720575940620777382,silent_all,0.0,0.0,0
mode_without_mn9,0.00625,720575940610167665,input,0.0,0.0,0
mode_without_mn9,0.00625,720575940610167665,early_large_only,0.0,0.0,0
mode_without_mn9,0.00625,720575940610167665,later_large_only,0.0,0.0,0
mode_without_mn9,0.00625,720575940610167665,other_active,0.0,0.0,0
mode_without_mn9,0.00625,720575940610167665,silent_all,0.0,0.0,0
mode_without_mn9,0.00625,720575940605032550,input,0.0,0.0,0
mode_without_mn9,0.00625,720575940605032550,early_large_only,0.0,0.0,0
mode_without_mn9,0.00625,720575940605032550,later_large_only,0.0,0.0,0
mode_without_mn9,0.00625,720575940605032550,other_active,0.0,0.0,0
mode_without_mn9,0.00625,720575940605032550,silent_all,0.0,0.0,0
mode_without_mn9,0.00625,720575940625766842,input,0.0,0.0,0
mode_without_mn9,0.00625,720575940625766842,early_large_only,0.0,0.0,0
mode_without_mn9,0.00625,720575940625766842,later_large_only,0.0,0.0,0
mode_without_mn9,0.00625,720575940625766842,other_active,0.33,0.0,1
mode_without_mn9,0.00625,720575940625766842,silent_all,0.0,0.0,0
mode_without_mn9,0.00625,720575940632732845,input,0.0,0.0,0
mode_without_mn9,0.00625,720575940632732845,early_large_only,0.0,0.0,0
mode_without_mn9,0.00625,720575940632732845,later_large_only,0.0,0.0,0
mode_without_mn9,0.00625,720575940632732845,other_active,0.33,0.0,1
mode_without_mn9,0.00625,720575940632732845,silent_all,0.0,0.0,0
mode_without_mn9,0.00625,720575940634480820,input,0.0,0.0,0
mode_without_mn9,0.00625,720575940634480820,early_large_only,0.0,0.0,0
mode_without_mn9,0.00625,720575940634480820,later_large_only,0.0,0.0,0
mode_without_mn9,0.00625,720575940634480820,other_active,5.28,0.0,2
mode_without_mn9,0.00625,720575940634480820,silent_all,0.0,0.0,0
mode_without_mn9,0.00625,720575940619571009,input,0.0,0.0,0
mode_without_mn9,0.00625,720575940619571009,early_large_only,0.0,0.0,0
mode_without_mn9,0.00625,720575940619571009,later_large_only,0.0,0.0,0
mode_without_mn9,0.00625,720575940619571009,other_active,0.0,0.0,0
mode_without_mn9,0.00625,720575940619571009,silent_all,0.0,0.0,0
mode_without_mn9,0.00625,720575940628050950,input,0.0,0.0,0
mode_without_mn9,0.00625,720575940628050950,early_large_only,0.0,0.0,0
mode_without_mn9,0.00625,720575940628050950,later_large_only,0.0,0.0,0
mode_without_mn9,0.00625,720575940628050950,other_active,2.97,-0.264,3
mode_without_mn9,0.00625,720575940628050950,silent_all,0.0,0.0,0
mode_without_mn9,0.00625,720575940626323486,input,0.0,0.0,0
mode_without_mn9,0.00625,720575940626323486,early_large_only,0.0,0.0,0
mode_without_mn9,0.00625,720575940626323486,later_large_only,0.0,0.0,0
mode_without_mn9,0.00625,720575940626323486,other_active,12.870000000000001,-12.144,4
mode_without_mn9,0.00625,720575940626323486,silent_all,0.0,0.0,0
mode_without_mn9,0.00625,720575940659773313,input,0.0,0.0,0
mode_without_mn9,0.00625,720575940659773313,early_large_only,0.0,0.0,0
mode_without_mn9,0.00625,720575940659773313,later_large_only,0.0,0.0,0
mode_without_mn9,0.00625,720575940659773313,other_active,0.66,0.0,1
mode_without_mn9,0.00625,720575940659773313,silent_all,0.0,0.0,0
mode_without_mn9,0.00625,720575940625498512,input,0.0,0.0,0
mode_without_mn9,0.00625,720575940625498512,early_large_only,0.0,0.0,0
mode_without_mn9,0.00625,720575940625498512,later_large_only,0.0,0.0,0
mode_without_mn9,0.00625,720575940625498512,other_active,1.32,0.0,2
mode_without_mn9,0.00625,720575940625498512,silent_all,0.0,0.0,0
mode_without_mn9,0.00625,720575940626705937,input,0.0,0.0,0
mode_without_mn9,0.00625,720575940626705937,early_large_only,0.0,0.0,0
mode_without_mn9,0.00625,720575940626705937,later_large_only,0.0,0.0,0
mode_without_mn9,0.00625,720575940626705937,other_active,7.92,-0.7920000000000001,4
mode_without_mn9,0.00625,720575940626705937,silent_all,0.0,0.0,0
mode_without_mn9,0.00625,720575940615763573,input,0.0,0.0,0
mode_without_mn9,0.00625,720575940615763573,early_large_only,0.0,0.0,0
mode_without_mn9,0.00625,720575940615763573,later_large_only,0.0,0.0,0
mode_without_mn9,0.00625,720575940615763573,other_active,0.0,0.0,0
mode_without_mn9,0.00625,720575940615763573,silent_all,0.0,0.0,0
mode_without_mn9,0.00625,720575940637711686,input,0.0,0.0,0
mode_without_mn9,0.00625,720575940637711686,early_large_only,0.0,0.0,0
mode_without_mn9,0.00625,720575940637711686,later_large_only,0.0,0.0,0
mode_without_mn9,0.00625,720575940637711686,other_active,26.07,-9.240000000000002,8
mode_without_mn9,0.00625,720575940637711686,silent_all,0.0,0.0,0
mode_without_mn9,0.00625,720575940635146848,input,0.0,0.0,0
mode_without_mn9,0.00625,720575940635146848,early_large_only,0.0,0.0,0
mode_without_mn9,0.00625,720575940635146848,later_large_only,0.0,0.0,0
mode_without_mn9,0.00625,720575940635146848,other_active,13.86,-3.6960000000000006,5
mode_without_mn9,0.00625,720575940635146848,silent_all,0.0,0.0,0
mode_without_mn9,0.00625,720575940630040438,input,0.0,0.0,0
mode_without_mn9,0.00625,720575940630040438,early_large_only,0.0,0.0,0
mode_without_mn9,0.00625,720575940630040438,later_large_only,0.0,0.0,0
mode_without_mn9,0.00625,720575940630040438,other_active,0.99,-0.528,2
mode_without_mn9,0.00625,720575940630040438,silent_all,0.0,0.0,0
mode_without_mn9,0.00625,720575940622018217,input,0.0,0.0,0
mode_without_mn9,0.00625,720575940622018217,early_large_only,0.0,0.0,0
mode_without_mn9,0.00625,720575940622018217,later_large_only,0.0,0.0,0
mode_without_mn9,0.00625,720575940622018217,other_active,21.78,-1.5840000000000003,4
mode_without_mn9,0.00625,720575940622018217,silent_all,0.0,0.0,0
mode_without_mn9,0.00625,720575940619401296,input,0.0,0.0,0
mode_without_mn9,0.00625,720575940619401296,early_large_only,0.0,0.0,0
mode_without_mn9,0.00625,720575940619401296,later_large_only,0.0,0.0,0
mode_without_mn9,0.00625,720575940619401296,other_active,0.99,0.0,1
mode_without_mn9,0.00625,720575940619401296,silent_all,0.0,0.0,0
mode_without_mn9,0.00625,720575940623525770,input,0.0,0.0,0
mode_without_mn9,0.00625,720575940623525770,early_large_only,0.0,0.0,0
mode_without_mn9,0.00625,720575940623525770,later_large_only,0.0,0.0,0
mode_without_mn9,0.00625,720575940623525770,other_active,0.0,0.0,0
mode_without_mn9,0.00625,720575940623525770,silent_all,0.0,0.0,0
mode_without_mn9,0.00625,720575940628697538,input,0.0,0.0,0
mode_without_mn9,0.00625,720575940628697538,early_large_only,0.0,0.0,0
mode_without_mn9,0.00625,720575940628697538,later_large_only,0.0,0.0,0
mode_without_mn9,0.00625,720575940628697538,other_active,0.0,0.0,0
mode_without_mn9,0.00625,720575940628697538,silent_all,0.0,0.0,0
mode_without_mn9,0.00625,720575940613973555,input,0.0,0.0,0
mode_without_mn9,0.00625,720575940613973555,early_large_only,0.0,0.0,0
mode_without_mn9,0.00625,720575940613973555,later_large_only,0.0,0.0,0
mode_without_mn9,0.00625,720575940613973555,other_active,0.0,0.0,0
mode_without_mn9,0.00625,720575940613973555,silent_all,0.0,0.0,0
mode_without_mn9,0.00625,720575940611606490,input,0.0,0.0,0
mode_without_mn9,0.00625,720575940611606490,early_large_only,0.0,0.0,0
mode_without_mn9,0.00625,720575940611606490,later_large_only,0.0,0.0,0
mode_without_mn9,0.00625,720575940611606490,other_active,0.33,0.0,1
mode_without_mn9,0.00625,720575940611606490,silent_all,0.0,0.0,0
mode_without_mn9,0.00625,720575940630190411,input,0.0,0.0,0
mode_without_mn9,0.00625,720575940630190411,early_large_only,0.0,0.0,0
mode_without_mn9,0.00625,720575940630190411,later_large_only,0.0,0.0,0
mode_without_mn9,0.00625,720575940630190411,other_active,8.58,0.0,2
mode_without_mn9,0.00625,720575940630190411,silent_all,0.0,0.0,0
mode_without_mn9,0.00625,720575940646415907,input,0.0,0.0,0
mode_without_mn9,0.00625,720575940646415907,early_large_only,0.0,0.0,0
mode_without_mn9,0.00625,720575940646415907,later_large_only,0.0,0.0,0
mode_without_mn9,0.00625,720575940646415907,other_active,0.33,0.0,1
mode_without_mn9,0.00625,720575940646415907,silent_all,0.0,0.0,0
mode_without_mn9,0.00625,720575940614441834,input,0.0,0.0,0
mode_without_mn9,0.00625,720575940614441834,early_large_only,0.0,0.0,0
mode_without_mn9,0.00625,720575940614441834,later_large_only,0.0,0.0,0
mode_without_mn9,0.00625,720575940614441834,other_active,14.19,-5.28,6
mode_without_mn9,0.00625,720575940614441834,silent_all,0.0,0.0,0
mode_without_mn9,0.00625,720575940629830700,input,0.0,0.0,0
mode_without_mn9,0.00625,720575940629830700,early_large_only,0.0,0.0,0
mode_without_mn9,0.00625,720575940629830700,later_large_only,0.0,0.0,0
mode_without_mn9,0.00625,720575940629830700,other_active,0.33,-0.264,2
mode_without_mn9,0.00625,720575940629830700,silent_all,0.0,0.0,0
mode_without_mn9,0.00625,720575940612549799,input,0.0,0.0,0
mode_without_mn9,0.00625,720575940612549799,early_large_only,0.0,0.0,0
mode_without_mn9,0.00625,720575940612549799,later_large_only,0.0,0.0,0
mode_without_mn9,0.00625,720575940612549799,other_active,0.0,0.0,0
mode_without_mn9,0.00625,720575940612549799,silent_all,0.0,0.0,0
mode_without_mn9,0.00625,720575940631989841,input,0.0,0.0,0
mode_without_mn9,0.00625,720575940631989841,early_large_only,0.0,0.0,0
mode_without_mn9,0.00625,720575940631989841,later_large_only,0.0,0.0,0
mode_without_mn9,0.00625,720575940631989841,other_active,0.0,0.0,0
mode_without_mn9,0.00625,720575940631989841,silent_all,0.0,0.0,0
mode_without_mn9,0.00625,720575940625768394,input,0.0,0.0,0
mode_without_mn9,0.00625,720575940625768394,early_large_only,0.0,0.0,0
mode_without_mn9,0.00625,720575940625768394,later_large_only,0.0,0.0,0
mode_without_mn9,0.00625,720575940625768394,other_active,5.94,-0.264,4
mode_without_mn9,0.00625,720575940625768394,silent_all,0.0,0.0,0
mode_without_mn9,0.00625,720575940628118159,input,0.0,0.0,0
mode_without_mn9,0.00625,720575940628118159,early_large_only,0.0,0.0,0
mode_without_mn9,0.00625,720575940628118159,later_large_only,0.0,0.0,0
mode_without_mn9,0.00625,720575940628118159,other_active,0.66,0.0,1
mode_without_mn9,0.00625,720575940628118159,silent_all,0.0,0.0,0
mode_without_mn9,0.00625,720575940632804435,input,0.0,0.0,0
mode_without_mn9,0.00625,720575940632804435,early_large_only,0.0,0.0,0
mode_without_mn9,0.00625,720575940632804435,later_large_only,0.0,0.0,0
mode_without_mn9,0.00625,720575940632804435,other_active,0.66,-12.144,4
mode_without_mn9,0.00625,720575940632804435,silent_all,0.0,0.0,0
mode_without_mn9,0.00625,720575940612395178,input,0.0,0.0,0
mode_without_mn9,0.00625,720575940612395178,early_large_only,0.0,0.0,0
mode_without_mn9,0.00625,720575940612395178,later_large_only,0.0,0.0,0
mode_without_mn9,0.00625,720575940612395178,other_active,0.99,0.0,2
mode_without_mn9,0.00625,720575940612395178,silent_all,0.0,0.0,0
mode_without_mn9,0.00625,720575940620904319,input,0.0,0.0,0
mode_without_mn9,0.00625,720575940620904319,early_large_only,0.0,0.0,0
mode_without_mn9,0.00625,720575940620904319,later_large_only,0.0,0.0,0
mode_without_mn9,0.00625,720575940620904319,other_active,0.0,0.0,0
mode_without_mn9,0.00625,720575940620904319,silent_all,0.0,0.0,0
mode_without_mn9,0.00625,720575940608336907,input,0.0,0.0,0
mode_without_mn9,0.00625,720575940608336907,early_large_only,0.0,0.0,0
mode_without_mn9,0.00625,720575940608336907,later_large_only,0.0,0.0,0
mode_without_mn9,0.00625,720575940608336907,other_active,0.66,0.0,1
mode_without_mn9,0.00625,720575940608336907,silent_all,0.0,0.0,0
mode_without_mn9,0.00625,720575940620759841,input,0.0,0.0,0
mode_without_mn9,0.00625,720575940620759841,early_large_only,0.0,0.0,0
mode_without_mn9,0.00625,720575940620759841,later_large_only,0.0,0.0,0
mode_without_mn9,0.00625,720575940620759841,other_active,14.52,-11.879999999999999,12
mode_without_mn9,0.00625,720575940620759841,silent_all,0.0,0.0,0
mode_without_mn9,0.00625,720575940625054906,input,0.0,0.0,0
mode_without_mn9,0.00625,720575940625054906,early_large_only,0.0,0.0,0
mode_without_mn9,0.00625,720575940625054906,later_large_only,0.0,0.0,0
mode_without_mn9,0.00625,720575940625054906,other_active,0.0,-1.056,2
mode_without_mn9,0.00625,720575940625054906,silent_all,0.0,0.0,0
mode_without_mn9,0.00625,720575940621503220,input,0.0,0.0,0
mode_without_mn9,0.00625,720575940621503220,early_large_only,0.0,0.0,0
mode_without_mn9,0.00625,720575940621503220,later_large_only,0.0,0.0,0
mode_without_mn9,0.00625,720575940621503220,other_active,0.33,0.0,1
mode_without_mn9,0.00625,720575940621503220,silent_all,0.0,0.0,0
mode_without_mn9,0.00625,720575940627374598,input,0.0,0.0,0
mode_without_mn9,0.00625,720575940627374598,early_large_only,0.0,0.0,0
mode_without_mn9,0.00625,720575940627374598,later_large_only,0.0,0.0,0
mode_without_mn9,0.00625,720575940627374598,other_active,0.0,0.0,0
mode_without_mn9,0.00625,720575940627374598,silent_all,0.0,0.0,0
mode_without_mn9,0.00625,720575940622855629,input,0.0,0.0,0
mode_without_mn9,0.00625,720575940622855629,early_large_only,0.0,0.0,0
mode_without_mn9,0.00625,720575940622855629,later_large_only,0.0,0.0,0
mode_without_mn9,0.00625,720575940622855629,other_active,0.99,0.0,2
mode_without_mn9,0.00625,720575940622855629,silent_all,0.0,0.0,0
mode_without_mn9,0.00625,720575940636488805,input,0.0,0.0,0
mode_without_mn9,0.00625,720575940636488805,early_large_only,0.0,0.0,0
mode_without_mn9,0.00625,720575940636488805,later_large_only,0.0,0.0,0
mode_without_mn9,0.00625,720575940636488805,other_active,0.33,0.0,1
mode_without_mn9,0.00625,720575940636488805,silent_all,0.0,0.0,0
mode_without_mn9,0.00625,720575940607447491,input,0.0,0.0,0
mode_without_mn9,0.00625,720575940607447491,early_large_only,0.0,0.0,0
mode_without_mn9,0.00625,720575940607447491,later_large_only,0.0,0.0,0
mode_without_mn9,0.00625,720575940607447491,other_active,19.14,-0.528,5
mode_without_mn9,0.00625,720575940607447491,silent_all,0.0,0.0,0
mode_without_mn9,0.00625,720575940617691170,input,0.0,0.0,0
mode_without_mn9,0.00625,720575940617691170,early_large_only,0.0,0.0,0
mode_without_mn9,0.00625,720575940617691170,later_large_only,0.0,0.0,0
mode_without_mn9,0.00625,720575940617691170,other_active,0.99,0.0,2
mode_without_mn9,0.00625,720575940617691170,silent_all,0.0,0.0,0
mode_without_mn9,0.00625,720575940630046524,input,0.0,0.0,0
mode_without_mn9,0.00625,720575940630046524,early_large_only,0.0,0.0,0
mode_without_mn9,0.00625,720575940630046524,later_large_only,0.0,0.0,0
mode_without_mn9,0.00625,720575940630046524,other_active,0.0,0.0,0
mode_without_mn9,0.00625,720575940630046524,silent_all,0.0,0.0,0
mode_without_mn9,0.00625,720575940621030320,input,0.0,0.0,0
mode_without_mn9,0.00625,720575940621030320,early_large_only,0.0,0.0,0
mode_without_mn9,0.00625,720575940621030320,later_large_only,0.0,0.0,0
mode_without_mn9,0.00625,720575940621030320,other_active,0.66,0.0,1
mode_without_mn9,0.00625,720575940621030320,silent_all,0.0,0.0,0
mode_without_mn9,0.00625,720575940625649214,input,0.0,0.0,0
mode_without_mn9,0.00625,720575940625649214,early_large_only,0.0,0.0,0
mode_without_mn9,0.00625,720575940625649214,later_large_only,0.0,0.0,0
mode_without_mn9,0.00625,720575940625649214,other_active,0.0,0.0,0
mode_without_mn9,0.00625,720575940625649214,silent_all,0.0,0.0,0
mode_without_mn9,0.00625,720575940621347254,input,0.0,0.0,0
mode_without_mn9,0.00625,720575940621347254,early_large_only,0.0,0.0,0
mode_without_mn9,0.00625,720575940621347254,later_large_only,0.0,0.0,0
mode_without_mn9,0.00625,720575940621347254,other_active,0.0,0.0,0
mode_without_mn9,0.00625,720575940621347254,silent_all,0.0,0.0,0
mode_without_mn9,0.00625,720575940624928956,input,0.0,0.0,0
mode_without_mn9,0.00625,720575940624928956,early_large_only,0.0,0.0,0
mode_without_mn9,0.00625,720575940624928956,later_large_only,0.0,0.0,0
mode_without_mn9,0.00625,720575940624928956,other_active,0.66,0.0,2
mode_without_mn9,0.00625,720575940624928956,silent_all,0.0,0.0,0
mode_without_mn9,0.00625,720575940627109202,input,0.0,0.0,0
mode_without_mn9,0.00625,720575940627109202,early_large_only,0.0,0.0,0
mode_without_mn9,0.00625,720575940627109202,later_large_only,0.0,0.0,0
mode_without_mn9,0.00625,720575940627109202,other_active,0.99,0.0,1
mode_without_mn9,0.00625,720575940627109202,silent_all,0.0,0.0,0
mode_without_mn9,0.00625,720575940613594783,input,0.0,0.0,0
mode_without_mn9,0.00625,720575940613594783,early_large_only,0.0,0.0,0
mode_without_mn9,0.00625,720575940613594783,later_large_only,0.0,0.0,0
mode_without_mn9,0.00625,720575940613594783,other_active,0.33,0.0,1
mode_without_mn9,0.00625,720575940613594783,silent_all,0.0,0.0,0
mode_without_mn9,0.00625,720575940629957943,input,0.0,0.0,0
mode_without_mn9,0.00625,720575940629957943,early_large_only,0.0,0.0,0
mode_without_mn9,0.00625,720575940629957943,later_large_only,0.0,0.0,0
mode_without_mn9,0.00625,720575940629957943,other_active,7.260000000000001,-38.80800000000001,3
mode_without_mn9,0.00625,720575940629957943,silent_all,0.0,0.0,0
mode_without_mn9,0.00625,720575940621040737,input,0.0,0.0,0
mode_without_mn9,0.00625,720575940621040737,early_large_only,0.0,0.0,0
mode_without_mn9,0.00625,720575940621040737,later_large_only,0.0,0.0,0
mode_without_mn9,0.00625,720575940621040737,other_active,0.66,0.0,1
mode_without_mn9,0.00625,720575940621040737,silent_all,0.0,0.0,0
mode_without_mn9,0.00625,720575940626128386,input,0.0,0.0,0
mode_without_mn9,0.00625,720575940626128386,early_large_only,0.0,0.0,0
mode_without_mn9,0.00625,720575940626128386,later_large_only,0.0,0.0,0
mode_without_mn9,0.00625,720575940626128386,other_active,0.0,0.0,0
mode_without_mn9,0.00625,720575940626128386,silent_all,0.0,0.0,0
mode_without_mn9,0.00625,720575940615770369,input,0.0,0.0,0
mode_without_mn9,0.00625,720575940615770369,early_large_only,0.0,0.0,0
mode_without_mn9,0.00625,720575940615770369,later_large_only,0.0,0.0,0
mode_without_mn9,0.00625,720575940615770369,other_active,0.66,-5.280000000000001,4
mode_without_mn9,0.00625,720575940615770369,silent_all,0.0,0.0,0
mode_without_mn9,0.00625,720575940620205505,input,0.0,0.0,0
mode_without_mn9,0.00625,720575940620205505,early_large_only,0.0,0.0,0
mode_without_mn9,0.00625,720575940620205505,later_large_only,0.0,0.0,0
mode_without_mn9,0.00625,720575940620205505,other_active,0.0,0.0,0
mode_without_mn9,0.00625,720575940620205505,silent_all,0.0,0.0,0
mode_without_mn9,0.00625,720575940619759750,input,0.0,0.0,0
mode_without_mn9,0.00625,720575940619759750,early_large_only,0.0,0.0,0
mode_without_mn9,0.00625,720575940619759750,later_large_only,0.0,0.0,0
mode_without_mn9,0.00625,720575940619759750,other_active,0.0,-0.528,1
mode_without_mn9,0.00625,720575940619759750,silent_all,0.0,0.0,0
mode_without_mn9,0.00625,720575940647303300,input,0.0,0.0,0
mode_without_mn9,0.00625,720575940647303300,early_large_only,0.0,0.0,0
mode_without_mn9,0.00625,720575940647303300,later_large_only,0.0,0.0,0
mode_without_mn9,0.00625,720575940647303300,other_active,0.0,0.0,0
mode_without_mn9,0.00625,720575940647303300,silent_all,0.0,0.0,0
mode_without_mn9,0.00625,720575940610951634,input,0.0,0.0,0
mode_without_mn9,0.00625,720575940610951634,early_large_only,0.0,0.0,0
mode_without_mn9,0.00625,720575940610951634,later_large_only,0.0,0.0,0
mode_without_mn9,0.00625,720575940610951634,other_active,0.0,0.0,0
mode_without_mn9,0.00625,720575940610951634,silent_all,0.0,0.0,0
mode_without_mn9,0.00625,720575940619486117,input,0.0,0.0,0
mode_without_mn9,0.00625,720575940619486117,early_large_only,0.0,0.0,0
mode_without_mn9,0.00625,720575940619486117,later_large_only,0.0,0.0,0
mode_without_mn9,0.00625,720575940619486117,other_active,0.0,0.0,0
mode_without_mn9,0.00625,720575940619486117,silent_all,0.0,0.0,0
mode_without_mn9,0.00625,720575940620664496,input,0.0,0.0,0
mode_without_mn9,0.00625,720575940620664496,early_large_only,0.0,0.0,0
mode_without_mn9,0.00625,720575940620664496,later_large_only,0.0,0.0,0
mode_without_mn9,0.00625,720575940620664496,other_active,7.92,-39.6,3
mode_without_mn9,0.00625,720575940620664496,silent_all,0.0,0.0,0
mode_without_mn9,0.00625,720575940638204132,input,0.0,0.0,0
mode_without_mn9,0.00625,720575940638204132,early_large_only,0.0,0.0,0
mode_without_mn9,0.00625,720575940638204132,later_large_only,0.0,0.0,0
mode_without_mn9,0.00625,720575940638204132,other_active,28.380000000000003,-39.336,17
mode_without_mn9,0.00625,720575940638204132,silent_all,0.0,0.0,0
mode_without_mn9,0.00625,720575940620488513,input,0.0,0.0,0
mode_without_mn9,0.00625,720575940620488513,early_large_only,0.0,0.0,0
mode_without_mn9,0.00625,720575940620488513,later_large_only,0.0,0.0,0
mode_without_mn9,0.00625,720575940620488513,other_active,0.0,0.0,0
mode_without_mn9,0.00625,720575940620488513,silent_all,0.0,0.0,0
mode_without_mn9,0.00625,720575940648330105,input,0.0,0.0,0
mode_without_mn9,0.00625,720575940648330105,early_large_only,0.0,0.0,0
mode_without_mn9,0.00625,720575940648330105,later_large_only,0.0,0.0,0
mode_without_mn9,0.00625,720575940648330105,other_active,0.0,0.0,0
mode_without_mn9,0.00625,720575940648330105,silent_all,0.0,0.0,0
mode_without_mn9,0.00625,720575940618270629,input,0.0,0.0,0
mode_without_mn9,0.00625,720575940618270629,early_large_only,0.0,0.0,0
mode_without_mn9,0.00625,720575940618270629,later_large_only,0.0,0.0,0
mode_without_mn9,0.00625,720575940618270629,other_active,24.75,-5.016000000000001,6
mode_without_mn9,0.00625,720575940618270629,silent_all,0.0,0.0,0
mode_without_mn9,0.00625,720575940627100584,input,0.0,0.0,0
mode_without_mn9,0.00625,720575940627100584,early_large_only,0.0,0.0,0
mode_without_mn9,0.00625,720575940627100584,later_large_only,0.0,0.0,0
mode_without_mn9,0.00625,720575940627100584,other_active,0.0,0.0,0
mode_without_mn9,0.00625,720575940627100584,silent_all,0.0,0.0,0
mode_without_mn9,0.00625,720575940626363529,input,0.0,0.0,0
mode_without_mn9,0.00625,720575940626363529,early_large_only,0.0,0.0,0
mode_without_mn9,0.00625,720575940626363529,later_large_only,0.0,0.0,0
mode_without_mn9,0.00625,720575940626363529,other_active,0.0,0.0,0
mode_without_mn9,0.00625,720575940626363529,silent_all,0.0,0.0,0
mode_without_mn9,0.00625,720575940605583136,input,0.0,0.0,0
mode_without_mn9,0.00625,720575940605583136,early_large_only,0.0,0.0,0
mode_without_mn9,0.00625,720575940605583136,later_large_only,0.0,0.0,0
mode_without_mn9,0.00625,720575940605583136,other_active,0.33,0.0,1
mode_without_mn9,0.00625,720575940605583136,silent_all,0.0,0.0,0
mode_without_mn9,0.00625,720575940633766370,input,0.0,0.0,0
mode_without_mn9,0.00625,720575940633766370,early_large_only,0.0,0.0,0
mode_without_mn9,0.00625,720575940633766370,later_large_only,0.0,0.0,0
mode_without_mn9,0.00625,720575940633766370,other_active,0.99,-3.4320000000000004,3
mode_without_mn9,0.00625,720575940633766370,silent_all,0.0,0.0,0
mode_without_mn9,0.00625,720575940625893507,input,0.0,0.0,0
mode_without_mn9,0.00625,720575940625893507,early_large_only,0.0,0.0,0
mode_without_mn9,0.00625,720575940625893507,later_large_only,0.0,0.0,0
mode_without_mn9,0.00625,720575940625893507,other_active,1.32,0.0,1
mode_without_mn9,0.00625,720575940625893507,silent_all,0.0,0.0,0
mode_without_mn9,0.00625,720575940621814049,input,0.0,0.0,0
mode_without_mn9,0.00625,720575940621814049,early_large_only,0.0,0.0,0
mode_without_mn9,0.00625,720575940621814049,later_large_only,0.0,0.0,0
mode_without_mn9,0.00625,720575940621814049,other_active,0.33,0.0,1
mode_without_mn9,0.00625,720575940621814049,silent_all,0.0,0.0,0
mode_without_mn9,0.00625,720575940629702905,input,0.0,0.0,0
mode_without_mn9,0.00625,720575940629702905,early_large_only,0.0,0.0,0
mode_without_mn9,0.00625,720575940629702905,later_large_only,0.0,0.0,0
mode_without_mn9,0.00625,720575940629702905,other_active,4.62,-0.528,6
mode_without_mn9,0.00625,720575940629702905,silent_all,0.0,0.0,0
mode_without_mn9,0.00625,720575940651425782,input,0.0,0.0,0
mode_without_mn9,0.00625,720575940651425782,early_large_only,0.0,0.0,0
mode_without_mn9,0.00625,720575940651425782,later_large_only,0.0,0.0,0
mode_without_mn9,0.00625,720575940651425782,other_active,0.66,0.0,1
mode_without_mn9,0.00625,720575940651425782,silent_all,0.0,0.0,0
mode_without_mn9,0.00625,720575940624486899,input,0.0,0.0,0
mode_without_mn9,0.00625,720575940624486899,early_large_only,0.0,0.0,0
mode_without_mn9,0.00625,720575940624486899,later_large_only,0.0,0.0,0
mode_without_mn9,0.00625,720575940624486899,other_active,0.0,-4.224,2
mode_without_mn9,0.00625,720575940624486899,silent_all,0.0,0.0,0
mode_without_mn9,0.00625,720575940628529155,input,0.0,0.0,0
mode_without_mn9,0.00625,720575940628529155,early_large_only,0.0,0.0,0
mode_without_mn9,0.00625,720575940628529155,later_large_only,0.0,0.0,0
mode_without_mn9,0.00625,720575940628529155,other_active,0.33,0.0,1
mode_without_mn9,0.00625,720575940628529155,silent_all,0.0,0.0,0
mode_without_mn9,0.00625,720575940629969111,input,0.0,0.0,0
mode_without_mn9,0.00625,720575940629969111,early_large_only,0.0,0.0,0
mode_without_mn9,0.00625,720575940629969111,later_large_only,0.0,0.0,0
mode_without_mn9,0.00625,720575940629969111,other_active,7.59,-1.32,4
mode_without_mn9,0.00625,720575940629969111,silent_all,0.0,0.0,0
mode_without_mn9,0.00625,720575940621504794,input,0.0,0.0,0
mode_without_mn9,0.00625,720575940621504794,early_large_only,0.0,0.0,0
mode_without_mn9,0.00625,720575940621504794,later_large_only,0.0,0.0,0
mode_without_mn9,0.00625,720575940621504794,other_active,1.98,0.0,1
mode_without_mn9,0.00625,720575940621504794,silent_all,0.0,0.0,0
mode_without_mn9,0.00625,720575940622241160,input,0.0,0.0,0
mode_without_mn9,0.00625,720575940622241160,early_large_only,0.0,0.0,0
mode_without_mn9,0.00625,720575940622241160,later_large_only,0.0,0.0,0
mode_without_mn9,0.00625,720575940622241160,other_active,0.0,0.0,0
mode_without_mn9,0.00625,720575940622241160,silent_all,0.0,0.0,0
mode_without_mn9,0.00625,720575940621870886,input,0.0,0.0,0
mode_without_mn9,0.00625,720575940621870886,early_large_only,0.0,0.0,0
mode_without_mn9,0.00625,720575940621870886,later_large_only,0.0,0.0,0
mode_without_mn9,0.00625,720575940621870886,other_active,0.33,0.0,1
mode_without_mn9,0.00625,720575940621870886,silent_all,0.0,0.0,0
mode_without_mn9,0.00625,720575940624470763,input,0.0,0.0,0
mode_without_mn9,0.00625,720575940624470763,early_large_only,0.0,0.0,0
mode_without_mn9,0.00625,720575940624470763,later_large_only,0.0,0.0,0
mode_without_mn9,0.00625,720575940624470763,other_active,2.9699999999999998,0.0,3
mode_without_mn9,0.00625,720575940624470763,silent_all,0.0,0.0,0
mode_without_mn9,0.00625,720575940625878160,input,0.0,0.0,0
mode_without_mn9,0.00625,720575940625878160,early_large_only,0.0,0.0,0
mode_without_mn9,0.00625,720575940625878160,later_large_only,0.0,0.0,0
mode_without_mn9,0.00625,720575940625878160,other_active,0.0,0.0,0
mode_without_mn9,0.00625,720575940625878160,silent_all,0.0,0.0,0
mode_without_mn9,0.00625,720575940643701152,input,0.0,0.0,0
mode_without_mn9,0.00625,720575940643701152,early_large_only,0.0,0.0,0
mode_without_mn9,0.00625,720575940643701152,later_large_only,0.0,0.0,0
mode_without_mn9,0.00625,720575940643701152,other_active,12.540000000000001,-1.056,5
mode_without_mn9,0.00625,720575940643701152,silent_all,0.0,0.0,0
mode_without_mn9,0.00625,720575940633874015,input,0.0,0.0,0
mode_without_mn9,0.00625,720575940633874015,early_large_only,0.0,0.0,0
mode_without_mn9,0.00625,720575940633874015,later_large_only,0.0,0.0,0
mode_without_mn9,0.00625,720575940633874015,other_active,0.0,0.0,0
mode_without_mn9,0.00625,720575940633874015,silent_all,0.0,0.0,0
mode_without_mn9,0.00625,720575940631828307,input,0.0,0.0,0
mode_without_mn9,0.00625,720575940631828307,early_large_only,0.0,0.0,0
mode_without_mn9,0.00625,720575940631828307,later_large_only,0.0,0.0,0
mode_without_mn9,0.00625,720575940631828307,other_active,0.0,0.0,0
mode_without_mn9,0.00625,720575940631828307,silent_all,0.0,0.0,0
mode_without_mn9,0.00625,720575940614383978,input,0.0,0.0,0
mode_without_mn9,0.00625,720575940614383978,early_large_only,0.0,0.0,0
mode_without_mn9,0.00625,720575940614383978,later_large_only,0.0,0.0,0
mode_without_mn9,0.00625,720575940614383978,other_active,0.0,-0.264,1
mode_without_mn9,0.00625,720575940614383978,silent_all,0.0,0.0,0
mode_without_mn9,0.00625,720575940640178640,input,0.0,0.0,0
mode_without_mn9,0.00625,720575940640178640,early_large_only,0.0,0.0,0
mode_without_mn9,0.00625,720575940640178640,later_large_only,0.0,0.0,0
mode_without_mn9,0.00625,720575940640178640,other_active,1.6500000000000001,-3.696,6
mode_without_mn9,0.00625,720575940640178640,silent_all,0.0,0.0,0
mode_without_mn9,0.00625,720575940630135084,input,0.0,0.0,0
mode_without_mn9,0.00625,720575940630135084,early_large_only,0.0,0.0,0
mode_without_mn9,0.00625,720575940630135084,later_large_only,0.0,0.0,0
mode_without_mn9,0.00625,720575940630135084,other_active,26.4,-52.27200000000001,19
mode_without_mn9,0.00625,720575940630135084,silent_all,0.0,0.0,0
mode_without_mn9,0.00625,720575940617868249,input,0.0,0.0,0
mode_without_mn9,0.00625,720575940617868249,early_large_only,0.0,0.0,0
mode_without_mn9,0.00625,720575940617868249,later_large_only,0.0,0.0,0
mode_without_mn9,0.00625,720575940617868249,other_active,0.33,-0.528,2
mode_without_mn9,0.00625,720575940617868249,silent_all,0.0,0.0,0
mode_without_mn9,0.00625,720575940611578225,input,0.0,0.0,0
mode_without_mn9,0.00625,720575940611578225,early_large_only,0.0,0.0,0
mode_without_mn9,0.00625,720575940611578225,later_large_only,0.0,0.0,0
mode_without_mn9,0.00625,720575940611578225,other_active,1.65,0.0,1
mode_without_mn9,0.00625,720575940611578225,silent_all,0.0,0.0,0
mode_without_mn9,0.00625,720575940616471052,input,0.0,0.0,0
mode_without_mn9,0.00625,720575940616471052,early_large_only,0.0,0.0,0
mode_without_mn9,0.00625,720575940616471052,later_large_only,0.0,0.0,0
mode_without_mn9,0.00625,720575940616471052,other_active,2.31,-8.976,11
mode_without_mn9,0.00625,720575940616471052,silent_all,0.0,0.0,0
mode_without_mn9,0.00625,720575940615438402,input,0.0,0.0,0
mode_without_mn9,0.00625,720575940615438402,early_large_only,0.0,0.0,0
mode_without_mn9,0.00625,720575940615438402,later_large_only,0.0,0.0,0
mode_without_mn9,0.00625,720575940615438402,other_active,0.0,0.0,0
mode_without_mn9,0.00625,720575940615438402,silent_all,0.0,0.0,0
mode_without_mn9,0.00625,720575940621467212,input,0.0,0.0,0
mode_without_mn9,0.00625,720575940621467212,early_large_only,0.0,0.0,0
mode_without_mn9,0.00625,720575940621467212,later_large_only,0.0,0.0,0
mode_without_mn9,0.00625,720575940621467212,other_active,0.0,0.0,0
mode_without_mn9,0.00625,720575940621467212,silent_all,0.0,0.0,0
mode_without_mn9,0.00625,720575940630025004,input,0.0,0.0,0
mode_without_mn9,0.00625,720575940630025004,early_large_only,0.0,0.0,0
mode_without_mn9,0.00625,720575940630025004,later_large_only,0.0,0.0,0
mode_without_mn9,0.00625,720575940630025004,other_active,0.0,0.0,0
mode_without_mn9,0.00625,720575940630025004,silent_all,0.0,0.0,0
mode_without_mn9,0.00625,720575940630617386,input,0.0,0.0,0
mode_without_mn9,0.00625,720575940630617386,early_large_only,0.0,0.0,0
mode_without_mn9,0.00625,720575940630617386,later_large_only,0.0,0.0,0
mode_without_mn9,0.00625,720575940630617386,other_active,0.0,0.0,0
mode_without_mn9,0.00625,720575940630617386,silent_all,0.0,0.0,0
mode_without_mn9,0.00625,720575940629947964,input,0.0,0.0,0
mode_without_mn9,0.00625,720575940629947964,early_large_only,0.0,0.0,0
mode_without_mn9,0.00625,720575940629947964,later_large_only,0.0,0.0,0
mode_without_mn9,0.00625,720575940629947964,other_active,0.0,0.0,0
mode_without_mn9,0.00625,720575940629947964,silent_all,0.0,0.0,0
mode_without_mn9,0.00625,720575940618807454,input,0.0,0.0,0
mode_without_mn9,0.00625,720575940618807454,early_large_only,0.0,0.0,0
mode_without_mn9,0.00625,720575940618807454,later_large_only,0.0,0.0,0
mode_without_mn9,0.00625,720575940618807454,other_active,0.0,0.0,0
mode_without_mn9,0.00625,720575940618807454,silent_all,0.0,0.0,0
mode_without_mn9,0.00625,720575940627808122,input,0.0,0.0,0
mode_without_mn9,0.00625,720575940627808122,early_large_only,0.0,0.0,0
mode_without_mn9,0.00625,720575940627808122,later_large_only,0.0,0.0,0
mode_without_mn9,0.00625,720575940627808122,other_active,0.33,0.0,1
mode_without_mn9,0.00625,720575940627808122,silent_all,0.0,0.0,0
mode_without_mn9,0.00625,720575940611745429,input,0.0,0.0,0
mode_without_mn9,0.00625,720575940611745429,early_large_only,0.0,0.0,0
mode_without_mn9,0.00625,720575940611745429,later_large_only,0.0,0.0,0
mode_without_mn9,0.00625,720575940611745429,other_active,0.0,0.0,0
mode_without_mn9,0.00625,720575940611745429,silent_all,0.0,0.0,0
mode_without_mn9,0.00625,720575940631182354,input,0.0,0.0,0
mode_without_mn9,0.00625,720575940631182354,early_large_only,0.0,0.0,0
mode_without_mn9,0.00625,720575940631182354,later_large_only,0.0,0.0,0
mode_without_mn9,0.00625,720575940631182354,other_active,0.33,0.0,1
mode_without_mn9,0.00625,720575940631182354,silent_all,0.0,0.0,0
mode_without_mn9,0.00625,720575940635507960,input,0.0,0.0,0
mode_without_mn9,0.00625,720575940635507960,early_large_only,0.0,0.0,0
mode_without_mn9,0.00625,720575940635507960,later_large_only,0.0,0.0,0
mode_without_mn9,0.00625,720575940635507960,other_active,0.0,0.0,0
mode_without_mn9,0.00625,720575940635507960,silent_all,0.0,0.0,0
mode_without_mn9,0.00625,720575940629502251,input,0.0,0.0,0
mode_without_mn9,0.00625,720575940629502251,early_large_only,0.0,0.0,0
mode_without_mn9,0.00625,720575940629502251,later_large_only,0.0,0.0,0
mode_without_mn9,0.00625,720575940629502251,other_active,1.6500000000000001,-20.856,5
mode_without_mn9,0.00625,720575940629502251,silent_all,0.0,0.0,0
mode_without_mn9,0.00625,720575940617749538,input,0.0,0.0,0
mode_without_mn9,0.00625,720575940617749538,early_large_only,0.0,0.0,0
mode_without_mn9,0.00625,720575940617749538,later_large_only,0.0,0.0,0
mode_without_mn9,0.00625,720575940617749538,other_active,0.0,0.0,0
mode_without_mn9,0.00625,720575940617749538,silent_all,0.0,0.0,0
mode_without_mn9,0.00625,720575940621768180,input,0.0,0.0,0
mode_without_mn9,0.00625,720575940621768180,early_large_only,0.0,0.0,0
mode_without_mn9,0.00625,720575940621768180,later_large_only,0.0,0.0,0
mode_without_mn9,0.00625,720575940621768180,other_active,0.33,-3.6960000000000006,2
mode_without_mn9,0.00625,720575940621768180,silent_all,0.0,0.0,0
mode_without_mn9,0.00625,720575940623201833,input,0.0,0.0,0
mode_without_mn9,0.00625,720575940623201833,early_large_only,0.0,0.0,0
mode_without_mn9,0.00625,720575940623201833,later_large_only,0.0,0.0,0
mode_without_mn9,0.00625,720575940623201833,other_active,0.0,0.0,0
mode_without_mn9,0.00625,720575940623201833,silent_all,0.0,0.0,0
mode_without_mn9,0.00625,720575940629701881,input,0.0,0.0,0
mode_without_mn9,0.00625,720575940629701881,early_large_only,0.0,0.0,0
mode_without_mn9,0.00625,720575940629701881,later_large_only,0.0,0.0,0
mode_without_mn9,0.00625,720575940629701881,other_active,0.0,0.0,0
mode_without_mn9,0.00625,720575940629701881,silent_all,0.0,0.0,0
mode_without_mn9,0.00625,720575940627380679,input,0.0,0.0,0
mode_without_mn9,0.00625,720575940627380679,early_large_only,0.0,0.0,0
mode_without_mn9,0.00625,720575940627380679,later_large_only,0.0,0.0,0
mode_without_mn9,0.00625,720575940627380679,other_active,0.0,-0.528,1
mode_without_mn9,0.00625,720575940627380679,silent_all,0.0,0.0,0
mode_without_mn9,0.00625,720575940629755723,input,0.0,0.0,0
mode_without_mn9,0.00625,720575940629755723,early_large_only,0.0,0.0,0
mode_without_mn9,0.00625,720575940629755723,later_large_only,0.0,0.0,0
mode_without_mn9,0.00625,720575940629755723,other_active,0.0,0.0,0
mode_without_mn9,0.00625,720575940629755723,silent_all,0.0,0.0,0
mode_without_mn9,0.00625,720575940620571574,input,0.0,0.0,0
mode_without_mn9,0.00625,720575940620571574,early_large_only,0.0,0.0,0
mode_without_mn9,0.00625,720575940620571574,later_large_only,0.0,0.0,0
mode_without_mn9,0.00625,720575940620571574,other_active,0.0,0.0,0
mode_without_mn9,0.00625,720575940620571574,silent_all,0.0,0.0,0
mode_without_mn9,0.00625,720575940631670865,input,0.0,0.0,0
mode_without_mn9,0.00625,720575940631670865,early_large_only,0.0,0.0,0
mode_without_mn9,0.00625,720575940631670865,later_large_only,0.0,0.0,0
mode_without_mn9,0.00625,720575940631670865,other_active,0.33,-0.264,2
mode_without_mn9,0.00625,720575940631670865,silent_all,0.0,0.0,0
mode_without_mn9,0.00625,720575940624982823,input,0.0,0.0,0
mode_without_mn9,0.00625,720575940624982823,early_large_only,0.0,0.0,0
mode_without_mn9,0.00625,720575940624982823,later_large_only,0.0,0.0,0
mode_without_mn9,0.00625,720575940624982823,other_active,3.3,-0.264,3
mode_without_mn9,0.00625,720575940624982823,silent_all,0.0,0.0,0
mode_without_mn9,0.00625,720575940634575796,input,0.0,0.0,0
mode_without_mn9,0.00625,720575940634575796,early_large_only,0.0,0.0,0
mode_without_mn9,0.00625,720575940634575796,later_large_only,0.0,0.0,0
mode_without_mn9,0.00625,720575940634575796,other_active,0.0,0.0,0
mode_without_mn9,0.00625,720575940634575796,silent_all,0.0,0.0,0
mode_without_mn9,0.00625,720575940624534972,input,0.0,0.0,0
mode_without_mn9,0.00625,720575940624534972,early_large_only,0.0,0.0,0
mode_without_mn9,0.00625,720575940624534972,later_large_only,0.0,0.0,0
mode_without_mn9,0.00625,720575940624534972,other_active,17.82,-19.008,13
mode_without_mn9,0.00625,720575940624534972,silent_all,0.0,0.0,0
mode_without_mn9,0.00625,720575940626879505,input,0.0,0.0,0
mode_without_mn9,0.00625,720575940626879505,early_large_only,0.0,0.0,0
mode_without_mn9,0.00625,720575940626879505,later_large_only,0.0,0.0,0
mode_without_mn9,0.00625,720575940626879505,other_active,11.22,-3.6960000000000006,8
mode_without_mn9,0.00625,720575940626879505,silent_all,0.0,0.0,0
mode_without_mn9,0.00625,720575940629529722,input,0.0,0.0,0
mode_without_mn9,0.00625,720575940629529722,early_large_only,0.0,0.0,0
mode_without_mn9,0.00625,720575940629529722,later_large_only,0.0,0.0,0
mode_without_mn9,0.00625,720575940629529722,other_active,0.66,-0.264,2
mode_without_mn9,0.00625,720575940629529722,silent_all,0.0,0.0,0
mode_without_mn9,0.00625,720575940609077828,input,0.0,0.0,0
mode_without_mn9,0.00625,720575940609077828,early_large_only,0.0,0.0,0
mode_without_mn9,0.00625,720575940609077828,later_large_only,0.0,0.0,0
mode_without_mn9,0.00625,720575940609077828,other_active,7.590000000000001,0.0,2
mode_without_mn9,0.00625,720575940609077828,silent_all,0.0,0.0,0
mode_without_mn9,0.00625,720575940629585602,input,0.0,0.0,0
mode_without_mn9,0.00625,720575940629585602,early_large_only,0.0,0.0,0
mode_without_mn9,0.00625,720575940629585602,later_large_only,0.0,0.0,0
mode_without_mn9,0.00625,720575940629585602,other_active,0.0,0.0,0
mode_without_mn9,0.00625,720575940629585602,silent_all,0.0,0.0,0
mode_without_mn9,0.00625,720575940630914245,input,0.0,0.0,0
mode_without_mn9,0.00625,720575940630914245,early_large_only,0.0,0.0,0
mode_without_mn9,0.00625,720575940630914245,later_large_only,0.0,0.0,0
mode_without_mn9,0.00625,720575940630914245,other_active,0.0,0.0,0
mode_without_mn9,0.00625,720575940630914245,silent_all,0.0,0.0,0
mode_without_mn9,0.00625,720575940631990343,input,0.0,0.0,0
mode_without_mn9,0.00625,720575940631990343,early_large_only,0.0,0.0,0
mode_without_mn9,0.00625,720575940631990343,later_large_only,0.0,0.0,0
mode_without_mn9,0.00625,720575940631990343,other_active,0.33,0.0,1
mode_without_mn9,0.00625,720575940631990343,silent_all,0.0,0.0,0
mode_without_mn9,0.00625,720575940617413957,input,0.0,0.0,0
mode_without_mn9,0.00625,720575940617413957,early_large_only,0.0,0.0,0
mode_without_mn9,0.00625,720575940617413957,later_large_only,0.0,0.0,0
mode_without_mn9,0.00625,720575940617413957,other_active,0.0,0.0,0
mode_without_mn9,0.00625,720575940617413957,silent_all,0.0,0.0,0
mode_without_mn9,0.00625,720575940616486230,input,0.0,0.0,0
mode_without_mn9,0.00625,720575940616486230,early_large_only,0.0,0.0,0
mode_without_mn9,0.00625,720575940616486230,later_large_only,0.0,0.0,0
mode_without_mn9,0.00625,720575940616486230,other_active,0.0,0.0,0
mode_without_mn9,0.00625,720575940616486230,silent_all,0.0,0.0,0
mode_without_mn9,0.00625,720575940632230099,input,0.0,0.0,0
mode_without_mn9,0.00625,720575940632230099,early_large_only,0.0,0.0,0
mode_without_mn9,0.00625,720575940632230099,later_large_only,0.0,0.0,0
mode_without_mn9,0.00625,720575940632230099,other_active,0.33,0.0,1
mode_without_mn9,0.00625,720575940632230099,silent_all,0.0,0.0,0
mode_without_mn9,0.00625,720575940617244372,input,0.0,0.0,0
mode_without_mn9,0.00625,720575940617244372,early_large_only,0.0,0.0,0
mode_without_mn9,0.00625,720575940617244372,later_large_only,0.0,0.0,0
mode_without_mn9,0.00625,720575940617244372,other_active,0.0,0.0,0
mode_without_mn9,0.00625,720575940617244372,silent_all,0.0,0.0,0
mode_without_mn9,0.00625,720575940630810695,input,0.0,0.0,0
mode_without_mn9,0.00625,720575940630810695,early_large_only,0.0,0.0,0
mode_without_mn9,0.00625,720575940630810695,later_large_only,0.0,0.0,0
mode_without_mn9,0.00625,720575940630810695,other_active,2.64,-0.528,4
mode_without_mn9,0.00625,720575940630810695,silent_all,0.0,0.0,0
mode_without_mn9,0.00625,720575940641148405,input,0.0,0.0,0
mode_without_mn9,0.00625,720575940641148405,early_large_only,0.0,0.0,0
mode_without_mn9,0.00625,720575940641148405,later_large_only,0.0,0.0,0
mode_without_mn9,0.00625,720575940641148405,other_active,0.0,-1.056,2
mode_without_mn9,0.00625,720575940641148405,silent_all,0.0,0.0,0
mode_without_mn9,0.00625,720575940634418021,input,0.0,0.0,0
mode_without_mn9,0.00625,720575940634418021,early_large_only,0.0,0.0,0
mode_without_mn9,0.00625,720575940634418021,later_large_only,0.0,0.0,0
mode_without_mn9,0.00625,720575940634418021,other_active,0.0,-0.264,1
mode_without_mn9,0.00625,720575940634418021,silent_all,0.0,0.0,0
mode_without_mn9,0.00625,720575940617728852,input,0.0,0.0,0
mode_without_mn9,0.00625,720575940617728852,early_large_only,0.0,0.0,0
mode_without_mn9,0.00625,720575940617728852,later_large_only,0.0,0.0,0
mode_without_mn9,0.00625,720575940617728852,other_active,0.0,0.0,0
mode_without_mn9,0.00625,720575940617728852,silent_all,0.0,0.0,0
mode_without_mn9,0.00625,720575940616235348,input,0.0,0.0,0
mode_without_mn9,0.00625,720575940616235348,early_large_only,0.0,0.0,0
mode_without_mn9,0.00625,720575940616235348,later_large_only,0.0,0.0,0
mode_without_mn9,0.00625,720575940616235348,other_active,2.64,0.0,1
mode_without_mn9,0.00625,720575940616235348,silent_all,0.0,0.0,0
mode_without_mn9,0.00625,720575940623182847,input,0.0,0.0,0
mode_without_mn9,0.00625,720575940623182847,early_large_only,0.0,0.0,0
mode_without_mn9,0.00625,720575940623182847,later_large_only,0.0,0.0,0
mode_without_mn9,0.00625,720575940623182847,other_active,0.33,0.0,1
mode_without_mn9,0.00625,720575940623182847,silent_all,0.0,0.0,0
mode_without_mn9,0.00625,720575940629360459,input,0.0,0.0,0
mode_without_mn9,0.00625,720575940629360459,early_large_only,0.0,0.0,0
mode_without_mn9,0.00625,720575940629360459,later_large_only,0.0,0.0,0
mode_without_mn9,0.00625,720575940629360459,other_active,0.0,0.0,0
mode_without_mn9,0.00625,720575940629360459,silent_all,0.0,0.0,0
mode_without_mn9,0.00625,720575940624280328,input,0.0,0.0,0
mode_without_mn9,0.00625,720575940624280328,early_large_only,0.0,0.0,0
mode_without_mn9,0.00625,720575940624280328,later_large_only,0.0,0.0,0
mode_without_mn9,0.00625,720575940624280328,other_active,0.0,0.0,0
mode_without_mn9,0.00625,720575940624280328,silent_all,0.0,0.0,0
mode_without_mn9,0.00625,720575940621712990,input,0.0,0.0,0
mode_without_mn9,0.00625,720575940621712990,early_large_only,0.0,0.0,0
mode_without_mn9,0.00625,720575940621712990,later_large_only,0.0,0.0,0
mode_without_mn9,0.00625,720575940621712990,other_active,4.95,-0.528,3
mode_without_mn9,0.00625,720575940621712990,silent_all,0.0,0.0,0
mode_without_mn9,0.00625,720575940608744405,input,0.0,0.0,0
mode_without_mn9,0.00625,720575940608744405,early_large_only,0.0,0.0,0
mode_without_mn9,0.00625,720575940608744405,later_large_only,0.0,0.0,0
mode_without_mn9,0.00625,720575940608744405,other_active,0.0,-3.4320000000000004,9
mode_without_mn9,0.00625,720575940608744405,silent_all,0.0,0.0,0
mode_without_mn9,0.00625,720575940614573674,input,0.0,0.0,0
mode_without_mn9,0.00625,720575940614573674,early_large_only,0.0,0.0,0
mode_without_mn9,0.00625,720575940614573674,later_large_only,0.0,0.0,0
mode_without_mn9,0.00625,720575940614573674,other_active,0.0,0.0,0
mode_without_mn9,0.00625,720575940614573674,silent_all,0.0,0.0,0
mode_without_mn9,0.00625,720575940620842111,input,0.0,0.0,0
mode_without_mn9,0.00625,720575940620842111,early_large_only,0.0,0.0,0
mode_without_mn9,0.00625,720575940620842111,later_large_only,0.0,0.0,0
mode_without_mn9,0.00625,720575940620842111,other_active,0.0,-1.056,1
mode_without_mn9,0.00625,720575940620842111,silent_all,0.0,0.0,0
mode_without_mn9,0.00625,720575940617078489,input,0.0,0.0,0
mode_without_mn9,0.00625,720575940617078489,early_large_only,0.0,0.0,0
mode_without_mn9,0.00625,720575940617078489,later_large_only,0.0,0.0,0
mode_without_mn9,0.00625,720575940617078489,other_active,0.0,0.0,0
mode_without_mn9,0.00625,720575940617078489,silent_all,0.0,0.0,0
mode_without_mn9,0.00625,720575940621595888,input,0.0,0.0,0
mode_without_mn9,0.00625,720575940621595888,early_large_only,0.0,0.0,0
mode_without_mn9,0.00625,720575940621595888,later_large_only,0.0,0.0,0
mode_without_mn9,0.00625,720575940621595888,other_active,0.0,0.0,0
mode_without_mn9,0.00625,720575940621595888,silent_all,0.0,0.0,0
mode_without_mn9,0.00625,720575940631349096,input,0.0,0.0,0
mode_without_mn9,0.00625,720575940631349096,early_large_only,0.0,0.0,0
mode_without_mn9,0.00625,720575940631349096,later_large_only,0.0,0.0,0
mode_without_mn9,0.00625,720575940631349096,other_active,0.0,0.0,0
mode_without_mn9,0.00625,720575940631349096,silent_all,0.0,0.0,0
mode_without_mn9,0.00625,720575940625212965,input,0.0,0.0,0
mode_without_mn9,0.00625,720575940625212965,early_large_only,0.0,0.0,0
mode_without_mn9,0.00625,720575940625212965,later_large_only,0.0,0.0,0
mode_without_mn9,0.00625,720575940625212965,other_active,0.0,0.0,0
mode_without_mn9,0.00625,720575940625212965,silent_all,0.0,0.0,0
mode_without_mn9,0.00625,720575940631517251,input,0.0,0.0,0
mode_without_mn9,0.00625,720575940631517251,early_large_only,0.0,0.0,0
mode_without_mn9,0.00625,720575940631517251,later_large_only,0.0,0.0,0
mode_without_mn9,0.00625,720575940631517251,other_active,0.33,-9.24,3
mode_without_mn9,0.00625,720575940631517251,silent_all,0.0,0.0,0
mode_without_mn9,0.00625,720575940624477246,input,0.0,0.0,0
mode_without_mn9,0.00625,720575940624477246,early_large_only,0.0,0.0,0
mode_without_mn9,0.00625,720575940624477246,later_large_only,0.0,0.0,0
mode_without_mn9,0.00625,720575940624477246,other_active,1.32,0.0,1
mode_without_mn9,0.00625,720575940624477246,silent_all,0.0,0.0,0
mode_without_mn9,0.00625,720575940620266689,input,0.0,0.0,0
mode_without_mn9,0.00625,720575940620266689,early_large_only,0.0,0.0,0
mode_without_mn9,0.00625,720575940620266689,later_large_only,0.0,0.0,0
mode_without_mn9,0.00625,720575940620266689,other_active,0.0,0.0,0
mode_without_mn9,0.00625,720575940620266689,silent_all,0.0,0.0,0
mode_without_mn9,0.00625,720575940613948834,input,0.0,0.0,0
mode_without_mn9,0.00625,720575940613948834,early_large_only,0.0,0.0,0
mode_without_mn9,0.00625,720575940613948834,later_large_only,0.0,0.0,0
mode_without_mn9,0.00625,720575940613948834,other_active,0.0,0.0,0
mode_without_mn9,0.00625,720575940613948834,silent_all,0.0,0.0,0
mode_without_mn9,0.00625,720575940619820368,input,0.0,0.0,0
mode_without_mn9,0.00625,720575940619820368,early_large_only,0.0,0.0,0
mode_without_mn9,0.00625,720575940619820368,later_large_only,0.0,0.0,0
mode_without_mn9,0.00625,720575940619820368,other_active,0.0,-1.32,3
mode_without_mn9,0.00625,720575940619820368,silent_all,0.0,0.0,0
mode_without_mn9,0.00625,720575940609932130,input,0.0,0.0,0
mode_without_mn9,0.00625,720575940609932130,early_large_only,0.0,0.0,0
mode_without_mn9,0.00625,720575940609932130,later_large_only,0.0,0.0,0
mode_without_mn9,0.00625,720575940609932130,other_active,0.0,0.0,0
mode_without_mn9,0.00625,720575940609932130,silent_all,0.0,0.0,0
mode_without_mn9,0.00625,720575940633735063,input,0.0,0.0,0
mode_without_mn9,0.00625,720575940633735063,early_large_only,0.0,0.0,0
mode_without_mn9,0.00625,720575940633735063,later_large_only,0.0,0.0,0
mode_without_mn9,0.00625,720575940633735063,other_active,0.0,0.0,0
mode_without_mn9,0.00625,720575940633735063,silent_all,0.0,0.0,0
mode_without_mn9,0.00625,720575940624093693,input,0.0,0.0,0
mode_without_mn9,0.00625,720575940624093693,early_large_only,0.0,0.0,0
mode_without_mn9,0.00625,720575940624093693,later_large_only,0.0,0.0,0
mode_without_mn9,0.00625,720575940624093693,other_active,0.0,0.0,0
mode_without_mn9,0.00625,720575940624093693,silent_all,0.0,0.0,0
mode_without_mn9,0.00625,720575940610404977,input,0.0,0.0,0
mode_without_mn9,0.00625,720575940610404977,early_large_only,0.0,0.0,0
mode_without_mn9,0.00625,720575940610404977,later_large_only,0.0,0.0,0
mode_without_mn9,0.00625,720575940610404977,other_active,0.0,0.0,0
mode_without_mn9,0.00625,720575940610404977,silent_all,0.0,0.0,0
mode_without_mn9,0.00625,720575940619998630,input,0.0,0.0,0
mode_without_mn9,0.00625,720575940619998630,early_large_only,0.0,0.0,0
mode_without_mn9,0.00625,720575940619998630,later_large_only,0.0,0.0,0
mode_without_mn9,0.00625,720575940619998630,other_active,9.24,-0.528,4
mode_without_mn9,0.00625,720575940619998630,silent_all,0.0,0.0,0
mode_without_mn9,0.00625,720575940630930383,input,0.0,0.0,0
mode_without_mn9,0.00625,720575940630930383,early_large_only,0.0,0.0,0
mode_without_mn9,0.00625,720575940630930383,later_large_only,0.0,0.0,0
mode_without_mn9,0.00625,720575940630930383,other_active,0.99,-1.056,5
mode_without_mn9,0.00625,720575940630930383,silent_all,0.0,0.0,0
mode_without_mn9,0.00625,720575940607472649,input,0.0,0.0,0
mode_without_mn9,0.00625,720575940607472649,early_large_only,0.0,0.0,0
mode_without_mn9,0.00625,720575940607472649,later_large_only,0.0,0.0,0
mode_without_mn9,0.00625,720575940607472649,other_active,2.31,-2.9040000000000004,4
mode_without_mn9,0.00625,720575940607472649,silent_all,0.0,0.0,0
mode_without_mn9,0.00625,720575940627368723,input,0.0,0.0,0
mode_without_mn9,0.00625,720575940627368723,early_large_only,0.0,0.0,0
mode_without_mn9,0.00625,720575940627368723,later_large_only,0.0,0.0,0
mode_without_mn9,0.00625,720575940627368723,other_active,18.48,-17.160000000000004,20
mode_without_mn9,0.00625,720575940627368723,silent_all,0.0,0.0,0
mode_without_mn9,0.00625,720575940622998627,input,0.0,0.0,0
mode_without_mn9,0.00625,720575940622998627,early_large_only,0.0,0.0,0
mode_without_mn9,0.00625,720575940622998627,later_large_only,0.0,0.0,0
mode_without_mn9,0.00625,720575940622998627,other_active,3.96,-0.264,3
mode_without_mn9,0.00625,720575940622998627,silent_all,0.0,0.0,0
mode_without_mn9,0.00625,720575940639948160,input,0.0,0.0,0
mode_without_mn9,0.00625,720575940639948160,early_large_only,0.0,0.0,0
mode_without_mn9,0.00625,720575940639948160,later_large_only,0.0,0.0,0
mode_without_mn9,0.00625,720575940639948160,other_active,0.0,-0.528,1
mode_without_mn9,0.00625,720575940639948160,silent_all,0.0,0.0,0
mode_without_mn9,0.00625,720575940634310763,input,0.0,0.0,0
mode_without_mn9,0.00625,720575940634310763,early_large_only,0.0,0.0,0
mode_without_mn9,0.00625,720575940634310763,later_large_only,0.0,0.0,0
mode_without_mn9,0.00625,720575940634310763,other_active,0.0,-0.792,3
mode_without_mn9,0.00625,720575940634310763,silent_all,0.0,0.0,0
mode_without_mn9,0.00625,720575940626654041,input,0.0,0.0,0
mode_without_mn9,0.00625,720575940626654041,early_large_only,0.0,0.0,0
mode_without_mn9,0.00625,720575940626654041,later_large_only,0.0,0.0,0
mode_without_mn9,0.00625,720575940626654041,other_active,0.0,-0.528,2
mode_without_mn9,0.00625,720575940626654041,silent_all,0.0,0.0,0
mode_without_mn9,0.00625,720575940618165393,input,0.0,0.0,0
mode_without_mn9,0.00625,720575940618165393,early_large_only,0.0,0.0,0
mode_without_mn9,0.00625,720575940618165393,later_large_only,0.0,0.0,0
mode_without_mn9,0.00625,720575940618165393,other_active,6.2700000000000005,-1.056,7
mode_without_mn9,0.00625,720575940618165393,silent_all,0.0,0.0,0
mode_without_mn9,0.00625,720575940625336464,input,0.0,0.0,0
mode_without_mn9,0.00625,720575940625336464,early_large_only,0.0,0.0,0
mode_without_mn9,0.00625,720575940625336464,later_large_only,0.0,0.0,0
mode_without_mn9,0.00625,720575940625336464,other_active,3.63,0.0,3
mode_without_mn9,0.00625,720575940625336464,silent_all,0.0,0.0,0
mode_without_mn9,0.00625,720575940626693130,input,0.0,0.0,0
mode_without_mn9,0.00625,720575940626693130,early_large_only,0.0,0.0,0
mode_without_mn9,0.00625,720575940626693130,later_large_only,0.0,0.0,0
mode_without_mn9,0.00625,720575940626693130,other_active,0.0,0.0,0
mode_without_mn9,0.00625,720575940626693130,silent_all,0.0,0.0,0
mode_without_mn9,0.00625,720575940636553902,input,0.0,0.0,0
mode_without_mn9,0.00625,720575940636553902,early_large_only,0.0,0.0,0
mode_without_mn9,0.00625,720575940636553902,later_large_only,0.0,0.0,0
mode_without_mn9,0.00625,720575940636553902,other_active,1.32,-1.056,4
mode_without_mn9,0.00625,720575940636553902,silent_all,0.0,0.0,0
mode_without_mn9,0.00625,720575940614908383,input,0.0,0.0,0
mode_without_mn9,0.00625,720575940614908383,early_large_only,0.0,0.0,0
mode_without_mn9,0.00625,720575940614908383,later_large_only,0.0,0.0,0
mode_without_mn9,0.00625,720575940614908383,other_active,0.66,-6.336000000000001,15
mode_without_mn9,0.00625,720575940614908383,silent_all,0.0,0.0,0
mode_without_mn9,0.00625,720575940639028413,input,0.0,0.0,0
mode_without_mn9,0.00625,720575940639028413,early_large_only,0.0,0.0,0
mode_without_mn9,0.00625,720575940639028413,later_large_only,0.0,0.0,0
mode_without_mn9,0.00625,720575940639028413,other_active,0.0,-6.072000000000001,5
mode_without_mn9,0.00625,720575940639028413,silent_all,0.0,0.0,0
mode_without_mn9,0.00625,720575940637073385,input,0.0,0.0,0
mode_without_mn9,0.00625,720575940637073385,early_large_only,0.0,0.0,0
mode_without_mn9,0.00625,720575940637073385,later_large_only,0.0,0.0,0
mode_without_mn9,0.00625,720575940637073385,other_active,1.32,-7.656000000000001,2
mode_without_mn9,0.00625,720575940637073385,silent_all,0.0,0.0,0
mode_without_mn9,0.00625,720575940619488495,input,0.0,0.0,0
mode_without_mn9,0.00625,720575940619488495,early_large_only,0.0,0.0,0
mode_without_mn9,0.00625,720575940619488495,later_large_only,0.0,0.0,0
mode_without_mn9,0.00625,720575940619488495,other_active,2.97,0.0,4
mode_without_mn9,0.00625,720575940619488495,silent_all,0.0,0.0,0
mode_without_mn9,0.00625,720575940614457342,input,0.0,0.0,0
mode_without_mn9,0.00625,720575940614457342,early_large_only,0.0,0.0,0
mode_without_mn9,0.00625,720575940614457342,later_large_only,0.0,0.0,0
mode_without_mn9,0.00625,720575940614457342,other_active,0.0,0.0,0
mode_without_mn9,0.00625,720575940614457342,silent_all,0.0,0.0,0
mode_without_mn9,0.00625,720575940627757584,input,0.0,0.0,0
mode_without_mn9,0.00625,720575940627757584,early_large_only,0.0,0.0,0
mode_without_mn9,0.00625,720575940627757584,later_large_only,0.0,0.0,0
mode_without_mn9,0.00625,720575940627757584,other_active,0.33,-0.528,3
mode_without_mn9,0.00625,720575940627757584,silent_all,0.0,0.0,0
mode_without_mn9,0.00625,720575940637210334,input,0.0,0.0,0
mode_without_mn9,0.00625,720575940637210334,early_large_only,0.0,0.0,0
mode_without_mn9,0.00625,720575940637210334,later_large_only,0.0,0.0,0
mode_without_mn9,0.00625,720575940637210334,other_active,0.0,-1.056,1
mode_without_mn9,0.00625,720575940637210334,silent_all,0.0,0.0,0
mode_without_mn9,0.00625,720575940629461442,input,0.0,0.0,0
mode_without_mn9,0.00625,720575940629461442,early_large_only,0.0,0.0,0
mode_without_mn9,0.00625,720575940629461442,later_large_only,0.0,0.0,0
mode_without_mn9,0.00625,720575940629461442,other_active,0.0,-1.056,2
mode_without_mn9,0.00625,720575940629461442,silent_all,0.0,0.0,0
mode_without_mn9,0.00625,720575940607982428,input,0.0,0.0,0
mode_without_mn9,0.00625,720575940607982428,early_large_only,0.0,0.0,0
mode_without_mn9,0.00625,720575940607982428,later_large_only,0.0,0.0,0
mode_without_mn9,0.00625,720575940607982428,other_active,0.0,-1.32,4
mode_without_mn9,0.00625,720575940607982428,silent_all,0.0,0.0,0
mode_without_mn9,0.00625,720575940611182554,input,0.0,0.0,0
mode_without_mn9,0.00625,720575940611182554,early_large_only,0.0,0.0,0
mode_without_mn9,0.00625,720575940611182554,later_large_only,0.0,0.0,0
mode_without_mn9,0.00625,720575940611182554,other_active,0.66,-0.264,2
mode_without_mn9,0.00625,720575940611182554,silent_all,0.0,0.0,0
mode_without_mn9,0.00625,720575940634258146,input,0.0,0.0,0
mode_without_mn9,0.00625,720575940634258146,early_large_only,0.0,0.0,0
mode_without_mn9,0.00625,720575940634258146,later_large_only,0.0,0.0,0
mode_without_mn9,0.00625,720575940634258146,other_active,15.18,0.0,3
mode_without_mn9,0.00625,720575940634258146,silent_all,0.0,0.0,0
mode_without_mn9,0.00625,720575940638937688,input,0.0,0.0,0
mode_without_mn9,0.00625,720575940638937688,early_large_only,0.0,0.0,0
mode_without_mn9,0.00625,720575940638937688,later_large_only,0.0,0.0,0
mode_without_mn9,0.00625,720575940638937688,other_active,0.0,-2.3760000000000003,1
mode_without_mn9,0.00625,720575940638937688,silent_all,0.0,0.0,0
mode_without_mn9,0.00625,720575940618398533,input,0.0,0.0,0
mode_without_mn9,0.00625,720575940618398533,early_large_only,0.0,0.0,0
mode_without_mn9,0.00625,720575940618398533,later_large_only,0.0,0.0,0
mode_without_mn9,0.00625,720575940618398533,other_active,0.0,-0.528,2
mode_without_mn9,0.00625,720575940618398533,silent_all,0.0,0.0,0
mode_without_mn9,0.00625,720575940615086698,input,0.0,0.0,0
mode_without_mn9,0.00625,720575940615086698,early_large_only,0.0,0.0,0
mode_without_mn9,0.00625,720575940615086698,later_large_only,0.0,0.0,0
mode_without_mn9,0.00625,720575940615086698,other_active,1.6500000000000001,-0.264,4
mode_without_mn9,0.00625,720575940615086698,silent_all,0.0,0.0,0
mode_without_mn9,0.00625,720575940625107352,input,0.0,0.0,0
mode_without_mn9,0.00625,720575940625107352,early_large_only,0.0,0.0,0
mode_without_mn9,0.00625,720575940625107352,later_large_only,0.0,0.0,0
mode_without_mn9,0.00625,720575940625107352,other_active,0.0,0.0,0
mode_without_mn9,0.00625,720575940625107352,silent_all,0.0,0.0,0
mode_without_mn9,0.00625,720575940623181823,input,0.0,0.0,0
mode_without_mn9,0.00625,720575940623181823,early_large_only,0.0,0.0,0
mode_without_mn9,0.00625,720575940623181823,later_large_only,0.0,0.0,0
mode_without_mn9,0.00625,720575940623181823,other_active,1.32,0.0,2
mode_without_mn9,0.00625,720575940623181823,silent_all,0.0,0.0,0
mode_without_mn9,0.00625,720575940632501404,input,0.0,0.0,0
mode_without_mn9,0.00625,720575940632501404,early_large_only,0.0,0.0,0
mode_without_mn9,0.00625,720575940632501404,later_large_only,0.0,0.0,0
mode_without_mn9,0.00625,720575940632501404,other_active,0.0,0.0,0
mode_without_mn9,0.00625,720575940632501404,silent_all,0.0,0.0,0
mode_without_mn9,0.00625,720575940623338281,input,0.0,0.0,0
mode_without_mn9,0.00625,720575940623338281,early_large_only,0.0,0.0,0
mode_without_mn9,0.00625,720575940623338281,later_large_only,0.0,0.0,0
mode_without_mn9,0.00625,720575940623338281,other_active,8.25,-1.848,13
mode_without_mn9,0.00625,720575940623338281,silent_all,0.0,0.0,0
mode_without_mn9,0.00625,720575940624971243,input,0.0,0.0,0
mode_without_mn9,0.00625,720575940624971243,early_large_only,0.0,0.0,0
mode_without_mn9,0.00625,720575940624971243,later_large_only,0.0,0.0,0
mode_without_mn9,0.00625,720575940624971243,other_active,7.26,-15.048,25
mode_without_mn9,0.00625,720575940624971243,silent_all,0.0,0.0,0
mode_without_mn9,0.00625,720575940646582836,input,0.0,0.0,0
mode_without_mn9,0.00625,720575940646582836,early_large_only,0.0,0.0,0
mode_without_mn9,0.00625,720575940646582836,later_large_only,0.0,0.0,0
mode_without_mn9,0.00625,720575940646582836,other_active,0.0,0.0,0
mode_without_mn9,0.00625,720575940646582836,silent_all,0.0,0.0,0
mode_without_mn9,0.00625,720575940631147335,input,0.0,0.0,0
mode_without_mn9,0.00625,720575940631147335,early_large_only,0.0,0.0,0
mode_without_mn9,0.00625,720575940631147335,later_large_only,0.0,0.0,0
mode_without_mn9,0.00625,720575940631147335,other_active,0.99,0.0,1
mode_without_mn9,0.00625,720575940631147335,silent_all,0.0,0.0,0
mode_without_mn9,0.00625,720575940619843311,input,0.0,0.0,0
mode_without_mn9,0.00625,720575940619843311,early_large_only,0.0,0.0,0
mode_without_mn9,0.00625,720575940619843311,later_large_only,0.0,0.0,0
mode_without_mn9,0.00625,720575940619843311,other_active,0.0,0.0,0
mode_without_mn9,0.00625,720575940619843311,silent_all,0.0,0.0,0
mode_without_mn9,0.00625,720575940619773867,input,0.0,0.0,0
mode_without_mn9,0.00625,720575940619773867,early_large_only,0.0,0.0,0
mode_without_mn9,0.00625,720575940619773867,later_large_only,0.0,0.0,0
mode_without_mn9,0.00625,720575940619773867,other_active,0.33,0.0,1
mode_without_mn9,0.00625,720575940619773867,silent_all,0.0,0.0,0
mode_without_mn9,0.00625,720575940633333916,input,0.0,0.0,0
mode_without_mn9,0.00625,720575940633333916,early_large_only,0.0,0.0,0
mode_without_mn9,0.00625,720575940633333916,later_large_only,0.0,0.0,0
mode_without_mn9,0.00625,720575940633333916,other_active,0.0,0.0,0
mode_without_mn9,0.00625,720575940633333916,silent_all,0.0,0.0,0
mode_without_mn9,0.00625,720575940615405718,input,0.0,0.0,0
mode_without_mn9,0.00625,720575940615405718,early_large_only,0.0,0.0,0
mode_without_mn9,0.00625,720575940615405718,later_large_only,0.0,0.0,0
mode_without_mn9,0.00625,720575940615405718,other_active,0.0,0.0,0
mode_without_mn9,0.00625,720575940615405718,silent_all,0.0,0.0,0
mode_without_mn9,0.00625,720575940633480860,input,0.0,0.0,0
mode_without_mn9,0.00625,720575940633480860,early_large_only,0.0,0.0,0
mode_without_mn9,0.00625,720575940633480860,later_large_only,0.0,0.0,0
mode_without_mn9,0.00625,720575940633480860,other_active,0.0,0.0,0
mode_without_mn9,0.00625,720575940633480860,silent_all,0.0,0.0,0
mode_without_mn9,0.00625,720575940623781268,input,0.0,0.0,0
mode_without_mn9,0.00625,720575940623781268,early_large_only,0.0,0.0,0
mode_without_mn9,0.00625,720575940623781268,later_large_only,0.0,0.0,0
mode_without_mn9,0.00625,720575940623781268,other_active,0.0,0.0,0
mode_without_mn9,0.00625,720575940623781268,silent_all,0.0,0.0,0
mode_without_mn9,0.00625,720575940624028396,input,0.0,0.0,0
mode_without_mn9,0.00625,720575940624028396,early_large_only,0.0,0.0,0
mode_without_mn9,0.00625,720575940624028396,later_large_only,0.0,0.0,0
mode_without_mn9,0.00625,720575940624028396,other_active,0.33,0.0,1
mode_without_mn9,0.00625,720575940624028396,silent_all,0.0,0.0,0
mode_without_mn9,0.00625,720575940628353018,input,0.0,0.0,0
mode_without_mn9,0.00625,720575940628353018,early_large_only,0.0,0.0,0
mode_without_mn9,0.00625,720575940628353018,later_large_only,0.0,0.0,0
mode_without_mn9,0.00625,720575940628353018,other_active,0.0,0.0,0
mode_without_mn9,0.00625,720575940628353018,silent_all,0.0,0.0,0
mode_without_mn9,0.00625,720575940643919908,input,0.0,0.0,0
mode_without_mn9,0.00625,720575940643919908,early_large_only,0.0,0.0,0
mode_without_mn9,0.00625,720575940643919908,later_large_only,0.0,0.0,0
mode_without_mn9,0.00625,720575940643919908,other_active,0.0,-10.032000000000002,3
mode_without_mn9,0.00625,720575940643919908,silent_all,0.0,0.0,0
mode_without_mn9,0.00625,720575940612302042,input,0.0,0.0,0
mode_without_mn9,0.00625,720575940612302042,early_large_only,0.0,0.0,0
mode_without_mn9,0.00625,720575940612302042,later_large_only,0.0,0.0,0
mode_without_mn9,0.00625,720575940612302042,other_active,1.98,0.0,1
mode_without_mn9,0.00625,720575940612302042,silent_all,0.0,0.0,0
mode_without_mn9,0.00625,720575940628356102,input,0.0,0.0,0
mode_without_mn9,0.00625,720575940628356102,early_large_only,0.0,0.0,0
mode_without_mn9,0.00625,720575940628356102,later_large_only,0.0,0.0,0
mode_without_mn9,0.00625,720575940628356102,other_active,0.99,-0.264,4
mode_without_mn9,0.00625,720575940628356102,silent_all,0.0,0.0,0
mode_without_mn9,0.00625,720575940620058537,input,0.0,0.0,0
mode_without_mn9,0.00625,720575940620058537,early_large_only,0.0,0.0,0
mode_without_mn9,0.00625,720575940620058537,later_large_only,0.0,0.0,0
mode_without_mn9,0.00625,720575940620058537,other_active,0.0,0.0,0
mode_without_mn9,0.00625,720575940620058537,silent_all,0.0,0.0,0
mode_without_mn9,0.00625,720575940615974868,input,0.0,0.0,0
mode_without_mn9,0.00625,720575940615974868,early_large_only,0.0,0.0,0
mode_without_mn9,0.00625,720575940615974868,later_large_only,0.0,0.0,0
mode_without_mn9,0.00625,720575940615974868,other_active,0.0,0.0,0
mode_without_mn9,0.00625,720575940615974868,silent_all,0.0,0.0,0
mode_without_mn9,0.00625,720575940639007395,input,0.0,0.0,0
mode_without_mn9,0.00625,720575940639007395,early_large_only,0.0,0.0,0
mode_without_mn9,0.00625,720575940639007395,later_large_only,0.0,0.0,0
mode_without_mn9,0.00625,720575940639007395,other_active,0.66,0.0,1
mode_without_mn9,0.00625,720575940639007395,silent_all,0.0,0.0,0
mode_without_mn9,0.00625,720575940620380449,input,0.0,0.0,0
mode_without_mn9,0.00625,720575940620380449,early_large_only,0.0,0.0,0
mode_without_mn9,0.00625,720575940620380449,later_large_only,0.0,0.0,0
mode_without_mn9,0.00625,720575940620380449,other_active,0.0,-9.504,2
mode_without_mn9,0.00625,720575940620380449,silent_all,0.0,0.0,0
mode_without_mn9,0.00625,720575940659709569,input,0.0,0.0,0
mode_without_mn9,0.00625,720575940659709569,early_large_only,0.0,0.0,0
mode_without_mn9,0.00625,720575940659709569,later_large_only,0.0,0.0,0
mode_without_mn9,0.00625,720575940659709569,other_active,7.590000000000001,0.0,3
mode_without_mn9,0.00625,720575940659709569,silent_all,0.0,0.0,0
mode_without_mn9,0.00625,720575940627422982,input,0.0,0.0,0
mode_without_mn9,0.00625,720575940627422982,early_large_only,0.0,0.0,0
mode_without_mn9,0.00625,720575940627422982,later_large_only,0.0,0.0,0
mode_without_mn9,0.00625,720575940627422982,other_active,0.0,0.0,0
mode_without_mn9,0.00625,720575940627422982,silent_all,0.0,0.0,0
mode_without_mn9,0.00625,720575940630190295,input,0.0,0.0,0
mode_without_mn9,0.00625,720575940630190295,early_large_only,0.0,0.0,0
mode_without_mn9,0.00625,720575940630190295,later_large_only,0.0,0.0,0
mode_without_mn9,0.00625,720575940630190295,other_active,14.85,-29.832,21
mode_without_mn9,0.00625,720575940630190295,silent_all,0.0,0.0,0
mode_without_mn9,0.00625,720575940642617544,input,0.0,0.0,0
mode_without_mn9,0.00625,720575940642617544,early_large_only,0.0,0.0,0
mode_without_mn9,0.00625,720575940642617544,later_large_only,0.0,0.0,0
mode_without_mn9,0.00625,720575940642617544,other_active,0.99,0.0,1
mode_without_mn9,0.00625,720575940642617544,silent_all,0.0,0.0,0
mode_without_mn9,0.00625,720575940612033253,input,0.0,0.0,0
mode_without_mn9,0.00625,720575940612033253,early_large_only,0.0,0.0,0
mode_without_mn9,0.00625,720575940612033253,later_large_only,0.0,0.0,0
mode_without_mn9,0.00625,720575940612033253,other_active,33.99,-2.6400000000000006,14
mode_without_mn9,0.00625,720575940612033253,silent_all,0.0,0.0,0
mode_without_mn9,0.00625,720575940638460998,input,0.0,0.0,0
mode_without_mn9,0.00625,720575940638460998,early_large_only,0.0,0.0,0
mode_without_mn9,0.00625,720575940638460998,later_large_only,0.0,0.0,0
mode_without_mn9,0.00625,720575940638460998,other_active,0.99,-14.256000000000002,12
mode_without_mn9,0.00625,720575940638460998,silent_all,0.0,0.0,0
mode_without_mn9,0.00625,720575940619797488,input,0.0,0.0,0
mode_without_mn9,0.00625,720575940619797488,early_large_only,0.0,0.0,0
mode_without_mn9,0.00625,720575940619797488,later_large_only,0.0,0.0,0
mode_without_mn9,0.00625,720575940619797488,other_active,0.0,0.0,0
mode_without_mn9,0.00625,720575940619797488,silent_all,0.0,0.0,0
mode_without_mn9,0.00625,720575940639410291,input,0.0,0.0,0
mode_without_mn9,0.00625,720575940639410291,early_large_only,0.0,0.0,0
mode_without_mn9,0.00625,720575940639410291,later_large_only,0.0,0.0,0
mode_without_mn9,0.00625,720575940639410291,other_active,0.0,0.0,0
mode_without_mn9,0.00625,720575940639410291,silent_all,0.0,0.0,0
mode_without_mn9,0.00625,720575940615438495,input,0.0,0.0,0
mode_without_mn9,0.00625,720575940615438495,early_large_only,0.0,0.0,0
mode_without_mn9,0.00625,720575940615438495,later_large_only,0.0,0.0,0
mode_without_mn9,0.00625,720575940615438495,other_active,0.0,0.0,0
mode_without_mn9,0.00625,720575940615438495,silent_all,0.0,0.0,0
mode_without_mn9,0.00625,720575940627096957,input,0.0,0.0,0
mode_without_mn9,0.00625,720575940627096957,early_large_only,0.0,0.0,0
mode_without_mn9,0.00625,720575940627096957,later_large_only,0.0,0.0,0
mode_without_mn9,0.00625,720575940627096957,other_active,0.33,-8.712,8
mode_without_mn9,0.00625,720575940627096957,silent_all,0.0,0.0,0
mode_without_mn9,0.00625,720575940623860202,input,0.0,0.0,0
mode_without_mn9,0.00625,720575940623860202,early_large_only,0.0,0.0,0
mode_without_mn9,0.00625,720575940623860202,later_large_only,0.0,0.0,0
mode_without_mn9,0.00625,720575940623860202,other_active,38.93999999999999,-27.984000000000005,33
mode_without_mn9,0.00625,720575940623860202,silent_all,0.0,0.0,0
mode_without_mn9,0.00625,720575940621215169,input,0.0,0.0,0
mode_without_mn9,0.00625,720575940621215169,early_large_only,0.0,0.0,0
mode_without_mn9,0.00625,720575940621215169,later_large_only,0.0,0.0,0
mode_without_mn9,0.00625,720575940621215169,other_active,0.0,0.0,0
mode_without_mn9,0.00625,720575940621215169,silent_all,0.0,0.0,0
mode_without_mn9,0.00625,720575940608429835,input,0.0,0.0,0
mode_without_mn9,0.00625,720575940608429835,early_large_only,0.0,0.0,0
mode_without_mn9,0.00625,720575940608429835,later_large_only,0.0,0.0,0
mode_without_mn9,0.00625,720575940608429835,other_active,0.0,0.0,0
mode_without_mn9,0.00625,720575940608429835,silent_all,0.0,0.0,0
mode_without_mn9,0.00625,720575940629171447,input,0.0,0.0,0
mode_without_mn9,0.00625,720575940629171447,early_large_only,0.0,0.0,0
mode_without_mn9,0.00625,720575940629171447,later_large_only,0.0,0.0,0
mode_without_mn9,0.00625,720575940629171447,other_active,0.0,0.0,0
mode_without_mn9,0.00625,720575940629171447,silent_all,0.0,0.0,0
mode_without_mn9,0.00625,720575940636477285,input,0.0,0.0,0
mode_without_mn9,0.00625,720575940636477285,early_large_only,0.0,0.0,0
mode_without_mn9,0.00625,720575940636477285,later_large_only,0.0,0.0,0
mode_without_mn9,0.00625,720575940636477285,other_active,0.0,0.0,0
mode_without_mn9,0.00625,720575940636477285,silent_all,0.0,0.0,0
mode_without_mn9,0.00625,720575940627605779,input,0.0,0.0,0
mode_without_mn9,0.00625,720575940627605779,early_large_only,0.0,0.0,0
mode_without_mn9,0.00625,720575940627605779,later_large_only,0.0,0.0,0
mode_without_mn9,0.00625,720575940627605779,other_active,0.0,0.0,0
mode_without_mn9,0.00625,720575940627605779,silent_all,0.0,0.0,0
mode_without_mn9,0.00625,720575940620300308,input,0.0,0.0,0
mode_without_mn9,0.00625,720575940620300308,early_large_only,0.0,0.0,0
mode_without_mn9,0.00625,720575940620300308,later_large_only,0.0,0.0,0
mode_without_mn9,0.00625,720575940620300308,other_active,4.29,-105.864,39
mode_without_mn9,0.00625,720575940620300308,silent_all,0.0,0.0,0
mode_without_mn9,0.00625,720575940605651633,input,0.0,0.0,0
mode_without_mn9,0.00625,720575940605651633,early_large_only,0.0,0.0,0
mode_without_mn9,0.00625,720575940605651633,later_large_only,0.0,0.0,0
mode_without_mn9,0.00625,720575940605651633,other_active,0.0,-0.528,2
mode_without_mn9,0.00625,720575940605651633,silent_all,0.0,0.0,0
mode_without_mn9,0.00625,720575940613860147,input,0.0,0.0,0
mode_without_mn9,0.00625,720575940613860147,early_large_only,0.0,0.0,0
mode_without_mn9,0.00625,720575940613860147,later_large_only,0.0,0.0,0
mode_without_mn9,0.00625,720575940613860147,other_active,0.0,0.0,0
mode_without_mn9,0.00625,720575940613860147,silent_all,0.0,0.0,0
mode_without_mn9,0.00625,720575940622400648,input,0.0,0.0,0
mode_without_mn9,0.00625,720575940622400648,early_large_only,0.0,0.0,0
mode_without_mn9,0.00625,720575940622400648,later_large_only,0.0,0.0,0
mode_without_mn9,0.00625,720575940622400648,other_active,0.99,0.0,3
mode_without_mn9,0.00625,720575940622400648,silent_all,0.0,0.0,0
mode_without_mn9,0.00625,720575940623780583,input,0.0,0.0,0
mode_without_mn9,0.00625,720575940623780583,early_large_only,0.0,0.0,0
mode_without_mn9,0.00625,720575940623780583,later_large_only,0.0,0.0,0
mode_without_mn9,0.00625,720575940623780583,other_active,0.0,0.0,0
mode_without_mn9,0.00625,720575940623780583,silent_all,0.0,0.0,0
mode_without_mn9,0.00625,720575940610711250,input,0.0,0.0,0
mode_without_mn9,0.00625,720575940610711250,early_large_only,0.0,0.0,0
mode_without_mn9,0.00625,720575940610711250,later_large_only,0.0,0.0,0
mode_without_mn9,0.00625,720575940610711250,other_active,0.0,0.0,0
mode_without_mn9,0.00625,720575940610711250,silent_all,0.0,0.0,0
mode_without_mn9,0.00625,720575940626620568,input,0.0,0.0,0
mode_without_mn9,0.00625,720575940626620568,early_large_only,0.0,0.0,0
mode_without_mn9,0.00625,720575940626620568,later_large_only,0.0,0.0,0
mode_without_mn9,0.00625,720575940626620568,other_active,5.94,0.0,1
mode_without_mn9,0.00625,720575940626620568,silent_all,0.0,0.0,0
mode_without_mn9,0.00625,720575940611738035,input,0.0,0.0,0
mode_without_mn9,0.00625,720575940611738035,early_large_only,0.0,0.0,0
mode_without_mn9,0.00625,720575940611738035,later_large_only,0.0,0.0,0
mode_without_mn9,0.00625,720575940611738035,other_active,1.65,0.0,1
mode_without_mn9,0.00625,720575940611738035,silent_all,0.0,0.0,0
mode_without_mn9,0.00625,720575940618853968,input,0.0,0.0,0
mode_without_mn9,0.00625,720575940618853968,early_large_only,0.0,0.0,0
mode_without_mn9,0.00625,720575940618853968,later_large_only,0.0,0.0,0
mode_without_mn9,0.00625,720575940618853968,other_active,0.0,-0.528,1
mode_without_mn9,0.00625,720575940618853968,silent_all,0.0,0.0,0
mode_without_mn9,0.00625,720575940629592143,input,0.0,0.0,0
mode_without_mn9,0.00625,720575940629592143,early_large_only,0.0,0.0,0
mode_without_mn9,0.00625,720575940629592143,later_large_only,0.0,0.0,0
mode_without_mn9,0.00625,720575940629592143,other_active,0.0,-2.6400000000000006,4
mode_without_mn9,0.00625,720575940629592143,silent_all,0.0,0.0,0
mode_without_mn9,0.00625,720575940647589172,input,0.0,0.0,0
mode_without_mn9,0.00625,720575940647589172,early_large_only,0.0,0.0,0
mode_without_mn9,0.00625,720575940647589172,later_large_only,0.0,0.0,0
mode_without_mn9,0.00625,720575940647589172,other_active,0.0,-2.3760000000000003,3
mode_without_mn9,0.00625,720575940647589172,silent_all,0.0,0.0,0
mode_without_mn9,0.00625,720575940624055614,input,0.0,0.0,0
mode_without_mn9,0.00625,720575940624055614,early_large_only,0.0,0.0,0
mode_without_mn9,0.00625,720575940624055614,later_large_only,0.0,0.0,0
mode_without_mn9,0.00625,720575940624055614,other_active,0.0,0.0,0
mode_without_mn9,0.00625,720575940624055614,silent_all,0.0,0.0,0
mode_without_mn9,0.00625,720575940623649097,input,0.0,0.0,0
mode_without_mn9,0.00625,720575940623649097,early_large_only,0.0,0.0,0
mode_without_mn9,0.00625,720575940623649097,later_large_only,0.0,0.0,0
mode_without_mn9,0.00625,720575940623649097,other_active,0.0,0.0,0
mode_without_mn9,0.00625,720575940623649097,silent_all,0.0,0.0,0
mode_without_mn9,0.00625,720575940621426300,input,0.0,0.0,0
mode_without_mn9,0.00625,720575940621426300,early_large_only,0.0,0.0,0
mode_without_mn9,0.00625,720575940621426300,later_large_only,0.0,0.0,0
mode_without_mn9,0.00625,720575940621426300,other_active,0.0,0.0,0
mode_without_mn9,0.00625,720575940621426300,silent_all,0.0,0.0,0
mode_without_mn9,0.00625,720575940639542691,input,0.0,0.0,0
mode_without_mn9,0.00625,720575940639542691,early_large_only,0.0,0.0,0
mode_without_mn9,0.00625,720575940639542691,later_large_only,0.0,0.0,0
mode_without_mn9,0.00625,720575940639542691,other_active,22.77,-1.8480000000000003,4
mode_without_mn9,0.00625,720575940639542691,silent_all,0.0,0.0,0
mode_without_mn9,0.00625,720575940630913221,input,0.0,0.0,0
mode_without_mn9,0.00625,720575940630913221,early_large_only,0.0,0.0,0
mode_without_mn9,0.00625,720575940630913221,later_large_only,0.0,0.0,0
mode_without_mn9,0.00625,720575940630913221,other_active,0.0,0.0,0
mode_without_mn9,0.00625,720575940630913221,silent_all,0.0,0.0,0
mode_without_mn9,0.00625,720575940620301677,input,0.0,0.0,0
mode_without_mn9,0.00625,720575940620301677,early_large_only,0.0,0.0,0
mode_without_mn9,0.00625,720575940620301677,later_large_only,0.0,0.0,0
mode_without_mn9,0.00625,720575940620301677,other_active,0.0,0.0,0
mode_without_mn9,0.00625,720575940620301677,silent_all,0.0,0.0,0
mode_without_mn9,0.00625,720575940610649208,input,0.0,0.0,0
mode_without_mn9,0.00625,720575940610649208,early_large_only,0.0,0.0,0
mode_without_mn9,0.00625,720575940610649208,later_large_only,0.0,0.0,0
mode_without_mn9,0.00625,720575940610649208,other_active,0.66,0.0,1
mode_without_mn9,0.00625,720575940610649208,silent_all,0.0,0.0,0
mode_without_mn9,0.00625,720575940625993817,input,0.0,0.0,0
mode_without_mn9,0.00625,720575940625993817,early_large_only,0.0,0.0,0
mode_without_mn9,0.00625,720575940625993817,later_large_only,0.0,0.0,0
mode_without_mn9,0.00625,720575940625993817,other_active,0.0,0.0,0
mode_without_mn9,0.00625,720575940625993817,silent_all,0.0,0.0,0
mode_without_mn9,0.00625,720575940634874266,input,0.0,0.0,0
mode_without_mn9,0.00625,720575940634874266,early_large_only,0.0,0.0,0
mode_without_mn9,0.00625,720575940634874266,later_large_only,0.0,0.0,0
mode_without_mn9,0.00625,720575940634874266,other_active,0.66,-0.528,4
mode_without_mn9,0.00625,720575940634874266,silent_all,0.0,0.0,0
mode_without_mn9,0.00625,720575940604690278,input,0.0,0.0,0
mode_without_mn9,0.00625,720575940604690278,early_large_only,0.0,0.0,0
mode_without_mn9,0.00625,720575940604690278,later_large_only,0.0,0.0,0
mode_without_mn9,0.00625,720575940604690278,other_active,0.99,-27.984,6
mode_without_mn9,0.00625,720575940604690278,silent_all,0.0,0.0,0
mode_without_mn9,0.00625,720575940624574356,input,0.0,0.0,0
mode_without_mn9,0.00625,720575940624574356,early_large_only,0.0,0.0,0
mode_without_mn9,0.00625,720575940624574356,later_large_only,0.0,0.0,0
mode_without_mn9,0.00625,720575940624574356,other_active,0.33,-1.056,3
mode_without_mn9,0.00625,720575940624574356,silent_all,0.0,0.0,0
mode_without_mn9,0.00625,720575940627204362,input,0.0,0.0,0
mode_without_mn9,0.00625,720575940627204362,early_large_only,0.0,0.0,0
mode_without_mn9,0.00625,720575940627204362,later_large_only,0.0,0.0,0
mode_without_mn9,0.00625,720575940627204362,other_active,1.6500000000000001,-29.04,9
mode_without_mn9,0.00625,720575940627204362,silent_all,0.0,0.0,0
mode_without_mn9,0.00625,720575940626813010,input,0.0,0.0,0
mode_without_mn9,0.00625,720575940626813010,early_large_only,0.0,0.0,0
mode_without_mn9,0.00625,720575940626813010,later_large_only,0.0,0.0,0
mode_without_mn9,0.00625,720575940626813010,other_active,0.0,0.0,0
mode_without_mn9,0.00625,720575940626813010,silent_all,0.0,0.0,0
mode_without_mn9,0.00625,720575940623260201,input,0.0,0.0,0
mode_without_mn9,0.00625,720575940623260201,early_large_only,0.0,0.0,0
mode_without_mn9,0.00625,720575940623260201,later_large_only,0.0,0.0,0
mode_without_mn9,0.00625,720575940623260201,other_active,0.0,-0.528,2
mode_without_mn9,0.00625,720575940623260201,silent_all,0.0,0.0,0
mode_without_mn9,0.00625,720575940605480806,input,0.0,0.0,0
mode_without_mn9,0.00625,720575940605480806,early_large_only,0.0,0.0,0
mode_without_mn9,0.00625,720575940605480806,later_large_only,0.0,0.0,0
mode_without_mn9,0.00625,720575940605480806,other_active,0.0,0.0,0
mode_without_mn9,0.00625,720575940605480806,silent_all,0.0,0.0,0
mode_without_mn9,0.00625,720575940645610787,input,0.0,0.0,0
mode_without_mn9,0.00625,720575940645610787,early_large_only,0.0,0.0,0
mode_without_mn9,0.00625,720575940645610787,later_large_only,0.0,0.0,0
mode_without_mn9,0.00625,720575940645610787,other_active,3.9600000000000004,0.0,2
mode_without_mn9,0.00625,720575940645610787,silent_all,0.0,0.0,0
mode_without_mn9,0.00625,720575940629095323,input,0.0,0.0,0
mode_without_mn9,0.00625,720575940629095323,early_large_only,0.0,0.0,0
mode_without_mn9,0.00625,720575940629095323,later_large_only,0.0,0.0,0
mode_without_mn9,0.00625,720575940629095323,other_active,0.0,0.0,0
mode_without_mn9,0.00625,720575940629095323,silent_all,0.0,0.0,0
mode_without_mn9,0.00625,720575940638225597,input,0.0,0.0,0
mode_without_mn9,0.00625,720575940638225597,early_large_only,0.0,0.0,0
mode_without_mn9,0.00625,720575940638225597,later_large_only,0.0,0.0,0
mode_without_mn9,0.00625,720575940638225597,other_active,0.0,-0.264,1
mode_without_mn9,0.00625,720575940638225597,silent_all,0.0,0.0,0
mode_without_mn9,0.00625,720575940624073452,input,0.0,0.0,0
mode_without_mn9,0.00625,720575940624073452,early_large_only,0.0,0.0,0
mode_without_mn9,0.00625,720575940624073452,later_large_only,0.0,0.0,0
mode_without_mn9,0.00625,720575940624073452,other_active,0.0,0.0,0
mode_without_mn9,0.00625,720575940624073452,silent_all,0.0,0.0,0
mode_without_mn9,0.00625,720575940626867530,input,0.0,0.0,0
mode_without_mn9,0.00625,720575940626867530,early_large_only,0.0,0.0,0
mode_without_mn9,0.00625,720575940626867530,later_large_only,0.0,0.0,0
mode_without_mn9,0.00625,720575940626867530,other_active,0.33,0.0,1
mode_without_mn9,0.00625,720575940626867530,silent_all,0.0,0.0,0
mode_without_mn9,0.00625,720575940633771033,input,0.0,0.0,0
mode_without_mn9,0.00625,720575940633771033,early_large_only,0.0,0.0,0
mode_without_mn9,0.00625,720575940633771033,later_large_only,0.0,0.0,0
mode_without_mn9,0.00625,720575940633771033,other_active,0.0,0.0,0
mode_without_mn9,0.00625,720575940633771033,silent_all,0.0,0.0,0
mode_without_mn9,0.00625,720575940637982552,input,0.0,0.0,0
mode_without_mn9,0.00625,720575940637982552,early_large_only,0.0,0.0,0
mode_without_mn9,0.00625,720575940637982552,later_large_only,0.0,0.0,0
mode_without_mn9,0.00625,720575940637982552,other_active,0.0,0.0,0
mode_without_mn9,0.00625,720575940637982552,silent_all,0.0,0.0,0
mode_without_mn9,0.00625,720575940631457347,input,0.0,0.0,0
mode_without_mn9,0.00625,720575940631457347,early_large_only,0.0,0.0,0
mode_without_mn9,0.00625,720575940631457347,later_large_only,0.0,0.0,0
mode_without_mn9,0.00625,720575940631457347,other_active,0.33,0.0,1
mode_without_mn9,0.00625,720575940631457347,silent_all,0.0,0.0,0
mode_without_mn9,0.00625,720575940622201046,input,0.0,0.0,0
mode_without_mn9,0.00625,720575940622201046,early_large_only,0.0,0.0,0
mode_without_mn9,0.00625,720575940622201046,later_large_only,0.0,0.0,0
mode_without_mn9,0.00625,720575940622201046,other_active,0.0,0.0,0
mode_without_mn9,0.00625,720575940622201046,silent_all,0.0,0.0,0
mode_without_mn9,0.00625,720575940622518197,input,0.0,0.0,0
mode_without_mn9,0.00625,720575940622518197,early_large_only,0.0,0.0,0
mode_without_mn9,0.00625,720575940622518197,later_large_only,0.0,0.0,0
mode_without_mn9,0.00625,720575940622518197,other_active,0.0,-0.528,2
mode_without_mn9,0.00625,720575940622518197,silent_all,0.0,0.0,0
mode_without_mn9,0.00625,720575940635120491,input,0.0,0.0,0
mode_without_mn9,0.00625,720575940635120491,early_large_only,0.0,0.0,0
mode_without_mn9,0.00625,720575940635120491,later_large_only,0.0,0.0,0
mode_without_mn9,0.00625,720575940635120491,other_active,1.32,0.0,2
mode_without_mn9,0.00625,720575940635120491,silent_all,0.0,0.0,0
mode_without_mn9,0.00625,720575940630294138,input,0.0,0.0,0
mode_without_mn9,0.00625,720575940630294138,early_large_only,0.0,0.0,0
mode_without_mn9,0.00625,720575940630294138,later_large_only,0.0,0.0,0
mode_without_mn9,0.00625,720575940630294138,other_active,5.28,-27.456000000000003,13
mode_without_mn9,0.00625,720575940630294138,silent_all,0.0,0.0,0
mode_without_mn9,0.00625,720575940636970096,input,0.0,0.0,0
mode_without_mn9,0.00625,720575940636970096,early_large_only,0.0,0.0,0
mode_without_mn9,0.00625,720575940636970096,later_large_only,0.0,0.0,0
mode_without_mn9,0.00625,720575940636970096,other_active,0.33,-0.264,2
mode_without_mn9,0.00625,720575940636970096,silent_all,0.0,0.0,0
mode_without_mn9,0.00625,720575940622957064,input,0.0,0.0,0
mode_without_mn9,0.00625,720575940622957064,early_large_only,0.0,0.0,0
mode_without_mn9,0.00625,720575940622957064,later_large_only,0.0,0.0,0
mode_without_mn9,0.00625,720575940622957064,other_active,0.0,-1.848,4
mode_without_mn9,0.00625,720575940622957064,silent_all,0.0,0.0,0
mode_without_mn9,0.00625,720575940621363421,input,0.0,0.0,0
mode_without_mn9,0.00625,720575940621363421,early_large_only,0.0,0.0,0
mode_without_mn9,0.00625,720575940621363421,later_large_only,0.0,0.0,0
mode_without_mn9,0.00625,720575940621363421,other_active,4.95,0.0,1
mode_without_mn9,0.00625,720575940621363421,silent_all,0.0,0.0,0
mode_without_mn9,0.00625,720575940625786493,input,0.0,0.0,0
mode_without_mn9,0.00625,720575940625786493,early_large_only,0.0,0.0,0
mode_without_mn9,0.00625,720575940625786493,later_large_only,0.0,0.0,0
mode_without_mn9,0.00625,720575940625786493,other_active,0.66,0.0,2
mode_without_mn9,0.00625,720575940625786493,silent_all,0.0,0.0,0
mode_without_mn9,0.00625,720575940630738263,input,0.0,0.0,0
mode_without_mn9,0.00625,720575940630738263,early_large_only,0.0,0.0,0
mode_without_mn9,0.00625,720575940630738263,later_large_only,0.0,0.0,0
mode_without_mn9,0.00625,720575940630738263,other_active,0.33,0.0,1
mode_without_mn9,0.00625,720575940630738263,silent_all,0.0,0.0,0
mode_without_mn9,0.00625,720575940612542742,input,0.0,0.0,0
mode_without_mn9,0.00625,720575940612542742,early_large_only,0.0,0.0,0
mode_without_mn9,0.00625,720575940612542742,later_large_only,0.0,0.0,0
mode_without_mn9,0.00625,720575940612542742,other_active,0.99,0.0,2
mode_without_mn9,0.00625,720575940612542742,silent_all,0.0,0.0,0
mode_without_mn9,0.00625,720575940617296029,input,0.0,0.0,0
mode_without_mn9,0.00625,720575940617296029,early_large_only,0.0,0.0,0
mode_without_mn9,0.00625,720575940617296029,later_large_only,0.0,0.0,0
mode_without_mn9,0.00625,720575940617296029,other_active,25.739999999999995,-3.1680000000000006,14
mode_without_mn9,0.00625,720575940617296029,silent_all,0.0,0.0,0
mode_without_mn9,0.00625,720575940627312104,input,0.0,0.0,0
mode_without_mn9,0.00625,720575940627312104,early_large_only,0.0,0.0,0
mode_without_mn9,0.00625,720575940627312104,later_large_only,0.0,0.0,0
mode_without_mn9,0.00625,720575940627312104,other_active,1.98,0.0,3
mode_without_mn9,0.00625,720575940627312104,silent_all,0.0,0.0,0
mode_without_mn9,0.00625,720575940627673585,input,0.0,0.0,0
mode_without_mn9,0.00625,720575940627673585,early_large_only,0.0,0.0,0
mode_without_mn9,0.00625,720575940627673585,later_large_only,0.0,0.0,0
mode_without_mn9,0.00625,720575940627673585,other_active,0.33,0.0,1
mode_without_mn9,0.00625,720575940627673585,silent_all,0.0,0.0,0
mode_without_mn9,0.00625,720575940630480581,input,0.0,0.0,0
mode_without_mn9,0.00625,720575940630480581,early_large_only,0.0,0.0,0
mode_without_mn9,0.00625,720575940630480581,later_large_only,0.0,0.0,0
mode_without_mn9,0.00625,720575940630480581,other_active,2.97,0.0,4
mode_without_mn9,0.00625,720575940630480581,silent_all,0.0,0.0,0
mode_without_mn9,0.00625,720575940621159094,input,0.0,0.0,0
mode_without_mn9,0.00625,720575940621159094,early_large_only,0.0,0.0,0
mode_without_mn9,0.00625,720575940621159094,later_large_only,0.0,0.0,0
mode_without_mn9,0.00625,720575940621159094,other_active,0.33,0.0,1
mode_without_mn9,0.00625,720575940621159094,silent_all,0.0,0.0,0
mode_without_mn9,0.00625,720575940626135122,input,0.0,0.0,0
mode_without_mn9,0.00625,720575940626135122,early_large_only,0.0,0.0,0
mode_without_mn9,0.00625,720575940626135122,later_large_only,0.0,0.0,0
mode_without_mn9,0.00625,720575940626135122,other_active,0.0,0.0,0
mode_without_mn9,0.00625,720575940626135122,silent_all,0.0,0.0,0
mode_without_mn9,0.00625,720575940616792577,input,0.0,0.0,0
mode_without_mn9,0.00625,720575940616792577,early_large_only,0.0,0.0,0
mode_without_mn9,0.00625,720575940616792577,later_large_only,0.0,0.0,0
mode_without_mn9,0.00625,720575940616792577,other_active,0.0,0.0,0
mode_without_mn9,0.00625,720575940616792577,silent_all,0.0,0.0,0
mode_without_mn9,0.00625,720575940605419622,input,0.0,0.0,0
mode_without_mn9,0.00625,720575940605419622,early_large_only,0.0,0.0,0
mode_without_mn9,0.00625,720575940605419622,later_large_only,0.0,0.0,0
mode_without_mn9,0.00625,720575940605419622,other_active,0.99,0.0,3
mode_without_mn9,0.00625,720575940605419622,silent_all,0.0,0.0,0
mode_without_mn9,0.00625,720575940637106032,input,0.0,0.0,0
mode_without_mn9,0.00625,720575940637106032,early_large_only,0.0,0.0,0
mode_without_mn9,0.00625,720575940637106032,later_large_only,0.0,0.0,0
mode_without_mn9,0.00625,720575940637106032,other_active,0.0,-3.9600000000000004,2
mode_without_mn9,0.00625,720575940637106032,silent_all,0.0,0.0,0
mode_without_mn9,0.00625,720575940632876223,input,0.0,0.0,0
mode_without_mn9,0.00625,720575940632876223,early_large_only,0.0,0.0,0
mode_without_mn9,0.00625,720575940632876223,later_large_only,0.0,0.0,0
mode_without_mn9,0.00625,720575940632876223,other_active,0.0,0.0,0
mode_without_mn9,0.00625,720575940632876223,silent_all,0.0,0.0,0
mode_without_mn9,0.00625,720575940634274458,input,0.0,0.0,0
mode_without_mn9,0.00625,720575940634274458,early_large_only,0.0,0.0,0
mode_without_mn9,0.00625,720575940634274458,later_large_only,0.0,0.0,0
mode_without_mn9,0.00625,720575940634274458,other_active,0.0,0.0,0
mode_without_mn9,0.00625,720575940634274458,silent_all,0.0,0.0,0
mode_without_mn9,0.00625,720575940632542253,input,0.0,0.0,0
mode_without_mn9,0.00625,720575940632542253,early_large_only,0.0,0.0,0
mode_without_mn9,0.00625,720575940632542253,later_large_only,0.0,0.0,0
mode_without_mn9,0.00625,720575940632542253,other_active,0.0,0.0,0
mode_without_mn9,0.00625,720575940632542253,silent_all,0.0,0.0,0
mode_without_mn9,0.00625,720575940629731579,input,0.0,0.0,0
mode_without_mn9,0.00625,720575940629731579,early_large_only,0.0,0.0,0
mode_without_mn9,0.00625,720575940629731579,later_large_only,0.0,0.0,0
mode_without_mn9,0.00625,720575940629731579,other_active,0.0,0.0,0
mode_without_mn9,0.00625,720575940629731579,silent_all,0.0,0.0,0
mode_without_mn9,0.00625,720575940645264750,input,0.0,0.0,0
mode_without_mn9,0.00625,720575940645264750,early_large_only,0.0,0.0,0
mode_without_mn9,0.00625,720575940645264750,later_large_only,0.0,0.0,0
mode_without_mn9,0.00625,720575940645264750,other_active,0.33,-0.264,2
mode_without_mn9,0.00625,720575940645264750,silent_all,0.0,0.0,0
mode_without_mn9,0.00625,720575940622025548,input,0.0,0.0,0
mode_without_mn9,0.00625,720575940622025548,early_large_only,0.0,0.0,0
mode_without_mn9,0.00625,720575940622025548,later_large_only,0.0,0.0,0
mode_without_mn9,0.00625,720575940622025548,other_active,0.0,0.0,0
mode_without_mn9,0.00625,720575940622025548,silent_all,0.0,0.0,0
mode_without_mn9,0.00625,720575940632305951,input,0.0,0.0,0
mode_without_mn9,0.00625,720575940632305951,early_large_only,0.0,0.0,0
mode_without_mn9,0.00625,720575940632305951,later_large_only,0.0,0.0,0
mode_without_mn9,0.00625,720575940632305951,other_active,0.0,0.0,0
mode_without_mn9,0.00625,720575940632305951,silent_all,0.0,0.0,0
mode_without_mn9,0.00625,720575940614412906,input,0.0,0.0,0
mode_without_mn9,0.00625,720575940614412906,early_large_only,0.0,0.0,0
mode_without_mn9,0.00625,720575940614412906,later_large_only,0.0,0.0,0
mode_without_mn9,0.00625,720575940614412906,other_active,22.11,-25.872,10
mode_without_mn9,0.00625,720575940614412906,silent_all,0.0,0.0,0
mode_without_mn9,0.00625,720575940630169660,input,0.0,0.0,0
mode_without_mn9,0.00625,720575940630169660,early_large_only,0.0,0.0,0
mode_without_mn9,0.00625,720575940630169660,later_large_only,0.0,0.0,0
mode_without_mn9,0.00625,720575940630169660,other_active,3.96,0.0,1
mode_without_mn9,0.00625,720575940630169660,silent_all,0.0,0.0,0
mode_without_mn9,0.00625,720575940636479863,input,0.0,0.0,0
mode_without_mn9,0.00625,720575940636479863,early_large_only,0.0,0.0,0
mode_without_mn9,0.00625,720575940636479863,later_large_only,0.0,0.0,0
mode_without_mn9,0.00625,720575940636479863,other_active,5.28,-0.264,4
mode_without_mn9,0.00625,720575940636479863,silent_all,0.0,0.0,0
mode_without_mn9,0.00625,720575940619409542,input,0.0,0.0,0
mode_without_mn9,0.00625,720575940619409542,early_large_only,0.0,0.0,0
mode_without_mn9,0.00625,720575940619409542,later_large_only,0.0,0.0,0
mode_without_mn9,0.00625,720575940619409542,other_active,0.0,0.0,0
mode_without_mn9,0.00625,720575940619409542,silent_all,0.0,0.0,0
mode_without_mn9,0.00625,720575940611502309,input,0.0,0.0,0
mode_without_mn9,0.00625,720575940611502309,early_large_only,0.0,0.0,0
mode_without_mn9,0.00625,720575940611502309,later_large_only,0.0,0.0,0
mode_without_mn9,0.00625,720575940611502309,other_active,0.0,0.0,0
mode_without_mn9,0.00625,720575940611502309,silent_all,0.0,0.0,0
mode_without_mn9,0.00625,720575940606865330,input,0.0,0.0,0
mode_without_mn9,0.00625,720575940606865330,early_large_only,0.0,0.0,0
mode_without_mn9,0.00625,720575940606865330,later_large_only,0.0,0.0,0
mode_without_mn9,0.00625,720575940606865330,other_active,4.95,-4.488,6
mode_without_mn9,0.00625,720575940606865330,silent_all,0.0,0.0,0
mode_without_mn9,0.00625,720575940621866108,input,0.0,0.0,0
mode_without_mn9,0.00625,720575940621866108,early_large_only,0.0,0.0,0
mode_without_mn9,0.00625,720575940621866108,later_large_only,0.0,0.0,0
mode_without_mn9,0.00625,720575940621866108,other_active,0.0,0.0,0
mode_without_mn9,0.00625,720575940621866108,silent_all,0.0,0.0,0
mode_without_mn9,0.00625,720575940612213741,input,0.0,0.0,0
mode_without_mn9,0.00625,720575940612213741,early_large_only,0.0,0.0,0
mode_without_mn9,0.00625,720575940612213741,later_large_only,0.0,0.0,0
mode_without_mn9,0.00625,720575940612213741,other_active,14.85,-8.448,9
mode_without_mn9,0.00625,720575940612213741,silent_all,0.0,0.0,0
mode_without_mn9,0.00625,720575940629836343,input,0.0,0.0,0
mode_without_mn9,0.00625,720575940629836343,early_large_only,0.0,0.0,0
mode_without_mn9,0.00625,720575940629836343,later_large_only,0.0,0.0,0
mode_without_mn9,0.00625,720575940629836343,other_active,0.0,-0.264,1
mode_without_mn9,0.00625,720575940629836343,silent_all,0.0,0.0,0
mode_without_mn9,0.00625,720575940621961242,input,0.0,0.0,0
mode_without_mn9,0.00625,720575940621961242,early_large_only,0.0,0.0,0
mode_without_mn9,0.00625,720575940621961242,later_large_only,0.0,0.0,0
mode_without_mn9,0.00625,720575940621961242,other_active,0.33,0.0,1
mode_without_mn9,0.00625,720575940621961242,silent_all,0.0,0.0,0
mode_without_mn9,0.00625,720575940603587500,input,0.0,0.0,0
mode_without_mn9,0.00625,720575940603587500,early_large_only,0.0,0.0,0
mode_without_mn9,0.00625,720575940603587500,later_large_only,0.0,0.0,0
mode_without_mn9,0.00625,720575940603587500,other_active,0.0,0.0,0
mode_without_mn9,0.00625,720575940603587500,silent_all,0.0,0.0,0
mode_without_mn9,0.00625,720575940618522673,input,0.0,0.0,0
mode_without_mn9,0.00625,720575940618522673,early_large_only,0.0,0.0,0
mode_without_mn9,0.00625,720575940618522673,later_large_only,0.0,0.0,0
mode_without_mn9,0.00625,720575940618522673,other_active,0.66,-1.056,3
mode_without_mn9,0.00625,720575940618522673,silent_all,0.0,0.0,0
mode_without_mn9,0.00625,720575940638808448,input,0.0,0.0,0
mode_without_mn9,0.00625,720575940638808448,early_large_only,0.0,0.0,0
mode_without_mn9,0.00625,720575940638808448,later_large_only,0.0,0.0,0
mode_without_mn9,0.00625,720575940638808448,other_active,0.0,0.0,0
mode_without_mn9,0.00625,720575940638808448,silent_all,0.0,0.0,0
mode_without_mn9,0.00625,720575940608351324,input,0.0,0.0,0
mode_without_mn9,0.00625,720575940608351324,early_large_only,0.0,0.0,0
mode_without_mn9,0.00625,720575940608351324,later_large_only,0.0,0.0,0
mode_without_mn9,0.00625,720575940608351324,other_active,0.0,0.0,0
mode_without_mn9,0.00625,720575940608351324,silent_all,0.0,0.0,0
mode_without_mn9,0.00625,720575940618626171,input,0.0,0.0,0
mode_without_mn9,0.00625,720575940618626171,early_large_only,0.0,0.0,0
mode_without_mn9,0.00625,720575940618626171,later_large_only,0.0,0.0,0
mode_without_mn9,0.00625,720575940618626171,other_active,0.33,0.0,1
mode_without_mn9,0.00625,720575940618626171,silent_all,0.0,0.0,0
mode_without_mn9,0.00625,720575940627982332,input,0.0,0.0,0
mode_without_mn9,0.00625,720575940627982332,early_large_only,0.0,0.0,0
mode_without_mn9,0.00625,720575940627982332,later_large_only,0.0,0.0,0
mode_without_mn9,0.00625,720575940627982332,other_active,0.0,0.0,0
mode_without_mn9,0.00625,720575940627982332,silent_all,0.0,0.0,0
mode_without_mn9,0.00625,720575940628962938,input,0.0,0.0,0
mode_without_mn9,0.00625,720575940628962938,early_large_only,0.0,0.0,0
mode_without_mn9,0.00625,720575940628962938,later_large_only,0.0,0.0,0
mode_without_mn9,0.00625,720575940628962938,other_active,0.0,0.0,0
mode_without_mn9,0.00625,720575940628962938,silent_all,0.0,0.0,0
mode_without_mn9,0.00625,720575940630882263,input,0.0,0.0,0
mode_without_mn9,0.00625,720575940630882263,early_large_only,0.0,0.0,0
mode_without_mn9,0.00625,720575940630882263,later_large_only,0.0,0.0,0
mode_without_mn9,0.00625,720575940630882263,other_active,0.0,-1.056,3
mode_without_mn9,0.00625,720575940630882263,silent_all,0.0,0.0,0
mode_without_mn9,0.00625,720575940622651869,input,0.0,0.0,0
mode_without_mn9,0.00625,720575940622651869,early_large_only,0.0,0.0,0
mode_without_mn9,0.00625,720575940622651869,later_large_only,0.0,0.0,0
mode_without_mn9,0.00625,720575940622651869,other_active,0.99,-1.056,2
mode_without_mn9,0.00625,720575940622651869,silent_all,0.0,0.0,0
mode_without_mn9,0.00625,720575940622811116,input,0.0,0.0,0
mode_without_mn9,0.00625,720575940622811116,early_large_only,0.0,0.0,0
mode_without_mn9,0.00625,720575940622811116,later_large_only,0.0,0.0,0
mode_without_mn9,0.00625,720575940622811116,other_active,0.0,0.0,0
mode_without_mn9,0.00625,720575940622811116,silent_all,0.0,0.0,0
mode_without_mn9,0.00625,720575940621968845,input,0.0,0.0,0
mode_without_mn9,0.00625,720575940621968845,early_large_only,0.0,0.0,0
mode_without_mn9,0.00625,720575940621968845,later_large_only,0.0,0.0,0
mode_without_mn9,0.00625,720575940621968845,other_active,0.0,-0.264,1
mode_without_mn9,0.00625,720575940621968845,silent_all,0.0,0.0,0
mode_without_mn9,0.00625,720575940607386802,input,0.0,0.0,0
mode_without_mn9,0.00625,720575940607386802,early_large_only,0.0,0.0,0
mode_without_mn9,0.00625,720575940607386802,later_large_only,0.0,0.0,0
mode_without_mn9,0.00625,720575940607386802,other_active,18.15,-14.784,15
mode_without_mn9,0.00625,720575940607386802,silent_all,0.0,0.0,0
mode_without_mn9,0.00625,720575940622351128,input,0.0,0.0,0
mode_without_mn9,0.00625,720575940622351128,early_large_only,0.0,0.0,0
mode_without_mn9,0.00625,720575940622351128,later_large_only,0.0,0.0,0
mode_without_mn9,0.00625,720575940622351128,other_active,0.0,-1.3200000000000003,2
mode_without_mn9,0.00625,720575940622351128,silent_all,0.0,0.0,0
mode_without_mn9,0.00625,720575940629056411,input,0.0,0.0,0
mode_without_mn9,0.00625,720575940629056411,early_large_only,0.0,0.0,0
mode_without_mn9,0.00625,720575940629056411,later_large_only,0.0,0.0,0
mode_without_mn9,0.00625,720575940629056411,other_active,10.89,0.0,1
mode_without_mn9,0.00625,720575940629056411,silent_all,0.0,0.0,0
mode_without_mn9,0.00625,720575940623528595,input,0.0,0.0,0
mode_without_mn9,0.00625,720575940623528595,early_large_only,0.0,0.0,0
mode_without_mn9,0.00625,720575940623528595,later_large_only,0.0,0.0,0
mode_without_mn9,0.00625,720575940623528595,other_active,0.33,0.0,1
mode_without_mn9,0.00625,720575940623528595,silent_all,0.0,0.0,0
mode_without_mn9,0.00625,720575940631983277,input,0.0,0.0,0
mode_without_mn9,0.00625,720575940631983277,early_large_only,0.0,0.0,0
mode_without_mn9,0.00625,720575940631983277,later_large_only,0.0,0.0,0
mode_without_mn9,0.00625,720575940631983277,other_active,0.0,0.0,0
mode_without_mn9,0.00625,720575940631983277,silent_all,0.0,0.0,0
mode_without_mn9,0.00625,720575940619875060,input,0.0,0.0,0
mode_without_mn9,0.00625,720575940619875060,early_large_only,0.0,0.0,0
mode_without_mn9,0.00625,720575940619875060,later_large_only,0.0,0.0,0
mode_without_mn9,0.00625,720575940619875060,other_active,0.0,0.0,0
mode_without_mn9,0.00625,720575940619875060,silent_all,0.0,0.0,0
mode_without_mn9,0.00625,720575940629952300,input,0.0,0.0,0
mode_without_mn9,0.00625,720575940629952300,early_large_only,0.0,0.0,0
mode_without_mn9,0.00625,720575940629952300,later_large_only,0.0,0.0,0
mode_without_mn9,0.00625,720575940629952300,other_active,0.0,0.0,0
mode_without_mn9,0.00625,720575940629952300,silent_all,0.0,0.0,0
mode_without_mn9,0.00625,720575940620828165,input,0.0,0.0,0
mode_without_mn9,0.00625,720575940620828165,early_large_only,0.0,0.0,0
mode_without_mn9,0.00625,720575940620828165,later_large_only,0.0,0.0,0
mode_without_mn9,0.00625,720575940620828165,other_active,0.0,0.0,0
mode_without_mn9,0.00625,720575940620828165,silent_all,0.0,0.0,0
mode_without_mn9,0.00625,720575940634160735,input,0.0,0.0,0
mode_without_mn9,0.00625,720575940634160735,early_large_only,0.0,0.0,0
mode_without_mn9,0.00625,720575940634160735,later_large_only,0.0,0.0,0
mode_without_mn9,0.00625,720575940634160735,other_active,0.0,0.0,0
mode_without_mn9,0.00625,720575940634160735,silent_all,0.0,0.0,0
mode_without_mn9,0.00625,720575940614461014,input,0.0,0.0,0
mode_without_mn9,0.00625,720575940614461014,early_large_only,0.0,0.0,0
mode_without_mn9,0.00625,720575940614461014,later_large_only,0.0,0.0,0
mode_without_mn9,0.00625,720575940614461014,other_active,3.6300000000000003,-11.352,3
mode_without_mn9,0.00625,720575940614461014,silent_all,0.0,0.0,0
mode_without_mn9,0.00625,720575940635723662,input,0.0,0.0,0
mode_without_mn9,0.00625,720575940635723662,early_large_only,0.0,0.0,0
mode_without_mn9,0.00625,720575940635723662,later_large_only,0.0,0.0,0
mode_without_mn9,0.00625,720575940635723662,other_active,0.0,0.0,0
mode_without_mn9,0.00625,720575940635723662,silent_all,0.0,0.0,0
mode_without_mn9,0.00625,720575940617443648,input,0.0,0.0,0
mode_without_mn9,0.00625,720575940617443648,early_large_only,0.0,0.0,0
mode_without_mn9,0.00625,720575940617443648,later_large_only,0.0,0.0,0
mode_without_mn9,0.00625,720575940617443648,other_active,0.0,-0.264,1
mode_without_mn9,0.00625,720575940617443648,silent_all,0.0,0.0,0
mode_without_mn9,0.00625,720575940625050256,input,0.0,0.0,0
mode_without_mn9,0.00625,720575940625050256,early_large_only,0.0,0.0,0
mode_without_mn9,0.00625,720575940625050256,later_large_only,0.0,0.0,0
mode_without_mn9,0.00625,720575940625050256,other_active,0.0,0.0,0
mode_without_mn9,0.00625,720575940625050256,silent_all,0.0,0.0,0
mode_without_mn9,0.00625,720575940660217985,input,0.0,0.0,0
mode_without_mn9,0.00625,720575940660217985,early_large_only,0.0,0.0,0
mode_without_mn9,0.00625,720575940660217985,later_large_only,0.0,0.0,0
mode_without_mn9,0.00625,720575940660217985,other_active,0.0,0.0,0
mode_without_mn9,0.00625,720575940660217985,silent_all,0.0,0.0,0
mode_without_mn9,0.00625,720575940618715550,input,0.0,0.0,0
mode_without_mn9,0.00625,720575940618715550,early_large_only,0.0,0.0,0
mode_without_mn9,0.00625,720575940618715550,later_large_only,0.0,0.0,0
mode_without_mn9,0.00625,720575940618715550,other_active,0.0,0.0,0
mode_without_mn9,0.00625,720575940618715550,silent_all,0.0,0.0,0
mode_without_mn9,0.00625,720575940620904869,input,0.0,0.0,0
mode_without_mn9,0.00625,720575940620904869,early_large_only,0.0,0.0,0
mode_without_mn9,0.00625,720575940620904869,later_large_only,0.0,0.0,0
mode_without_mn9,0.00625,720575940620904869,other_active,0.99,-6.864000000000001,3
mode_without_mn9,0.00625,720575940620904869,silent_all,0.0,0.0,0
mode_without_mn9,0.00625,720575940622566026,input,0.0,0.0,0
mode_without_mn9,0.00625,720575940622566026,early_large_only,0.0,0.0,0
mode_without_mn9,0.00625,720575940622566026,later_large_only,0.0,0.0,0
mode_without_mn9,0.00625,720575940622566026,other_active,0.99,0.0,1
mode_without_mn9,0.00625,720575940622566026,silent_all,0.0,0.0,0
mode_without_mn9,0.00625,720575940635249332,input,0.0,0.0,0
mode_without_mn9,0.00625,720575940635249332,early_large_only,0.0,0.0,0
mode_without_mn9,0.00625,720575940635249332,later_large_only,0.0,0.0,0
mode_without_mn9,0.00625,720575940635249332,other_active,0.0,0.0,0
mode_without_mn9,0.00625,720575940635249332,silent_all,0.0,0.0,0
mode_without_mn9,0.00625,720575940636143608,input,0.0,0.0,0
mode_without_mn9,0.00625,720575940636143608,early_large_only,0.0,0.0,0
mode_without_mn9,0.00625,720575940636143608,later_large_only,0.0,0.0,0
mode_without_mn9,0.00625,720575940636143608,other_active,0.0,0.0,0
mode_without_mn9,0.00625,720575940636143608,silent_all,0.0,0.0,0
mode_without_mn9,0.00625,720575940618320674,input,0.0,0.0,0
mode_without_mn9,0.00625,720575940618320674,early_large_only,0.0,0.0,0
mode_without_mn9,0.00625,720575940618320674,later_large_only,0.0,0.0,0
mode_without_mn9,0.00625,720575940618320674,other_active,6.2700000000000005,-13.200000000000003,25
mode_without_mn9,0.00625,720575940618320674,silent_all,0.0,0.0,0
mode_without_mn9,0.00625,720575940618954038,input,0.0,0.0,0
mode_without_mn9,0.00625,720575940618954038,early_large_only,0.0,0.0,0
mode_without_mn9,0.00625,720575940618954038,later_large_only,0.0,0.0,0
mode_without_mn9,0.00625,720575940618954038,other_active,0.0,0.0,0
mode_without_mn9,0.00625,720575940618954038,silent_all,0.0,0.0,0
mode_without_mn9,0.00625,720575940624738121,input,0.0,0.0,0
mode_without_mn9,0.00625,720575940624738121,early_large_only,0.0,0.0,0
mode_without_mn9,0.00625,720575940624738121,later_large_only,0.0,0.0,0
mode_without_mn9,0.00625,720575940624738121,other_active,0.0,0.0,0
mode_without_mn9,0.00625,720575940624738121,silent_all,0.0,0.0,0
mode_without_mn9,0.00625,720575940613894311,input,0.0,0.0,0
mode_without_mn9,0.00625,720575940613894311,early_large_only,0.0,0.0,0
mode_without_mn9,0.00625,720575940613894311,later_large_only,0.0,0.0,0
mode_without_mn9,0.00625,720575940613894311,other_active,0.0,0.0,0
mode_without_mn9,0.00625,720575940613894311,silent_all,0.0,0.0,0
mode_without_mn9,0.00625,720575940626115134,input,0.0,0.0,0
mode_without_mn9,0.00625,720575940626115134,early_large_only,0.0,0.0,0
mode_without_mn9,0.00625,720575940626115134,later_large_only,0.0,0.0,0
mode_without_mn9,0.00625,720575940626115134,other_active,0.0,0.0,0
mode_without_mn9,0.00625,720575940626115134,silent_all,0.0,0.0,0
mode_without_mn9,0.00625,720575940640955637,input,0.0,0.0,0
mode_without_mn9,0.00625,720575940640955637,early_large_only,0.0,0.0,0
mode_without_mn9,0.00625,720575940640955637,later_large_only,0.0,0.0,0
mode_without_mn9,0.00625,720575940640955637,other_active,0.0,0.0,0
mode_without_mn9,0.00625,720575940640955637,silent_all,0.0,0.0,0
mode_without_mn9,0.00625,720575940612461461,input,0.0,0.0,0
mode_without_mn9,0.00625,720575940612461461,early_large_only,0.0,0.0,0
mode_without_mn9,0.00625,720575940612461461,later_large_only,0.0,0.0,0
mode_without_mn9,0.00625,720575940612461461,other_active,0.0,0.0,0
mode_without_mn9,0.00625,720575940612461461,silent_all,0.0,0.0,0
mode_without_mn9,0.00625,720575940636241550,input,0.0,0.0,0
mode_without_mn9,0.00625,720575940636241550,early_large_only,0.0,0.0,0
mode_without_mn9,0.00625,720575940636241550,later_large_only,0.0,0.0,0
mode_without_mn9,0.00625,720575940636241550,other_active,0.0,0.0,0
mode_without_mn9,0.00625,720575940636241550,silent_all,0.0,0.0,0
mode_without_mn9,0.00625,720575940612855318,input,0.0,0.0,0
mode_without_mn9,0.00625,720575940612855318,early_large_only,0.0,0.0,0
mode_without_mn9,0.00625,720575940612855318,later_large_only,0.0,0.0,0
mode_without_mn9,0.00625,720575940612855318,other_active,0.0,0.0,0
mode_without_mn9,0.00625,720575940612855318,silent_all,0.0,0.0,0
mode_without_mn9,0.00625,720575940614944977,input,0.0,0.0,0
mode_without_mn9,0.00625,720575940614944977,early_large_only,0.0,0.0,0
mode_without_mn9,0.00625,720575940614944977,later_large_only,0.0,0.0,0
mode_without_mn9,0.00625,720575940614944977,other_active,0.0,0.0,0
mode_without_mn9,0.00625,720575940614944977,silent_all,0.0,0.0,0
mode_without_mn9,0.00625,720575940632812575,input,0.0,0.0,0
mode_without_mn9,0.00625,720575940632812575,early_large_only,0.0,0.0,0
mode_without_mn9,0.00625,720575940632812575,later_large_only,0.0,0.0,0
mode_without_mn9,0.00625,720575940632812575,other_active,0.0,0.0,0
mode_without_mn9,0.00625,720575940632812575,silent_all,0.0,0.0,0
mode_without_mn9,0.00625,720575940621781492,input,0.0,0.0,0
mode_without_mn9,0.00625,720575940621781492,early_large_only,0.0,0.0,0
mode_without_mn9,0.00625,720575940621781492,later_large_only,0.0,0.0,0
mode_without_mn9,0.00625,720575940621781492,other_active,0.0,0.0,0
mode_without_mn9,0.00625,720575940621781492,silent_all,0.0,0.0,0
mode_without_mn9,0.00625,720575940623955637,input,0.0,0.0,0
mode_without_mn9,0.00625,720575940623955637,early_large_only,0.0,0.0,0
mode_without_mn9,0.00625,720575940623955637,later_large_only,0.0,0.0,0
mode_without_mn9,0.00625,720575940623955637,other_active,0.0,0.0,0
mode_without_mn9,0.00625,720575940623955637,silent_all,0.0,0.0,0
mode_without_mn9,0.00625,720575940617952034,input,0.0,0.0,0
mode_without_mn9,0.00625,720575940617952034,early_large_only,0.0,0.0,0
mode_without_mn9,0.00625,720575940617952034,later_large_only,0.0,0.0,0
mode_without_mn9,0.00625,720575940617952034,other_active,0.0,-1.056,2
mode_without_mn9,0.00625,720575940617952034,silent_all,0.0,0.0,0
mode_without_mn9,0.00625,720575940623942280,input,0.0,0.0,0
mode_without_mn9,0.00625,720575940623942280,early_large_only,0.0,0.0,0
mode_without_mn9,0.00625,720575940623942280,later_large_only,0.0,0.0,0
mode_without_mn9,0.00625,720575940623942280,other_active,0.0,0.0,0
mode_without_mn9,0.00625,720575940623942280,silent_all,0.0,0.0,0
mode_without_mn9,0.00625,720575940644362788,input,0.0,0.0,0
mode_without_mn9,0.00625,720575940644362788,early_large_only,0.0,0.0,0
mode_without_mn9,0.00625,720575940644362788,later_large_only,0.0,0.0,0
mode_without_mn9,0.00625,720575940644362788,other_active,0.0,0.0,0
mode_without_mn9,0.00625,720575940644362788,silent_all,0.0,0.0,0
mode_without_mn9,0.00625,720575940628577897,input,0.0,0.0,0
mode_without_mn9,0.00625,720575940628577897,early_large_only,0.0,0.0,0
mode_without_mn9,0.00625,720575940628577897,later_large_only,0.0,0.0,0
mode_without_mn9,0.00625,720575940628577897,other_active,0.0,0.0,0
mode_without_mn9,0.00625,720575940628577897,silent_all,0.0,0.0,0
mode_without_mn9,0.00625,720575940622755978,input,0.0,0.0,0
mode_without_mn9,0.00625,720575940622755978,early_large_only,0.0,0.0,0
mode_without_mn9,0.00625,720575940622755978,later_large_only,0.0,0.0,0
mode_without_mn9,0.00625,720575940622755978,other_active,0.0,0.0,0
mode_without_mn9,0.00625,720575940622755978,silent_all,0.0,0.0,0
