seed,root_id,coarse_count,fine_count
631401,720575940605513649,5,4
631401,720575940605682790,11,15
631401,720575940606391218,1,0
631401,720575940606607234,17,15
631401,720575940606852018,3,0
631401,720575940607193986,40,36
631401,720575940607272649,56,55
631401,720575940607386290,25,28
631401,720575940607451081,35,37
631401,720575940607689394,9,11
631401,720575940608349379,7,4
631401,720575940608735241,20,21
631401,720575940609016843,6,4
631401,720575940609133269,16,21
631401,720575940609405635,27,24
631401,720575940609407939,44,40
631401,720575940609915204,33,34
631401,720575940609939780,16,18
631401,720575940609993284,25,22
631401,720575940610000964,18,21
631401,720575940610001220,6,11
631401,720575940610054980,60,70
631401,720575940610058052,0,1
631401,720575940610232274,11,10
631401,720575940610611246,6,9
631401,720575940610621026,1,2
631401,720575940610677828,46,47
631401,720575940611151406,4,2
631401,720575940611160930,31,30
631401,720575940611366058,6,5
631401,720575940611548878,27,42
631401,720575940612036837,35,36
631401,720575940612208858,16,14
631401,720575940612357618,10,12
631401,720575940612479205,9,8
631401,720575940612537061,4,2
631401,720575940612558061,31,27
631401,720575940612603289,3,1
631401,720575940612692633,58,55
631401,720575940612766515,7,4
631401,720575940612865814,1,0
631401,720575940612888178,34,33
631401,720575940612906518,80,75
631401,720575940612952557,10,13
631401,720575940613004402,16,19
631401,720575940613347299,26,24
631401,720575940613670893,22,21
631401,720575940613743569,2,0
631401,720575940613943215,16,20
631401,720575940614660519,16,17
631401,720575940614730914,16,15
631401,720575940614763666,76,75
631401,720575940614909506,0,1
631401,720575940615041430,108,113
631401,720575940615052812,16,14
631401,720575940615153494,6,5
631401,720575940615564959,3,5
631401,720575940615623867,4,6
631401,720575940615671106,81,78
631401,720575940615715003,2,1
631401,720575940615811670,5,6
631401,720575940616018956,73,71
631401,720575940616644411,24,23
631401,720575940616857174,47,44
631401,720575940616860758,5,3
631401,720575940616864217,43,44
631401,720575940617488477,11,9
631401,720575940617494877,15,13
631401,720575940617497437,1,0
631401,720575940617552057,39,37
631401,720575940617588258,35,34
631401,720575940617593233,58,59
631401,720575940617672920,1,0
631401,720575940618153105,1,0
631401,720575940618165019,89,111
631401,720575940618472261,41,53
631401,720575940618574749,32,40
631401,720575940618696989,31,32
631401,720575940618726171,13,15
631401,720575940618800064,0,1
631401,720575940618859480,10,12
631401,720575940618864725,3,7
631401,720575940618995393,7,4
631401,720575940619048827,52,63
631401,720575940619173534,14,18
631401,720575940619455879,2,4
631401,720575940619473624,31,29
631401,720575940619853515,33,34
631401,720575940619877396,77,71
631401,720575940620025620,21,29
631401,720575940620031366,45,48
631401,720575940620062288,4,5
631401,720575940620170887,27,29
631401,720575940620254087,15,17
631401,720575940620271636,2,0
631401,720575940620274085,82,83
631401,720575940620282900,7,4
631401,720575940620292116,3,5
631401,720575940620335269,48,58
631401,720575940620374693,21,19
631401,720575940620473547,18,17
631401,720575940620673985,45,42
631401,720575940620780272,27,26
631401,720575940620805046,7,10
631401,720575940620873793,7,4
631401,720575940620874757,90,92
631401,720575940621057702,11,10
631401,720575940621261296,32,34
631401,720575940621399899,47,48
631401,720575940621422518,15,16
631401,720575940621468404,7,4
631401,720575940621519130,3,1
631401,720575940621573030,21,20
631401,720575940621771041,10,7
631401,720575940622027222,2,4
631401,720575940622235425,57,56
631401,720575940622348156,26,23
631401,720575940622552675,2,0
631401,720575940622612749,26,25
631401,720575940622695448,139,138
631401,720575940622810153,31,46
631401,720575940623072013,7,4
631401,720575940623192781,24,23
631401,720575940623209165,24,31
631401,720575940623210445,55,54
631401,720575940623211725,60,62
631401,720575940623352063,80,83
631401,720575940623578375,40,42
631401,720575940624023188,26,25
631401,720575940624310857,6,7
631401,720575940624366845,0,1
631401,720575940624484796,53,51
631401,720575940624600840,7,8
631401,720575940624623287,29,32
631401,720575940624897516,29,31
631401,720575940624906483,28,30
631401,720575940624966840,30,32
631401,720575940625045180,63,75
631401,720575940625047484,45,46
631401,720575940625175054,61,63
631401,720575940625178768,25,24
631401,720575940625612474,2,0
631401,720575940625641402,4,2
631401,720575940625705930,62,63
631401,720575940625737776,35,40
631401,720575940625861660,39,38
631401,720575940625867056,56,58
631401,720575940625874992,44,63
631401,720575940625875504,42,53
631401,720575940626038714,6,3
631401,720575940626159306,1,0
631401,720575940626191306,99,101
631401,720575940626256765,18,19
631401,720575940626278974,9,13
631401,720575940626279742,34,35
631401,720575940626468178,0,2
631401,720575940626626597,26,25
631401,720575940626999464,6,8
631401,720575940627083294,17,20
631401,720575940627086594,18,21
631401,720575940627107271,11,15
631401,720575940627383685,123,124
631401,720575940627410451,28,26
631401,720575940627446661,4,8
631401,720575940627779983,19,22
631401,720575940627812168,11,12
631401,720575940627814728,2,3
631401,720575940627819151,29,28
631401,720575940627828296,8,11
631401,720575940627847752,43,46
631401,720575940627949626,1,0
631401,720575940628129129,1,0
631401,720575940628598121,63,75
631401,720575940628630171,22,21
631401,720575940628648809,49,51
631401,720575940628676457,18,22
631401,720575940628755815,54,55
631401,720575940628826128,34,35
631401,720575940628995331,3,0
631401,720575940629000783,16,19
631401,720575940629207963,21,22
631401,720575940629421415,6,4
631401,720575940629508599,6,4
631401,720575940629623351,1,3
631401,720575940629664768,10,11
631401,720575940629778554,82,98
631401,720575940629804158,1,2
631401,720575940629810748,56,52
631401,720575940629812346,7,10
631401,720575940629888530,126,129
631401,720575940630034231,12,14
631401,720575940630044278,5,7
631401,720575940630094652,10,9
631401,720575940630488540,11,12
631401,720575940630579574,59,54
631401,720575940630664556,26,25
631401,720575940630667372,40,39
631401,720575940630683385,41,52
631401,720575940630771449,26,29
631401,720575940630806267,20,26
631401,720575940630820919,39,38
631401,720575940630865724,63,59
631401,720575940630868793,89,104
631401,720575940630931999,13,7
631401,720575940630980559,13,12
631401,720575940630996055,55,56
631401,720575940631108303,2,3
631401,720575940631283267,20,17
631401,720575940631340815,13,16
631401,720575940631349335,60,63
631401,720575940631406411,37,34
631401,720575940631662648,12,11
631401,720575940631714119,7,6
631401,720575940631918649,76,72
631401,720575940631959097,51,53
631401,720575940631967506,1,0
631401,720575940631989352,1,0
631401,720575940631999080,26,32
631401,720575940632047890,73,79
631401,720575940632118156,58,72
631401,720575940632134227,7,8
631401,720575940632159519,12,14
631401,720575940632252743,57,56
631401,720575940632304711,16,24
631401,720575940632307025,1,0
631401,720575940632365905,32,34
631401,720575940632602532,43,46
631401,720575940632659404,1,2
631401,720575940632722515,1,0
631401,720575940632722771,51,46
631401,720575940633116256,7,4
631401,720575940633277209,83,82
631401,720575940633293025,15,16
631401,720575940633308371,6,4
631401,720575940633612698,39,42
631401,720575940633674135,49,50
631401,720575940634301852,26,25
631401,720575940634645600,53,64
631401,720575940634756203,4,5
631401,720575940634825623,6,7
631401,720575940635179871,64,63
631401,720575940635211115,8,7
631401,720575940635239672,24,30
631401,720575940635451546,10,12
631401,720575940635611316,3,5
631401,720575940635771316,1,0
631401,720575940636053678,60,63
631401,720575940636165624,21,25
631401,720575940636346487,4,2
631401,720575940636654703,1,0
631401,720575940636895406,19,22
631401,720575940637144944,6,8
631401,720575940637360730,4,5
631401,720575940637656286,10,7
631401,720575940637790527,1,2
631401,720575940638088262,7,4
631401,720575940638103349,100,102
631401,720575940638181092,54,65
631401,720575940639198397,18,20
631401,720575940639285949,76,74
631401,720575940639425112,34,27
631401,720575940639786915,27,30
631401,720575940639972816,11,16
631401,720575940640839120,9,15
631401,720575940641366517,60,62
631401,720575940641585627,0,1
631401,720575940642428045,63,62
631401,720575940643543496,1,0
631401,720575940643867296,48,54
631401,720575940644653348,39,34
631401,720575940644666148,1,0
631401,720575940644968215,0,1
631401,720575940645045527,3,5
631401,720575940645047831,12,11
631401,720575940645352814,5,2
631401,720575940645521262,56,52
631401,720575940647029044,14,17
631401,720575940647030324,15,17
631401,720575940647033396,32,33
631401,720575940647081860,1,0
631401,720575940649829241,49,47
631401,720575940655011489,8,7
631401,720575940655013025,47,45
631401,720575940655014049,77,76
631401,720575940660219265,80,85
631401,720575940660220289,5,3
631401,720575940660223873,53,52
631401,720575940660224641,0,1
631401,720575940660229505,40,35
631402,720575940605658033,23,24
631402,720575940605682790,17,20
631402,720575940606607234,18,21
631402,720575940607193986,41,45
631402,720575940607272649,62,63
631402,720575940607451081,34,33
631402,720575940607689394,10,11
631402,720575940608349379,5,6
631402,720575940608498780,27,28
631402,720575940609016843,5,6
631402,720575940609405635,27,28
631402,720575940609407939,43,45
631402,720575940609915204,38,40
631402,720575940609935172,18,19
631402,720575940609939780,20,18
631402,720575940609993284,22,24
631402,720575940610000964,24,26
631402,720575940610001220,8,7
631402,720575940610054980,80,77
631402,720575940610058052,2,1
631402,720575940610232274,14,13
631402,720575940610611246,15,16
631402,720575940611015122,30,31
631402,720575940611160930,35,33
631402,720575940611164770,15,14
631402,720575940611366058,7,6
631402,720575940611548878,55,57
631402,720575940611988197,5,6
631402,720575940612064113,66,67
631402,720575940612208858,12,11
631402,720575940612357618,15,16
631402,720575940612423922,63,66
631402,720575940612479205,13,11
631402,720575940612611301,78,76
631402,720575940612766515,5,6
631402,720575940612865814,0,1
631402,720575940612888178,38,39
631402,720575940612906518,81,82
631402,720575940612952557,19,20
631402,720575940613004402,27,30
631402,720575940613347299,30,32
631402,720575940613687789,41,40
631402,720575940613743569,3,2
631402,720575940613929391,31,34
631402,720575940613943215,24,25
631402,720575940614128691,29,28
631402,720575940614660519,23,21
631402,720575940614730914,16,17
631402,720575940614763666,84,86
631402,720575940614909506,2,1
631402,720575940615041430,116,117
631402,720575940615153494,5,4
631402,720575940615296818,26,27
631402,720575940615564959,5,3
631402,720575940615582111,5,6
631402,720575940615623867,8,7
631402,720575940615671106,87,89
631402,720575940615715003,3,5
631402,720575940615811670,7,8
631402,720575940616018956,80,79
631402,720575940616466260,53,55
631402,720575940616857174,49,50
631402,720575940616864086,33,34
631402,720575940616864217,48,49
631402,720575940617488477,16,14
631402,720575940617494877,13,9
631402,720575940617552057,43,45
631402,720575940617588258,36,37
631402,720575940617629841,51,52
631402,720575940618165019,125,133
631402,720575940618472261,62,61
631402,720575940618574749,40,37
631402,720575940618726171,14,15
631402,720575940618995393,5,6
631402,720575940619048827,76,74
631402,720575940619114048,28,29
631402,720575940619455879,2,3
631402,720575940619473624,33,34
631402,720575940619853515,37,35
631402,720575940619877396,81,82
631402,720575940620025620,36,40
631402,720575940620031366,51,52
631402,720575940620170887,34,33
631402,720575940620254087,25,27
631402,720575940620271636,2,3
631402,720575940620274085,88,90
631402,720575940620282900,5,6
631402,720575940620292116,3,4
631402,720575940620335269,67,65
631402,720575940620473547,20,21
631402,720575940620474278,9,11
631402,720575940620673985,48,50
631402,720575940620714150,6,5
631402,720575940620805046,10,12
631402,720575940620873793,5,6
631402,720575940620874757,98,99
631402,720575940621057702,12,14
631402,720575940621261296,37,39
631402,720575940621329328,1,0
631402,720575940621345012,1,2
631402,720575940621399899,48,50
631402,720575940621422518,17,18
631402,720575940621468404,5,6
631402,720575940621519130,1,0
631402,720575940621538142,36,34
631402,720575940621573030,22,25
631402,720575940621577036,12,11
631402,720575940621586854,73,70
631402,720575940622027222,6,4
631402,720575940622235425,59,58
631402,720575940622348156,22,23
631402,720575940622474899,0,1
631402,720575940622612749,34,36
631402,720575940622624214,5,3
631402,720575940622734106,3,2
631402,720575940622810153,54,56
631402,720575940623072013,5,6
631402,720575940623209165,40,41
631402,720575940623210445,65,66
631402,720575940623211725,66,70
631402,720575940623352063,85,84
631402,720575940623453959,30,31
631402,720575940623478115,13,14
631402,720575940623578375,45,46
631402,720575940624023188,28,29
631402,720575940624084372,4,3
631402,720575940624163303,1,2
631402,720575940624310857,7,9
631402,720575940624366845,1,0
631402,720575940624484796,57,55
631402,720575940624600840,11,10
631402,720575940624623287,36,37
631402,720575940624906483,34,32
631402,720575940624966840,33,34
631402,720575940625045180,89,98
631402,720575940625102692,55,56
631402,720575940625175054,68,69
631402,720575940625178768,26,25
631402,720575940625580988,42,43
631402,720575940625612474,0,1
631402,720575940625641402,4,5
631402,720575940625737776,38,40
631402,720575940625861660,40,41
631402,720575940625867056,61,62
631402,720575940625874992,82,83
631402,720575940625875504,64,70
631402,720575940626191306,102,100
631402,720575940626256765,16,17
631402,720575940626278974,8,7
631402,720575940626279742,36,37
631402,720575940626289021,10,13
631402,720575940626308697,26,27
631402,720575940626478082,0,1
631402,720575940626626597,28,29
631402,720575940626860421,0,1
631402,720575940626993694,21,23
631402,720575940626999464,11,12
631402,720575940627083294,17,18
631402,720575940627086594,26,23
631402,720575940627107271,21,23
631402,720575940627410451,31,32
631402,720575940627446661,5,6
631402,720575940627704392,3,4
631402,720575940627779983,20,22
631402,720575940627812168,11,10
631402,720575940627814728,5,4
631402,720575940627819151,30,33
631402,720575940627828296,12,11
631402,720575940627847752,45,48
631402,720575940628676457,27,24
631402,720575940628755815,56,57
631402,720575940628826128,38,33
631402,720575940628997123,20,18
631402,720575940628998659,16,15
631402,720575940629000783,20,21
631402,720575940629207963,29,28
631402,720575940629421415,3,1
631402,720575940629508599,4,5
631402,720575940629561347,24,22
631402,720575940629664768,8,9
631402,720575940629810748,58,63
631402,720575940629812346,7,8
631402,720575940629888530,129,132
631402,720575940630034231,20,21
631402,720575940630094652,15,13
631402,720575940630291767,5,3
631402,720575940630403031,2,1
631402,720575940630579574,56,59
631402,720575940630664556,29,28
631402,720575940630667372,41,42
631402,720575940630674038,19,20
631402,720575940630683385,58,63
631402,720575940630695798,0,1
631402,720575940630771449,29,32
631402,720575940630781433,7,6
631402,720575940630806267,37,39
631402,720575940630820919,42,45
631402,720575940630865724,66,68
631402,720575940630868793,122,126
631402,720575940630931999,7,9
631402,720575940630980559,9,11
631402,720575940630996055,58,59
631402,720575940631283267,20,21
631402,720575940631406411,43,44
631402,720575940631629160,2,1
631402,720575940631662648,13,14
631402,720575940631703608,44,47
631402,720575940631714119,10,12
631402,720575940631918649,70,75
631402,720575940631959097,56,57
631402,720575940631994728,14,13
631402,720575940631997032,48,49
631402,720575940631999080,43,46
631402,720575940632047890,82,79
631402,720575940632118156,84,85
631402,720575940632134227,11,10
631402,720575940632159519,16,17
631402,720575940632252743,63,60
631402,720575940632304711,32,36
631402,720575940632365905,37,36
631402,720575940632962786,1,3
631402,720575940633116256,5,6
631402,720575940633185567,71,68
631402,720575940633293025,19,18
631402,720575940634301852,28,27
631402,720575940634428058,5,6
631402,720575940634645600,77,78
631402,720575940634756203,5,4
631402,720575940634825623,9,10
631402,720575940635055039,40,41
631402,720575940635211115,10,11
631402,720575940635451546,11,12
631402,720575940635578303,42,40
631402,720575940635611316,4,2
631402,720575940635839077,2,1
631402,720575940636053678,69,67
631402,720575940636165624,30,29
631402,720575940636346487,4,1
631402,720575940636809646,22,23
631402,720575940636895406,29,28
631402,720575940637144944,8,9
631402,720575940637360730,9,8
631402,720575940637656286,7,6
631402,720575940638088262,5,6
631402,720575940638103349,101,100
631402,720575940638181092,73,75
631402,720575940639170723,2,1
631402,720575940639198397,17,19
631402,720575940639285949,78,79
631402,720575940639786915,34,35
631402,720575940639972816,21,23
631402,720575940640839120,13,11
631402,720575940641480949,15,14
631402,720575940642335373,8,7
631402,720575940643867296,60,55
631402,720575940644653348,38,40
631402,720575940644758308,5,3
631402,720575940644968215,3,2
631402,720575940645047831,12,14
631402,720575940645352814,3,4
631402,720575940645521262,67,65
631402,720575940647029044,17,18
631402,720575940647030324,18,16
631402,720575940647033396,37,36
631402,720575940647518340,42,44
631402,720575940648864633,5,6
631402,720575940652580086,101,102
631402,720575940655013025,52,51
631402,720575940655014049,85,84
631402,720575940660219265,88,93
631402,720575940660229505,42,44
631405,720575940605682790,16,14
631405,720575940606391218,3,2
631405,720575940607272649,64,62
631405,720575940607451081,31,30
631405,720575940607689394,7,6
631405,720575940609133269,21,20
631405,720575940609407939,49,50
631405,720575940609915204,37,39
631405,720575940609935172,19,18
631405,720575940609939780,15,17
631405,720575940610000964,22,21
631405,720575940610001220,9,8
631405,720575940610054980,68,62
631405,720575940610232274,12,11
631405,720575940610258552,35,34
631405,720575940610611246,11,10
631405,720575940610621026,4,5
631405,720575940610677828,53,52
631405,720575940610803554,31,32
631405,720575940610916465,32,33
631405,720575940611160930,28,29
631405,720575940611164770,13,12
631405,720575940611366058,6,5
631405,720575940611548878,46,38
631405,720575940611549902,20,21
631405,720575940611988197,2,1
631405,720575940612036837,39,38
631405,720575940612208858,9,11
631405,720575940612289010,11,10
631405,720575940612357618,15,16
631405,720575940612423922,59,58
631405,720575940612479205,9,10
631405,720575940612537061,9,8
631405,720575940612558061,34,32
631405,720575940612611301,72,73
631405,720575940612906518,75,76
631405,720575940612952557,16,15
631405,720575940613004402,22,18
631405,720575940613347299,32,33
631405,720575940613670893,19,20
631405,720575940613687789,35,34
631405,720575940613929391,34,32
631405,720575940613943215,20,18
631405,720575940614128691,27,28
631405,720575940615041430,116,115
631405,720575940615623867,7,6
631405,720575940615715003,4,5
631405,720575940615811670,6,4
631405,720575940616018956,73,74
631405,720575940616466260,56,57
631405,720575940616864086,38,39
631405,720575940616864217,46,47
631405,720575940617488477,9,10
631405,720575940617494877,13,15
631405,720575940617588258,38,36
631405,720575940617629841,48,46
631405,720575940617672920,3,2
631405,720575940618153105,3,2
631405,720575940618165019,107,92
631405,720575940618472261,52,47
631405,720575940618726171,12,11
631405,720575940619048827,64,56
631405,720575940619473624,29,30
631405,720575940619853515,35,36
631405,720575940619877396,88,89
631405,720575940619973712,111,110
631405,720575940620025620,32,26
631405,720575940620031366,44,45
631405,720575940620170887,29,28
631405,720575940620254087,20,18
631405,720575940620274085,89,90
631405,720575940620292116,5,3
631405,720575940620335269,58,51
631405,720575940620374693,18,17
631405,720575940620473547,18,19
631405,720575940620474278,3,2
631405,720575940620805046,13,12
631405,720575940620874757,100,99
631405,720575940621057702,10,8
631405,720575940621261296,35,37
631405,720575940621399899,51,50
631405,720575940621538142,34,35
631405,720575940621573030,22,23
631405,720575940621577036,10,9
631405,720575940621586854,65,69
631405,720575940621771041,4,3
631405,720575940622147873,1,0
631405,720575940622235425,60,59
631405,720575940622624214,2,3
631405,720575940622810153,43,37
631405,720575940623192781,22,23
631405,720575940623209165,32,28
631405,720575940623352063,83,86
631405,720575940623478115,12,11
631405,720575940624310857,5,4
631405,720575940624600840,12,11
631405,720575940624623287,35,34
631405,720575940624897516,34,33
631405,720575940624966840,32,34
631405,720575940625045180,76,69
631405,720575940625102692,51,50
631405,720575940625175054,63,61
631405,720575940625178768,25,26
631405,720575940625641402,4,3
631405,720575940625705930,65,66
631405,720575940625737776,42,44
631405,720575940625861660,43,44
631405,720575940625867056,59,58
631405,720575940625874992,67,56
631405,720575940625875504,59,50
631405,720575940626159306,3,2
631405,720575940626191306,99,100
631405,720575940626278974,12,13
631405,720575940626289021,9,8
631405,720575940626468178,2,1
631405,720575940626972056,28,27
631405,720575940626993694,23,21
631405,720575940626999464,10,9
631405,720575940627083294,21,20
631405,720575940627086594,17,19
631405,720575940627107271,16,13
631405,720575940627410451,31,33
631405,720575940627446661,7,6
631405,720575940627812168,10,9
631405,720575940627814728,2,1
631405,720575940627819151,34,33
631405,720575940627828296,11,12
631405,720575940627949626,3,2
631405,720575940628598121,77,69
631405,720575940628630171,18,17
631405,720575940628676457,21,20
631405,720575940628755815,53,54
631405,720575940628826128,38,37
631405,720575940628995331,2,3
631405,720575940628997123,14,15
631405,720575940628998659,20,19
631405,720575940629207963,24,22
631405,720575940629508599,7,6
631405,720575940629778554,99,87
631405,720575940629804158,1,0
631405,720575940629810748,59,61
631405,720575940629888530,131,130
631405,720575940630034231,16,15
631405,720575940630044278,2,1
631405,720575940630094652,12,10
631405,720575940630488540,15,13
631405,720575940630579574,52,51
631405,720575940630664556,27,28
631405,720575940630674038,19,20
631405,720575940630683385,55,46
631405,720575940630806267,29,24
631405,720575940630820919,42,43
631405,720575940630868793,102,87
631405,720575940630931999,16,15
631405,720575940630996055,55,56
631405,720575940631108303,2,1
631405,720575940631168057,17,18
631405,720575940631283267,23,22
631405,720575940631406411,34,33
631405,720575940631662648,17,16
631405,720575940631918649,78,80
631405,720575940631989352,3,4
631405,720575940631994728,12,11
631405,720575940631997032,42,43
631405,720575940631999080,34,29
631405,720575940632118156,72,64
631405,720575940632304711,27,22
631405,720575940632307025,3,2
631405,720575940632602532,46,45
631405,720575940632722515,3,2
631405,720575940633185567,63,68
631405,720575940633277209,85,86
631405,720575940633293025,15,16
631405,720575940633308371,10,9
631405,720575940633316563,12,11
631405,720575940633612698,41,40
631405,720575940633674135,47,48
631405,720575940634645600,65,58
631405,720575940634756203,6,5
631405,720575940634825623,7,8
631405,720575940635055039,40,39
631405,720575940635211115,5,4
631405,720575940635239672,28,27
631405,720575940635451546,9,8
631405,720575940635578303,40,39
631405,720575940635771316,3,2
631405,720575940636053678,66,65
631405,720575940636165624,25,22
631405,720575940636346487,5,6
631405,720575940636654703,3,2
631405,720575940636809646,26,27
631405,720575940636828334,2,1
631405,720575940637656286,7,9
631405,720575940638181092,63,53
631405,720575940639425112,38,37
631405,720575940639786915,28,25
631405,720575940639972816,15,12
631405,720575940640839120,14,13
631405,720575940641585627,2,3
631405,720575940642428045,60,58
631405,720575940643867296,54,51
631405,720575940644653348,43,44
631405,720575940644758308,6,5
631405,720575940645045527,5,4
631405,720575940645047831,15,14
631405,720575940645521262,65,64
631405,720575940647029044,18,19
631405,720575940647030324,14,15
631405,720575940647033396,35,36
631405,720575940647081860,3,2
631405,720575940647518340,41,40
631405,720575940648864633,4,5
631405,720575940649829241,51,52
631405,720575940655014049,85,84
631405,720575940660220289,5,6
631405,720575940660223873,50,51
631406,720575940605513649,5,3
631406,720575940605658033,24,25
631406,720575940605682790,16,19
631406,720575940606607234,16,22
631406,720575940606852018,1,0
631406,720575940607193986,43,39
631406,720575940607272649,57,59
631406,720575940608349379,5,3
631406,720575940608735241,25,26
631406,720575940609016843,5,3
631406,720575940609133269,21,23
631406,720575940609405635,26,27
631406,720575940609407939,43,44
631406,720575940609935172,17,19
631406,720575940609993284,22,24
631406,720575940610000964,25,24
631406,720575940610001220,6,3
631406,720575940610054980,71,78
631406,720575940610058052,0,2
631406,720575940610232274,9,12
631406,720575940610258552,33,34
631406,720575940610611246,10,13
631406,720575940610621026,1,3
631406,720575940610677828,50,52
631406,720575940610803554,31,33
631406,720575940610916465,33,32
631406,720575940611015122,31,30
631406,720575940611151406,7,8
631406,720575940611160930,28,33
631406,720575940611164770,14,12
631406,720575940611366058,6,8
631406,720575940611548878,46,49
631406,720575940611549902,20,21
631406,720575940611988197,3,6
631406,720575940612036837,34,37
631406,720575940612208858,13,15
631406,720575940612289010,10,13
631406,720575940612423922,59,65
631406,720575940612537061,3,2
631406,720575940612558061,29,31
631406,720575940612603289,0,3
631406,720575940612611301,74,72
631406,720575940612648106,14,13
631406,720575940612692633,54,57
631406,720575940612766515,5,3
631406,720575940612865814,0,1
631406,720575940612952557,14,16
631406,720575940613004402,20,26
631406,720575940613347299,25,33
631406,720575940613670893,20,19
631406,720575940613687789,34,40
631406,720575940613743569,2,1
631406,720575940613929391,30,31
631406,720575940613943215,21,23
631406,720575940614128691,29,28
631406,720575940614660519,21,20
631406,720575940614730914,17,16
631406,720575940614763666,79,80
631406,720575940614909506,0,3
631406,720575940615041430,114,112
631406,720575940615052812,14,13
631406,720575940615153494,4,3
631406,720575940615296818,26,25
631406,720575940615564959,3,7
631406,720575940615623867,7,4
631406,720575940615715003,3,6
631406,720575940615811670,5,7
631406,720575940616018956,74,80
631406,720575940616466260,52,53
631406,720575940616644411,22,26
631406,720575940616860758,2,1
631406,720575940616864086,35,36
631406,720575940616864217,51,49
631406,720575940617373268,2,3
631406,720575940617488477,8,12
631406,720575940617494877,14,11
631406,720575940617552057,41,44
631406,720575940617593233,59,61
631406,720575940617629841,47,52
631406,720575940618165019,109,126
631406,720575940618472261,51,58
631406,720575940618574749,41,34
631406,720575940618696989,33,32
631406,720575940618726171,14,10
631406,720575940618800064,1,0
631406,720575940618859480,15,12
631406,720575940618864725,5,4
631406,720575940618995393,5,3
631406,720575940619048827,69,70
631406,720575940619173534,18,19
631406,720575940619455879,5,2
631406,720575940619473624,30,36
631406,720575940619588568,36,37
631406,720575940619853515,35,38
631406,720575940619877396,79,82
631406,720575940619973712,112,111
631406,720575940620025620,30,35
631406,720575940620031366,48,46
631406,720575940620062288,6,7
631406,720575940620170887,30,34
631406,720575940620254087,21,26
631406,720575940620274085,89,87
631406,720575940620282900,5,3
631406,720575940620292116,3,5
631406,720575940620335269,59,62
631406,720575940620374693,18,19
631406,720575940620473547,18,19
631406,720575940620474278,4,6
631406,720575940620714150,4,6
631406,720575940620805046,8,12
631406,720575940620873793,5,3
631406,720575940620874757,100,99
631406,720575940621057702,10,12
631406,720575940621261296,37,36
631406,720575940621345012,2,0
631406,720575940621399899,49,48
631406,720575940621468404,5,3
631406,720575940621519130,0,3
631406,720575940621573030,21,23
631406,720575940621577036,8,10
631406,720575940621586854,79,67
631406,720575940622235425,58,57
631406,720575940622474899,0,1
631406,720575940622612749,31,33
631406,720575940622624214,4,6
631406,720575940622810153,45,54
631406,720575940623072013,5,3
631406,720575940623209165,34,36
631406,720575940623210445,63,64
631406,720575940623352063,89,84
631406,720575940623478115,12,11
631406,720575940623578375,43,40
631406,720575940624023188,27,28
631406,720575940624084372,3,4
631406,720575940624163303,0,1
631406,720575940624310857,4,7
631406,720575940624366845,0,1
631406,720575940624484796,54,55
631406,720575940624600840,10,7
631406,720575940624623287,34,36
631406,720575940624897516,34,35
631406,720575940624906483,32,30
631406,720575940624966840,35,30
631406,720575940625045180,76,94
631406,720575940625047484,47,49
631406,720575940625102692,52,54
631406,720575940625175054,65,67
631406,720575940625178768,24,25
631406,720575940625580988,41,42
631406,720575940625641402,3,5
631406,720575940625705930,65,67
631406,720575940625737776,40,38
631406,720575940625861660,43,41
631406,720575940625874992,63,73
631406,720575940625875504,55,66
631406,720575940626038714,5,6
631406,720575940626191306,100,99
631406,720575940626256765,15,16
631406,720575940626278974,10,9
631406,720575940626279742,37,35
631406,720575940626289021,8,12
631406,720575940626308697,26,25
631406,720575940626468178,1,3
631406,720575940626626597,26,27
631406,720575940626968216,0,1
631406,720575940626999464,9,11
631406,720575940627083294,19,20
631406,720575940627086594,22,20
631406,720575940627107271,14,19
631406,720575940627410451,31,34
631406,720575940627446661,8,5
631406,720575940627704392,0,3
631406,720575940627779983,24,25
631406,720575940627812168,10,9
631406,720575940627814728,2,3
631406,720575940627819151,32,34
631406,720575940627828296,9,10
631406,720575940627847752,42,44
631406,720575940628114684,65,64
631406,720575940628598121,78,83
631406,720575940628630171,19,21
631406,720575940628648809,49,52
631406,720575940628676457,21,25
631406,720575940628755815,55,60
631406,720575940628826128,35,39
631406,720575940628972048,45,46
631406,720575940628995331,1,0
631406,720575940628997123,18,17
631406,720575940628998659,16,15
631406,720575940629000783,17,18
631406,720575940629207963,26,28
631406,720575940629239934,11,8
631406,720575940629421415,6,3
631406,720575940629508599,3,2
631406,720575940629561347,26,18
631406,720575940629623351,1,2
631406,720575940629664768,11,8
631406,720575940629778554,97,112
631406,720575940629804158,2,1
631406,720575940629810748,61,59
631406,720575940629812346,7,6
631406,720575940630034231,15,17
631406,720575940630044278,3,5
631406,720575940630094652,8,10
631406,720575940630291767,2,4
631406,720575940630403031,1,0
631406,720575940630488540,12,14
631406,720575940630579574,55,59
631406,720575940630664556,27,26
631406,720575940630667372,36,41
631406,720575940630683385,53,59
631406,720575940630771449,25,26
631406,720575940630781433,2,4
631406,720575940630806267,27,33
631406,720575940630865724,63,65
631406,720575940630868793,106,121
631406,720575940630931999,8,4
631406,720575940630980559,11,10
631406,720575940630996055,56,57
631406,720575940631108303,2,4
631406,720575940631168057,13,10
631406,720575940631283267,19,22
631406,720575940631340815,16,17
631406,720575940631406411,37,42
631406,720575940631662648,10,18
631406,720575940631703608,40,42
631406,720575940631714119,12,10
631406,720575940631918649,77,74
631406,720575940631959097,57,54
631406,720575940631989352,1,0
631406,720575940631994728,12,9
631406,720575940631997032,47,48
631406,720575940631999080,34,42
631406,720575940632047890,85,76
631406,720575940632118156,73,80
631406,720575940632134227,11,9
631406,720575940632159519,17,19
631406,720575940632252743,60,58
631406,720575940632304711,24,29
631406,720575940632365905,37,35
631406,720575940632602532,45,49
631406,720575940632659404,1,2
631406,720575940632722771,44,49
631406,720575940632962786,4,3
631406,720575940633116256,5,3
631406,720575940633185567,74,62
631406,720575940633277209,84,85
631406,720575940633293025,18,16
631406,720575940633308371,4,3
631406,720575940633316563,15,14
631406,720575940633612698,41,38
631406,720575940633674135,47,45
631406,720575940634210155,2,1
631406,720575940634301852,23,29
631406,720575940634428058,5,3
631406,720575940634645600,68,75
631406,720575940635055039,40,39
631406,720575940635211115,4,7
631406,720575940635239672,28,35
631406,720575940635451546,11,9
631406,720575940635578303,41,38
631406,720575940635611316,1,2
631406,720575940636053678,68,66
631406,720575940636165624,26,31
631406,720575940636809646,21,20
631406,720575940636895406,23,25
631406,720575940637144944,8,6
631406,720575940637360730,4,5
631406,720575940638088262,5,3
631406,720575940638181092,65,71
631406,720575940639198397,21,20
631406,720575940639425112,30,33
631406,720575940639786915,28,35
631406,720575940639972816,13,19
631406,720575940640839120,14,10
631406,720575940641366517,61,62
631406,720575940641480949,13,20
631406,720575940642335373,7,6
631406,720575940642428045,61,65
631406,720575940644653348,39,44
631406,720575940644758308,3,4
631406,720575940644968215,2,3
631406,720575940645045527,7,4
631406,720575940645047831,12,13
631406,720575940645521262,61,64
631406,720575940647029044,16,21
631406,720575940647030324,17,16
631406,720575940647518340,38,42
631406,720575940648864633,8,6
631406,720575940649829241,49,51
631406,720575940655011489,6,10
631406,720575940655013025,52,49
631406,720575940655014049,83,81
631406,720575940660219265,87,86
631406,720575940660220289,2,1
631406,720575940660223873,51,56
631406,720575940660224641,0,1
631406,720575940660229505,38,41
631407,720575940606607234,17,18
631407,720575940607193986,43,41
631407,720575940607272649,57,56
631407,720575940607386290,23,24
631407,720575940607451081,34,31
631407,720575940607689394,6,8
631407,720575940608349379,7,6
631407,720575940608498780,26,25
631407,720575940608735241,23,24
631407,720575940609016843,7,6
631407,720575940609405635,25,24
631407,720575940609407939,41,40
631407,720575940609935172,15,16
631407,720575940609939780,17,18
631407,720575940609993284,22,23
631407,720575940610001220,7,4
631407,720575940610054980,72,67
631407,720575940610173048,1,0
631407,720575940610232274,9,10
631407,720575940610258552,31,29
631407,720575940610611246,10,12
631407,720575940610621026,0,1
631407,720575940610677828,46,47
631407,720575940610803554,28,29
631407,720575940610916465,34,33
631407,720575940611015122,27,28
631407,720575940611151406,8,7
631407,720575940611164770,13,14
631407,720575940611366058,3,6
631407,720575940611436408,24,25
631407,720575940611548878,50,41
631407,720575940611549902,19,21
631407,720575940611988197,2,4
631407,720575940612036837,38,37
631407,720575940612208858,12,15
631407,720575940612289010,9,10
631407,720575940612423922,60,65
631407,720575940612479205,7,9
631407,720575940612537061,3,1
631407,720575940612558061,26,29
631407,720575940612603289,0,1
631407,720575940612611301,72,70
631407,720575940612692633,54,51
631407,720575940612766515,7,6
631407,720575940612865814,0,1
631407,720575940612906518,76,78
631407,720575940612952557,13,14
631407,720575940613347299,25,27
631407,720575940613670893,21,23
631407,720575940613687789,35,36
631407,720575940613943215,18,16
631407,720575940614660519,19,21
631407,720575940614730914,16,13
631407,720575940614763666,77,75
631407,720575940614909506,0,1
631407,720575940615041430,111,108
631407,720575940615052812,13,14
631407,720575940615153494,3,4
631407,720575940615564959,4,3
631407,720575940615582111,3,2
631407,720575940615623867,7,6
631407,720575940615671106,77,80
631407,720575940615715003,1,3
631407,720575940616018956,75,72
631407,720575940616466260,50,48
631407,720575940616644411,23,24
631407,720575940616857174,43,42
631407,720575940616864217,45,47
631407,720575940617373268,3,1
631407,720575940617488477,11,10
631407,720575940617494877,10,13
631407,720575940617552057,40,39
631407,720575940617588258,35,33
631407,720575940617629841,48,44
631407,720575940618165019,108,107
631407,720575940618472261,54,53
631407,720575940618574749,28,29
631407,720575940618696989,30,31
631407,720575940618726171,13,11
631407,720575940618859480,10,13
631407,720575940618995393,7,6
631407,720575940619048827,70,69
631407,720575940619114048,26,25
631407,720575940619173534,17,16
631407,720575940619176094,2,1
631407,720575940619455879,2,1
631407,720575940619473624,29,32
631407,720575940619853515,33,32
631407,720575940619877396,75,74
631407,720575940620025620,30,28
631407,720575940620031366,47,43
631407,720575940620062288,3,2
631407,720575940620254087,19,20
631407,720575940620271636,2,1
631407,720575940620274085,84,81
631407,720575940620282900,7,6
631407,720575940620292116,1,2
631407,720575940620374693,18,20
631407,720575940620473547,17,18
631407,720575940620474278,3,4
631407,720575940620714150,3,4
631407,720575940620780272,27,26
631407,720575940620805046,8,10
631407,720575940620873793,7,6
631407,720575940620874757,90,91
631407,720575940621057702,8,9
631407,720575940621261296,34,36
631407,720575940621329328,0,1
631407,720575940621345012,0,1
631407,720575940621399899,46,47
631407,720575940621422518,16,15
631407,720575940621468404,7,6
631407,720575940621519130,0,1
631407,720575940621538142,30,31
631407,720575940621573030,21,23
631407,720575940621577036,9,10
631407,720575940621586854,66,69
631407,720575940621771041,6,7
631407,720575940622027222,1,3
631407,720575940622235425,55,56
631407,720575940622348156,23,22
631407,720575940622552675,2,1
631407,720575940622612749,30,25
631407,720575940622624214,5,4
631407,720575940622734106,2,1
631407,720575940622810153,49,45
631407,720575940623072013,7,6
631407,720575940623210445,62,60
631407,720575940623211725,63,62
631407,720575940623352063,84,81
631407,720575940623453959,27,26
631407,720575940623478115,11,12
631407,720575940623578375,40,41
631407,720575940624163303,1,0
631407,720575940624310857,3,4
631407,720575940624366845,2,1
631407,720575940624484796,50,54
631407,720575940624600840,9,8
631407,720575940624623287,31,33
631407,720575940624897516,31,30
631407,720575940625045180,79,84
631407,720575940625178768,25,24
631407,720575940625580988,40,38
631407,720575940625612474,0,1
631407,720575940625641402,2,3
631407,720575940625705930,62,63
631407,720575940625737776,37,40
631407,720575940625867056,57,58
631407,720575940625874992,69,65
631407,720575940625875504,58,59
631407,720575940626038714,5,6
631407,720575940626191306,99,98
631407,720575940626256765,15,14
631407,720575940626278974,11,7
631407,720575940626279742,36,33
631407,720575940626289021,6,7
631407,720575940626308697,24,25
631407,720575940626999464,9,10
631407,720575940627086594,19,18
631407,720575940627410451,29,30
631407,720575940627446661,4,3
631407,720575940627704392,1,2
631407,720575940627812168,11,10
631407,720575940627814728,2,3
631407,720575940627828296,8,9
631407,720575940627847752,43,46
631407,720575940628630171,19,18
631407,720575940628648809,47,48
631407,720575940628676457,22,21
631407,720575940628755815,54,53
631407,720575940628826128,39,35
631407,720575940628972048,43,45
631407,720575940628995331,1,0
631407,720575940628997123,16,21
631407,720575940628998659,15,12
631407,720575940629000783,17,19
631407,720575940629207963,22,21
631407,720575940629239934,10,12
631407,720575940629421415,7,8
631407,720575940629623351,1,0
631407,720575940629664768,7,10
631407,720575940629778554,106,107
631407,720575940629804158,2,1
631407,720575940629812346,6,8
631407,720575940629888530,127,124
631407,720575940630034231,14,13
631407,720575940630044278,3,2
631407,720575940630094652,8,9
631407,720575940630291767,1,2
631407,720575940630403031,0,2
631407,720575940630579574,55,56
631407,720575940630664556,26,27
631407,720575940630695798,0,2
631407,720575940630781433,5,8
631407,720575940630806267,30,29
631407,720575940630865724,56,59
631407,720575940630868793,110,106
631407,720575940630931999,11,10
631407,720575940630996055,57,56
631407,720575940631108303,7,6
631407,720575940631168057,11,12
631407,720575940631283267,21,18
631407,720575940631340815,15,14
631407,720575940631349335,60,61
631407,720575940631406411,36,38
631407,720575940631662648,13,12
631407,720575940631703608,40,38
631407,720575940631714119,9,8
631407,720575940631959097,53,47
631407,720575940631967506,2,0
631407,720575940631989352,1,0
631407,720575940631994728,10,8
631407,720575940631997032,44,45
631407,720575940632047890,80,75
631407,720575940632118156,78,76
631407,720575940632252743,56,58
631407,720575940632304711,27,23
631407,720575940632602532,48,45
631407,720575940632659404,1,2
631407,720575940632722771,49,46
631407,720575940632962786,4,2
631407,720575940633185567,67,66
631407,720575940633293025,18,17
631407,720575940633308371,5,3
631407,720575940633316563,11,15
631407,720575940633373651,5,8
631407,720575940633612698,37,38
631407,720575940633674135,46,44
631407,720575940634301852,25,24
631407,720575940634428058,7,6
631407,720575940634645600,70,69
631407,720575940634756203,4,5
631407,720575940635055039,38,37
631407,720575940635211115,3,4
631407,720575940635578303,38,36
631407,720575940635611316,1,2
631407,720575940635839077,2,1
631407,720575940636053678,65,64
631407,720575940636165624,28,25
631407,720575940636346487,2,1
631407,720575940636828334,2,1
631407,720575940637144944,6,7
631407,720575940637360730,3,5
631407,720575940637656286,5,7
631407,720575940637790527,1,0
631407,720575940638088262,7,6
631407,720575940638181092,66,65
631407,720575940639198397,19,18
631407,720575940639285949,73,74
631407,720575940639425112,33,32
631407,720575940641480949,15,14
631407,720575940641585627,0,1
631407,720575940642335373,7,8
631407,720575940643867296,60,65
631407,720575940644653348,35,37
631407,720575940644758308,1,3
631407,720575940644968215,1,2
631407,720575940645045527,5,6
631407,720575940645047831,12,9
631407,720575940645521262,56,60
631407,720575940647033396,34,33
631407,720575940647518340,38,39
631407,720575940649829241,48,49
631407,720575940655014049,74,78
631407,720575940660219265,80,81
631407,720575940660220289,2,3
631407,720575940660223873,54,53
631407,720575940660229505,42,40
631408,720575940605682790,18,15
631408,720575940606607234,21,18
631408,720575940607193986,41,43
631408,720575940607386290,25,26
631408,720575940607689394,7,9
631408,720575940608498780,27,26
631408,720575940608735241,25,23
631408,720575940609133269,22,20
631408,720575940609407939,43,46
631408,720575940609915204,37,34
631408,720575940609935172,18,17
631408,720575940609939780,17,19
631408,720575940609993284,25,27
631408,720575940610000964,22,18
631408,720575940610001220,4,7
631408,720575940610054980,73,67
631408,720575940610232274,11,12
631408,720575940610258552,32,34
631408,720575940610611246,12,9
631408,720575940610803554,32,31
631408,720575940610916465,34,35
631408,720575940611151406,10,8
631408,720575940611160930,29,32
631408,720575940611164770,13,15
631408,720575940611366058,6,5
631408,720575940611548878,48,33
631408,720575940612036837,34,36
631408,720575940612208858,11,9
631408,720575940612289010,12,9
631408,720575940612357618,14,13
631408,720575940612423922,63,64
631408,720575940612479205,11,9
631408,720575940612537061,4,5
631408,720575940612558061,30,32
631408,720575940612611301,71,73
631408,720575940612692633,54,57
631408,720575940612906518,80,79
631408,720575940612952557,16,13
631408,720575940613004402,23,17
631408,720575940613670893,22,23
631408,720575940613929391,32,29
631408,720575940613943215,22,18
631408,720575940614128691,26,27
631408,720575940614660519,19,21
631408,720575940614730914,15,14
631408,720575940614763666,82,80
631408,720575940615041430,108,113
631408,720575940615153494,4,3
631408,720575940615296818,27,26
631408,720575940615564959,6,5
631408,720575940615582111,3,4
631408,720575940615623867,5,7
631408,720575940615671106,87,88
631408,720575940615715003,3,2
631408,720575940615811670,6,7
631408,720575940616018956,76,75
631408,720575940616466260,51,53
631408,720575940616644411,22,25
631408,720575940616857174,47,51
631408,720575940616860758,4,3
631408,720575940616864217,48,44
631408,720575940617373268,2,1
631408,720575940617488477,10,11
631408,720575940617552057,42,43
631408,720575940617629841,50,47
631408,720575940618165019,106,95
631408,720575940618472261,56,49
631408,720575940618574749,38,35
631408,720575940618696989,33,34
631408,720575940618859480,15,13
631408,720575940619048827,69,61
631408,720575940619114048,28,26
631408,720575940619173534,19,17
631408,720575940619473624,29,31
631408,720575940619588568,35,36
631408,720575940619853515,37,36
631408,720575940619877396,80,85
631408,720575940619973712,111,113
631408,720575940620025620,31,24
631408,720575940620062288,5,4
631408,720575940620170887,33,29
631408,720575940620254087,22,19
631408,720575940620274085,89,91
631408,720575940620335269,60,54
631408,720575940620374693,16,18
631408,720575940620473547,19,18
631408,720575940620474278,5,7
631408,720575940620714150,8,6
631408,720575940620746478,0,1
631408,720575940620780272,27,28
631408,720575940620805046,14,11
631408,720575940620874757,97,98
631408,720575940621057702,10,11
631408,720575940621261296,38,37
631408,720575940621329328,3,2
631408,720575940621345012,2,1
631408,720575940621399899,53,50
631408,720575940621422518,19,18
631408,720575940621538142,33,34
631408,720575940621573030,24,22
631408,720575940621577036,9,8
631408,720575940621586854,72,68
631408,720575940621771041,7,6
631408,720575940622027222,6,4
631408,720575940622235425,60,59
631408,720575940622348156,23,24
631408,720575940622552675,0,1
631408,720575940622612749,32,30
631408,720575940622810153,46,39
631408,720575940623209165,37,29
631408,720575940623210445,59,60
631408,720575940623211725,70,66
631408,720575940623352063,83,81
631408,720575940623453959,26,29
631408,720575940623478115,14,15
631408,720575940623578375,44,43
631408,720575940624310857,5,6
631408,720575940624484796,55,53
631408,720575940624600840,8,6
631408,720575940624623287,32,34
631408,720575940624897516,32,34
631408,720575940624906483,30,31
631408,720575940624966840,33,31
631408,720575940625045180,79,76
631408,720575940625047484,47,48
631408,720575940625102692,55,54
631408,720575940625175054,66,64
631408,720575940625178768,25,26
631408,720575940625580988,43,42
631408,720575940625612474,2,1
631408,720575940625705930,67,66
631408,720575940625861660,40,45
631408,720575940625867056,59,61
631408,720575940625874992,71,52
631408,720575940625875504,60,50
631408,720575940626038714,8,6
631408,720575940626191306,101,102
631408,720575940626256765,16,18
631408,720575940626278974,10,8
631408,720575940626279742,36,37
631408,720575940626289021,8,10
631408,720575940626468178,2,1
631408,720575940626495746,34,32
631408,720575940626626597,26,27
631408,720575940626999464,10,8
631408,720575940627083294,17,18
631408,720575940627086594,22,20
631408,720575940627107271,17,13
631408,720575940627446661,7,9
631408,720575940627812168,8,9
631408,720575940627814728,3,4
631408,720575940627828296,8,7
631408,720575940627847752,48,46
631408,720575940628598121,79,71
631408,720575940628630171,21,23
631408,720575940628648809,52,53
631408,720575940628676457,24,21
631408,720575940628826128,41,38
631408,720575940628972048,48,46
631408,720575940628997123,20,21
631408,720575940628998659,16,15
631408,720575940629207963,29,24
631408,720575940629239934,13,12
631408,720575940629421415,5,7
631408,720575940629561347,28,26
631408,720575940629664768,8,10
631408,720575940629778554,106,94
631408,720575940629810748,60,62
631408,720575940630034231,17,14
631408,720575940630094652,11,9
631408,720575940630488540,16,15
631408,720575940630667372,39,38
631408,720575940630674038,19,21
631408,720575940630683385,53,43
631408,720575940630771449,29,28
631408,720575940630781433,6,5
631408,720575940630806267,32,23
631408,720575940630820919,44,41
631408,720575940630865724,67,69
631408,720575940630868793,109,90
631408,720575940630931999,9,10
631408,720575940630980559,12,14
631408,720575940631108303,6,4
631408,720575940631168057,13,11
631408,720575940631283267,23,22
631408,720575940631662648,19,16
631408,720575940631918649,75,80
631408,720575940631959097,53,55
631408,720575940631989352,1,2
631408,720575940631994728,13,10
631408,720575940631997032,45,47
631408,720575940631999080,35,27
631408,720575940632047890,79,76
631408,720575940632118156,75,67
631408,720575940632134227,10,8
631408,720575940632159519,17,16
631408,720575940632252743,59,61
631408,720575940632304711,28,18
631408,720575940632365905,34,33
631408,720575940632602532,50,47
631408,720575940632722771,47,51
631408,720575940632962786,0,1
631408,720575940633185567,71,66
631408,720575940633293025,18,15
631408,720575940633308371,6,5
631408,720575940633316563,14,15
631408,720575940633373651,9,7
631408,720575940633612698,39,40
631408,720575940634210155,2,1
631408,720575940634645600,69,62
631408,720575940634756203,4,3
631408,720575940634825623,7,8
631408,720575940635055039,41,39
631408,720575940635211115,5,7
631408,720575940635239672,32,29
631408,720575940635451546,9,11
631408,720575940635578303,42,41
631408,720575940636053678,63,65
631408,720575940636165624,31,24
631408,720575940636346487,4,3
631408,720575940636895406,26,22
631408,720575940637144944,8,9
631408,720575940637360730,3,4
631408,720575940638103349,98,99
631408,720575940638181092,67,61
631408,720575940639425112,36,38
631408,720575940639786915,32,29
631408,720575940639972816,17,12
631408,720575940640839120,13,12
631408,720575940641480949,17,14
631408,720575940641585627,2,0
631408,720575940642335373,10,9
631408,720575940642428045,61,62
631408,720575940643867296,57,64
631408,720575940644653348,40,39
631408,720575940644758308,5,3
631408,720575940645045527,5,8
631408,720575940645047831,18,15
631408,720575940645352814,3,4
631408,720575940645521262,65,66
631408,720575940647029044,20,18
631408,720575940647030324,16,19
631408,720575940647518340,42,39
631408,720575940648864633,4,6
631408,720575940649829241,52,51
631408,720575940652580086,99,98
631408,720575940655011489,9,11
631408,720575940660219265,80,79
631408,720575940660220289,2,4
631408,720575940660224641,1,0
631408,720575940660229505,39,41
631409,720575940605658033,23,25
631409,720575940605682790,16,15
631409,720575940606607234,20,18
631409,720575940606852018,1,2
631409,720575940607272649,65,62
631409,720575940607386290,23,21
631409,720575940607451081,35,36
631409,720575940607689394,10,8
631409,720575940608498780,29,27
631409,720575940608735241,23,22
631409,720575940609133269,25,23
631409,720575940609405635,29,26
631409,720575940609407939,46,44
631409,720575940609915204,37,35
631409,720575940609935172,19,20
631409,720575940609939780,18,17
631409,720575940609993284,23,25
631409,720575940610000964,23,22
631409,720575940610001220,7,8
631409,720575940610054980,78,71
631409,720575940610258552,35,32
631409,720575940610611246,12,10
631409,720575940610621026,5,4
631409,720575940610677828,52,49
631409,720575940610803554,34,32
631409,720575940611151406,7,5
631409,720575940611160930,32,31
631409,720575940611366058,7,5
631409,720575940611436408,28,26
631409,720575940611548878,48,40
631409,720575940611549902,22,21
631409,720575940612208858,14,11
631409,720575940612289010,12,11
631409,720575940612357618,13,11
631409,720575940612423922,63,61
631409,720575940612479205,11,9
631409,720575940612537061,7,4
631409,720575940612603289,1,2
631409,720575940612611301,76,75
631409,720575940612692633,58,56
631409,720575940612888178,39,36
631409,720575940612906518,78,77
631409,720575940612952557,21,16
631409,720575940613004402,23,19
631409,720575940613347299,32,33
631409,720575940613687789,37,40
631409,720575940613743569,1,3
631409,720575940613929391,31,29
631409,720575940613943215,22,21
631409,720575940614386070,3,0
631409,720575940614660519,20,21
631409,720575940614730914,15,14
631409,720575940614763666,82,80
631409,720575940615041430,119,120
631409,720575940615153494,4,5
631409,720575940615296818,26,25
631409,720575940615564959,6,4
631409,720575940615582111,5,3
631409,720575940615671106,90,87
631409,720575940615715003,4,2
631409,720575940616018956,75,76
631409,720575940616466260,56,54
631409,720575940616644411,25,23
631409,720575940616857174,51,47
631409,720575940616864086,39,37
631409,720575940616864217,49,48
631409,720575940617373268,3,0
631409,720575940617494877,17,15
631409,720575940617552057,46,43
631409,720575940617588258,39,40
631409,720575940617593233,63,62
631409,720575940617629841,49,51
631409,720575940618153105,1,0
631409,720575940618165019,118,101
631409,720575940618472261,58,50
631409,720575940618574749,35,42
631409,720575940618696989,33,34
631409,720575940618726171,15,12
631409,720575940618800064,1,3
631409,720575940618859480,10,11
631409,720575940618864725,3,6
631409,720575940619048827,71,64
631409,720575940619114048,30,28
631409,720575940619176094,1,2
631409,720575940619455879,2,4
631409,720575940619853515,39,36
631409,720575940619877396,83,80
631409,720575940620025620,33,28
631409,720575940620031366,52,49
631409,720575940620062288,4,5
631409,720575940620170887,33,29
631409,720575940620254087,23,20
631409,720575940620271636,0,1
631409,720575940620274085,86,87
631409,720575940620292116,6,4
631409,720575940620335269,67,59
631409,720575940620374693,20,19
631409,720575940620473547,19,17
631409,720575940620673985,50,49
631409,720575940620714150,8,9
631409,720575940620874757,97,96
631409,720575940621057702,12,11
631409,720575940621261296,40,37
631409,720575940621345012,3,2
631409,720575940621399899,52,51
631409,720575940621519130,1,2
631409,720575940621538142,33,32
631409,720575940621573030,22,21
631409,720575940621577036,12,10
631409,720575940621586854,70,76
631409,720575940621771041,5,7
631409,720575940622027222,6,8
631409,720575940622235425,59,58
631409,720575940622474899,2,1
631409,720575940622552675,0,1
631409,720575940622612749,39,38
631409,720575940622624214,3,6
631409,720575940622734106,2,1
631409,720575940622810153,47,40
631409,720575940623192781,24,25
631409,720575940623209165,36,32
631409,720575940623211725,68,66
631409,720575940623352063,84,88
631409,720575940623478115,14,13
631409,720575940623578375,45,44
631409,720575940624023188,30,28
631409,720575940624163303,0,1
631409,720575940624366845,1,2
631409,720575940624484796,60,56
631409,720575940624600840,10,9
631409,720575940624623287,35,33
631409,720575940624897516,35,34
631409,720575940624966840,33,34
631409,720575940625045180,83,76
631409,720575940625047484,52,50
631409,720575940625102692,54,55
631409,720575940625164558,0,1
631409,720575940625175054,65,64
631409,720575940625580988,43,41
631409,720575940625612474,2,0
631409,720575940625641402,5,3
631409,720575940625737776,44,40
631409,720575940625861660,39,40
631409,720575940625867056,60,59
631409,720575940625874992,68,58
631409,720575940625875504,57,53
631409,720575940626038714,3,6
631409,720575940626159306,1,0
631409,720575940626191306,103,101
631409,720575940626256765,15,16
631409,720575940626278974,9,10
631409,720575940626279742,34,37
631409,720575940626289021,12,10
631409,720575940626308697,26,25
631409,720575940626468178,1,0
631409,720575940626495746,37,36
631409,720575940626626597,30,28
631409,720575940626968216,2,1
631409,720575940626972056,27,26
631409,720575940626993694,24,23
631409,720575940626999464,12,9
631409,720575940627086594,21,22
631409,720575940627107271,17,14
631409,720575940627410451,29,33
631409,720575940627446661,5,8
631409,720575940627704392,4,3
631409,720575940627779983,25,24
631409,720575940627812168,11,9
631409,720575940627819151,33,31
631409,720575940627828296,14,12
631409,720575940627847752,47,45
631409,720575940628129129,1,0
631409,720575940628598121,84,75
631409,720575940628630171,20,21
631409,720575940628648809,56,53
631409,720575940628676457,27,23
631409,720575940628755815,56,55
631409,720575940628826128,46,41
631409,720575940628972048,46,45
631409,720575940628995331,2,1
631409,720575940629000783,21,19
631409,720575940629207963,28,24
631409,720575940629239934,14,13
631409,720575940629421415,3,2
631409,720575940629561347,22,23
631409,720575940629664768,7,9
631409,720575940629778554,107,97
631409,720575940629810748,59,54
631409,720575940630034231,20,17
631409,720575940630044278,6,5
631409,720575940630291767,5,6
631409,720575940630403031,1,0
631409,720575940630488540,17,15
631409,720575940630579574,58,54
631409,720575940630664556,28,29
631409,720575940630667372,43,42
631409,720575940630674038,20,19
631409,720575940630683385,57,51
631409,720575940630771449,26,29
631409,720575940630781433,5,6
631409,720575940630806267,30,26
631409,720575940630820919,44,42
631409,720575940630865724,66,63
631409,720575940630868793,115,101
631409,720575940630980559,9,12
631409,720575940630996055,56,57
631409,720575940631108303,4,3
631409,720575940631168057,14,12
631409,720575940631283267,22,21
631409,720575940631340815,18,16
631409,720575940631349335,63,64
631409,720575940631406411,41,38
631409,720575940631629160,1,2
631409,720575940631662648,13,9
631409,720575940631703608,46,45
631409,720575940631918649,77,75
631409,720575940631959097,59,57
631409,720575940631994728,14,11
631409,720575940631999080,36,31
631409,720575940632047890,77,82
631409,720575940632118156,79,71
631409,720575940632252743,64,63
631409,720575940632304711,28,23
631409,720575940632365905,35,37
631409,720575940632602532,54,49
631409,720575940632659404,3,4
631409,720575940632722515,1,0
631409,720575940632722771,50,47
631409,720575940632962786,3,1
631409,720575940633185567,73,76
631409,720575940633293025,20,19
631409,720575940633373651,11,10
631409,720575940633612698,38,36
631409,720575940634301852,26,24
631409,720575940634645600,71,65
631409,720575940634825623,5,9
631409,720575940635055039,40,41
631409,720575940635239672,37,31
631409,720575940635451546,11,10
631409,720575940635578303,44,42
631409,720575940635611316,6,5
631409,720575940635839077,2,1
631409,720575940636053678,69,67
631409,720575940636165624,29,22
631409,720575940636346487,3,2
631409,720575940636654703,1,0
631409,720575940636809646,25,22
631409,720575940636828334,4,2
631409,720575940636895406,26,23
631409,720575940637144944,9,8
631409,720575940637360730,8,6
631409,720575940637656286,10,12
631409,720575940638103349,99,97
631409,720575940638181092,68,59
631409,720575940639198397,20,19
631409,720575940639285949,74,75
631409,720575940639425112,33,32
631409,720575940639786915,34,30
631409,720575940639972816,17,14
631409,720575940640839120,12,14
631409,720575940641480949,19,18
631409,720575940641585627,2,1
631409,720575940642428045,63,62
631409,720575940643867296,60,59
631409,720575940644653348,43,42
631409,720575940644666148,0,1
631409,720575940644758308,6,7
631409,720575940645045527,6,7
631409,720575940645047831,18,17
631409,720575940645352814,3,4
631409,720575940645521262,70,65
631409,720575940647029044,18,19
631409,720575940647030324,17,16
631409,720575940647033396,37,36
631409,720575940647081860,1,0
631409,720575940647518340,44,40
631409,720575940649829241,52,49
631409,720575940655013025,53,49
631409,720575940655014049,81,82
631409,720575940660219265,84,83
631409,720575940660223873,56,55
631409,720575940660224641,2,1
631411,720575940605513649,4,5
631411,720575940605682790,15,16
631411,720575940606607234,19,20
631411,720575940606852018,0,1
631411,720575940607193986,40,42
631411,720575940607272649,57,61
631411,720575940607386290,24,26
631411,720575940607689394,10,8
631411,720575940608498780,25,27
631411,720575940608735241,25,24
631411,720575940609133269,21,22
631411,720575940609407939,44,45
631411,720575940609915204,34,36
631411,720575940609935172,17,18
631411,720575940609939780,20,17
631411,720575940609993284,22,23
631411,720575940610000964,21,23
631411,720575940610001220,6,7
631411,720575940610054980,76,78
631411,720575940610058052,0,1
631411,720575940610232274,13,11
631411,720575940610258552,32,34
631411,720575940610611246,9,11
631411,720575940610621026,1,3
631411,720575940610677828,49,51
631411,720575940611015122,29,32
631411,720575940611164770,15,12
631411,720575940611366058,8,7
631411,720575940611436408,27,26
631411,720575940611548878,38,44
631411,720575940611549902,23,21
631411,720575940611988197,5,3
631411,720575940612036837,39,36
631411,720575940612064113,69,70
631411,720575940612208858,16,12
631411,720575940612289010,11,12
631411,720575940612423922,66,68
631411,720575940612479205,10,12
631411,720575940612611301,74,76
631411,720575940612692633,57,56
631411,720575940612888178,40,36
631411,720575940612906518,79,81
631411,720575940612952557,15,17
631411,720575940613004402,18,25
631411,720575940613347299,28,32
631411,720575940613670893,21,22
631411,720575940613687789,39,38
631411,720575940613743569,3,5
631411,720575940613929391,31,32
631411,720575940613943215,20,21
631411,720575940614128691,27,26
631411,720575940614386070,0,3
631411,720575940614660519,19,20
631411,720575940614730914,17,14
631411,720575940615041430,115,111
631411,720575940615052812,15,16
631411,720575940615153494,2,4
631411,720575940615564959,5,9
631411,720575940615582111,3,7
631411,720575940615623867,6,7
631411,720575940615671106,82,85
631411,720575940615715003,1,2
631411,720575940615811670,8,6
631411,720575940616466260,53,52
631411,720575940616644411,24,23
631411,720575940616857174,48,49
631411,720575940616860758,4,2
631411,720575940616864086,37,33
631411,720575940616864217,50,44
631411,720575940617373268,3,2
631411,720575940617494877,18,15
631411,720575940617552057,41,43
631411,720575940617588258,39,37
631411,720575940617593233,63,64
631411,720575940617629841,47,49
631411,720575940618165019,112,114
631411,720575940618574749,35,32
631411,720575940618696989,36,34
631411,720575940618859480,14,16
631411,720575940618864725,4,5
631411,720575940619048827,70,75
631411,720575940619114048,25,27
631411,720575940619173534,19,18
631411,720575940619455879,2,3
631411,720575940619473624,34,32
631411,720575940619853515,40,39
631411,720575940619877396,79,81
631411,720575940619973712,113,114
631411,720575940620025620,27,34
631411,720575940620031366,51,49
631411,720575940620062288,5,6
631411,720575940620254087,18,21
631411,720575940620271636,3,2
631411,720575940620274085,91,87
631411,720575940620292116,4,3
631411,720575940620335269,64,65
631411,720575940620473547,19,18
631411,720575940620474278,9,7
631411,720575940620673985,46,47
631411,720575940620714150,6,5
631411,720575940620805046,7,11
631411,720575940620874757,102,103
631411,720575940621057702,12,11
631411,720575940621345012,1,2
631411,720575940621399899,49,50
631411,720575940621422518,18,20
631411,720575940621538142,33,35
631411,720575940621573030,20,21
631411,720575940621586854,75,68
631411,720575940621771041,5,6
631411,720575940622235425,59,58
631411,720575940622348156,25,24
631411,720575940622552675,1,0
631411,720575940622612749,34,33
631411,720575940622624214,6,4
631411,720575940622695448,140,141
631411,720575940622810153,42,51
631411,720575940623192781,24,26
631411,720575940623210445,65,66
631411,720575940623211725,65,68
631411,720575940623224555,1,0
631411,720575940623352063,89,81
631411,720575940623453959,31,28
631411,720575940623478115,14,13
631411,720575940623578375,43,46
631411,720575940624023188,28,27
631411,720575940624084372,6,4
631411,720575940624163303,2,1
631411,720575940624310857,10,8
631411,720575940624484796,53,55
631411,720575940624600840,8,10
631411,720575940624623287,33,34
631411,720575940624897516,36,33
631411,720575940624906483,33,32
631411,720575940625045180,79,82
631411,720575940625047484,51,50
631411,720575940625175054,64,67
631411,720575940625178768,25,27
631411,720575940625612474,0,3
631411,720575940625705930,65,64
631411,720575940625737776,45,43
631411,720575940625874992,61,71
631411,720575940625875504,54,63
631411,720575940626038714,3,5
631411,720575940626278974,9,11
631411,720575940626279742,37,36
631411,720575940626289021,12,10
631411,720575940626308697,25,26
631411,720575940626478082,1,2
631411,720575940626495746,35,36
631411,720575940626626597,28,27
631411,720575940626972056,27,29
631411,720575940627083294,18,17
631411,720575940627107271,12,15
631411,720575940627410451,28,30
631411,720575940627704392,4,2
631411,720575940627779983,24,25
631411,720575940627812168,12,11
631411,720575940627814728,3,2
631411,720575940627819151,28,31
631411,720575940627828296,13,11
631411,720575940627847752,47,48
631411,720575940628598121,79,83
631411,720575940628630171,21,22
631411,720575940628676457,23,24
631411,720575940628826128,42,37
631411,720575940628972048,46,45
631411,720575940628995331,0,1
631411,720575940628997123,19,18
631411,720575940629000783,22,21
631411,720575940629207963,25,27
631411,720575940629239934,10,12
631411,720575940629421415,4,5
631411,720575940629508599,2,4
631411,720575940629561347,24,23
631411,720575940629623351,0,1
631411,720575940629664768,9,11
631411,720575940629778554,98,103
631411,720575940629810748,58,59
631411,720575940629888530,128,129
631411,720575940630034231,16,17
631411,720575940630094652,13,10
631411,720575940630488540,13,15
631411,720575940630579574,58,59
631411,720575940630664556,26,30
631411,720575940630667372,40,37
631411,720575940630674038,22,20
631411,720575940630683385,47,57
631411,720575940630695798,0,1
631411,720575940630771449,26,28
631411,720575940630781433,5,6
631411,720575940630806267,25,30
631411,720575940630820919,40,43
631411,720575940630865724,65,66
631411,720575940630868793,107,114
631411,720575940630903291,1,0
631411,720575940630931999,8,7
631411,720575940630996055,56,58
631411,720575940631108303,2,4
631411,720575940631168057,11,14
631411,720575940631283267,21,19
631411,720575940631340815,16,17
631411,720575940631662648,13,15
631411,720575940631703608,40,43
631411,720575940631714119,11,13
631411,720575940631918649,80,77
631411,720575940631959097,55,52
631411,720575940631989352,1,3
631411,720575940631997032,49,48
631411,720575940631999080,31,36
631411,720575940632118156,76,82
631411,720575940632134227,8,7
631411,720575940632159519,16,18
631411,720575940632252743,61,58
631411,720575940632304711,20,28
631411,720575940632365905,39,37
631411,720575940632659404,4,3
631411,720575940632722771,49,50
631411,720575940632962786,5,3
631411,720575940633185567,77,69
631411,720575940633308371,5,6
631411,720575940633316563,15,16
631411,720575940633612698,37,39
631411,720575940633674135,47,48
631411,720575940634210155,1,2
631411,720575940634301852,27,26
631411,720575940634645600,68,72
631411,720575940634756203,1,3
631411,720575940634825623,10,9
631411,720575940635055039,41,40
631411,720575940635211115,9,7
631411,720575940635239672,29,30
631411,720575940635451546,12,10
631411,720575940635578303,42,39
631411,720575940635611316,2,3
631411,720575940635839077,2,1
631411,720575940636053678,66,68
631411,720575940636165624,25,30
631411,720575940636809646,23,21
631411,720575940636895406,22,24
631411,720575940637144944,6,10
631411,720575940637360730,4,5
631411,720575940637656286,11,7
631411,720575940638103349,97,98
631411,720575940638181092,64,67
631411,720575940639198397,23,22
631411,720575940639285949,77,78
631411,720575940639425112,32,34
631411,720575940639972816,13,17
631411,720575940640839120,15,14
631411,720575940641480949,13,16
631411,720575940641585627,4,2
631411,720575940642428045,64,62
631411,720575940643867296,64,60
631411,720575940644653348,40,41
631411,720575940644968215,3,2
631411,720575940645045527,6,5
631411,720575940645352814,3,4
631411,720575940647029044,16,20
631411,720575940647518340,39,40
631411,720575940649829241,47,52
631411,720575940652580086,98,96
631411,720575940655011489,9,8
631411,720575940655013025,49,48
631411,720575940655014049,86,82
631411,720575940660219265,92,82
631411,720575940660220289,2,4
631411,720575940660223873,55,56
631411,720575940660229505,42,43
631412,720575940605658033,20,23
631412,720575940606391218,2,1
631412,720575940606852018,2,1
631412,720575940607272649,61,62
631412,720575940607451081,32,33
631412,720575940607689394,11,12
631412,720575940608349379,6,7
631412,720575940608498780,27,26
631412,720575940608735241,24,23
631412,720575940609016843,6,7
631412,720575940609133269,22,24
631412,720575940609405635,26,27
631412,720575940609407939,45,41
631412,720575940609915204,38,39
631412,720575940609935172,18,19
631412,720575940609939780,17,22
631412,720575940609993284,23,25
631412,720575940610000964,22,24
631412,720575940610001220,8,6
631412,720575940610232274,12,13
631412,720575940610611246,14,11
631412,720575940610677828,51,50
631412,720575940610803554,32,33
631412,720575940610916465,33,34
631412,720575940611151406,5,7
631412,720575940611160930,33,34
631412,720575940611164770,16,17
631412,720575940611548878,39,34
631412,720575940611549902,21,22
631412,720575940611988197,5,6
631412,720575940612208858,13,14
631412,720575940612357618,10,12
631412,720575940612423922,67,65
631412,720575940612537061,5,4
631412,720575940612558061,32,31
631412,720575940612611301,73,75
631412,720575940612766515,6,7
631412,720575940612888178,36,37
631412,720575940613670893,23,22
631412,720575940613687789,35,34
631412,720575940613743569,4,6
631412,720575940613929391,31,29
631412,720575940613943215,21,23
631412,720575940614660519,20,21
631412,720575940614730914,17,18
631412,720575940614763666,80,81
631412,720575940614909506,1,0
631412,720575940615041430,115,116
631412,720575940615153494,2,3
631412,720575940615296818,26,25
631412,720575940615564959,3,4
631412,720575940615582111,3,4
631412,720575940615623867,5,6
631412,720575940615671106,88,86
631412,720575940615811670,5,6
631412,720575940616466260,53,51
631412,720575940616644411,24,25
631412,720575940616857174,47,45
631412,720575940616860758,3,5
631412,720575940616864217,48,47
631412,720575940617373268,0,1
631412,720575940617471133,1,0
631412,720575940617488477,11,12
631412,720575940617494877,12,14
631412,720575940617552057,42,43
631412,720575940617593233,61,62
631412,720575940617629841,51,52
631412,720575940617672920,2,1
631412,720575940618153105,2,1
631412,720575940618574749,36,37
631412,720575940618696989,34,33
631412,720575940618859480,12,11
631412,720575940618995393,6,7
631412,720575940619048827,67,64
631412,720575940619114048,27,26
631412,720575940619455879,2,1
631412,720575940619853515,32,33
631412,720575940619877396,83,81
631412,720575940619973712,113,112
631412,720575940620025620,28,26
631412,720575940620062288,6,7
631412,720575940620274085,89,87
631412,720575940620282900,6,7
631412,720575940620292116,4,3
631412,720575940620335269,63,65
631412,720575940620374693,20,21
631412,720575940620473547,19,18
631412,720575940620673985,49,48
631412,720575940620714150,5,4
631412,720575940620805046,9,11
631412,720575940620873793,6,7
631412,720575940620874757,100,99
631412,720575940621057702,13,14
631412,720575940621261296,33,34
631412,720575940621329328,1,0
631412,720575940621345012,4,3
631412,720575940621399899,52,51
631412,720575940621422518,17,18
631412,720575940621468404,6,7
631412,720575940621586854,71,67
631412,720575940622235425,58,57
631412,720575940622348156,22,24
631412,720575940622624214,4,5
631412,720575940622810153,46,44
631412,720575940623072013,6,7
631412,720575940623192781,28,27
631412,720575940623210445,62,63
631412,720575940623352063,82,83
631412,720575940623453959,30,29
631412,720575940623578375,44,45
631412,720575940624023188,27,28
631412,720575940624084372,3,2
631412,720575940624163303,1,2
631412,720575940624484796,55,56
631412,720575940624600840,9,10
631412,720575940624623287,35,34
631412,720575940624897516,34,33
631412,720575940624906483,31,30
631412,720575940624966840,33,34
631412,720575940625045180,79,77
631412,720575940625047484,47,48
631412,720575940625102692,55,54
631412,720575940625175054,65,66
631412,720575940625641402,6,5
631412,720575940625705930,65,64
631412,720575940625737776,38,35
631412,720575940625861660,43,44
631412,720575940625867056,61,62
631412,720575940625874992,66,64
631412,720575940625875504,57,53
631412,720575940626038714,6,4
631412,720575940626159306,2,1
631412,720575940626163658,0,1
631412,720575940626256765,15,18
631412,720575940626289021,11,12
631412,720575940626308697,26,25
631412,720575940626468178,0,1
631412,720575940626478082,2,1
631412,720575940626495746,35,37
631412,720575940626626597,26,28
631412,720575940626972056,30,29
631412,720575940626993694,24,23
631412,720575940627083294,19,20
631412,720575940627086594,19,21
631412,720575940627107271,16,15
631412,720575940627410451,28,27
631412,720575940627446661,4,5
631412,720575940627704392,3,2
631412,720575940627814728,5,6
631412,720575940627819151,32,33
631412,720575940627847752,42,41
631412,720575940627949626,2,1
631412,720575940628598121,77,76
631412,720575940628630171,20,21
631412,720575940628648809,51,50
631412,720575940628755815,55,56
631412,720575940628972048,46,45
631412,720575940628997123,17,18
631412,720575940628998659,15,17
631412,720575940629000783,21,19
631412,720575940629421415,4,6
631412,720575940629508599,6,5
631412,720575940629561347,20,22
631412,720575940629664768,11,12
631412,720575940629804158,0,2
631412,720575940629810748,59,58
631412,720575940629812346,11,10
631412,720575940629888530,133,132
631412,720575940630034231,15,14
631412,720575940630044278,4,5
631412,720575940630094652,9,10
631412,720575940630291767,2,1
631412,720575940630579574,55,56
631412,720575940630664556,28,27
631412,720575940630667372,39,40
631412,720575940630674038,19,20
631412,720575940630683385,55,51
631412,720575940630771449,28,30
631412,720575940630806267,29,26
631412,720575940630820919,43,42
631412,720575940630865724,65,64
631412,720575940630868793,110,104
631412,720575940630931999,10,12
631412,720575940630980559,11,13
631412,720575940630996055,58,59
631412,720575940631108303,4,3
631412,720575940631283267,21,22
631412,720575940631340815,15,16
631412,720575940631662648,11,9
631412,720575940631714119,11,13
631412,720575940631918649,78,74
631412,720575940631994728,9,10
631412,720575940631997032,46,48
631412,720575940631999080,33,32
631412,720575940632047890,77,78
631412,720575940632159519,17,15
631412,720575940632252743,61,59
631412,720575940632304711,26,23
631412,720575940632307025,2,1
631412,720575940632602532,48,46
631412,720575940632659404,4,5
631412,720575940632722515,2,1
631412,720575940632722771,52,50
631412,720575940633116256,6,7
631412,720575940633185567,67,70
631412,720575940633277209,86,85
631412,720575940633293025,16,18
631412,720575940633373651,10,9
631412,720575940633612698,40,39
631412,720575940633674135,47,48
631412,720575940634301852,26,27
631412,720575940634428058,6,7
631412,720575940634645600,69,67
631412,720575940635055039,40,41
631412,720575940635166571,1,2
631412,720575940635239672,31,30
631412,720575940635578303,40,42
631412,720575940635771316,2,1
631412,720575940636053678,68,69
631412,720575940636165624,27,28
631412,720575940636346487,2,3
631412,720575940636654703,2,1
631412,720575940636809646,21,22
631412,720575940637144944,10,9
631412,720575940637360730,4,5
631412,720575940637656286,6,7
631412,720575940638088262,6,7
631412,720575940638103349,100,101
631412,720575940638181092,66,65
631412,720575940639170723,3,4
631412,720575940639198397,20,19
631412,720575940639285949,77,78
631412,720575940639425112,34,33
631412,720575940639786915,33,32
631412,720575940639972816,17,15
631412,720575940640839120,15,14
631412,720575940641366517,62,61
631412,720575940641585627,0,1
631412,720575940643867296,59,63
631412,720575940644653348,43,40
631412,720575940645045527,8,7
631412,720575940645047831,14,13
631412,720575940645352814,5,3
631412,720575940645521262,64,62
631412,720575940647030324,14,18
631412,720575940647033396,35,36
631412,720575940647081860,2,1
631412,720575940648864633,6,7
631412,720575940649829241,54,53
631412,720575940652580086,98,100
631412,720575940655011489,10,11
631412,720575940655013025,50,49
631412,720575940655014049,83,85
631412,720575940660219265,88,90
631412,720575940660220289,5,3
631412,720575940660223873,55,54
631412,720575940660224641,1,0
631413,720575940605420902,0,1
631413,720575940605513649,6,7
631413,720575940605658033,22,21
631413,720575940605682790,16,15
631413,720575940606391218,0,1
631413,720575940606607234,18,16
631413,720575940607272649,60,61
631413,720575940607386290,26,27
631413,720575940607451081,35,37
631413,720575940607689394,13,12
631413,720575940608349379,6,7
631413,720575940608735241,24,21
631413,720575940609016843,6,7
631413,720575940609133269,22,24
631413,720575940609407939,46,43
631413,720575940609915204,37,36
631413,720575940609935172,19,18
631413,720575940609939780,17,19
631413,720575940610000964,22,23
631413,720575940610232274,11,10
631413,720575940610258552,32,33
631413,720575940610677828,50,48
631413,720575940610916465,33,34
631413,720575940611151406,7,6
631413,720575940611160930,31,32
631413,720575940611164770,16,17
631413,720575940611366058,5,6
631413,720575940611436408,26,23
631413,720575940611548878,46,39
631413,720575940611549902,24,23
631413,720575940612036837,32,30
631413,720575940612154339,0,1
631413,720575940612289010,11,13
631413,720575940612357618,14,12
631413,720575940612423922,64,65
631413,720575940612479205,11,10
631413,720575940612537061,4,5
631413,720575940612603289,3,4
631413,720575940612611301,75,76
631413,720575940612766515,6,7
631413,720575940612888178,36,33
631413,720575940612906518,79,80
631413,720575940613004402,25,24
631413,720575940613347299,32,30
631413,720575940613670893,19,22
631413,720575940613743569,2,1
631413,720575940613929391,32,30
631413,720575940613943215,22,23
631413,720575940614386070,1,0
631413,720575940614660519,22,21
631413,720575940614730914,12,15
631413,720575940614909506,4,2
631413,720575940615041430,114,115
631413,720575940615153494,6,5
631413,720575940615296818,26,27
631413,720575940615564959,3,5
631413,720575940615671106,85,83
631413,720575940615715003,3,2
631413,720575940615811670,6,7
631413,720575940616018956,79,81
631413,720575940616466260,55,53
631413,720575940616644411,23,25
631413,720575940616857174,49,46
631413,720575940616860758,0,1
631413,720575940616864086,34,29
631413,720575940616864217,50,48
631413,720575940617552057,44,41
631413,720575940617593233,61,60
631413,720575940617629841,51,53
631413,720575940617672920,0,1
631413,720575940618153105,0,1
631413,720575940618165019,114,117
631413,720575940618472261,57,59
631413,720575940618574749,36,38
631413,720575940618696989,33,34
631413,720575940618726171,15,16
631413,720575940618859480,12,13
631413,720575940618995393,6,7
631413,720575940619048827,73,72
631413,720575940619173534,21,18
631413,720575940619455879,0,1
631413,720575940619473624,31,33
631413,720575940619853515,32,31
631413,720575940619877396,81,79
631413,720575940619973712,112,110
631413,720575940620025620,33,32
631413,720575940620031366,50,49
631413,720575940620274085,88,85
631413,720575940620282900,6,7
631413,720575940620292116,5,6
631413,720575940620335269,65,66
631413,720575940620473547,20,19
631413,720575940620714150,6,5
631413,720575940620780272,28,30
631413,720575940620873793,6,7
631413,720575940621261296,35,33
631413,720575940621399899,51,49
631413,720575940621422518,19,18
631413,720575940621468404,6,7
631413,720575940621519130,2,3
631413,720575940621573030,22,21
631413,720575940621577036,8,10
631413,720575940621586854,76,72
631413,720575940621771041,6,9
631413,720575940622147873,0,1
631413,720575940622235425,59,57
631413,720575940622624214,5,4
631413,720575940622810153,49,47
631413,720575940623072013,6,7
631413,720575940623192781,25,27
631413,720575940623209165,38,37
631413,720575940623211725,68,66
631413,720575940623352063,89,84
631413,720575940623578375,44,43
631413,720575940623862015,0,1
631413,720575940623886008,0,1
631413,720575940624023188,27,26
631413,720575940624084372,2,3
631413,720575940624163303,2,3
631413,720575940624484796,54,53
631413,720575940624600840,10,9
631413,720575940624623287,35,33
631413,720575940624897516,31,29
631413,720575940624966840,34,32
631413,720575940625102692,54,55
631413,720575940625175054,67,68
631413,720575940625178768,25,26
631413,720575940625580988,40,39
631413,720575940625612474,1,0
631413,720575940625705930,65,64
631413,720575940625737776,41,35
631413,720575940625779075,0,1
631413,720575940625867056,62,63
631413,720575940625874992,72,67
631413,720575940625875504,65,63
631413,720575940626038714,4,2
631413,720575940626159306,0,1
631413,720575940626256765,16,17
631413,720575940626278974,17,12
631413,720575940626279742,37,36
631413,720575940626289021,11,10
631413,720575940626308697,27,28
631413,720575940626468178,2,1
631413,720575940626495746,37,36
631413,720575940626626597,27,26
631413,720575940626972056,30,31
631413,720575940626993694,24,23
631413,720575940626999464,10,12
631413,720575940627083294,20,21
631413,720575940627107271,17,15
631413,720575940627410451,30,27
631413,720575940627446661,6,7
631413,720575940627704392,2,3
631413,720575940627779983,24,20
631413,720575940627819151,33,32
631413,720575940627828296,12,11
631413,720575940627847752,45,41
631413,720575940627949626,0,1
631413,720575940628598121,86,87
631413,720575940628630171,20,19
631413,720575940628648809,51,48
631413,720575940628695043,0,1
631413,720575940628755815,60,61
631413,720575940628972048,45,44
631413,720575940628998659,19,18
631413,720575940629000783,19,18
631413,720575940629207963,28,27
631413,720575940629239934,12,10
631413,720575940629377132,0,1
631413,720575940629393207,0,1
631413,720575940629421415,3,6
631413,720575940629623351,0,1
631413,720575940629664768,12,10
631413,720575940629667639,0,1
631413,720575940629810748,61,58
631413,720575940629812346,11,9
631413,720575940629888530,131,130
631413,720575940630034231,16,17
631413,720575940630044278,3,4
631413,720575940630094652,11,13
631413,720575940630291767,4,2
631413,720575940630579574,58,59
631413,720575940630667372,40,39
631413,720575940630674038,22,21
631413,720575940630683385,61,60
631413,720575940630771449,28,30
631413,720575940630781433,9,7
631413,720575940630806267,30,28
631413,720575940630820919,41,39
631413,720575940630865724,65,61
631413,720575940630868793,113,114
631413,720575940630931999,12,13
631413,720575940630980559,8,11
631413,720575940631168057,15,14
631413,720575940631267409,0,1
631413,720575940631340815,18,16
631413,720575940631406411,36,38
631413,720575940631629160,0,1
631413,720575940631662648,13,12
631413,720575940631703608,41,44
631413,720575940631714119,15,14
631413,720575940631918649,75,71
631413,720575940631959097,49,50
631413,720575940631967506,1,0
631413,720575940631989352,3,1
631413,720575940631994728,10,9
631413,720575940631997032,51,50
631413,720575940632047890,82,79
631413,720575940632134227,10,9
631413,720575940632159519,16,15
631413,720575940632252743,63,60
631413,720575940632304711,28,24
631413,720575940632307025,0,1
631413,720575940632365905,36,35
631413,720575940632602532,48,49
631413,720575940632648612,98,97
631413,720575940632722515,0,1
631413,720575940632722771,44,46
631413,720575940632962786,0,1
631413,720575940633116256,6,7
631413,720575940633185567,75,72
631413,720575940633277209,85,86
631413,720575940633293025,20,19
631413,720575940633316563,17,16
631413,720575940633373651,9,11
631413,720575940633434208,0,1
631413,720575940633674135,48,49
631413,720575940634301852,26,28
631413,720575940634428058,5,6
631413,720575940634645600,75,74
631413,720575940635055039,41,39
631413,720575940635578303,41,40
631413,720575940635611316,3,1
631413,720575940635771316,0,1
631413,720575940636165624,33,30
631413,720575940636346487,2,1
631413,720575940636654703,0,1
631413,720575940636809646,22,21
631413,720575940636895406,24,23
631413,720575940637144944,8,9
631413,720575940637360730,6,5
631413,720575940637902938,0,1
631413,720575940638088262,6,7
631413,720575940638103349,100,101
631413,720575940638181092,70,69
631413,720575940639198397,19,17
631413,720575940639285949,78,76
631413,720575940639425112,35,33
631413,720575940639972816,19,17
631413,720575940640839120,15,14
631413,720575940641480949,16,13
631413,720575940642428045,63,64
631413,720575940643551392,0,1
631413,720575940643867296,57,65
631413,720575940644653348,41,36
631413,720575940644758308,5,4
631413,720575940644968215,4,2
631413,720575940645045527,7,6
631413,720575940645047831,13,10
631413,720575940645352814,1,0
631413,720575940645521262,57,56
631413,720575940647030324,16,17
631413,720575940647081860,0,1
631413,720575940647518340,43,42
631413,720575940648864633,6,5
631413,720575940649829241,49,47
631413,720575940655013025,52,51
631413,720575940655014049,83,82
631413,720575940660219265,83,79
631413,720575940660220289,1,2
631413,720575940660224641,1,0
631414,720575940605513649,4,3
631414,720575940605682790,16,15
631414,720575940606391218,3,1
631414,720575940607193986,42,40
631414,720575940607272649,59,61
631414,720575940607386290,23,24
631414,720575940607451081,32,33
631414,720575940607689394,8,13
631414,720575940608735241,23,24
631414,720575940609405635,26,27
631414,720575940609407939,45,43
631414,720575940609915204,36,34
631414,720575940609935172,17,20
631414,720575940609939780,15,17
631414,720575940609993284,23,21
631414,720575940610000964,22,21
631414,720575940610001220,8,5
631414,720575940610054980,68,70
631414,720575940610232274,10,11
631414,720575940610258552,34,35
631414,720575940610677828,47,48
631414,720575940610916465,31,33
631414,720575940611015122,27,26
631414,720575940611151406,7,10
631414,720575940611160930,29,30
631414,720575940611164770,12,15
631414,720575940611366058,4,6
631414,720575940611436408,24,25
631414,720575940611548878,43,47
631414,720575940611549902,20,21
631414,720575940611988197,3,5
631414,720575940612036837,38,33
631414,720575940612064113,64,65
631414,720575940612208858,12,10
631414,720575940612357618,13,16
631414,720575940612423922,59,60
631414,720575940612479205,9,8
631414,720575940612537061,4,3
631414,720575940612558061,30,27
631414,720575940612603289,1,2
631414,720575940612611301,72,73
631414,720575940612692633,53,54
631414,720575940612888178,34,35
631414,720575940612906518,76,80
631414,720575940612952557,15,14
631414,720575940613347299,32,33
631414,720575940613670893,21,19
631414,720575940613687789,35,37
631414,720575940613743569,3,1
631414,720575940613929391,27,31
631414,720575940613943215,20,18
631414,720575940614128691,27,28
631414,720575940614730914,17,15
631414,720575940614763666,82,80
631414,720575940614909506,1,2
631414,720575940615041430,118,113
631414,720575940615052812,13,14
631414,720575940615564959,5,4
631414,720575940615623867,6,5
631414,720575940615671106,86,87
631414,720575940616018956,75,76
631414,720575940616466260,53,51
631414,720575940616644411,22,23
631414,720575940616857174,49,44
631414,720575940616864086,35,37
631414,720575940616864217,45,46
631414,720575940617373268,2,3
631414,720575940617488477,8,10
631414,720575940617552057,43,42
631414,720575940617588258,39,40
631414,720575940617593233,61,60
631414,720575940617629841,48,47
631414,720575940617672920,3,1
631414,720575940618153105,3,1
631414,720575940618165019,116,115
631414,720575940618472261,53,51
631414,720575940618574749,43,40
631414,720575940618696989,32,33
631414,720575940618726171,12,11
631414,720575940618859480,10,11
631414,720575940618864725,4,3
631414,720575940619048827,68,71
631414,720575940619114048,28,27
631414,720575940619173534,18,16
631414,720575940619455879,3,2
631414,720575940619473624,28,31
631414,720575940619853515,35,37
631414,720575940619877396,80,82
631414,720575940620025620,29,30
631414,720575940620031366,50,48
631414,720575940620062288,6,5
631414,720575940620170887,33,29
631414,720575940620274085,86,89
631414,720575940620292116,4,2
631414,720575940620335269,62,61
631414,720575940620374693,18,20
631414,720575940620473547,18,19
631414,720575940620474278,5,8
631414,720575940620714150,8,7
631414,720575940620805046,13,12
631414,720575940621057702,12,13
631414,720575940621261296,33,35
631414,720575940621345012,1,2
631414,720575940621399899,50,49
631414,720575940621422518,20,18
631414,720575940621519130,1,2
631414,720575940621538142,32,30
631414,720575940621573030,21,22
631414,720575940621586854,65,63
631414,720575940621771041,8,5
631414,720575940622027222,8,4
631414,720575940622147873,3,1
631414,720575940622235425,58,57
631414,720575940622348156,21,20
631414,720575940622552675,0,1
631414,720575940622612749,33,32
631414,720575940622624214,6,4
631414,720575940622734106,2,0
631414,720575940622810153,46,45
631414,720575940623209165,34,32
631414,720575940623211725,69,65
631414,720575940623352063,81,84
631414,720575940623453959,30,28
631414,720575940623478115,13,11
631414,720575940623578375,41,46
631414,720575940624084372,6,3
631414,720575940624163303,2,0
631414,720575940624310857,5,8
631414,720575940624366845,2,1
631414,720575940624484796,54,57
631414,720575940624600840,11,8
631414,720575940624623287,32,31
631414,720575940624897516,36,35
631414,720575940624966840,32,30
631414,720575940625045180,83,79
631414,720575940625175054,64,66
631414,720575940625580988,42,40
631414,720575940625641402,6,5
631414,720575940625705930,65,63
631414,720575940625737776,38,40
631414,720575940625861660,40,41
631414,720575940625874992,67,63
631414,720575940625875504,60,59
631414,720575940626038714,5,3
631414,720575940626159306,3,1
631414,720575940626256765,17,15
631414,720575940626278974,16,11
631414,720575940626279742,36,35
631414,720575940626468178,0,1
631414,720575940626495746,32,35
631414,720575940626626597,28,27
631414,720575940626972056,27,26
631414,720575940626993694,22,23
631414,720575940626999464,9,8
631414,720575940627086594,21,22
631414,720575940627107271,17,14
631414,720575940627383685,124,125
631414,720575940627446661,6,4
631414,720575940627704392,2,1
631414,720575940627779983,23,22
631414,720575940627812168,8,7
631414,720575940627814728,2,4
631414,720575940627819151,32,33
631414,720575940627847752,43,45
631414,720575940627949626,3,1
631414,720575940628598121,79,77
631414,720575940628630171,21,19
631414,720575940628648809,51,52
631414,720575940628676457,23,22
631414,720575940628755815,55,53
631414,720575940628826128,38,43
631414,720575940628972048,44,43
631414,720575940628995331,0,1
631414,720575940628997123,14,18
631414,720575940628998659,16,13
631414,720575940629000783,16,19
631414,720575940629207963,23,24
631414,720575940629421415,5,4
631414,720575940629508599,4,2
631414,720575940629561347,27,21
631414,720575940629623351,2,0
631414,720575940629664768,12,10
631414,720575940629778554,100,97
631414,720575940629804158,1,0
631414,720575940629810748,59,57
631414,720575940629812346,10,9
631414,720575940629888530,124,120
631414,720575940630034231,17,13
631414,720575940630044278,3,2
631414,720575940630094652,10,8
631414,720575940630291767,4,3
631414,720575940630548751,0,1
631414,720575940630579574,54,56
631414,720575940630664556,26,28
631414,720575940630667372,35,36
631414,720575940630683385,53,54
631414,720575940630771449,26,24
631414,720575940630781433,4,6
631414,720575940630806267,30,28
631414,720575940630820919,44,42
631414,720575940630865724,63,62
631414,720575940630868793,104,114
631414,720575940630931999,5,6
631414,720575940630980559,11,9
631414,720575940630996055,56,54
631414,720575940631108303,4,3
631414,720575940631406411,34,36
631414,720575940631629160,1,2
631414,720575940631662648,11,12
631414,720575940631703608,44,41
631414,720575940631714119,13,12
631414,720575940631918649,77,75
631414,720575940631959097,59,53
631414,720575940631989352,0,3
631414,720575940631994728,9,12
631414,720575940631999080,35,34
631414,720575940632047890,77,78
631414,720575940632118156,74,73
631414,720575940632134227,9,8
631414,720575940632159519,16,15
631414,720575940632252743,59,60
631414,720575940632304711,28,23
631414,720575940632307025,3,1
631414,720575940632602532,45,46
631414,720575940632648612,94,93
631414,720575940632659404,2,3
631414,720575940632722515,3,1
631414,720575940632722771,50,45
631414,720575940632962786,7,4
631414,720575940633293025,17,20
631414,720575940633308371,6,3
631414,720575940633373651,7,8
631414,720575940634210155,2,3
631414,720575940634301852,24,25
631414,720575940634645600,69,68
631414,720575940634756203,5,3
631414,720575940634825623,9,8
631414,720575940635055039,36,39
631414,720575940635166571,1,3
631414,720575940635211115,6,8
631414,720575940635239672,33,28
631414,720575940635451546,10,13
631414,720575940635578303,40,42
631414,720575940635611316,1,3
631414,720575940635771316,3,1
631414,720575940635839077,3,1
631414,720575940636053678,65,61
631414,720575940636165624,25,23
631414,720575940636346487,1,3
631414,720575940636654703,3,1
631414,720575940637144944,11,9
631414,720575940637656286,7,5
631414,720575940638103349,93,96
631414,720575940638181092,66,68
631414,720575940639285949,75,77
631414,720575940639425112,32,34
631414,720575940639786915,29,28
631414,720575940639972816,16,14
631414,720575940640839120,12,11
631414,720575940641366517,59,60
631414,720575940641480949,17,14
631414,720575940643867296,58,51
631414,720575940644653348,40,42
631414,720575940644758308,7,5
631414,720575940644968215,4,3
631414,720575940645045527,6,2
631414,720575940645047831,15,14
631414,720575940645352814,4,1
631414,720575940647029044,19,20
631414,720575940647030324,15,16
631414,720575940647081860,3,1
631414,720575940647518340,40,41
631414,720575940648864633,6,7
631414,720575940649829241,48,49
631414,720575940652580086,98,97
631414,720575940655011489,8,9
631414,720575940655013025,48,49
631414,720575940655014049,79,82
631414,720575940660220289,2,1
631414,720575940660223873,51,54
631414,720575940660224641,0,1
631414,720575940660229505,41,45
631415,720575940605513649,3,4
631415,720575940605658033,23,21
631415,720575940606391218,1,0
631415,720575940606607234,19,16
631415,720575940606852018,2,1
631415,720575940607193986,34,38
631415,720575940607272649,59,56
631415,720575940607386290,26,27
631415,720575940607451081,36,35
631415,720575940607689394,9,10
631415,720575940608349379,3,4
631415,720575940608498780,26,25
631415,720575940608735241,21,24
631415,720575940609016843,3,4
631415,720575940609405635,27,25
631415,720575940609915204,38,36
631415,720575940609935172,17,16
631415,720575940609939780,18,19
631415,720575940610000964,26,24
631415,720575940610001220,5,8
631415,720575940610054980,78,73
631415,720575940610258552,36,33
631415,720575940610611246,12,10
631415,720575940610621026,3,5
631415,720575940610677828,49,48
631415,720575940610803554,33,30
631415,720575940610916465,34,33
631415,720575940611015122,31,32
631415,720575940611151406,8,9
631415,720575940611160930,30,32
631415,720575940611164770,12,14
631415,720575940611366058,7,6
631415,720575940611436408,26,24
631415,720575940611548878,45,44
631415,720575940611988197,5,4
631415,720575940612036837,37,32
631415,720575940612064113,68,69
631415,720575940612208858,9,13
631415,720575940612289010,11,10
631415,720575940612357618,14,13
631415,720575940612423922,66,63
631415,720575940612537061,3,4
631415,720575940612558061,29,31
631415,720575940612603289,0,1
631415,720575940612611301,71,72
631415,720575940612692633,52,49
631415,720575940612766515,3,4
631415,720575940612906518,80,78
631415,720575940612952557,17,15
631415,720575940613004402,26,23
631415,720575940613687789,39,36
631415,720575940613743569,0,3
631415,720575940613929391,28,29
631415,720575940613943215,23,21
631415,720575940614128691,27,25
631415,720575940614386070,0,1
631415,720575940614660519,21,20
631415,720575940615041430,117,112
631415,720575940615153494,3,4
631415,720575940615564959,5,6
631415,720575940615623867,6,5
631415,720575940615671106,82,80
631415,720575940616018956,77,75
631415,720575940616103218,78,77
631415,720575940616466260,53,50
631415,720575940616857174,44,42
631415,720575940616864086,34,31
631415,720575940617373268,0,2
631415,720575940617471133,1,0
631415,720575940617494877,11,12
631415,720575940617552057,41,40
631415,720575940617588258,40,37
631415,720575940617629841,50,48
631415,720575940617672920,1,0
631415,720575940618153105,1,0
631415,720575940618165019,132,120
631415,720575940618472261,59,55
631415,720575940618574749,36,34
631415,720575940618726171,12,14
631415,720575940618800064,1,0
631415,720575940618864725,3,1
631415,720575940618995393,3,4
631415,720575940619048827,79,74
631415,720575940619114048,26,25
631415,720575940619173534,15,14
631415,720575940619455879,1,0
631415,720575940619473624,31,29
631415,720575940619853515,35,33
631415,720575940619973712,112,111
631415,720575940620025620,34,33
631415,720575940620031366,48,46
631415,720575940620170887,33,30
631415,720575940620254087,21,18
631415,720575940620271636,0,1
631415,720575940620282900,3,4
631415,720575940620292116,6,5
631415,720575940620335269,66,61
631415,720575940620374693,19,21
631415,720575940620474278,7,6
631415,720575940620673985,46,45
631415,720575940620780272,28,29
631415,720575940620873793,3,4
631415,720575940621057702,14,13
631415,720575940621261296,36,35
631415,720575940621399899,49,46
631415,720575940621422518,19,17
631415,720575940621468404,3,4
631415,720575940621519130,0,1
631415,720575940621538142,34,33
631415,720575940621577036,9,8
631415,720575940621586854,69,70
631415,720575940622147873,1,0
631415,720575940622235425,57,58
631415,720575940622348156,21,22
631415,720575940622474899,0,1
631415,720575940622552675,0,1
631415,720575940622612749,34,33
631415,720575940622624214,2,7
631415,720575940622695448,138,137
631415,720575940622810153,54,49
631415,720575940623072013,3,4
631415,720575940623192781,25,26
631415,720575940623209165,36,33
631415,720575940623210445,71,70
631415,720575940623211725,67,66
631415,720575940623352063,85,84
631415,720575940623453959,28,25
631415,720575940624023188,27,26
631415,720575940624084372,6,5
631415,720575940624366845,1,2
631415,720575940624484796,51,52
631415,720575940624600840,11,10
631415,720575940624623287,35,33
631415,720575940624897516,38,33
631415,720575940624906483,31,27
631415,720575940625045180,88,83
631415,720575940625047484,51,50
631415,720575940625102692,52,53
631415,720575940625175054,66,64
631415,720575940625580988,40,38
631415,720575940625612474,0,1
631415,720575940625641402,3,4
631415,720575940625705930,65,66
631415,720575940625737776,40,41
631415,720575940625867056,61,62
631415,720575940625874992,81,74
631415,720575940625875504,67,63
631415,720575940626038714,5,6
631415,720575940626159306,1,0
631415,720575940626278974,16,17
631415,720575940626279742,39,41
631415,720575940626289021,12,11
631415,720575940626626597,27,26
631415,720575940626968216,1,0
631415,720575940626999464,10,9
631415,720575940627083294,18,19
631415,720575940627086594,23,24
631415,720575940627107271,20,18
631415,720575940627410451,35,33
631415,720575940627446661,4,5
631415,720575940627704392,2,3
631415,720575940627779983,22,21
631415,720575940627812168,13,14
631415,720575940627814728,3,4
631415,720575940627847752,43,45
631415,720575940627949626,1,0
631415,720575940628114684,67,66
631415,720575940628129129,1,0
631415,720575940628598121,87,82
631415,720575940628630171,17,16
631415,720575940628648809,51,49
631415,720575940628676457,23,19
631415,720575940628755815,58,55
631415,720575940628972048,46,47
631415,720575940628997123,16,13
631415,720575940628998659,17,19
631415,720575940629000783,18,21
631415,720575940629207963,27,24
631415,720575940629239934,12,13
631415,720575940629421415,1,0
631415,720575940629561347,22,24
631415,720575940629623351,2,3
631415,720575940629664768,11,12
631415,720575940629778554,114,107
631415,720575940629804158,3,2
631415,720575940629810748,56,54
631415,720575940629812346,11,12
631415,720575940630034231,16,15
631415,720575940630094652,10,9
631415,720575940630291767,4,3
631415,720575940630403031,0,1
631415,720575940630579574,57,55
631415,720575940630664556,29,28
631415,720575940630667372,38,36
631415,720575940630674038,23,22
631415,720575940630695798,2,0
631415,720575940630781433,5,3
631415,720575940630806267,34,31
631415,720575940630865724,63,62
631415,720575940630868793,124,122
631415,720575940630931999,4,5
631415,720575940631108303,5,3
631415,720575940631168057,14,15
631415,720575940631283267,20,19
631415,720575940631340815,14,15
631415,720575940631406411,35,32
631415,720575940631662648,9,8
631415,720575940631714119,17,16
631415,720575940631918649,72,70
631415,720575940631959097,56,50
631415,720575940631989352,1,0
631415,720575940631994728,9,10
631415,720575940631997032,46,43
631415,720575940631999080,39,37
631415,720575940632047890,83,81
631415,720575940632118156,86,81
631415,720575940632134227,10,7
631415,720575940632159519,17,15
631415,720575940632252743,58,54
631415,720575940632304711,29,27
631415,720575940632307025,1,0
631415,720575940632602532,47,45
631415,720575940632722515,1,0
631415,720575940632722771,48,47
631415,720575940633116256,3,4
631415,720575940633185567,68,70
631415,720575940633277209,86,85
631415,720575940633308371,3,4
631415,720575940633612698,38,39
631415,720575940633674135,46,47
631415,720575940634210155,2,1
631415,720575940634428058,2,4
631415,720575940634645600,78,74
631415,720575940634756203,3,5
631415,720575940634825623,8,7
631415,720575940635166571,0,1
631415,720575940635179871,65,66
631415,720575940635239672,35,31
631415,720575940635578303,40,39
631415,720575940635611316,2,1
631415,720575940635771316,1,0
631415,720575940636053678,67,65
631415,720575940636165624,35,31
631415,720575940636654703,1,0
631415,720575940636895406,24,23
631415,720575940637144944,7,8
631415,720575940637360730,6,3
631415,720575940637656286,6,7
631415,720575940638088262,3,4
631415,720575940638181092,70,67
631415,720575940639170723,0,2
631415,720575940639198397,20,17
631415,720575940639285949,76,75
631415,720575940639786915,34,30
631415,720575940639972816,20,18
631415,720575940640839120,15,17
631415,720575940641480949,19,17
631415,720575940641585627,2,3
631415,720575940642428045,62,61
631415,720575940643867296,65,64
631415,720575940644653348,43,40
631415,720575940644758308,5,4
631415,720575940644968215,5,4
631415,720575940645045527,4,7
631415,720575940645047831,12,13
631415,720575940645352814,5,4
631415,720575940645521262,60,56
631415,720575940647030324,16,17
631415,720575940647081860,1,0
631415,720575940647518340,41,39
631415,720575940648864633,8,6
631415,720575940649829241,50,49
631415,720575940655011489,10,9
631415,720575940655014049,83,82
631415,720575940660219265,83,80
631415,720575940660220289,3,2
631415,720575940660223873,50,49
631415,720575940660224641,1,2
631415,720575940660229505,40,41
631416,720575940605513649,3,5
631416,720575940605658033,20,21
631416,720575940605682790,11,12
631416,720575940606391218,0,1
631416,720575940606607234,14,15
631416,720575940607193986,32,34
631416,720575940607272649,53,52
631416,720575940607689394,9,7
631416,720575940608349379,4,5
631416,720575940608735241,20,19
631416,720575940609016843,4,5
631416,720575940609133269,17,18
631416,720575940609405635,25,24
631416,720575940609407939,34,36
631416,720575940609915204,32,34
631416,720575940609939780,18,19
631416,720575940610000964,19,18
631416,720575940610001220,12,11
631416,720575940610054980,65,64
631416,720575940610058052,0,1
631416,720575940610232274,12,11
631416,720575940610258552,29,27
631416,720575940610611246,7,9
631416,720575940611015122,30,31
631416,720575940611151406,1,5
631416,720575940611160930,31,32
631416,720575940611164770,14,16
631416,720575940611366058,6,3
631416,720575940611436408,25,24
631416,720575940611548878,31,35
631416,720575940611549902,18,20
631416,720575940612036837,31,36
631416,720575940612208858,10,12
631416,720575940612289010,8,9
631416,720575940612423922,62,63
631416,720575940612537061,1,2
631416,720575940612558061,27,25
631416,720575940612611301,70,71
631416,720575940612692633,54,59
631416,720575940612766515,4,5
631416,720575940612888178,31,30
631416,720575940612906518,75,76
631416,720575940613004402,13,14
631416,720575940613670893,20,22
631416,720575940613687789,38,36
631416,720575940613743569,0,1
631416,720575940614128691,26,27
631416,720575940614386070,1,0
631416,720575940614763666,76,78
631416,720575940614909506,2,0
631416,720575940615041430,104,110
631416,720575940615052812,14,13
631416,720575940615564959,1,2
631416,720575940615582111,2,3
631416,720575940615623867,4,2
631416,720575940615671106,73,75
631416,720575940615811670,6,7
631416,720575940616103218,77,78
631416,720575940616466260,45,46
631416,720575940616644411,22,21
631416,720575940616857174,40,41
631416,720575940616860758,1,3
631416,720575940616864217,49,46
631416,720575940617552057,37,38
631416,720575940617588258,29,31
631416,720575940617593233,62,61
631416,720575940617672920,0,1
631416,720575940618153105,0,1
631416,720575940618165019,91,89
631416,720575940618726171,15,14
631416,720575940618995393,4,5
631416,720575940619048827,55,58
631416,720575940619114048,24,25
631416,720575940619455879,4,3
631416,720575940619473624,33,31
631416,720575940619588568,36,35
631416,720575940619853515,28,29
631416,720575940619877396,64,69
631416,720575940620025620,20,22
631416,720575940620031366,50,47
631416,720575940620062288,4,7
631416,720575940620254087,14,16
631416,720575940620271636,1,3
631416,720575940620274085,81,85
631416,720575940620282900,4,5
631416,720575940620292116,3,2
631416,720575940620335269,52,55
631416,720575940620374693,19,17
631416,720575940620474278,6,7
631416,720575940620673985,43,42
631416,720575940620714150,4,2
631416,720575940620805046,10,12
631416,720575940620873793,4,5
631416,720575940620874757,89,90
631416,720575940621057702,12,8
631416,720575940621261296,34,32
631416,720575940621345012,0,3
631416,720575940621422518,17,15
631416,720575940621468404,4,5
631416,720575940621538142,29,31
631416,720575940621573030,21,19
631416,720575940621586854,71,68
631416,720575940622027222,2,1
631416,720575940622235425,53,54
631416,720575940622348156,23,24
631416,720575940622552675,1,3
631416,720575940622612749,28,30
631416,720575940622624214,7,3
631416,720575940622695448,138,137
631416,720575940622810153,32,34
631416,720575940623072013,4,5
631416,720575940623192781,23,24
631416,720575940623209165,24,25
631416,720575940623210445,56,57
631416,720575940623352063,87,82
631416,720575940623453959,24,22
631416,720575940623478115,9,11
631416,720575940623578375,40,42
631416,720575940624084372,3,2
631416,720575940624310857,5,6
631416,720575940624366845,1,2
631416,720575940624484796,50,47
631416,720575940624600840,7,8
631416,720575940624623287,30,29
631416,720575940624897516,29,27
631416,720575940624906483,30,27
631416,720575940624966840,32,30
631416,720575940625045180,68,67
631416,720575940625047484,49,47
631416,720575940625102692,53,52
631416,720575940625580988,38,36
631416,720575940625612474,1,0
631416,720575940625641402,2,1
631416,720575940625737776,36,37
631416,720575940625867056,56,59
631416,720575940625874992,53,52
631416,720575940625875504,46,48
631416,720575940626038714,0,1
631416,720575940626159306,0,1
631416,720575940626191306,102,101
631416,720575940626256765,16,20
631416,720575940626278974,10,8
631416,720575940626289021,11,7
631416,720575940626308697,25,26
631416,720575940626478082,0,2
631416,720575940626972056,28,26
631416,720575940626993694,19,18
631416,720575940626999464,7,6
631416,720575940627086594,21,20
631416,720575940627107271,10,12
631416,720575940627383685,124,123
631416,720575940627410451,28,25
631416,720575940627446661,6,8
631416,720575940627779983,24,22
631416,720575940627812168,12,11
631416,720575940627814728,3,4
631416,720575940627819151,31,28
631416,720575940627828296,6,7
631416,720575940627847752,38,39
631416,720575940627949626,0,1
631416,720575940628598121,68,67
631416,720575940628630171,21,24
631416,720575940628648809,45,47
631416,720575940628755815,62,56
631416,720575940628826128,33,34
631416,720575940628972048,44,43
631416,720575940628997123,21,17
631416,720575940628998659,15,17
631416,720575940629207963,19,20
631416,720575940629239934,10,8
631416,720575940629421415,6,5
631416,720575940629561347,21,19
631416,720575940629623351,2,1
631416,720575940629664768,10,6
631416,720575940629804158,0,1
631416,720575940629810748,48,52
631416,720575940629812346,8,5
631416,720575940629888530,126,127
631416,720575940630044278,3,4
631416,720575940630291767,1,0
631416,720575940630488540,13,14
631416,720575940630579574,56,54
631416,720575940630664556,28,29
631416,720575940630683385,41,40
631416,720575940630771449,26,27
631416,720575940630781433,8,5
631416,720575940630865724,55,53
631416,720575940630868793,89,88
631416,720575940630931999,6,7
631416,720575940630980559,11,14
631416,720575940630996055,57,55
631416,720575940631283267,16,20
631416,720575940631349335,60,61
631416,720575940631703608,36,39
631416,720575940631714119,9,10
631416,720575940631918649,69,68
631416,720575940631959097,49,47
631416,720575940631967506,0,1
631416,720575940631989352,1,2
631416,720575940631994728,9,5
631416,720575940631997032,48,44
631416,720575940631999080,25,27
631416,720575940632047890,86,81
631416,720575940632118156,65,63
631416,720575940632159519,15,16
631416,720575940632252743,58,55
631416,720575940632304711,17,19
631416,720575940632307025,0,1
631416,720575940632365905,36,34
631416,720575940632602532,44,43
631416,720575940632722515,0,1
631416,720575940632722771,45,44
631416,720575940633116256,4,5
631416,720575940633185567,69,64
631416,720575940633277209,83,84
631416,720575940633293025,17,15
631416,720575940633308371,2,4
631416,720575940633316563,14,11
631416,720575940633612698,40,39
631416,720575940633674135,48,47
631416,720575940634210155,4,3
631416,720575940634301852,26,24
631416,720575940634428058,4,5
631416,720575940634756203,2,0
631416,720575940634825623,10,9
631416,720575940635055039,37,39
631416,720575940635166571,0,1
631416,720575940635179871,64,63
631416,720575940635211115,6,9
631416,720575940635451546,11,10
631416,720575940635578303,34,35
631416,720575940635611316,4,2
631416,720575940635771316,0,1
631416,720575940636053678,68,67
631416,720575940636165624,21,22
631416,720575940636346487,0,1
631416,720575940636654703,0,1
631416,720575940636809646,19,16
631416,720575940636828334,1,2
631416,720575940636895406,17,18
631416,720575940637144944,6,5
631416,720575940637360730,3,6
631416,720575940637568838,147,148
631416,720575940637656286,2,6
631416,720575940638088262,4,5
631416,720575940639170723,2,3
631416,720575940639198397,16,18
631416,720575940639425112,26,29
631416,720575940639786915,26,25
631416,720575940639972816,10,12
631416,720575940640839120,14,13
631416,720575940641366517,62,60
631416,720575940641480949,12,11
631416,720575940642428045,60,61
631416,720575940643543496,0,1
631416,720575940643867296,57,54
631416,720575940644653348,35,37
631416,720575940644758308,2,0
631416,720575940644968215,2,0
631416,720575940645045527,8,4
631416,720575940645047831,9,6
631416,720575940645521262,51,50
631416,720575940647029044,15,14
631416,720575940647030324,18,19
631416,720575940647033396,35,36
631416,720575940647081860,0,1
631416,720575940647518340,33,34
631416,720575940648864633,6,3
631416,720575940649829241,45,47
631416,720575940652580086,97,98
631416,720575940655013025,45,46
631416,720575940660219265,75,76
631416,720575940660220289,0,1
631416,720575940660223873,54,52
631416,720575940660229505,39,40
631417,720575940605513649,4,3
631417,720575940605658033,26,22
631417,720575940605682790,17,19
631417,720575940606607234,17,15
631417,720575940606852018,1,2
631417,720575940607193986,41,40
631417,720575940607272649,64,61
631417,720575940607451081,35,32
631417,720575940607689394,12,11
631417,720575940608349379,5,3
631417,720575940608498780,30,28
631417,720575940609016843,4,3
631417,720575940609133269,23,24
631417,720575940609405635,28,27
631417,720575940609407939,45,48
631417,720575940609935172,18,17
631417,720575940609993284,21,19
631417,720575940610000964,22,23
631417,720575940610001220,10,12
631417,720575940610054980,74,81
631417,720575940610232274,12,13
631417,720575940610258552,34,36
631417,720575940610611246,12,15
631417,720575940610677828,52,54
631417,720575940610803554,35,34
631417,720575940611015122,36,38
631417,720575940611151406,8,11
631417,720575940611160930,30,29
631417,720575940611164770,15,16
631417,720575940611366058,6,8
631417,720575940611436408,28,27
631417,720575940611548878,49,57
631417,720575940611988197,4,5
631417,720575940612036837,34,29
631417,720575940612208858,15,14
631417,720575940612289010,10,12
631417,720575940612357618,16,15
631417,720575940612537061,4,2
631417,720575940612558061,30,32
631417,720575940612603289,2,0
631417,720575940612611301,71,74
631417,720575940612692633,57,59
631417,720575940612766515,4,3
631417,720575940612888178,38,37
631417,720575940612906518,78,79
631417,720575940612952557,15,19
631417,720575940613004402,24,28
631417,720575940613347299,30,28
631417,720575940613743569,1,2
631417,720575940613929391,30,35
631417,720575940613943215,22,23
631417,720575940614660519,23,22
631417,720575940614730914,14,10
631417,720575940614763666,79,84
631417,720575940615041430,108,109
631417,720575940615052812,13,14
631417,720575940615153494,6,7
631417,720575940615296818,27,26
631417,720575940615582111,3,2
631417,720575940615671106,84,88
631417,720575940615715003,3,1
631417,720575940616018956,77,81
631417,720575940616466260,55,53
631417,720575940616644411,26,24
631417,720575940616857174,51,55
631417,720575940616860758,1,0
631417,720575940616864086,40,38
631417,720575940616864217,47,44
631417,720575940617373268,2,4
631417,720575940617488477,10,9
631417,720575940617494877,13,16
631417,720575940617552057,43,44
631417,720575940617588258,38,36
631417,720575940618165019,111,129
631417,720575940618472261,56,62
631417,720575940618574749,36,35
631417,720575940618696989,34,33
631417,720575940618995393,4,3
631417,720575940619048827,69,76
631417,720575940619114048,30,28
631417,720575940619173534,18,17
631417,720575940619455879,2,1
631417,720575940619473624,31,32
631417,720575940619588568,37,36
631417,720575940619853515,36,34
631417,720575940619877396,83,80
631417,720575940620025620,34,40
631417,720575940620031366,50,49
631417,720575940620062288,4,5
631417,720575940620170887,29,34
631417,720575940620254087,20,25
631417,720575940620271636,0,1
631417,720575940620274085,85,86
631417,720575940620282900,5,3
631417,720575940620292116,2,5
631417,720575940620335269,59,66
631417,720575940620374693,21,23
631417,720575940620474278,8,9
631417,720575940620673985,50,48
631417,720575940620805046,11,9
631417,720575940620873793,5,3
631417,720575940621057702,11,10
631417,720575940621261296,39,37
631417,720575940621329328,1,2
631417,720575940621345012,2,3
631417,720575940621399899,51,49
631417,720575940621422518,19,17
631417,720575940621468404,4,3
631417,720575940621519130,2,0
631417,720575940621538142,37,36
631417,720575940621573030,25,24
631417,720575940621577036,8,10
631417,720575940621586854,68,66
631417,720575940621771041,5,6
631417,720575940622027222,5,4
631417,720575940622235425,59,61
631417,720575940622348156,23,20
631417,720575940622474899,0,1
631417,720575940622552675,0,1
631417,720575940622612749,29,32
631417,720575940622624214,3,4
631417,720575940622734106,1,0
631417,720575940622810153,45,56
631417,720575940623072013,5,3
631417,720575940623209165,32,39
631417,720575940623210445,62,63
631417,720575940623211725,70,66
631417,720575940623224555,0,1
631417,720575940623352063,85,81
631417,720575940623453959,28,26
631417,720575940623478115,14,15
631417,720575940623578375,46,47
631417,720575940624023188,28,27
631417,720575940624084372,2,1
631417,720575940624163303,1,0
631417,720575940624310857,7,9
631417,720575940624366845,2,3
631417,720575940624484796,54,56
631417,720575940624906483,33,30
631417,720575940624966840,36,35
631417,720575940625045180,81,90
631417,720575940625047484,51,50
631417,720575940625102692,54,55
631417,720575940625580988,41,43
631417,720575940625612474,2,3
631417,720575940625641402,4,5
631417,720575940625705930,66,67
631417,720575940625737776,41,42
631417,720575940625861660,42,40
631417,720575940625867056,60,63
631417,720575940625874992,70,81
631417,720575940625875504,61,70
631417,720575940626038714,1,4
631417,720575940626256765,16,13
631417,720575940626278974,12,10
631417,720575940626279742,36,37
631417,720575940626289021,9,11
631417,720575940626495746,34,37
631417,720575940626626597,28,27
631417,720575940626968216,0,1
631417,720575940626993694,20,23
631417,720575940626999464,8,11
631417,720575940627083294,22,23
631417,720575940627086594,22,21
631417,720575940627107271,18,21
631417,720575940627410451,32,33
631417,720575940627446661,5,4
631417,720575940627704392,3,6
631417,720575940627779983,25,23
631417,720575940627812168,14,16
631417,720575940627814728,2,4
631417,720575940627819151,31,28
631417,720575940627828296,9,14
631417,720575940627847752,44,48
631417,720575940628598121,80,90
631417,720575940628630171,18,17
631417,720575940628648809,56,55
631417,720575940628676457,23,27
631417,720575940628972048,48,49
631417,720575940628997123,16,12
631417,720575940628998659,19,20
631417,720575940629000783,19,20
631417,720575940629207963,26,29
631417,720575940629421415,6,5
631417,720575940629508599,2,3
631417,720575940629664768,10,11
631417,720575940629778554,102,112
631417,720575940629810748,60,59
631417,720575940629812346,8,9
631417,720575940630034231,16,20
631417,720575940630044278,5,3
631417,720575940630094652,10,14
631417,720575940630291767,2,3
631417,720575940630488540,16,17
631417,720575940630579574,59,58
631417,720575940630664556,25,24
631417,720575940630667372,39,40
631417,720575940630674038,22,21
631417,720575940630683385,61,70
631417,720575940630695798,1,0
631417,720575940630771449,28,27
631417,720575940630781433,4,3
631417,720575940630806267,30,37
631417,720575940630865724,68,70
631417,720575940630868793,105,124
631417,720575940630931999,9,6
631417,720575940630980559,8,6
631417,720575940630996055,60,59
631417,720575940631108303,3,4
631417,720575940631168057,14,16
631417,720575940631283267,21,18
631417,720575940631349335,66,68
631417,720575940631629160,2,1
631417,720575940631662648,17,14
631417,720575940631703608,38,42
631417,720575940631714119,11,13
631417,720575940631918649,73,75
631417,720575940631959097,54,47
631417,720575940631994728,15,18
631417,720575940631997032,49,48
631417,720575940631999080,38,43
631417,720575940632047890,78,76
631417,720575940632118156,74,84
631417,720575940632134227,11,9
631417,720575940632159519,16,15
631417,720575940632252743,61,55
631417,720575940632304711,30,35
631417,720575940632602532,49,51
631417,720575940632659404,2,3
631417,720575940632722771,47,46
631417,720575940632962786,3,0
631417,720575940633185567,67,61
631417,720575940633277209,86,85
631417,720575940633316563,16,17
631417,720575940633373651,8,13
631417,720575940633612698,42,44
631417,720575940633674135,50,53
631417,720575940634210155,3,2
631417,720575940634428058,4,2
631417,720575940634645600,70,78
631417,720575940634756203,2,4
631417,720575940634825623,7,6
631417,720575940635055039,42,41
631417,720575940635166571,0,1
631417,720575940635211115,8,9
631417,720575940635239672,28,33
631417,720575940635578303,41,42
631417,720575940635611316,5,6
631417,720575940635839077,2,1
631417,720575940636053678,69,70
631417,720575940636165624,31,33
631417,720575940636346487,2,3
631417,720575940636809646,22,21
631417,720575940636895406,24,28
631417,720575940637144944,9,12
631417,720575940637360730,6,5
631417,720575940637656286,6,11
631417,720575940638088262,4,3
631417,720575940638103349,105,107
631417,720575940638181092,66,75
631417,720575940639170723,2,3
631417,720575940639198397,20,18
631417,720575940639285949,77,78
631417,720575940639425112,35,33
631417,720575940639786915,29,35
631417,720575940639972816,18,22
631417,720575940641480949,15,10
631417,720575940642428045,66,67
631417,720575940643543496,1,2
631417,720575940643867296,52,56
631417,720575940644653348,40,41
631417,720575940644758308,4,3
631417,720575940645047831,15,14
631417,720575940645352814,1,2
631417,720575940645521262,57,63
631417,720575940647029044,19,16
631417,720575940647030324,18,16
631417,720575940647033396,33,34
631417,720575940647518340,42,44
631417,720575940648864633,7,8
631417,720575940649829241,52,54
631417,720575940652580086,104,105
631417,720575940655011489,8,7
631417,720575940655013025,52,50
631417,720575940660219265,86,87
631417,720575940660220289,3,5
631417,720575940660224641,1,3
631417,720575940660229505,39,43
631418,720575940605513649,3,5
631418,720575940605658033,21,23
631418,720575940605682790,14,12
631418,720575940606391218,0,1
631418,720575940606852018,0,1
631418,720575940607193986,41,44
631418,720575940607386290,28,25
631418,720575940607451081,33,35
631418,720575940607689394,7,11
631418,720575940608188427,1,0
631418,720575940608349379,5,7
631418,720575940608498780,27,26
631418,720575940608735241,25,24
631418,720575940609016843,5,7
631418,720575940609133269,22,21
631418,720575940609407939,46,45
631418,720575940609935172,16,17
631418,720575940609939780,15,17
631418,720575940609993284,21,23
631418,720575940610001220,11,10
631418,720575940610054980,72,66
631418,720575940610058052,0,1
631418,720575940610173048,0,1
631418,720575940610232274,11,12
631418,720575940610258552,33,31
631418,720575940610611246,10,11
631418,720575940610621026,1,3
631418,720575940610677828,50,49
631418,720575940610916465,32,33
631418,720575940611015122,36,35
631418,720575940611151406,7,5
631418,720575940611160930,32,31
631418,720575940611164770,15,14
631418,720575940611366058,5,6
631418,720575940611549902,19,21
631418,720575940611988197,2,3
631418,720575940612036837,35,38
631418,720575940612064113,70,69
631418,720575940612208858,14,9
631418,720575940612289010,10,9
631418,720575940612357618,14,15
631418,720575940612423922,68,63
631418,720575940612537061,1,3
631418,720575940612558061,30,33
631418,720575940612603289,0,3
631418,720575940612611301,75,72
631418,720575940612766515,5,7
631418,720575940612888178,37,38
631418,720575940612906518,80,78
631418,720575940612952557,14,15
631418,720575940613004402,19,18
631418,720575940613347299,27,30
631418,720575940613743569,1,3
631418,720575940614128691,28,27
631418,720575940614660519,21,20
631418,720575940614730914,19,15
631418,720575940614909506,0,2
631418,720575940615041430,109,115
631418,720575940615153494,2,7
631418,720575940615564959,1,3
631418,720575940615623867,4,6
631418,720575940615671106,85,82
631418,720575940615715003,1,3
631418,720575940615811670,5,8
631418,720575940616018956,77,75
631418,720575940616103218,79,80
631418,720575940616466260,52,53
631418,720575940616644411,27,22
631418,720575940616857174,48,47
631418,720575940616864086,38,39
631418,720575940616864217,50,48
631418,720575940617373268,4,1
631418,720575940617471133,0,1
631418,720575940617488477,9,12
631418,720575940617494877,15,13
631418,720575940617552057,42,40
631418,720575940617588258,37,38
631418,720575940617629841,47,45
631418,720575940617672920,0,1
631418,720575940618153105,0,1
631418,720575940618165019,110,100
631418,720575940618472261,52,47
631418,720575940618574749,35,40
631418,720575940618696989,32,33
631418,720575940618726171,17,15
631418,720575940618800064,0,1
631418,720575940618859480,14,15
631418,720575940618864725,6,2
631418,720575940618995393,5,7
631418,720575940619048827,62,60
631418,720575940619114048,27,26
631418,720575940619173534,16,17
631418,720575940619455879,5,1
631418,720575940619473624,32,33
631418,720575940619588568,39,37
631418,720575940619853515,33,37
631418,720575940619973712,113,112
631418,720575940620025620,27,26
631418,720575940620031366,49,45
631418,720575940620062288,4,5
631418,720575940620254087,21,20
631418,720575940620271636,1,0
631418,720575940620274085,89,94
631418,720575940620282900,5,7
631418,720575940620374693,18,19
631418,720575940620714150,5,6
631418,720575940620780272,28,29
631418,720575940620805046,12,9
631418,720575940620873793,5,7
631418,720575940620874757,97,95
631418,720575940621057702,10,11
631418,720575940621329328,1,4
631418,720575940621345012,2,1
631418,720575940621399899,51,46
631418,720575940621422518,17,16
631418,720575940621468404,5,7
631418,720575940621519130,0,3
631418,720575940621538142,34,32
631418,720575940621573030,22,21
631418,720575940621577036,9,8
631418,720575940621586854,67,68
631418,720575940621771041,3,4
631418,720575940622027222,2,6
631418,720575940622147873,0,1
631418,720575940622235425,56,58
631418,720575940622348156,26,24
631418,720575940622612749,33,32
631418,720575940622624214,4,7
631418,720575940623072013,5,7
631418,720575940623192781,25,27
631418,720575940623209165,32,29
631418,720575940623211725,68,65
631418,720575940623352063,83,85
631418,720575940623453959,27,28
631418,720575940623478115,11,14
631418,720575940623578375,48,41
631418,720575940624023188,27,26
631418,720575940624084372,1,4
631418,720575940624163303,1,2
631418,720575940624366845,2,3
631418,720575940624484796,56,57
631418,720575940624897516,30,34
631418,720575940624906483,32,31
631418,720575940625045180,78,73
631418,720575940625047484,47,49
631418,720575940625178768,25,26
631418,720575940625641402,3,2
631418,720575940625737776,40,43
631418,720575940625861660,39,43
631418,720575940625867056,61,60
631418,720575940625874992,61,56
631418,720575940625875504,53,50
631418,720575940626159306,0,1
631418,720575940626278974,15,13
631418,720575940626289021,8,11
631418,720575940626468178,1,2
631418,720575940626478082,1,0
631418,720575940626495746,37,36
631418,720575940626626597,27,26
631418,720575940626968216,0,2
631418,720575940626972056,28,27
631418,720575940626993694,22,21
631418,720575940626999464,9,8
631418,720575940627083294,21,18
631418,720575940627086594,20,22
631418,720575940627107271,14,11
631418,720575940627383685,126,125
631418,720575940627446661,8,4
631418,720575940627779983,24,23
631418,720575940627812168,13,15
631418,720575940627814728,2,3
631418,720575940627819151,31,29
631418,720575940627828296,12,9
631418,720575940627847752,43,47
631418,720575940627949626,0,1
631418,720575940628598121,76,70
631418,720575940628630171,21,19
631418,720575940628648809,50,51
631418,720575940628676457,23,20
631418,720575940628755815,55,59
631418,720575940628826128,35,41
631418,720575940628972048,45,43
631418,720575940628997123,22,19
631418,720575940628998659,17,21
631418,720575940629207963,25,21
631418,720575940629561347,23,26
631418,720575940629778554,95,92
631418,720575940629804158,1,3
631418,720575940629810748,58,57
631418,720575940629888530,129,128
631418,720575940630034231,14,15
631418,720575940630094652,10,11
631418,720575940630291767,2,5
631418,720575940630579574,62,55
631418,720575940630664556,27,29
631418,720575940630667372,37,39
631418,720575940630683385,45,43
631418,720575940630771449,28,27
631418,720575940630781433,2,9
631418,720575940630806267,26,24
631418,720575940630820919,44,42
631418,720575940630865724,64,60
631418,720575940630868793,105,104
631418,720575940630931999,6,12
631418,720575940630980559,11,8
631418,720575940630996055,59,58
631418,720575940631108303,2,3
631418,720575940631168057,15,13
631418,720575940631283267,20,23
631418,720575940631406411,37,38
631418,720575940631629160,0,2
631418,720575940631662648,11,10
631418,720575940631703608,43,42
631418,720575940631959097,52,54
631418,720575940631989352,1,3
631418,720575940631994728,11,13
631418,720575940631997032,45,47
631418,720575940631999080,29,30
631418,720575940632047890,80,83
631418,720575940632118156,72,67
631418,720575940632134227,9,8
631418,720575940632159519,15,14
631418,720575940632252743,61,62
631418,720575940632304711,22,21
631418,720575940632307025,0,1
631418,720575940632365905,35,37
631418,720575940632602532,47,46
631418,720575940632722515,0,1
631418,720575940632722771,50,46
631418,720575940632962786,4,2
631418,720575940633116256,5,7
631418,720575940633185567,67,66
631418,720575940633293025,17,21
631418,720575940633308371,4,6
631418,720575940633316563,12,15
631418,720575940633373651,10,8
631418,720575940633612698,41,38
631418,720575940633674135,49,46
631418,720575940634210155,1,2
631418,720575940634301852,25,23
631418,720575940634428058,5,7
631418,720575940634645600,65,62
631418,720575940634756203,1,7
631418,720575940634825623,6,9
631418,720575940635055039,39,42
631418,720575940635578303,40,41
631418,720575940635611316,4,3
631418,720575940635771316,0,1
631418,720575940635839077,1,3
631418,720575940636053678,67,62
631418,720575940636165624,27,21
631418,720575940636346487,6,3
631418,720575940636654703,0,1
631418,720575940636809646,21,22
631418,720575940636828334,2,4
631418,720575940636895406,24,21
631418,720575940637144944,7,11
631418,720575940637360730,7,3
631418,720575940637656286,10,9
631418,720575940638088262,5,7
631418,720575940638103349,101,98
631418,720575940638181092,61,59
631418,720575940639170723,2,0
631418,720575940639198397,20,21
631418,720575940639285949,76,74
631418,720575940639425112,33,32
631418,720575940639786915,29,30
631418,720575940639972816,14,11
631418,720575940641480949,12,14
631418,720575940641585627,1,3
631418,720575940642335373,6,7
631418,720575940642428045,63,62
631418,720575940643543496,1,0
631418,720575940643867296,64,53
631418,720575940644653348,42,41
631418,720575940644758308,3,6
631418,720575940644968215,1,4
631418,720575940645045527,7,8
631418,720575940645047831,12,13
631418,720575940645521262,56,59
631418,720575940647029044,16,19
631418,720575940647030324,13,16
631418,720575940647081860,0,1
631418,720575940647518340,41,40
631418,720575940649829241,52,49
631418,720575940652580086,100,98
631418,720575940655013025,53,49
631418,720575940660219265,89,83
631418,720575940660220289,1,2
631418,720575940660223873,52,53
631418,720575940660229505,43,40
631419,720575940605513649,4,6
631419,720575940605658033,25,22
631419,720575940606607234,17,14
631419,720575940607193986,39,38
631419,720575940607272649,56,59
631419,720575940607451081,36,32
631419,720575940608498780,25,26
631419,720575940608735241,22,21
631419,720575940609133269,21,24
631419,720575940609405635,24,27
631419,720575940609407939,43,42
631419,720575940609915204,35,34
631419,720575940609935172,16,17
631419,720575940609939780,17,21
631419,720575940610000964,22,24
631419,720575940610001220,13,6
631419,720575940610232274,11,10
631419,720575940610258552,32,34
631419,720575940610611246,12,11
631419,720575940610803554,30,32
631419,720575940610916465,31,32
631419,720575940611015122,30,31
631419,720575940611151406,7,6
631419,720575940611160930,32,31
631419,720575940611164770,13,15
631419,720575940611436408,25,24
631419,720575940611548878,49,52
631419,720575940611549902,20,18
631419,720575940611988197,3,4
631419,720575940612036837,37,35
631419,720575940612064113,67,68
631419,720575940612208858,11,14
631419,720575940612289010,7,8
631419,720575940612357618,10,13
631419,720575940612423922,63,59
631419,720575940612479205,7,9
631419,720575940612558061,31,28
631419,720575940612603289,2,3
631419,720575940612611301,71,72
631419,720575940612692633,57,55
631419,720575940612865814,0,1
631419,720575940612906518,75,77
631419,720575940612952557,12,16
631419,720575940613004402,23,24
631419,720575940613347299,28,31
631419,720575940613670893,22,23
631419,720575940613687789,37,38
631419,720575940613743569,2,3
631419,720575940613929391,31,28
631419,720575940613943215,20,24
631419,720575940614660519,20,22
631419,720575940614730914,15,14
631419,720575940614909506,1,0
631419,720575940615041430,113,114
631419,720575940615052812,16,14
631419,720575940615153494,5,6
631419,720575940615564959,4,3
631419,720575940615582111,3,6
631419,720575940615623867,5,7
631419,720575940615671106,82,80
631419,720575940615811670,6,7
631419,720575940616018956,74,75
631419,720575940616103218,79,80
631419,720575940616466260,48,49
631419,720575940616644411,21,26
631419,720575940616857174,44,45
631419,720575940616860758,0,3
631419,720575940616864086,27,32
631419,720575940616864217,41,44
631419,720575940617373268,0,3
631419,720575940617488477,11,9
631419,720575940617494877,8,7
631419,720575940617552057,40,38
631419,720575940617593233,62,61
631419,720575940617629841,46,49
631419,720575940618165019,120,129
631419,720575940618472261,57,59
631419,720575940618574749,33,34
631419,720575940618696989,35,34
631419,720575940618726171,16,14
631419,720575940618859480,11,12
631419,720575940618864725,8,6
631419,720575940619048827,69,75
631419,720575940619114048,25,26
631419,720575940619173534,16,18
631419,720575940619455879,4,5
631419,720575940619473624,30,31
631419,720575940619588568,38,37
631419,720575940619853515,34,30
631419,720575940619973712,111,110
631419,720575940620025620,33,36
631419,720575940620031366,49,47
631419,720575940620062288,3,5
631419,720575940620170887,27,30
631419,720575940620254087,22,21
631419,720575940620271636,0,1
631419,720575940620274085,83,84
631419,720575940620292116,3,4
631419,720575940620335269,62,64
631419,720575940620374693,20,19
631419,720575940620473547,15,17
631419,720575940620474278,6,8
631419,720575940620714150,5,7
631419,720575940620805046,9,7
631419,720575940620874757,97,96
631419,720575940621057702,11,10
631419,720575940621261296,31,32
631419,720575940621422518,15,17
631419,720575940621519130,1,2
631419,720575940621573030,19,21
631419,720575940621586854,65,66
631419,720575940621771041,12,8
631419,720575940622027222,4,5
631419,720575940622235425,56,58
631419,720575940622348156,21,24
631419,720575940622552675,0,1
631419,720575940622624214,7,3
631419,720575940623192781,24,25
631419,720575940623209165,32,35
631419,720575940623211725,60,63
631419,720575940623352063,75,83
631419,720575940623453959,26,27
631419,720575940623478115,9,11
631419,720575940623578375,42,41
631419,720575940624023188,24,28
631419,720575940624163303,0,1
631419,720575940624310857,6,8
631419,720575940624484796,51,53
631419,720575940624600840,7,11
631419,720575940624623287,30,31
631419,720575940624906483,28,31
631419,720575940624966840,32,31
631419,720575940625045180,85,83
631419,720575940625047484,49,50
631419,720575940625102692,53,52
631419,720575940625164558,2,1
631419,720575940625175054,66,65
631419,720575940625580988,38,39
631419,720575940625612474,0,1
631419,720575940625641402,3,4
631419,720575940625705930,62,65
631419,720575940625737776,34,38
631419,720575940625861660,40,42
631419,720575940625867056,58,57
631419,720575940625874992,71,73
631419,720575940625875504,62,64
631419,720575940626038714,4,8
631419,720575940626278974,13,8
631419,720575940626279742,36,37
631419,720575940626308697,26,25
631419,720575940626495746,34,35
631419,720575940626626597,24,28
631419,720575940626860421,0,1
631419,720575940626968216,1,0
631419,720575940626972056,26,27
631419,720575940626993694,23,19
631419,720575940626999464,7,8
631419,720575940627083294,20,18
631419,720575940627107271,18,17
631419,720575940627383685,124,125
631419,720575940627410451,32,33
631419,720575940627446661,10,7
631419,720575940627779983,21,22
631419,720575940627812168,11,6
631419,720575940627819151,31,30
631419,720575940627828296,9,10
631419,720575940627847752,41,43
631419,720575940628114684,64,63
631419,720575940628129129,1,0
631419,720575940628598121,81,84
631419,720575940628630171,22,21
631419,720575940628648809,45,47
631419,720575940628676457,20,21
631419,720575940628755815,56,55
631419,720575940628826128,38,35
631419,720575940628972048,43,44
631419,720575940628995331,1,0
631419,720575940628997123,20,18
631419,720575940628998659,16,14
631419,720575940629000783,17,18
631419,720575940629207963,21,23
631419,720575940629239934,11,7
631419,720575940629508599,1,3
631419,720575940629561347,21,20
631419,720575940629664768,8,7
631419,720575940629778554,106,110
631419,720575940629810748,56,50
631419,720575940629812346,9,6
631419,720575940629888530,125,124
631419,720575940630034231,13,16
631419,720575940630044278,6,3
631419,720575940630094652,6,7
631419,720575940630488540,13,15
631419,720575940630579574,53,59
631419,720575940630664556,26,29
631419,720575940630683385,57,61
631419,720575940630695798,0,1
631419,720575940630771449,28,29
631419,720575940630781433,7,3
631419,720575940630806267,32,35
631419,720575940630820919,39,40
631419,720575940630865724,58,57
631419,720575940630868793,116,111
631419,720575940630931999,8,11
631419,720575940630980559,14,12
631419,720575940630996055,58,56
631419,720575940631108303,6,3
631419,720575940631283267,19,20
631419,720575940631340815,15,16
631419,720575940631349335,62,61
631419,720575940631406411,37,39
631419,720575940631629160,1,2
631419,720575940631662648,8,10
631419,720575940631703608,37,40
631419,720575940631714119,9,12
631419,720575940631918649,69,72
631419,720575940631989352,1,0
631419,720575940631994728,8,11
631419,720575940631997032,45,47
631419,720575940631999080,36,40
631419,720575940632047890,73,81
631419,720575940632134227,7,8
631419,720575940632159519,16,15
631419,720575940632252743,59,57
631419,720575940632304711,27,31
631419,720575940632365905,32,35
631419,720575940632602532,45,46
631419,720575940632659404,2,4
631419,720575940632722771,46,44
631419,720575940632962786,3,2
631419,720575940633185567,60,64
631419,720575940633277209,84,85
631419,720575940633293025,18,17
631419,720575940633308371,5,6
631419,720575940633316563,14,13
631419,720575940633373651,8,9
631419,720575940633612698,40,39
631419,720575940633674135,48,50
631419,720575940634210155,2,4
631419,720575940634301852,25,27
631419,720575940634645600,70,74
631419,720575940634756203,3,4
631419,720575940634825623,8,9
631419,720575940635055039,37,40
631419,720575940635179871,63,64
631419,720575940635211115,7,9
631419,720575940635239672,28,29
631419,720575940635578303,39,40
631419,720575940635611316,2,3
631419,720575940636053678,65,63
631419,720575940636165624,26,28
631419,720575940636346487,1,3
631419,720575940636809646,20,21
631419,720575940636895406,19,22
631419,720575940637144944,8,10
631419,720575940637360730,3,5
631419,720575940637656286,4,6
631419,720575940638103349,99,100
631419,720575940638181092,69,72
631419,720575940639170723,0,2
631419,720575940639198397,17,16
631419,720575940639285949,74,76
631419,720575940639425112,29,32
631419,720575940639785379,2,1
631419,720575940639786915,29,30
631419,720575940639972816,19,18
631419,720575940640839120,11,13
631419,720575940641480949,14,12
631419,720575940642335373,9,8
631419,720575940642428045,62,63
631419,720575940643867296,58,53
631419,720575940644653348,37,38
631419,720575940644666148,0,1
631419,720575940644968215,4,1
631419,720575940645045527,6,4
631419,720575940645352814,3,6
631419,720575940645521262,53,56
631419,720575940647029044,18,17
631419,720575940647030324,16,18
631419,720575940647033396,34,36
631419,720575940652580086,101,99
631419,720575940655011489,10,9
631419,720575940655013025,46,47
631419,720575940660219265,82,79
631419,720575940660220289,4,3
631419,720575940660223873,53,52
631419,720575940660229505,40,39
631420,720575940605513649,8,3
631420,720575940605658033,20,18
631420,720575940605682790,16,15
631420,720575940606607234,17,15
631420,720575940607193986,39,36
631420,720575940607272649,60,55
631420,720575940607451081,33,37
631420,720575940607689394,7,9
631420,720575940608349379,8,3
631420,720575940608498780,26,25
631420,720575940608735241,22,23
631420,720575940609016843,8,3
631420,720575940609133269,20,21
631420,720575940609405635,26,24
631420,720575940609407939,39,37
631420,720575940609935172,17,16
631420,720575940609939780,17,16
631420,720575940610001220,6,9
631420,720575940610232274,12,13
631420,720575940610258552,33,32
631420,720575940610611246,12,13
631420,720575940610803554,31,30
631420,720575940610916465,33,32
631420,720575940611151406,7,6
631420,720575940611160930,28,27
631420,720575940611164770,11,13
631420,720575940611366058,7,5
631420,720575940611548878,40,37
631420,720575940611549902,19,17
631420,720575940611988197,4,3
631420,720575940612036837,29,34
631420,720575940612289010,11,10
631420,720575940612357618,12,10
631420,720575940612479205,9,7
631420,720575940612537061,5,4
631420,720575940612558061,30,26
631420,720575940612603289,2,0
631420,720575940612692633,61,58
631420,720575940612766515,8,3
631420,720575940612888178,34,30
631420,720575940612906518,80,78
631420,720575940612952557,15,13
631420,720575940613347299,29,26
631420,720575940613687789,38,36
631420,720575940613743569,2,1
631420,720575940613929391,27,24
631420,720575940613943215,18,20
631420,720575940614128691,27,26
631420,720575940614730914,16,11
631420,720575940615041430,108,110
631420,720575940615052812,17,15
631420,720575940615296818,27,26
631420,720575940615564959,3,4
631420,720575940615623867,7,5
631420,720575940615671106,82,74
631420,720575940615715003,4,3
631420,720575940615811670,7,3
631420,720575940616018956,75,73
631420,720575940616103218,76,75
631420,720575940616466260,46,47
631420,720575940616644411,26,23
631420,720575940616857174,46,41
631420,720575940616864086,29,28
631420,720575940616864217,42,44
631420,720575940617373268,1,2
631420,720575940617488477,8,7
631420,720575940617494877,12,9
631420,720575940617552057,40,39
631420,720575940617588258,37,33
631420,720575940618165019,109,118
631420,720575940618472261,53,54
631420,720575940618726171,12,14
631420,720575940618800064,1,0
631420,720575940618859480,10,9
631420,720575940618864725,4,2
631420,720575940618995393,8,3
631420,720575940619048827,68,74
631420,720575940619114048,26,25
631420,720575940619176094,0,1
631420,720575940619455879,4,2
631420,720575940619473624,31,32
631420,720575940619853515,33,32
631420,720575940619877396,77,71
631420,720575940620031366,50,46
631420,720575940620062288,2,4
631420,720575940620170887,28,27
631420,720575940620274085,82,80
631420,720575940620282900,8,3
631420,720575940620335269,62,60
631420,720575940620374693,22,21
631420,720575940620474278,5,4
631420,720575940620673985,46,43
631420,720575940620714150,9,5
631420,720575940620805046,10,11
631420,720575940620873793,8,3
631420,720575940621399899,46,45
631420,720575940621422518,17,18
631420,720575940621468404,8,3
631420,720575940621519130,1,0
631420,720575940621538142,35,32
631420,720575940621573030,21,18
631420,720575940621586854,67,65
631420,720575940621771041,7,10
631420,720575940622027222,6,4
631420,720575940622348156,24,20
631420,720575940622612749,32,30
631420,720575940622624214,2,5
631420,720575940622695448,137,138
631420,720575940622734106,0,1
631420,720575940622810153,49,47
631420,720575940623072013,8,3
631420,720575940623211725,62,63
631420,720575940623352063,78,81
631420,720575940623453959,27,25
631420,720575940623478115,12,14
631420,720575940624023188,27,25
631420,720575940624163303,4,0
631420,720575940624310857,6,4
631420,720575940624484796,51,49
631420,720575940624600840,6,9
631420,720575940624623287,34,31
631420,720575940624897516,35,33
631420,720575940624906483,29,28
631420,720575940624966840,33,32
631420,720575940625045180,80,82
631420,720575940625047484,52,53
631420,720575940625178768,25,26
631420,720575940625580988,40,35
631420,720575940625737776,38,34
631420,720575940625861660,38,39
631420,720575940625867056,57,58
631420,720575940625874992,68,69
631420,720575940626038714,7,3
631420,720575940626191306,98,99
631420,720575940626278974,7,12
631420,720575940626279742,34,35
631420,720575940626289021,8,9
631420,720575940626308697,26,25
631420,720575940626468178,2,1
631420,720575940626626597,26,25
631420,720575940626993694,20,18
631420,720575940626999464,7,8
631420,720575940627083294,16,18
631420,720575940627086594,23,20
631420,720575940627113544,0,1
631420,720575940627410451,35,32
631420,720575940627446661,5,2
631420,720575940627704392,5,3
631420,720575940627779983,21,22
631420,720575940627812168,10,13
631420,720575940627819151,35,31
631420,720575940627828296,8,6
631420,720575940627847752,44,41
631420,720575940628598121,77,80
631420,720575940628630171,23,21
631420,720575940628648809,52,47
631420,720575940628676457,22,20
631420,720575940628755815,59,56
631420,720575940628826128,38,35
631420,720575940628972048,42,41
631420,720575940628995331,3,0
631420,720575940628997123,19,16
631420,720575940628998659,18,15
631420,720575940629000783,20,15
631420,720575940629207963,22,21
631420,720575940629239934,12,8
631420,720575940629421415,8,5
631420,720575940629508599,2,1
631420,720575940629561347,24,22
631420,720575940629623351,2,1
631420,720575940629664768,7,8
631420,720575940629778554,102,106
631420,720575940629804158,1,2
631420,720575940629810748,57,54
631420,720575940630034231,15,14
631420,720575940630044278,6,4
631420,720575940630094652,7,6
631420,720575940630291767,5,1
631420,720575940630771449,26,25
631420,720575940630781433,9,6
631420,720575940630806267,28,30
631420,720575940630865724,65,54
631420,720575940630868793,112,120
631420,720575940630931999,13,4
631420,720575940630980559,13,9
631420,720575940630996055,57,58
631420,720575940631108303,4,7
631420,720575940631168057,11,14
631420,720575940631283267,23,17
631420,720575940631349335,60,62
631420,720575940631406411,38,35
631420,720575940631662648,12,11
631420,720575940631703608,37,41
631420,720575940631714119,9,11
631420,720575940631918649,72,69
631420,720575940631994728,13,10
631420,720575940631997032,51,52
631420,720575940632047890,76,80
631420,720575940632118156,75,78
631420,720575940632134227,8,7
631420,720575940632159519,14,15
631420,720575940632252743,60,56
631420,720575940632304711,24,25
631420,720575940632365905,33,34
631420,720575940632602532,48,46
631420,720575940632659404,1,2
631420,720575940632722771,47,46
631420,720575940632962786,2,0
631420,720575940633116256,8,3
631420,720575940633185567,65,64
631420,720575940633293025,18,17
631420,720575940633308371,5,3
631420,720575940633373651,6,4
631420,720575940633674135,49,48
631420,720575940634210155,4,3
631420,720575940634301852,24,25
631420,720575940634428058,8,3
631420,720575940634645600,70,72
631420,720575940634756203,4,3
631420,720575940634825623,10,11
631420,720575940635055039,37,40
631420,720575940635166571,0,2
631420,720575940635179871,64,65
631420,720575940635211115,5,4
631420,720575940635239672,30,27
631420,720575940635451546,10,9
631420,720575940635578303,39,36
631420,720575940635611316,3,2
631420,720575940635839077,0,2
631420,720575940636053678,64,67
631420,720575940636165624,25,27
631420,720575940636346487,3,0
631420,720575940636809646,21,20
631420,720575940636895406,21,22
631420,720575940637144944,7,8
631420,720575940637360730,6,4
631420,720575940638088262,8,3
631420,720575940638103349,100,99
631420,720575940638181092,65,68
631420,720575940639198397,17,16
631420,720575940639285949,76,72
631420,720575940639425112,33,28
631420,720575940639786915,31,29
631420,720575940640839120,11,14
631420,720575940641480949,17,16
631420,720575940642335373,7,8
631420,720575940643867296,60,62
631420,720575940644653348,37,36
631420,720575940644758308,5,3
631420,720575940645045527,6,5
631420,720575940645047831,14,12
631420,720575940645352814,4,3
631420,720575940645521262,68,53
631420,720575940647029044,15,14
631420,720575940647033396,35,34
631420,720575940647518340,39,36
631420,720575940649829241,49,50
631420,720575940652580086,100,96
631420,720575940655011489,7,8
631420,720575940655014049,72,73
631420,720575940660219265,82,78
631420,720575940660220289,4,2
631420,720575940660229505,42,41
631421,720575940605513649,7,4
631421,720575940605658033,22,21
631421,720575940605682790,15,18
631421,720575940606607234,17,16
631421,720575940606852018,2,1
631421,720575940606866377,72,71
631421,720575940607193986,44,38
631421,720575940607272649,64,57
631421,720575940607386290,26,24
631421,720575940607451081,36,35
631421,720575940608349379,7,4
631421,720575940608498780,29,26
631421,720575940608735241,25,26
631421,720575940609016843,7,4
631421,720575940609133269,22,25
631421,720575940609405635,28,27
631421,720575940609407939,44,41
631421,720575940609915204,37,33
631421,720575940609935172,18,19
631421,720575940609939780,18,19
631421,720575940609993284,26,23
631421,720575940610000964,23,25
631421,720575940610001220,9,7
631421,720575940610054980,68,78
631421,720575940610173048,1,0
631421,720575940610258552,35,30
631421,720575940610611246,8,12
631421,720575940610621026,3,1
631421,720575940610677828,50,46
631421,720575940610803554,33,30
631421,720575940610916465,31,32
631421,720575940611151406,7,11
631421,720575940611160930,31,33
631421,720575940611164770,17,18
631421,720575940611366058,6,7
631421,720575940611436408,27,24
631421,720575940611548878,42,50
631421,720575940611549902,20,22
631421,720575940611988197,3,5
631421,720575940612036837,33,41
631421,720575940612064113,69,67
631421,720575940612208858,11,14
631421,720575940612289010,9,11
631421,720575940612357618,13,11
631421,720575940612423922,61,64
631421,720575940612479205,9,12
631421,720575940612537061,4,1
631421,720575940612558061,33,31
631421,720575940612603289,2,0
631421,720575940612611301,75,74
631421,720575940612648106,17,16
631421,720575940612692633,54,56
631421,720575940612766515,7,4
631421,720575940612865814,0,1
631421,720575940612888178,33,32
631421,720575940612952557,14,16
631421,720575940613004402,19,25
631421,720575940613347299,30,26
631421,720575940613670893,19,22
631421,720575940613687789,37,38
631421,720575940613743569,5,4
631421,720575940613929391,28,32
631421,720575940613943215,22,24
631421,720575940614128691,29,28
631421,720575940614660519,22,21
631421,720575940614909506,2,1
631421,720575940615041430,119,110
631421,720575940615052812,14,15
631421,720575940615153494,4,6
631421,720575940615564959,6,4
631421,720575940615582111,5,4
631421,720575940615623867,6,8
631421,720575940615671106,85,78
631421,720575940615715003,3,1
631421,720575940615811670,6,9
631421,720575940616018956,76,79
631421,720575940616466260,54,49
631421,720575940616644411,25,26
631421,720575940616857174,48,44
631421,720575940616864086,32,31
631421,720575940616864217,49,43
631421,720575940617373268,1,3
631421,720575940617488477,11,10
631421,720575940617494877,11,14
631421,720575940617552057,43,40
631421,720575940617588258,39,35
631421,720575940617593233,63,62
631421,720575940617629841,52,51
631421,720575940618165019,99,117
631421,720575940618472261,51,59
631421,720575940618574749,33,36
631421,720575940618726171,16,13
631421,720575940618864725,5,4
631421,720575940618995393,7,4
631421,720575940619048827,63,74
631421,720575940619114048,29,26
631421,720575940619173534,17,18
631421,720575940619455879,3,2
631421,720575940619588568,39,38
631421,720575940619853515,38,32
631421,720575940619877396,78,73
631421,720575940619973712,112,111
631421,720575940620025620,26,32
631421,720575940620031366,50,49
631421,720575940620062288,7,5
631421,720575940620170887,28,33
631421,720575940620254087,18,24
631421,720575940620271636,1,2
631421,720575940620274085,90,80
631421,720575940620282900,7,4
631421,720575940620292116,5,7
631421,720575940620335269,59,69
631421,720575940620474278,7,9
631421,720575940620673985,49,44
631421,720575940620714150,6,5
631421,720575940620780272,26,28
631421,720575940620873793,7,4
631421,720575940620874757,96,98
631421,720575940621057702,11,12
631421,720575940621261296,33,32
631421,720575940621329328,0,1
631421,720575940621345012,1,0
631421,720575940621399899,50,46
631421,720575940621468404,7,4
631421,720575940621519130,2,0
631421,720575940621538142,35,31
631421,720575940621573030,20,21
631421,720575940621577036,8,10
631421,720575940621586854,72,63
631421,720575940621771041,7,8
631421,720575940622147873,0,1
631421,720575940622348156,23,22
631421,720575940622474899,0,1
631421,720575940622612749,32,33
631421,720575940622624214,6,5
631421,720575940622734106,0,1
631421,720575940622810153,42,51
631421,720575940623072013,7,4
631421,720575940623192781,24,25
631421,720575940623209165,27,35
631421,720575940623210445,66,67
631421,720575940623211725,71,65
631421,720575940623352063,85,75
631421,720575940623453959,30,28
631421,720575940623578375,45,42
631421,720575940624023188,29,27
631421,720575940624084372,4,3
631421,720575940624310857,7,9
631421,720575940624484796,57,52
631421,720575940624600840,10,8
631421,720575940624623287,33,34
631421,720575940624897516,33,31
631421,720575940624906483,33,29
631421,720575940625045180,76,90
631421,720575940625175054,62,65
631421,720575940625178768,24,25
631421,720575940625580988,40,37
631421,720575940625641402,5,2
631421,720575940625705930,64,65
631421,720575940625737776,38,35
631421,720575940625867056,59,61
631421,720575940625874992,62,71
631421,720575940625875504,53,65
631421,720575940626038714,1,3
631421,720575940626191306,101,100
631421,720575940626256765,19,16
631421,720575940626278974,15,9
631421,720575940626279742,39,36
631421,720575940626289021,11,12
631421,720575940626308697,24,25
631421,720575940626468178,2,0
631421,720575940626478082,0,1
631421,720575940626495746,36,35
631421,720575940626626597,29,27
631421,720575940626860421,0,1
631421,720575940626972056,27,29
631421,720575940626993694,23,18
631421,720575940626999464,7,10
631421,720575940627083294,17,20
631421,720575940627086594,22,24
631421,720575940627107271,14,18
631421,720575940627383685,125,126
631421,720575940627410451,35,26
631421,720575940627779983,24,22
631421,720575940627814728,3,5
631421,720575940627819151,34,31
631421,720575940627828296,7,11
631421,720575940627847752,41,42
631421,720575940628598121,75,86
631421,720575940628630171,22,19
631421,720575940628648809,51,49
631421,720575940628676457,20,22
631421,720575940628972048,46,45
631421,720575940628995331,0,1
631421,720575940628997123,21,20
631421,720575940628998659,17,12
631421,720575940629000783,17,19
631421,720575940629207963,23,26
631421,720575940629239934,12,9
631421,720575940629421415,4,5
631421,720575940629508599,5,2
631421,720575940629561347,24,21
631421,720575940629664768,10,9
631421,720575940629778554,97,110
631421,720575940629804158,1,2
631421,720575940629810748,60,54
631421,720575940629812346,10,5
631421,720575940629888530,129,127
631421,720575940630034231,15,16
631421,720575940630044278,2,1
631421,720575940630094652,10,11
631421,720575940630291767,4,2
631421,720575940630403031,0,1
631421,720575940630488540,14,15
631421,720575940630579574,59,57
631421,720575940630664556,25,29
631421,720575940630667372,40,39
631421,720575940630683385,50,59
631421,720575940630771449,28,30
631421,720575940630781433,8,4
631421,720575940630806267,26,32
631421,720575940630820919,41,39
631421,720575940630865724,66,56
631421,720575940630868793,93,118
631421,720575940630903291,1,0
631421,720575940630931999,12,7
631421,720575940630996055,55,56
631421,720575940631108303,5,6
631421,720575940631168057,14,13
631421,720575940631340815,17,15
631421,720575940631349335,65,62
631421,720575940631406411,35,39
631421,720575940631629160,1,0
631421,720575940631662648,12,9
631421,720575940631703608,45,44
631421,720575940631918649,76,67
631421,720575940631959097,55,53
631421,720575940631989352,1,0
631421,720575940631994728,8,14
631421,720575940631997032,48,47
631421,720575940631999080,33,40
631421,720575940632047890,83,76
631421,720575940632118156,71,84
631421,720575940632134227,8,11
631421,720575940632159519,14,16
631421,720575940632252743,63,55
631421,720575940632304711,24,27
631421,720575940632365905,38,34
631421,720575940632602532,48,49
631421,720575940632722771,48,46
631421,720575940632962786,0,3
631421,720575940633116256,7,4
631421,720575940633185567,67,63
631421,720575940633293025,18,19
631421,720575940633308371,8,4
631421,720575940633316563,16,13
631421,720575940633373651,8,10
631421,720575940633612698,40,39
631421,720575940633674135,48,46
631421,720575940634210155,2,3
631421,720575940634428058,7,4
631421,720575940634645600,64,75
631421,720575940634756203,1,3
631421,720575940634825623,6,11
631421,720575940635055039,43,37
631421,720575940635179871,64,65
631421,720575940635211115,8,9
631421,720575940635239672,29,32
631421,720575940635451546,14,13
631421,720575940635578303,40,38
631421,720575940635611316,1,2
631421,720575940635839077,1,2
631421,720575940636053678,71,67
631421,720575940636165624,25,30
631421,720575940636346487,1,2
631421,720575940636809646,21,18
631421,720575940636828334,1,2
631421,720575940636895406,20,23
631421,720575940637144944,8,10
631421,720575940637360730,2,8
631421,720575940637568838,152,153
631421,720575940637656286,5,9
631421,720575940637790527,1,0
631421,720575940638088262,7,4
631421,720575940638103349,99,98
631421,720575940638181092,61,70
631421,720575940639170723,4,3
631421,720575940639198397,17,20
631421,720575940639425112,33,29
631421,720575940639785379,1,2
631421,720575940639786915,28,33
631421,720575940639972816,14,18
631421,720575940640839120,11,12
631421,720575940641480949,14,16
631421,720575940641585627,0,1
631421,720575940642335373,7,6
631421,720575940643543496,0,1
631421,720575940643867296,56,63
631421,720575940644653348,39,37
631421,720575940644666148,0,1
631421,720575940645045527,7,4
631421,720575940645047831,11,14
631421,720575940645352814,2,4
631421,720575940645521262,57,56
631421,720575940647029044,18,17
631421,720575940647030324,15,18
631421,720575940647518340,41,38
631421,720575940648864633,5,6
631421,720575940649829241,52,48
631421,720575940652580086,99,100
631421,720575940655011489,9,8
631421,720575940655013025,52,47
631421,720575940655014049,82,83
631421,720575940660219265,88,80
631421,720575940660220289,4,2
631421,720575940660223873,53,54
631421,720575940660229505,43,40
631422,720575940605513649,3,6
631422,720575940605682790,15,12
631422,720575940606391218,0,1
631422,720575940606607234,15,16
631422,720575940607193986,41,40
631422,720575940607386290,25,26
631422,720575940607451081,35,37
631422,720575940607689394,9,8
631422,720575940608349379,5,6
631422,720575940608498780,26,25
631422,720575940608735241,21,20
631422,720575940609016843,5,6
631422,720575940609133269,19,18
631422,720575940609405635,25,26
631422,720575940609915204,38,34
631422,720575940609939780,15,17
631422,720575940609993284,24,23
631422,720575940610001220,12,8
631422,720575940610054980,70,62
631422,720575940610232274,12,11
631422,720575940610611246,9,8
631422,720575940610621026,4,2
631422,720575940610677828,51,49
631422,720575940610916465,31,33
631422,720575940611160930,27,30
631422,720575940611164770,13,14
631422,720575940611366058,5,3
631422,720575940611436408,26,25
631422,720575940611548878,36,37
631422,720575940611549902,21,18
631422,720575940611988197,1,2
631422,720575940612036837,36,38
631422,720575940612208858,12,9
631422,720575940612289010,10,8
631422,720575940612357618,10,13
631422,720575940612423922,62,61
631422,720575940612479205,10,11
631422,720575940612558061,30,29
631422,720575940612611301,72,71
631422,720575940612648106,15,16
631422,720575940612692633,56,57
631422,720575940612766515,5,6
631422,720575940612888178,35,34
631422,720575940612906518,76,77
631422,720575940612952557,13,11
631422,720575940613004402,21,17
631422,720575940613347299,25,28
631422,720575940613687789,35,33
631422,720575940613743569,3,6
631422,720575940613929391,30,31
631422,720575940614128691,29,28
631422,720575940614386070,1,0
631422,720575940614660519,21,20
631422,720575940614730914,17,16
631422,720575940614763666,80,79
631422,720575940615041430,115,120
631422,720575940615052812,13,14
631422,720575940615153494,5,7
631422,720575940615564959,6,5
631422,720575940615582111,4,2
631422,720575940615623867,4,5
631422,720575940615671106,81,85
631422,720575940615811670,5,4
631422,720575940616018956,74,73
631422,720575940616103218,79,80
631422,720575940616857174,45,47
631422,720575940616860758,2,3
631422,720575940616864086,30,34
631422,720575940616864217,46,48
631422,720575940617488477,9,10
631422,720575940617494877,11,14
631422,720575940617588258,36,35
631422,720575940617629841,51,48
631422,720575940617672920,0,1
631422,720575940618153105,0,1
631422,720575940618165019,111,97
631422,720575940618472261,52,44
631422,720575940618574749,33,36
631422,720575940618696989,32,33
631422,720575940618726171,17,12
631422,720575940618859480,12,14
631422,720575940618864725,5,4
631422,720575940618995393,5,6
631422,720575940619048827,66,55
631422,720575940619114048,26,25
631422,720575940619173534,19,15
631422,720575940619455879,4,3
631422,720575940619473624,29,28
631422,720575940619588568,35,36
631422,720575940619853515,37,36
631422,720575940619877396,78,82
631422,720575940619973712,111,113
631422,720575940620025620,29,24
631422,720575940620254087,20,17
631422,720575940620274085,83,86
631422,720575940620282900,5,6
631422,720575940620292116,2,3
631422,720575940620335269,58,52
631422,720575940620374693,22,19
631422,720575940620473547,19,17
631422,720575940620474278,6,4
631422,720575940620673985,48,46
631422,720575940620714150,3,7
631422,720575940620805046,11,10
631422,720575940621057702,14,9
631422,720575940621261296,35,33
631422,720575940621399899,48,47
631422,720575940621468404,5,6
631422,720575940621519130,0,1
631422,720575940621538142,33,31
631422,720575940621573030,19,21
631422,720575940621577036,8,7
631422,720575940621586854,74,67
631422,720575940621771041,11,8
631422,720575940622027222,2,4
631422,720575940622147873,0,1
631422,720575940622235425,60,57
631422,720575940622348156,24,21
631422,720575940622612749,30,33
631422,720575940622734106,3,0
631422,720575940622810153,45,34
631422,720575940623072013,5,6
631422,720575940623209165,30,28
631422,720575940623210445,60,62
631422,720575940623211725,67,64
631422,720575940623453959,27,28
631422,720575940623478115,14,13
631422,720575940624023188,26,28
631422,720575940624084372,3,6
631422,720575940624163303,1,0
631422,720575940624310857,6,4
631422,720575940624484796,54,53
631422,720575940624600840,10,9
631422,720575940624623287,32,33
631422,720575940624897516,35,34
631422,720575940624906483,31,30
631422,720575940624966840,31,33
631422,720575940625045180,80,69
631422,720575940625047484,51,49
631422,720575940625164558,0,1
631422,720575940625175054,64,62
631422,720575940625612474,1,0
631422,720575940625705930,64,63
631422,720575940625737776,34,37
631422,720575940625861660,43,38
631422,720575940625867056,58,57
631422,720575940625874992,64,54
631422,720575940625875504,55,50
631422,720575940626038714,3,6
631422,720575940626159306,0,1
631422,720575940626256765,16,17
631422,720575940626278974,17,16
631422,720575940626279742,35,37
631422,720575940626289021,12,8
631422,720575940626495746,34,33
631422,720575940626626597,26,28
631422,720575940626972056,27,26
631422,720575940626999464,8,6
631422,720575940627083294,17,16
631422,720575940627107271,14,10
631422,720575940627383685,124,125
631422,720575940627410451,34,30
631422,720575940627704392,1,0
631422,720575940627779983,22,21
631422,720575940627812168,15,11
631422,720575940627819151,30,29
631422,720575940627828296,8,9
631422,720575940627847752,43,44
631422,720575940627949626,0,1
631422,720575940628598121,78,68
631422,720575940628630171,21,19
631422,720575940628755815,57,56
631422,720575940628826128,37,39
631422,720575940628972048,45,44
631422,720575940628997123,23,15
631422,720575940628998659,20,18
631422,720575940629000783,18,20
631422,720575940629239934,16,13
631422,720575940629421415,5,6
631422,720575940629508599,4,6
631422,720575940629561347,25,23
631422,720575940629664768,12,11
631422,720575940629778554,99,85
631422,720575940629804158,1,2
631422,720575940629810748,59,57
631422,720575940629812346,14,12
631422,720575940629888530,125,124
631422,720575940630034231,13,11
631422,720575940630044278,2,3
631422,720575940630094652,10,8
631422,720575940630291767,1,3
631422,720575940630403031,0,1
631422,720575940630488540,14,13
631422,720575940630579574,55,56
631422,720575940630664556,25,26
631422,720575940630667372,36,34
631422,720575940630683385,53,48
631422,720575940630781433,7,5
631422,720575940630806267,28,23
631422,720575940630820919,43,40
631422,720575940630865724,62,64
631422,720575940630868793,107,92
631422,720575940630931999,9,10
631422,720575940630980559,8,11
631422,720575940630996055,59,56
631422,720575940631108303,4,2
631422,720575940631168057,15,13
631422,720575940631283267,20,21
631422,720575940631340815,14,16
631422,720575940631349335,64,62
631422,720575940631406411,32,33
631422,720575940631629160,1,2
631422,720575940631662648,12,10
631422,720575940631703608,41,40
631422,720575940631918649,72,73
631422,720575940631989352,1,0
631422,720575940631994728,6,11
631422,720575940631997032,50,47
631422,720575940631999080,31,30
631422,720575940632047890,79,80
631422,720575940632118156,76,65
631422,720575940632134227,9,8
631422,720575940632159519,14,15
631422,720575940632252743,62,59
631422,720575940632304711,21,20
631422,720575940632307025,0,1
631422,720575940632365905,37,35
631422,720575940632602532,44,43
631422,720575940632722515,0,1
631422,720575940632722771,45,47
631422,720575940632962786,2,3
631422,720575940633116256,5,6
631422,720575940633185567,76,69
631422,720575940633293025,17,18
631422,720575940633316563,16,14
631422,720575940633612698,40,39
631422,720575940633674135,47,48
631422,720575940634210155,1,2
631422,720575940634301852,25,23
631422,720575940634428058,4,6
631422,720575940634645600,68,56
631422,720575940634756203,2,4
631422,720575940634825623,11,9
631422,720575940635055039,39,40
631422,720575940635166571,0,2
631422,720575940635239672,26,27
631422,720575940635451546,12,11
631422,720575940635578303,39,41
631422,720575940635771316,0,1
631422,720575940635839077,2,1
631422,720575940636053678,65,64
631422,720575940636165624,28,22
631422,720575940636346487,1,4
631422,720575940636654703,0,1
631422,720575940636809646,24,21
631422,720575940636828334,3,1
631422,720575940636895406,21,20
631422,720575940637144944,9,10
631422,720575940637360730,7,4
631422,720575940637656286,6,7
631422,720575940638088262,5,6
631422,720575940638103349,99,98
631422,720575940638181092,63,57
631422,720575940639170723,1,2
631422,720575940639198397,22,21
631422,720575940639285949,74,72
631422,720575940639425112,32,33
631422,720575940639786915,28,25
631422,720575940639972816,14,10
631422,720575940640839120,16,10
631422,720575940641480949,9,12
631422,720575940642335373,6,5
631422,720575940642428045,61,62
631422,720575940643867296,66,50
631422,720575940644666148,0,1
631422,720575940644758308,2,4
631422,720575940644968215,1,2
631422,720575940645045527,8,5
631422,720575940645047831,10,11
631422,720575940645352814,3,5
631422,720575940645521262,54,64
631422,720575940647029044,14,19
631422,720575940647081860,0,1
631422,720575940647518340,41,37
631422,720575940648864633,7,5
631422,720575940649829241,49,48
631422,720575940652580086,99,98
631422,720575940655011489,9,7
631422,720575940655013025,51,50
631422,720575940655014049,83,82
631422,720575940660219265,84,88
631422,720575940660220289,1,3
631422,720575940660223873,52,51
631422,720575940660229505,39,38
631424,720575940605658033,19,21
631424,720575940607272649,54,55
631424,720575940607386290,25,24
631424,720575940608498780,23,25
631424,720575940609405635,24,25
631424,720575940609407939,43,42
631424,720575940609915204,31,32
631424,720575940609935172,14,15
631424,720575940609993284,24,22
631424,720575940610000964,22,21
631424,720575940610054980,72,74
631424,720575940610677828,46,47
631424,720575940610803554,31,32
631424,720575940611151406,9,7
631424,720575940611436408,24,25
631424,720575940612289010,8,9
631424,720575940612423922,61,63
631424,720575940612479205,9,8
631424,720575940612558061,28,27
631424,720575940612611301,73,72
631424,720575940612692633,56,54
631424,720575940612906518,79,78
631424,720575940613347299,26,25
631424,720575940613670893,21,20
631424,720575940613687789,39,38
631424,720575940613743569,4,3
631424,720575940614386070,1,2
631424,720575940614730914,10,12
631424,720575940614909506,1,2
631424,720575940615041430,110,112
631424,720575940615153494,6,5
631424,720575940615564959,3,2
631424,720575940615582111,2,4
631424,720575940615623867,4,5
631424,720575940615671106,76,78
631424,720575940616018956,74,75
631424,720575940616466260,48,50
631424,720575940616857174,43,42
631424,720575940616860758,4,3
631424,720575940616864217,43,44
631424,720575940617494877,11,13
631424,720575940617552057,38,39
631424,720575940617588258,34,35
631424,720575940618165019,104,108
631424,720575940618472261,50,53
631424,720575940618574749,33,35
631424,720575940618696989,33,32
631424,720575940618726171,12,13
631424,720575940618859480,13,12
631424,720575940618864725,6,4
631424,720575940619114048,24,25
631424,720575940619455879,4,3
631424,720575940619588568,38,37
631424,720575940619853515,32,33
631424,720575940619877396,72,73
631424,720575940620271636,3,2
631424,720575940620274085,83,84
631424,720575940620292116,1,2
631424,720575940620673985,44,45
631424,720575940620714150,3,4
631424,720575940620805046,8,9
631424,720575940620874757,95,96
631424,720575940621057702,10,9
631424,720575940621261296,30,33
631424,720575940621399899,46,47
631424,720575940621422518,14,15
631424,720575940621573030,20,21
631424,720575940621577036,7,9
631424,720575940621586854,73,76
631424,720575940622027222,3,5
631424,720575940622235425,56,57
631424,720575940622348156,23,21
631424,720575940622552675,3,2
631424,720575940622612749,30,29
631424,720575940623209165,27,29
631424,720575940623211725,59,62
631424,720575940623352063,80,83
631424,720575940623453959,25,26
631424,720575940623478115,14,13
631424,720575940624023188,24,25
631424,720575940624366845,2,1
631424,720575940624484796,52,53
631424,720575940624600840,7,8
631424,720575940624623287,30,31
631424,720575940624897516,28,30
631424,720575940624906483,28,29
631424,720575940624966840,25,28
631424,720575940625045180,70,72
631424,720575940625047484,47,46
631424,720575940625580988,36,37
631424,720575940625612474,1,2
631424,720575940625641402,1,3
631424,720575940625737776,35,37
631424,720575940625861660,37,38
631424,720575940625875504,53,54
631424,720575940626038714,0,1
631424,720575940626163658,0,1
631424,720575940626256765,18,15
631424,720575940626279742,34,33
631424,720575940626289021,9,8
631424,720575940626626597,24,25
631424,720575940626993694,19,21
631424,720575940626999464,7,9
631424,720575940627086594,22,23
631424,720575940627383685,123,122
631424,720575940627410451,27,28
631424,720575940627446661,8,6
631424,720575940627779983,22,23
631424,720575940627812168,13,12
631424,720575940627819151,29,28
631424,720575940627828296,8,9
631424,720575940627847752,38,39
631424,720575940628598121,74,76
631424,720575940628630171,21,19
631424,720575940628648809,45,47
631424,720575940628676457,21,23
631424,720575940628755815,55,56
631424,720575940628826128,37,36
631424,720575940629207963,22,23
631424,720575940629623351,1,2
631424,720575940629664768,11,10
631424,720575940629778554,99,100
631424,720575940629810748,50,52
631424,720575940629812346,11,10
631424,720575940630034231,15,16
631424,720575940630094652,8,10
631424,720575940630291767,2,4
631424,720575940630664556,27,26
631424,720575940630667372,40,39
631424,720575940630683385,53,52
631424,720575940630771449,31,30
631424,720575940630781433,10,8
631424,720575940630865724,57,59
631424,720575940630868793,99,105
631424,720575940630980559,12,10
631424,720575940630996055,56,55
631424,720575940631283267,17,18
631424,720575940631340815,14,15
631424,720575940631349335,60,59
631424,720575940631406411,37,38
631424,720575940631662648,11,12
631424,720575940631703608,42,40
631424,720575940631714119,13,12
631424,720575940631918649,70,73
631424,720575940631959097,48,50
631424,720575940631989352,1,2
631424,720575940631994728,8,10
631424,720575940631997032,45,44
631424,720575940632047890,79,81
631424,720575940632118156,73,74
631424,720575940632134227,10,9
631424,720575940632159519,12,11
631424,720575940632252743,59,60
631424,720575940632365905,36,38
631424,720575940632602532,44,47
631424,720575940632659404,4,3
631424,720575940632722771,48,49
631424,720575940632962786,2,4
631424,720575940633185567,71,73
631424,720575940633277209,85,84
631424,720575940633293025,19,18
631424,720575940633316563,16,15
631424,720575940633373651,8,9
631424,720575940633612698,38,39
631424,720575940634825623,11,10
631424,720575940635055039,37,38
631424,720575940635239672,30,31
631424,720575940636053678,67,68
631424,720575940636809646,22,23
631424,720575940636895406,20,21
631424,720575940637144944,9,6
631424,720575940637656286,5,6
631424,720575940638103349,100,99
631424,720575940638181092,64,67
631424,720575940639285949,78,77
631424,720575940639425112,30,31
631424,720575940640839120,13,14
631424,720575940641480949,11,13
631424,720575940641585627,0,1
631424,720575940642428045,64,63
631424,720575940643867296,61,62
631424,720575940644653348,37,39
631424,720575940644758308,2,4
631424,720575940644968215,2,4
631424,720575940645047831,7,9
631424,720575940645352814,0,1
631424,720575940645521262,56,58
631424,720575940647029044,15,16
631424,720575940648864633,6,5
631424,720575940652580086,100,99
631424,720575940655013025,46,48
631424,720575940660219265,82,84
631424,720575940660220289,1,2
631424,720575940660223873,53,52
631424,720575940660229505,40,39
631425,720575940605513649,6,3
631425,720575940605682790,17,18
631425,720575940606391218,1,0
631425,720575940606607234,17,16
631425,720575940607193986,38,40
631425,720575940607272649,54,56
631425,720575940607386290,28,26
631425,720575940607451081,33,35
631425,720575940607689394,8,9
631425,720575940608349379,7,3
631425,720575940608498780,24,26
631425,720575940609016843,6,3
631425,720575940609133269,22,23
631425,720575940609405635,25,27
631425,720575940609407939,40,42
631425,720575940609935172,20,17
631425,720575940609939780,18,20
631425,720575940609993284,25,23
631425,720575940610001220,5,6
631425,720575940610054980,74,78
631425,720575940610258552,29,32
631425,720575940610677828,48,49
631425,720575940611015122,31,32
631425,720575940611151406,6,7
631425,720575940611164770,14,13
631425,720575940611366058,7,6
631425,720575940611436408,26,27
631425,720575940611549902,21,22
631425,720575940611988197,2,3
631425,720575940612036837,34,36
631425,720575940612064113,68,69
631425,720575940612208858,13,14
631425,720575940612289010,9,12
631425,720575940612357618,9,12
631425,720575940612423922,60,63
631425,720575940612537061,4,3
631425,720575940612558061,28,30
631425,720575940612603289,4,3
631425,720575940612611301,74,73
631425,720575940612766515,6,3
631425,720575940612865814,0,1
631425,720575940612906518,79,78
631425,720575940612952557,15,18
631425,720575940613004402,21,22
631425,720575940613347299,32,30
631425,720575940613743569,2,4
631425,720575940613929391,28,29
631425,720575940613943215,21,22
631425,720575940614386070,0,1
631425,720575940614660519,21,22
631425,720575940614730914,13,12
631425,720575940614763666,82,83
631425,720575940615564959,3,4
631425,720575940615582111,4,5
631425,720575940615623867,3,4
631425,720575940615671106,82,84
631425,720575940615715003,6,5
631425,720575940615811670,4,6
631425,720575940616018956,77,81
631425,720575940616466260,51,52
631425,720575940616644411,23,22
631425,720575940616857174,45,44
631425,720575940616864086,33,36
631425,720575940616864217,51,48
631425,720575940617471133,1,0
631425,720575940617488477,11,13
631425,720575940617552057,41,40
631425,720575940617588258,31,36
631425,720575940617593233,60,61
631425,720575940617629841,48,47
631425,720575940617672920,1,0
631425,720575940618153105,1,0
631425,720575940618165019,111,124
631425,720575940618472261,56,58
631425,720575940618574749,32,36
631425,720575940618726171,12,13
631425,720575940618859480,13,12
631425,720575940618995393,6,3
631425,720575940619048827,67,71
631425,720575940619114048,24,26
631425,720575940619173534,15,16
631425,720575940619588568,38,37
631425,720575940619853515,34,33
631425,720575940619877396,79,77
631425,720575940619973712,115,114
631425,720575940620025620,30,33
631425,720575940620031366,48,49
631425,720575940620062288,4,7
631425,720575940620170887,32,34
631425,720575940620254087,21,22
631425,720575940620274085,85,86
631425,720575940620282900,6,3
631425,720575940620292116,5,4
631425,720575940620335269,61,66
631425,720575940620374693,17,19
631425,720575940620473547,18,19
631425,720575940620474278,6,7
631425,720575940620714150,7,4
631425,720575940620780272,25,27
631425,720575940620805046,11,12
631425,720575940620873793,7,3
631425,720575940620874757,97,98
631425,720575940621057702,10,12
631425,720575940621261296,37,35
631425,720575940621345012,1,2
631425,720575940621399899,49,48
631425,720575940621468404,6,3
631425,720575940621538142,34,32
631425,720575940621577036,9,10
631425,720575940622027222,7,3
631425,720575940622474899,0,1
631425,720575940622612749,30,32
631425,720575940622624214,3,5
631425,720575940622695448,141,140
631425,720575940622810153,47,50
631425,720575940623072013,7,3
631425,720575940623209165,33,35
631425,720575940623211725,68,66
631425,720575940623352063,83,84
631425,720575940623453959,24,25
631425,720575940623478115,12,13
631425,720575940623578375,42,44
631425,720575940624023188,26,27
631425,720575940624084372,5,4
631425,720575940624310857,5,6
631425,720575940624484796,47,50
631425,720575940624600840,7,8
631425,720575940624623287,32,34
631425,720575940624897516,34,32
631425,720575940624906483,30,32
631425,720575940624966840,31,30
631425,720575940625045180,79,87
631425,720575940625175054,62,67
631425,720575940625178768,23,24
631425,720575940625580988,36,38
631425,720575940625612474,0,1
631425,720575940625641402,5,1
631425,720575940625861660,38,42
631425,720575940625874992,72,73
631425,720575940625875504,57,63
631425,720575940626038714,2,3
631425,720575940626159306,1,0
631425,720575940626191306,103,102
631425,720575940626278974,8,13
631425,720575940626279742,38,37
631425,720575940626289021,10,11
631425,720575940626308697,25,26
631425,720575940626626597,26,27
631425,720575940626968216,1,3
631425,720575940626993694,23,24
631425,720575940626999464,9,10
631425,720575940627086594,19,21
631425,720575940627107271,16,18
631425,720575940627410451,26,28
631425,720575940627446661,4,5
631425,720575940627779983,23,21
631425,720575940627812168,11,14
631425,720575940627819151,31,29
631425,720575940627828296,12,13
631425,720575940627847752,49,45
631425,720575940627949626,1,0
631425,720575940628598121,79,83
631425,720575940628630171,22,20
631425,720575940628648809,52,51
631425,720575940628676457,23,24
631425,720575940628755815,59,58
631425,720575940628826128,31,33
631425,720575940628972048,46,45
631425,720575940628995331,2,1
631425,720575940628997123,17,18
631425,720575940628998659,12,15
631425,720575940629000783,20,18
631425,720575940629207963,24,26
631425,720575940629421415,4,5
631425,720575940629561347,19,21
631425,720575940629664768,9,11
631425,720575940629778554,103,111
631425,720575940629804158,2,3
631425,720575940629810748,57,56
631425,720575940629812346,10,12
631425,720575940629888530,130,133
631425,720575940630034231,16,18
631425,720575940630044278,4,5
631425,720575940630094652,13,12
631425,720575940630291767,5,4
631425,720575940630403031,0,1
631425,720575940630488540,14,15
631425,720575940630548751,0,1
631425,720575940630579574,55,53
631425,720575940630667372,38,37
631425,720575940630683385,55,58
631425,720575940630771449,25,26
631425,720575940630781433,6,7
631425,720575940630806267,30,34
631425,720575940630865724,61,64
631425,720575940630868793,110,120
631425,720575940630931999,12,5
631425,720575940630980559,10,9
631425,720575940630996055,57,59
631425,720575940631108303,4,5
631425,720575940631168057,12,15
631425,720575940631283267,22,19
631425,720575940631340815,14,15
631425,720575940631349335,65,63
631425,720575940631406411,38,36
631425,720575940631629160,1,2
631425,720575940631662648,12,11
631425,720575940631703608,38,40
631425,720575940631714119,11,14
631425,720575940631918649,72,71
631425,720575940631967506,1,0
631425,720575940631989352,1,3
631425,720575940631994728,11,12
631425,720575940631997032,45,49
631425,720575940631999080,38,37
631425,720575940632047890,84,82
631425,720575940632118156,73,79
631425,720575940632134227,9,10
631425,720575940632252743,59,62
631425,720575940632304711,25,26
631425,720575940632307025,1,0
631425,720575940632365905,37,36
631425,720575940632602532,47,50
631425,720575940632722515,1,0
631425,720575940632722771,45,46
631425,720575940632962786,3,2
631425,720575940633116256,6,3
631425,720575940633185567,69,70
631425,720575940633293025,15,17
631425,720575940633308371,4,3
631425,720575940633316563,14,16
631425,720575940633612698,38,37
631425,720575940633674135,50,48
631425,720575940634210155,2,3
631425,720575940634301852,24,25
631425,720575940634428058,6,3
631425,720575940634645600,69,73
631425,720575940634825623,6,8
631425,720575940635055039,41,40
631425,720575940635211115,6,7
631425,720575940635239672,32,36
631425,720575940635578303,37,39
631425,720575940635611316,3,2
631425,720575940635771316,1,0
631425,720575940635839077,2,1
631425,720575940636053678,65,66
631425,720575940636165624,27,28
631425,720575940636346487,3,2
631425,720575940636654703,1,0
631425,720575940636809646,19,21
631425,720575940636895406,25,27
631425,720575940637144944,5,8
631425,720575940637360730,6,7
631425,720575940637568838,140,141
631425,720575940637656286,8,10
631425,720575940638088262,7,3
631425,720575940638103349,102,100
631425,720575940638181092,64,69
631425,720575940639170723,2,0
631425,720575940639285949,76,75
631425,720575940639425112,33,29
631425,720575940639786915,32,34
631425,720575940639972816,16,18
631425,720575940640839120,11,12
631425,720575940641480949,15,13
631425,720575940642428045,62,64
631425,720575940643867296,55,64
631425,720575940644653348,42,39
631425,720575940644758308,6,3
631425,720575940644968215,5,2
631425,720575940645045527,2,5
631425,720575940645047831,14,11
631425,720575940645352814,2,1
631425,720575940647029044,17,16
631425,720575940647030324,16,18
631425,720575940647081860,1,0
631425,720575940647518340,39,40
631425,720575940648864633,7,8
631425,720575940649829241,48,50
631425,720575940652580086,104,102
631425,720575940655013025,47,52
631425,720575940655014049,83,82
631425,720575940660219265,87,82
631425,720575940660224641,0,1
631425,720575940660229505,43,40
631426,720575940605513649,7,8
631426,720575940605658033,25,20
631426,720575940605682790,18,10
631426,720575940606391218,0,1
631426,720575940606607234,22,19
631426,720575940607193986,43,39
631426,720575940607272649,64,62
631426,720575940607451081,32,35
631426,720575940607689394,9,8
631426,720575940608188427,0,1
631426,720575940608349379,7,8
631426,720575940608498780,31,27
631426,720575940609016843,7,8
631426,720575940609133269,22,17
631426,720575940609405635,29,28
631426,720575940609407939,49,48
631426,720575940609915204,39,36
631426,720575940609935172,21,18
631426,720575940609939780,20,19
631426,720575940610000964,24,20
631426,720575940610001220,4,5
631426,720575940610054980,74,58
631426,720575940610258552,37,35
631426,720575940610611246,13,7
631426,720575940610621026,4,1
631426,720575940610677828,53,50
631426,720575940610803554,32,33
631426,720575940611015122,33,32
631426,720575940611160930,31,30
631426,720575940611164770,12,14
631426,720575940611366058,7,4
631426,720575940611436408,30,27
631426,720575940611548878,53,29
631426,720575940611549902,21,20
631426,720575940611988197,5,1
631426,720575940612036837,37,33
631426,720575940612208858,12,13
631426,720575940612289010,10,7
631426,720575940612357618,17,12
631426,720575940612423922,64,63
631426,720575940612479205,11,10
631426,720575940612537061,5,4
631426,720575940612558061,30,31
631426,720575940612603289,3,4
631426,720575940612692633,59,57
631426,720575940612766515,7,8
631426,720575940612865814,1,0
631426,720575940612888178,40,37
631426,720575940612906518,78,79
631426,720575940612952557,16,11
631426,720575940613004402,24,15
631426,720575940613347299,37,29
631426,720575940613670893,23,24
631426,720575940613687789,36,37
631426,720575940613743569,3,4
631426,720575940613929391,31,29
631426,720575940613943215,23,17
631426,720575940614386070,1,0
631426,720575940614730914,15,18
631426,720575940614909506,3,1
631426,720575940615041430,117,114
631426,720575940615052812,15,14
631426,720575940615153494,2,5
631426,720575940615564959,5,3
631426,720575940615623867,5,9
631426,720575940615671106,91,80
631426,720575940615715003,4,2
631426,720575940615811670,6,4
631426,720575940616018956,78,77
631426,720575940616103218,80,81
631426,720575940616466260,57,53
631426,720575940616644411,21,26
631426,720575940616857174,51,47
631426,720575940616860758,2,5
631426,720575940616864086,40,35
631426,720575940616864217,49,46
631426,720575940617488477,9,7
631426,720575940617494877,13,12
631426,720575940617552057,48,43
631426,720575940617588258,42,38
631426,720575940617593233,61,60
631426,720575940617629841,48,52
631426,720575940617672920,0,1
631426,720575940618153105,0,1
631426,720575940618165019,123,94
631426,720575940618472261,57,41
631426,720575940618574749,34,40
631426,720575940618696989,32,33
631426,720575940618726171,13,12
631426,720575940618800064,0,1
631426,720575940618859480,12,15
631426,720575940618864725,5,3
631426,720575940618995393,7,8
631426,720575940619048827,75,55
631426,720575940619114048,31,27
631426,720575940619173534,19,18
631426,720575940619455879,3,1
631426,720575940619473624,30,31
631426,720575940619853515,39,36
631426,720575940619877396,87,79
631426,720575940619973712,112,110
631426,720575940620025620,34,23
631426,720575940620031366,51,50
631426,720575940620062288,7,3
631426,720575940620170887,30,25
631426,720575940620254087,22,13
631426,720575940620274085,88,93
631426,720575940620282900,7,8
631426,720575940620292116,5,3
631426,720575940620335269,63,51
631426,720575940620474278,7,5
631426,720575940620673985,50,49
631426,720575940620714150,6,7
631426,720575940620780272,28,27
631426,720575940620805046,13,8
631426,720575940620873793,7,8
631426,720575940620874757,96,100
631426,720575940621057702,9,8
631426,720575940621261296,38,35
631426,720575940621345012,2,1
631426,720575940621399899,51,49
631426,720575940621422518,20,19
631426,720575940621468404,7,8
631426,720575940621519130,3,2
631426,720575940621573030,24,19
631426,720575940621577036,9,4
631426,720575940621586854,68,70
631426,720575940621771041,4,6
631426,720575940622027222,6,5
631426,720575940622235425,59,60
631426,720575940622348156,21,25
631426,720575940622612749,33,35
631426,720575940622624214,3,4
631426,720575940622695448,140,141
631426,720575940622734106,1,0
631426,720575940622810153,50,31
631426,720575940623072013,7,8
631426,720575940623192781,26,25
631426,720575940623209165,35,21
631426,720575940623210445,62,61
631426,720575940623211725,73,67
631426,720575940623352063,86,85
631426,720575940623453959,27,28
631426,720575940623478115,10,11
631426,720575940624084372,3,8
631426,720575940624163303,2,5
631426,720575940624310857,7,5
631426,720575940624484796,59,56
631426,720575940624600840,6,8
631426,720575940624623287,35,32
631426,720575940624897516,36,35
631426,720575940624906483,34,32
631426,720575940624966840,34,31
631426,720575940625045180,87,66
631426,720575940625047484,47,49
631426,720575940625102692,55,54
631426,720575940625175054,67,64
631426,720575940625178768,26,27
631426,720575940625580988,45,41
631426,720575940625612474,2,0
631426,720575940625641402,6,1
631426,720575940625705930,61,64
631426,720575940625737776,42,41
631426,720575940625861660,39,40
631426,720575940625867056,56,57
631426,720575940625874992,74,44
631426,720575940625875504,63,43
631426,720575940626038714,4,3
631426,720575940626159306,0,1
631426,720575940626191306,100,99
631426,720575940626256765,18,19
631426,720575940626278974,10,12
631426,720575940626279742,39,38
631426,720575940626289021,9,6
631426,720575940626308697,27,26
631426,720575940626468178,2,0
631426,720575940626495746,35,34
631426,720575940626626597,29,28
631426,720575940626860421,1,0
631426,720575940626972056,29,28
631426,720575940626993694,24,19
631426,720575940626999464,11,4
631426,720575940627086594,22,24
631426,720575940627107271,20,10
631426,720575940627446661,7,6
631426,720575940627704392,3,0
631426,720575940627779983,27,25
631426,720575940627814728,2,1
631426,720575940627828296,10,8
631426,720575940627847752,49,44
631426,720575940627949626,0,1
631426,720575940628598121,86,65
631426,720575940628630171,21,23
631426,720575940628648809,55,51
631426,720575940628676457,24,16
631426,720575940628755815,58,57
631426,720575940628826128,43,38
631426,720575940628972048,45,47
631426,720575940628995331,2,1
631426,720575940628997123,13,18
631426,720575940628998659,17,18
631426,720575940629000783,21,19
631426,720575940629207963,26,18
631426,720575940629239934,8,12
631426,720575940629421415,4,3
631426,720575940629508599,4,3
631426,720575940629561347,28,25
631426,720575940629623351,0,1
631426,720575940629778554,113,88
631426,720575940629804158,1,0
631426,720575940629810748,65,59
631426,720575940629812346,5,8
631426,720575940630034231,16,11
631426,720575940630044278,6,5
631426,720575940630094652,9,6
631426,720575940630291767,4,5
631426,720575940630403031,1,0
631426,720575940630488540,15,12
631426,720575940630579574,53,59
631426,720575940630664556,28,29
631426,720575940630667372,38,36
631426,720575940630674038,20,21
631426,720575940630683385,60,38
631426,720575940630695798,0,2
631426,720575940630781433,2,3
631426,720575940630806267,33,20
631426,720575940630820919,46,42
631426,720575940630865724,72,62
631426,720575940630868793,117,89
631426,720575940630931999,10,12
631426,720575940630996055,53,59
631426,720575940631108303,6,3
631426,720575940631168057,9,11
631426,720575940631283267,24,23
631426,720575940631340815,18,16
631426,720575940631349335,63,65
631426,720575940631662648,12,14
631426,720575940631703608,37,43
631426,720575940631714119,10,13
631426,720575940631918649,84,80
631426,720575940631959097,53,55
631426,720575940631967506,1,0
631426,720575940631994728,11,10
631426,720575940631997032,45,46
631426,720575940631999080,41,25
631426,720575940632047890,79,80
631426,720575940632118156,81,58
631426,720575940632134227,9,8
631426,720575940632159519,19,15
631426,720575940632252743,63,62
631426,720575940632304711,30,15
631426,720575940632307025,0,1
631426,720575940632602532,50,44
631426,720575940632722515,0,1
631426,720575940632722771,48,47
631426,720575940632962786,3,4
631426,720575940633116256,7,8
631426,720575940633293025,19,20
631426,720575940633308371,8,6
631426,720575940633373651,9,5
631426,720575940633612698,38,40
631426,720575940633674135,48,49
631426,720575940634210155,1,3
631426,720575940634301852,26,25
631426,720575940634428058,7,8
631426,720575940634645600,77,54
631426,720575940634756203,2,5
631426,720575940634825623,4,7
631426,720575940635055039,42,40
631426,720575940635166571,0,1
631426,720575940635179871,67,66
631426,720575940635211115,7,6
631426,720575940635239672,32,26
631426,720575940635451546,10,11
631426,720575940635578303,45,42
631426,720575940635611316,4,3
631426,720575940635771316,0,1
631426,720575940635839077,1,2
631426,720575940636053678,68,65
631426,720575940636165624,30,20
631426,720575940636346487,4,2
631426,720575940636654703,0,1
631426,720575940636809646,23,24
631426,720575940636828334,1,2
631426,720575940636895406,25,15
631426,720575940637144944,4,10
631426,720575940637360730,5,0
631426,720575940637656286,6,4
631426,720575940637790527,3,2
631426,720575940638088262,7,8
631426,720575940638181092,74,51
631426,720575940639170723,1,2
631426,720575940639285949,75,77
631426,720575940639425112,38,35
631426,720575940639786915,33,26
631426,720575940639972816,19,10
631426,720575940640839120,12,11
631426,720575940641366517,62,63
631426,720575940641480949,18,16
631426,720575940641585627,1,2
631426,720575940642428045,64,61
631426,720575940643867296,61,50
631426,720575940644653348,46,42
631426,720575940644758308,5,6
631426,720575940644968215,4,3
631426,720575940645045527,6,5
631426,720575940645047831,17,15
631426,720575940645521262,68,61
631426,720575940647029044,18,16
631426,720575940647030324,17,18
631426,720575940647033396,34,36
631426,720575940647081860,0,1
631426,720575940647518340,43,38
631426,720575940648864633,6,5
631426,720575940649829241,54,50
631426,720575940652580086,98,100
631426,720575940655011489,9,10
631426,720575940655013025,52,51
631426,720575940655014049,80,84
631426,720575940660219265,96,91
631426,720575940660220289,4,3
631426,720575940660224641,3,1
631426,720575940660229505,42,39
631427,720575940605513649,3,7
631427,720575940605658033,22,24
631427,720575940605682790,14,15
631427,720575940606852018,2,3
631427,720575940606866377,71,72
631427,720575940607193986,36,38
631427,720575940607272649,52,60
631427,720575940607386290,22,23
631427,720575940607451081,34,32
631427,720575940608349379,3,7
631427,720575940608498780,22,29
631427,720575940608735241,22,23
631427,720575940609016843,3,7
631427,720575940609133269,20,22
631427,720575940609405635,22,27
631427,720575940609407939,37,44
631427,720575940609915204,32,38
631427,720575940609935172,17,20
631427,720575940609939780,19,17
631427,720575940609993284,25,26
631427,720575940610000964,20,23
631427,720575940610054980,63,72
631427,720575940610058052,2,0
631427,720575940610232274,12,10
631427,720575940610258552,27,34
631427,720575940610621026,4,3
631427,720575940610677828,45,50
631427,720575940610803554,29,31
631427,720575940610916465,34,33
631427,720575940611160930,33,30
631427,720575940611164770,13,12
631427,720575940611366058,5,4
631427,720575940611436408,23,27
631427,720575940611548878,33,43
631427,720575940611549902,17,18
631427,720575940611988197,5,3
631427,720575940612036837,35,39
631427,720575940612208858,13,14
631427,720575940612357618,12,15
631427,720575940612423922,63,64
631427,720575940612479205,7,8
631427,720575940612537061,3,4
631427,720575940612558061,26,30
631427,720575940612603289,1,3
631427,720575940612611301,72,74
631427,720575940612692633,54,60
631427,720575940612766515,3,7
631427,720575940612888178,32,38
631427,720575940612906518,78,75
631427,720575940612952557,12,14
631427,720575940613004402,21,20
631427,720575940613347299,29,32
631427,720575940613670893,21,23
631427,720575940613687789,34,37
631427,720575940613929391,25,28
631427,720575940613943215,18,20
631427,720575940614386070,1,2
631427,720575940614660519,16,17
631427,720575940614730914,15,18
631427,720575940614763666,79,80
631427,720575940615041430,106,116
631427,720575940615052812,14,13
631427,720575940615153494,6,5
631427,720575940615564959,5,3
631427,720575940615582111,1,3
631427,720575940615623867,4,5
631427,720575940615671106,75,88
631427,720575940615715003,7,5
631427,720575940615811670,8,6
631427,720575940616018956,73,76
631427,720575940616466260,46,53
631427,720575940616644411,22,23
631427,720575940616857174,42,48
631427,720575940616864086,24,33
631427,720575940616864217,45,47
631427,720575940617373268,3,2
631427,720575940617488477,14,12
631427,720575940617494877,15,13
631427,720575940617552057,36,42
631427,720575940617588258,33,37
631427,720575940617629841,43,48
631427,720575940617672920,1,0
631427,720575940618165019,106,110
631427,720575940618472261,47,55
631427,720575940618574749,34,35
631427,720575940618696989,30,28
631427,720575940618726171,11,12
631427,720575940618859480,8,9
631427,720575940618995393,3,7
631427,720575940619048827,59,69
631427,720575940619114048,23,29
631427,720575940619173534,19,18
631427,720575940619455879,2,4
631427,720575940619473624,30,29
631427,720575940619588568,34,33
631427,720575940619853515,35,37
631427,720575940619877396,71,79
631427,720575940619973712,110,109
631427,720575940620025620,26,28
631427,720575940620031366,47,50
631427,720575940620062288,3,6
631427,720575940620170887,29,31
631427,720575940620254087,16,22
631427,720575940620271636,1,0
631427,720575940620274085,82,88
631427,720575940620282900,3,7
631427,720575940620335269,57,62
631427,720575940620374693,19,17
631427,720575940620474278,9,7
631427,720575940620673985,44,47
631427,720575940620714150,4,7
631427,720575940620780272,28,27
631427,720575940620805046,11,13
631427,720575940620873793,3,7
631427,720575940620874757,91,92
631427,720575940621057702,12,10
631427,720575940621261296,35,36
631427,720575940621329328,2,0
631427,720575940621345012,2,0
631427,720575940621399899,45,51
631427,720575940621468404,3,7
631427,720575940621519130,1,3
631427,720575940621538142,28,32
631427,720575940621573030,21,23
631427,720575940621573542,0,1
631427,720575940621577036,7,8
631427,720575940621586854,69,75
631427,720575940621771041,10,5
631427,720575940622027222,4,8
631427,720575940622235425,53,55
631427,720575940622348156,21,24
631427,720575940622552675,1,0
631427,720575940622612749,26,31
631427,720575940622624214,9,5
631427,720575940622810153,41,48
631427,720575940623072013,3,7
631427,720575940623192781,24,25
631427,720575940623209165,29,33
631427,720575940623211725,62,69
631427,720575940623453959,23,29
631427,720575940623478115,11,8
631427,720575940623578375,38,44
631427,720575940624023188,24,28
631427,720575940624084372,4,2
631427,720575940624163303,1,3
631427,720575940624366845,3,1
631427,720575940624484796,50,55
631427,720575940624600840,7,5
631427,720575940624623287,27,33
631427,720575940624897516,33,36
631427,720575940624906483,26,29
631427,720575940624966840,31,32
631427,720575940625045180,70,81
631427,720575940625102692,53,52
631427,720575940625164558,1,2
631427,720575940625175054,62,66
631427,720575940625178768,24,25
631427,720575940625580988,37,40
631427,720575940625641402,2,7
631427,720575940625705930,61,62
631427,720575940625737776,38,41
631427,720575940625861660,40,42
631427,720575940625867056,58,56
631427,720575940625874992,62,66
631427,720575940625875504,50,57
631427,720575940626038714,4,6
631427,720575940626191306,101,99
631427,720575940626278974,13,19
631427,720575940626626597,24,28
631427,720575940626972056,25,24
631427,720575940626993694,21,26
631427,720575940627086594,21,20
631427,720575940627107271,14,17
631427,720575940627410451,37,34
631427,720575940627704392,1,0
631427,720575940627779983,21,26
631427,720575940627812168,11,8
631427,720575940627814728,4,2
631427,720575940627819151,30,31
631427,720575940627828296,9,10
631427,720575940627847752,42,45
631427,720575940628129129,0,1
631427,720575940628598121,70,80
631427,720575940628630171,21,24
631427,720575940628648809,47,53
631427,720575940628676457,17,22
631427,720575940628755815,56,54
631427,720575940628826128,34,37
631427,720575940628972048,43,42
631427,720575940628995331,1,0
631427,720575940628997123,24,20
631427,720575940628998659,12,15
631427,720575940629207963,19,22
631427,720575940629239934,10,13
631427,720575940629421415,9,5
631427,720575940629508599,3,5
631427,720575940629561347,19,22
631427,720575940629664768,9,6
631427,720575940629778554,94,101
631427,720575940629804158,1,0
631427,720575940629810748,53,59
631427,720575940629812346,11,8
631427,720575940629888530,121,122
631427,720575940630044278,6,5
631427,720575940630291767,0,5
631427,720575940630488540,12,14
631427,720575940630579574,54,55
631427,720575940630664556,28,30
631427,720575940630667372,39,40
631427,720575940630674038,21,19
631427,720575940630683385,48,53
631427,720575940630781433,11,4
631427,720575940630806267,24,27
631427,720575940630820919,41,44
631427,720575940630865724,56,68
631427,720575940630868793,102,112
631427,720575940630931999,4,10
631427,720575940631108303,3,2
631427,720575940631168057,14,9
631427,720575940631283267,22,23
631427,720575940631340815,13,14
631427,720575940631349335,59,60
631427,720575940631406411,36,38
631427,720575940631629160,1,2
631427,720575940631662648,11,9
631427,720575940631918649,70,78
631427,720575940631959097,49,57
631427,720575940631997032,45,46
631427,720575940631999080,30,34
631427,720575940632047890,77,82
631427,720575940632118156,66,75
631427,720575940632134227,6,7
631427,720575940632159519,18,16
631427,720575940632252743,52,60
631427,720575940632365905,31,35
631427,720575940632602532,42,47
631427,720575940632648612,94,93
631427,720575940632722771,46,48
631427,720575940632962786,1,4
631427,720575940633116256,3,7
631427,720575940633185567,67,72
631427,720575940633277209,84,83
631427,720575940633308371,3,7
631427,720575940633316563,14,11
631427,720575940633373651,10,9
631427,720575940633674135,44,45
631427,720575940634210155,4,2
631427,720575940634301852,25,26
631427,720575940634428058,3,7
631427,720575940634645600,60,69
631427,720575940634756203,3,4
631427,720575940634825623,11,6
631427,720575940635055039,37,39
631427,720575940635166571,3,1
631427,720575940635211115,9,8
631427,720575940635239672,27,32
631427,720575940635451546,11,9
631427,720575940635578303,34,39
631427,720575940635611316,4,3
631427,720575940635839077,3,1
631427,720575940636053678,61,63
631427,720575940636165624,25,27
631427,720575940636346487,2,1
631427,720575940636809646,16,23
631427,720575940636895406,19,21
631427,720575940637144944,8,7
631427,720575940637360730,4,7
631427,720575940637568838,159,158
631427,720575940637656286,7,8
631427,720575940638088262,3,7
631427,720575940638103349,93,97
631427,720575940638181092,58,68
631427,720575940639198397,18,16
631427,720575940639285949,73,76
631427,720575940639425112,29,34
631427,720575940639786915,26,31
631427,720575940639972816,14,16
631427,720575940641480949,16,19
631427,720575940641585627,1,0
631427,720575940642428045,61,63
631427,720575940643867296,54,62
631427,720575940644653348,36,43
631427,720575940644758308,1,7
631427,720575940644968215,1,4
631427,720575940645045527,9,6
631427,720575940645047831,14,17
631427,720575940645352814,2,3
631427,720575940645521262,59,63
631427,720575940647029044,16,18
631427,720575940647030324,18,16
631427,720575940647518340,34,40
631427,720575940649829241,44,49
631427,720575940652580086,94,96
631427,720575940655011489,10,8
631427,720575940655013025,43,47
631427,720575940655014049,75,76
631427,720575940660219265,80,90
631427,720575940660220289,1,3
631427,720575940660223873,52,56
631427,720575940660224641,1,0
631427,720575940660229505,39,41
631428,720575940605513649,8,9
631428,720575940605658033,24,23
631428,720575940605682790,18,15
631428,720575940606607234,22,23
631428,720575940607193986,44,41
631428,720575940607272649,63,61
631428,720575940607451081,31,32
631428,720575940607689394,8,9
631428,720575940608349379,9,10
631428,720575940608735241,28,23
631428,720575940609133269,21,22
631428,720575940609405635,28,27
631428,720575940609407939,47,42
631428,720575940609915204,38,36
631428,720575940609935172,20,21
631428,720575940609939780,17,19
631428,720575940609993284,22,28
631428,720575940610000964,20,22
631428,720575940610054980,74,73
631428,720575940610232274,10,11
631428,720575940610258552,32,33
631428,720575940610611246,14,13
631428,720575940610677828,52,47
631428,720575940610916465,33,32
631428,720575940611015122,32,31
631428,720575940611151406,9,6
631428,720575940611164770,13,16
631428,720575940611436408,26,25
631428,720575940611548878,51,45
631428,720575940611549902,21,20
631428,720575940611988197,5,3
631428,720575940612036837,30,35
631428,720575940612208858,10,11
631428,720575940612289010,12,11
631428,720575940612357618,14,11
631428,720575940612479205,10,8
631428,720575940612558061,33,30
631428,720575940612603289,4,3
631428,720575940612611301,74,71
631428,720575940612692633,57,60
631428,720575940612766515,9,10
631428,720575940612865814,1,0
631428,720575940612888178,38,37
631428,720575940612906518,82,81
631428,720575940613004402,25,23
631428,720575940613347299,37,34
631428,720575940613670893,19,22
631428,720575940613687789,36,39
631428,720575940613743569,5,2
631428,720575940613929391,32,31
631428,720575940613943215,20,22
631428,720575940614128691,27,26
631428,720575940614660519,20,21
631428,720575940614730914,14,16
631428,720575940615052812,14,15
631428,720575940615153494,5,4
631428,720575940615296818,26,25
631428,720575940615564959,4,7
631428,720575940615623867,6,8
631428,720575940615671106,92,86
631428,720575940615715003,6,5
631428,720575940615811670,9,8
631428,720575940616018956,75,72
631428,720575940616466260,55,52
631428,720575940616644411,24,23
631428,720575940616857174,51,46
631428,720575940616860758,3,4
631428,720575940616864086,33,31
631428,720575940616864217,47,46
631428,720575940617373268,3,2
631428,720575940617488477,12,14
631428,720575940617494877,13,12
631428,720575940617552057,43,42
631428,720575940617588258,37,39
631428,720575940617629841,50,47
631428,720575940618165019,129,116
631428,720575940618472261,56,50
631428,720575940618574749,34,37
631428,720575940618726171,11,12
631428,720575940618800064,1,0
631428,720575940618859480,14,13
631428,720575940618864725,4,5
631428,720575940618995393,9,10
631428,720575940619048827,71,68
631428,720575940619114048,29,27
631428,720575940619173534,19,18
631428,720575940619473624,31,29
631428,720575940619853515,36,39
631428,720575940619877396,87,82
631428,720575940619973712,112,113
631428,720575940620025620,36,31
631428,720575940620031366,46,48
631428,720575940620062288,5,2
631428,720575940620170887,33,29
631428,720575940620254087,22,19
631428,720575940620271636,0,3
631428,720575940620274085,87,85
631428,720575940620282900,9,10
631428,720575940620292116,5,4
631428,720575940620335269,64,60
631428,720575940620374693,17,19
631428,720575940620473547,18,20
631428,720575940620673985,50,47
631428,720575940620714150,6,8
631428,720575940620780272,29,27
631428,720575940620805046,12,13
631428,720575940620873793,9,10
631428,720575940620874757,94,96
631428,720575940621057702,12,11
631428,720575940621261296,36,37
631428,720575940621345012,5,2
631428,720575940621399899,51,48
631428,720575940621422518,18,20
631428,720575940621468404,9,10
631428,720575940621519130,3,2
631428,720575940621538142,35,33
631428,720575940621577036,11,9
631428,720575940621586854,73,69
631428,720575940621771041,5,8
631428,720575940622027222,4,5
631428,720575940622235425,59,56
631428,720575940622348156,22,24
631428,720575940622474899,2,0
631428,720575940622552675,0,2
631428,720575940622624214,4,5
631428,720575940622695448,139,137
631428,720575940622810153,50,43
631428,720575940623072013,9,10
631428,720575940623209165,36,31
631428,720575940623224555,2,0
631428,720575940623352063,90,86
631428,720575940623453959,29,30
631428,720575940623478115,11,13
631428,720575940623578375,45,42
631428,720575940624023188,28,26
631428,720575940624163303,2,3
631428,720575940624310857,6,5
631428,720575940624484796,54,52
631428,720575940624600840,6,5
631428,720575940624623287,35,32
631428,720575940624897516,31,34
631428,720575940624906483,32,29
631428,720575940624966840,35,36
631428,720575940625045180,89,80
631428,720575940625164558,1,2
631428,720575940625178768,25,24
631428,720575940625580988,44,42
631428,720575940625612474,1,0
631428,720575940625641402,4,3
631428,720575940625737776,43,41
631428,720575940625861660,41,38
631428,720575940625867056,60,58
631428,720575940625874992,77,69
631428,720575940625875504,67,56
631428,720575940626038714,4,6
631428,720575940626256765,14,17
631428,720575940626278974,13,12
631428,720575940626308697,26,25
631428,720575940626468178,4,1
631428,720575940626495746,36,34
631428,720575940626626597,28,26
631428,720575940626860421,1,0
631428,720575940626999464,12,9
631428,720575940627107271,21,17
631428,720575940627446661,4,5
631428,720575940627704392,3,1
631428,720575940627812168,8,9
631428,720575940627814728,4,2
631428,720575940627847752,50,46
631428,720575940628598121,84,77
631428,720575940628630171,19,24
631428,720575940628648809,55,53
631428,720575940628676457,22,20
631428,720575940628755815,54,57
631428,720575940628826128,43,45
631428,720575940628972048,47,44
631428,720575940628995331,1,0
631428,720575940628997123,16,18
631428,720575940628998659,17,13
631428,720575940629000783,19,18
631428,720575940629207963,27,24
631428,720575940629239934,13,11
631428,720575940629508599,4,5
631428,720575940629561347,27,24
631428,720575940629623351,0,1
631428,720575940629664768,9,7
631428,720575940629778554,109,99
631428,720575940629804158,1,0
631428,720575940629810748,64,60
631428,720575940629812346,10,9
631428,720575940629888530,130,127
631428,720575940630034231,16,14
631428,720575940630094652,10,8
631428,720575940630291767,1,2
631428,720575940630403031,0,1
631428,720575940630488540,15,14
631428,720575940630579574,55,56
631428,720575940630667372,37,39
631428,720575940630674038,20,22
631428,720575940630683385,60,53
631428,720575940630771449,25,27
631428,720575940630781433,3,7
631428,720575940630806267,31,29
631428,720575940630820919,43,42
631428,720575940630865724,70,66
631428,720575940630868793,113,110
631428,720575940630903291,1,0
631428,720575940630931999,17,19
631428,720575940630980559,9,12
631428,720575940630996055,58,55
631428,720575940631108303,5,3
631428,720575940631168057,11,12
631428,720575940631283267,22,21
631428,720575940631340815,17,15
631428,720575940631349335,62,61
631428,720575940631662648,16,14
631428,720575940631703608,40,38
631428,720575940631714119,12,10
631428,720575940631918649,78,76
631428,720575940631959097,51,57
631428,720575940631989352,2,1
631428,720575940631994728,14,12
631428,720575940631997032,44,47
631428,720575940631999080,38,34
631428,720575940632047890,80,78
631428,720575940632118156,80,75
631428,720575940632134227,8,6
631428,720575940632159519,15,16
631428,720575940632252743,59,58
631428,720575940632304711,30,28
631428,720575940632365905,37,35
631428,720575940632602532,47,45
631428,720575940632659404,0,2
631428,720575940632722771,43,46
631428,720575940633185567,71,69
631428,720575940633277209,84,85
631428,720575940633293025,21,20
631428,720575940633316563,14,13
631428,720575940633612698,40,39
631428,720575940633674135,48,49
631428,720575940634210155,1,2
631428,720575940634428058,9,10
631428,720575940634645600,73,67
631428,720575940634756203,4,3
631428,720575940634825623,7,9
631428,720575940635055039,41,40
631428,720575940635166571,1,0
631428,720575940635239672,32,30
631428,720575940635451546,10,11
631428,720575940635578303,45,43
631428,720575940635611316,3,4
631428,720575940636053678,65,63
631428,720575940636165624,27,26
631428,720575940636895406,24,21
631428,720575940637144944,6,7
631428,720575940637656286,7,5
631428,720575940638088262,9,10
631428,720575940638103349,98,100
631428,720575940638181092,70,66
631428,720575940639170723,3,5
631428,720575940639198397,19,17
631428,720575940639425112,38,33
631428,720575940639786915,32,29
631428,720575940639972816,21,17
631428,720575940640839120,15,14
631428,720575940641480949,15,14
631428,720575940641585627,1,4
631428,720575940642428045,62,63
631428,720575940644653348,45,42
631428,720575940644758308,3,5
631428,720575940644968215,0,1
631428,720575940645047831,15,10
631428,720575940645352814,1,2
631428,720575940645521262,62,66
631428,720575940647029044,15,16
631428,720575940647030324,16,19
631428,720575940648864633,6,4
631428,720575940649829241,52,50
631428,720575940652580086,101,100
631428,720575940655011489,7,8
631428,720575940655013025,51,49
631428,720575940655014049,85,83
631428,720575940660219265,89,91
631428,720575940660220289,1,2
631428,720575940660223873,50,51
631428,720575940660229505,41,39
631429,720575940605513649,3,5
631429,720575940605658033,23,24
631429,720575940605682790,15,16
631429,720575940606391218,0,1
631429,720575940607193986,38,37
631429,720575940607386290,24,25
631429,720575940607451081,35,31
631429,720575940607689394,9,8
631429,720575940608349379,4,5
631429,720575940608498780,27,26
631429,720575940608735241,23,21
631429,720575940609016843,4,5
631429,720575940609133269,23,21
631429,720575940609407939,41,40
631429,720575940609915204,33,34
631429,720575940609939780,16,17
631429,720575940609993284,22,24
631429,720575940610000964,21,22
631429,720575940610001220,3,4
631429,720575940610054980,77,76
631429,720575940610258552,36,33
631429,720575940610611246,13,14
631429,720575940610621026,3,4
631429,720575940610677828,47,49
631429,720575940610803554,31,32
631429,720575940610916465,30,31
631429,720575940611151406,9,7
631429,720575940611160930,30,32
631429,720575940611436408,27,26
631429,720575940611548878,43,44
631429,720575940611988197,4,5
631429,720575940612036837,40,37
631429,720575940612208858,12,11
631429,720575940612289010,12,11
631429,720575940612357618,12,15
631429,720575940612423922,63,66
631429,720575940612479205,9,8
631429,720575940612537061,1,0
631429,720575940612558061,28,26
631429,720575940612692633,55,59
631429,720575940612766515,4,5
631429,720575940612888178,35,34
631429,720575940613347299,26,28
631429,720575940613670893,22,19
631429,720575940613687789,36,39
631429,720575940613929391,29,27
631429,720575940614128691,27,28
631429,720575940614386070,0,1
631429,720575940614660519,18,20
631429,720575940614730914,15,16
631429,720575940614763666,80,79
631429,720575940615041430,112,111
631429,720575940615052812,18,17
631429,720575940615296818,27,26
631429,720575940615564959,4,5
631429,720575940615623867,6,4
631429,720575940615671106,79,77
631429,720575940615811670,5,6
631429,720575940616018956,79,80
631429,720575940616466260,49,47
631429,720575940616644411,24,25
631429,720575940616857174,42,44
631429,720575940616860758,0,1
631429,720575940616864086,33,32
631429,720575940616864217,47,50
631429,720575940617373268,4,2
631429,720575940617488477,9,8
631429,720575940617494877,12,11
631429,720575940617588258,37,35
631429,720575940617593233,62,61
631429,720575940617629841,49,47
631429,720575940617672920,0,1
631429,720575940618153105,0,1
631429,720575940618165019,115,113
631429,720575940618574749,35,32
631429,720575940618726171,14,13
631429,720575940618864725,4,5
631429,720575940618995393,4,5
631429,720575940619048827,70,68
631429,720575940619114048,27,26
631429,720575940619173534,17,20
631429,720575940619455879,2,4
631429,720575940619473624,33,32
631429,720575940619853515,35,34
631429,720575940619877396,77,73
631429,720575940620025620,30,32
631429,720575940620062288,6,8
631429,720575940620170887,30,29
631429,720575940620254087,19,17
631429,720575940620271636,2,3
631429,720575940620274085,82,85
631429,720575940620282900,4,5
631429,720575940620292116,3,5
631429,720575940620335269,59,60
631429,720575940620374693,20,21
631429,720575940620474278,5,8
631429,720575940620673985,46,45
631429,720575940620714150,5,6
631429,720575940620805046,9,12
631429,720575940620873793,4,5
631429,720575940620874757,98,95
631429,720575940621399899,46,48
631429,720575940621422518,15,17
631429,720575940621468404,4,5
631429,720575940621538142,34,33
631429,720575940621573030,20,21
631429,720575940621573542,0,1
631429,720575940621586854,65,70
631429,720575940621771041,8,5
631429,720575940622027222,3,4
631429,720575940622147873,0,1
631429,720575940622474899,2,1
631429,720575940622552675,0,1
631429,720575940622612749,33,34
631429,720575940622734106,1,0
631429,720575940622810153,46,45
631429,720575940623072013,4,5
631429,720575940623192781,23,24
631429,720575940623209165,29,33
631429,720575940623210445,62,64
631429,720575940623211725,61,64
631429,720575940623352063,81,86
631429,720575940623478115,13,12
631429,720575940624084372,6,3
631429,720575940624163303,2,1
631429,720575940624310857,5,8
631429,720575940624484796,51,53
631429,720575940624897516,31,33
631429,720575940625047484,52,50
631429,720575940625175054,63,65
631429,720575940625580988,43,40
631429,720575940625612474,0,1
631429,720575940625641402,3,5
631429,720575940625705930,63,64
631429,720575940625737776,37,39
631429,720575940625861660,36,38
631429,720575940625867056,57,56
631429,720575940625874992,65,67
631429,720575940625875504,58,59
631429,720575940626038714,7,6
631429,720575940626159306,0,1
631429,720575940626256765,13,18
631429,720575940626278974,4,7
631429,720575940626279742,34,37
631429,720575940626289021,12,10
631429,720575940626308697,27,25
631429,720575940626468178,1,2
631429,720575940626993694,18,20
631429,720575940626999464,8,10
631429,720575940627086594,20,21
631429,720575940627107271,16,17
631429,720575940627383685,125,126
631429,720575940627446661,6,5
631429,720575940627779983,21,23
631429,720575940627812168,11,15
631429,720575940627828296,10,9
631429,720575940627847752,42,43
631429,720575940627949626,0,1
631429,720575940628114684,65,64
631429,720575940628630171,18,21
631429,720575940628648809,49,50
631429,720575940628676457,22,21
631429,720575940628755815,58,56
631429,720575940628826128,39,37
631429,720575940628997123,19,21
631429,720575940628998659,13,14
631429,720575940629207963,23,22
631429,720575940629239934,10,12
631429,720575940629421415,2,1
631429,720575940629508599,3,5
631429,720575940629561347,23,22
631429,720575940629623351,1,0
631429,720575940629664768,9,10
631429,720575940629778554,101,98
631429,720575940629810748,54,55
631429,720575940629812346,7,11
631429,720575940630291767,0,1
631429,720575940630488540,14,13
631429,720575940630579574,59,57
631429,720575940630664556,29,28
631429,720575940630667372,38,39
631429,720575940630683385,51,54
631429,720575940630695798,1,0
631429,720575940630771449,25,27
631429,720575940630806267,29,30
631429,720575940630820919,37,40
631429,720575940630865724,61,60
631429,720575940630868793,99,103
631429,720575940630931999,6,8
631429,720575940630980559,7,9
631429,720575940630996055,55,57
631429,720575940631283267,20,21
631429,720575940631340815,14,16
631429,720575940631349335,61,62
631429,720575940631406411,41,38
631429,720575940631629160,0,1
631429,720575940631662648,8,11
631429,720575940631918649,69,72
631429,720575940631959097,52,54
631429,720575940631994728,11,10
631429,720575940631997032,50,49
631429,720575940631999080,34,35
631429,720575940632047890,77,83
631429,720575940632159519,12,15
631429,720575940632304711,24,27
631429,720575940632307025,0,1
631429,720575940632365905,35,36
631429,720575940632602532,49,48
631429,720575940632659404,2,1
631429,720575940632722515,0,1
631429,720575940633116256,4,5
631429,720575940633185567,66,67
631429,720575940633293025,17,18
631429,720575940633308371,2,4
631429,720575940633674135,47,46
631429,720575940634210155,2,1
631429,720575940634428058,4,5
631429,720575940634645600,70,67
631429,720575940634825623,9,10
631429,720575940635179871,64,65
631429,720575940635211115,5,8
631429,720575940635451546,9,7
631429,720575940635578303,42,41
631429,720575940635771316,0,1
631429,720575940635839077,2,1
631429,720575940636053678,65,63
631429,720575940636165624,30,28
631429,720575940636654703,0,1
631429,720575940636809646,19,21
631429,720575940636828334,1,2
631429,720575940636895406,24,23
631429,720575940637144944,8,7
631429,720575940637360730,5,6
631429,720575940637790527,2,3
631429,720575940638088262,4,5
631429,720575940638181092,62,63
631429,720575940639198397,18,17
631429,720575940639285949,76,75
631429,720575940639425112,33,32
631429,720575940639786915,31,30
631429,720575940639972816,16,17
631429,720575940640839120,11,12
631429,720575940641480949,12,15
631429,720575940641585627,0,1
631429,720575940642335373,9,8
631429,720575940642428045,60,61
631429,720575940643867296,54,52
631429,720575940644653348,36,37
631429,720575940644758308,3,4
631429,720575940644968215,1,2
631429,720575940645045527,3,5
631429,720575940645047831,12,15
631429,720575940645352814,3,2
631429,720575940645521262,65,61
631429,720575940647029044,16,19
631429,720575940647030324,13,14
631429,720575940647033396,35,37
631429,720575940647081860,0,1
631429,720575940647518340,39,37
631429,720575940649829241,48,47
631429,720575940655013025,51,50
631429,720575940660219265,86,85
631429,720575940660220289,2,3
631429,720575940660223873,55,54
631430,720575940605513649,5,6
631430,720575940605658033,24,22
631430,720575940605682790,17,16
631430,720575940606391218,2,0
631430,720575940607193986,39,43
631430,720575940607272649,60,61
631430,720575940607386290,27,26
631430,720575940607451081,35,34
631430,720575940607689394,9,7
631430,720575940608349379,6,9
631430,720575940608735241,23,22
631430,720575940609016843,6,7
631430,720575940609133269,24,21
631430,720575940609405635,27,28
631430,720575940609407939,39,45
631430,720575940609915204,36,35
631430,720575940609935172,18,17
631430,720575940609939780,19,20
631430,720575940609993284,23,22
631430,720575940610000964,23,21
631430,720575940610001220,6,5
631430,720575940610054980,80,70
631430,720575940610232274,14,12
631430,720575940610258552,31,34
631430,720575940610611246,14,13
631430,720575940610621026,2,1
631430,720575940610677828,52,51
631430,720575940610803554,31,33
631430,720575940610916465,34,33
631430,720575940611015122,29,30
631430,720575940611151406,12,10
631430,720575940611160930,30,26
631430,720575940611164770,13,14
631430,720575940611366058,8,6
631430,720575940611548878,43,39
631430,720575940611988197,4,3
631430,720575940612036837,28,29
631430,720575940612208858,9,13
631430,720575940612289010,12,11
631430,720575940612357618,14,11
631430,720575940612423922,68,65
631430,720575940612479205,12,10
631430,720575940612537061,3,5
631430,720575940612558061,28,31
631430,720575940612603289,2,4
631430,720575940612611301,76,75
631430,720575940612692633,56,51
631430,720575940612766515,6,7
631430,720575940612888178,34,36
631430,720575940612906518,81,79
631430,720575940613004402,25,22
631430,720575940613347299,29,31
631430,720575940613670893,22,23
631430,720575940613743569,3,5
631430,720575940613929391,29,30
631430,720575940613943215,23,21
631430,720575940614128691,27,26
631430,720575940614660519,21,22
631430,720575940614730914,12,13
631430,720575940614763666,86,83
631430,720575940614909506,2,1
631430,720575940615052812,14,17
631430,720575940615153494,5,4
631430,720575940615296818,27,26
631430,720575940615564959,6,4
631430,720575940615582111,3,2
631430,720575940615623867,3,6
631430,720575940615671106,87,83
631430,720575940615811670,7,6
631430,720575940616018956,79,77
631430,720575940616466260,50,52
631430,720575940616644411,26,25
631430,720575940616857174,46,47
631430,720575940616864086,34,36
631430,720575940616864217,46,43
631430,720575940617488477,12,10
631430,720575940617494877,14,16
631430,720575940617588258,36,37
631430,720575940617629841,48,50
631430,720575940617672920,2,0
631430,720575940618153105,2,0
631430,720575940618165019,115,109
631430,720575940618472261,58,51
631430,720575940618696989,33,34
631430,720575940618800064,3,2
631430,720575940618859480,12,14
631430,720575940618864725,5,3
631430,720575940618995393,6,7
631430,720575940619048827,75,67
631430,720575940619173534,18,16
631430,720575940619455879,2,1
631430,720575940619473624,34,31
631430,720575940619588568,35,36
631430,720575940619853515,38,34
631430,720575940619877396,78,80
631430,720575940619973712,115,114
631430,720575940620025620,35,29
631430,720575940620031366,51,48
631430,720575940620062288,7,5
631430,720575940620254087,21,20
631430,720575940620274085,89,88
631430,720575940620282900,6,7
631430,720575940620292116,6,4
631430,720575940620335269,68,61
631430,720575940620374693,19,18
631430,720575940620473547,20,21
631430,720575940620474278,7,5
631430,720575940620780272,29,28
631430,720575940620805046,13,11
631430,720575940620873793,6,9
631430,720575940620874757,96,97
631430,720575940621057702,12,8
631430,720575940621261296,37,33
631430,720575940621399899,52,49
631430,720575940621422518,18,16
631430,720575940621468404,6,7
631430,720575940621519130,2,3
631430,720575940621538142,33,35
631430,720575940621577036,12,9
631430,720575940621586854,73,65
631430,720575940621771041,4,6
631430,720575940622027222,4,3
631430,720575940622147873,1,0
631430,720575940622235425,58,57
631430,720575940622612749,30,32
631430,720575940622624214,4,3
631430,720575940622734106,0,2
631430,720575940622810153,47,45
631430,720575940623072013,6,9
631430,720575940623192781,24,23
631430,720575940623209165,37,32
631430,720575940623211725,69,66
631430,720575940623224555,1,0
631430,720575940623352063,81,80
631430,720575940623453959,26,24
631430,720575940623478115,11,10
631430,720575940623578375,43,40
631430,720575940624084372,2,1
631430,720575940624310857,7,6
631430,720575940624366845,1,0
631430,720575940624484796,54,55
631430,720575940624600840,10,8
631430,720575940624623287,39,35
631430,720575940624897516,32,31
631430,720575940624966840,31,32
631430,720575940625045180,84,79
631430,720575940625047484,51,49
631430,720575940625102692,55,56
631430,720575940625175054,69,64
631430,720575940625178768,26,25
631430,720575940625641402,5,3
631430,720575940625737776,40,38
631430,720575940625861660,45,39
631430,720575940625867056,61,60
631430,720575940625874992,73,63
631430,720575940625875504,63,56
631430,720575940626159306,2,0
631430,720575940626256765,17,15
631430,720575940626278974,14,13
631430,720575940626279742,36,35
631430,720575940626289021,12,7
631430,720575940626308697,27,26
631430,720575940626478082,1,0
631430,720575940626495746,35,36
631430,720575940626993694,23,20
631430,720575940626999464,12,10
631430,720575940627086594,20,21
631430,720575940627107271,20,18
631430,720575940627410451,26,29
631430,720575940627446661,7,6
631430,720575940627779983,26,22
631430,720575940627812168,8,6
631430,720575940627819151,34,33
631430,720575940627828296,12,10
631430,720575940627847752,47,44
631430,720575940627949626,2,0
631430,720575940628598121,85,78
631430,720575940628630171,21,17
631430,720575940628648809,55,52
631430,720575940628676457,27,22
631430,720575940628755815,55,59
631430,720575940628826128,37,39
631430,720575940628972048,46,45
631430,720575940628995331,1,0
631430,720575940628997123,17,16
631430,720575940628998659,16,18
631430,720575940629000783,17,18
631430,720575940629207963,29,25
631430,720575940629421415,5,8
631430,720575940629561347,18,23
631430,720575940629623351,3,4
631430,720575940629664768,8,7
631430,720575940629778554,105,96
631430,720575940629810748,54,58
631430,720575940629812346,7,6
631430,720575940629888530,134,131
631430,720575940630034231,20,17
631430,720575940630094652,12,10
631430,720575940630403031,1,0
631430,720575940630488540,15,14
631430,720575940630548751,0,1
631430,720575940630667372,39,37
631430,720575940630683385,58,56
631430,720575940630695798,1,0
631430,720575940630781433,6,8
631430,720575940630806267,32,30
631430,720575940630820919,43,39
631430,720575940630865724,63,65
631430,720575940630868793,113,106
631430,720575940630903291,0,1
631430,720575940630931999,9,12
631430,720575940630980559,11,9
631430,720575940631108303,3,4
631430,720575940631168057,14,12
631430,720575940631283267,19,22
631430,720575940631340815,17,18
631430,720575940631349335,64,65
631430,720575940631406411,38,39
631430,720575940631629160,2,1
631430,720575940631703608,42,41
631430,720575940631918649,74,77
631430,720575940631959097,50,48
631430,720575940631967506,1,0
631430,720575940631989352,0,2
631430,720575940631997032,48,43
631430,720575940631999080,37,33
631430,720575940632047890,79,78
631430,720575940632118156,82,72
631430,720575940632134227,10,9
631430,720575940632159519,16,15
631430,720575940632252743,58,65
631430,720575940632304711,26,25
631430,720575940632307025,2,0
631430,720575940632365905,34,35
631430,720575940632602532,54,47
631430,720575940632659404,1,0
631430,720575940632722515,2,0
631430,720575940632722771,48,46
631430,720575940633116256,6,7
631430,720575940633185567,67,66
631430,720575940633277209,87,88
631430,720575940633293025,19,18
631430,720575940633308371,6,5
631430,720575940633316563,12,10
631430,720575940633373651,12,9
631430,720575940633612698,41,39
631430,720575940633674135,48,47
631430,720575940634210155,3,5
631430,720575940634301852,25,26
631430,720575940634428058,5,7
631430,720575940634645600,76,67
631430,720575940634756203,2,3
631430,720575940634825623,7,8
631430,720575940635055039,39,41
631430,720575940635166571,0,1
631430,720575940635211115,7,6
631430,720575940635239672,34,31
631430,720575940635578303,40,42
631430,720575940635771316,2,0
631430,720575940636053678,69,68
631430,720575940636165624,32,29
631430,720575940636346487,4,3
631430,720575940636654703,2,0
631430,720575940636809646,23,25
631430,720575940636895406,28,24
631430,720575940637144944,9,7
631430,720575940637360730,3,5
631430,720575940637568838,154,153
631430,720575940638088262,6,9
631430,720575940638103349,101,100
631430,720575940638181092,70,63
631430,720575940639170723,3,2
631430,720575940639198397,16,17
631430,720575940639285949,79,76
631430,720575940639425112,31,33
631430,720575940639786915,35,31
631430,720575940639972816,18,17
631430,720575940640839120,13,10
631430,720575940641480949,12,14
631430,720575940641585627,0,1
631430,720575940642335373,8,9
631430,720575940642428045,62,60
631430,720575940643543496,1,0
631430,720575940643867296,66,58
631430,720575940644653348,42,39
631430,720575940644666148,0,1
631430,720575940644758308,4,3
631430,720575940644968215,2,1
631430,720575940645045527,6,5
631430,720575940645047831,12,15
631430,720575940645352814,1,2
631430,720575940645521262,61,59
631430,720575940647029044,18,15
631430,720575940647030324,17,18
631430,720575940647033396,36,37
631430,720575940647081860,2,0
631430,720575940648864633,7,6
631430,720575940649829241,54,51
631430,720575940652580086,103,100
631430,720575940655014049,77,80
631430,720575940660220289,1,4
631430,720575940660223873,56,52
631430,720575940660224641,2,0
631430,720575940660229505,46,43
