condition,dt_ms,root_id,window,start_ms,end_ms,positive_raw_mV,negative_raw_mV,positive_accepted_mV,negative_accepted_mV,refractory_fraction
baseline,0.0125,720575940627371834,early,0.0,180.0,235.29,-78.936,235.29,-78.936,0.0
baseline,0.0125,720575940627371834,later,180.0,1000.0,977.13,-356.92799999999994,977.13,-356.92799999999994,0.0
baseline,0.0125,720575940627371834,pre_first_20ms,61.812500000000014,81.81250000000001,21.78,-11.616000000000001,21.78,-11.616000000000001,0.0
baseline,0.0125,720575940610056772,early,0.0,180.0,151.14,-67.05600000000001,151.14,-67.05600000000001,0.0
baseline,0.0125,720575940610056772,later,180.0,1000.0,772.86,-293.30400000000003,772.86,-293.30400000000003,0.0
baseline,0.0125,720575940610056772,pre_first_20ms,66.46249999999999,86.46249999999999,0.99,-8.976,0.99,-8.976,0.0
baseline,0.0125,720575940619876884,early,0.0,180.0,90.42000000000002,-23.232000000000003,90.42000000000002,-23.232000000000003,0.0
baseline,0.0125,720575940619876884,later,180.0,1000.0,260.04,-80.52,260.04,-80.52,0.0
baseline,0.0125,720575940619876884,pre_first_20ms,72.2125,92.2125,30.69,-13.728000000000002,30.69,-13.728000000000002,0.0
baseline,0.0125,720575940645866292,early,0.0,180.0,273.90000000000003,-257.13599999999997,273.90000000000003,-257.13599999999997,0.0
baseline,0.0125,720575940645866292,later,180.0,1000.0,1217.0400000000002,-1049.664,1217.0400000000002,-1049.664,0.0
baseline,0.0125,720575940645866292,pre_first_20ms,72.9625,92.9625,11.88,-4.224,11.88,-4.224,0.0
baseline,0.0125,720575940624525043,early,0.0,180.0,86.13,-3.9600000000000004,86.13,-3.9600000000000004,0.0
baseline,0.0125,720575940624525043,later,180.0,1000.0,313.50000000000006,-21.120000000000005,313.50000000000006,-21.120000000000005,0.0
baseline,0.0125,720575940624525043,pre_first_20ms,82.125,102.125,6.6,0.0,6.6,0.0,0.0
baseline,0.0125,720575940611561139,early,0.0,180.0,88.77000000000001,-20.064,88.77000000000001,-20.064,0.0
baseline,0.0125,720575940611561139,later,180.0,1000.0,322.74,-71.28,322.74,-71.28,0.0
baseline,0.0125,720575940611561139,pre_first_20ms,82.25,102.25,2.97,-1.848,2.97,-1.848,0.0
baseline,0.0125,720575940627699712,early,0.0,180.0,64.02,0.0,64.02,0.0,0.0
baseline,0.0125,720575940627699712,later,180.0,1000.0,224.07,0.0,224.07,0.0,0.0
baseline,0.0125,720575940627699712,pre_first_20ms,83.65,103.65,0.0,0.0,0.0,0.0,0.0
baseline,0.0125,720575940636963806,early,0.0,180.0,74.91,-6.072000000000001,74.91,-6.072000000000001,0.0
baseline,0.0125,720575940636963806,later,180.0,1000.0,263.01000000000005,-20.592000000000006,263.01000000000005,-20.592000000000006,0.0
baseline,0.0125,720575940636963806,pre_first_20ms,86.8,106.8,0.0,-4.752000000000001,0.0,-4.752000000000001,0.0
baseline,0.0125,720575940611523733,early,0.0,180.0,64.68,0.0,64.68,0.0,0.0
baseline,0.0125,720575940611523733,later,180.0,1000.0,226.38000000000002,-1.056,226.38000000000002,-1.056,0.0
baseline,0.0125,720575940611523733,pre_first_20ms,86.9125,106.9125,0.0,0.0,0.0,0.0,0.0
baseline,0.0125,720575940611439473,early,0.0,180.0,71.94,-3.6960000000000006,71.94,-3.6960000000000006,0.0
baseline,0.0125,720575940611439473,later,180.0,1000.0,251.79,-14.784000000000002,251.79,-14.784000000000002,0.0
baseline,0.0125,720575940611439473,pre_first_20ms,90.875,110.875,0.0,-0.264,0.0,-0.264,0.0
baseline,0.0125,720575940613441320,early,0.0,180.0,67.32,-3.1680000000000006,67.32,-3.1680000000000006,0.0
baseline,0.0125,720575940613441320,later,180.0,1000.0,236.27999999999997,-11.616,236.27999999999997,-11.616,0.0
baseline,0.0125,720575940613441320,pre_first_20ms,92.1,112.1,0.0,0.0,0.0,0.0,0.0
baseline,0.0125,720575940638633806,early,0.0,180.0,66.0,-1.8480000000000003,66.0,-1.8480000000000003,0.0
baseline,0.0125,720575940638633806,later,180.0,1000.0,231.0,-5.5440000000000005,231.0,-5.5440000000000005,0.0
baseline,0.0125,720575940638633806,pre_first_20ms,92.1125,112.1125,0.0,0.0,0.0,0.0,0.0
baseline,0.0125,720575940618588736,early,0.0,180.0,62.03999999999999,-1.056,62.03999999999999,-1.056,0.0
baseline,0.0125,720575940618588736,later,180.0,1000.0,217.79999999999998,-4.224,217.79999999999998,-4.224,0.0
baseline,0.0125,720575940618588736,pre_first_20ms,92.975,112.975,0.33,0.0,0.33,0.0,0.0
baseline,0.0125,720575940635540671,early,0.0,180.0,69.96000000000001,-13.464000000000004,69.96000000000001,-13.464000000000004,0.0
baseline,0.0125,720575940635540671,later,180.0,1000.0,244.86000000000007,-48.04800000000001,244.86000000000007,-48.04800000000001,0.0
baseline,0.0125,720575940635540671,pre_first_20ms,95.0375,115.0375,0.0,-0.264,0.0,-0.264,0.0
baseline,0.0125,720575940619252952,early,0.0,180.0,58.08,-1.056,58.08,-1.056,0.0
baseline,0.0125,720575940619252952,later,180.0,1000.0,203.27999999999997,-3.96,203.27999999999997,-3.96,0.0
baseline,0.0125,720575940619252952,pre_first_20ms,95.2875,115.2875,0.0,0.0,0.0,0.0,0.0
baseline,0.0125,720575940639935616,early,0.0,180.0,44.220000000000006,-2.904,44.220000000000006,-2.904,0.0
baseline,0.0125,720575940639935616,later,180.0,1000.0,152.79000000000002,-48.84,152.79000000000002,-48.84,0.0
baseline,0.0125,720575940639935616,pre_first_20ms,95.5375,115.5375,0.0,0.0,0.0,0.0,0.0
baseline,0.0125,720575940629910636,early,0.0,180.0,67.32000000000001,-6.072000000000001,67.32000000000001,-6.072000000000001,0.0
baseline,0.0125,720575940629910636,later,180.0,1000.0,235.62,-20.328000000000003,235.62,-20.328000000000003,0.0
baseline,0.0125,720575940629910636,pre_first_20ms,95.6625,115.6625,0.0,0.0,0.0,0.0,0.0
baseline,0.0125,720575940623387786,early,0.0,180.0,34.31999999999999,-1.32,34.31999999999999,-1.32,0.0
baseline,0.0125,720575940623387786,later,180.0,1000.0,120.11999999999998,-4.224,120.11999999999998,-4.224,0.0
baseline,0.0125,720575940623387786,pre_first_20ms,96.4125,116.4125,0.0,-0.264,0.0,-0.264,0.0
baseline,0.0125,720575940639283278,early,0.0,180.0,6.930000000000001,-0.264,6.930000000000001,-0.264,0.0
baseline,0.0125,720575940639283278,later,180.0,1000.0,27.719999999999995,-2.904,27.719999999999995,-2.904,0.0
baseline,0.0125,720575940639283278,pre_first_20ms,98.3,118.3,0.33,0.0,0.33,0.0,0.0
baseline,0.0125,720575940628455942,early,0.0,180.0,8.58,-102.432,8.58,-102.432,0.0
baseline,0.0125,720575940628455942,later,180.0,1000.0,30.03,-533.2800000000002,30.03,-533.2800000000002,0.0
baseline,0.0125,720575940628455942,pre_first_20ms,100.75,120.75,0.0,-19.272000000000002,0.0,-19.272000000000002,0.0
baseline,0.0125,720575940634928023,early,0.0,180.0,7.26,0.0,7.26,0.0,0.0
baseline,0.0125,720575940634928023,later,180.0,1000.0,25.74,0.0,25.74,0.0,0.0
baseline,0.0125,720575940634928023,pre_first_20ms,101.35,121.35,0.33,0.0,0.33,0.0,0.0
baseline,0.0125,720575940626056510,early,0.0,180.0,73.26,-12.144000000000002,73.26,-12.144000000000002,0.0
baseline,0.0125,720575940626056510,later,180.0,1000.0,256.41,-40.128,256.41,-40.128,0.0
baseline,0.0125,720575940626056510,pre_first_20ms,102.15,122.15,0.0,0.0,0.0,0.0,0.0
baseline,0.0125,720575940638695331,early,0.0,180.0,22.44,-1.3200000000000003,22.44,-1.3200000000000003,0.0
baseline,0.0125,720575940638695331,later,180.0,1000.0,78.54,-1.056,78.54,-1.056,0.0
baseline,0.0125,720575940638695331,pre_first_20ms,102.2,122.2,0.0,0.0,0.0,0.0,0.0
baseline,0.0125,720575940616651193,early,0.0,180.0,54.78,-3.6960000000000006,54.78,-3.6960000000000006,0.0
baseline,0.0125,720575940616651193,later,180.0,1000.0,192.06,-12.936000000000003,192.06,-12.936000000000003,0.0
baseline,0.0125,720575940616651193,pre_first_20ms,102.5625,122.5625,0.0,0.0,0.0,0.0,0.0
baseline,0.0125,720575940620011435,early,0.0,180.0,0.66,-4.488,0.66,-4.488,0.0
baseline,0.0125,720575940620011435,later,180.0,1000.0,2.31,-3.1680000000000006,2.31,-3.1680000000000006,0.0
baseline,0.0125,720575940620011435,pre_first_20ms,102.6125,122.6125,0.0,0.0,0.0,0.0,0.0
baseline,0.0125,720575940619245016,early,0.0,180.0,0.0,0.0,0.0,0.0,0.0
baseline,0.0125,720575940619245016,later,180.0,1000.0,0.0,0.0,0.0,0.0,0.0
baseline,0.0125,720575940619245016,pre_first_20ms,102.7,122.7,0.0,0.0,0.0,0.0,0.0
baseline,0.0125,720575940631097462,early,0.0,180.0,14.190000000000001,-6.336,14.190000000000001,-6.336,0.0
baseline,0.0125,720575940631097462,later,180.0,1000.0,48.84,-7.92,48.84,-7.92,0.0
baseline,0.0125,720575940631097462,pre_first_20ms,102.8,122.8,0.0,0.0,0.0,0.0,0.0
baseline,0.0125,720575940621589887,early,0.0,180.0,17.16,-0.528,17.16,-0.528,0.0
baseline,0.0125,720575940621589887,later,180.0,1000.0,60.06,-2.112,60.06,-2.112,0.0
baseline,0.0125,720575940621589887,pre_first_20ms,103.15,123.15,0.0,0.0,0.0,0.0,0.0
baseline,0.0125,720575940615166111,early,0.0,180.0,14.520000000000001,0.0,14.520000000000001,0.0,0.0
baseline,0.0125,720575940615166111,later,180.0,1000.0,50.82,0.0,50.82,0.0,0.0
baseline,0.0125,720575940615166111,pre_first_20ms,103.375,123.375,0.0,0.0,0.0,0.0,0.0
baseline,0.0125,720575940631058280,early,0.0,180.0,77.22,-20.856,77.22,-20.856,0.0
baseline,0.0125,720575940631058280,later,180.0,1000.0,270.27000000000004,-72.072,270.27000000000004,-72.072,0.0
baseline,0.0125,720575940631058280,pre_first_20ms,103.375,123.375,0.0,0.0,0.0,0.0,0.0
baseline,0.0125,720575940624742158,early,0.0,180.0,0.66,-1.848,0.66,-1.848,0.0
baseline,0.0125,720575940624742158,later,180.0,1000.0,2.31,-0.528,2.31,-0.528,0.0
baseline,0.0125,720575940624742158,pre_first_20ms,103.45,123.45,0.0,0.0,0.0,0.0,0.0
baseline,0.0125,720575940623067389,early,0.0,180.0,59.400000000000006,-11.088000000000001,59.400000000000006,-11.088000000000001,0.0
baseline,0.0125,720575940623067389,later,180.0,1000.0,207.89999999999998,-38.80800000000001,207.89999999999998,-38.80800000000001,0.0
baseline,0.0125,720575940623067389,pre_first_20ms,103.51250000000002,123.51250000000002,0.0,0.0,0.0,0.0,0.0
baseline,0.0125,720575940639373683,early,0.0,180.0,39.599999999999994,-6.864000000000001,39.599999999999994,-6.864000000000001,0.0
baseline,0.0125,720575940639373683,later,180.0,1000.0,138.59999999999997,-25.080000000000005,138.59999999999997,-25.080000000000005,0.0
baseline,0.0125,720575940639373683,pre_first_20ms,103.51250000000002,123.51250000000002,0.0,0.0,0.0,0.0,0.0
baseline,0.0125,720575940627706645,early,0.0,180.0,30.36,0.0,30.36,0.0,0.0
baseline,0.0125,720575940627706645,later,180.0,1000.0,106.26000000000002,0.0,106.26000000000002,0.0,0.0
baseline,0.0125,720575940627706645,pre_first_20ms,103.6125,123.6125,0.0,0.0,0.0,0.0,0.0
baseline,0.0125,720575940612922226,early,0.0,180.0,52.14,-4.752000000000001,52.14,-4.752000000000001,0.0
baseline,0.0125,720575940612922226,later,180.0,1000.0,182.49,-17.424000000000003,182.49,-17.424000000000003,0.0
baseline,0.0125,720575940612922226,pre_first_20ms,103.65,123.65,0.0,0.0,0.0,0.0,0.0
baseline,0.0125,720575940643476128,early,0.0,180.0,0.0,0.0,0.0,0.0,0.0
baseline,0.0125,720575940643476128,later,180.0,1000.0,0.0,-1.32,0.0,-1.32,0.0
baseline,0.0125,720575940643476128,pre_first_20ms,104.26250000000002,124.26250000000002,0.0,0.0,0.0,0.0,0.0
baseline,0.0125,720575940615953202,early,0.0,180.0,3.96,0.0,3.96,0.0,0.0
baseline,0.0125,720575940615953202,later,180.0,1000.0,13.86,-5.28,13.86,-5.28,0.0
baseline,0.0125,720575940615953202,pre_first_20ms,104.3625,124.3625,0.0,0.0,0.0,0.0,0.0
baseline,0.0125,720575940619754699,early,0.0,180.0,0.0,0.0,0.0,0.0,0.0
baseline,0.0125,720575940619754699,later,180.0,1000.0,0.0,0.0,0.0,0.0,0.0
baseline,0.0125,720575940619754699,pre_first_20ms,104.8625,124.8625,0.0,0.0,0.0,0.0,0.0
baseline,0.0125,720575940626010042,early,0.0,180.0,60.06,-18.744,60.06,-18.744,0.0
baseline,0.0125,720575940626010042,later,180.0,1000.0,210.21,-68.64000000000001,210.21,-68.64000000000001,0.0
baseline,0.0125,720575940626010042,pre_first_20ms,104.9375,124.9375,0.0,0.0,0.0,0.0,0.0
baseline,0.0125,720575940630539535,early,0.0,180.0,5.9399999999999995,-2.9040000000000004,5.9399999999999995,-2.9040000000000004,0.0
baseline,0.0125,720575940630539535,later,180.0,1000.0,20.79,-11.352,20.79,-11.352,0.0
baseline,0.0125,720575940630539535,pre_first_20ms,104.975,124.975,0.0,-0.264,0.0,-0.264,0.0
baseline,0.0125,720575940623067686,early,0.0,180.0,2.64,-0.528,2.64,-0.528,0.0
baseline,0.0125,720575940623067686,later,180.0,1000.0,9.57,-2.112,9.57,-2.112,0.0
baseline,0.0125,720575940623067686,pre_first_20ms,104.9875,124.9875,0.33,0.0,0.33,0.0,0.0
baseline,0.0125,720575940645864739,early,0.0,180.0,0.0,0.0,0.0,0.0,0.0
baseline,0.0125,720575940645864739,later,180.0,1000.0,0.0,0.0,0.0,0.0,0.0
baseline,0.0125,720575940645864739,pre_first_20ms,105.0625,125.0625,0.0,0.0,0.0,0.0,0.0
baseline,0.0125,720575940633156377,early,0.0,180.0,0.66,-0.528,0.66,-0.528,0.0
baseline,0.0125,720575940633156377,later,180.0,1000.0,2.31,-1.848,2.31,-1.848,0.0
baseline,0.0125,720575940633156377,pre_first_20ms,105.175,125.175,0.0,0.0,0.0,0.0,0.0
baseline,0.0125,720575940624426940,early,0.0,180.0,37.62,-15.576,37.62,-15.576,0.0
baseline,0.0125,720575940624426940,later,180.0,1000.0,131.67,-54.38400000000001,131.67,-54.38400000000001,0.0
baseline,0.0125,720575940624426940,pre_first_20ms,105.3,125.3,0.0,0.0,0.0,0.0,0.0
baseline,0.0125,720575940625203277,early,0.0,180.0,34.650000000000006,-8.448,34.650000000000006,-8.448,0.0
baseline,0.0125,720575940625203277,later,180.0,1000.0,127.05,-30.624,127.05,-30.624,0.0
baseline,0.0125,720575940625203277,pre_first_20ms,105.3125,125.3125,1.32,0.0,1.32,0.0,0.0
baseline,0.0125,720575940624681520,early,0.0,180.0,0.0,-0.528,0.0,-0.528,0.0
baseline,0.0125,720575940624681520,later,180.0,1000.0,0.0,-1.848,0.0,-1.848,0.0
baseline,0.0125,720575940624681520,pre_first_20ms,105.7125,125.7125,0.0,0.0,0.0,0.0,0.0
baseline,0.0125,720575940630968680,early,0.0,180.0,33.0,-21.384,33.0,-21.384,0.0
baseline,0.0125,720575940630968680,later,180.0,1000.0,115.5,-74.712,115.5,-74.712,0.0
baseline,0.0125,720575940630968680,pre_first_20ms,105.83750000000002,125.83750000000002,0.0,0.0,0.0,0.0,0.0
baseline,0.0125,720575940630939855,early,0.0,180.0,0.66,0.0,0.66,0.0,0.0
baseline,0.0125,720575940630939855,later,180.0,1000.0,2.31,0.0,2.31,0.0,0.0
baseline,0.0125,720575940630939855,pre_first_20ms,106.275,126.275,0.0,0.0,0.0,0.0,0.0
baseline,0.0125,720575940627692565,early,0.0,180.0,0.0,0.0,0.0,0.0,0.0
baseline,0.0125,720575940627692565,later,180.0,1000.0,0.0,0.0,0.0,0.0,0.0
baseline,0.0125,720575940627692565,pre_first_20ms,106.35000000000002,126.35000000000002,0.0,0.0,0.0,0.0,0.0
baseline,0.0125,720575940630020345,early,0.0,180.0,36.629999999999995,-22.44,36.629999999999995,-22.44,0.0
baseline,0.0125,720575940630020345,later,180.0,1000.0,128.03999999999996,-78.67200000000001,128.03999999999996,-78.67200000000001,0.0
baseline,0.0125,720575940630020345,pre_first_20ms,106.35000000000002,126.35000000000002,0.33,0.0,0.33,0.0,0.0
baseline,0.0125,720575940620321670,early,0.0,180.0,0.0,0.0,0.0,0.0,0.0
baseline,0.0125,720575940620321670,later,180.0,1000.0,0.0,0.0,0.0,0.0,0.0
baseline,0.0125,720575940620321670,pre_first_20ms,106.38750000000002,126.38750000000002,0.0,0.0,0.0,0.0,0.0
baseline,0.0125,720575940618263365,early,0.0,180.0,3.3,-2.3760000000000003,3.3,-2.3760000000000003,0.0
baseline,0.0125,720575940618263365,later,180.0,1000.0,11.55,-2.112,11.55,-2.112,0.0
baseline,0.0125,720575940618263365,pre_first_20ms,106.4375,126.4375,0.0,0.0,0.0,0.0,0.0
baseline,0.0125,720575940622446085,early,0.0,180.0,0.0,-5.808000000000001,0.0,-5.808000000000001,0.0
baseline,0.0125,720575940622446085,later,180.0,1000.0,0.0,-16.104,0.0,-16.104,0.0
baseline,0.0125,720575940622446085,pre_first_20ms,106.45,126.45,0.0,0.0,0.0,0.0,0.0
baseline,0.0125,720575940629911503,early,0.0,180.0,0.0,0.0,0.0,0.0,0.0
baseline,0.0125,720575940629911503,later,180.0,1000.0,0.0,0.0,0.0,0.0,0.0
baseline,0.0125,720575940629911503,pre_first_20ms,106.5,126.5,0.0,0.0,0.0,0.0,0.0
baseline,0.0125,720575940620252075,early,0.0,180.0,0.0,0.0,0.0,0.0,0.0
baseline,0.0125,720575940620252075,later,180.0,1000.0,0.0,-0.264,0.0,-0.264,0.0
baseline,0.0125,720575940620252075,pre_first_20ms,106.65,126.65,0.0,0.0,0.0,0.0,0.0
baseline,0.0125,720575940622203350,early,0.0,180.0,2.64,0.0,2.64,0.0,0.0
baseline,0.0125,720575940622203350,later,180.0,1000.0,9.24,0.0,9.24,0.0,0.0
baseline,0.0125,720575940622203350,pre_first_20ms,106.825,126.825,0.0,0.0,0.0,0.0,0.0
baseline,0.0125,720575940619077255,early,0.0,180.0,1.32,0.0,1.32,0.0,0.0
baseline,0.0125,720575940619077255,later,180.0,1000.0,4.95,0.0,4.95,0.0,0.0
baseline,0.0125,720575940619077255,pre_first_20ms,106.9125,126.9125,0.0,0.0,0.0,0.0,0.0
baseline,0.0125,720575940619709899,early,0.0,180.0,0.0,0.0,0.0,0.0,0.0
baseline,0.0125,720575940619709899,later,180.0,1000.0,0.0,0.0,0.0,0.0,0.0
baseline,0.0125,720575940619709899,pre_first_20ms,107.0375,127.0375,0.0,0.0,0.0,0.0,0.0
baseline,0.0125,720575940616370065,early,0.0,180.0,8.58,-1.848,8.58,-1.848,0.0
baseline,0.0125,720575940616370065,later,180.0,1000.0,30.03,-5.28,30.03,-5.28,0.0
baseline,0.0125,720575940616370065,pre_first_20ms,107.175,127.175,0.0,0.0,0.0,0.0,0.0
baseline,0.0125,720575940625032171,early,0.0,180.0,2.64,-1.584,2.64,-1.584,0.0
baseline,0.0125,720575940625032171,later,180.0,1000.0,9.24,-2.112,9.24,-2.112,0.0
baseline,0.0125,720575940625032171,pre_first_20ms,107.2375,127.2375,0.0,0.0,0.0,0.0,0.0
baseline,0.0125,720575940605007206,early,0.0,180.0,0.0,0.0,0.0,0.0,0.0
baseline,0.0125,720575940605007206,later,180.0,1000.0,0.0,0.0,0.0,0.0,0.0
baseline,0.0125,720575940605007206,pre_first_20ms,107.5125,127.5125,0.0,0.0,0.0,0.0,0.0
baseline,0.0125,720575940621905185,early,0.0,180.0,0.0,-0.528,0.0,-0.528,0.0
baseline,0.0125,720575940621905185,later,180.0,1000.0,0.0,-0.528,0.0,-0.528,0.0
baseline,0.0125,720575940621905185,pre_first_20ms,107.525,127.525,0.0,0.0,0.0,0.0,0.0
baseline,0.0125,720575940621921285,early,0.0,180.0,19.8,0.0,19.8,0.0,0.0
baseline,0.0125,720575940621921285,later,180.0,1000.0,69.3,-22.176,69.3,-22.176,0.0
baseline,0.0125,720575940621921285,pre_first_20ms,107.575,127.575,0.0,0.0,0.0,0.0,0.0
baseline,0.0125,720575940645676579,early,0.0,180.0,16.5,-3.168,16.5,-3.168,0.0
baseline,0.0125,720575940645676579,later,180.0,1000.0,57.75,-2.112,57.75,-2.112,0.0
baseline,0.0125,720575940645676579,pre_first_20ms,107.775,127.775,0.0,0.0,0.0,0.0,0.0
baseline,0.0125,720575940607667723,early,0.0,180.0,0.0,-12.408,0.0,-12.408,0.0
baseline,0.0125,720575940607667723,later,180.0,1000.0,0.0,-47.519999999999996,0.0,-47.519999999999996,0.0
baseline,0.0125,720575940607667723,pre_first_20ms,107.875,127.875,0.0,-8.184,0.0,-8.184,0.0
baseline,0.0125,720575940614684822,early,0.0,180.0,0.66,-3.1680000000000006,0.66,-3.1680000000000006,0.0
baseline,0.0125,720575940614684822,later,180.0,1000.0,2.31,-6.072000000000001,2.31,-6.072000000000001,0.0
baseline,0.0125,720575940614684822,pre_first_20ms,107.88750000000002,127.88750000000002,0.0,0.0,0.0,0.0,0.0
baseline,0.0125,720575940628342171,early,0.0,180.0,0.0,0.0,0.0,0.0,0.0
baseline,0.0125,720575940628342171,later,180.0,1000.0,0.0,0.0,0.0,0.0,0.0
baseline,0.0125,720575940628342171,pre_first_20ms,107.9125,127.9125,0.0,0.0,0.0,0.0,0.0
baseline,0.0125,720575940621038294,early,0.0,180.0,1.32,-1.5840000000000003,1.32,-1.5840000000000003,0.0
baseline,0.0125,720575940621038294,later,180.0,1000.0,4.95,-5.5440000000000005,4.95,-5.5440000000000005,0.0
baseline,0.0125,720575940621038294,pre_first_20ms,108.0,128.0,0.0,0.0,0.0,0.0,0.0
baseline,0.0125,720575940620464321,early,0.0,180.0,7.920000000000001,0.0,7.920000000000001,0.0,0.0
baseline,0.0125,720575940620464321,later,180.0,1000.0,28.050000000000004,-7.392000000000001,28.050000000000004,-7.392000000000001,0.0
baseline,0.0125,720575940620464321,pre_first_20ms,108.0625,128.0625,0.33,0.0,0.33,0.0,0.0
baseline,0.0125,720575940632059193,early,0.0,180.0,0.0,0.0,0.0,0.0,0.0
baseline,0.0125,720575940632059193,later,180.0,1000.0,0.0,0.0,0.0,0.0,0.0
baseline,0.0125,720575940632059193,pre_first_20ms,108.16250000000002,128.16250000000002,0.0,0.0,0.0,0.0,0.0
baseline,0.0125,720575940646735156,early,0.0,180.0,10.89,-2.112,10.89,-2.112,0.0
baseline,0.0125,720575940646735156,later,180.0,1000.0,38.60999999999999,-7.656000000000001,38.60999999999999,-7.656000000000001,0.0
baseline,0.0125,720575940646735156,pre_first_20ms,108.20000000000002,128.20000000000002,1.32,0.0,1.32,0.0,0.0
baseline,0.0125,720575940633062335,early,0.0,180.0,1.32,-1.584,1.32,-1.584,0.0
baseline,0.0125,720575940633062335,later,180.0,1000.0,4.62,-3.4320000000000004,4.62,-3.4320000000000004,0.0
baseline,0.0125,720575940633062335,pre_first_20ms,108.3375,128.3375,0.0,0.0,0.0,0.0,0.0
baseline,0.0125,720575940643882184,early,0.0,180.0,4.62,0.0,4.62,0.0,0.0
baseline,0.0125,720575940643882184,later,180.0,1000.0,16.17,-0.264,16.17,-0.264,0.0
baseline,0.0125,720575940643882184,pre_first_20ms,108.4625,128.4625,0.0,0.0,0.0,0.0,0.0
baseline,0.0125,720575940639505792,early,0.0,180.0,0.0,0.0,0.0,0.0,0.0
baseline,0.0125,720575940639505792,later,180.0,1000.0,0.0,0.0,0.0,0.0,0.0
baseline,0.0125,720575940639505792,pre_first_20ms,108.5375,128.5375,0.0,0.0,0.0,0.0,0.0
baseline,0.0125,720575940605028017,early,0.0,180.0,59.4,-4.488,59.4,-4.488,0.0
baseline,0.0125,720575940605028017,later,180.0,1000.0,212.51999999999995,-16.896,212.51999999999995,-16.896,0.0
baseline,0.0125,720575940605028017,pre_first_20ms,108.6875,128.6875,0.0,-1.32,0.0,-1.32,0.0
baseline,0.0125,720575940631865228,early,0.0,180.0,83.16,-46.2,83.16,-46.2,0.0
baseline,0.0125,720575940631865228,later,180.0,1000.0,321.42,-162.62400000000002,321.42,-162.62400000000002,0.0
baseline,0.0125,720575940631865228,pre_first_20ms,108.725,128.725,0.33,-2.112,0.33,-2.112,0.0
baseline,0.0125,720575940624230122,early,0.0,180.0,0.0,-4.224000000000001,0.0,-4.224000000000001,0.0
baseline,0.0125,720575940624230122,later,180.0,1000.0,0.33,-7.128000000000001,0.33,-7.128000000000001,0.0
baseline,0.0125,720575940624230122,pre_first_20ms,108.75,128.75,0.0,0.0,0.0,0.0,0.0
baseline,0.0125,720575940613463471,early,0.0,180.0,0.0,-1.5840000000000003,0.0,-1.5840000000000003,0.0
baseline,0.0125,720575940613463471,later,180.0,1000.0,0.0,-3.4320000000000004,0.0,-3.4320000000000004,0.0
baseline,0.0125,720575940613463471,pre_first_20ms,108.85,128.85,0.0,-0.7920000000000001,0.0,-0.7920000000000001,0.0
baseline,0.0125,720575940626979965,early,0.0,180.0,5.9399999999999995,0.0,5.9399999999999995,0.0,0.0
baseline,0.0125,720575940626979965,later,180.0,1000.0,20.130000000000003,-0.264,20.130000000000003,-0.264,0.0
baseline,0.0125,720575940626979965,pre_first_20ms,109.01249999999999,129.0125,1.32,0.0,1.32,0.0,0.0
baseline,0.0125,720575940638677411,early,0.0,180.0,32.010000000000005,-13.728000000000002,32.010000000000005,-13.728000000000002,0.0
baseline,0.0125,720575940638677411,later,180.0,1000.0,110.54999999999998,-67.32000000000001,110.54999999999998,-67.32000000000001,0.0
baseline,0.0125,720575940638677411,pre_first_20ms,109.12500000000003,129.12500000000003,2.97,-1.584,2.97,-1.584,0.0
baseline,0.0125,720575940618405848,early,0.0,180.0,3.96,-1.8480000000000003,3.96,-1.8480000000000003,0.0
baseline,0.0125,720575940618405848,later,180.0,1000.0,12.21,-6.864000000000001,12.21,-6.864000000000001,0.0
baseline,0.0125,720575940618405848,pre_first_20ms,109.26249999999999,129.2625,0.0,0.0,0.0,0.0,0.0
baseline,0.0125,720575940626650890,early,0.0,180.0,0.0,-18.216,0.0,-18.216,0.0
baseline,0.0125,720575940626650890,later,180.0,1000.0,0.0,-79.992,0.0,-79.992,0.0
baseline,0.0125,720575940626650890,pre_first_20ms,109.4,129.4,0.0,-2.9040000000000004,0.0,-2.9040000000000004,0.0
baseline,0.0125,720575940619766219,early,0.0,180.0,0.0,0.0,0.0,0.0,0.0
baseline,0.0125,720575940619766219,later,180.0,1000.0,0.0,0.0,0.0,0.0,0.0
baseline,0.0125,720575940619766219,pre_first_20ms,109.475,129.475,0.0,0.0,0.0,0.0,0.0
baseline,0.0125,720575940614702754,early,0.0,180.0,0.0,0.0,0.0,0.0,0.0
baseline,0.0125,720575940614702754,later,180.0,1000.0,0.0,0.0,0.0,0.0,0.0
baseline,0.0125,720575940614702754,pre_first_20ms,109.51249999999999,129.5125,0.0,0.0,0.0,0.0,0.0
baseline,0.0125,720575940620001958,early,0.0,180.0,2.64,-0.528,2.64,-0.528,0.0
baseline,0.0125,720575940620001958,later,180.0,1000.0,9.9,-1.848,9.9,-1.848,0.0
baseline,0.0125,720575940620001958,pre_first_20ms,109.63750000000002,129.63750000000002,0.0,0.0,0.0,0.0,0.0
baseline,0.0125,720575940621833054,early,0.0,180.0,4.62,0.0,4.62,0.0,0.0
baseline,0.0125,720575940621833054,later,180.0,1000.0,16.17,0.0,16.17,0.0,0.0
baseline,0.0125,720575940621833054,pre_first_20ms,109.73750000000001,129.7375,0.0,0.0,0.0,0.0,0.0
baseline,0.0125,720575940613792296,early,0.0,180.0,0.0,0.0,0.0,0.0,0.0
baseline,0.0125,720575940613792296,later,180.0,1000.0,0.0,0.0,0.0,0.0,0.0
baseline,0.0125,720575940613792296,pre_first_20ms,109.7875,129.7875,0.0,0.0,0.0,0.0,0.0
baseline,0.0125,720575940621457690,early,0.0,180.0,0.66,-1.056,0.66,-1.056,0.0
baseline,0.0125,720575940621457690,later,180.0,1000.0,2.64,-5.28,2.64,-5.28,0.0
baseline,0.0125,720575940621457690,pre_first_20ms,109.82499999999999,129.825,0.33,0.0,0.33,0.0,0.0
baseline,0.0125,720575940625559908,early,0.0,180.0,3.3,-3.4320000000000004,3.3,-3.4320000000000004,0.0
baseline,0.0125,720575940625559908,later,180.0,1000.0,11.55,-12.672000000000002,11.55,-12.672000000000002,0.0
baseline,0.0125,720575940625559908,pre_first_20ms,109.8375,129.8375,0.0,0.0,0.0,0.0,0.0
baseline,0.0125,720575940627946512,early,0.0,180.0,95.03999999999999,-75.24000000000001,95.03999999999999,-75.24000000000001,0.0
baseline,0.0125,720575940627946512,later,180.0,1000.0,332.64,-263.208,332.64,-263.208,0.0
baseline,0.0125,720575940627946512,pre_first_20ms,109.88750000000002,129.88750000000002,0.0,0.0,0.0,0.0,0.0
baseline,0.0125,720575940613163473,early,0.0,180.0,0.0,-5.808000000000001,0.0,-5.808000000000001,0.0
baseline,0.0125,720575940613163473,later,180.0,1000.0,0.0,-17.160000000000004,0.0,-17.160000000000004,0.0
baseline,0.0125,720575940613163473,pre_first_20ms,110.13750000000002,130.13750000000002,0.0,0.0,0.0,0.0,0.0
baseline,0.0125,720575940627619057,early,0.0,180.0,0.0,0.0,0.0,0.0,0.0
baseline,0.0125,720575940627619057,later,180.0,1000.0,0.0,0.0,0.0,0.0,0.0
baseline,0.0125,720575940627619057,pre_first_20ms,110.16250000000002,130.16250000000002,0.0,0.0,0.0,0.0,0.0
baseline,0.0125,720575940634172267,early,0.0,180.0,17.16,-8.448,17.16,-8.448,0.0
baseline,0.0125,720575940634172267,later,180.0,1000.0,62.04,-33.528,62.04,-33.528,0.0
baseline,0.0125,720575940634172267,pre_first_20ms,110.1875,130.1875,0.0,0.0,0.0,0.0,0.0
baseline,0.0125,720575940623356651,early,0.0,180.0,0.0,0.0,0.0,0.0,0.0
baseline,0.0125,720575940623356651,later,180.0,1000.0,0.0,0.0,0.0,0.0,0.0
baseline,0.0125,720575940623356651,pre_first_20ms,110.38750000000002,130.38750000000002,0.0,0.0,0.0,0.0,0.0
baseline,0.0125,720575940616762585,early,0.0,180.0,0.0,0.0,0.0,0.0,0.0
baseline,0.0125,720575940616762585,later,180.0,1000.0,0.0,-1.056,0.0,-1.056,0.0
baseline,0.0125,720575940616762585,pre_first_20ms,110.525,130.525,0.0,0.0,0.0,0.0,0.0
baseline,0.0125,720575940627849515,early,0.0,180.0,45.540000000000006,-1.584,45.540000000000006,-1.584,0.0
baseline,0.0125,720575940627849515,later,180.0,1000.0,159.39000000000001,-4.224,159.39000000000001,-4.224,0.0
baseline,0.0125,720575940627849515,pre_first_20ms,110.525,130.525,0.0,0.0,0.0,0.0,0.0
baseline,0.0125,720575940635404724,early,0.0,180.0,6.93,-1.848,6.93,-1.848,0.0
baseline,0.0125,720575940635404724,later,180.0,1000.0,24.750000000000004,-10.824000000000002,24.750000000000004,-10.824000000000002,0.0
baseline,0.0125,720575940635404724,pre_first_20ms,110.61249999999998,130.61249999999998,0.0,0.0,0.0,0.0,0.0
baseline,0.0125,720575940626425682,early,0.0,180.0,21.12,-0.792,21.12,-0.792,0.0
baseline,0.0125,720575940626425682,later,180.0,1000.0,73.58999999999999,-4.224,73.58999999999999,-4.224,0.0
baseline,0.0125,720575940626425682,pre_first_20ms,110.66250000000002,130.66250000000002,0.33,0.0,0.33,0.0,0.0
baseline,0.0125,720575940626703497,early,0.0,180.0,16.17,-2.64,16.17,-2.64,0.0
baseline,0.0125,720575940626703497,later,180.0,1000.0,57.089999999999996,-7.92,57.089999999999996,-7.92,0.0
baseline,0.0125,720575940626703497,pre_first_20ms,110.6875,130.6875,0.99,0.0,0.99,0.0,0.0
baseline,0.0125,720575940623847728,early,0.0,180.0,0.0,-1.056,0.0,-1.056,0.0
baseline,0.0125,720575940623847728,later,180.0,1000.0,0.0,-3.696,0.0,-3.696,0.0
baseline,0.0125,720575940623847728,pre_first_20ms,110.73750000000001,130.7375,0.0,0.0,0.0,0.0,0.0
baseline,0.0125,720575940629225463,early,0.0,180.0,0.99,-1.32,0.99,-1.32,0.0
baseline,0.0125,720575940629225463,later,180.0,1000.0,2.97,-4.224,2.97,-4.224,0.0
baseline,0.0125,720575940629225463,pre_first_20ms,110.80000000000001,130.8,0.33,-0.264,0.33,-0.264,0.0
baseline,0.0125,720575940635397556,early,0.0,180.0,18.48,-17.16,18.48,-17.16,0.0
baseline,0.0125,720575940635397556,later,180.0,1000.0,64.68,-59.400000000000006,64.68,-59.400000000000006,0.0
baseline,0.0125,720575940635397556,pre_first_20ms,110.82499999999999,130.825,0.0,0.0,0.0,0.0,0.0
baseline,0.0125,720575940622971283,early,0.0,180.0,0.0,0.0,0.0,0.0,0.0
baseline,0.0125,720575940622971283,later,180.0,1000.0,0.0,-0.792,0.0,-0.792,0.0
baseline,0.0125,720575940622971283,pre_first_20ms,110.87500000000003,130.87500000000003,0.0,0.0,0.0,0.0,0.0
baseline,0.0125,720575940622999688,early,0.0,180.0,0.0,0.0,0.0,0.0,0.0
baseline,0.0125,720575940622999688,later,180.0,1000.0,0.0,0.0,0.0,0.0,0.0
baseline,0.0125,720575940622999688,pre_first_20ms,111.0375,131.0375,0.0,0.0,0.0,0.0,0.0
baseline,0.0125,720575940610205282,early,0.0,180.0,7.260000000000001,0.0,7.260000000000001,0.0,0.0
baseline,0.0125,720575940610205282,later,180.0,1000.0,25.41,-0.264,25.41,-0.264,0.0
baseline,0.0125,720575940610205282,pre_first_20ms,111.20000000000002,131.20000000000002,0.0,0.0,0.0,0.0,0.0
baseline,0.0125,720575940622446341,early,0.0,180.0,0.0,-6.072,0.0,-6.072,0.0
baseline,0.0125,720575940622446341,later,180.0,1000.0,0.0,-16.104,0.0,-16.104,0.0
baseline,0.0125,720575940622446341,pre_first_20ms,111.26250000000002,131.26250000000002,0.0,0.0,0.0,0.0,0.0
baseline,0.0125,720575940628210887,early,0.0,180.0,12.540000000000001,0.0,12.540000000000001,0.0,0.0
baseline,0.0125,720575940628210887,later,180.0,1000.0,43.56,-0.264,43.56,-0.264,0.0
baseline,0.0125,720575940628210887,pre_first_20ms,111.26250000000002,131.26250000000002,0.0,0.0,0.0,0.0,0.0
baseline,0.0125,720575940613303471,early,0.0,180.0,0.0,-6.600000000000001,0.0,-6.600000000000001,0.0
baseline,0.0125,720575940613303471,later,180.0,1000.0,0.0,-18.480000000000004,0.0,-18.480000000000004,0.0
baseline,0.0125,720575940613303471,pre_first_20ms,111.30000000000001,131.3,0.0,-1.32,0.0,-1.32,0.0
baseline,0.0125,720575940657580417,early,0.0,180.0,0.0,0.0,0.0,0.0,0.0
baseline,0.0125,720575940657580417,later,180.0,1000.0,0.0,0.0,0.0,0.0,0.0
baseline,0.0125,720575940657580417,pre_first_20ms,111.4,131.4,0.0,0.0,0.0,0.0,0.0
baseline,0.0125,720575940617841437,early,0.0,180.0,17.82,-2.6400000000000006,17.82,-2.6400000000000006,0.0
baseline,0.0125,720575940617841437,later,180.0,1000.0,62.36999999999999,-3.168,62.36999999999999,-3.168,0.0
baseline,0.0125,720575940617841437,pre_first_20ms,111.5,131.5,0.0,0.0,0.0,0.0,0.0
baseline,0.0125,720575940638379598,early,0.0,180.0,14.850000000000001,-3.4320000000000004,14.850000000000001,-3.4320000000000004,0.0
baseline,0.0125,720575940638379598,later,180.0,1000.0,48.50999999999999,-10.824000000000003,48.50999999999999,-10.824000000000003,0.0
baseline,0.0125,720575940638379598,pre_first_20ms,111.525,131.525,0.0,0.0,0.0,0.0,0.0
baseline,0.0125,720575940619773505,early,0.0,180.0,3.96,-3.6960000000000006,3.96,-3.6960000000000006,0.0
baseline,0.0125,720575940619773505,later,180.0,1000.0,13.86,-13.200000000000003,13.86,-13.200000000000003,0.0
baseline,0.0125,720575940619773505,pre_first_20ms,111.67500000000001,131.675,0.0,0.0,0.0,0.0,0.0
baseline,0.0125,720575940626778008,early,0.0,180.0,1.98,0.0,1.98,0.0,0.0
baseline,0.0125,720575940626778008,later,180.0,1000.0,6.93,0.0,6.93,0.0,0.0
baseline,0.0125,720575940626778008,pre_first_20ms,111.67500000000001,131.675,0.0,0.0,0.0,0.0,0.0
baseline,0.0125,720575940615042246,early,0.0,180.0,7.92,0.0,7.92,0.0,0.0
baseline,0.0125,720575940615042246,later,180.0,1000.0,30.029999999999998,-10.032000000000002,30.029999999999998,-10.032000000000002,0.0
baseline,0.0125,720575940615042246,pre_first_20ms,111.70000000000002,131.70000000000002,0.0,0.0,0.0,0.0,0.0
baseline,0.0125,720575940617825949,early,0.0,180.0,1.32,0.0,1.32,0.0,0.0
baseline,0.0125,720575940617825949,later,180.0,1000.0,4.62,0.0,4.62,0.0,0.0
baseline,0.0125,720575940617825949,pre_first_20ms,111.87500000000003,131.87500000000003,0.0,0.0,0.0,0.0,0.0
baseline,0.0125,720575940610506542,early,0.0,180.0,0.0,0.0,0.0,0.0,0.0
baseline,0.0125,720575940610506542,later,180.0,1000.0,0.0,0.0,0.0,0.0,0.0
baseline,0.0125,720575940610506542,pre_first_20ms,111.9375,131.9375,0.0,0.0,0.0,0.0,0.0
baseline,0.0125,720575940612734066,early,0.0,180.0,9.24,0.0,9.24,0.0,0.0
baseline,0.0125,720575940612734066,later,180.0,1000.0,36.96,0.0,36.96,0.0,0.0
baseline,0.0125,720575940612734066,pre_first_20ms,111.95000000000002,131.95000000000002,4.62,0.0,4.62,0.0,0.0
baseline,0.0125,720575940613981905,early,0.0,180.0,25.410000000000004,-0.792,25.410000000000004,-0.792,0.0
baseline,0.0125,720575940613981905,later,180.0,1000.0,88.44000000000001,-1.848,88.44000000000001,-1.848,0.0
baseline,0.0125,720575940613981905,pre_first_20ms,111.95000000000002,131.95000000000002,0.0,0.0,0.0,0.0,0.0
baseline,0.0125,720575940629908540,early,0.0,180.0,0.0,0.0,0.0,0.0,0.0
baseline,0.0125,720575940629908540,later,180.0,1000.0,0.0,0.0,0.0,0.0,0.0
baseline,0.0125,720575940629908540,pre_first_20ms,112.0,132.0,0.0,0.0,0.0,0.0,0.0
baseline,0.0125,720575940617306717,early,0.0,180.0,2.64,-0.264,2.64,-0.264,0.0
baseline,0.0125,720575940617306717,later,180.0,1000.0,9.24,-1.32,9.24,-1.32,0.0
baseline,0.0125,720575940617306717,pre_first_20ms,112.01250000000002,132.01250000000002,0.0,0.0,0.0,0.0,0.0
baseline,0.0125,720575940619863125,early,0.0,180.0,0.0,0.0,0.0,0.0,0.0
baseline,0.0125,720575940619863125,later,180.0,1000.0,0.0,0.0,0.0,0.0,0.0
baseline,0.0125,720575940619863125,pre_first_20ms,112.025,132.025,0.0,0.0,0.0,0.0,0.0
baseline,0.0125,720575940616702465,early,0.0,180.0,1.98,0.0,1.98,0.0,0.0
baseline,0.0125,720575940616702465,later,180.0,1000.0,6.93,0.0,6.93,0.0,0.0
baseline,0.0125,720575940616702465,pre_first_20ms,112.07499999999999,132.075,0.0,0.0,0.0,0.0,0.0
baseline,0.0125,720575940617649954,early,0.0,180.0,0.0,0.0,0.0,0.0,0.0
baseline,0.0125,720575940617649954,later,180.0,1000.0,0.0,0.0,0.0,0.0,0.0
baseline,0.0125,720575940617649954,pre_first_20ms,112.30000000000001,132.3,0.0,0.0,0.0,0.0,0.0
baseline,0.0125,720575940620904614,early,0.0,180.0,0.66,0.0,0.66,0.0,0.0
baseline,0.0125,720575940620904614,later,180.0,1000.0,2.31,0.0,2.31,0.0,0.0
baseline,0.0125,720575940620904614,pre_first_20ms,112.47500000000002,132.47500000000002,0.0,0.0,0.0,0.0,0.0
baseline,0.0125,720575940614376615,early,0.0,180.0,2.64,-0.528,2.64,-0.528,0.0
baseline,0.0125,720575940614376615,later,180.0,1000.0,9.24,-1.848,9.24,-1.848,0.0
baseline,0.0125,720575940614376615,pre_first_20ms,112.625,132.625,0.0,0.0,0.0,0.0,0.0
baseline,0.0125,720575940631561676,early,0.0,180.0,40.92,-25.872000000000003,40.92,-25.872000000000003,0.0
baseline,0.0125,720575940631561676,later,180.0,1000.0,143.22000000000003,-90.55200000000002,143.22000000000003,-90.55200000000002,0.0
baseline,0.0125,720575940631561676,pre_first_20ms,112.625,132.625,0.0,0.0,0.0,0.0,0.0
baseline,0.0125,720575940631937042,early,0.0,180.0,2.64,0.0,2.64,0.0,0.0
baseline,0.0125,720575940631937042,later,180.0,1000.0,9.24,-0.7920000000000001,9.24,-0.7920000000000001,0.0
baseline,0.0125,720575940631937042,pre_first_20ms,112.70000000000002,132.70000000000002,0.0,0.0,0.0,0.0,0.0
baseline,0.0125,720575940626003130,early,0.0,180.0,16.5,-4.224,16.5,-4.224,0.0
baseline,0.0125,720575940626003130,later,180.0,1000.0,57.75,-17.16,57.75,-17.16,0.0
baseline,0.0125,720575940626003130,pre_first_20ms,112.73750000000001,132.7375,0.0,0.0,0.0,0.0,0.0
baseline,0.0125,720575940629560770,early,0.0,180.0,23.43,-101.64000000000001,23.43,-101.64000000000001,0.0
baseline,0.0125,720575940629560770,later,180.0,1000.0,79.53,-435.6,79.53,-435.6,0.0
baseline,0.0125,720575940629560770,pre_first_20ms,112.73750000000001,132.7375,0.0,-0.528,0.0,-0.528,0.0
baseline,0.0125,720575940629512314,early,0.0,180.0,3.96,0.0,3.96,0.0,0.0
baseline,0.0125,720575940629512314,later,180.0,1000.0,13.86,-0.528,13.86,-0.528,0.0
baseline,0.0125,720575940629512314,pre_first_20ms,112.8375,132.8375,0.0,0.0,0.0,0.0,0.0
baseline,0.0125,720575940621646668,early,0.0,180.0,0.0,0.0,0.0,0.0,0.0
baseline,0.0125,720575940621646668,later,180.0,1000.0,0.0,0.0,0.0,0.0,0.0
baseline,0.0125,720575940621646668,pre_first_20ms,112.88750000000002,132.88750000000002,0.0,0.0,0.0,0.0,0.0
baseline,0.0125,720575940635517876,early,0.0,180.0,0.66,0.0,0.66,0.0,0.0
baseline,0.0125,720575940635517876,later,180.0,1000.0,2.31,-0.792,2.31,-0.792,0.0
baseline,0.0125,720575940635517876,pre_first_20ms,112.97500000000002,132.97500000000002,0.0,0.0,0.0,0.0,0.0
baseline,0.0125,720575940639355726,early,0.0,180.0,0.66,-1.056,0.66,-1.056,0.0
baseline,0.0125,720575940639355726,later,180.0,1000.0,2.31,-1.056,2.31,-1.056,0.0
baseline,0.0125,720575940639355726,pre_first_20ms,113.17500000000001,133.175,0.0,0.0,0.0,0.0,0.0
baseline,0.0125,720575940624338068,early,0.0,180.0,0.0,0.0,0.0,0.0,0.0
baseline,0.0125,720575940624338068,later,180.0,1000.0,0.0,0.0,0.0,0.0,0.0
baseline,0.0125,720575940624338068,pre_first_20ms,113.30000000000001,133.3,0.0,0.0,0.0,0.0,0.0
baseline,0.0125,720575940634113687,early,0.0,180.0,46.199999999999996,-21.648000000000003,46.199999999999996,-21.648000000000003,0.0
baseline,0.0125,720575940634113687,later,180.0,1000.0,162.02999999999997,-76.56,162.02999999999997,-76.56,0.0
baseline,0.0125,720575940634113687,pre_first_20ms,113.32499999999999,133.325,0.0,0.0,0.0,0.0,0.0
baseline,0.0125,720575940627980955,early,0.0,180.0,13.200000000000001,-2.112,13.200000000000001,-2.112,0.0
baseline,0.0125,720575940627980955,later,180.0,1000.0,46.2,-7.392,46.2,-7.392,0.0
baseline,0.0125,720575940627980955,pre_first_20ms,113.48750000000001,133.4875,0.0,0.0,0.0,0.0,0.0
baseline,0.0125,720575940628695056,early,0.0,180.0,3.3000000000000003,-2.904,3.3000000000000003,-2.904,0.0
baseline,0.0125,720575940628695056,later,180.0,1000.0,11.55,-10.032,11.55,-10.032,0.0
baseline,0.0125,720575940628695056,pre_first_20ms,113.48750000000001,133.4875,0.0,0.0,0.0,0.0,0.0
baseline,0.0125,720575940628682283,early,0.0,180.0,0.0,0.0,0.0,0.0,0.0
baseline,0.0125,720575940628682283,later,180.0,1000.0,0.0,0.0,0.0,0.0,0.0
baseline,0.0125,720575940628682283,pre_first_20ms,113.5375,133.5375,0.0,0.0,0.0,0.0,0.0
baseline,0.0125,720575940612551594,early,0.0,180.0,0.0,0.0,0.0,0.0,0.0
baseline,0.0125,720575940612551594,later,180.0,1000.0,0.0,0.0,0.0,0.0,0.0
baseline,0.0125,720575940612551594,pre_first_20ms,113.5875,133.5875,0.0,0.0,0.0,0.0,0.0
baseline,0.0125,720575940651305718,early,0.0,180.0,0.0,0.0,0.0,0.0,0.0
baseline,0.0125,720575940651305718,later,180.0,1000.0,0.0,0.0,0.0,0.0,0.0
baseline,0.0125,720575940651305718,pre_first_20ms,113.6,133.6,0.0,0.0,0.0,0.0,0.0
baseline,0.0125,720575940620718318,early,0.0,180.0,34.980000000000004,0.0,34.980000000000004,0.0,0.0
baseline,0.0125,720575940620718318,later,180.0,1000.0,117.81000000000002,0.0,117.81000000000002,0.0,0.0
baseline,0.0125,720575940620718318,pre_first_20ms,113.66250000000002,133.66250000000002,0.0,0.0,0.0,0.0,0.0
baseline,0.0125,720575940630552591,early,0.0,180.0,46.53,-13.2,46.53,-13.2,0.0
baseline,0.0125,720575940630552591,later,180.0,1000.0,164.01,-57.816,164.01,-57.816,0.0
baseline,0.0125,720575940630552591,pre_first_20ms,113.775,133.775,0.0,-1.584,0.0,-1.584,0.0
baseline,0.0125,720575940628290307,early,0.0,180.0,1.65,-33.528000000000006,1.65,-33.528000000000006,0.0
baseline,0.0125,720575940628290307,later,180.0,1000.0,2.64,-27.720000000000002,2.64,-27.720000000000002,0.0
baseline,0.0125,720575940628290307,pre_first_20ms,113.80000000000001,133.8,0.33,-0.264,0.33,-0.264,0.0
baseline,0.0125,720575940634752666,early,0.0,180.0,16.5,0.0,16.5,0.0,0.0
baseline,0.0125,720575940634752666,later,180.0,1000.0,57.75,0.0,57.75,0.0,0.0
baseline,0.0125,720575940634752666,pre_first_20ms,113.875,133.875,0.0,0.0,0.0,0.0,0.0
baseline,0.0125,720575940621018977,early,0.0,180.0,0.0,0.0,0.0,0.0,0.0
baseline,0.0125,720575940621018977,later,180.0,1000.0,0.0,0.0,0.0,0.0,0.0
baseline,0.0125,720575940621018977,pre_first_20ms,113.88749999999999,133.8875,0.0,0.0,0.0,0.0,0.0
baseline,0.0125,720575940614789791,early,0.0,180.0,8.58,0.0,8.58,0.0,0.0
baseline,0.0125,720575940614789791,later,180.0,1000.0,30.03,-0.7920000000000001,30.03,-0.7920000000000001,0.0
baseline,0.0125,720575940614789791,pre_first_20ms,114.0,134.0,0.0,0.0,0.0,0.0,0.0
baseline,0.0125,720575940617853986,early,0.0,180.0,0.0,0.0,0.0,0.0,0.0
baseline,0.0125,720575940617853986,later,180.0,1000.0,0.0,0.0,0.0,0.0,0.0
baseline,0.0125,720575940617853986,pre_first_20ms,114.17500000000001,134.175,0.0,0.0,0.0,0.0,0.0
baseline,0.0125,720575940624915435,early,0.0,180.0,4.62,0.0,4.62,0.0,0.0
baseline,0.0125,720575940624915435,later,180.0,1000.0,16.17,0.0,16.17,0.0,0.0
baseline,0.0125,720575940624915435,pre_first_20ms,114.25,134.25,0.0,0.0,0.0,0.0,0.0
baseline,0.0125,720575940605777353,early,0.0,180.0,17.82,-5.808000000000001,17.82,-5.808000000000001,0.0
baseline,0.0125,720575940605777353,later,180.0,1000.0,62.36999999999999,-5.016000000000001,62.36999999999999,-5.016000000000001,0.0
baseline,0.0125,720575940605777353,pre_first_20ms,114.275,134.275,0.0,0.0,0.0,0.0,0.0
baseline,0.0125,720575940610209378,early,0.0,180.0,53.129999999999995,-132.52800000000002,53.129999999999995,-132.52800000000002,0.0
baseline,0.0125,720575940610209378,later,180.0,1000.0,184.47,-617.2320000000001,184.47,-617.2320000000001,0.0
baseline,0.0125,720575940610209378,pre_first_20ms,114.275,134.275,0.0,-12.936,0.0,-12.936,0.0
baseline,0.0125,720575940631673484,early,0.0,180.0,0.0,0.0,0.0,0.0,0.0
baseline,0.0125,720575940631673484,later,180.0,1000.0,0.0,-3.168,0.0,-3.168,0.0
baseline,0.0125,720575940631673484,pre_first_20ms,114.2875,134.2875,0.0,0.0,0.0,0.0,0.0
baseline,0.0125,720575940619917990,early,0.0,180.0,14.520000000000001,0.0,14.520000000000001,0.0,0.0
baseline,0.0125,720575940619917990,later,180.0,1000.0,50.82,-0.264,50.82,-0.264,0.0
baseline,0.0125,720575940619917990,pre_first_20ms,114.30000000000001,134.3,0.0,0.0,0.0,0.0,0.0
baseline,0.0125,720575940628958979,early,0.0,180.0,0.0,0.0,0.0,0.0,0.0
baseline,0.0125,720575940628958979,later,180.0,1000.0,0.0,0.0,0.0,0.0,0.0
baseline,0.0125,720575940628958979,pre_first_20ms,114.32499999999999,134.325,0.0,0.0,0.0,0.0,0.0
baseline,0.0125,720575940629763575,early,0.0,180.0,0.0,0.0,0.0,0.0,0.0
baseline,0.0125,720575940629763575,later,180.0,1000.0,0.0,-3.96,0.0,-3.96,0.0
baseline,0.0125,720575940629763575,pre_first_20ms,114.3375,134.3375,0.0,0.0,0.0,0.0,0.0
baseline,0.0125,720575940632212039,early,0.0,180.0,1.32,0.0,1.32,0.0,0.0
baseline,0.0125,720575940632212039,later,180.0,1000.0,4.62,0.0,4.62,0.0,0.0
baseline,0.0125,720575940632212039,pre_first_20ms,114.36249999999998,134.36249999999998,0.0,0.0,0.0,0.0,0.0
baseline,0.0125,720575940627321674,early,0.0,180.0,1.32,0.0,1.32,0.0,0.0
baseline,0.0125,720575940627321674,later,180.0,1000.0,5.28,-0.264,5.28,-0.264,0.0
baseline,0.0125,720575940627321674,pre_first_20ms,114.47500000000002,134.47500000000002,0.0,0.0,0.0,0.0,0.0
baseline,0.0125,720575940640942837,early,0.0,180.0,9.9,-3.1680000000000006,9.9,-3.1680000000000006,0.0
baseline,0.0125,720575940640942837,later,180.0,1000.0,34.65,-13.992,34.65,-13.992,0.0
baseline,0.0125,720575940640942837,pre_first_20ms,114.5,134.5,0.0,0.0,0.0,0.0,0.0
baseline,0.0125,720575940606726834,early,0.0,180.0,30.360000000000003,-9.504000000000001,30.360000000000003,-9.504000000000001,0.0
baseline,0.0125,720575940606726834,later,180.0,1000.0,103.29,-37.488,103.29,-37.488,0.0
baseline,0.0125,720575940606726834,pre_first_20ms,114.5625,134.5625,0.0,-0.792,0.0,-0.792,0.0
baseline,0.0125,720575940626653309,early,0.0,180.0,0.66,-23.232000000000003,0.66,-23.232000000000003,0.0
baseline,0.0125,720575940626653309,later,180.0,1000.0,2.31,-82.36800000000001,2.31,-82.36800000000001,0.0
baseline,0.0125,720575940626653309,pre_first_20ms,114.625,134.625,0.0,0.0,0.0,0.0,0.0
baseline,0.0125,720575940605495072,early,0.0,180.0,12.54,-54.912,12.54,-54.912,0.0
baseline,0.0125,720575940605495072,later,180.0,1000.0,34.65,-115.89600000000002,34.65,-115.89600000000002,0.0
baseline,0.0125,720575940605495072,pre_first_20ms,114.63749999999999,134.6375,2.97,-1.8480000000000003,2.97,-1.8480000000000003,0.0
baseline,0.0125,720575940628349456,early,0.0,180.0,84.81,-38.544000000000004,84.81,-38.544000000000004,0.0
baseline,0.0125,720575940628349456,later,180.0,1000.0,404.58000000000004,-171.60000000000002,404.58000000000004,-171.60000000000002,0.0
baseline,0.0125,720575940628349456,pre_first_20ms,114.70000000000002,134.70000000000002,1.98,-0.528,1.98,-0.528,0.0
baseline,0.0125,720575940624544748,early,0.0,180.0,3.96,0.0,3.96,0.0,0.0
baseline,0.0125,720575940624544748,later,180.0,1000.0,13.86,-0.528,13.86,-0.528,0.0
baseline,0.0125,720575940624544748,pre_first_20ms,114.7125,134.7125,0.0,0.0,0.0,0.0,0.0
baseline,0.0125,720575940615413435,early,0.0,180.0,45.87,-54.912000000000006,45.87,-54.912000000000006,0.0
baseline,0.0125,720575940615413435,later,180.0,1000.0,162.03000000000003,-163.41600000000003,162.03000000000003,-163.41600000000003,0.0
baseline,0.0125,720575940615413435,pre_first_20ms,114.775,134.775,0.0,0.0,0.0,0.0,0.0
baseline,0.0125,720575940622399190,early,0.0,180.0,27.72,-2.64,27.72,-2.64,0.0
baseline,0.0125,720575940622399190,later,180.0,1000.0,97.02,-9.504,97.02,-9.504,0.0
baseline,0.0125,720575940622399190,pre_first_20ms,114.80000000000001,134.8,0.0,0.0,0.0,0.0,0.0
baseline,0.0125,720575940625419495,early,0.0,180.0,4.29,-11.088,4.29,-11.088,0.0
baseline,0.0125,720575940625419495,later,180.0,1000.0,16.5,-33.263999999999996,16.5,-33.263999999999996,0.0
baseline,0.0125,720575940625419495,pre_first_20ms,114.82499999999999,134.825,0.0,0.0,0.0,0.0,0.0
baseline,0.0125,720575940625926693,early,0.0,180.0,0.0,0.0,0.0,0.0,0.0
baseline,0.0125,720575940625926693,later,180.0,1000.0,0.0,0.0,0.0,0.0,0.0
baseline,0.0125,720575940625926693,pre_first_20ms,114.82499999999999,134.825,0.0,0.0,0.0,0.0,0.0
baseline,0.0125,720575940625990974,early,0.0,180.0,0.0,0.0,0.0,0.0,0.0
baseline,0.0125,720575940625990974,later,180.0,1000.0,0.0,0.0,0.0,0.0,0.0
baseline,0.0125,720575940625990974,pre_first_20ms,114.90000000000003,134.90000000000003,0.0,0.0,0.0,0.0,0.0
baseline,0.0125,720575940622045917,early,0.0,180.0,0.0,-1.32,0.0,-1.32,0.0
baseline,0.0125,720575940622045917,later,180.0,1000.0,0.0,-2.64,0.0,-2.64,0.0
baseline,0.0125,720575940622045917,pre_first_20ms,114.91250000000002,134.91250000000002,0.0,-0.264,0.0,-0.264,0.0
baseline,0.0125,720575940622858534,early,0.0,180.0,0.0,0.0,0.0,0.0,0.0
baseline,0.0125,720575940622858534,later,180.0,1000.0,0.0,0.0,0.0,0.0,0.0
baseline,0.0125,720575940622858534,pre_first_20ms,114.93750000000003,134.93750000000003,0.0,0.0,0.0,0.0,0.0
baseline,0.0125,720575940623199684,early,0.0,180.0,0.66,0.0,0.66,0.0,0.0
baseline,0.0125,720575940623199684,later,180.0,1000.0,2.31,-0.264,2.31,-0.264,0.0
baseline,0.0125,720575940623199684,pre_first_20ms,114.93750000000003,134.93750000000003,0.0,0.0,0.0,0.0,0.0
baseline,0.0125,720575940623088309,early,0.0,180.0,17.16,0.0,17.16,0.0,0.0
baseline,0.0125,720575940623088309,later,180.0,1000.0,60.06,-0.528,60.06,-0.528,0.0
baseline,0.0125,720575940623088309,pre_first_20ms,115.01250000000002,135.01250000000002,0.0,0.0,0.0,0.0,0.0
baseline,0.0125,720575940609674052,early,0.0,180.0,7.26,-5.808000000000001,7.26,-5.808000000000001,0.0
baseline,0.0125,720575940609674052,later,180.0,1000.0,27.72,-16.632,27.72,-16.632,0.0
baseline,0.0125,720575940609674052,pre_first_20ms,115.0875,135.0875,0.0,0.0,0.0,0.0,0.0
baseline,0.0125,720575940626717573,early,0.0,180.0,1.32,-40.656000000000006,1.32,-40.656000000000006,0.0
baseline,0.0125,720575940626717573,later,180.0,1000.0,4.62,-34.58400000000001,4.62,-34.58400000000001,0.0
baseline,0.0125,720575940626717573,pre_first_20ms,115.18750000000003,135.18750000000003,0.0,0.0,0.0,0.0,0.0
baseline,0.0125,720575940626024323,early,0.0,180.0,0.0,-1.056,0.0,-1.056,0.0
baseline,0.0125,720575940626024323,later,180.0,1000.0,0.0,-0.264,0.0,-0.264,0.0
baseline,0.0125,720575940626024323,pre_first_20ms,115.2125,135.2125,0.0,0.0,0.0,0.0,0.0
baseline,0.0125,720575940617549497,early,0.0,180.0,0.66,0.0,0.66,0.0,0.0
baseline,0.0125,720575940617549497,later,180.0,1000.0,2.31,-0.264,2.31,-0.264,0.0
baseline,0.0125,720575940617549497,pre_first_20ms,115.32499999999999,135.325,0.0,0.0,0.0,0.0,0.0
baseline,0.0125,720575940616143989,early,0.0,180.0,0.0,-0.528,0.0,-0.528,0.0
baseline,0.0125,720575940616143989,later,180.0,1000.0,0.0,-2.112,0.0,-2.112,0.0
baseline,0.0125,720575940616143989,pre_first_20ms,115.35,135.35,0.0,0.0,0.0,0.0,0.0
baseline,0.0125,720575940635802223,early,0.0,180.0,0.66,0.0,0.66,0.0,0.0
baseline,0.0125,720575940635802223,later,180.0,1000.0,2.31,0.0,2.31,0.0,0.0
baseline,0.0125,720575940635802223,pre_first_20ms,115.41250000000002,135.41250000000002,0.0,0.0,0.0,0.0,0.0
baseline,0.0125,720575940621201833,early,0.0,180.0,6.6000000000000005,-6.600000000000001,6.6000000000000005,-6.600000000000001,0.0
baseline,0.0125,720575940621201833,later,180.0,1000.0,23.1,-5.016000000000001,23.1,-5.016000000000001,0.0
baseline,0.0125,720575940621201833,pre_first_20ms,115.42500000000001,135.425,0.0,0.0,0.0,0.0,0.0
baseline,0.0125,720575940624430060,early,0.0,180.0,0.0,0.0,0.0,0.0,0.0
baseline,0.0125,720575940624430060,later,180.0,1000.0,0.0,0.0,0.0,0.0,0.0
baseline,0.0125,720575940624430060,pre_first_20ms,115.43750000000003,135.43750000000003,0.0,0.0,0.0,0.0,0.0
baseline,0.0125,720575940638840629,early,0.0,180.0,1.98,-0.528,1.98,-0.528,0.0
baseline,0.0125,720575940638840629,later,180.0,1000.0,6.93,-1.848,6.93,-1.848,0.0
baseline,0.0125,720575940638840629,pre_first_20ms,115.45000000000002,135.45000000000002,0.0,0.0,0.0,0.0,0.0
baseline,0.0125,720575940612185586,early,0.0,180.0,0.0,0.0,0.0,0.0,0.0
baseline,0.0125,720575940612185586,later,180.0,1000.0,0.0,0.0,0.0,0.0,0.0
baseline,0.0125,720575940612185586,pre_first_20ms,115.625,135.625,0.0,0.0,0.0,0.0,0.0
baseline,0.0125,720575940616055858,early,0.0,180.0,2.64,0.0,2.64,0.0,0.0
baseline,0.0125,720575940616055858,later,180.0,1000.0,9.24,0.0,9.24,0.0,0.0
baseline,0.0125,720575940616055858,pre_first_20ms,115.63749999999999,135.6375,0.0,0.0,0.0,0.0,0.0
baseline,0.0125,720575940621213556,early,0.0,180.0,0.0,-8.184000000000001,0.0,-8.184000000000001,0.0
baseline,0.0125,720575940621213556,later,180.0,1000.0,0.0,-5.808,0.0,-5.808,0.0
baseline,0.0125,720575940621213556,pre_first_20ms,115.67500000000001,135.675,0.0,0.0,0.0,0.0,0.0
baseline,0.0125,720575940624100075,early,0.0,180.0,21.12,0.0,21.12,0.0,0.0
baseline,0.0125,720575940624100075,later,180.0,1000.0,80.85,0.0,80.85,0.0,0.0
baseline,0.0125,720575940624100075,pre_first_20ms,115.73750000000001,135.7375,0.0,0.0,0.0,0.0,0.0
baseline,0.0125,720575940606453769,early,0.0,180.0,0.0,-0.264,0.0,-0.264,0.0
baseline,0.0125,720575940606453769,later,180.0,1000.0,0.0,-0.792,0.0,-0.792,0.0
baseline,0.0125,720575940606453769,pre_first_20ms,115.8375,135.8375,0.0,0.0,0.0,0.0,0.0
baseline,0.0125,720575940628602471,early,0.0,180.0,0.0,0.0,0.0,0.0,0.0
baseline,0.0125,720575940628602471,later,180.0,1000.0,0.0,0.0,0.0,0.0,0.0
baseline,0.0125,720575940628602471,pre_first_20ms,115.86250000000001,135.8625,0.0,0.0,0.0,0.0,0.0
baseline,0.0125,720575940621012289,early,0.0,180.0,3.96,0.0,3.96,0.0,0.0
baseline,0.0125,720575940621012289,later,180.0,1000.0,13.86,-4.752000000000001,13.86,-4.752000000000001,0.0
baseline,0.0125,720575940621012289,pre_first_20ms,115.875,135.875,0.0,0.0,0.0,0.0,0.0
baseline,0.0125,720575940620232875,early,0.0,180.0,1.32,0.0,1.32,0.0,0.0
baseline,0.0125,720575940620232875,later,180.0,1000.0,4.62,0.0,4.62,0.0,0.0
baseline,0.0125,720575940620232875,pre_first_20ms,115.9,135.9,0.0,0.0,0.0,0.0,0.0
baseline,0.0125,720575940625118096,early,0.0,180.0,14.52,-6.072,14.52,-6.072,0.0
baseline,0.0125,720575940625118096,later,180.0,1000.0,50.81999999999999,-2.112,50.81999999999999,-2.112,0.0
baseline,0.0125,720575940625118096,pre_first_20ms,115.9,135.9,0.0,0.0,0.0,0.0,0.0
baseline,0.0125,720575940609027523,early,0.0,180.0,3.96,-21.648000000000003,3.96,-21.648000000000003,0.0
baseline,0.0125,720575940609027523,later,180.0,1000.0,13.86,-77.08800000000001,13.86,-77.08800000000001,0.0
baseline,0.0125,720575940609027523,pre_first_20ms,115.93750000000003,135.93750000000003,0.0,0.0,0.0,0.0,0.0
baseline,0.0125,720575940627731206,early,0.0,180.0,51.14999999999999,-2.904,51.14999999999999,-2.904,0.0
baseline,0.0125,720575940627731206,later,180.0,1000.0,176.54999999999998,-9.24,176.54999999999998,-9.24,0.0
baseline,0.0125,720575940627731206,pre_first_20ms,115.9625,135.9625,0.33,-0.528,0.33,-0.528,0.0
baseline,0.0125,720575940622910989,early,0.0,180.0,3.3,0.0,3.3,0.0,0.0
baseline,0.0125,720575940622910989,later,180.0,1000.0,11.55,0.0,11.55,0.0,0.0
baseline,0.0125,720575940622910989,pre_first_20ms,115.97500000000002,135.97500000000002,0.0,0.0,0.0,0.0,0.0
baseline,0.0125,720575940629963068,early,0.0,180.0,1.32,-0.528,1.32,-0.528,0.0
baseline,0.0125,720575940629963068,later,180.0,1000.0,4.62,-3.168,4.62,-3.168,0.0
baseline,0.0125,720575940629963068,pre_first_20ms,115.97500000000002,135.97500000000002,0.0,0.0,0.0,0.0,0.0
baseline,0.0125,720575940642142861,early,0.0,180.0,0.0,0.0,0.0,0.0,0.0
baseline,0.0125,720575940642142861,later,180.0,1000.0,0.0,0.0,0.0,0.0,0.0
baseline,0.0125,720575940642142861,pre_first_20ms,115.97500000000002,135.97500000000002,0.0,0.0,0.0,0.0,0.0
baseline,0.0125,720575940620402345,early,0.0,180.0,0.0,0.0,0.0,0.0,0.0
baseline,0.0125,720575940620402345,later,180.0,1000.0,0.0,0.0,0.0,0.0,0.0
baseline,0.0125,720575940620402345,pre_first_20ms,116.0,136.0,0.0,0.0,0.0,0.0,0.0
baseline,0.0125,720575940612435685,early,0.0,180.0,0.0,0.0,0.0,0.0,0.0
baseline,0.0125,720575940612435685,later,180.0,1000.0,0.0,0.0,0.0,0.0,0.0
baseline,0.0125,720575940612435685,pre_first_20ms,116.025,136.025,0.0,0.0,0.0,0.0,0.0
baseline,0.0125,720575940626199429,early,0.0,180.0,0.0,0.0,0.0,0.0,0.0
baseline,0.0125,720575940626199429,later,180.0,1000.0,0.0,0.0,0.0,0.0,0.0
baseline,0.0125,720575940626199429,pre_first_20ms,116.0625,136.0625,0.0,0.0,0.0,0.0,0.0
baseline,0.0125,720575940613157329,early,0.0,180.0,0.0,0.0,0.0,0.0,0.0
baseline,0.0125,720575940613157329,later,180.0,1000.0,0.0,0.0,0.0,0.0,0.0
baseline,0.0125,720575940613157329,pre_first_20ms,116.07499999999999,136.075,0.0,0.0,0.0,0.0,0.0
baseline,0.0125,720575940639556467,early,0.0,180.0,0.0,0.0,0.0,0.0,0.0
baseline,0.0125,720575940639556467,later,180.0,1000.0,0.0,0.0,0.0,0.0,0.0
baseline,0.0125,720575940639556467,pre_first_20ms,116.15,136.15,0.0,0.0,0.0,0.0,0.0
baseline,0.0125,720575940619954598,early,0.0,180.0,0.0,0.0,0.0,0.0,0.0
baseline,0.0125,720575940619954598,later,180.0,1000.0,0.0,0.0,0.0,0.0,0.0
baseline,0.0125,720575940619954598,pre_first_20ms,116.18750000000003,136.18750000000003,0.0,0.0,0.0,0.0,0.0
baseline,0.0125,720575940621277445,early,0.0,180.0,0.0,0.0,0.0,0.0,0.0
baseline,0.0125,720575940621277445,later,180.0,1000.0,0.0,-1.32,0.0,-1.32,0.0
baseline,0.0125,720575940621277445,pre_first_20ms,116.26250000000002,136.26250000000002,0.0,0.0,0.0,0.0,0.0
baseline,0.0125,720575940611985265,early,0.0,180.0,17.82,-17.424000000000003,17.82,-17.424000000000003,0.0
baseline,0.0125,720575940611985265,later,180.0,1000.0,63.69,-52.800000000000004,63.69,-52.800000000000004,0.0
baseline,0.0125,720575940611985265,pre_first_20ms,116.3125,136.3125,0.0,-0.7920000000000001,0.0,-0.7920000000000001,0.0
baseline,0.0125,720575940623703757,early,0.0,180.0,12.54,-13.200000000000001,12.54,-13.200000000000001,0.0
baseline,0.0125,720575940623703757,later,180.0,1000.0,47.52000000000001,-61.24800000000002,47.52000000000001,-61.24800000000002,0.0
baseline,0.0125,720575940623703757,pre_first_20ms,116.3125,136.3125,0.0,-0.528,0.0,-0.528,0.0
baseline,0.0125,720575940642193549,early,0.0,180.0,3.96,-3.6960000000000006,3.96,-3.6960000000000006,0.0
baseline,0.0125,720575940642193549,later,180.0,1000.0,13.86,-10.824,13.86,-10.824,0.0
baseline,0.0125,720575940642193549,pre_first_20ms,116.36250000000001,136.3625,0.0,0.0,0.0,0.0,0.0
baseline,0.0125,720575940641560205,early,0.0,180.0,15.840000000000002,-2.9040000000000004,15.840000000000002,-2.9040000000000004,0.0
baseline,0.0125,720575940641560205,later,180.0,1000.0,55.440000000000005,-1.5840000000000003,55.440000000000005,-1.5840000000000003,0.0
baseline,0.0125,720575940641560205,pre_first_20ms,116.375,136.375,0.0,0.0,0.0,0.0,0.0
baseline,0.0125,720575940622770410,early,0.0,180.0,19.14,-0.528,19.14,-0.528,0.0
baseline,0.0125,720575940622770410,later,180.0,1000.0,66.99000000000001,-1.848,66.99000000000001,-1.848,0.0
baseline,0.0125,720575940622770410,pre_first_20ms,116.4,136.4,0.0,0.0,0.0,0.0,0.0
baseline,0.0125,720575940630523407,early,0.0,180.0,4.62,0.0,4.62,0.0,0.0
baseline,0.0125,720575940630523407,later,180.0,1000.0,17.490000000000002,-1.32,17.490000000000002,-1.32,0.0
baseline,0.0125,720575940630523407,pre_first_20ms,116.4,136.4,0.0,0.0,0.0,0.0,0.0
baseline,0.0125,720575940626567178,early,0.0,180.0,0.0,0.0,0.0,0.0,0.0
baseline,0.0125,720575940626567178,later,180.0,1000.0,0.0,0.0,0.0,0.0,0.0
baseline,0.0125,720575940626567178,pre_first_20ms,116.5,136.5,0.0,0.0,0.0,0.0,0.0
baseline,0.0125,720575940631107139,early,0.0,180.0,54.12,-18.216,54.12,-18.216,0.0
baseline,0.0125,720575940631107139,later,180.0,1000.0,189.42,-74.976,189.42,-74.976,0.0
baseline,0.0125,720575940631107139,pre_first_20ms,116.51250000000002,136.51250000000002,0.0,0.0,0.0,0.0,0.0
baseline,0.0125,720575940610562969,early,0.0,180.0,0.0,0.0,0.0,0.0,0.0
baseline,0.0125,720575940610562969,later,180.0,1000.0,0.0,0.0,0.0,0.0,0.0
baseline,0.0125,720575940610562969,pre_first_20ms,116.525,136.525,0.0,0.0,0.0,0.0,0.0
baseline,0.0125,720575940630765253,early,0.0,180.0,0.0,0.0,0.0,0.0,0.0
baseline,0.0125,720575940630765253,later,180.0,1000.0,0.0,0.0,0.0,0.0,0.0
baseline,0.0125,720575940630765253,pre_first_20ms,116.55000000000001,136.55,0.0,0.0,0.0,0.0,0.0
baseline,0.0125,720575940617786525,early,0.0,180.0,0.0,0.0,0.0,0.0,0.0
baseline,0.0125,720575940617786525,later,180.0,1000.0,0.0,0.0,0.0,0.0,0.0
baseline,0.0125,720575940617786525,pre_first_20ms,116.63749999999999,136.6375,0.0,0.0,0.0,0.0,0.0
baseline,0.0125,720575940630622250,early,0.0,180.0,0.0,0.0,0.0,0.0,0.0
baseline,0.0125,720575940630622250,later,180.0,1000.0,0.0,0.0,0.0,0.0,0.0
baseline,0.0125,720575940630622250,pre_first_20ms,116.63749999999999,136.6375,0.0,0.0,0.0,0.0,0.0
baseline,0.0125,720575940631997101,early,0.0,180.0,0.0,0.0,0.0,0.0,0.0
baseline,0.0125,720575940631997101,later,180.0,1000.0,0.0,-0.528,0.0,-0.528,0.0
baseline,0.0125,720575940631997101,pre_first_20ms,116.67500000000001,136.675,0.0,0.0,0.0,0.0,0.0
baseline,0.0125,720575940617493460,early,0.0,180.0,0.0,0.0,0.0,0.0,0.0
baseline,0.0125,720575940617493460,later,180.0,1000.0,0.0,0.0,0.0,0.0,0.0
baseline,0.0125,720575940617493460,pre_first_20ms,116.7125,136.7125,0.0,0.0,0.0,0.0,0.0
baseline,0.0125,720575940610647416,early,0.0,180.0,0.0,0.0,0.0,0.0,0.0
baseline,0.0125,720575940610647416,later,180.0,1000.0,0.0,0.0,0.0,0.0,0.0
baseline,0.0125,720575940610647416,pre_first_20ms,116.72500000000002,136.72500000000002,0.0,0.0,0.0,0.0,0.0
baseline,0.0125,720575940626034777,early,0.0,180.0,0.0,0.0,0.0,0.0,0.0
baseline,0.0125,720575940626034777,later,180.0,1000.0,0.0,0.0,0.0,0.0,0.0
baseline,0.0125,720575940626034777,pre_first_20ms,116.775,136.775,0.0,0.0,0.0,0.0,0.0
baseline,0.0125,720575940620769133,early,0.0,180.0,0.0,0.0,0.0,0.0,0.0
baseline,0.0125,720575940620769133,later,180.0,1000.0,0.0,0.0,0.0,0.0,0.0
baseline,0.0125,720575940620769133,pre_first_20ms,116.7875,136.7875,0.0,0.0,0.0,0.0,0.0
baseline,0.0125,720575940632118343,early,0.0,180.0,2.64,0.0,2.64,0.0,0.0
baseline,0.0125,720575940632118343,later,180.0,1000.0,9.24,0.0,9.24,0.0,0.0
baseline,0.0125,720575940632118343,pre_first_20ms,116.86250000000001,136.8625,0.0,0.0,0.0,0.0,0.0
baseline,0.0125,720575940623460622,early,0.0,180.0,0.0,0.0,0.0,0.0,0.0
baseline,0.0125,720575940623460622,later,180.0,1000.0,0.0,0.0,0.0,0.0,0.0
baseline,0.0125,720575940623460622,pre_first_20ms,116.98750000000001,136.9875,0.0,0.0,0.0,0.0,0.0
baseline,0.0125,720575940630354169,early,0.0,180.0,0.0,0.0,0.0,0.0,0.0
baseline,0.0125,720575940630354169,later,180.0,1000.0,0.0,0.0,0.0,0.0,0.0
baseline,0.0125,720575940630354169,pre_first_20ms,116.98750000000001,136.9875,0.0,0.0,0.0,0.0,0.0
baseline,0.0125,720575940628716926,early,0.0,180.0,0.66,-1.056,0.66,-1.056,0.0
baseline,0.0125,720575940628716926,later,180.0,1000.0,2.31,-6.336,2.31,-6.336,0.0
baseline,0.0125,720575940628716926,pre_first_20ms,117.0,137.0,0.0,0.0,0.0,0.0,0.0
baseline,0.0125,720575940606112457,early,0.0,180.0,105.27000000000001,-186.38400000000001,105.27000000000001,-186.38400000000001,0.0
baseline,0.0125,720575940606112457,later,180.0,1000.0,440.54999999999995,-638.6160000000001,440.54999999999995,-638.6160000000001,0.0
baseline,0.0125,720575940606112457,pre_first_20ms,117.01250000000002,137.01250000000002,0.66,-0.264,0.66,-0.264,0.0
baseline,0.0125,720575940630600775,early,0.0,180.0,0.0,0.0,0.0,0.0,0.0
baseline,0.0125,720575940630600775,later,180.0,1000.0,0.0,0.0,0.0,0.0,0.0
baseline,0.0125,720575940630600775,pre_first_20ms,117.01250000000002,137.01250000000002,0.0,0.0,0.0,0.0,0.0
baseline,0.0125,720575940620018964,early,0.0,180.0,0.0,0.0,0.0,0.0,0.0
baseline,0.0125,720575940620018964,later,180.0,1000.0,0.0,0.0,0.0,0.0,0.0
baseline,0.0125,720575940620018964,pre_first_20ms,117.07499999999999,137.075,0.0,0.0,0.0,0.0,0.0
baseline,0.0125,720575940638650483,early,0.0,180.0,0.0,0.0,0.0,0.0,0.0
baseline,0.0125,720575940638650483,later,180.0,1000.0,0.0,0.0,0.0,0.0,0.0
baseline,0.0125,720575940638650483,pre_first_20ms,117.0875,137.0875,0.0,0.0,0.0,0.0,0.0
baseline,0.0125,720575940620689517,early,0.0,180.0,7.92,-8.184000000000001,7.92,-8.184000000000001,0.0
baseline,0.0125,720575940620689517,later,180.0,1000.0,29.699999999999996,-4.488,29.699999999999996,-4.488,0.0
baseline,0.0125,720575940620689517,pre_first_20ms,117.20000000000002,137.20000000000002,0.0,0.0,0.0,0.0,0.0
baseline,0.0125,720575940624058516,early,0.0,180.0,7.920000000000001,-1.8480000000000003,7.920000000000001,-1.8480000000000003,0.0
baseline,0.0125,720575940624058516,later,180.0,1000.0,29.700000000000003,-3.4320000000000004,29.700000000000003,-3.4320000000000004,0.0
baseline,0.0125,720575940624058516,pre_first_20ms,117.20000000000002,137.20000000000002,0.0,0.0,0.0,0.0,0.0
baseline,0.0125,720575940614206866,early,0.0,180.0,0.0,0.0,0.0,0.0,0.0
baseline,0.0125,720575940614206866,later,180.0,1000.0,0.0,0.0,0.0,0.0,0.0
baseline,0.0125,720575940614206866,pre_first_20ms,117.22500000000002,137.22500000000002,0.0,0.0,0.0,0.0,0.0
baseline,0.0125,720575940623059443,early,0.0,180.0,0.0,0.0,0.0,0.0,0.0
baseline,0.0125,720575940623059443,later,180.0,1000.0,0.0,0.0,0.0,0.0,0.0
baseline,0.0125,720575940623059443,pre_first_20ms,117.22500000000002,137.22500000000002,0.0,0.0,0.0,0.0,0.0
baseline,0.0125,720575940623650823,early,0.0,180.0,0.0,0.0,0.0,0.0,0.0
baseline,0.0125,720575940623650823,later,180.0,1000.0,0.0,0.0,0.0,0.0,0.0
baseline,0.0125,720575940623650823,pre_first_20ms,117.23750000000001,137.2375,0.0,0.0,0.0,0.0,0.0
baseline,0.0125,720575940625479426,early,0.0,180.0,0.0,0.0,0.0,0.0,0.0
baseline,0.0125,720575940625479426,later,180.0,1000.0,0.0,-1.8480000000000003,0.0,-1.8480000000000003,0.0
baseline,0.0125,720575940625479426,pre_first_20ms,117.23750000000001,137.2375,0.0,0.0,0.0,0.0,0.0
baseline,0.0125,720575940614067921,early,0.0,180.0,3.3,-1.5840000000000003,3.3,-1.5840000000000003,0.0
baseline,0.0125,720575940614067921,later,180.0,1000.0,12.870000000000001,-5.5440000000000005,12.870000000000001,-5.5440000000000005,0.0
baseline,0.0125,720575940614067921,pre_first_20ms,117.25,137.25,0.0,0.0,0.0,0.0,0.0
baseline,0.0125,720575940622515165,early,0.0,180.0,5.28,-21.912000000000006,5.28,-21.912000000000006,0.0
baseline,0.0125,720575940622515165,later,180.0,1000.0,18.48,-25.34400000000001,18.48,-25.34400000000001,0.0
baseline,0.0125,720575940622515165,pre_first_20ms,117.25,137.25,0.0,0.0,0.0,0.0,0.0
baseline,0.0125,720575940614159010,early,0.0,180.0,0.0,0.0,0.0,0.0,0.0
baseline,0.0125,720575940614159010,later,180.0,1000.0,0.0,0.0,0.0,0.0,0.0
baseline,0.0125,720575940614159010,pre_first_20ms,117.3125,137.3125,0.0,0.0,0.0,0.0,0.0
baseline,0.0125,720575940629050234,early,0.0,180.0,0.0,0.0,0.0,0.0,0.0
baseline,0.0125,720575940629050234,later,180.0,1000.0,0.0,0.0,0.0,0.0,0.0
baseline,0.0125,720575940629050234,pre_first_20ms,117.32499999999999,137.325,0.0,0.0,0.0,0.0,0.0
baseline,0.0125,720575940647328900,early,0.0,180.0,0.0,0.0,0.0,0.0,0.0
baseline,0.0125,720575940647328900,later,180.0,1000.0,0.0,0.0,0.0,0.0,0.0
baseline,0.0125,720575940647328900,pre_first_20ms,117.36250000000001,137.3625,0.0,0.0,0.0,0.0,0.0
baseline,0.0125,720575940617577702,early,0.0,180.0,0.0,0.0,0.0,0.0,0.0
baseline,0.0125,720575940617577702,later,180.0,1000.0,0.0,0.0,0.0,0.0,0.0
baseline,0.0125,720575940617577702,pre_first_20ms,117.375,137.375,0.0,0.0,0.0,0.0,0.0
baseline,0.0125,720575940618130625,early,0.0,180.0,17.16,-2.3760000000000003,17.16,-2.3760000000000003,0.0
baseline,0.0125,720575940618130625,later,180.0,1000.0,60.06,-1.8480000000000003,60.06,-1.8480000000000003,0.0
baseline,0.0125,720575940618130625,pre_first_20ms,117.375,137.375,0.0,0.0,0.0,0.0,0.0
baseline,0.0125,720575940617100985,early,0.0,180.0,6.930000000000001,-39.072,6.930000000000001,-39.072,0.0
baseline,0.0125,720575940617100985,later,180.0,1000.0,23.099999999999998,-93.72,23.099999999999998,-93.72,0.0
baseline,0.0125,720575940617100985,pre_first_20ms,117.38749999999999,137.3875,0.33,-2.6400000000000006,0.33,-2.6400000000000006,0.0
baseline,0.0125,720575940626524056,early,0.0,180.0,30.36,-13.464000000000002,30.36,-13.464000000000002,0.0
baseline,0.0125,720575940626524056,later,180.0,1000.0,106.26000000000002,-46.464000000000006,106.26000000000002,-46.464000000000006,0.0
baseline,0.0125,720575940626524056,pre_first_20ms,117.38749999999999,137.3875,0.0,0.0,0.0,0.0,0.0
baseline,0.0125,720575940647380356,early,0.0,180.0,0.0,0.0,0.0,0.0,0.0
baseline,0.0125,720575940647380356,later,180.0,1000.0,0.0,0.0,0.0,0.0,0.0
baseline,0.0125,720575940647380356,pre_first_20ms,117.4125,137.4125,0.0,0.0,0.0,0.0,0.0
baseline,0.0125,720575940635776101,early,0.0,180.0,0.0,-1.056,0.0,-1.056,0.0
baseline,0.0125,720575940635776101,later,180.0,1000.0,0.0,-3.696,0.0,-3.696,0.0
baseline,0.0125,720575940635776101,pre_first_20ms,117.42500000000001,137.425,0.0,0.0,0.0,0.0,0.0
baseline,0.0125,720575940617573922,early,0.0,180.0,0.0,0.0,0.0,0.0,0.0
baseline,0.0125,720575940617573922,later,180.0,1000.0,0.0,0.0,0.0,0.0,0.0
baseline,0.0125,720575940617573922,pre_first_20ms,117.43750000000003,137.43750000000003,0.0,0.0,0.0,0.0,0.0
baseline,0.0125,720575940627635441,early,0.0,180.0,1.98,-0.528,1.98,-0.528,0.0
baseline,0.0125,720575940627635441,later,180.0,1000.0,6.93,-1.848,6.93,-1.848,0.0
baseline,0.0125,720575940627635441,pre_first_20ms,117.47500000000002,137.47500000000002,0.0,0.0,0.0,0.0,0.0
baseline,0.0125,720575940610536494,early,0.0,180.0,0.0,0.0,0.0,0.0,0.0
baseline,0.0125,720575940610536494,later,180.0,1000.0,0.0,0.0,0.0,0.0,0.0
baseline,0.0125,720575940610536494,pre_first_20ms,117.48750000000001,137.4875,0.0,0.0,0.0,0.0,0.0
baseline,0.0125,720575940619736523,early,0.0,180.0,36.629999999999995,-5.808,36.629999999999995,-5.808,0.0
baseline,0.0125,720575940619736523,later,180.0,1000.0,135.95999999999998,-27.456,135.95999999999998,-27.456,0.0
baseline,0.0125,720575940619736523,pre_first_20ms,117.625,137.625,0.0,0.0,0.0,0.0,0.0
baseline,0.0125,720575940642897293,early,0.0,180.0,1.98,-0.528,1.98,-0.528,0.0
baseline,0.0125,720575940642897293,later,180.0,1000.0,6.93,-1.848,6.93,-1.848,0.0
baseline,0.0125,720575940642897293,pre_first_20ms,117.625,137.625,0.0,0.0,0.0,0.0,0.0
baseline,0.0125,720575940628694019,early,0.0,180.0,9.24,-199.05600000000004,9.24,-199.05600000000004,0.0
baseline,0.0125,720575940628694019,later,180.0,1000.0,30.36,-974.4240000000003,30.36,-974.4240000000003,0.0
baseline,0.0125,720575940628694019,pre_first_20ms,117.63749999999999,137.6375,0.0,-12.408000000000001,0.0,-12.408000000000001,0.0
baseline,0.0125,720575940629909751,early,0.0,180.0,0.0,0.0,0.0,0.0,0.0
baseline,0.0125,720575940629909751,later,180.0,1000.0,0.0,0.0,0.0,0.0,0.0
baseline,0.0125,720575940629909751,pre_first_20ms,117.65,137.65,0.0,0.0,0.0,0.0,0.0
baseline,0.0125,720575940620777382,early,0.0,180.0,59.4,-104.54400000000001,59.4,-104.54400000000001,0.0
baseline,0.0125,720575940620777382,later,180.0,1000.0,222.42000000000002,-559.9440000000001,222.42000000000002,-559.9440000000001,0.0
baseline,0.0125,720575940620777382,pre_first_20ms,117.6625,137.6625,0.0,-5.5440000000000005,0.0,-5.5440000000000005,0.0
baseline,0.0125,720575940610167665,early,0.0,180.0,0.0,0.0,0.0,0.0,0.0
baseline,0.0125,720575940610167665,later,180.0,1000.0,0.0,0.0,0.0,0.0,0.0
baseline,0.0125,720575940610167665,pre_first_20ms,117.67500000000001,137.675,0.0,0.0,0.0,0.0,0.0
baseline,0.0125,720575940605032550,early,0.0,180.0,0.0,0.0,0.0,0.0,0.0
baseline,0.0125,720575940605032550,later,180.0,1000.0,0.0,0.0,0.0,0.0,0.0
baseline,0.0125,720575940605032550,pre_first_20ms,117.76250000000002,137.76250000000002,0.0,0.0,0.0,0.0,0.0
baseline,0.0125,720575940625766842,early,0.0,180.0,0.0,0.0,0.0,0.0,0.0
baseline,0.0125,720575940625766842,later,180.0,1000.0,0.0,0.0,0.0,0.0,0.0
baseline,0.0125,720575940625766842,pre_first_20ms,117.76250000000002,137.76250000000002,0.0,0.0,0.0,0.0,0.0
baseline,0.0125,720575940632732845,early,0.0,180.0,0.0,0.0,0.0,0.0,0.0
baseline,0.0125,720575940632732845,later,180.0,1000.0,0.0,0.0,0.0,0.0,0.0
baseline,0.0125,720575940632732845,pre_first_20ms,117.76250000000002,137.76250000000002,0.0,0.0,0.0,0.0,0.0
baseline,0.0125,720575940634480820,early,0.0,180.0,10.56,0.0,10.56,0.0,0.0
baseline,0.0125,720575940634480820,later,180.0,1000.0,36.96,0.0,36.96,0.0,0.0
baseline,0.0125,720575940634480820,pre_first_20ms,117.76250000000002,137.76250000000002,0.0,0.0,0.0,0.0,0.0
baseline,0.0125,720575940619571009,early,0.0,180.0,0.0,0.0,0.0,0.0,0.0
baseline,0.0125,720575940619571009,later,180.0,1000.0,0.0,0.0,0.0,0.0,0.0
baseline,0.0125,720575940619571009,pre_first_20ms,117.88749999999999,137.8875,0.0,0.0,0.0,0.0,0.0
baseline,0.0125,720575940628050950,early,0.0,180.0,7.260000000000001,-0.528,7.260000000000001,-0.528,0.0
baseline,0.0125,720575940628050950,later,180.0,1000.0,26.07,-2.3760000000000003,26.07,-2.3760000000000003,0.0
baseline,0.0125,720575940628050950,pre_first_20ms,117.88749999999999,137.8875,0.0,0.0,0.0,0.0,0.0
baseline,0.0125,720575940626323486,early,0.0,180.0,25.740000000000002,-24.288,25.740000000000002,-24.288,0.0
baseline,0.0125,720575940626323486,later,180.0,1000.0,90.09,-85.00800000000001,90.09,-85.00800000000001,0.0
baseline,0.0125,720575940626323486,pre_first_20ms,117.9125,137.9125,0.0,0.0,0.0,0.0,0.0
baseline,0.0125,720575940659773313,early,0.0,180.0,0.0,0.0,0.0,0.0,0.0
baseline,0.0125,720575940659773313,later,180.0,1000.0,0.0,0.0,0.0,0.0,0.0
baseline,0.0125,720575940659773313,pre_first_20ms,117.9625,137.9625,0.0,0.0,0.0,0.0,0.0
baseline,0.0125,720575940625498512,early,0.0,180.0,1.98,0.0,1.98,0.0,0.0
baseline,0.0125,720575940625498512,later,180.0,1000.0,6.93,0.0,6.93,0.0,0.0
baseline,0.0125,720575940625498512,pre_first_20ms,117.97500000000002,137.97500000000002,0.0,0.0,0.0,0.0,0.0
baseline,0.0125,720575940626705937,early,0.0,180.0,15.18,-1.5840000000000003,15.18,-1.5840000000000003,0.0
baseline,0.0125,720575940626705937,later,180.0,1000.0,53.13000000000001,-5.5440000000000005,53.13000000000001,-5.5440000000000005,0.0
baseline,0.0125,720575940626705937,pre_first_20ms,118.0,138.0,0.0,0.0,0.0,0.0,0.0
baseline,0.0125,720575940615763573,early,0.0,180.0,5.28,-0.264,5.28,-0.264,0.0
baseline,0.0125,720575940615763573,later,180.0,1000.0,21.12,-1.32,21.12,-1.32,0.0
baseline,0.0125,720575940615763573,pre_first_20ms,118.13749999999999,138.1375,0.0,0.0,0.0,0.0,0.0
baseline,0.0125,720575940637711686,early,0.0,180.0,52.46999999999999,-88.17600000000002,52.46999999999999,-88.17600000000002,0.0
baseline,0.0125,720575940637711686,later,180.0,1000.0,183.48,-360.8880000000001,183.48,-360.8880000000001,0.0
baseline,0.0125,720575940637711686,pre_first_20ms,118.13749999999999,138.1375,0.0,-3.168,0.0,-3.168,0.0
baseline,0.0125,720575940635146848,early,0.0,180.0,29.700000000000003,-54.384,29.700000000000003,-54.384,0.0
baseline,0.0125,720575940635146848,later,180.0,1000.0,103.61999999999999,-175.296,103.61999999999999,-175.296,0.0
baseline,0.0125,720575940635146848,pre_first_20ms,118.15,138.15,0.0,-3.6960000000000006,0.0,-3.6960000000000006,0.0
baseline,0.0125,720575940630040438,early,0.0,180.0,3.3,-38.28,3.3,-38.28,0.0
baseline,0.0125,720575940630040438,later,180.0,1000.0,8.91,-72.072,8.91,-72.072,0.0
baseline,0.0125,720575940630040438,pre_first_20ms,118.1625,138.1625,0.66,-2.112,0.66,-2.112,0.0
baseline,0.0125,720575940622018217,early,0.0,180.0,56.42999999999999,-140.71200000000002,56.42999999999999,-140.71200000000002,0.0
baseline,0.0125,720575940622018217,later,180.0,1000.0,206.91,-276.4080000000001,206.91,-276.4080000000001,0.0
baseline,0.0125,720575940622018217,pre_first_20ms,118.17500000000001,138.175,0.0,0.0,0.0,0.0,0.0
baseline,0.0125,720575940619401296,early,0.0,180.0,0.0,-1.056,0.0,-1.056,0.0
baseline,0.0125,720575940619401296,later,180.0,1000.0,0.0,-4.752000000000001,0.0,-4.752000000000001,0.0
baseline,0.0125,720575940619401296,pre_first_20ms,118.20000000000002,138.20000000000002,0.0,0.0,0.0,0.0,0.0
baseline,0.0125,720575940623525770,early,0.0,180.0,0.0,-0.528,0.0,-0.528,0.0
baseline,0.0125,720575940623525770,later,180.0,1000.0,0.0,0.0,0.0,0.0,0.0
baseline,0.0125,720575940623525770,pre_first_20ms,118.25,138.25,0.0,0.0,0.0,0.0,0.0
baseline,0.0125,720575940628697538,early,0.0,180.0,0.0,0.0,0.0,0.0,0.0
baseline,0.0125,720575940628697538,later,180.0,1000.0,0.0,0.0,0.0,0.0,0.0
baseline,0.0125,720575940628697538,pre_first_20ms,118.26250000000002,138.26250000000002,0.0,0.0,0.0,0.0,0.0
baseline,0.0125,720575940613973555,early,0.0,180.0,0.0,0.0,0.0,0.0,0.0
baseline,0.0125,720575940613973555,later,180.0,1000.0,0.0,0.0,0.0,0.0,0.0
baseline,0.0125,720575940613973555,pre_first_20ms,118.275,138.275,0.0,0.0,0.0,0.0,0.0
baseline,0.0125,720575940611606490,early,0.0,180.0,0.0,0.0,0.0,0.0,0.0
baseline,0.0125,720575940611606490,later,180.0,1000.0,0.0,0.0,0.0,0.0,0.0
baseline,0.0125,720575940611606490,pre_first_20ms,118.2875,138.2875,0.0,0.0,0.0,0.0,0.0
baseline,0.0125,720575940630190411,early,0.0,180.0,16.5,0.0,16.5,0.0,0.0
baseline,0.0125,720575940630190411,later,180.0,1000.0,57.75,-0.528,57.75,-0.528,0.0
baseline,0.0125,720575940630190411,pre_first_20ms,118.3375,138.3375,0.0,0.0,0.0,0.0,0.0
baseline,0.0125,720575940646415907,early,0.0,180.0,0.0,0.0,0.0,0.0,0.0
baseline,0.0125,720575940646415907,later,180.0,1000.0,0.0,0.0,0.0,0.0,0.0
baseline,0.0125,720575940646415907,pre_first_20ms,118.375,138.375,0.0,0.0,0.0,0.0,0.0
baseline,0.0125,720575940614441834,early,0.0,180.0,30.689999999999998,-44.616,30.689999999999998,-44.616,0.0
baseline,0.0125,720575940614441834,later,180.0,1000.0,108.57000000000001,-180.57600000000002,108.57000000000001,-180.57600000000002,0.0
baseline,0.0125,720575940614441834,pre_first_20ms,118.43750000000003,138.43750000000003,0.0,0.0,0.0,0.0,0.0
baseline,0.0125,720575940629830700,early,0.0,180.0,0.33,-0.528,0.33,-0.528,0.0
baseline,0.0125,720575940629830700,later,180.0,1000.0,0.66,-2.112,0.66,-2.112,0.0
baseline,0.0125,720575940629830700,pre_first_20ms,118.47500000000002,138.47500000000002,0.0,0.0,0.0,0.0,0.0
baseline,0.0125,720575940612549799,early,0.0,180.0,0.0,0.0,0.0,0.0,0.0
baseline,0.0125,720575940612549799,later,180.0,1000.0,0.0,0.0,0.0,0.0,0.0
baseline,0.0125,720575940612549799,pre_first_20ms,118.5375,138.5375,0.0,0.0,0.0,0.0,0.0
baseline,0.0125,720575940631989841,early,0.0,180.0,0.0,0.0,0.0,0.0,0.0
baseline,0.0125,720575940631989841,later,180.0,1000.0,0.0,0.0,0.0,0.0,0.0
baseline,0.0125,720575940631989841,pre_first_20ms,118.55000000000001,138.55,0.0,0.0,0.0,0.0,0.0
baseline,0.0125,720575940625768394,early,0.0,180.0,11.22,-0.528,11.22,-0.528,0.0
baseline,0.0125,720575940625768394,later,180.0,1000.0,39.27,-1.848,39.27,-1.848,0.0
baseline,0.0125,720575940625768394,pre_first_20ms,118.625,138.625,0.0,0.0,0.0,0.0,0.0
baseline,0.0125,720575940628118159,early,0.0,180.0,0.0,0.0,0.0,0.0,0.0
baseline,0.0125,720575940628118159,later,180.0,1000.0,0.0,0.0,0.0,0.0,0.0
baseline,0.0125,720575940628118159,pre_first_20ms,118.67500000000001,138.675,0.0,0.0,0.0,0.0,0.0
baseline,0.0125,720575940632804435,early,0.0,180.0,27.72,-96.624,27.72,-96.624,0.0
baseline,0.0125,720575940632804435,later,180.0,1000.0,128.36999999999998,-418.17600000000004,128.36999999999998,-418.17600000000004,0.0
baseline,0.0125,720575940632804435,pre_first_20ms,118.75,138.75,0.0,0.0,0.0,0.0,0.0
baseline,0.0125,720575940612395178,early,0.0,180.0,1.98,-1.3200000000000003,1.98,-1.3200000000000003,0.0
baseline,0.0125,720575940612395178,later,180.0,1000.0,6.93,-2.3760000000000003,6.93,-2.3760000000000003,0.0
baseline,0.0125,720575940612395178,pre_first_20ms,118.82500000000002,138.82500000000002,0.0,0.0,0.0,0.0,0.0
baseline,0.0125,720575940620904319,early,0.0,180.0,0.0,0.0,0.0,0.0,0.0
baseline,0.0125,720575940620904319,later,180.0,1000.0,0.0,0.0,0.0,0.0,0.0
baseline,0.0125,720575940620904319,pre_first_20ms,118.82500000000002,138.82500000000002,0.0,0.0,0.0,0.0,0.0
baseline,0.0125,720575940608336907,early,0.0,180.0,0.0,0.0,0.0,0.0,0.0
baseline,0.0125,720575940608336907,later,180.0,1000.0,0.0,0.0,0.0,0.0,0.0
baseline,0.0125,720575940608336907,pre_first_20ms,118.9125,138.9125,0.0,0.0,0.0,0.0,0.0
baseline,0.0125,720575940620759841,early,0.0,180.0,28.71,-71.54400000000001,28.71,-71.54400000000001,0.0
baseline,0.0125,720575940620759841,later,180.0,1000.0,99.99000000000001,-323.66400000000004,99.99000000000001,-323.66400000000004,0.0
baseline,0.0125,720575940620759841,pre_first_20ms,118.9125,138.9125,0.0,-3.4320000000000004,0.0,-3.4320000000000004,0.0
baseline,0.0125,720575940625054906,early,0.0,180.0,0.33,-63.360000000000014,0.33,-63.360000000000014,0.0
baseline,0.0125,720575940625054906,later,180.0,1000.0,0.33,-157.608,0.33,-157.608,0.0
baseline,0.0125,720575940625054906,pre_first_20ms,118.95000000000002,138.95000000000002,0.0,-3.4320000000000004,0.0,-3.4320000000000004,0.0
baseline,0.0125,720575940621503220,early,0.0,180.0,0.66,0.0,0.66,0.0,0.0
baseline,0.0125,720575940621503220,later,180.0,1000.0,2.31,0.0,2.31,0.0,0.0
baseline,0.0125,720575940621503220,pre_first_20ms,118.97500000000002,138.97500000000002,0.0,0.0,0.0,0.0,0.0
baseline,0.0125,720575940627374598,early,0.0,180.0,0.0,-23.760000000000005,0.0,-23.760000000000005,0.0
baseline,0.0125,720575940627374598,later,180.0,1000.0,0.0,-47.52000000000001,0.0,-47.52000000000001,0.0
baseline,0.0125,720575940627374598,pre_first_20ms,118.98750000000001,138.9875,0.0,-4.752000000000001,0.0,-4.752000000000001,0.0
baseline,0.0125,720575940622855629,early,0.0,180.0,0.66,0.0,0.66,0.0,0.0
baseline,0.0125,720575940622855629,later,180.0,1000.0,2.31,0.0,2.31,0.0,0.0
baseline,0.0125,720575940622855629,pre_first_20ms,119.01250000000002,139.01250000000002,0.0,0.0,0.0,0.0,0.0
baseline,0.0125,720575940636488805,early,0.0,180.0,0.0,0.0,0.0,0.0,0.0
baseline,0.0125,720575940636488805,later,180.0,1000.0,0.0,0.0,0.0,0.0,0.0
baseline,0.0125,720575940636488805,pre_first_20ms,119.1,139.1,0.0,0.0,0.0,0.0,0.0
baseline,0.0125,720575940607447491,early,0.0,180.0,41.91,-2.112,41.91,-2.112,0.0
baseline,0.0125,720575940607447491,later,180.0,1000.0,141.23999999999998,-8.448,141.23999999999998,-8.448,0.0
baseline,0.0125,720575940607447491,pre_first_20ms,119.11250000000001,139.1125,0.0,0.0,0.0,0.0,0.0
baseline,0.0125,720575940617691170,early,0.0,180.0,5.609999999999999,0.0,5.609999999999999,0.0,0.0
baseline,0.0125,720575940617691170,later,180.0,1000.0,25.08,0.0,25.08,0.0,0.0
baseline,0.0125,720575940617691170,pre_first_20ms,119.13749999999999,139.1375,0.33,0.0,0.33,0.0,0.0
baseline,0.0125,720575940630046524,early,0.0,180.0,0.0,0.0,0.0,0.0,0.0
baseline,0.0125,720575940630046524,later,180.0,1000.0,0.0,0.0,0.0,0.0,0.0
baseline,0.0125,720575940630046524,pre_first_20ms,119.23750000000001,139.2375,0.0,0.0,0.0,0.0,0.0
baseline,0.0125,720575940621030320,early,0.0,180.0,1.32,0.0,1.32,0.0,0.0
baseline,0.0125,720575940621030320,later,180.0,1000.0,4.62,-3.4320000000000004,4.62,-3.4320000000000004,0.0
baseline,0.0125,720575940621030320,pre_first_20ms,119.30000000000001,139.3,0.0,0.0,0.0,0.0,0.0
baseline,0.0125,720575940625649214,early,0.0,180.0,0.0,0.0,0.0,0.0,0.0
baseline,0.0125,720575940625649214,later,180.0,1000.0,0.0,0.0,0.0,0.0,0.0
baseline,0.0125,720575940625649214,pre_first_20ms,119.3125,139.3125,0.0,0.0,0.0,0.0,0.0
baseline,0.0125,720575940621347254,early,0.0,180.0,23.1,-48.31200000000001,23.1,-48.31200000000001,0.0
baseline,0.0125,720575940621347254,later,180.0,1000.0,53.46000000000001,-96.62400000000002,53.46000000000001,-96.62400000000002,0.0
baseline,0.0125,720575940621347254,pre_first_20ms,119.375,139.375,0.0,0.0,0.0,0.0,0.0
baseline,0.0125,720575940624928956,early,0.0,180.0,0.66,0.0,0.66,0.0,0.0
baseline,0.0125,720575940624928956,later,180.0,1000.0,2.31,0.0,2.31,0.0,0.0
baseline,0.0125,720575940624928956,pre_first_20ms,119.4,139.4,0.0,0.0,0.0,0.0,0.0
baseline,0.0125,720575940627109202,early,0.0,180.0,0.0,0.0,0.0,0.0,0.0
baseline,0.0125,720575940627109202,later,180.0,1000.0,0.0,0.0,0.0,0.0,0.0
baseline,0.0125,720575940627109202,pre_first_20ms,119.5,139.5,0.0,0.0,0.0,0.0,0.0
baseline,0.0125,720575940613594783,early,0.0,180.0,0.0,0.0,0.0,0.0,0.0
baseline,0.0125,720575940613594783,later,180.0,1000.0,0.0,0.0,0.0,0.0,0.0
baseline,0.0125,720575940613594783,pre_first_20ms,119.5625,139.5625,0.0,0.0,0.0,0.0,0.0
baseline,0.0125,720575940629957943,early,0.0,180.0,36.300000000000004,-65.73600000000002,36.300000000000004,-65.73600000000002,0.0
baseline,0.0125,720575940629957943,later,180.0,1000.0,123.75,-126.72000000000001,123.75,-126.72000000000001,0.0
baseline,0.0125,720575940629957943,pre_first_20ms,119.67499999999998,139.67499999999998,0.0,-1.5840000000000003,0.0,-1.5840000000000003,0.0
baseline,0.0125,720575940621040737,early,0.0,180.0,5.94,0.0,5.94,0.0,0.0
baseline,0.0125,720575940621040737,later,180.0,1000.0,27.060000000000002,0.0,27.060000000000002,0.0,0.0
baseline,0.0125,720575940621040737,pre_first_20ms,119.7125,139.7125,0.0,0.0,0.0,0.0,0.0
baseline,0.0125,720575940626128386,early,0.0,180.0,1.32,0.0,1.32,0.0,0.0
baseline,0.0125,720575940626128386,later,180.0,1000.0,5.28,0.0,5.28,0.0,0.0
baseline,0.0125,720575940626128386,pre_first_20ms,119.75,139.75,0.0,0.0,0.0,0.0,0.0
baseline,0.0125,720575940615770369,early,0.0,180.0,0.66,-10.560000000000002,0.66,-10.560000000000002,0.0
baseline,0.0125,720575940615770369,later,180.0,1000.0,2.31,-36.96000000000001,2.31,-36.96000000000001,0.0
baseline,0.0125,720575940615770369,pre_first_20ms,119.76250000000002,139.76250000000002,0.0,0.0,0.0,0.0,0.0
baseline,0.0125,720575940620205505,early,0.0,180.0,0.0,0.0,0.0,0.0,0.0
baseline,0.0125,720575940620205505,later,180.0,1000.0,0.0,0.0,0.0,0.0,0.0
baseline,0.0125,720575940620205505,pre_first_20ms,119.88749999999999,139.8875,0.0,0.0,0.0,0.0,0.0
baseline,0.0125,720575940619759750,early,0.0,180.0,0.0,-1.056,0.0,-1.056,0.0
baseline,0.0125,720575940619759750,later,180.0,1000.0,0.0,-3.696,0.0,-3.696,0.0
baseline,0.0125,720575940619759750,pre_first_20ms,119.9,139.9,0.0,0.0,0.0,0.0,0.0
baseline,0.0125,720575940647303300,early,0.0,180.0,0.0,0.0,0.0,0.0,0.0
baseline,0.0125,720575940647303300,later,180.0,1000.0,0.0,0.0,0.0,0.0,0.0
baseline,0.0125,720575940647303300,pre_first_20ms,120.0,140.0,0.0,0.0,0.0,0.0,0.0
baseline,0.0125,720575940610951634,early,0.0,180.0,0.0,0.0,0.0,0.0,0.0
baseline,0.0125,720575940610951634,later,180.0,1000.0,0.0,0.0,0.0,0.0,0.0
baseline,0.0125,720575940610951634,pre_first_20ms,120.05000000000001,140.05,0.0,0.0,0.0,0.0,0.0
baseline,0.0125,720575940619486117,early,0.0,180.0,0.33,-1.8480000000000003,0.33,-1.8480000000000003,0.0
baseline,0.0125,720575940619486117,later,180.0,1000.0,0.66,-1.584,0.66,-1.584,0.0
baseline,0.0125,720575940619486117,pre_first_20ms,120.05000000000001,140.05,0.0,0.0,0.0,0.0,0.0
baseline,0.0125,720575940620664496,early,0.0,180.0,39.599999999999994,-74.184,39.599999999999994,-74.184,0.0
baseline,0.0125,720575940620664496,later,180.0,1000.0,134.97,-159.72000000000003,134.97,-159.72000000000003,0.0
baseline,0.0125,720575940620664496,pre_first_20ms,120.11250000000001,140.1125,0.0,-0.7920000000000001,0.0,-0.7920000000000001,0.0
baseline,0.0125,720575940638204132,early,0.0,180.0,58.41,-381.48,58.41,-381.48,0.0
baseline,0.0125,720575940638204132,later,180.0,1000.0,206.91000000000003,-1658.184,206.91000000000003,-1658.184,0.0
baseline,0.0125,720575940638204132,pre_first_20ms,120.125,140.125,0.33,-10.824000000000002,0.33,-10.824000000000002,0.0
baseline,0.0125,720575940620488513,early,0.0,180.0,0.0,0.0,0.0,0.0,0.0
baseline,0.0125,720575940620488513,later,180.0,1000.0,0.0,0.0,0.0,0.0,0.0
baseline,0.0125,720575940620488513,pre_first_20ms,120.22500000000002,140.22500000000002,0.0,0.0,0.0,0.0,0.0
baseline,0.0125,720575940648330105,early,0.0,180.0,0.0,0.0,0.0,0.0,0.0
baseline,0.0125,720575940648330105,later,180.0,1000.0,0.0,0.0,0.0,0.0,0.0
baseline,0.0125,720575940648330105,pre_first_20ms,120.26250000000002,140.26250000000002,0.0,0.0,0.0,0.0,0.0
baseline,0.0125,720575940618270629,early,0.0,180.0,71.61,-13.200000000000003,71.61,-13.200000000000003,0.0
baseline,0.0125,720575940618270629,later,180.0,1000.0,255.74999999999997,-43.29600000000001,255.74999999999997,-43.29600000000001,0.0
baseline,0.0125,720575940618270629,pre_first_20ms,120.30000000000001,140.3,0.33,-0.528,0.33,-0.528,0.0
baseline,0.0125,720575940627100584,early,0.0,180.0,36.3,-10.824000000000002,36.3,-10.824000000000002,0.0
baseline,0.0125,720575940627100584,later,180.0,1000.0,178.85999999999999,-46.464,178.85999999999999,-46.464,0.0
baseline,0.0125,720575940627100584,pre_first_20ms,120.3375,140.3375,0.0,0.0,0.0,0.0,0.0
baseline,0.0125,720575940626363529,early,0.0,180.0,0.0,-6.6000000000000005,0.0,-6.6000000000000005,0.0
baseline,0.0125,720575940626363529,later,180.0,1000.0,0.0,-5.808000000000001,0.0,-5.808000000000001,0.0
baseline,0.0125,720575940626363529,pre_first_20ms,120.35,140.35,0.0,0.0,0.0,0.0,0.0
baseline,0.0125,720575940605583136,early,0.0,180.0,6.6000000000000005,-0.792,6.6000000000000005,-0.792,0.0
baseline,0.0125,720575940605583136,later,180.0,1000.0,23.1,-0.792,23.1,-0.792,0.0
baseline,0.0125,720575940605583136,pre_first_20ms,120.375,140.375,0.0,0.0,0.0,0.0,0.0
baseline,0.0125,720575940633766370,early,0.0,180.0,35.31,-64.944,35.31,-64.944,0.0
baseline,0.0125,720575940633766370,later,180.0,1000.0,159.72,-407.0880000000001,159.72,-407.0880000000001,0.0
baseline,0.0125,720575940633766370,pre_first_20ms,120.4375,140.4375,3.96,-0.264,3.96,-0.264,0.0
baseline,0.0125,720575940625893507,early,0.0,180.0,2.97,0.0,2.97,0.0,0.0
baseline,0.0125,720575940625893507,later,180.0,1000.0,11.22,0.0,11.22,0.0,0.0
baseline,0.0125,720575940625893507,pre_first_20ms,120.45000000000002,140.45000000000002,0.0,0.0,0.0,0.0,0.0
baseline,0.0125,720575940621814049,early,0.0,180.0,0.66,0.0,0.66,0.0,0.0
baseline,0.0125,720575940621814049,later,180.0,1000.0,1.32,-0.792,1.32,-0.792,0.0
baseline,0.0125,720575940621814049,pre_first_20ms,120.55000000000001,140.55,0.0,0.0,0.0,0.0,0.0
baseline,0.0125,720575940629702905,early,0.0,180.0,17.82,-0.528,17.82,-0.528,0.0
baseline,0.0125,720575940629702905,later,180.0,1000.0,61.38,-2.9040000000000004,61.38,-2.9040000000000004,0.0
baseline,0.0125,720575940629702905,pre_first_20ms,120.5625,140.5625,0.0,0.0,0.0,0.0,0.0
baseline,0.0125,720575940651425782,early,0.0,180.0,14.52,0.0,14.52,0.0,0.0
baseline,0.0125,720575940651425782,later,180.0,1000.0,57.41999999999999,-1.8480000000000003,57.41999999999999,-1.8480000000000003,0.0
baseline,0.0125,720575940651425782,pre_first_20ms,120.57500000000002,140.57500000000002,0.0,0.0,0.0,0.0,0.0
baseline,0.0125,720575940624486899,early,0.0,180.0,0.0,-8.448,0.0,-8.448,0.0
baseline,0.0125,720575940624486899,later,180.0,1000.0,0.0,-29.568,0.0,-29.568,0.0
baseline,0.0125,720575940624486899,pre_first_20ms,120.70000000000002,140.70000000000002,0.0,0.0,0.0,0.0,0.0
baseline,0.0125,720575940628529155,early,0.0,180.0,0.66,0.0,0.66,0.0,0.0
baseline,0.0125,720575940628529155,later,180.0,1000.0,2.31,0.0,2.31,0.0,0.0
baseline,0.0125,720575940628529155,pre_first_20ms,120.72500000000002,140.72500000000002,0.0,0.0,0.0,0.0,0.0
baseline,0.0125,720575940629969111,early,0.0,180.0,15.18,-2.64,15.18,-2.64,0.0
baseline,0.0125,720575940629969111,later,180.0,1000.0,53.13000000000001,-9.504,53.13000000000001,-9.504,0.0
baseline,0.0125,720575940629969111,pre_first_20ms,120.76250000000002,140.76250000000002,0.0,0.0,0.0,0.0,0.0
baseline,0.0125,720575940621504794,early,0.0,180.0,3.96,0.0,3.96,0.0,0.0
baseline,0.0125,720575940621504794,later,180.0,1000.0,13.86,0.0,13.86,0.0,0.0
baseline,0.0125,720575940621504794,pre_first_20ms,120.80000000000001,140.8,0.0,0.0,0.0,0.0,0.0
baseline,0.0125,720575940622241160,early,0.0,180.0,1.32,0.0,1.32,0.0,0.0
baseline,0.0125,720575940622241160,later,180.0,1000.0,5.28,0.0,5.28,0.0,0.0
baseline,0.0125,720575940622241160,pre_first_20ms,120.8375,140.8375,0.0,0.0,0.0,0.0,0.0
baseline,0.0125,720575940621870886,early,0.0,180.0,14.52,0.0,14.52,0.0,0.0
baseline,0.0125,720575940621870886,later,180.0,1000.0,56.76,-1.32,56.76,-1.32,0.0
baseline,0.0125,720575940621870886,pre_first_20ms,120.85,140.85,0.0,0.0,0.0,0.0,0.0
baseline,0.0125,720575940624470763,early,0.0,180.0,33.33,-0.264,33.33,-0.264,0.0
baseline,0.0125,720575940624470763,later,180.0,1000.0,130.02,-0.792,130.02,-0.792,0.0
baseline,0.0125,720575940624470763,pre_first_20ms,120.85,140.85,0.0,0.0,0.0,0.0,0.0
baseline,0.0125,720575940625878160,early,0.0,180.0,9.57,-24.816000000000003,9.57,-24.816000000000003,0.0
baseline,0.0125,720575940625878160,later,180.0,1000.0,24.09,-87.38400000000001,24.09,-87.38400000000001,0.0
baseline,0.0125,720575940625878160,pre_first_20ms,121.1,141.1,1.32,-1.5840000000000003,1.32,-1.5840000000000003,0.0
baseline,0.0125,720575940643701152,early,0.0,180.0,26.730000000000004,-3.96,26.730000000000004,-3.96,0.0
baseline,0.0125,720575940643701152,later,180.0,1000.0,94.38000000000001,-16.368,94.38000000000001,-16.368,0.0
baseline,0.0125,720575940643701152,pre_first_20ms,121.1625,141.1625,0.0,-0.264,0.0,-0.264,0.0
baseline,0.0125,720575940633874015,early,0.0,180.0,0.0,0.0,0.0,0.0,0.0
baseline,0.0125,720575940633874015,later,180.0,1000.0,0.0,0.0,0.0,0.0,0.0
baseline,0.0125,720575940633874015,pre_first_20ms,121.23750000000001,141.2375,0.0,0.0,0.0,0.0,0.0
baseline,0.0125,720575940631828307,early,0.0,180.0,0.66,0.0,0.66,0.0,0.0
baseline,0.0125,720575940631828307,later,180.0,1000.0,2.31,0.0,2.31,0.0,0.0
baseline,0.0125,720575940631828307,pre_first_20ms,121.275,141.275,0.0,0.0,0.0,0.0,0.0
baseline,0.0125,720575940614383978,early,0.0,180.0,0.0,-4.752,0.0,-4.752,0.0
baseline,0.0125,720575940614383978,later,180.0,1000.0,0.0,-19.008000000000003,0.0,-19.008000000000003,0.0
baseline,0.0125,720575940614383978,pre_first_20ms,121.42499999999998,141.42499999999998,0.0,-0.528,0.0,-0.528,0.0
baseline,0.0125,720575940640178640,early,0.0,180.0,4.62,-10.824000000000002,4.62,-10.824000000000002,0.0
baseline,0.0125,720575940640178640,later,180.0,1000.0,13.200000000000001,-33.264,13.200000000000001,-33.264,0.0
baseline,0.0125,720575940640178640,pre_first_20ms,121.45000000000002,141.45000000000002,0.0,-0.528,0.0,-0.528,0.0
baseline,0.0125,720575940630135084,early,0.0,180.0,57.08999999999999,-481.79999999999995,57.08999999999999,-481.79999999999995,0.0
baseline,0.0125,720575940630135084,later,180.0,1000.0,207.23999999999995,-2108.8320000000003,207.23999999999995,-2108.8320000000003,0.0
baseline,0.0125,720575940630135084,pre_first_20ms,121.47500000000002,141.47500000000002,0.66,-18.216,0.66,-18.216,0.0
baseline,0.0125,720575940617868249,early,0.0,180.0,0.66,-8.448000000000002,0.66,-8.448000000000002,0.0
baseline,0.0125,720575940617868249,later,180.0,1000.0,2.97,-6.864000000000001,2.97,-6.864000000000001,0.0
baseline,0.0125,720575940617868249,pre_first_20ms,121.525,141.525,0.0,0.0,0.0,0.0,0.0
baseline,0.0125,720575940611578225,early,0.0,180.0,3.96,0.0,3.96,0.0,0.0
baseline,0.0125,720575940611578225,later,180.0,1000.0,13.86,0.0,13.86,0.0,0.0
baseline,0.0125,720575940611578225,pre_first_20ms,121.5875,141.5875,0.0,0.0,0.0,0.0,0.0
baseline,0.0125,720575940616471052,early,0.0,180.0,206.57999999999998,-258.98400000000004,206.57999999999998,-258.98400000000004,0.0
baseline,0.0125,720575940616471052,later,180.0,1000.0,825.66,-1144.704,825.66,-1144.704,0.0
baseline,0.0125,720575940616471052,pre_first_20ms,121.625,141.625,3.9600000000000004,-0.264,3.9600000000000004,-0.264,0.0
baseline,0.0125,720575940615438402,early,0.0,180.0,0.0,0.0,0.0,0.0,0.0
baseline,0.0125,720575940615438402,later,180.0,1000.0,0.0,0.0,0.0,0.0,0.0
baseline,0.0125,720575940615438402,pre_first_20ms,121.65,141.65,0.0,0.0,0.0,0.0,0.0
baseline,0.0125,720575940621467212,early,0.0,180.0,1.32,0.0,1.32,0.0,0.0
baseline,0.0125,720575940621467212,later,180.0,1000.0,5.28,0.0,5.28,0.0,0.0
baseline,0.0125,720575940621467212,pre_first_20ms,121.73750000000001,141.7375,0.0,0.0,0.0,0.0,0.0
baseline,0.0125,720575940630025004,early,0.0,180.0,0.0,0.0,0.0,0.0,0.0
baseline,0.0125,720575940630025004,later,180.0,1000.0,0.0,0.0,0.0,0.0,0.0
baseline,0.0125,720575940630025004,pre_first_20ms,121.78750000000002,141.78750000000002,0.0,0.0,0.0,0.0,0.0
baseline,0.0125,720575940630617386,early,0.0,180.0,0.0,-24.288000000000004,0.0,-24.288000000000004,0.0
baseline,0.0125,720575940630617386,later,180.0,1000.0,0.0,-8.184,0.0,-8.184,0.0
baseline,0.0125,720575940630617386,pre_first_20ms,121.88749999999999,141.8875,0.0,0.0,0.0,0.0,0.0
baseline,0.0125,720575940629947964,early,0.0,180.0,0.0,0.0,0.0,0.0,0.0
baseline,0.0125,720575940629947964,later,180.0,1000.0,0.0,0.0,0.0,0.0,0.0
baseline,0.0125,720575940629947964,pre_first_20ms,121.9,141.9,0.0,0.0,0.0,0.0,0.0
baseline,0.0125,720575940618807454,early,0.0,180.0,0.0,-1.32,0.0,-1.32,0.0
baseline,0.0125,720575940618807454,later,180.0,1000.0,0.0,-1.056,0.0,-1.056,0.0
baseline,0.0125,720575940618807454,pre_first_20ms,121.9625,141.9625,0.0,0.0,0.0,0.0,0.0
baseline,0.0125,720575940627808122,early,0.0,180.0,0.0,0.0,0.0,0.0,0.0
baseline,0.0125,720575940627808122,later,180.0,1000.0,0.0,0.0,0.0,0.0,0.0
baseline,0.0125,720575940627808122,pre_first_20ms,121.98750000000001,141.9875,0.0,0.0,0.0,0.0,0.0
baseline,0.0125,720575940611745429,early,0.0,180.0,0.0,0.0,0.0,0.0,0.0
baseline,0.0125,720575940611745429,later,180.0,1000.0,0.0,0.0,0.0,0.0,0.0
baseline,0.0125,720575940611745429,pre_first_20ms,122.01250000000002,142.01250000000002,0.0,0.0,0.0,0.0,0.0
baseline,0.0125,720575940631182354,early,0.0,180.0,0.66,0.0,0.66,0.0,0.0
baseline,0.0125,720575940631182354,later,180.0,1000.0,2.64,-0.528,2.64,-0.528,0.0
baseline,0.0125,720575940631182354,pre_first_20ms,122.125,142.125,0.0,0.0,0.0,0.0,0.0
baseline,0.0125,720575940635507960,early,0.0,180.0,0.0,0.0,0.0,0.0,0.0
baseline,0.0125,720575940635507960,later,180.0,1000.0,0.0,0.0,0.0,0.0,0.0
baseline,0.0125,720575940635507960,pre_first_20ms,122.125,142.125,0.0,0.0,0.0,0.0,0.0
baseline,0.0125,720575940629502251,early,0.0,180.0,4.62,-116.68800000000002,4.62,-116.68800000000002,0.0
baseline,0.0125,720575940629502251,later,180.0,1000.0,19.47,-506.088,19.47,-506.088,0.0
baseline,0.0125,720575940629502251,pre_first_20ms,122.15,142.15,0.0,0.0,0.0,0.0,0.0
baseline,0.0125,720575940617749538,early,0.0,180.0,0.0,0.0,0.0,0.0,0.0
baseline,0.0125,720575940617749538,later,180.0,1000.0,0.0,0.0,0.0,0.0,0.0
baseline,0.0125,720575940617749538,pre_first_20ms,122.30000000000001,142.3,0.0,0.0,0.0,0.0,0.0
baseline,0.0125,720575940621768180,early,0.0,180.0,1.32,-155.23200000000003,1.32,-155.23200000000003,0.0
baseline,0.0125,720575940621768180,later,180.0,1000.0,2.97,-510.0480000000001,2.97,-510.0480000000001,0.0
baseline,0.0125,720575940621768180,pre_first_20ms,122.35,142.35,0.0,0.0,0.0,0.0,0.0
baseline,0.0125,720575940623201833,early,0.0,180.0,0.0,0.0,0.0,0.0,0.0
baseline,0.0125,720575940623201833,later,180.0,1000.0,0.0,0.0,0.0,0.0,0.0
baseline,0.0125,720575940623201833,pre_first_20ms,122.36250000000001,142.3625,0.0,0.0,0.0,0.0,0.0
baseline,0.0125,720575940629701881,early,0.0,180.0,0.0,-8.184000000000001,0.0,-8.184000000000001,0.0
baseline,0.0125,720575940629701881,later,180.0,1000.0,0.0,-4.488,0.0,-4.488,0.0
baseline,0.0125,720575940629701881,pre_first_20ms,122.4625,142.4625,0.0,0.0,0.0,0.0,0.0
baseline,0.0125,720575940627380679,early,0.0,180.0,0.0,-1.056,0.0,-1.056,0.0
baseline,0.0125,720575940627380679,later,180.0,1000.0,0.0,-3.696,0.0,-3.696,0.0
baseline,0.0125,720575940627380679,pre_first_20ms,122.53750000000002,142.53750000000002,0.0,0.0,0.0,0.0,0.0
baseline,0.0125,720575940629755723,early,0.0,180.0,0.0,0.0,0.0,0.0,0.0
baseline,0.0125,720575940629755723,later,180.0,1000.0,0.0,0.0,0.0,0.0,0.0
baseline,0.0125,720575940629755723,pre_first_20ms,122.55000000000001,142.55,0.0,0.0,0.0,0.0,0.0
baseline,0.0125,720575940620571574,early,0.0,180.0,48.84,0.0,48.84,0.0,0.0
baseline,0.0125,720575940620571574,later,180.0,1000.0,195.36,-0.7920000000000001,195.36,-0.7920000000000001,0.0
baseline,0.0125,720575940620571574,pre_first_20ms,122.5625,142.5625,0.0,0.0,0.0,0.0,0.0
baseline,0.0125,720575940631670865,early,0.0,180.0,0.66,0.0,0.66,0.0,0.0
baseline,0.0125,720575940631670865,later,180.0,1000.0,2.31,-0.264,2.31,-0.264,0.0
baseline,0.0125,720575940631670865,pre_first_20ms,122.625,142.625,0.0,0.0,0.0,0.0,0.0
baseline,0.0125,720575940624982823,early,0.0,180.0,20.79,-28.512,20.79,-28.512,0.0
baseline,0.0125,720575940624982823,later,180.0,1000.0,83.49,-110.08800000000001,83.49,-110.08800000000001,0.0
baseline,0.0125,720575940624982823,pre_first_20ms,122.67499999999998,142.67499999999998,0.33,-0.264,0.33,-0.264,0.0
baseline,0.0125,720575940634575796,early,0.0,180.0,0.0,0.0,0.0,0.0,0.0
baseline,0.0125,720575940634575796,later,180.0,1000.0,0.0,0.0,0.0,0.0,0.0
baseline,0.0125,720575940634575796,pre_first_20ms,122.6875,142.6875,0.0,0.0,0.0,0.0,0.0
baseline,0.0125,720575940624534972,early,0.0,180.0,49.17,-129.88800000000003,49.17,-129.88800000000003,0.0
baseline,0.0125,720575940624534972,later,180.0,1000.0,206.57999999999998,-572.6160000000002,206.57999999999998,-572.6160000000002,0.0
baseline,0.0125,720575940624534972,pre_first_20ms,122.75000000000003,142.75000000000003,0.0,-13.728000000000002,0.0,-13.728000000000002,0.0
baseline,0.0125,720575940626879505,early,0.0,180.0,23.1,-8.184000000000001,23.1,-8.184000000000001,0.0
baseline,0.0125,720575940626879505,later,180.0,1000.0,82.82999999999998,-20.592000000000002,82.82999999999998,-20.592000000000002,0.0
baseline,0.0125,720575940626879505,pre_first_20ms,122.80000000000001,142.8,0.0,-0.528,0.0,-0.528,0.0
baseline,0.0125,720575940629529722,early,0.0,180.0,1.32,-0.528,1.32,-0.528,0.0
baseline,0.0125,720575940629529722,later,180.0,1000.0,4.62,-1.848,4.62,-1.848,0.0
baseline,0.0125,720575940629529722,pre_first_20ms,122.80000000000001,142.8,0.0,0.0,0.0,0.0,0.0
baseline,0.0125,720575940609077828,early,0.0,180.0,31.020000000000003,0.0,31.020000000000003,0.0,0.0
baseline,0.0125,720575940609077828,later,180.0,1000.0,108.57000000000002,0.0,108.57000000000002,0.0,0.0
baseline,0.0125,720575940609077828,pre_first_20ms,122.875,142.875,0.0,0.0,0.0,0.0,0.0
baseline,0.0125,720575940629585602,early,0.0,180.0,0.0,0.0,0.0,0.0,0.0
baseline,0.0125,720575940629585602,later,180.0,1000.0,0.0,0.0,0.0,0.0,0.0
baseline,0.0125,720575940629585602,pre_first_20ms,122.97500000000002,142.97500000000002,0.0,0.0,0.0,0.0,0.0
baseline,0.0125,720575940630914245,early,0.0,180.0,0.0,0.0,0.0,0.0,0.0
baseline,0.0125,720575940630914245,later,180.0,1000.0,0.0,0.0,0.0,0.0,0.0
baseline,0.0125,720575940630914245,pre_first_20ms,122.97500000000002,142.97500000000002,0.0,0.0,0.0,0.0,0.0
baseline,0.0125,720575940631990343,early,0.0,180.0,0.0,0.0,0.0,0.0,0.0
baseline,0.0125,720575940631990343,later,180.0,1000.0,0.0,0.0,0.0,0.0,0.0
baseline,0.0125,720575940631990343,pre_first_20ms,123.03750000000002,143.03750000000002,0.0,0.0,0.0,0.0,0.0
baseline,0.0125,720575940617413957,early,0.0,180.0,0.0,0.0,0.0,0.0,0.0
baseline,0.0125,720575940617413957,later,180.0,1000.0,0.0,0.0,0.0,0.0,0.0
baseline,0.0125,720575940617413957,pre_first_20ms,123.1625,143.1625,0.0,0.0,0.0,0.0,0.0
baseline,0.0125,720575940616486230,early,0.0,180.0,0.0,0.0,0.0,0.0,0.0
baseline,0.0125,720575940616486230,later,180.0,1000.0,0.0,0.0,0.0,0.0,0.0
baseline,0.0125,720575940616486230,pre_first_20ms,123.19999999999999,143.2,0.0,0.0,0.0,0.0,0.0
baseline,0.0125,720575940632230099,early,0.0,180.0,0.0,0.0,0.0,0.0,0.0
baseline,0.0125,720575940632230099,later,180.0,1000.0,0.0,0.0,0.0,0.0,0.0
baseline,0.0125,720575940632230099,pre_first_20ms,123.22500000000002,143.22500000000002,0.0,0.0,0.0,0.0,0.0
baseline,0.0125,720575940617244372,early,0.0,180.0,0.0,0.0,0.0,0.0,0.0
baseline,0.0125,720575940617244372,later,180.0,1000.0,0.0,0.0,0.0,0.0,0.0
baseline,0.0125,720575940617244372,pre_first_20ms,123.375,143.375,0.0,0.0,0.0,0.0,0.0
baseline,0.0125,720575940630810695,early,0.0,180.0,8.25,-8.184000000000001,8.25,-8.184000000000001,0.0
baseline,0.0125,720575940630810695,later,180.0,1000.0,33.0,-36.696000000000005,33.0,-36.696000000000005,0.0
baseline,0.0125,720575940630810695,pre_first_20ms,123.48750000000001,143.4875,0.0,-0.528,0.0,-0.528,0.0
baseline,0.0125,720575940641148405,early,0.0,180.0,0.0,-10.560000000000002,0.0,-10.560000000000002,0.0
baseline,0.0125,720575940641148405,later,180.0,1000.0,0.0,-12.144000000000002,0.0,-12.144000000000002,0.0
baseline,0.0125,720575940641148405,pre_first_20ms,123.65,143.65,0.0,0.0,0.0,0.0,0.0
baseline,0.0125,720575940634418021,early,0.0,180.0,0.0,-0.528,0.0,-0.528,0.0
baseline,0.0125,720575940634418021,later,180.0,1000.0,0.0,-1.848,0.0,-1.848,0.0
baseline,0.0125,720575940634418021,pre_first_20ms,123.69999999999999,143.7,0.0,0.0,0.0,0.0,0.0
baseline,0.0125,720575940617728852,early,0.0,180.0,0.0,0.0,0.0,0.0,0.0
baseline,0.0125,720575940617728852,later,180.0,1000.0,0.0,0.0,0.0,0.0,0.0
baseline,0.0125,720575940617728852,pre_first_20ms,123.86250000000001,143.8625,0.0,0.0,0.0,0.0,0.0
baseline,0.0125,720575940616235348,early,0.0,180.0,0.0,0.0,0.0,0.0,0.0
baseline,0.0125,720575940616235348,later,180.0,1000.0,0.0,0.0,0.0,0.0,0.0
baseline,0.0125,720575940616235348,pre_first_20ms,123.88749999999999,143.8875,0.0,0.0,0.0,0.0,0.0
baseline,0.0125,720575940623182847,early,0.0,180.0,18.810000000000002,0.0,18.810000000000002,0.0,0.0
baseline,0.0125,720575940623182847,later,180.0,1000.0,67.97999999999999,0.0,67.97999999999999,0.0,0.0
baseline,0.0125,720575940623182847,pre_first_20ms,123.98750000000001,143.9875,0.0,0.0,0.0,0.0,0.0
baseline,0.0125,720575940629360459,early,0.0,180.0,0.0,0.0,0.0,0.0,0.0
baseline,0.0125,720575940629360459,later,180.0,1000.0,0.0,0.0,0.0,0.0,0.0
baseline,0.0125,720575940629360459,pre_first_20ms,124.00000000000003,144.00000000000003,0.0,0.0,0.0,0.0,0.0
baseline,0.0125,720575940624280328,early,0.0,180.0,0.99,0.0,0.99,0.0,0.0
baseline,0.0125,720575940624280328,later,180.0,1000.0,5.9399999999999995,0.0,5.9399999999999995,0.0,0.0
baseline,0.0125,720575940624280328,pre_first_20ms,124.07500000000002,144.07500000000002,0.0,0.0,0.0,0.0,0.0
baseline,0.0125,720575940621712990,early,0.0,180.0,9.9,-1.32,9.9,-1.32,0.0
baseline,0.0125,720575940621712990,later,180.0,1000.0,35.31,-3.96,35.31,-3.96,0.0
baseline,0.0125,720575940621712990,pre_first_20ms,124.13749999999999,144.1375,0.0,0.0,0.0,0.0,0.0
baseline,0.0125,720575940608744405,early,0.0,180.0,10.23,-14.256,10.23,-14.256,0.0
baseline,0.0125,720575940608744405,later,180.0,1000.0,35.970000000000006,-68.112,35.970000000000006,-68.112,0.0
baseline,0.0125,720575940608744405,pre_first_20ms,124.38749999999999,144.3875,0.0,-0.528,0.0,-0.528,0.0
baseline,0.0125,720575940614573674,early,0.0,180.0,0.0,0.0,0.0,0.0,0.0
baseline,0.0125,720575940614573674,later,180.0,1000.0,0.0,0.0,0.0,0.0,0.0
baseline,0.0125,720575940614573674,pre_first_20ms,124.57500000000002,144.57500000000002,0.0,0.0,0.0,0.0,0.0
baseline,0.0125,720575940620842111,early,0.0,180.0,3.96,-6.072000000000001,3.96,-6.072000000000001,0.0
baseline,0.0125,720575940620842111,later,180.0,1000.0,6.27,-19.800000000000004,6.27,-19.800000000000004,0.0
baseline,0.0125,720575940620842111,pre_first_20ms,124.625,144.625,0.0,0.0,0.0,0.0,0.0
baseline,0.0125,720575940617078489,early,0.0,180.0,0.0,-0.528,0.0,-0.528,0.0
baseline,0.0125,720575940617078489,later,180.0,1000.0,0.0,-1.056,0.0,-1.056,0.0
baseline,0.0125,720575940617078489,pre_first_20ms,124.65,144.65,0.0,0.0,0.0,0.0,0.0
baseline,0.0125,720575940621595888,early,0.0,180.0,1.65,-0.264,1.65,-0.264,0.0
baseline,0.0125,720575940621595888,later,180.0,1000.0,5.28,-1.056,5.28,-1.056,0.0
baseline,0.0125,720575940621595888,pre_first_20ms,124.80000000000001,144.8,0.0,0.0,0.0,0.0,0.0
baseline,0.0125,720575940631349096,early,0.0,180.0,0.0,0.0,0.0,0.0,0.0
baseline,0.0125,720575940631349096,later,180.0,1000.0,0.0,0.0,0.0,0.0,0.0
baseline,0.0125,720575940631349096,pre_first_20ms,124.86250000000001,144.8625,0.0,0.0,0.0,0.0,0.0
baseline,0.0125,720575940625212965,early,0.0,180.0,0.0,0.0,0.0,0.0,0.0
baseline,0.0125,720575940625212965,later,180.0,1000.0,0.0,0.0,0.0,0.0,0.0
baseline,0.0125,720575940625212965,pre_first_20ms,124.875,144.875,0.0,0.0,0.0,0.0,0.0
baseline,0.0125,720575940631517251,early,0.0,180.0,8.25,-78.144,8.25,-78.144,0.0
baseline,0.0125,720575940631517251,later,180.0,1000.0,19.470000000000002,-175.032,19.470000000000002,-175.032,0.0
baseline,0.0125,720575940631517251,pre_first_20ms,124.9125,144.9125,0.0,-3.96,0.0,-3.96,0.0
baseline,0.0125,720575940624477246,early,0.0,180.0,0.66,0.0,0.66,0.0,0.0
baseline,0.0125,720575940624477246,later,180.0,1000.0,2.31,0.0,2.31,0.0,0.0
baseline,0.0125,720575940624477246,pre_first_20ms,125.11250000000001,145.1125,0.0,0.0,0.0,0.0,0.0
baseline,0.0125,720575940620266689,early,0.0,180.0,0.0,-1.5840000000000003,0.0,-1.5840000000000003,0.0
baseline,0.0125,720575940620266689,later,180.0,1000.0,0.0,-18.744000000000003,0.0,-18.744000000000003,0.0
baseline,0.0125,720575940620266689,pre_first_20ms,125.375,145.375,0.0,0.0,0.0,0.0,0.0
baseline,0.0125,720575940613948834,early,0.0,180.0,0.0,0.0,0.0,0.0,0.0
baseline,0.0125,720575940613948834,later,180.0,1000.0,0.0,0.0,0.0,0.0,0.0
baseline,0.0125,720575940613948834,pre_first_20ms,125.48750000000001,145.4875,0.0,0.0,0.0,0.0,0.0
baseline,0.0125,720575940619820368,early,0.0,180.0,28.38,-5.28,28.38,-5.28,0.0
baseline,0.0125,720575940619820368,later,180.0,1000.0,98.33999999999999,-22.439999999999998,98.33999999999999,-22.439999999999998,0.0
baseline,0.0125,720575940619820368,pre_first_20ms,125.6875,145.6875,0.0,0.0,0.0,0.0,0.0
baseline,0.0125,720575940609932130,early,0.0,180.0,0.0,0.0,0.0,0.0,0.0
baseline,0.0125,720575940609932130,later,180.0,1000.0,0.0,-0.264,0.0,-0.264,0.0
baseline,0.0125,720575940609932130,pre_first_20ms,125.775,145.775,0.0,0.0,0.0,0.0,0.0
baseline,0.0125,720575940633735063,early,0.0,180.0,0.0,0.0,0.0,0.0,0.0
baseline,0.0125,720575940633735063,later,180.0,1000.0,0.0,0.0,0.0,0.0,0.0
baseline,0.0125,720575940633735063,pre_first_20ms,125.9375,145.9375,0.0,0.0,0.0,0.0,0.0
baseline,0.0125,720575940624093693,early,0.0,180.0,3.3,0.0,3.3,0.0,0.0
baseline,0.0125,720575940624093693,later,180.0,1000.0,11.55,-1.584,11.55,-1.584,0.0
baseline,0.0125,720575940624093693,pre_first_20ms,125.98750000000001,145.9875,0.0,0.0,0.0,0.0,0.0
baseline,0.0125,720575940610404977,early,0.0,180.0,1.98,0.0,1.98,0.0,0.0
baseline,0.0125,720575940610404977,later,180.0,1000.0,6.93,0.0,6.93,0.0,0.0
baseline,0.0125,720575940610404977,pre_first_20ms,126.05000000000001,146.05,0.0,0.0,0.0,0.0,0.0
baseline,0.0125,720575940619998630,early,0.0,180.0,55.11,-95.304,55.11,-95.304,0.0
baseline,0.0125,720575940619998630,later,180.0,1000.0,286.77,-541.2000000000002,286.77,-541.2000000000002,0.0
baseline,0.0125,720575940619998630,pre_first_20ms,126.0875,146.0875,0.0,-3.168,0.0,-3.168,0.0
baseline,0.0125,720575940630930383,early,0.0,180.0,14.52,-3.9600000000000004,14.52,-3.9600000000000004,0.0
baseline,0.0125,720575940630930383,later,180.0,1000.0,59.73,-17.952,59.73,-17.952,0.0
baseline,0.0125,720575940630930383,pre_first_20ms,126.13750000000002,146.13750000000002,0.0,-0.528,0.0,-0.528,0.0
baseline,0.0125,720575940607472649,early,0.0,180.0,4.62,-5.808000000000001,4.62,-5.808000000000001,0.0
baseline,0.0125,720575940607472649,later,180.0,1000.0,16.17,-20.328000000000003,16.17,-20.328000000000003,0.0
baseline,0.0125,720575940607472649,pre_first_20ms,126.25000000000003,146.25000000000003,0.0,0.0,0.0,0.0,0.0
baseline,0.0125,720575940627368723,early,0.0,180.0,120.44999999999999,-151.272,120.44999999999999,-151.272,0.0
baseline,0.0125,720575940627368723,later,180.0,1000.0,565.2900000000001,-719.664,565.2900000000001,-719.664,0.0
baseline,0.0125,720575940627368723,pre_first_20ms,126.3375,146.3375,10.89,-7.392,10.89,-7.392,0.0
baseline,0.0125,720575940622998627,early,0.0,180.0,9.239999999999998,-17.424,9.239999999999998,-17.424,0.0
baseline,0.0125,720575940622998627,later,180.0,1000.0,25.41,-66.0,25.41,-66.0,0.0
baseline,0.0125,720575940622998627,pre_first_20ms,126.4,146.4,2.97,-3.4320000000000004,2.97,-3.4320000000000004,0.0
baseline,0.0125,720575940639948160,early,0.0,180.0,13.53,0.0,13.53,0.0,0.0
baseline,0.0125,720575940639948160,later,180.0,1000.0,46.86,-0.528,46.86,-0.528,0.0
baseline,0.0125,720575940639948160,pre_first_20ms,126.4125,146.4125,0.0,0.0,0.0,0.0,0.0
baseline,0.0125,720575940634310763,early,0.0,180.0,3.63,-5.5440000000000005,3.63,-5.5440000000000005,0.0
baseline,0.0125,720575940634310763,later,180.0,1000.0,12.870000000000001,-21.384000000000004,12.870000000000001,-21.384000000000004,0.0
baseline,0.0125,720575940634310763,pre_first_20ms,126.4375,146.4375,0.33,-0.792,0.33,-0.792,0.0
baseline,0.0125,720575940626654041,early,0.0,180.0,1.32,-1.056,1.32,-1.056,0.0
baseline,0.0125,720575940626654041,later,180.0,1000.0,4.62,-3.96,4.62,-3.96,0.0
baseline,0.0125,720575940626654041,pre_first_20ms,126.51250000000002,146.51250000000002,0.0,0.0,0.0,0.0,0.0
baseline,0.0125,720575940618165393,early,0.0,180.0,14.52,-44.352000000000004,14.52,-44.352000000000004,0.0
baseline,0.0125,720575940618165393,later,180.0,1000.0,43.559999999999995,-183.744,43.559999999999995,-183.744,0.0
baseline,0.0125,720575940618165393,pre_first_20ms,126.525,146.525,5.94,-5.280000000000001,5.94,-5.280000000000001,0.0
baseline,0.0125,720575940625336464,early,0.0,180.0,7.26,0.0,7.26,0.0,0.0
baseline,0.0125,720575940625336464,later,180.0,1000.0,25.409999999999997,0.0,25.409999999999997,0.0,0.0
baseline,0.0125,720575940625336464,pre_first_20ms,126.5875,146.5875,0.0,0.0,0.0,0.0,0.0
baseline,0.0125,720575940626693130,early,0.0,180.0,1.32,0.0,1.32,0.0,0.0
baseline,0.0125,720575940626693130,later,180.0,1000.0,1.98,0.0,1.98,0.0,0.0
baseline,0.0125,720575940626693130,pre_first_20ms,126.725,146.725,0.66,0.0,0.66,0.0,0.0
baseline,0.0125,720575940636553902,early,0.0,180.0,1.98,-2.112,1.98,-2.112,0.0
baseline,0.0125,720575940636553902,later,180.0,1000.0,6.93,-7.392,6.93,-7.392,0.0
baseline,0.0125,720575940636553902,pre_first_20ms,126.9,146.9,0.0,0.0,0.0,0.0,0.0
baseline,0.0125,720575940614908383,early,0.0,180.0,7.26,-24.024,7.26,-24.024,0.0
baseline,0.0125,720575940614908383,later,180.0,1000.0,26.07,-132.792,26.07,-132.792,0.0
baseline,0.0125,720575940614908383,pre_first_20ms,126.92500000000001,146.925,0.0,-1.32,0.0,-1.32,0.0
baseline,0.0125,720575940639028413,early,0.0,180.0,1.98,-32.208000000000006,1.98,-32.208000000000006,0.0
baseline,0.0125,720575940639028413,later,180.0,1000.0,5.61,-78.67200000000001,5.61,-78.67200000000001,0.0
baseline,0.0125,720575940639028413,pre_first_20ms,127.275,147.275,0.0,0.0,0.0,0.0,0.0
baseline,0.0125,720575940637073385,early,0.0,180.0,0.0,0.0,0.0,0.0,0.0
baseline,0.0125,720575940637073385,later,180.0,1000.0,0.0,-7.656000000000001,0.0,-7.656000000000001,0.0
baseline,0.0125,720575940637073385,pre_first_20ms,127.42500000000001,147.425,0.0,0.0,0.0,0.0,0.0
baseline,0.0125,720575940619488495,early,0.0,180.0,5.94,-1.056,5.94,-1.056,0.0
baseline,0.0125,720575940619488495,later,180.0,1000.0,20.79,-3.696,20.79,-3.696,0.0
baseline,0.0125,720575940619488495,pre_first_20ms,127.57500000000002,147.57500000000002,0.0,0.0,0.0,0.0,0.0
baseline,0.0125,720575940614457342,early,0.0,180.0,0.0,0.0,0.0,0.0,0.0
baseline,0.0125,720575940614457342,later,180.0,1000.0,0.0,-0.7920000000000001,0.0,-0.7920000000000001,0.0
baseline,0.0125,720575940614457342,pre_first_20ms,127.875,147.875,0.0,0.0,0.0,0.0,0.0
baseline,0.0125,720575940627757584,early,0.0,180.0,1.65,-7.920000000000001,1.65,-7.920000000000001,0.0
baseline,0.0125,720575940627757584,later,180.0,1000.0,5.61,-26.664,5.61,-26.664,0.0
baseline,0.0125,720575940627757584,pre_first_20ms,127.9375,147.9375,0.0,-0.528,0.0,-0.528,0.0
baseline,0.0125,720575940637210334,early,0.0,180.0,5.94,-9.504000000000001,5.94,-9.504000000000001,0.0
baseline,0.0125,720575940637210334,later,180.0,1000.0,20.79,-41.976000000000006,20.79,-41.976000000000006,0.0
baseline,0.0125,720575940637210334,pre_first_20ms,127.98749999999998,147.98749999999998,0.0,-0.264,0.0,-0.264,0.0
baseline,0.0125,720575940629461442,early,0.0,180.0,0.0,-12.408000000000001,0.0,-12.408000000000001,0.0
baseline,0.0125,720575940629461442,later,180.0,1000.0,5.28,-52.00800000000001,5.28,-52.00800000000001,0.0
baseline,0.0125,720575940629461442,pre_first_20ms,128.03750000000002,148.03750000000002,0.0,0.0,0.0,0.0,0.0
baseline,0.0125,720575940607982428,early,0.0,180.0,0.66,-9.768,0.66,-9.768,0.0
baseline,0.0125,720575940607982428,later,180.0,1000.0,0.99,-42.504,0.99,-42.504,0.0
baseline,0.0125,720575940607982428,pre_first_20ms,128.2,148.2,0.33,-0.528,0.33,-0.528,0.0
baseline,0.0125,720575940611182554,early,0.0,180.0,2.64,-0.264,2.64,-0.264,0.0
baseline,0.0125,720575940611182554,later,180.0,1000.0,9.24,-1.056,9.24,-1.056,0.0
baseline,0.0125,720575940611182554,pre_first_20ms,128.23749999999998,148.23749999999998,0.0,0.0,0.0,0.0,0.0
baseline,0.0125,720575940634258146,early,0.0,180.0,66.0,-29.568000000000005,66.0,-29.568000000000005,0.0
baseline,0.0125,720575940634258146,later,180.0,1000.0,262.02000000000004,-105.07200000000002,262.02000000000004,-105.07200000000002,0.0
baseline,0.0125,720575940634258146,pre_first_20ms,128.375,148.375,1.98,0.0,1.98,0.0,0.0
baseline,0.0125,720575940638937688,early,0.0,180.0,0.66,0.0,0.66,0.0,0.0
baseline,0.0125,720575940638937688,later,180.0,1000.0,2.31,-2.3760000000000003,2.31,-2.3760000000000003,0.0
baseline,0.0125,720575940638937688,pre_first_20ms,128.38750000000002,148.38750000000002,0.0,0.0,0.0,0.0,0.0
baseline,0.0125,720575940618398533,early,0.0,180.0,16.5,-13.464000000000002,16.5,-13.464000000000002,0.0
baseline,0.0125,720575940618398533,later,180.0,1000.0,57.75,-35.64000000000001,57.75,-35.64000000000001,0.0
baseline,0.0125,720575940618398533,pre_first_20ms,128.425,148.425,0.0,-0.264,0.0,-0.264,0.0
baseline,0.0125,720575940615086698,early,0.0,180.0,12.209999999999999,-0.528,12.209999999999999,-0.528,0.0
baseline,0.0125,720575940615086698,later,180.0,1000.0,54.12,-2.64,54.12,-2.64,0.0
baseline,0.0125,720575940615086698,pre_first_20ms,128.50000000000003,148.50000000000003,0.99,0.0,0.99,0.0,0.0
baseline,0.0125,720575940625107352,early,0.0,180.0,0.0,0.0,0.0,0.0,0.0
baseline,0.0125,720575940625107352,later,180.0,1000.0,0.0,0.0,0.0,0.0,0.0
baseline,0.0125,720575940625107352,pre_first_20ms,128.50000000000003,148.50000000000003,0.0,0.0,0.0,0.0,0.0
baseline,0.0125,720575940623181823,early,0.0,180.0,9.24,0.0,9.24,0.0,0.0
baseline,0.0125,720575940623181823,later,180.0,1000.0,33.65999999999999,0.0,33.65999999999999,0.0,0.0
baseline,0.0125,720575940623181823,pre_first_20ms,128.57500000000002,148.57500000000002,0.0,0.0,0.0,0.0,0.0
baseline,0.0125,720575940632501404,early,0.0,180.0,1.98,-1.056,1.98,-1.056,0.0
baseline,0.0125,720575940632501404,later,180.0,1000.0,5.9399999999999995,-0.264,5.9399999999999995,-0.264,0.0
baseline,0.0125,720575940632501404,pre_first_20ms,128.65,148.65,0.0,0.0,0.0,0.0,0.0
baseline,0.0125,720575940623338281,early,0.0,180.0,20.130000000000003,-76.29599999999999,20.130000000000003,-76.29599999999999,0.0
baseline,0.0125,720575940623338281,later,180.0,1000.0,49.169999999999995,-361.15200000000004,49.169999999999995,-361.15200000000004,0.0
baseline,0.0125,720575940623338281,pre_first_20ms,128.73749999999998,148.73749999999998,6.930000000000001,-11.352,6.930000000000001,-11.352,0.0
baseline,0.0125,720575940624971243,early,0.0,180.0,60.39,-101.64000000000001,60.39,-101.64000000000001,0.0
baseline,0.0125,720575940624971243,later,180.0,1000.0,281.82,-477.04800000000006,281.82,-477.04800000000006,0.0
baseline,0.0125,720575940624971243,pre_first_20ms,129.1625,149.1625,3.63,-10.824000000000002,3.63,-10.824000000000002,0.0
baseline,0.0125,720575940646582836,early,0.0,180.0,7.92,-0.264,7.92,-0.264,0.0
baseline,0.0125,720575940646582836,later,180.0,1000.0,27.72,-0.792,27.72,-0.792,0.0
baseline,0.0125,720575940646582836,pre_first_20ms,129.23749999999998,149.23749999999998,0.0,0.0,0.0,0.0,0.0
baseline,0.0125,720575940631147335,early,0.0,180.0,5.28,0.0,5.28,0.0,0.0
baseline,0.0125,720575940631147335,later,180.0,1000.0,19.14,0.0,19.14,0.0,0.0
baseline,0.0125,720575940631147335,pre_first_20ms,129.56250000000003,149.56250000000003,0.0,0.0,0.0,0.0,0.0
baseline,0.0125,720575940619843311,early,0.0,180.0,0.0,0.0,0.0,0.0,0.0
baseline,0.0125,720575940619843311,later,180.0,1000.0,0.0,0.0,0.0,0.0,0.0
baseline,0.0125,720575940619843311,pre_first_20ms,129.5875,149.5875,0.0,0.0,0.0,0.0,0.0
baseline,0.0125,720575940619773867,early,0.0,180.0,1.98,0.0,1.98,0.0,0.0
baseline,0.0125,720575940619773867,later,180.0,1000.0,6.93,0.0,6.93,0.0,0.0
baseline,0.0125,720575940619773867,pre_first_20ms,129.8625,149.8625,0.0,0.0,0.0,0.0,0.0
baseline,0.0125,720575940633333916,early,0.0,180.0,0.0,0.0,0.0,0.0,0.0
baseline,0.0125,720575940633333916,later,180.0,1000.0,0.0,0.0,0.0,0.0,0.0
baseline,0.0125,720575940633333916,pre_first_20ms,129.9375,149.9375,0.0,0.0,0.0,0.0,0.0
baseline,0.0125,720575940615405718,early,0.0,180.0,0.66,0.0,0.66,0.0,0.0
baseline,0.0125,720575940615405718,later,180.0,1000.0,2.31,0.0,2.31,0.0,0.0
baseline,0.0125,720575940615405718,pre_first_20ms,130.1875,150.1875,0.0,0.0,0.0,0.0,0.0
baseline,0.0125,720575940633480860,early,0.0,180.0,1.98,0.0,1.98,0.0,0.0
baseline,0.0125,720575940633480860,later,180.0,1000.0,7.92,0.0,7.92,0.0,0.0
baseline,0.0125,720575940633480860,pre_first_20ms,130.4125,150.4125,0.0,0.0,0.0,0.0,0.0
baseline,0.0125,720575940623781268,early,0.0,180.0,0.0,0.0,0.0,0.0,0.0
baseline,0.0125,720575940623781268,later,180.0,1000.0,0.0,0.0,0.0,0.0,0.0
baseline,0.0125,720575940623781268,pre_first_20ms,130.63750000000002,150.63750000000002,0.0,0.0,0.0,0.0,0.0
baseline,0.0125,720575940624028396,early,0.0,180.0,0.0,0.0,0.0,0.0,0.0
baseline,0.0125,720575940624028396,later,180.0,1000.0,0.0,0.0,0.0,0.0,0.0
baseline,0.0125,720575940624028396,pre_first_20ms,130.6625,150.6625,0.0,0.0,0.0,0.0,0.0
baseline,0.0125,720575940628353018,early,0.0,180.0,8.58,0.0,8.58,0.0,0.0
baseline,0.0125,720575940628353018,later,180.0,1000.0,30.03,-0.264,30.03,-0.264,0.0
baseline,0.0125,720575940628353018,pre_first_20ms,130.725,150.725,0.0,0.0,0.0,0.0,0.0
baseline,0.0125,720575940643919908,early,0.0,180.0,7.92,-33.528,7.92,-33.528,0.0
baseline,0.0125,720575940643919908,later,180.0,1000.0,27.72,-172.92000000000002,27.72,-172.92000000000002,0.0
baseline,0.0125,720575940643919908,pre_first_20ms,130.77500000000003,150.77500000000003,0.0,0.0,0.0,0.0,0.0
baseline,0.0125,720575940612302042,early,0.0,180.0,0.66,0.0,0.66,0.0,0.0
baseline,0.0125,720575940612302042,later,180.0,1000.0,2.31,0.0,2.31,0.0,0.0
baseline,0.0125,720575940612302042,pre_first_20ms,131.02500000000003,151.02500000000003,0.0,0.0,0.0,0.0,0.0
baseline,0.0125,720575940628356102,early,0.0,180.0,6.93,-2.3760000000000003,6.93,-2.3760000000000003,0.0
baseline,0.0125,720575940628356102,later,180.0,1000.0,24.749999999999996,-11.615999999999998,24.749999999999996,-11.615999999999998,0.0
baseline,0.0125,720575940628356102,pre_first_20ms,131.25,151.25,0.33,0.0,0.33,0.0,0.0
baseline,0.0125,720575940620058537,early,0.0,180.0,0.0,0.0,0.0,0.0,0.0
baseline,0.0125,720575940620058537,later,180.0,1000.0,0.0,0.0,0.0,0.0,0.0
baseline,0.0125,720575940620058537,pre_first_20ms,131.32500000000002,151.32500000000002,0.0,0.0,0.0,0.0,0.0
baseline,0.0125,720575940615974868,early,0.0,180.0,0.0,0.0,0.0,0.0,0.0
baseline,0.0125,720575940615974868,later,180.0,1000.0,0.0,0.0,0.0,0.0,0.0
baseline,0.0125,720575940615974868,pre_first_20ms,131.3375,151.3375,0.0,0.0,0.0,0.0,0.0
baseline,0.0125,720575940639007395,early,0.0,180.0,6.6,0.0,6.6,0.0,0.0
baseline,0.0125,720575940639007395,later,180.0,1000.0,23.759999999999998,0.0,23.759999999999998,0.0,0.0
baseline,0.0125,720575940639007395,pre_first_20ms,131.7,151.7,0.0,0.0,0.0,0.0,0.0
baseline,0.0125,720575940620380449,early,0.0,180.0,0.0,-58.343999999999994,0.0,-58.343999999999994,0.0
baseline,0.0125,720575940620380449,later,180.0,1000.0,0.0,-283.008,0.0,-283.008,0.0
baseline,0.0125,720575940620380449,pre_first_20ms,132.06250000000003,152.06250000000003,0.0,-9.504,0.0,-9.504,0.0
baseline,0.0125,720575940659709569,early,0.0,180.0,33.0,-1.056,33.0,-1.056,0.0
baseline,0.0125,720575940659709569,later,180.0,1000.0,140.58,-1.056,140.58,-1.056,0.0
baseline,0.0125,720575940659709569,pre_first_20ms,132.2125,152.2125,3.6300000000000003,0.0,3.6300000000000003,0.0,0.0
baseline,0.0125,720575940627422982,early,0.0,180.0,0.0,0.0,0.0,0.0,0.0
baseline,0.0125,720575940627422982,later,180.0,1000.0,0.0,0.0,0.0,0.0,0.0
baseline,0.0125,720575940627422982,pre_first_20ms,132.3625,152.3625,0.0,0.0,0.0,0.0,0.0
baseline,0.0125,720575940630190295,early,0.0,180.0,86.13,-146.78400000000002,86.13,-146.78400000000002,0.0
baseline,0.0125,720575940630190295,later,180.0,1000.0,370.5899999999999,-618.0240000000001,370.5899999999999,-618.0240000000001,0.0
baseline,0.0125,720575940630190295,pre_first_20ms,132.5875,152.5875,4.95,-12.144000000000002,4.95,-12.144000000000002,0.0
baseline,0.0125,720575940642617544,early,0.0,180.0,12.870000000000001,0.0,12.870000000000001,0.0,0.0
baseline,0.0125,720575940642617544,later,180.0,1000.0,38.61,0.0,38.61,0.0,0.0
baseline,0.0125,720575940642617544,pre_first_20ms,132.7125,152.7125,0.99,0.0,0.99,0.0,0.0
baseline,0.0125,720575940612033253,early,0.0,180.0,112.20000000000002,-16.896,112.20000000000002,-16.896,0.0
baseline,0.0125,720575940612033253,later,180.0,1000.0,467.61000000000007,-70.75200000000001,467.61000000000007,-70.75200000000001,0.0
baseline,0.0125,720575940612033253,pre_first_20ms,132.725,152.725,14.190000000000001,-1.056,14.190000000000001,-1.056,0.0
baseline,0.0125,720575940638460998,early,0.0,180.0,3.63,-86.856,3.63,-86.856,0.0
baseline,0.0125,720575940638460998,later,180.0,1000.0,14.850000000000001,-470.71199999999993,14.850000000000001,-470.71199999999993,0.0
baseline,0.0125,720575940638460998,pre_first_20ms,133.375,153.375,0.0,-14.256,0.0,-14.256,0.0
baseline,0.0125,720575940619797488,early,0.0,180.0,0.0,0.0,0.0,0.0,0.0
baseline,0.0125,720575940619797488,later,180.0,1000.0,0.0,0.0,0.0,0.0,0.0
baseline,0.0125,720575940619797488,pre_first_20ms,133.425,153.425,0.0,0.0,0.0,0.0,0.0
baseline,0.0125,720575940639410291,early,0.0,180.0,0.0,0.0,0.0,0.0,0.0
baseline,0.0125,720575940639410291,later,180.0,1000.0,0.0,0.0,0.0,0.0,0.0
baseline,0.0125,720575940639410291,pre_first_20ms,133.53750000000002,153.53750000000002,0.0,0.0,0.0,0.0,0.0
baseline,0.0125,720575940615438495,early,0.0,180.0,0.0,0.0,0.0,0.0,0.0
baseline,0.0125,720575940615438495,later,180.0,1000.0,0.0,-0.264,0.0,-0.264,0.0
baseline,0.0125,720575940615438495,pre_first_20ms,133.75,153.75,0.0,0.0,0.0,0.0,0.0
baseline,0.0125,720575940627096957,early,0.0,180.0,2.64,-81.57600000000002,2.64,-81.57600000000002,0.0
baseline,0.0125,720575940627096957,later,180.0,1000.0,14.190000000000001,-349.8,14.190000000000001,-349.8,0.0
baseline,0.0125,720575940627096957,pre_first_20ms,133.775,153.775,0.33,-2.904,0.33,-2.904,0.0
baseline,0.0125,720575940623860202,early,0.0,180.0,314.15999999999997,-397.05600000000004,314.15999999999997,-397.05600000000004,0.0
baseline,0.0125,720575940623860202,later,180.0,1000.0,1300.53,-1485.2640000000001,1300.53,-1485.2640000000001,0.0
baseline,0.0125,720575940623860202,pre_first_20ms,133.9125,153.9125,40.26,-15.312000000000001,40.26,-15.312000000000001,0.0
baseline,0.0125,720575940621215169,early,0.0,180.0,1.32,0.0,1.32,0.0,0.0
baseline,0.0125,720575940621215169,later,180.0,1000.0,4.62,-0.264,4.62,-0.264,0.0
baseline,0.0125,720575940621215169,pre_first_20ms,134.13750000000002,154.13750000000002,0.0,0.0,0.0,0.0,0.0
baseline,0.0125,720575940608429835,early,0.0,180.0,2.64,0.0,2.64,0.0,0.0
baseline,0.0125,720575940608429835,later,180.0,1000.0,9.24,0.0,9.24,0.0,0.0
baseline,0.0125,720575940608429835,pre_first_20ms,134.5,154.5,0.0,0.0,0.0,0.0,0.0
baseline,0.0125,720575940629171447,early,0.0,180.0,1.32,-0.528,1.32,-0.528,0.0
baseline,0.0125,720575940629171447,later,180.0,1000.0,4.62,-1.848,4.62,-1.848,0.0
baseline,0.0125,720575940629171447,pre_first_20ms,134.925,154.925,0.0,0.0,0.0,0.0,0.0
baseline,0.0125,720575940636477285,early,0.0,180.0,0.66,0.0,0.66,0.0,0.0
baseline,0.0125,720575940636477285,later,180.0,1000.0,2.31,-0.792,2.31,-0.792,0.0
baseline,0.0125,720575940636477285,pre_first_20ms,135.06250000000003,155.06250000000003,0.0,0.0,0.0,0.0,0.0
baseline,0.0125,720575940627605779,early,0.0,180.0,0.0,0.0,0.0,0.0,0.0
baseline,0.0125,720575940627605779,later,180.0,1000.0,0.0,0.0,0.0,0.0,0.0
baseline,0.0125,720575940627605779,pre_first_20ms,135.2125,155.2125,0.0,0.0,0.0,0.0,0.0
baseline,0.0125,720575940620300308,early,0.0,180.0,113.85,-676.104,113.85,-676.104,0.0
baseline,0.0125,720575940620300308,later,180.0,1000.0,451.10999999999996,-2902.416,451.10999999999996,-2902.416,0.0
baseline,0.0125,720575940620300308,pre_first_20ms,135.5375,155.5375,7.92,-99.264,7.92,-99.264,0.0
baseline,0.0125,720575940605651633,early,0.0,180.0,0.66,-3.96,0.66,-3.96,0.0
baseline,0.0125,720575940605651633,later,180.0,1000.0,2.31,-15.576,2.31,-15.576,0.0
baseline,0.0125,720575940605651633,pre_first_20ms,135.60000000000002,155.60000000000002,0.0,-0.264,0.0,-0.264,0.0
baseline,0.0125,720575940613860147,early,0.0,180.0,0.0,0.0,0.0,0.0,0.0
baseline,0.0125,720575940613860147,later,180.0,1000.0,0.0,0.0,0.0,0.0,0.0
baseline,0.0125,720575940613860147,pre_first_20ms,135.63750000000002,155.63750000000002,0.0,0.0,0.0,0.0,0.0
baseline,0.0125,720575940622400648,early,0.0,180.0,4.949999999999999,0.0,4.949999999999999,0.0,0.0
baseline,0.0125,720575940622400648,later,180.0,1000.0,21.78,-1.32,21.78,-1.32,0.0
baseline,0.0125,720575940622400648,pre_first_20ms,135.6875,155.6875,0.99,0.0,0.99,0.0,0.0
baseline,0.0125,720575940623780583,early,0.0,180.0,12.540000000000001,0.0,12.540000000000001,0.0,0.0
baseline,0.0125,720575940623780583,later,180.0,1000.0,43.89000000000001,-0.7920000000000001,43.89000000000001,-0.7920000000000001,0.0
baseline,0.0125,720575940623780583,pre_first_20ms,135.6875,155.6875,0.0,0.0,0.0,0.0,0.0
baseline,0.0125,720575940610711250,early,0.0,180.0,0.33,0.0,0.33,0.0,0.0
baseline,0.0125,720575940610711250,later,180.0,1000.0,0.66,-0.264,0.66,-0.264,0.0
baseline,0.0125,720575940610711250,pre_first_20ms,135.7625,155.7625,0.0,0.0,0.0,0.0,0.0
baseline,0.0125,720575940626620568,early,0.0,180.0,11.88,0.0,11.88,0.0,0.0
baseline,0.0125,720575940626620568,later,180.0,1000.0,41.58,0.0,41.58,0.0,0.0
baseline,0.0125,720575940626620568,pre_first_20ms,135.7875,155.7875,0.0,0.0,0.0,0.0,0.0
baseline,0.0125,720575940611738035,early,0.0,180.0,3.3,0.0,3.3,0.0,0.0
baseline,0.0125,720575940611738035,later,180.0,1000.0,13.2,0.0,13.2,0.0,0.0
baseline,0.0125,720575940611738035,pre_first_20ms,136.04999999999998,156.04999999999998,0.0,0.0,0.0,0.0,0.0
baseline,0.0125,720575940618853968,early,0.0,180.0,0.0,-0.528,0.0,-0.528,0.0
baseline,0.0125,720575940618853968,later,180.0,1000.0,0.0,-0.528,0.0,-0.528,0.0
baseline,0.0125,720575940618853968,pre_first_20ms,136.1125,156.1125,0.0,0.0,0.0,0.0,0.0
baseline,0.0125,720575940629592143,early,0.0,180.0,2.64,-11.088000000000001,2.64,-11.088000000000001,0.0
baseline,0.0125,720575940629592143,later,180.0,1000.0,9.24,-53.85600000000001,9.24,-53.85600000000001,0.0
baseline,0.0125,720575940629592143,pre_first_20ms,136.275,156.275,0.0,-1.5840000000000003,0.0,-1.5840000000000003,0.0
baseline,0.0125,720575940647589172,early,0.0,180.0,0.0,-8.976,0.0,-8.976,0.0
baseline,0.0125,720575940647589172,later,180.0,1000.0,0.0,-35.376000000000005,0.0,-35.376000000000005,0.0
baseline,0.0125,720575940647589172,pre_first_20ms,136.7625,156.7625,0.0,0.0,0.0,0.0,0.0
baseline,0.0125,720575940624055614,early,0.0,180.0,0.0,0.0,0.0,0.0,0.0
baseline,0.0125,720575940624055614,later,180.0,1000.0,0.0,0.0,0.0,0.0,0.0
baseline,0.0125,720575940624055614,pre_first_20ms,136.9625,156.9625,0.0,0.0,0.0,0.0,0.0
baseline,0.0125,720575940623649097,early,0.0,180.0,0.0,0.0,0.0,0.0,0.0
baseline,0.0125,720575940623649097,later,180.0,1000.0,0.0,0.0,0.0,0.0,0.0
baseline,0.0125,720575940623649097,pre_first_20ms,137.175,157.175,0.0,0.0,0.0,0.0,0.0
baseline,0.0125,720575940621426300,early,0.0,180.0,0.33,-0.528,0.33,-0.528,0.0
baseline,0.0125,720575940621426300,later,180.0,1000.0,0.0,-3.6959999999999997,0.0,-3.6959999999999997,0.0
baseline,0.0125,720575940621426300,pre_first_20ms,137.225,157.225,0.0,0.0,0.0,0.0,0.0
baseline,0.0125,720575940639542691,early,0.0,180.0,47.19,-2.64,47.19,-2.64,0.0
baseline,0.0125,720575940639542691,later,180.0,1000.0,164.67000000000002,-12.672000000000002,164.67000000000002,-12.672000000000002,0.0
baseline,0.0125,720575940639542691,pre_first_20ms,137.275,157.275,0.0,0.0,0.0,0.0,0.0
baseline,0.0125,720575940630913221,early,0.0,180.0,0.0,-0.528,0.0,-0.528,0.0
baseline,0.0125,720575940630913221,later,180.0,1000.0,0.0,-1.848,0.0,-1.848,0.0
baseline,0.0125,720575940630913221,pre_first_20ms,137.4375,157.4375,0.0,0.0,0.0,0.0,0.0
baseline,0.0125,720575940620301677,early,0.0,180.0,0.0,0.0,0.0,0.0,0.0
baseline,0.0125,720575940620301677,later,180.0,1000.0,0.0,0.0,0.0,0.0,0.0
baseline,0.0125,720575940620301677,pre_first_20ms,137.5375,157.5375,0.0,0.0,0.0,0.0,0.0
baseline,0.0125,720575940610649208,early,0.0,180.0,11.22,0.0,11.22,0.0,0.0
baseline,0.0125,720575940610649208,later,180.0,1000.0,40.58999999999999,0.0,40.58999999999999,0.0,0.0
baseline,0.0125,720575940610649208,pre_first_20ms,137.60000000000002,157.60000000000002,0.66,0.0,0.66,0.0,0.0
baseline,0.0125,720575940625993817,early,0.0,180.0,7.26,0.0,7.26,0.0,0.0
baseline,0.0125,720575940625993817,later,180.0,1000.0,25.409999999999997,0.0,25.409999999999997,0.0,0.0
baseline,0.0125,720575940625993817,pre_first_20ms,137.8375,157.8375,0.0,0.0,0.0,0.0,0.0
baseline,0.0125,720575940634874266,early,0.0,180.0,2.31,-1.32,2.31,-1.32,0.0
baseline,0.0125,720575940634874266,later,180.0,1000.0,9.24,-4.752000000000001,9.24,-4.752000000000001,0.0
baseline,0.0125,720575940634874266,pre_first_20ms,137.8375,157.8375,0.33,0.0,0.33,0.0,0.0
baseline,0.0125,720575940604690278,early,0.0,180.0,11.55,-145.99200000000002,11.55,-145.99200000000002,0.0
baseline,0.0125,720575940604690278,later,180.0,1000.0,39.93,-598.7520000000001,39.93,-598.7520000000001,0.0
baseline,0.0125,720575940604690278,pre_first_20ms,137.9875,157.9875,0.0,-0.792,0.0,-0.792,0.0
baseline,0.0125,720575940624574356,early,0.0,180.0,0.66,-7.392,0.66,-7.392,0.0
baseline,0.0125,720575940624574356,later,180.0,1000.0,2.64,-34.32,2.64,-34.32,0.0
baseline,0.0125,720575940624574356,pre_first_20ms,138.025,158.025,0.0,-1.32,0.0,-1.32,0.0
baseline,0.0125,720575940627204362,early,0.0,180.0,4.29,-128.30400000000003,4.29,-128.30400000000003,0.0
baseline,0.0125,720575940627204362,later,180.0,1000.0,11.22,-587.4000000000002,11.22,-587.4000000000002,0.0
baseline,0.0125,720575940627204362,pre_first_20ms,138.15,158.15,0.0,-21.912000000000003,0.0,-21.912000000000003,0.0
baseline,0.0125,720575940626813010,early,0.0,180.0,0.0,0.0,0.0,0.0,0.0
baseline,0.0125,720575940626813010,later,180.0,1000.0,0.0,0.0,0.0,0.0,0.0
baseline,0.0125,720575940626813010,pre_first_20ms,138.75,158.75,0.0,0.0,0.0,0.0,0.0
baseline,0.0125,720575940623260201,early,0.0,180.0,0.0,-2.3760000000000003,0.0,-2.3760000000000003,0.0
baseline,0.0125,720575940623260201,later,180.0,1000.0,0.0,-13.464,0.0,-13.464,0.0
baseline,0.0125,720575940623260201,pre_first_20ms,139.20000000000002,159.20000000000002,0.0,-0.264,0.0,-0.264,0.0
baseline,0.0125,720575940605480806,early,0.0,180.0,0.0,0.0,0.0,0.0,0.0
baseline,0.0125,720575940605480806,later,180.0,1000.0,0.0,-0.264,0.0,-0.264,0.0
baseline,0.0125,720575940605480806,pre_first_20ms,139.275,159.275,0.0,0.0,0.0,0.0,0.0
baseline,0.0125,720575940645610787,early,0.0,180.0,7.920000000000001,-1.5840000000000003,7.920000000000001,-1.5840000000000003,0.0
baseline,0.0125,720575940645610787,later,180.0,1000.0,27.720000000000002,-5.5440000000000005,27.720000000000002,-5.5440000000000005,0.0
baseline,0.0125,720575940645610787,pre_first_20ms,139.4375,159.4375,0.0,0.0,0.0,0.0,0.0
baseline,0.0125,720575940629095323,early,0.0,180.0,0.0,-3.6960000000000006,0.0,-3.6960000000000006,0.0
baseline,0.0125,720575940629095323,later,180.0,1000.0,0.0,-13.464000000000002,0.0,-13.464000000000002,0.0
baseline,0.0125,720575940629095323,pre_first_20ms,139.6875,159.6875,0.0,0.0,0.0,0.0,0.0
baseline,0.0125,720575940638225597,early,0.0,180.0,0.0,-0.264,0.0,-0.264,0.0
baseline,0.0125,720575940638225597,later,180.0,1000.0,0.0,-0.264,0.0,-0.264,0.0
baseline,0.0125,720575940638225597,pre_first_20ms,139.85000000000002,159.85000000000002,0.0,0.0,0.0,0.0,0.0
baseline,0.0125,720575940624073452,early,0.0,180.0,0.0,0.0,0.0,0.0,0.0
baseline,0.0125,720575940624073452,later,180.0,1000.0,0.0,0.0,0.0,0.0,0.0
baseline,0.0125,720575940624073452,pre_first_20ms,140.1125,160.1125,0.0,0.0,0.0,0.0,0.0
baseline,0.0125,720575940626867530,early,0.0,180.0,11.22,0.0,11.22,0.0,0.0
baseline,0.0125,720575940626867530,later,180.0,1000.0,39.6,0.0,39.6,0.0,0.0
baseline,0.0125,720575940626867530,pre_first_20ms,140.325,160.325,0.0,0.0,0.0,0.0,0.0
baseline,0.0125,720575940633771033,early,0.0,180.0,1.65,0.0,1.65,0.0,0.0
baseline,0.0125,720575940633771033,later,180.0,1000.0,3.3,0.0,3.3,0.0,0.0
baseline,0.0125,720575940633771033,pre_first_20ms,140.62500000000003,160.62500000000003,0.0,0.0,0.0,0.0,0.0
baseline,0.0125,720575940637982552,early,0.0,180.0,0.0,0.0,0.0,0.0,0.0
baseline,0.0125,720575940637982552,later,180.0,1000.0,0.0,0.0,0.0,0.0,0.0
baseline,0.0125,720575940637982552,pre_first_20ms,140.65,160.65,0.0,0.0,0.0,0.0,0.0
baseline,0.0125,720575940631457347,early,0.0,180.0,1.32,0.0,1.32,0.0,0.0
baseline,0.0125,720575940631457347,later,180.0,1000.0,4.62,0.0,4.62,0.0,0.0
baseline,0.0125,720575940631457347,pre_first_20ms,141.3125,161.3125,0.0,0.0,0.0,0.0,0.0
baseline,0.0125,720575940622201046,early,0.0,180.0,0.0,0.0,0.0,0.0,0.0
baseline,0.0125,720575940622201046,later,180.0,1000.0,0.0,-0.7920000000000001,0.0,-0.7920000000000001,0.0
baseline,0.0125,720575940622201046,pre_first_20ms,141.55,161.55,0.0,0.0,0.0,0.0,0.0
baseline,0.0125,720575940622518197,early,0.0,180.0,0.0,-0.528,0.0,-0.528,0.0
baseline,0.0125,720575940622518197,later,180.0,1000.0,0.0,-0.264,0.0,-0.264,0.0
baseline,0.0125,720575940622518197,pre_first_20ms,142.075,162.075,0.0,0.0,0.0,0.0,0.0
baseline,0.0125,720575940635120491,early,0.0,180.0,3.3,-0.264,3.3,-0.264,0.0
baseline,0.0125,720575940635120491,later,180.0,1000.0,11.55,-1.056,11.55,-1.056,0.0
baseline,0.0125,720575940635120491,pre_first_20ms,142.275,162.275,0.66,0.0,0.66,0.0,0.0
baseline,0.0125,720575940630294138,early,0.0,180.0,30.36,-106.65600000000002,30.36,-106.65600000000002,0.0
baseline,0.0125,720575940630294138,later,180.0,1000.0,132.99,-556.248,132.99,-556.248,0.0
baseline,0.0125,720575940630294138,pre_first_20ms,142.3,162.3,4.62,-20.328000000000007,4.62,-20.328000000000007,0.0
baseline,0.0125,720575940636970096,early,0.0,180.0,1.98,-0.264,1.98,-0.264,0.0
baseline,0.0125,720575940636970096,later,180.0,1000.0,7.59,-1.32,7.59,-1.32,0.0
baseline,0.0125,720575940636970096,pre_first_20ms,142.7375,162.7375,0.33,0.0,0.33,0.0,0.0
baseline,0.0125,720575940622957064,early,0.0,180.0,1.98,-7.392,1.98,-7.392,0.0
baseline,0.0125,720575940622957064,later,180.0,1000.0,7.920000000000001,-30.888,7.920000000000001,-30.888,0.0
baseline,0.0125,720575940622957064,pre_first_20ms,142.87500000000003,162.87500000000003,0.0,-1.32,0.0,-1.32,0.0
baseline,0.0125,720575940621363421,early,0.0,180.0,21.12,0.0,21.12,0.0,0.0
baseline,0.0125,720575940621363421,later,180.0,1000.0,81.84,-1.056,81.84,-1.056,0.0
baseline,0.0125,720575940621363421,pre_first_20ms,142.9875,162.9875,4.95,0.0,4.95,0.0,0.0
baseline,0.0125,720575940625786493,early,0.0,180.0,1.98,0.0,1.98,0.0,0.0
baseline,0.0125,720575940625786493,later,180.0,1000.0,7.59,-0.264,7.59,-0.264,0.0
baseline,0.0125,720575940625786493,pre_first_20ms,143.0,163.0,0.33,0.0,0.33,0.0,0.0
baseline,0.0125,720575940630738263,early,0.0,180.0,2.64,0.0,2.64,0.0,0.0
baseline,0.0125,720575940630738263,later,180.0,1000.0,9.24,0.0,9.24,0.0,0.0
baseline,0.0125,720575940630738263,pre_first_20ms,143.0875,163.0875,0.0,0.0,0.0,0.0,0.0
baseline,0.0125,720575940612542742,early,0.0,180.0,1.98,-1.5840000000000003,1.98,-1.5840000000000003,0.0
baseline,0.0125,720575940612542742,later,180.0,1000.0,6.93,-5.5440000000000005,6.93,-5.5440000000000005,0.0
baseline,0.0125,720575940612542742,pre_first_20ms,143.47500000000002,163.47500000000002,0.99,0.0,0.99,0.0,0.0
baseline,0.0125,720575940617296029,early,0.0,180.0,135.63,-15.048,135.63,-15.048,0.0
baseline,0.0125,720575940617296029,later,180.0,1000.0,484.43999999999994,-60.98400000000001,484.43999999999994,-60.98400000000001,0.0
baseline,0.0125,720575940617296029,pre_first_20ms,143.7375,163.7375,27.72,-1.848,27.72,-1.848,0.0
baseline,0.0125,720575940627312104,early,0.0,180.0,1.98,0.0,1.98,0.0,0.0
baseline,0.0125,720575940627312104,later,180.0,1000.0,7.590000000000001,0.0,7.590000000000001,0.0,0.0
baseline,0.0125,720575940627312104,pre_first_20ms,143.87500000000003,163.87500000000003,0.33,0.0,0.33,0.0,0.0
baseline,0.0125,720575940627673585,early,0.0,180.0,0.66,0.0,0.66,0.0,0.0
baseline,0.0125,720575940627673585,later,180.0,1000.0,2.64,-0.264,2.64,-0.264,0.0
baseline,0.0125,720575940627673585,pre_first_20ms,143.9625,163.9625,0.0,0.0,0.0,0.0,0.0
baseline,0.0125,720575940630480581,early,0.0,180.0,5.94,0.0,5.94,0.0,0.0
baseline,0.0125,720575940630480581,later,180.0,1000.0,21.119999999999997,0.0,21.119999999999997,0.0,0.0
baseline,0.0125,720575940630480581,pre_first_20ms,144.41250000000002,164.41250000000002,0.33,0.0,0.33,0.0,0.0
baseline,0.0125,720575940621159094,early,0.0,180.0,0.99,0.0,0.99,0.0,0.0
baseline,0.0125,720575940621159094,later,180.0,1000.0,2.97,0.0,2.97,0.0,0.0
baseline,0.0125,720575940621159094,pre_first_20ms,144.5,164.5,0.33,0.0,0.33,0.0,0.0
baseline,0.0125,720575940626135122,early,0.0,180.0,0.0,0.0,0.0,0.0,0.0
baseline,0.0125,720575940626135122,later,180.0,1000.0,0.0,0.0,0.0,0.0,0.0
baseline,0.0125,720575940626135122,pre_first_20ms,144.70000000000002,164.70000000000002,0.0,0.0,0.0,0.0,0.0
baseline,0.0125,720575940616792577,early,0.0,180.0,0.0,0.0,0.0,0.0,0.0
baseline,0.0125,720575940616792577,later,180.0,1000.0,0.0,0.0,0.0,0.0,0.0
baseline,0.0125,720575940616792577,pre_first_20ms,144.9875,164.9875,0.0,0.0,0.0,0.0,0.0
baseline,0.0125,720575940605419622,early,0.0,180.0,1.98,0.0,1.98,0.0,0.0
baseline,0.0125,720575940605419622,later,180.0,1000.0,7.26,-0.264,7.26,-0.264,0.0
baseline,0.0125,720575940605419622,pre_first_20ms,145.01250000000002,165.01250000000002,0.66,0.0,0.66,0.0,0.0
baseline,0.0125,720575940637106032,early,0.0,180.0,0.0,-9.768,0.0,-9.768,0.0
baseline,0.0125,720575940637106032,later,180.0,1000.0,0.0,-50.160000000000004,0.0,-50.160000000000004,0.0
baseline,0.0125,720575940637106032,pre_first_20ms,145.3375,165.3375,0.0,-1.8480000000000003,0.0,-1.8480000000000003,0.0
baseline,0.0125,720575940632876223,early,0.0,180.0,0.0,0.0,0.0,0.0,0.0
baseline,0.0125,720575940632876223,later,180.0,1000.0,0.0,0.0,0.0,0.0,0.0
baseline,0.0125,720575940632876223,pre_first_20ms,145.425,165.425,0.0,0.0,0.0,0.0,0.0
baseline,0.0125,720575940634274458,early,0.0,180.0,0.0,0.0,0.0,0.0,0.0
baseline,0.0125,720575940634274458,later,180.0,1000.0,0.0,0.0,0.0,0.0,0.0
baseline,0.0125,720575940634274458,pre_first_20ms,145.5375,165.5375,0.0,0.0,0.0,0.0,0.0
baseline,0.0125,720575940632542253,early,0.0,180.0,0.0,0.0,0.0,0.0,0.0
baseline,0.0125,720575940632542253,later,180.0,1000.0,0.0,0.0,0.0,0.0,0.0
baseline,0.0125,720575940632542253,pre_first_20ms,145.675,165.675,0.0,0.0,0.0,0.0,0.0
baseline,0.0125,720575940629731579,early,0.0,180.0,0.0,0.0,0.0,0.0,0.0
baseline,0.0125,720575940629731579,later,180.0,1000.0,0.0,0.0,0.0,0.0,0.0
baseline,0.0125,720575940629731579,pre_first_20ms,145.72500000000002,165.72500000000002,0.0,0.0,0.0,0.0,0.0
baseline,0.0125,720575940645264750,early,0.0,180.0,0.99,-0.528,0.99,-0.528,0.0
baseline,0.0125,720575940645264750,later,180.0,1000.0,3.3000000000000003,-2.112,3.3000000000000003,-2.112,0.0
baseline,0.0125,720575940645264750,pre_first_20ms,145.86249999999998,165.86249999999998,0.0,0.0,0.0,0.0,0.0
baseline,0.0125,720575940622025548,early,0.0,180.0,0.0,0.0,0.0,0.0,0.0
baseline,0.0125,720575940622025548,later,180.0,1000.0,0.0,0.0,0.0,0.0,0.0
baseline,0.0125,720575940622025548,pre_first_20ms,146.0375,166.0375,0.0,0.0,0.0,0.0,0.0
baseline,0.0125,720575940632305951,early,0.0,180.0,0.0,0.0,0.0,0.0,0.0
baseline,0.0125,720575940632305951,later,180.0,1000.0,0.0,0.0,0.0,0.0,0.0
baseline,0.0125,720575940632305951,pre_first_20ms,146.5,166.5,0.0,0.0,0.0,0.0,0.0
baseline,0.0125,720575940614412906,early,0.0,180.0,43.89,-75.504,43.89,-75.504,0.0
baseline,0.0125,720575940614412906,later,180.0,1000.0,154.44,-310.46400000000006,154.44,-310.46400000000006,0.0
baseline,0.0125,720575940614412906,pre_first_20ms,146.66250000000002,166.66250000000002,0.0,-7.656000000000001,0.0,-7.656000000000001,0.0
baseline,0.0125,720575940630169660,early,0.0,180.0,7.92,0.0,7.92,0.0,0.0
baseline,0.0125,720575940630169660,later,180.0,1000.0,27.72,0.0,27.72,0.0,0.0
baseline,0.0125,720575940630169660,pre_first_20ms,146.72500000000002,166.72500000000002,3.96,0.0,3.96,0.0,0.0
baseline,0.0125,720575940636479863,early,0.0,180.0,169.95000000000002,-208.29600000000002,169.95000000000002,-208.29600000000002,0.0
baseline,0.0125,720575940636479863,later,180.0,1000.0,876.15,-1054.4160000000002,876.15,-1054.4160000000002,0.0
baseline,0.0125,720575940636479863,pre_first_20ms,146.76250000000002,166.76250000000002,16.17,-11.880000000000003,16.17,-11.880000000000003,0.0
baseline,0.0125,720575940619409542,early,0.0,180.0,0.0,0.0,0.0,0.0,0.0
baseline,0.0125,720575940619409542,later,180.0,1000.0,0.0,0.0,0.0,0.0,0.0
baseline,0.0125,720575940619409542,pre_first_20ms,146.7875,166.7875,0.0,0.0,0.0,0.0,0.0
baseline,0.0125,720575940611502309,early,0.0,180.0,0.0,0.0,0.0,0.0,0.0
baseline,0.0125,720575940611502309,later,180.0,1000.0,0.0,0.0,0.0,0.0,0.0
baseline,0.0125,720575940611502309,pre_first_20ms,146.8,166.8,0.0,0.0,0.0,0.0,0.0
baseline,0.0125,720575940606865330,early,0.0,180.0,14.52,-22.704000000000004,14.52,-22.704000000000004,0.0
baseline,0.0125,720575940606865330,later,180.0,1000.0,54.449999999999996,-102.16800000000002,54.449999999999996,-102.16800000000002,0.0
baseline,0.0125,720575940606865330,pre_first_20ms,146.9625,166.9625,4.95,-3.6960000000000006,4.95,-3.6960000000000006,0.0
baseline,0.0125,720575940621866108,early,0.0,180.0,0.0,0.0,0.0,0.0,0.0
baseline,0.0125,720575940621866108,later,180.0,1000.0,0.0,0.0,0.0,0.0,0.0
baseline,0.0125,720575940621866108,pre_first_20ms,147.0875,167.0875,0.0,0.0,0.0,0.0,0.0
baseline,0.0125,720575940612213741,early,0.0,180.0,94.71,-23.76,94.71,-23.76,0.0
baseline,0.0125,720575940612213741,later,180.0,1000.0,398.97,-91.87199999999999,398.97,-91.87199999999999,0.0
baseline,0.0125,720575940612213741,pre_first_20ms,147.2375,167.2375,9.57,-9.504,9.57,-9.504,0.0
baseline,0.0125,720575940629836343,early,0.0,180.0,0.0,0.0,0.0,0.0,0.0
baseline,0.0125,720575940629836343,later,180.0,1000.0,0.0,-1.848,0.0,-1.848,0.0
baseline,0.0125,720575940629836343,pre_first_20ms,147.40000000000003,167.40000000000003,0.0,0.0,0.0,0.0,0.0
baseline,0.0125,720575940621961242,early,0.0,180.0,0.66,0.0,0.66,0.0,0.0
baseline,0.0125,720575940621961242,later,180.0,1000.0,2.31,0.0,2.31,0.0,0.0
baseline,0.0125,720575940621961242,pre_first_20ms,147.675,167.675,0.0,0.0,0.0,0.0,0.0
baseline,0.0125,720575940603587500,early,0.0,180.0,0.0,0.0,0.0,0.0,0.0
baseline,0.0125,720575940603587500,later,180.0,1000.0,0.0,0.0,0.0,0.0,0.0
baseline,0.0125,720575940603587500,pre_first_20ms,148.41250000000002,168.41250000000002,0.0,0.0,0.0,0.0,0.0
baseline,0.0125,720575940618522673,early,0.0,180.0,15.180000000000001,0.0,15.180000000000001,0.0,0.0
baseline,0.0125,720575940618522673,later,180.0,1000.0,60.72000000000001,-1.056,60.72000000000001,-1.056,0.0
baseline,0.0125,720575940618522673,pre_first_20ms,148.5,168.5,3.9600000000000004,0.0,3.9600000000000004,0.0,0.0
baseline,0.0125,720575940638808448,early,0.0,180.0,0.0,0.0,0.0,0.0,0.0
baseline,0.0125,720575940638808448,later,180.0,1000.0,0.0,0.0,0.0,0.0,0.0
baseline,0.0125,720575940638808448,pre_first_20ms,148.65,168.65,0.0,0.0,0.0,0.0,0.0
baseline,0.0125,720575940608351324,early,0.0,180.0,0.0,0.0,0.0,0.0,0.0
baseline,0.0125,720575940608351324,later,180.0,1000.0,0.0,0.0,0.0,0.0,0.0
baseline,0.0125,720575940608351324,pre_first_20ms,148.8125,168.8125,0.0,0.0,0.0,0.0,0.0
baseline,0.0125,720575940618626171,early,0.0,180.0,0.66,0.0,0.66,0.0,0.0
baseline,0.0125,720575940618626171,later,180.0,1000.0,2.31,0.0,2.31,0.0,0.0
baseline,0.0125,720575940618626171,pre_first_20ms,148.8375,168.8375,0.33,0.0,0.33,0.0,0.0
baseline,0.0125,720575940627982332,early,0.0,180.0,0.0,0.0,0.0,0.0,0.0
baseline,0.0125,720575940627982332,later,180.0,1000.0,0.0,0.0,0.0,0.0,0.0
baseline,0.0125,720575940627982332,pre_first_20ms,148.97500000000002,168.97500000000002,0.0,0.0,0.0,0.0,0.0
baseline,0.0125,720575940628962938,early,0.0,180.0,0.0,0.0,0.0,0.0,0.0
baseline,0.0125,720575940628962938,later,180.0,1000.0,0.0,0.0,0.0,0.0,0.0
baseline,0.0125,720575940628962938,pre_first_20ms,148.97500000000002,168.97500000000002,0.0,0.0,0.0,0.0,0.0
baseline,0.0125,720575940630882263,early,0.0,180.0,0.0,-1.056,0.0,-1.056,0.0
baseline,0.0125,720575940630882263,later,180.0,1000.0,0.0,-3.1680000000000006,0.0,-3.1680000000000006,0.0
baseline,0.0125,720575940630882263,pre_first_20ms,149.375,169.375,0.0,0.0,0.0,0.0,0.0
baseline,0.0125,720575940622651869,early,0.0,180.0,1.98,-2.112,1.98,-2.112,0.0
baseline,0.0125,720575940622651869,later,180.0,1000.0,6.93,-7.392,6.93,-7.392,0.0
baseline,0.0125,720575940622651869,pre_first_20ms,149.43750000000003,169.43750000000003,0.99,0.0,0.99,0.0,0.0
baseline,0.0125,720575940622811116,early,0.0,180.0,0.0,0.0,0.0,0.0,0.0
baseline,0.0125,720575940622811116,later,180.0,1000.0,0.0,0.0,0.0,0.0,0.0
baseline,0.0125,720575940622811116,pre_first_20ms,149.97500000000002,169.97500000000002,0.0,0.0,0.0,0.0,0.0
baseline,0.0125,720575940621968845,early,0.0,180.0,0.0,-0.528,0.0,-0.528,0.0
baseline,0.0125,720575940621968845,later,180.0,1000.0,0.0,-1.848,0.0,-1.848,0.0
baseline,0.0125,720575940621968845,pre_first_20ms,150.07500000000002,170.07500000000002,0.0,-0.264,0.0,-0.264,0.0
baseline,0.0125,720575940607386802,early,0.0,180.0,213.51,-126.45600000000002,213.51,-126.45600000000002,0.0
baseline,0.0125,720575940607386802,later,180.0,1000.0,963.27,-569.1840000000001,963.27,-569.1840000000001,0.0
baseline,0.0125,720575940607386802,pre_first_20ms,150.65,170.65,19.470000000000002,-15.840000000000002,19.470000000000002,-15.840000000000002,0.0
baseline,0.0125,720575940622351128,early,0.0,180.0,1.65,-8.448,1.65,-8.448,0.0
baseline,0.0125,720575940622351128,later,180.0,1000.0,5.61,-42.76800000000001,5.61,-42.76800000000001,0.0
baseline,0.0125,720575940622351128,pre_first_20ms,150.9,170.9,0.33,-1.056,0.33,-1.056,0.0
baseline,0.0125,720575940629056411,early,0.0,180.0,21.78,0.0,21.78,0.0,0.0
baseline,0.0125,720575940629056411,later,180.0,1000.0,76.23,0.0,76.23,0.0,0.0
baseline,0.0125,720575940629056411,pre_first_20ms,150.9625,170.9625,10.89,0.0,10.89,0.0,0.0
baseline,0.0125,720575940623528595,early,0.0,180.0,0.66,0.0,0.66,0.0,0.0
baseline,0.0125,720575940623528595,later,180.0,1000.0,2.31,0.0,2.31,0.0,0.0
baseline,0.0125,720575940623528595,pre_first_20ms,152.07500000000002,172.07500000000002,0.33,0.0,0.33,0.0,0.0
baseline,0.0125,720575940631983277,early,0.0,180.0,0.0,0.0,0.0,0.0,0.0
baseline,0.0125,720575940631983277,later,180.0,1000.0,0.0,0.0,0.0,0.0,0.0
baseline,0.0125,720575940631983277,pre_first_20ms,152.35,172.35,0.0,0.0,0.0,0.0,0.0
baseline,0.0125,720575940619875060,early,0.0,180.0,0.0,0.0,0.0,0.0,0.0
baseline,0.0125,720575940619875060,later,180.0,1000.0,0.0,0.0,0.0,0.0,0.0
baseline,0.0125,720575940619875060,pre_first_20ms,152.3625,172.3625,0.0,0.0,0.0,0.0,0.0
baseline,0.0125,720575940629952300,early,0.0,180.0,0.0,0.0,0.0,0.0,0.0
baseline,0.0125,720575940629952300,later,180.0,1000.0,0.0,0.0,0.0,0.0,0.0
baseline,0.0125,720575940629952300,pre_first_20ms,152.51250000000002,172.51250000000002,0.0,0.0,0.0,0.0,0.0
baseline,0.0125,720575940620828165,early,0.0,180.0,0.0,0.0,0.0,0.0,0.0
baseline,0.0125,720575940620828165,later,180.0,1000.0,0.0,0.0,0.0,0.0,0.0
baseline,0.0125,720575940620828165,pre_first_20ms,153.42499999999998,173.42499999999998,0.0,0.0,0.0,0.0,0.0
baseline,0.0125,720575940634160735,early,0.0,180.0,0.0,0.0,0.0,0.0,0.0
baseline,0.0125,720575940634160735,later,180.0,1000.0,0.0,0.0,0.0,0.0,0.0
baseline,0.0125,720575940634160735,pre_first_20ms,154.00000000000003,174.00000000000003,0.0,0.0,0.0,0.0,0.0
baseline,0.0125,720575940614461014,early,0.0,180.0,8.91,-170.28000000000003,8.91,-170.28000000000003,0.0
baseline,0.0125,720575940614461014,later,180.0,1000.0,28.05,-880.176,28.05,-880.176,0.0
baseline,0.0125,720575940614461014,pre_first_20ms,154.1,174.1,3.6300000000000003,-11.352,3.6300000000000003,-11.352,0.0
baseline,0.0125,720575940635723662,early,0.0,180.0,0.0,0.0,0.0,0.0,0.0
baseline,0.0125,720575940635723662,later,180.0,1000.0,0.0,0.0,0.0,0.0,0.0
baseline,0.0125,720575940635723662,pre_first_20ms,154.4125,174.4125,0.0,0.0,0.0,0.0,0.0
baseline,0.0125,720575940617443648,early,0.0,180.0,0.0,-0.528,0.0,-0.528,0.0
baseline,0.0125,720575940617443648,later,180.0,1000.0,0.0,-1.848,0.0,-1.848,0.0
baseline,0.0125,720575940617443648,pre_first_20ms,155.35,175.35,0.0,-0.264,0.0,-0.264,0.0
baseline,0.0125,720575940625050256,early,0.0,180.0,13.2,-6.600000000000001,13.2,-6.600000000000001,0.0
baseline,0.0125,720575940625050256,later,180.0,1000.0,25.74,-25.343999999999998,25.74,-25.343999999999998,0.0
baseline,0.0125,720575940625050256,pre_first_20ms,156.5875,176.5875,0.0,-0.7920000000000001,0.0,-0.7920000000000001,0.0
baseline,0.0125,720575940660217985,early,0.0,180.0,0.0,0.0,0.0,0.0,0.0
baseline,0.0125,720575940660217985,later,180.0,1000.0,0.0,0.0,0.0,0.0,0.0
baseline,0.0125,720575940660217985,pre_first_20ms,156.6625,176.6625,0.0,0.0,0.0,0.0,0.0
baseline,0.0125,720575940618715550,early,0.0,180.0,0.0,0.0,0.0,0.0,0.0
baseline,0.0125,720575940618715550,later,180.0,1000.0,0.0,0.0,0.0,0.0,0.0
baseline,0.0125,720575940618715550,pre_first_20ms,156.71250000000003,176.71250000000003,0.0,0.0,0.0,0.0,0.0
baseline,0.0125,720575940620904869,early,0.0,180.0,1.98,-1.056,1.98,-1.056,0.0
baseline,0.0125,720575940620904869,later,180.0,1000.0,6.93,-3.168,6.93,-3.168,0.0
baseline,0.0125,720575940620904869,pre_first_20ms,156.8625,176.8625,0.99,0.0,0.99,0.0,0.0
baseline,0.0125,720575940622566026,early,0.0,180.0,0.0,0.0,0.0,0.0,0.0
baseline,0.0125,720575940622566026,later,180.0,1000.0,0.0,0.0,0.0,0.0,0.0
baseline,0.0125,720575940622566026,pre_first_20ms,156.9875,176.9875,0.0,0.0,0.0,0.0,0.0
baseline,0.0125,720575940635249332,early,0.0,180.0,0.0,0.0,0.0,0.0,0.0
baseline,0.0125,720575940635249332,later,180.0,1000.0,0.0,0.0,0.0,0.0,0.0
baseline,0.0125,720575940635249332,pre_first_20ms,157.3375,177.3375,0.0,0.0,0.0,0.0,0.0
baseline,0.0125,720575940636143608,early,0.0,180.0,0.0,0.0,0.0,0.0,0.0
baseline,0.0125,720575940636143608,later,180.0,1000.0,0.0,0.0,0.0,0.0,0.0
baseline,0.0125,720575940636143608,pre_first_20ms,157.55,177.55,0.0,0.0,0.0,0.0,0.0
baseline,0.0125,720575940618320674,early,0.0,180.0,52.8,-103.224,52.8,-103.224,0.0
baseline,0.0125,720575940618320674,later,180.0,1000.0,236.60999999999999,-491.30400000000003,236.60999999999999,-491.30400000000003,0.0
baseline,0.0125,720575940618320674,pre_first_20ms,157.7375,177.7375,4.62,-7.656000000000001,4.62,-7.656000000000001,0.0
baseline,0.0125,720575940618954038,early,0.0,180.0,0.0,0.0,0.0,0.0,0.0
baseline,0.0125,720575940618954038,later,180.0,1000.0,0.0,0.0,0.0,0.0,0.0
baseline,0.0125,720575940618954038,pre_first_20ms,157.76250000000002,177.76250000000002,0.0,0.0,0.0,0.0,0.0
baseline,0.0125,720575940624738121,early,0.0,180.0,0.0,0.0,0.0,0.0,0.0
baseline,0.0125,720575940624738121,later,180.0,1000.0,0.0,0.0,0.0,0.0,0.0
baseline,0.0125,720575940624738121,pre_first_20ms,157.76250000000002,177.76250000000002,0.0,0.0,0.0,0.0,0.0
baseline,0.0125,720575940613894311,early,0.0,180.0,0.0,0.0,0.0,0.0,0.0
baseline,0.0125,720575940613894311,later,180.0,1000.0,0.0,0.0,0.0,0.0,0.0
baseline,0.0125,720575940613894311,pre_first_20ms,157.775,177.775,0.0,0.0,0.0,0.0,0.0
baseline,0.0125,720575940626115134,early,0.0,180.0,0.0,0.0,0.0,0.0,0.0
baseline,0.0125,720575940626115134,later,180.0,1000.0,0.0,0.0,0.0,0.0,0.0
baseline,0.0125,720575940626115134,pre_first_20ms,157.78750000000002,177.78750000000002,0.0,0.0,0.0,0.0,0.0
baseline,0.0125,720575940640955637,early,0.0,180.0,0.0,0.0,0.0,0.0,0.0
baseline,0.0125,720575940640955637,later,180.0,1000.0,0.0,0.0,0.0,0.0,0.0
baseline,0.0125,720575940640955637,pre_first_20ms,158.1,178.1,0.0,0.0,0.0,0.0,0.0
baseline,0.0125,720575940612461461,early,0.0,180.0,0.0,0.0,0.0,0.0,0.0
baseline,0.0125,720575940612461461,later,180.0,1000.0,0.0,0.0,0.0,0.0,0.0
baseline,0.0125,720575940612461461,pre_first_20ms,158.13750000000002,178.13750000000002,0.0,0.0,0.0,0.0,0.0
baseline,0.0125,720575940636241550,early,0.0,180.0,0.0,0.0,0.0,0.0,0.0
baseline,0.0125,720575940636241550,later,180.0,1000.0,0.0,0.0,0.0,0.0,0.0
baseline,0.0125,720575940636241550,pre_first_20ms,158.2125,178.2125,0.0,0.0,0.0,0.0,0.0
baseline,0.0125,720575940612855318,early,0.0,180.0,0.0,0.0,0.0,0.0,0.0
baseline,0.0125,720575940612855318,later,180.0,1000.0,0.0,0.0,0.0,0.0,0.0
baseline,0.0125,720575940612855318,pre_first_20ms,158.60000000000002,178.60000000000002,0.0,0.0,0.0,0.0,0.0
baseline,0.0125,720575940614944977,early,0.0,180.0,0.0,0.0,0.0,0.0,0.0
baseline,0.0125,720575940614944977,later,180.0,1000.0,0.0,0.0,0.0,0.0,0.0
baseline,0.0125,720575940614944977,pre_first_20ms,158.625,178.625,0.0,0.0,0.0,0.0,0.0
baseline,0.0125,720575940632812575,early,0.0,180.0,0.0,0.0,0.0,0.0,0.0
baseline,0.0125,720575940632812575,later,180.0,1000.0,0.0,0.0,0.0,0.0,0.0
baseline,0.0125,720575940632812575,pre_first_20ms,158.8,178.8,0.0,0.0,0.0,0.0,0.0
baseline,0.0125,720575940621781492,early,0.0,180.0,1.65,-38.80800000000001,1.65,-38.80800000000001,0.0
baseline,0.0125,720575940621781492,later,180.0,1000.0,3.6300000000000003,-217.27200000000005,3.6300000000000003,-217.27200000000005,0.0
baseline,0.0125,720575940621781492,pre_first_20ms,158.8625,178.8625,0.33,-5.28,0.33,-5.28,0.0
baseline,0.0125,720575940623955637,early,0.0,180.0,0.0,0.0,0.0,0.0,0.0
baseline,0.0125,720575940623955637,later,180.0,1000.0,0.0,0.0,0.0,0.0,0.0
baseline,0.0125,720575940623955637,pre_first_20ms,158.925,178.925,0.0,0.0,0.0,0.0,0.0
baseline,0.0125,720575940617952034,early,0.0,180.0,0.33,-7.92,0.33,-7.92,0.0
baseline,0.0125,720575940617952034,later,180.0,1000.0,2.31,-36.96000000000001,2.31,-36.96000000000001,0.0
baseline,0.0125,720575940617952034,pre_first_20ms,159.00000000000003,179.00000000000003,0.0,-0.528,0.0,-0.528,0.0
baseline,0.0125,720575940623942280,early,0.0,180.0,0.0,0.0,0.0,0.0,0.0
baseline,0.0125,720575940623942280,later,180.0,1000.0,0.0,0.0,0.0,0.0,0.0
baseline,0.0125,720575940623942280,pre_first_20ms,159.0625,179.0625,0.0,0.0,0.0,0.0,0.0
baseline,0.0125,720575940644362788,early,0.0,180.0,0.0,0.0,0.0,0.0,0.0
baseline,0.0125,720575940644362788,later,180.0,1000.0,0.0,0.0,0.0,0.0,0.0
baseline,0.0125,720575940644362788,pre_first_20ms,159.26250000000002,179.26250000000002,0.0,0.0,0.0,0.0,0.0
baseline,0.0125,720575940628577897,early,0.0,180.0,11.22,-146.52000000000004,11.22,-146.52000000000004,0.0
baseline,0.0125,720575940628577897,later,180.0,1000.0,44.22,-668.7120000000002,44.22,-668.7120000000002,0.0
baseline,0.0125,720575940628577897,pre_first_20ms,159.57500000000002,179.57500000000002,1.32,0.0,1.32,0.0,0.0
baseline,0.0125,720575940622755978,early,0.0,180.0,0.0,-0.792,0.0,-0.792,0.0
baseline,0.0125,720575940622755978,later,180.0,1000.0,0.0,-3.696,0.0,-3.696,0.0
baseline,0.0125,720575940622755978,pre_first_20ms,159.63750000000002,179.63750000000002,0.0,0.0,0.0,0.0,0.0
mode_without_mn9,0.0125,720575940627371834,early,0.0,180.0,249.15,-82.368,247.5,-82.10400000000001,0.012222222222222223
mode_without_mn9,0.0125,720575940627371834,later,180.0,1000.0,508.53000000000003,-442.2,508.53000000000003,-442.2,0.0
mode_without_mn9,0.0125,720575940627371834,pre_first_20ms,61.812500000000014,81.81250000000001,50.489999999999995,-13.992,50.489999999999995,-13.992,0.0
mode_without_mn9,0.0125,720575940610056772,early,0.0,180.0,181.5,-41.184000000000005,181.5,-36.168000000000006,0.012222222222222223
mode_without_mn9,0.0125,720575940610056772,later,180.0,1000.0,788.7,-189.28799999999998,788.7,-189.28799999999998,0.0
mode_without_mn9,0.0125,720575940610056772,pre_first_20ms,66.46249999999999,86.46249999999999,39.599999999999994,-4.224,39.599999999999994,-4.224,0.0
mode_without_mn9,0.0125,720575940619876884,early,0.0,180.0,671.8800000000001,-195.624,541.2,-172.92000000000002,0.06111111111111111
mode_without_mn9,0.0125,720575940619876884,later,180.0,1000.0,16673.910000000003,-3970.032,11585.64,-2667.7200000000007,0.27902439024390246
mode_without_mn9,0.0125,720575940619876884,pre_first_20ms,72.2125,92.2125,50.160000000000004,-3.4320000000000004,50.160000000000004,-3.4320000000000004,0.0
mode_without_mn9,0.0125,720575940645866292,early,0.0,180.0,348.81,-260.04,348.81,-237.86399999999998,0.012222222222222223
mode_without_mn9,0.0125,720575940645866292,later,180.0,1000.0,2150.61,-2288.0879999999997,2150.61,-2288.0879999999997,0.0
mode_without_mn9,0.0125,720575940645866292,pre_first_20ms,72.9625,92.9625,80.52000000000001,-27.984,80.52000000000001,-27.984,0.0
mode_without_mn9,0.0125,720575940624525043,early,0.0,180.0,234.96,-173.71200000000002,234.63000000000002,-173.448,0.012222222222222223
mode_without_mn9,0.0125,720575940624525043,later,180.0,1000.0,10265.970000000001,-8234.952000000003,9503.67,-7009.728,0.09658536585365854
mode_without_mn9,0.0125,720575940624525043,pre_first_20ms,82.125,102.125,37.290000000000006,-2.6400000000000006,37.290000000000006,-2.6400000000000006,0.0
mode_without_mn9,0.0125,720575940611561139,early,0.0,180.0,377.19000000000005,-64.944,307.23,-60.720000000000006,0.04888888888888889
mode_without_mn9,0.0125,720575940611561139,later,180.0,1000.0,14693.910000000002,-3687.552,10654.050000000001,-2729.496,0.265609756097561
mode_without_mn9,0.0125,720575940611561139,pre_first_20ms,82.25,102.25,38.61000000000001,-2.904000000000001,38.61000000000001,-2.904000000000001,0.0
mode_without_mn9,0.0125,720575940627699712,early,0.0,180.0,90.09,-0.528,90.09,-0.528,0.012222222222222223
mode_without_mn9,0.0125,720575940627699712,later,180.0,1000.0,5357.879999999999,-737.6160000000001,5114.669999999999,-502.92,0.19048780487804878
mode_without_mn9,0.0125,720575940627699712,pre_first_20ms,83.65,103.65,32.01,0.0,32.01,0.0,0.0
mode_without_mn9,0.0125,720575940636963806,early,0.0,180.0,825.33,-203.28000000000003,721.71,-162.096,0.08555555555555555
mode_without_mn9,0.0125,720575940636963806,later,180.0,1000.0,23102.640000000003,-4158.000000000001,15507.36,-2752.4640000000004,0.3467378048780488
mode_without_mn9,0.0125,720575940636963806,pre_first_20ms,86.8,106.8,36.96,-5.5440000000000005,36.96,-5.5440000000000005,0.0
mode_without_mn9,0.0125,720575940611523733,early,0.0,180.0,571.89,-393.624,522.39,-382.00800000000004,0.03666666666666667
mode_without_mn9,0.0125,720575940611523733,later,180.0,1000.0,27657.3,-26689.872000000003,26119.170000000002,-24855.072000000004,0.05634146341463415
mode_without_mn9,0.0125,720575940611523733,pre_first_20ms,86.9125,106.9125,32.34,0.0,32.34,0.0,0.0
mode_without_mn9,0.0125,720575940611439473,early,0.0,180.0,700.26,-192.192,559.3500000000001,-177.936,0.07333333333333333
mode_without_mn9,0.0125,720575940611439473,later,180.0,1000.0,16463.699999999997,-6789.816000000001,12443.31,-4974.024000000001,0.2521951219512195
mode_without_mn9,0.0125,720575940611439473,pre_first_20ms,90.875,110.875,36.96,-8.712,36.96,-8.712,0.0
mode_without_mn9,0.0125,720575940613441320,early,0.0,180.0,487.41,-122.49600000000001,461.67,-117.48000000000002,0.05520833333333333
mode_without_mn9,0.0125,720575940613441320,later,180.0,1000.0,10540.199999999999,-3589.872000000001,8336.79,-2378.376,0.21548780487804878
mode_without_mn9,0.0125,720575940613441320,pre_first_20ms,92.1,112.1,34.31999999999999,-2.3760000000000003,34.31999999999999,-2.3760000000000003,0.0
mode_without_mn9,0.0125,720575940638633806,early,0.0,180.0,640.86,-127.51199999999999,573.87,-84.21600000000001,0.08555555555555555
mode_without_mn9,0.0125,720575940638633806,later,180.0,1000.0,14775.09,-6406.224,11538.78,-4983.528000000001,0.23341463414634148
mode_without_mn9,0.0125,720575940638633806,pre_first_20ms,92.1125,112.1125,34.650000000000006,-7.656000000000001,34.650000000000006,-7.656000000000001,0.0
mode_without_mn9,0.0125,720575940618588736,early,0.0,180.0,1150.05,-411.0480000000001,933.5699999999999,-363.5280000000001,0.08555555555555555
mode_without_mn9,0.0125,720575940618588736,later,180.0,1000.0,58105.079999999994,-27427.488000000005,35440.68,-16070.208,0.4008231707317073
mode_without_mn9,0.0125,720575940618588736,pre_first_20ms,92.975,112.975,40.26,-2.6400000000000006,40.26,-2.6400000000000006,0.0
mode_without_mn9,0.0125,720575940635540671,early,0.0,180.0,831.27,-327.36,660.9899999999999,-276.144,0.07333333333333333
mode_without_mn9,0.0125,720575940635540671,later,180.0,1000.0,22147.29,-9119.088000000002,16019.19,-5808.528,0.2682926829268293
mode_without_mn9,0.0125,720575940635540671,pre_first_20ms,95.0375,115.0375,46.2,-7.6560000000000015,46.2,-7.6560000000000015,0.0
mode_without_mn9,0.0125,720575940619252952,early,0.0,180.0,632.61,-189.55200000000002,529.98,-134.376,0.06111111111111111
mode_without_mn9,0.0125,720575940619252952,later,180.0,1000.0,14439.810000000001,-3791.568000000001,10613.46,-2848.0320000000006,0.2575609756097561
mode_without_mn9,0.0125,720575940619252952,pre_first_20ms,95.2875,115.2875,40.92,-0.792,40.92,-0.792,0.0
mode_without_mn9,0.0125,720575940639935616,early,0.0,180.0,1895.85,-735.504,1438.1399999999999,-686.4000000000001,0.08555555555555555
mode_without_mn9,0.0125,720575940639935616,later,180.0,1000.0,82757.40000000001,-28840.416,43171.590000000004,-14734.104000000001,0.4802439024390244
mode_without_mn9,0.0125,720575940639935616,pre_first_20ms,95.5375,115.5375,68.97,-3.4320000000000004,68.97,-3.4320000000000004,0.0
mode_without_mn9,0.0125,720575940629910636,early,0.0,180.0,601.92,-276.4080000000001,503.25,-224.13600000000002,0.04888888888888889
mode_without_mn9,0.0125,720575940629910636,later,180.0,1000.0,14897.519999999999,-8587.392,12228.480000000001,-6666.000000000001,0.19317073170731708
mode_without_mn9,0.0125,720575940629910636,pre_first_20ms,95.6625,115.6625,48.18,-12.408,48.18,-12.408,0.0
mode_without_mn9,0.0125,720575940623387786,early,0.0,180.0,1020.03,-230.20800000000006,782.4299999999998,-143.088,0.08819444444444445
mode_without_mn9,0.0125,720575940623387786,later,180.0,1000.0,91591.16999999998,-31299.048000000003,47357.969999999994,-15728.064000000002,0.4950457317073171
mode_without_mn9,0.0125,720575940623387786,pre_first_20ms,96.4125,116.4125,48.50999999999999,-0.528,48.50999999999999,-0.528,0.0
mode_without_mn9,0.0125,720575940639283278,early,0.0,180.0,1226.28,-363.264,931.26,-275.088,0.09777777777777778
mode_without_mn9,0.0125,720575940639283278,later,180.0,1000.0,93200.91000000002,-32697.456000000006,47912.369999999995,-16732.848,0.48292682926829267
mode_without_mn9,0.0125,720575940639283278,pre_first_20ms,98.3,118.3,79.2,-0.528,79.2,-0.528,0.0
mode_without_mn9,0.0125,720575940628455942,early,0.0,180.0,2424.5099999999998,-870.1440000000001,1750.9799999999998,-583.44,0.09888888888888889
mode_without_mn9,0.0125,720575940628455942,later,180.0,1000.0,116584.38,-64590.768000000004,69253.8,-33643.896,0.461219512195122
mode_without_mn9,0.0125,720575940628455942,pre_first_20ms,100.75,120.75,184.47,-6.600000000000001,184.47,-6.600000000000001,0.0
mode_without_mn9,0.0125,720575940634928023,early,0.0,180.0,1334.85,-511.63200000000006,948.0899999999999,-308.352,0.09777777777777778
mode_without_mn9,0.0125,720575940634928023,later,180.0,1000.0,70470.18,-36486.64800000001,42491.46,-21830.952,0.39707317073170734
mode_without_mn9,0.0125,720575940634928023,pre_first_20ms,101.35,121.35,76.23,-0.264,76.23,-0.264,0.0
mode_without_mn9,0.0125,720575940626056510,early,0.0,180.0,774.18,-187.968,641.1899999999999,-169.488,0.06111111111111111
mode_without_mn9,0.0125,720575940626056510,later,180.0,1000.0,20455.05,-4052.1360000000004,14105.519999999999,-2795.2320000000004,0.32971036585365854
mode_without_mn9,0.0125,720575940626056510,pre_first_20ms,102.15,122.15,90.42,-5.016,90.42,-5.016,0.0
mode_without_mn9,0.0125,720575940638695331,early,0.0,180.0,530.6400000000001,-228.096,476.52000000000004,-223.344,0.04888888888888889
mode_without_mn9,0.0125,720575940638695331,later,180.0,1000.0,14588.310000000001,-5321.976,11358.27,-4426.224,0.23073170731707318
mode_without_mn9,0.0125,720575940638695331,pre_first_20ms,102.2,122.2,64.68,-0.792,64.68,-0.792,0.0
mode_without_mn9,0.0125,720575940616651193,early,0.0,180.0,1142.46,-272.44800000000004,941.82,-111.40800000000002,0.09777777777777778
mode_without_mn9,0.0125,720575940616651193,later,180.0,1000.0,27635.850000000006,-4578.024000000001,19791.09,-2404.248,0.38634146341463416
mode_without_mn9,0.0125,720575940616651193,pre_first_20ms,102.5625,122.5625,143.22,-3.168,143.22,-3.168,0.0
mode_without_mn9,0.0125,720575940620011435,early,0.0,180.0,669.57,-172.656,516.45,-120.64800000000002,0.06145833333333333
mode_without_mn9,0.0125,720575940620011435,later,180.0,1000.0,16019.189999999999,-4730.616000000001,11810.699999999999,-3240.6000000000004,0.2735823170731707
mode_without_mn9,0.0125,720575940620011435,pre_first_20ms,102.6125,122.6125,62.37,0.0,62.37,0.0,0.0
mode_without_mn9,0.0125,720575940619245016,early,0.0,180.0,1343.1000000000001,-661.5840000000001,1065.57,-571.8240000000001,0.06111111111111111
mode_without_mn9,0.0125,720575940619245016,later,180.0,1000.0,46050.18,-32986.008,33913.44,-23969.88,0.2629268292682927
mode_without_mn9,0.0125,720575940619245016,pre_first_20ms,102.7,122.7,62.040000000000006,0.0,62.040000000000006,0.0,0.0
mode_without_mn9,0.0125,720575940631097462,early,0.0,180.0,578.16,-228.88800000000003,500.60999999999996,-222.024,0.04888888888888889
mode_without_mn9,0.0125,720575940631097462,later,180.0,1000.0,15313.319999999998,-5183.64,11591.91,-3738.7680000000005,0.2575609756097561
mode_without_mn9,0.0125,720575940631097462,pre_first_20ms,102.8,122.8,62.7,-1.5840000000000003,62.7,-1.5840000000000003,0.0
mode_without_mn9,0.0125,720575940621589887,early,0.0,180.0,1040.4899999999998,-464.64000000000004,790.35,-417.648,0.06111111111111111
mode_without_mn9,0.0125,720575940621589887,later,180.0,1000.0,76556.37000000001,-51223.39200000001,48721.200000000004,-27996.144000000004,0.3621951219512195
mode_without_mn9,0.0125,720575940621589887,pre_first_20ms,103.15,123.15,68.97,-2.64,68.97,-2.64,0.0
mode_without_mn9,0.0125,720575940615166111,early,0.0,180.0,1088.67,-825.0,894.63,-817.8720000000001,0.03666666666666667
mode_without_mn9,0.0125,720575940615166111,later,180.0,1000.0,82348.2,-66982.872,58821.840000000004,-40870.368,0.3022408536585366
mode_without_mn9,0.0125,720575940615166111,pre_first_20ms,103.375,123.375,56.1,-1.5840000000000003,56.1,-1.5840000000000003,0.0
mode_without_mn9,0.0125,720575940631058280,early,0.0,180.0,519.75,-208.56,423.06,-115.89600000000002,0.04888888888888889
mode_without_mn9,0.0125,720575940631058280,later,180.0,1000.0,11801.130000000001,-7811.232,10477.83,-6588.647999999999,0.13951219512195123
mode_without_mn9,0.0125,720575940631058280,pre_first_20ms,103.375,123.375,55.11,-10.56,55.11,-10.56,0.0
mode_without_mn9,0.0125,720575940624742158,early,0.0,180.0,577.5,-155.496,514.8000000000001,-151.53600000000003,0.06111111111111111
mode_without_mn9,0.0125,720575940624742158,later,180.0,1000.0,14504.16,-4001.712,10771.86,-2970.5280000000002,0.2629268292682927
mode_without_mn9,0.0125,720575940624742158,pre_first_20ms,103.45,123.45,69.3,-0.528,69.3,-0.528,0.0
mode_without_mn9,0.0125,720575940623067389,early,0.0,180.0,713.1300000000001,-384.384,595.32,-69.168,0.08555555555555555
mode_without_mn9,0.0125,720575940623067389,later,180.0,1000.0,32888.79,-24657.864,27417.060000000005,-17627.544,0.1824390243902439
mode_without_mn9,0.0125,720575940623067389,pre_first_20ms,103.51250000000002,123.51250000000002,57.09,-6.072000000000001,57.09,-6.072000000000001,0.0
mode_without_mn9,0.0125,720575940639373683,early,0.0,180.0,585.75,-176.08800000000002,535.26,-157.872,0.06111111111111111
mode_without_mn9,0.0125,720575940639373683,later,180.0,1000.0,14628.239999999998,-3104.904,10630.619999999999,-2217.864,0.2835060975609756
mode_without_mn9,0.0125,720575940639373683,pre_first_20ms,103.51250000000002,123.51250000000002,66.66,-5.280000000000001,66.66,-5.280000000000001,0.0
mode_without_mn9,0.0125,720575940627706645,early,0.0,180.0,492.36000000000007,-24.024000000000004,458.37,-10.296000000000001,0.07333333333333333
mode_without_mn9,0.0125,720575940627706645,later,180.0,1000.0,56731.94999999999,-65660.232,56572.229999999996,-65494.44,0.005365853658536586
mode_without_mn9,0.0125,720575940627706645,pre_first_20ms,103.6125,123.6125,40.589999999999996,0.0,40.589999999999996,0.0,0.0
mode_without_mn9,0.0125,720575940612922226,early,0.0,180.0,605.88,-522.456,569.25,-520.8720000000001,0.024444444444444446
mode_without_mn9,0.0125,720575940612922226,later,180.0,1000.0,49935.27000000001,-37733.784,37444.44,-26926.68,0.2682926829268293
mode_without_mn9,0.0125,720575940612922226,pre_first_20ms,103.65,123.65,41.25,-5.280000000000001,41.25,-5.280000000000001,0.0
mode_without_mn9,0.0125,720575940643476128,early,0.0,180.0,956.01,-281.68800000000005,723.36,-239.18400000000003,0.07333333333333333
mode_without_mn9,0.0125,720575940643476128,later,180.0,1000.0,62478.57,-20206.032,34788.6,-10905.576000000001,0.4448628048780488
mode_without_mn9,0.0125,720575940643476128,pre_first_20ms,104.26250000000002,124.26250000000002,56.76,0.0,56.76,0.0,0.0
mode_without_mn9,0.0125,720575940615953202,early,0.0,180.0,955.35,-436.128,801.9,-361.944,0.04888888888888889
mode_without_mn9,0.0125,720575940615953202,later,180.0,1000.0,34691.909999999996,-25609.32,26809.860000000004,-18660.84,0.23073170731707318
mode_without_mn9,0.0125,720575940615953202,pre_first_20ms,104.3625,124.3625,60.38999999999999,-6.864,60.38999999999999,-6.864,0.0
mode_without_mn9,0.0125,720575940619754699,early,0.0,180.0,903.54,-590.8320000000001,870.54,-368.54400000000004,0.07333333333333333
mode_without_mn9,0.0125,720575940619754699,later,180.0,1000.0,44255.64,-38858.16,38317.29000000001,-30903.840000000004,0.174390243902439
mode_without_mn9,0.0125,720575940619754699,pre_first_20ms,104.8625,124.8625,80.84999999999998,0.0,80.84999999999998,0.0,0.0
mode_without_mn9,0.0125,720575940626010042,early,0.0,180.0,426.69000000000005,-186.64800000000002,386.1,-172.92000000000002,0.03666666666666667
mode_without_mn9,0.0125,720575940626010042,later,180.0,1000.0,10321.410000000002,-6130.608,9050.58,-4990.1280000000015,0.1475609756097561
mode_without_mn9,0.0125,720575940626010042,pre_first_20ms,104.9375,124.9375,48.51,-17.424,48.51,-17.424,0.0
mode_without_mn9,0.0125,720575940630539535,early,0.0,180.0,596.6400000000001,-148.89600000000002,523.05,-90.288,0.08263888888888889
mode_without_mn9,0.0125,720575940630539535,later,180.0,1000.0,17062.65,-5573.832,12575.639999999998,-3911.1600000000008,0.28503048780487805
mode_without_mn9,0.0125,720575940630539535,pre_first_20ms,104.975,124.975,87.78,-6.6000000000000005,87.78,-6.6000000000000005,0.0
mode_without_mn9,0.0125,720575940623067686,early,0.0,180.0,679.47,-108.24000000000001,576.5100000000001,-82.896,0.07333333333333333
mode_without_mn9,0.0125,720575940623067686,later,180.0,1000.0,20238.57,-5008.872,14066.250000000002,-3509.88,0.31390243902439025
mode_without_mn9,0.0125,720575940623067686,pre_first_20ms,104.9875,124.9875,75.24000000000001,-1.848,75.24000000000001,-1.848,0.0
mode_without_mn9,0.0125,720575940645864739,early,0.0,180.0,661.3199999999999,-107.71200000000002,549.45,-86.06400000000002,0.07333333333333333
mode_without_mn9,0.0125,720575940645864739,later,180.0,1000.0,17419.38,-3823.5120000000006,12324.179999999998,-2638.416,0.30317073170731706
mode_without_mn9,0.0125,720575940645864739,pre_first_20ms,105.0625,125.0625,70.62,0.0,70.62,0.0,0.0
mode_without_mn9,0.0125,720575940633156377,early,0.0,180.0,462.98999999999995,-103.224,402.27,-91.34400000000001,0.04888888888888889
mode_without_mn9,0.0125,720575940633156377,later,180.0,1000.0,11857.890000000001,-2174.5680000000007,8898.78,-1457.544,0.2602439024390244
mode_without_mn9,0.0125,720575940633156377,pre_first_20ms,105.175,125.175,81.18,-1.056,81.18,-1.056,0.0
mode_without_mn9,0.0125,720575940624426940,early,0.0,180.0,691.3499999999999,-646.2719999999999,637.89,-621.1919999999999,0.03666666666666667
mode_without_mn9,0.0125,720575940624426940,later,180.0,1000.0,29903.280000000006,-22497.816,25183.950000000004,-16565.208,0.1797560975609756
mode_without_mn9,0.0125,720575940624426940,pre_first_20ms,105.3,125.3,96.36000000000001,-9.24,96.36000000000001,-9.24,0.0
mode_without_mn9,0.0125,720575940625203277,early,0.0,180.0,558.3599999999999,-132.79200000000003,479.15999999999997,-104.808,0.06111111111111111
mode_without_mn9,0.0125,720575940625203277,later,180.0,1000.0,18861.48,-5488.032000000001,13543.859999999999,-3929.376,0.2978048780487805
mode_without_mn9,0.0125,720575940625203277,pre_first_20ms,105.3125,125.3125,63.69,-5.28,63.69,-5.28,0.0
mode_without_mn9,0.0125,720575940624681520,early,0.0,180.0,395.34,-103.75200000000001,360.69,-102.696,0.04888888888888889
mode_without_mn9,0.0125,720575940624681520,later,180.0,1000.0,9483.869999999999,-2914.824,7735.53,-2089.8240000000005,0.21129573170731708
mode_without_mn9,0.0125,720575940624681520,pre_first_20ms,105.7125,125.7125,66.33,-0.264,66.33,-0.264,0.0
mode_without_mn9,0.0125,720575940630968680,early,0.0,180.0,485.43000000000006,-254.76,449.46000000000004,-218.59200000000004,0.04888888888888889
mode_without_mn9,0.0125,720575940630968680,later,180.0,1000.0,10778.79,-6639.336,9677.91,-5429.688000000001,0.15024390243902438
mode_without_mn9,0.0125,720575940630968680,pre_first_20ms,105.83750000000002,125.83750000000002,60.38999999999999,-11.88,60.38999999999999,-11.88,0.0
mode_without_mn9,0.0125,720575940630939855,early,0.0,180.0,503.91,-30.36,452.09999999999997,-22.968,0.06111111111111111
mode_without_mn9,0.0125,720575940630939855,later,180.0,1000.0,54167.85,-19324.008,31693.530000000002,-10559.736,0.4292682926829268
mode_without_mn9,0.0125,720575940630939855,pre_first_20ms,106.275,126.275,102.96,-0.264,102.96,-0.264,0.0
mode_without_mn9,0.0125,720575940627692565,early,0.0,180.0,910.8000000000001,-677.1600000000002,746.4599999999999,-583.7040000000002,0.04888888888888889
mode_without_mn9,0.0125,720575940627692565,later,180.0,1000.0,63477.479999999996,-37771.272000000004,40320.39,-20825.112,0.37829268292682927
mode_without_mn9,0.0125,720575940627692565,pre_first_20ms,106.35000000000002,126.35000000000002,90.08999999999999,-1.584,90.08999999999999,-1.584,0.0
mode_without_mn9,0.0125,720575940630020345,early,0.0,180.0,465.3,-228.62400000000005,425.37,-195.36000000000004,0.04888888888888889
mode_without_mn9,0.0125,720575940630020345,later,180.0,1000.0,10295.009999999998,-5600.496,9255.509999999998,-4609.176,0.15829268292682927
mode_without_mn9,0.0125,720575940630020345,pre_first_20ms,106.35000000000002,126.35000000000002,55.77,-16.632000000000005,55.77,-16.632000000000005,0.0
mode_without_mn9,0.0125,720575940620321670,early,0.0,180.0,547.47,-49.104000000000006,493.02000000000004,-34.32000000000001,0.06111111111111111
mode_without_mn9,0.0125,720575940620321670,later,180.0,1000.0,50608.14,-21912.264000000003,31123.95,-12930.984,0.39771341463414633
mode_without_mn9,0.0125,720575940620321670,pre_first_20ms,106.38750000000002,126.38750000000002,94.71,0.0,94.71,0.0,0.0
mode_without_mn9,0.0125,720575940618263365,early,0.0,180.0,542.52,-199.05600000000004,431.31000000000006,-160.776,0.04888888888888889
mode_without_mn9,0.0125,720575940618263365,later,180.0,1000.0,13412.849999999999,-6491.496,10539.210000000001,-4859.448,0.22
mode_without_mn9,0.0125,720575940618263365,pre_first_20ms,106.4375,126.4375,67.64999999999999,-5.280000000000001,67.64999999999999,-5.280000000000001,0.0
mode_without_mn9,0.0125,720575940622446085,early,0.0,180.0,420.75,-299.112,391.71,-295.68,0.024444444444444446
mode_without_mn9,0.0125,720575940622446085,later,180.0,1000.0,10405.229999999998,-8219.64,9502.02,-6949.272000000001,0.09926829268292683
mode_without_mn9,0.0125,720575940622446085,pre_first_20ms,106.45,126.45,61.709999999999994,-0.792,61.709999999999994,-0.792,0.0
mode_without_mn9,0.0125,720575940629911503,early,0.0,180.0,471.24,-114.31200000000001,393.69,-71.28,0.04888888888888889
mode_without_mn9,0.0125,720575940629911503,later,180.0,1000.0,10857.660000000002,-3293.4000000000005,8581.320000000002,-2560.0080000000003,0.2253658536585366
mode_without_mn9,0.0125,720575940629911503,pre_first_20ms,106.5,126.5,63.690000000000005,-0.528,63.690000000000005,-0.528,0.0
mode_without_mn9,0.0125,720575940620252075,early,0.0,180.0,658.02,-656.0400000000001,643.8299999999999,-604.0320000000002,0.024444444444444446
mode_without_mn9,0.0125,720575940620252075,later,180.0,1000.0,63088.740000000005,-44631.047999999995,44530.86,-29897.736000000004,0.31926829268292684
mode_without_mn9,0.0125,720575940620252075,pre_first_20ms,106.65,126.65,59.06999999999999,-2.6400000000000006,59.06999999999999,-2.6400000000000006,0.0
mode_without_mn9,0.0125,720575940622203350,early,0.0,180.0,503.25,-174.76800000000003,469.92,-140.18400000000003,0.04888888888888889
mode_without_mn9,0.0125,720575940622203350,later,180.0,1000.0,25480.62,-11689.392,17861.91,-8188.224000000001,0.2924390243902439
mode_without_mn9,0.0125,720575940622203350,pre_first_20ms,106.825,126.825,81.50999999999999,-3.96,81.50999999999999,-3.96,0.0
mode_without_mn9,0.0125,720575940619077255,early,0.0,180.0,425.03999999999996,-83.952,366.3,-70.224,0.04888888888888889
mode_without_mn9,0.0125,720575940619077255,later,180.0,1000.0,9755.79,-2315.808,7805.82,-1809.456,0.2146341463414634
mode_without_mn9,0.0125,720575940619077255,pre_first_20ms,106.9125,126.9125,62.04,-1.584,62.04,-1.584,0.0
mode_without_mn9,0.0125,720575940619709899,early,0.0,180.0,628.3199999999999,-179.256,539.22,-130.15200000000002,0.06111111111111111
mode_without_mn9,0.0125,720575940619709899,later,180.0,1000.0,32972.280000000006,-15049.320000000002,22374.66,-10268.279999999999,0.32984756097560974
mode_without_mn9,0.0125,720575940619709899,pre_first_20ms,107.0375,127.0375,91.41,-0.264,91.41,-0.264,0.0
mode_without_mn9,0.0125,720575940616370065,early,0.0,180.0,406.89000000000004,-178.99200000000002,380.16,-172.392,0.03666666666666667
mode_without_mn9,0.0125,720575940616370065,later,180.0,1000.0,10173.24,-5390.616,8404.77,-4041.3119999999994,0.174390243902439
mode_without_mn9,0.0125,720575940616370065,pre_first_20ms,107.175,127.175,51.81,-1.848,51.81,-1.848,0.0
mode_without_mn9,0.0125,720575940625032171,early,0.0,180.0,477.84,-333.696,441.21000000000004,-332.904,0.024444444444444446
mode_without_mn9,0.0125,720575940625032171,later,180.0,1000.0,13853.73,-8456.976,11232.54,-5857.103999999999,0.19048780487804878
mode_without_mn9,0.0125,720575940625032171,pre_first_20ms,107.2375,127.2375,57.09,-2.64,57.09,-2.64,0.0
mode_without_mn9,0.0125,720575940605007206,early,0.0,180.0,669.24,-306.24,536.25,-216.48000000000002,0.04888888888888889
mode_without_mn9,0.0125,720575940605007206,later,180.0,1000.0,28498.140000000003,-10937.520000000002,18798.12,-6775.824000000001,0.3353658536585366
mode_without_mn9,0.0125,720575940605007206,pre_first_20ms,107.5125,127.5125,70.95,-0.528,70.95,-0.528,0.0
mode_without_mn9,0.0125,720575940621905185,early,0.0,180.0,737.2199999999999,-160.24800000000002,609.51,-119.592,0.08555555555555555
mode_without_mn9,0.0125,720575940621905185,later,180.0,1000.0,38887.86,-13176.240000000002,26403.629999999997,-8015.040000000001,0.37829268292682927
mode_without_mn9,0.0125,720575940621905185,pre_first_20ms,107.525,127.525,53.46,-0.528,53.46,-0.528,0.0
mode_without_mn9,0.0125,720575940621921285,early,0.0,180.0,640.86,-230.472,477.51,-187.704,0.04888888888888889
mode_without_mn9,0.0125,720575940621921285,later,180.0,1000.0,49655.100000000006,-28722.144,32831.04,-17400.768000000004,0.3465853658536585
mode_without_mn9,0.0125,720575940621921285,pre_first_20ms,107.575,127.575,85.80000000000001,-0.528,85.80000000000001,-0.528,0.0
mode_without_mn9,0.0125,720575940645676579,early,0.0,180.0,381.81,-76.29599999999999,332.64,-64.944,0.04888888888888889
mode_without_mn9,0.0125,720575940645676579,later,180.0,1000.0,11825.880000000003,-3383.1600000000003,8953.23,-2518.8239999999996,0.23609756097560974
mode_without_mn9,0.0125,720575940645676579,pre_first_20ms,107.775,127.775,50.82000000000001,-0.792,50.82000000000001,-0.792,0.0
mode_without_mn9,0.0125,720575940607667723,early,0.0,180.0,468.27,-74.976,370.26,-63.096000000000004,0.04888888888888889
mode_without_mn9,0.0125,720575940607667723,later,180.0,1000.0,13220.460000000003,-2715.768,9102.390000000001,-2033.856,0.2280487804878049
mode_without_mn9,0.0125,720575940607667723,pre_first_20ms,107.875,127.875,63.36000000000001,-3.168000000000001,63.36000000000001,-3.168000000000001,0.0
mode_without_mn9,0.0125,720575940614684822,early,0.0,180.0,416.79,-263.4720000000001,385.44,-215.4240000000001,0.03666666666666667
mode_without_mn9,0.0125,720575940614684822,later,180.0,1000.0,11247.720000000001,-6567.0,9400.71,-5069.856000000001,0.16615853658536586
mode_without_mn9,0.0125,720575940614684822,pre_first_20ms,107.88750000000002,127.88750000000002,55.77,-0.264,55.77,-0.264,0.0
mode_without_mn9,0.0125,720575940628342171,early,0.0,180.0,363.33,-165.264,334.29,-125.664,0.03666666666666667
mode_without_mn9,0.0125,720575940628342171,later,180.0,1000.0,28671.39,-9523.800000000001,19449.539999999997,-6366.096000000001,0.3380487804878049
mode_without_mn9,0.0125,720575940628342171,pre_first_20ms,107.9125,127.9125,63.03000000000001,0.0,63.03000000000001,0.0,0.0
mode_without_mn9,0.0125,720575940621038294,early,0.0,180.0,331.98,-91.872,325.38,-76.56,0.03666666666666667
mode_without_mn9,0.0125,720575940621038294,later,180.0,1000.0,8957.19,-2284.92,7084.4400000000005,-1706.7600000000002,0.21195121951219512
mode_without_mn9,0.0125,720575940621038294,pre_first_20ms,108.0,128.0,55.10999999999999,-0.7920000000000001,55.10999999999999,-0.7920000000000001,0.0
mode_without_mn9,0.0125,720575940620464321,early,0.0,180.0,663.3000000000001,-639.9360000000001,650.4300000000001,-512.1600000000001,0.024444444444444446
mode_without_mn9,0.0125,720575940620464321,later,180.0,1000.0,55820.48999999999,-48819.67200000001,44808.06,-37225.056000000004,0.19585365853658537
mode_without_mn9,0.0125,720575940620464321,pre_first_20ms,108.0625,128.0625,80.52,-9.768,80.52,-9.768,0.0
mode_without_mn9,0.0125,720575940632059193,early,0.0,180.0,405.57000000000005,-218.59200000000004,376.53,-193.776,0.024444444444444446
mode_without_mn9,0.0125,720575940632059193,later,180.0,1000.0,22433.729999999996,-8516.904000000002,15815.58,-5756.52,0.2978048780487805
mode_without_mn9,0.0125,720575940632059193,pre_first_20ms,108.16250000000002,128.16250000000002,66.0,-1.32,66.0,-1.32,0.0
mode_without_mn9,0.0125,720575940646735156,early,0.0,180.0,409.53,-82.104,345.84,-51.21600000000001,0.04888888888888889
mode_without_mn9,0.0125,720575940646735156,later,180.0,1000.0,23662.32,-8987.88,16483.5,-6154.368,0.30589939024390245
mode_without_mn9,0.0125,720575940646735156,pre_first_20ms,108.20000000000002,128.20000000000002,56.10000000000001,-2.112,56.10000000000001,-2.112,0.0
mode_without_mn9,0.0125,720575940633062335,early,0.0,180.0,334.95,-141.504,297.99000000000007,-139.92,0.024444444444444446
mode_without_mn9,0.0125,720575940633062335,later,180.0,1000.0,8776.02,-3854.9280000000003,7242.51,-2759.0640000000003,0.1797560975609756
mode_without_mn9,0.0125,720575940633062335,pre_first_20ms,108.3375,128.3375,54.78,-2.112,54.78,-2.112,0.0
mode_without_mn9,0.0125,720575940643882184,early,0.0,180.0,274.89,-54.912000000000006,255.75,-34.848,0.03666666666666667
mode_without_mn9,0.0125,720575940643882184,later,180.0,1000.0,22532.399999999998,-15334.44,17814.06,-11629.728000000001,0.21620426829268294
mode_without_mn9,0.0125,720575940643882184,pre_first_20ms,108.4625,128.4625,63.69,-2.3760000000000003,63.69,-2.3760000000000003,0.0
mode_without_mn9,0.0125,720575940639505792,early,0.0,180.0,429.99,-93.456,371.5799999999999,-74.976,0.04888888888888889
mode_without_mn9,0.0125,720575940639505792,later,180.0,1000.0,14238.84,-13994.376,13756.050000000001,-12964.248000000003,0.04024390243902439
mode_without_mn9,0.0125,720575940639505792,pre_first_20ms,108.5375,128.5375,69.96000000000001,-1.32,69.96000000000001,-1.32,0.0
mode_without_mn9,0.0125,720575940605028017,early,0.0,180.0,267.29999999999995,-30.888000000000005,265.97999999999996,-25.344,0.03666666666666667
mode_without_mn9,0.0125,720575940605028017,later,180.0,1000.0,6526.74,-1509.552,5780.9400000000005,-1225.224,0.1851219512195122
mode_without_mn9,0.0125,720575940605028017,pre_first_20ms,108.6875,128.6875,30.029999999999998,-4.224000000000001,30.029999999999998,-4.224000000000001,0.0
mode_without_mn9,0.0125,720575940631865228,early,0.0,180.0,491.37,-269.28000000000003,485.1,-253.968,0.03666666666666667
mode_without_mn9,0.0125,720575940631865228,later,180.0,1000.0,11733.48,-5297.952,9669.66,-3892.152,0.21195121951219512
mode_without_mn9,0.0125,720575940631865228,pre_first_20ms,108.725,128.725,66.99,-32.208000000000006,66.99,-32.208000000000006,0.0
mode_without_mn9,0.0125,720575940624230122,early,0.0,180.0,415.46999999999997,-356.928,366.3,-285.648,0.024444444444444446
mode_without_mn9,0.0125,720575940624230122,later,180.0,1000.0,12252.9,-9123.84,10620.720000000001,-6853.440000000001,0.1375
mode_without_mn9,0.0125,720575940624230122,pre_first_20ms,108.75,128.75,54.120000000000005,-0.7920000000000001,54.120000000000005,-0.7920000000000001,0.0
mode_without_mn9,0.0125,720575940613463471,early,0.0,180.0,329.34,-106.39200000000001,318.12,-87.91200000000002,0.04888888888888889
mode_without_mn9,0.0125,720575940613463471,later,180.0,1000.0,8030.549999999999,-2660.0640000000003,6795.359999999999,-1989.7680000000003,0.19585365853658537
mode_without_mn9,0.0125,720575940613463471,pre_first_20ms,108.85,128.85,65.67,-0.264,65.67,-0.264,0.0
mode_without_mn9,0.0125,720575940626979965,early,0.0,180.0,384.12000000000006,-92.4,320.43,-74.44800000000001,0.04888888888888889
mode_without_mn9,0.0125,720575940626979965,later,180.0,1000.0,21254.639999999996,-9953.592000000002,15598.769999999999,-7362.1680000000015,0.2682926829268293
mode_without_mn9,0.0125,720575940626979965,pre_first_20ms,109.01249999999999,129.0125,51.480000000000004,-0.264,51.480000000000004,-0.264,0.0
mode_without_mn9,0.0125,720575940638677411,early,0.0,180.0,437.91,-67.84800000000001,394.02000000000004,-59.92800000000001,0.06111111111111111
mode_without_mn9,0.0125,720575940638677411,later,180.0,1000.0,9675.269999999999,-1825.8240000000003,7716.720000000001,-1386.0,0.2280487804878049
mode_without_mn9,0.0125,720575940638677411,pre_first_20ms,109.12500000000003,129.12500000000003,64.35000000000001,-6.072,64.35000000000001,-6.072,0.0
mode_without_mn9,0.0125,720575940618405848,early,0.0,180.0,312.84,-112.99200000000002,268.95,-82.632,0.03666666666666667
mode_without_mn9,0.0125,720575940618405848,later,180.0,1000.0,8857.2,-3250.6320000000005,7251.42,-2258.2560000000003,0.19853658536585367
mode_without_mn9,0.0125,720575940618405848,pre_first_20ms,109.26249999999999,129.2625,54.45,-3.1680000000000006,54.45,-3.1680000000000006,0.0
mode_without_mn9,0.0125,720575940626650890,early,0.0,180.0,389.07000000000005,-92.4,333.30000000000007,-92.13600000000001,0.04888888888888889
mode_without_mn9,0.0125,720575940626650890,later,180.0,1000.0,8405.76,-1929.0480000000002,6945.18,-1521.4320000000002,0.20926829268292682
mode_without_mn9,0.0125,720575940626650890,pre_first_20ms,109.4,129.4,70.62,-6.072000000000001,70.62,-6.072000000000001,0.0
mode_without_mn9,0.0125,720575940619766219,early,0.0,180.0,325.05,-51.48000000000001,293.70000000000005,-46.72800000000001,0.04888888888888889
mode_without_mn9,0.0125,720575940619766219,later,180.0,1000.0,19005.03,-11558.712000000001,14934.810000000001,-8538.552,0.2280487804878049
mode_without_mn9,0.0125,720575940619766219,pre_first_20ms,109.475,129.475,58.410000000000004,-0.528,58.410000000000004,-0.528,0.0
mode_without_mn9,0.0125,720575940614702754,early,0.0,180.0,332.97,-74.97600000000001,288.75,-60.98400000000001,0.03666666666666667
mode_without_mn9,0.0125,720575940614702754,later,180.0,1000.0,18545.34,-17229.696000000004,17662.59,-16072.584000000003,0.059024390243902436
mode_without_mn9,0.0125,720575940614702754,pre_first_20ms,109.51249999999999,129.5125,66.66,-1.584,66.66,-1.584,0.0
mode_without_mn9,0.0125,720575940620001958,early,0.0,180.0,586.0799999999999,-208.56000000000006,501.92999999999995,-171.864,0.04888888888888889
mode_without_mn9,0.0125,720575940620001958,later,180.0,1000.0,14780.369999999999,-5557.2,11240.13,-4094.640000000001,0.24958841463414635
mode_without_mn9,0.0125,720575940620001958,pre_first_20ms,109.63750000000002,129.63750000000002,103.95,-24.288,103.95,-24.288,0.0
mode_without_mn9,0.0125,720575940621833054,early,0.0,180.0,348.15,-52.272000000000006,281.16,-43.032000000000004,0.04888888888888889
mode_without_mn9,0.0125,720575940621833054,later,180.0,1000.0,12529.77,-4003.5600000000004,9349.23,-2979.504,0.24414634146341463
mode_without_mn9,0.0125,720575940621833054,pre_first_20ms,109.73750000000001,129.7375,63.69,-1.32,63.69,-1.32,0.0
mode_without_mn9,0.0125,720575940613792296,early,0.0,180.0,502.91999999999996,-27.192000000000004,407.54999999999995,-20.328000000000003,0.06111111111111111
mode_without_mn9,0.0125,720575940613792296,later,180.0,1000.0,48611.97000000001,-67667.16,48517.91999999999,-67599.04800000001,0.005365853658536586
mode_without_mn9,0.0125,720575940613792296,pre_first_20ms,109.7875,129.7875,67.64999999999999,-0.264,67.64999999999999,-0.264,0.0
mode_without_mn9,0.0125,720575940621457690,early,0.0,180.0,378.84,-231.00000000000003,369.59999999999997,-210.672,0.024444444444444446
mode_without_mn9,0.0125,720575940621457690,later,180.0,1000.0,47566.86,-30999.144,34275.78,-21867.120000000003,0.2924390243902439
mode_without_mn9,0.0125,720575940621457690,pre_first_20ms,109.82499999999999,129.825,72.60000000000001,-1.8480000000000003,72.60000000000001,-1.8480000000000003,0.0
mode_without_mn9,0.0125,720575940625559908,early,0.0,180.0,378.84,-240.24000000000004,353.09999999999997,-236.01600000000005,0.024444444444444446
mode_without_mn9,0.0125,720575940625559908,later,180.0,1000.0,12111.0,-6534.0,9847.859999999999,-5083.0560000000005,0.1824390243902439
mode_without_mn9,0.0125,720575940625559908,pre_first_20ms,109.8375,129.8375,78.54,-13.991999999999999,78.54,-13.991999999999999,0.0
mode_without_mn9,0.0125,720575940627946512,early,0.0,180.0,531.96,-412.36800000000005,523.7099999999999,-402.86400000000003,0.024444444444444446
mode_without_mn9,0.0125,720575940627946512,later,180.0,1000.0,13728.330000000002,-7683.192,11260.919999999998,-6384.312000000002,0.15560975609756098
mode_without_mn9,0.0125,720575940627946512,pre_first_20ms,109.88750000000002,129.88750000000002,87.11999999999999,-40.656,87.11999999999999,-40.656,0.0
mode_without_mn9,0.0125,720575940613163473,early,0.0,180.0,382.47,-280.10400000000004,372.24,-211.99200000000002,0.024444444444444446
mode_without_mn9,0.0125,720575940613163473,later,180.0,1000.0,10310.85,-7805.424,9163.44,-6204.528000000001,0.1163109756097561
mode_without_mn9,0.0125,720575940613163473,pre_first_20ms,110.13750000000002,130.13750000000002,62.7,-5.808000000000001,62.7,-5.808000000000001,0.0
mode_without_mn9,0.0125,720575940627619057,early,0.0,180.0,300.29999999999995,-206.71200000000002,296.01000000000005,-183.74400000000003,0.012222222222222223
mode_without_mn9,0.0125,720575940627619057,later,180.0,1000.0,28049.670000000002,-22469.567999999996,23032.68,-17067.864,0.19585365853658537
mode_without_mn9,0.0125,720575940627619057,pre_first_20ms,110.16250000000002,130.16250000000002,55.11,-0.528,55.11,-0.528,0.0
mode_without_mn9,0.0125,720575940634172267,early,0.0,180.0,404.91,-65.47200000000001,356.07,-57.81600000000001,0.04888888888888889
mode_without_mn9,0.0125,720575940634172267,later,180.0,1000.0,11655.6,-2463.1200000000003,9168.720000000001,-1832.4240000000002,0.24146341463414633
mode_without_mn9,0.0125,720575940634172267,pre_first_20ms,110.1875,130.1875,67.97999999999999,-3.9600000000000004,67.97999999999999,-3.9600000000000004,0.0
mode_without_mn9,0.0125,720575940623356651,early,0.0,180.0,308.22,-97.15200000000002,280.16999999999996,-83.424,0.03666666666666667
mode_without_mn9,0.0125,720575940623356651,later,180.0,1000.0,11908.71,-5742.264000000001,9490.14,-4538.16,0.20121951219512196
mode_without_mn9,0.0125,720575940623356651,pre_first_20ms,110.38750000000002,130.38750000000002,67.65,-6.072000000000001,67.65,-6.072000000000001,0.0
mode_without_mn9,0.0125,720575940616762585,early,0.0,180.0,320.76,-91.34400000000001,303.59999999999997,-79.2,0.03666666666666667
mode_without_mn9,0.0125,720575940616762585,later,180.0,1000.0,14010.810000000001,-4101.768,10525.68,-3029.664,0.2629268292682927
mode_without_mn9,0.0125,720575940616762585,pre_first_20ms,110.525,130.525,72.6,-2.904,72.6,-2.904,0.0
mode_without_mn9,0.0125,720575940627849515,early,0.0,180.0,420.09000000000003,-55.176000000000016,393.36,-44.08800000000001,0.06111111111111111
mode_without_mn9,0.0125,720575940627849515,later,180.0,1000.0,8971.710000000001,-2005.872,7129.65,-1574.7600000000002,0.20926829268292682
mode_without_mn9,0.0125,720575940627849515,pre_first_20ms,110.525,130.525,35.97,-2.3760000000000003,35.97,-2.3760000000000003,0.0
mode_without_mn9,0.0125,720575940635404724,early,0.0,180.0,338.24999999999994,-161.568,316.46999999999997,-145.72800000000004,0.024444444444444446
mode_without_mn9,0.0125,720575940635404724,later,180.0,1000.0,11912.009999999998,-5427.048000000002,9623.130000000001,-4477.176,0.20926829268292682
mode_without_mn9,0.0125,720575940635404724,pre_first_20ms,110.61249999999998,130.61249999999998,67.97999999999999,-6.072000000000001,67.97999999999999,-6.072000000000001,0.0
mode_without_mn9,0.0125,720575940626425682,early,0.0,180.0,297.33,-139.392,276.21000000000004,-136.752,0.024444444444444446
mode_without_mn9,0.0125,720575940626425682,later,180.0,1000.0,10075.23,-4357.320000000001,8122.62,-3251.1600000000003,0.19317073170731708
mode_without_mn9,0.0125,720575940626425682,pre_first_20ms,110.66250000000002,130.66250000000002,54.12,-3.696,54.12,-3.696,0.0
mode_without_mn9,0.0125,720575940626703497,early,0.0,180.0,304.26,-189.81600000000003,297.66,-180.57600000000002,0.024444444444444446
mode_without_mn9,0.0125,720575940626703497,later,180.0,1000.0,37700.520000000004,-29005.152000000002,29918.79,-21981.168,0.2173170731707317
mode_without_mn9,0.0125,720575940626703497,pre_first_20ms,110.6875,130.6875,62.7,-12.144000000000002,62.7,-12.144000000000002,0.0
mode_without_mn9,0.0125,720575940623847728,early,0.0,180.0,278.52,-89.76,250.8,-79.728,0.03666666666666667
mode_without_mn9,0.0125,720575940623847728,later,180.0,1000.0,6083.55,-2274.096,5302.7699999999995,-1657.92,0.15969512195121952
mode_without_mn9,0.0125,720575940623847728,pre_first_20ms,110.73750000000001,130.7375,55.769999999999996,-5.016,55.769999999999996,-5.016,0.0
mode_without_mn9,0.0125,720575940629225463,early,0.0,180.0,464.96999999999997,-337.12799999999993,453.41999999999996,-336.33599999999996,0.024444444444444446
mode_without_mn9,0.0125,720575940629225463,later,180.0,1000.0,13410.539999999999,-9651.576,11746.019999999999,-7454.040000000001,0.1421951219512195
mode_without_mn9,0.0125,720575940629225463,pre_first_20ms,110.80000000000001,130.8,74.58,-1.8480000000000003,74.58,-1.8480000000000003,0.0
mode_without_mn9,0.0125,720575940635397556,early,0.0,180.0,494.34000000000003,-107.184,403.26000000000005,-74.976,0.06111111111111111
mode_without_mn9,0.0125,720575940635397556,later,180.0,1000.0,12899.369999999999,-3564.264,9654.15,-2478.96,0.24682926829268292
mode_without_mn9,0.0125,720575940635397556,pre_first_20ms,110.82499999999999,130.825,64.02000000000001,-8.712,64.02000000000001,-8.712,0.0
mode_without_mn9,0.0125,720575940622971283,early,0.0,180.0,289.40999999999997,-60.19200000000001,267.29999999999995,-54.648,0.03666666666666667
mode_without_mn9,0.0125,720575940622971283,later,180.0,1000.0,12736.679999999998,-3353.064,9862.710000000001,-2626.8,0.24951219512195122
mode_without_mn9,0.0125,720575940622971283,pre_first_20ms,110.87500000000003,130.87500000000003,68.31,-1.056,68.31,-1.056,0.0
mode_without_mn9,0.0125,720575940622999688,early,0.0,180.0,354.42,-300.432,322.08,-281.42400000000004,0.012222222222222223
mode_without_mn9,0.0125,720575940622999688,later,180.0,1000.0,47841.42,-31822.296000000006,33683.76,-21771.816000000003,0.30585365853658536
mode_without_mn9,0.0125,720575940622999688,pre_first_20ms,111.0375,131.0375,66.0,-10.032,66.0,-10.032,0.0
mode_without_mn9,0.0125,720575940610205282,early,0.0,180.0,287.76,-42.504000000000005,251.45999999999998,-37.224000000000004,0.03666666666666667
mode_without_mn9,0.0125,720575940610205282,later,180.0,1000.0,8534.460000000001,-4071.1440000000007,7058.370000000001,-3321.6480000000006,0.16902439024390245
mode_without_mn9,0.0125,720575940610205282,pre_first_20ms,111.20000000000002,131.20000000000002,56.43000000000001,-2.3760000000000003,56.43000000000001,-2.3760000000000003,0.0
mode_without_mn9,0.0125,720575940622446341,early,0.0,180.0,381.48,-301.22400000000005,355.40999999999997,-229.944,0.024444444444444446
mode_without_mn9,0.0125,720575940622446341,later,180.0,1000.0,9370.68,-8292.504,8545.679999999998,-6406.224,0.08585365853658537
mode_without_mn9,0.0125,720575940622446341,pre_first_20ms,111.26250000000002,131.26250000000002,62.7,-4.488,62.7,-4.488,0.0
mode_without_mn9,0.0125,720575940628210887,early,0.0,180.0,242.22000000000003,-83.952,235.62000000000003,-77.088,0.024444444444444446
mode_without_mn9,0.0125,720575940628210887,later,180.0,1000.0,62577.56999999999,-32020.560000000005,39566.01,-19119.144,0.39707317073170734
mode_without_mn9,0.0125,720575940628210887,pre_first_20ms,111.26250000000002,131.26250000000002,51.15,-2.3760000000000003,51.15,-2.3760000000000003,0.0
mode_without_mn9,0.0125,720575940613303471,early,0.0,180.0,379.16999999999996,-46.20000000000001,262.02,-43.032000000000004,0.03666666666666667
mode_without_mn9,0.0125,720575940613303471,later,180.0,1000.0,9356.159999999998,-2312.64,7215.450000000001,-1691.4480000000003,0.2096798780487805
mode_without_mn9,0.0125,720575940613303471,pre_first_20ms,111.30000000000001,131.3,61.050000000000004,-3.4320000000000004,61.050000000000004,-3.4320000000000004,0.0
mode_without_mn9,0.0125,720575940657580417,early,0.0,180.0,360.03,-82.896,330.99,-72.336,0.04888888888888889
mode_without_mn9,0.0125,720575940657580417,later,180.0,1000.0,17111.49,-7801.464,13389.749999999996,-5814.336000000001,0.24414634146341463
mode_without_mn9,0.0125,720575940657580417,pre_first_20ms,111.4,131.4,64.35000000000001,-2.3760000000000003,64.35000000000001,-2.3760000000000003,0.0
mode_without_mn9,0.0125,720575940617841437,early,0.0,180.0,288.09,-90.28800000000001,264.66,-88.70400000000001,0.03625
mode_without_mn9,0.0125,720575940617841437,later,180.0,1000.0,9793.08,-3745.1040000000003,7915.38,-2834.304,0.2046951219512195
mode_without_mn9,0.0125,720575940617841437,pre_first_20ms,111.5,131.5,50.49,-1.056,50.49,-1.056,0.0
mode_without_mn9,0.0125,720575940638379598,early,0.0,180.0,281.82,-139.12800000000007,252.12,-101.90400000000002,0.024444444444444446
mode_without_mn9,0.0125,720575940638379598,later,180.0,1000.0,9470.010000000002,-4436.256,7910.43,-3436.224,0.1784451219512195
mode_without_mn9,0.0125,720575940638379598,pre_first_20ms,111.525,131.525,50.16,-2.64,50.16,-2.64,0.0
mode_without_mn9,0.0125,720575940619773505,early,0.0,180.0,282.81000000000006,-113.52000000000001,259.05,-75.24000000000001,0.03666666666666667
mode_without_mn9,0.0125,720575940619773505,later,180.0,1000.0,7060.35,-2659.0080000000003,5947.26,-2119.92,0.16902439024390245
mode_without_mn9,0.0125,720575940619773505,pre_first_20ms,111.67500000000001,131.675,62.03999999999999,-9.504000000000001,62.03999999999999,-9.504000000000001,0.0
mode_without_mn9,0.0125,720575940626778008,early,0.0,180.0,646.1400000000001,-114.57599999999998,593.01,-109.82399999999998,0.04888888888888889
mode_without_mn9,0.0125,720575940626778008,later,180.0,1000.0,26099.370000000006,-15303.552000000001,20471.55,-10769.880000000001,0.24146341463414633
mode_without_mn9,0.0125,720575940626778008,pre_first_20ms,111.67500000000001,131.675,125.4,-2.3760000000000003,125.4,-2.3760000000000003,0.0
mode_without_mn9,0.0125,720575940615042246,early,0.0,180.0,431.96999999999997,-447.7440000000001,426.03,-447.7440000000001,0.012222222222222223
mode_without_mn9,0.0125,720575940615042246,later,180.0,1000.0,11266.859999999997,-10089.816000000003,10436.580000000002,-8138.8560000000025,0.07780487804878049
mode_without_mn9,0.0125,720575940615042246,pre_first_20ms,111.70000000000002,131.70000000000002,70.62,-5.016,70.62,-5.016,0.0
mode_without_mn9,0.0125,720575940617825949,early,0.0,180.0,280.83000000000004,-33.792,261.03000000000003,-28.776000000000003,0.03666666666666667
mode_without_mn9,0.0125,720575940617825949,later,180.0,1000.0,8543.7,-4227.96,7143.840000000001,-3525.192,0.16634146341463416
mode_without_mn9,0.0125,720575940617825949,pre_first_20ms,111.87500000000003,131.87500000000003,65.01,-2.6400000000000006,65.01,-2.6400000000000006,0.0
mode_without_mn9,0.0125,720575940610506542,early,0.0,180.0,276.87,-192.984,254.43000000000004,-180.04800000000003,0.024444444444444446
mode_without_mn9,0.0125,720575940610506542,later,180.0,1000.0,28960.140000000003,-20815.344,22205.7,-15433.44,0.23073170731707318
mode_without_mn9,0.0125,720575940610506542,pre_first_20ms,111.9375,131.9375,64.68,-8.448,64.68,-8.448,0.0
mode_without_mn9,0.0125,720575940612734066,early,0.0,180.0,402.27000000000004,-105.60000000000001,349.14,-92.13600000000001,0.04888888888888889
mode_without_mn9,0.0125,720575940612734066,later,180.0,1000.0,19303.35,-9819.744,14530.890000000001,-7079.951999999999,0.24682926829268292
mode_without_mn9,0.0125,720575940612734066,pre_first_20ms,111.95000000000002,131.95000000000002,73.92,-13.200000000000001,73.92,-13.200000000000001,0.0
mode_without_mn9,0.0125,720575940613981905,early,0.0,180.0,319.44,-47.25600000000001,292.05,-44.616,0.04555555555555556
mode_without_mn9,0.0125,720575940613981905,later,180.0,1000.0,8139.780000000001,-1610.928,6668.97,-1296.5040000000001,0.2073170731707317
mode_without_mn9,0.0125,720575940613981905,pre_first_20ms,111.95000000000002,131.95000000000002,59.400000000000006,-1.584,59.400000000000006,-1.584,0.0
mode_without_mn9,0.0125,720575940629908540,early,0.0,180.0,264.0,-88.70400000000001,254.76,-72.60000000000001,0.024444444444444446
mode_without_mn9,0.0125,720575940629908540,later,180.0,1000.0,9648.210000000001,-6116.88,8331.51,-5114.2080000000005,0.1448780487804878
mode_without_mn9,0.0125,720575940629908540,pre_first_20ms,112.0,132.0,66.33000000000001,-6.864000000000001,66.33000000000001,-6.864000000000001,0.0
mode_without_mn9,0.0125,720575940617306717,early,0.0,180.0,287.09999999999997,-35.112,257.07000000000005,-28.247999999999998,0.03666666666666667
mode_without_mn9,0.0125,720575940617306717,later,180.0,1000.0,11018.699999999999,-7866.408000000001,9645.239999999998,-6768.960000000001,0.12878048780487805
mode_without_mn9,0.0125,720575940617306717,pre_first_20ms,112.01250000000002,132.01250000000002,65.67,-1.848,65.67,-1.848,0.0
mode_without_mn9,0.0125,720575940619863125,early,0.0,180.0,282.48,-192.45600000000002,248.82,-186.64800000000002,0.024444444444444446
mode_without_mn9,0.0125,720575940619863125,later,180.0,1000.0,25146.66,-22536.096000000005,22324.500000000004,-19335.624,0.11804878048780487
mode_without_mn9,0.0125,720575940619863125,pre_first_20ms,112.025,132.025,66.99,-7.656000000000001,66.99,-7.656000000000001,0.0
mode_without_mn9,0.0125,720575940616702465,early,0.0,180.0,333.63,-54.648,279.84000000000003,-43.29600000000001,0.03666666666666667
mode_without_mn9,0.0125,720575940616702465,later,180.0,1000.0,7886.67,-1094.28,5974.650000000001,-895.752,0.20390243902439023
mode_without_mn9,0.0125,720575940616702465,pre_first_20ms,112.07499999999999,132.075,73.92000000000002,-9.768,73.92000000000002,-9.768,0.0
mode_without_mn9,0.0125,720575940617649954,early,0.0,180.0,318.45000000000005,-52.80000000000001,260.70000000000005,-52.272000000000006,0.024444444444444446
mode_without_mn9,0.0125,720575940617649954,later,180.0,1000.0,23036.64,-9892.344000000001,16864.98,-6928.944,0.2817073170731707
mode_without_mn9,0.0125,720575940617649954,pre_first_20ms,112.30000000000001,132.3,80.52,-2.64,80.52,-2.64,0.0
mode_without_mn9,0.0125,720575940620904614,early,0.0,180.0,275.21999999999997,-43.56,255.75,-38.80800000000001,0.03666666666666667
mode_without_mn9,0.0125,720575940620904614,later,180.0,1000.0,9209.97,-3333.5280000000007,7411.140000000001,-2532.2880000000005,0.20121951219512196
mode_without_mn9,0.0125,720575940620904614,pre_first_20ms,112.47500000000002,132.47500000000002,60.39,-4.488,60.39,-4.488,0.0
mode_without_mn9,0.0125,720575940614376615,early,0.0,180.0,289.74,-40.392,257.73,-36.168000000000006,0.03666666666666667
mode_without_mn9,0.0125,720575940614376615,later,180.0,1000.0,10253.429999999998,-6022.103999999999,8741.7,-5013.624000000001,0.16097560975609757
mode_without_mn9,0.0125,720575940614376615,pre_first_20ms,112.625,132.625,79.53,-2.3760000000000003,79.53,-2.3760000000000003,0.0
mode_without_mn9,0.0125,720575940631561676,early,0.0,180.0,710.1600000000001,-418.176,673.2,-300.168,0.06111111111111111
mode_without_mn9,0.0125,720575940631561676,later,180.0,1000.0,18152.31,-8156.544000000003,13989.029999999999,-5701.608,0.2554115853658537
mode_without_mn9,0.0125,720575940631561676,pre_first_20ms,112.625,132.625,171.60000000000002,-99.52800000000002,171.60000000000002,-99.52800000000002,0.0
mode_without_mn9,0.0125,720575940631937042,early,0.0,180.0,268.62,-63.09600000000001,251.13,-59.136,0.03666666666666667
mode_without_mn9,0.0125,720575940631937042,later,180.0,1000.0,9075.99,-6912.840000000002,8270.130000000001,-6192.912,0.09121951219512195
mode_without_mn9,0.0125,720575940631937042,pre_first_20ms,112.70000000000002,132.70000000000002,59.730000000000004,-7.128000000000001,59.730000000000004,-7.128000000000001,0.0
mode_without_mn9,0.0125,720575940626003130,early,0.0,180.0,226.70999999999998,-47.784,207.24,-46.728,0.024444444444444446
mode_without_mn9,0.0125,720575940626003130,later,180.0,1000.0,24450.029999999995,-14928.408000000001,18384.299999999996,-10817.136,0.24951219512195122
mode_without_mn9,0.0125,720575940626003130,pre_first_20ms,112.73750000000001,132.7375,56.760000000000005,-2.9040000000000004,56.760000000000005,-2.9040000000000004,0.0
mode_without_mn9,0.0125,720575940629560770,early,0.0,180.0,607.1999999999999,-224.39999999999998,544.1700000000001,-215.16,0.04888888888888889
mode_without_mn9,0.0125,720575940629560770,later,180.0,1000.0,15016.98,-4504.368,11321.970000000001,-3306.3360000000002,0.2575609756097561
mode_without_mn9,0.0125,720575940629560770,pre_first_20ms,112.73750000000001,132.7375,93.06,-15.312000000000003,93.06,-15.312000000000003,0.0
mode_without_mn9,0.0125,720575940629512314,early,0.0,180.0,255.42,-30.624000000000002,230.01000000000002,-28.776000000000003,0.03666666666666667
mode_without_mn9,0.0125,720575940629512314,later,180.0,1000.0,8409.390000000001,-3677.2560000000008,6977.19,-2992.1760000000004,0.17170731707317075
mode_without_mn9,0.0125,720575940629512314,pre_first_20ms,112.8375,132.8375,69.63,-2.64,69.63,-2.64,0.0
mode_without_mn9,0.0125,720575940621646668,early,0.0,180.0,346.83000000000004,-111.67200000000001,312.51,-97.15200000000002,0.043263888888888886
mode_without_mn9,0.0125,720575940621646668,later,180.0,1000.0,11270.490000000002,-5258.616000000001,9171.36,-4185.720000000001,0.20245426829268293
mode_without_mn9,0.0125,720575940621646668,pre_first_20ms,112.88750000000002,132.88750000000002,65.34,-11.352,65.34,-11.352,0.0
mode_without_mn9,0.0125,720575940635517876,early,0.0,180.0,216.48000000000002,-68.11200000000001,207.9,-60.984,0.024444444444444446
mode_without_mn9,0.0125,720575940635517876,later,180.0,1000.0,10860.63,-3588.2880000000005,8610.36,-2765.9280000000003,0.2226829268292683
mode_without_mn9,0.0125,720575940635517876,pre_first_20ms,112.97500000000002,132.97500000000002,48.18000000000001,-1.056,48.18000000000001,-1.056,0.0
mode_without_mn9,0.0125,720575940639355726,early,0.0,180.0,282.15,-126.98400000000002,260.7,-103.48799999999999,0.024444444444444446
mode_without_mn9,0.0125,720575940639355726,later,180.0,1000.0,13528.679999999998,-6315.6720000000005,10571.55,-4801.104000000001,0.22347560975609757
mode_without_mn9,0.0125,720575940639355726,pre_first_20ms,113.17500000000001,133.175,77.88000000000001,-10.824000000000002,77.88000000000001,-10.824000000000002,0.0
mode_without_mn9,0.0125,720575940624338068,early,0.0,180.0,264.99,-81.31200000000001,238.92,-76.56000000000002,0.024444444444444446
mode_without_mn9,0.0125,720575940624338068,later,180.0,1000.0,13191.42,-11159.544000000002,12203.729999999998,-10023.552000000001,0.08317073170731708
mode_without_mn9,0.0125,720575940624338068,pre_first_20ms,113.30000000000001,133.3,81.17999999999999,-1.056,81.17999999999999,-1.056,0.0
mode_without_mn9,0.0125,720575940634113687,early,0.0,180.0,494.67,-186.12,429.33000000000004,-153.648,0.04888888888888889
mode_without_mn9,0.0125,720575940634113687,later,180.0,1000.0,11216.7,-4298.976000000001,8755.56,-3367.5840000000007,0.20121951219512196
mode_without_mn9,0.0125,720575940634113687,pre_first_20ms,113.32499999999999,133.325,70.95,-20.592,70.95,-20.592,0.0
mode_without_mn9,0.0125,720575940627980955,early,0.0,180.0,365.64,-95.30400000000002,331.32,-93.19200000000002,0.03666666666666667
mode_without_mn9,0.0125,720575940627980955,later,180.0,1000.0,10189.410000000002,-1438.008,7617.06,-1134.9360000000001,0.23878048780487804
mode_without_mn9,0.0125,720575940627980955,pre_first_20ms,113.48750000000001,133.4875,96.03,-11.088000000000001,96.03,-11.088000000000001,0.0
mode_without_mn9,0.0125,720575940628695056,early,0.0,180.0,243.87,-99.528,205.92000000000002,-80.784,0.024444444444444446
mode_without_mn9,0.0125,720575940628695056,later,180.0,1000.0,27456.659999999996,-6694.512000000001,18821.879999999997,-4318.2480000000005,0.3595121951219512
mode_without_mn9,0.0125,720575940628695056,pre_first_20ms,113.48750000000001,133.4875,65.67,-5.808000000000001,65.67,-5.808000000000001,0.0
mode_without_mn9,0.0125,720575940628682283,early,0.0,180.0,219.12,-11.088000000000001,204.60000000000002,-10.824000000000002,0.03666666666666667
mode_without_mn9,0.0125,720575940628682283,later,180.0,1000.0,12814.890000000001,-5266.008,9990.75,-3890.304000000001,0.2280487804878049
mode_without_mn9,0.0125,720575940628682283,pre_first_20ms,113.5375,133.5375,71.28,-1.8480000000000003,71.28,-1.8480000000000003,0.0
mode_without_mn9,0.0125,720575940612551594,early,0.0,180.0,239.91,-30.624000000000002,226.05,-25.344,0.03666666666666667
mode_without_mn9,0.0125,720575940612551594,later,180.0,1000.0,16780.83,-13517.856000000002,14544.090000000002,-11130.504,0.13951219512195123
mode_without_mn9,0.0125,720575940612551594,pre_first_20ms,113.5875,133.5875,66.0,-0.528,66.0,-0.528,0.0
mode_without_mn9,0.0125,720575940651305718,early,0.0,180.0,219.45,-38.28,193.71000000000004,-32.472,0.024444444444444446
mode_without_mn9,0.0125,720575940651305718,later,180.0,1000.0,9688.47,-7752.624000000001,8981.94,-7062.264000000001,0.07780487804878049
mode_without_mn9,0.0125,720575940651305718,pre_first_20ms,113.6,133.6,69.96000000000001,-2.64,69.96000000000001,-2.64,0.0
mode_without_mn9,0.0125,720575940620718318,early,0.0,180.0,309.54,-22.968000000000004,290.40000000000003,-17.952,0.04888888888888889
mode_without_mn9,0.0125,720575940620718318,later,180.0,1000.0,20093.7,-7270.296,14540.460000000001,-5079.0960000000005,0.2924390243902439
mode_without_mn9,0.0125,720575940620718318,pre_first_20ms,113.66250000000002,133.66250000000002,57.75,-2.112,57.75,-2.112,0.0
mode_without_mn9,0.0125,720575940630552591,early,0.0,180.0,278.85,-38.544000000000004,259.37999999999994,-36.168000000000006,0.03666666666666667
mode_without_mn9,0.0125,720575940630552591,later,180.0,1000.0,7318.079999999999,-1416.624,5878.620000000001,-1129.92,0.19585365853658537
mode_without_mn9,0.0125,720575940630552591,pre_first_20ms,113.775,133.775,48.17999999999999,-6.600000000000001,48.17999999999999,-6.600000000000001,0.0
mode_without_mn9,0.0125,720575940628290307,early,0.0,180.0,202.62,-184.00800000000004,202.61999999999998,-182.952,0.012222222222222223
mode_without_mn9,0.0125,720575940628290307,later,180.0,1000.0,5343.6900000000005,-4201.296,5184.299999999999,-3814.0080000000007,0.05097560975609756
mode_without_mn9,0.0125,720575940628290307,pre_first_20ms,113.80000000000001,133.8,67.64999999999999,-1.8480000000000003,67.64999999999999,-1.8480000000000003,0.0
mode_without_mn9,0.0125,720575940634752666,early,0.0,180.0,254.10000000000002,-111.936,247.83,-104.80800000000002,0.024444444444444446
mode_without_mn9,0.0125,720575940634752666,later,180.0,1000.0,10456.710000000001,-5318.0160000000005,8524.89,-4233.504,0.1824390243902439
mode_without_mn9,0.0125,720575940634752666,pre_first_20ms,113.875,133.875,61.71,-8.448,61.71,-8.448,0.0
mode_without_mn9,0.0125,720575940621018977,early,0.0,180.0,329.67,-39.072,295.02,-34.05600000000001,0.04888888888888889
mode_without_mn9,0.0125,720575940621018977,later,180.0,1000.0,25763.429999999997,-10386.552,17952.329999999998,-7108.200000000001,0.30585365853658536
mode_without_mn9,0.0125,720575940621018977,pre_first_20ms,113.88749999999999,133.8875,69.63,-6.072,69.63,-6.072,0.0
mode_without_mn9,0.0125,720575940614789791,early,0.0,180.0,218.79,-35.904,201.29999999999998,-33.792,0.024444444444444446
mode_without_mn9,0.0125,720575940614789791,later,180.0,1000.0,7072.23,-3386.0640000000003,6111.27,-2902.6800000000003,0.15024390243902438
mode_without_mn9,0.0125,720575940614789791,pre_first_20ms,114.0,134.0,58.410000000000004,-2.3760000000000003,58.410000000000004,-2.3760000000000003,0.0
mode_without_mn9,0.0125,720575940617853986,early,0.0,180.0,224.73000000000002,-113.256,203.28000000000003,-100.84800000000001,0.024444444444444446
mode_without_mn9,0.0125,720575940617853986,later,180.0,1000.0,75634.02,-38187.864,46493.04,-21067.2,0.4373170731707317
mode_without_mn9,0.0125,720575940617853986,pre_first_20ms,114.17500000000001,134.175,54.12,-4.488,54.12,-4.488,0.0
mode_without_mn9,0.0125,720575940624915435,early,0.0,180.0,228.36,-31.944000000000003,195.36,-30.360000000000003,0.027430555555555555
mode_without_mn9,0.0125,720575940624915435,later,180.0,1000.0,8902.41,-2590.896,7148.79,-2051.016,0.20885670731707318
mode_without_mn9,0.0125,720575940624915435,pre_first_20ms,114.25,134.25,54.45,-3.4320000000000004,54.45,-3.4320000000000004,0.0
mode_without_mn9,0.0125,720575940605777353,early,0.0,180.0,334.29,-121.44000000000001,299.9700000000001,-118.80000000000003,0.03666666666666667
mode_without_mn9,0.0125,720575940605777353,later,180.0,1000.0,10382.46,-4088.8320000000003,8471.76,-3165.36,0.20658536585365853
mode_without_mn9,0.0125,720575940605777353,pre_first_20ms,114.275,134.275,57.09,-3.4320000000000004,57.09,-3.4320000000000004,0.0
mode_without_mn9,0.0125,720575940610209378,early,0.0,180.0,557.37,-394.416,523.71,-376.728,0.03666666666666667
mode_without_mn9,0.0125,720575940610209378,later,180.0,1000.0,13995.63,-6337.0560000000005,11277.09,-4772.063999999999,0.2236890243902439
mode_without_mn9,0.0125,720575940610209378,pre_first_20ms,114.275,134.275,121.10999999999999,-27.456,121.10999999999999,-27.456,0.0
mode_without_mn9,0.0125,720575940631673484,early,0.0,180.0,248.49,-33.00000000000001,243.21,-33.0,0.03666666666666667
mode_without_mn9,0.0125,720575940631673484,later,180.0,1000.0,7429.29,-2595.12,6449.849999999999,-2108.304,0.1770731707317073
mode_without_mn9,0.0125,720575940631673484,pre_first_20ms,114.2875,134.2875,52.470000000000006,-3.6960000000000006,52.470000000000006,-3.6960000000000006,0.0
mode_without_mn9,0.0125,720575940619917990,early,0.0,180.0,218.79,-34.584,199.32,-33.0,0.024444444444444446
mode_without_mn9,0.0125,720575940619917990,later,180.0,1000.0,7284.749999999999,-2494.8000000000006,5994.45,-2090.88,0.174390243902439
mode_without_mn9,0.0125,720575940619917990,pre_first_20ms,114.30000000000001,134.3,54.45,-2.112,54.45,-2.112,0.0
mode_without_mn9,0.0125,720575940628958979,early,0.0,180.0,201.63000000000002,-48.576,190.07999999999998,-23.760000000000005,0.024444444444444446
mode_without_mn9,0.0125,720575940628958979,later,180.0,1000.0,50474.16,-28505.928000000007,33915.09,-18248.736,0.348780487804878
mode_without_mn9,0.0125,720575940628958979,pre_first_20ms,114.32499999999999,134.325,89.09999999999998,-3.168,89.09999999999998,-3.168,0.0
mode_without_mn9,0.0125,720575940629763575,early,0.0,180.0,239.58,-31.944000000000003,209.54999999999998,-28.248000000000005,0.03666666666666667
mode_without_mn9,0.0125,720575940629763575,later,180.0,1000.0,6656.099999999999,-2329.536,6059.790000000001,-1977.3600000000006,0.16365853658536586
mode_without_mn9,0.0125,720575940629763575,pre_first_20ms,114.3375,134.3375,51.15,-1.32,51.15,-1.32,0.0
mode_without_mn9,0.0125,720575940632212039,early,0.0,180.0,307.2300000000001,-46.992000000000004,274.22999999999996,-41.184,0.03666666666666667
mode_without_mn9,0.0125,720575940632212039,later,180.0,1000.0,15178.02,-7094.208000000001,12099.779999999999,-5310.096,0.23609756097560974
mode_without_mn9,0.0125,720575940632212039,pre_first_20ms,114.36249999999998,134.36249999999998,77.88,-2.3760000000000003,77.88,-2.3760000000000003,0.0
mode_without_mn9,0.0125,720575940627321674,early,0.0,180.0,194.04,-28.776000000000003,171.93,-24.024,0.024444444444444446
mode_without_mn9,0.0125,720575940627321674,later,180.0,1000.0,8226.900000000001,-5602.080000000001,7343.490000000001,-4917.264000000001,0.11
mode_without_mn9,0.0125,720575940627321674,pre_first_20ms,114.47500000000002,134.47500000000002,64.68,-1.848,64.68,-1.848,0.0
mode_without_mn9,0.0125,720575940640942837,early,0.0,180.0,187.76999999999998,-50.42400000000001,183.14999999999998,-37.75200000000001,0.024444444444444446
mode_without_mn9,0.0125,720575940640942837,later,180.0,1000.0,24276.12,-16628.304,19249.559999999998,-12857.063999999998,0.2146341463414634
mode_without_mn9,0.0125,720575940640942837,pre_first_20ms,114.5,134.5,65.67,-5.016000000000001,65.67,-5.016000000000001,0.0
mode_without_mn9,0.0125,720575940606726834,early,0.0,180.0,302.28000000000003,-117.744,276.54,-116.424,0.024444444444444446
mode_without_mn9,0.0125,720575940606726834,later,180.0,1000.0,7994.25,-4986.959999999999,7129.9800000000005,-4145.064,0.12341463414634146
mode_without_mn9,0.0125,720575940606726834,pre_first_20ms,114.5625,134.5625,62.03999999999999,-2.112,62.03999999999999,-2.112,0.0
mode_without_mn9,0.0125,720575940626653309,early,0.0,180.0,250.47,-192.45600000000005,227.7,-188.76000000000002,0.012222222222222223
mode_without_mn9,0.0125,720575940626653309,later,180.0,1000.0,19963.68,-4200.768000000001,13954.710000000001,-2898.1920000000005,0.31926829268292684
mode_without_mn9,0.0125,720575940626653309,pre_first_20ms,114.625,134.625,75.9,-3.9600000000000004,75.9,-3.9600000000000004,0.0
mode_without_mn9,0.0125,720575940605495072,early,0.0,180.0,173.91,-146.78400000000002,173.91,-146.52,0.012222222222222223
mode_without_mn9,0.0125,720575940605495072,later,180.0,1000.0,5571.39,-6008.376,5562.48,-5961.912,0.005365853658536586
mode_without_mn9,0.0125,720575940605495072,pre_first_20ms,114.63749999999999,134.6375,61.05,0.0,61.05,0.0,0.0
mode_without_mn9,0.0125,720575940628349456,early,0.0,180.0,285.12,-132.264,265.65,-129.62400000000002,0.024444444444444446
mode_without_mn9,0.0125,720575940628349456,later,180.0,1000.0,6072.329999999999,-5219.280000000001,5719.2300000000005,-5156.976000000001,0.042926829268292686
mode_without_mn9,0.0125,720575940628349456,pre_first_20ms,114.70000000000002,134.70000000000002,56.76,-5.016000000000001,56.76,-5.016000000000001,0.0
mode_without_mn9,0.0125,720575940624544748,early,0.0,180.0,237.60000000000002,-81.31200000000001,218.13,-63.888000000000005,0.024444444444444446
mode_without_mn9,0.0125,720575940624544748,later,180.0,1000.0,24388.65,-12474.792000000003,17546.1,-8729.952000000001,0.28295731707317073
mode_without_mn9,0.0125,720575940624544748,pre_first_20ms,114.7125,134.7125,71.61,-8.975999999999999,71.61,-8.975999999999999,0.0
mode_without_mn9,0.0125,720575940615413435,early,0.0,180.0,377.19,-230.73600000000002,357.05999999999995,-220.70400000000004,0.024444444444444446
mode_without_mn9,0.0125,720575940615413435,later,180.0,1000.0,8922.54,-6001.2480000000005,7969.83,-5173.080000000001,0.11536585365853659
mode_without_mn9,0.0125,720575940615413435,pre_first_20ms,114.775,134.775,61.71,-11.088000000000001,61.71,-11.088000000000001,0.0
mode_without_mn9,0.0125,720575940622399190,early,0.0,180.0,238.25999999999996,-47.52,221.76,-43.56000000000001,0.03666666666666667
mode_without_mn9,0.0125,720575940622399190,later,180.0,1000.0,7255.05,-2279.376,5962.77,-1842.1920000000002,0.174390243902439
mode_without_mn9,0.0125,720575940622399190,pre_first_20ms,114.80000000000001,134.8,53.129999999999995,-4.752000000000001,53.129999999999995,-4.752000000000001,0.0
mode_without_mn9,0.0125,720575940625419495,early,0.0,180.0,372.90000000000003,-111.672,310.86,-105.6,0.03666666666666667
mode_without_mn9,0.0125,720575940625419495,later,180.0,1000.0,29119.86,-11015.664,19614.210000000003,-7378.800000000001,0.32435975609756096
mode_without_mn9,0.0125,720575940625419495,pre_first_20ms,114.82499999999999,134.825,68.64,-18.48,68.64,-18.48,0.0
mode_without_mn9,0.0125,720575940625926693,early,0.0,180.0,297.33000000000004,-90.28800000000001,244.53,-60.98400000000001,0.03666666666666667
mode_without_mn9,0.0125,720575940625926693,later,180.0,1000.0,47461.59,-38658.840000000004,35843.28,-26875.200000000004,0.2548780487804878
mode_without_mn9,0.0125,720575940625926693,pre_first_20ms,114.82499999999999,134.825,69.63,-10.560000000000002,69.63,-10.560000000000002,0.0
mode_without_mn9,0.0125,720575940625990974,early,0.0,180.0,171.93,-87.912,165.66,-81.84,0.012222222222222223
mode_without_mn9,0.0125,720575940625990974,later,180.0,1000.0,14098.590000000002,-3682.0080000000003,10324.710000000001,-2638.416,0.2548780487804878
mode_without_mn9,0.0125,720575940625990974,pre_first_20ms,114.90000000000003,134.90000000000003,65.01,-7.6560000000000015,65.01,-7.6560000000000015,0.0
mode_without_mn9,0.0125,720575940622045917,early,0.0,180.0,221.10000000000002,-18.480000000000004,209.88,-18.216,0.03666666666666667
mode_without_mn9,0.0125,720575940622045917,later,180.0,1000.0,6663.029999999999,-3545.7840000000006,5940.99,-3052.3680000000004,0.12341463414634146
mode_without_mn9,0.0125,720575940622045917,pre_first_20ms,114.91250000000002,134.91250000000002,53.46,-1.848,53.46,-1.848,0.0
mode_without_mn9,0.0125,720575940622858534,early,0.0,180.0,189.42000000000002,-95.56800000000001,176.21999999999997,-89.76000000000002,0.012222222222222223
mode_without_mn9,0.0125,720575940622858534,later,180.0,1000.0,13957.02,-3487.9680000000008,10037.279999999999,-2526.4800000000005,0.2548780487804878
mode_without_mn9,0.0125,720575940622858534,pre_first_20ms,114.93750000000003,134.93750000000003,66.99,-8.184000000000001,66.99,-8.184000000000001,0.0
mode_without_mn9,0.0125,720575940623199684,early,0.0,180.0,205.92000000000002,-14.784000000000002,186.78000000000003,-12.408000000000001,0.03666666666666667
mode_without_mn9,0.0125,720575940623199684,later,180.0,1000.0,15851.220000000001,-3731.3760000000007,11332.53,-2721.8400000000006,0.2821189024390244
mode_without_mn9,0.0125,720575940623199684,pre_first_20ms,114.93750000000003,134.93750000000003,59.73,-1.056,59.73,-1.056,0.0
mode_without_mn9,0.0125,720575940623088309,early,0.0,180.0,195.69000000000003,-24.288000000000004,160.38000000000002,-21.384,0.024444444444444446
mode_without_mn9,0.0125,720575940623088309,later,180.0,1000.0,5646.300000000001,-1953.6000000000001,4834.17,-1673.496,0.1475609756097561
mode_without_mn9,0.0125,720575940623088309,pre_first_20ms,115.01250000000002,135.01250000000002,51.81,-1.848,51.81,-1.848,0.0
mode_without_mn9,0.0125,720575940609674052,early,0.0,180.0,192.39000000000001,-13.728,174.23999999999998,-11.88,0.024444444444444446
mode_without_mn9,0.0125,720575940609674052,later,180.0,1000.0,14204.19,-4820.112000000001,10775.49,-3464.472,0.24414634146341463
mode_without_mn9,0.0125,720575940609674052,pre_first_20ms,115.0875,135.0875,68.64,-1.056,68.64,-1.056,0.0
mode_without_mn9,0.0125,720575940626717573,early,0.0,180.0,194.70000000000002,-213.57600000000002,186.45000000000005,-212.256,0.012222222222222223
mode_without_mn9,0.0125,720575940626717573,later,180.0,1000.0,5133.8099999999995,-5051.904,5111.04,-5031.312,0.002682926829268293
mode_without_mn9,0.0125,720575940626717573,pre_first_20ms,115.18750000000003,135.18750000000003,59.730000000000004,-1.056,59.730000000000004,-1.056,0.0
mode_without_mn9,0.0125,720575940626024323,early,0.0,180.0,263.01,-53.32800000000001,223.74,-50.16,0.03666666666666667
mode_without_mn9,0.0125,720575940626024323,later,180.0,1000.0,7425.990000000001,-2455.4639999999995,6159.449999999999,-2025.408,0.1770731707317073
mode_without_mn9,0.0125,720575940626024323,pre_first_20ms,115.2125,135.2125,74.58,-11.616,74.58,-11.616,0.0
mode_without_mn9,0.0125,720575940617549497,early,0.0,180.0,239.25000000000003,-207.24,226.05000000000004,-189.02400000000003,0.012222222222222223
mode_without_mn9,0.0125,720575940617549497,later,180.0,1000.0,36455.100000000006,-25467.816,27802.5,-18439.08,0.2618140243902439
mode_without_mn9,0.0125,720575940617549497,pre_first_20ms,115.32499999999999,135.325,70.95,-25.080000000000005,70.95,-25.080000000000005,0.0
mode_without_mn9,0.0125,720575940616143989,early,0.0,180.0,181.17000000000002,-22.704,157.74,-19.536,0.024444444444444446
mode_without_mn9,0.0125,720575940616143989,later,180.0,1000.0,7142.85,-4147.968000000001,6285.51,-3621.0240000000003,0.12609756097560976
mode_without_mn9,0.0125,720575940616143989,pre_first_20ms,115.35,135.35,60.72,-1.8480000000000003,60.72,-1.8480000000000003,0.0
mode_without_mn9,0.0125,720575940635802223,early,0.0,180.0,167.31000000000003,-1.32,149.82000000000002,-1.32,0.024444444444444446
mode_without_mn9,0.0125,720575940635802223,later,180.0,1000.0,10004.94,-4668.312000000001,8168.819999999999,-3791.832000000001,0.1851219512195122
mode_without_mn9,0.0125,720575940635802223,pre_first_20ms,115.41250000000002,135.41250000000002,60.39,-0.264,60.39,-0.264,0.0
mode_without_mn9,0.0125,720575940621201833,early,0.0,180.0,313.83,-125.92800000000001,289.74,-122.76000000000002,0.024444444444444446
mode_without_mn9,0.0125,720575940621201833,later,180.0,1000.0,7729.92,-4139.256,6725.4,-3523.0800000000004,0.1421951219512195
mode_without_mn9,0.0125,720575940621201833,pre_first_20ms,115.42500000000001,135.425,71.61,-3.168,71.61,-3.168,0.0
mode_without_mn9,0.0125,720575940624430060,early,0.0,180.0,160.05,-5.5440000000000005,136.95000000000002,-4.752,0.024444444444444446
mode_without_mn9,0.0125,720575940624430060,later,180.0,1000.0,12280.620000000003,-6006.0,9893.400000000001,-4489.848,0.20658536585365853
mode_without_mn9,0.0125,720575940624430060,pre_first_20ms,115.43750000000003,135.43750000000003,62.7,-0.792,62.7,-0.792,0.0
mode_without_mn9,0.0125,720575940638840629,early,0.0,180.0,304.59000000000003,-164.47200000000004,261.03000000000003,-124.60800000000002,0.024444444444444446
mode_without_mn9,0.0125,720575940638840629,later,180.0,1000.0,12230.460000000001,-9148.392000000002,10745.13,-7849.5120000000015,0.1126829268292683
mode_without_mn9,0.0125,720575940638840629,pre_first_20ms,115.45000000000002,135.45000000000002,53.790000000000006,-9.24,53.790000000000006,-9.24,0.0
mode_without_mn9,0.0125,720575940612185586,early,0.0,180.0,350.79,-145.464,288.75,-121.96800000000002,0.03666666666666667
mode_without_mn9,0.0125,720575940612185586,later,180.0,1000.0,13400.31,-12660.384,12707.310000000001,-11075.064000000002,0.05365853658536585
mode_without_mn9,0.0125,720575940612185586,pre_first_20ms,115.625,135.625,47.85,-15.312000000000001,47.85,-15.312000000000001,0.0
mode_without_mn9,0.0125,720575940616055858,early,0.0,180.0,674.1899999999999,-90.55200000000002,576.1800000000001,-73.656,0.050347222222222224
mode_without_mn9,0.0125,720575940616055858,later,180.0,1000.0,19575.929999999997,-11318.472,16046.91,-9003.456000000002,0.19740853658536586
mode_without_mn9,0.0125,720575940616055858,pre_first_20ms,115.63749999999999,135.6375,126.05999999999999,-9.504000000000001,126.05999999999999,-9.504000000000001,0.0
mode_without_mn9,0.0125,720575940621213556,early,0.0,180.0,317.78999999999996,-173.18400000000003,299.97,-171.33600000000004,0.024444444444444446
mode_without_mn9,0.0125,720575940621213556,later,180.0,1000.0,12948.869999999999,-11188.583999999999,11882.64,-9529.344000000001,0.09390243902439024
mode_without_mn9,0.0125,720575940621213556,pre_first_20ms,115.67500000000001,135.675,71.94,-5.808000000000001,71.94,-5.808000000000001,0.0
mode_without_mn9,0.0125,720575940624100075,early,0.0,180.0,219.12,-5.016,191.40000000000003,-4.488,0.03666666666666667
mode_without_mn9,0.0125,720575940624100075,later,180.0,1000.0,13888.71,-2228.6880000000006,9903.630000000001,-1618.056,0.27902439024390246
mode_without_mn9,0.0125,720575940624100075,pre_first_20ms,115.73750000000001,135.7375,56.1,-0.528,56.1,-0.528,0.0
mode_without_mn9,0.0125,720575940606453769,early,0.0,180.0,225.06,-27.720000000000002,216.81,-25.080000000000002,0.03666666666666667
mode_without_mn9,0.0125,720575940606453769,later,180.0,1000.0,4982.34,-1265.88,4214.76,-1071.3120000000001,0.1448780487804878
mode_without_mn9,0.0125,720575940606453769,pre_first_20ms,115.8375,135.8375,53.459999999999994,-4.752000000000001,53.459999999999994,-4.752000000000001,0.0
mode_without_mn9,0.0125,720575940628602471,early,0.0,180.0,161.04000000000002,-24.288000000000004,150.15,-22.44,0.024444444444444446
mode_without_mn9,0.0125,720575940628602471,later,180.0,1000.0,8769.42,-2286.2400000000002,6895.35,-1861.728,0.20658536585365853
mode_without_mn9,0.0125,720575940628602471,pre_first_20ms,115.86250000000001,135.8625,63.360000000000014,-4.224,63.360000000000014,-4.224,0.0
mode_without_mn9,0.0125,720575940621012289,early,0.0,180.0,162.03,-59.66400000000001,154.10999999999999,-53.06400000000001,0.012222222222222223
mode_without_mn9,0.0125,720575940621012289,later,180.0,1000.0,14870.460000000001,-3692.3040000000005,11222.970000000001,-2682.2400000000002,0.265609756097561
mode_without_mn9,0.0125,720575940621012289,pre_first_20ms,115.875,135.875,64.02000000000001,-7.392000000000001,64.02000000000001,-7.392000000000001,0.0
mode_without_mn9,0.0125,720575940620232875,early,0.0,180.0,154.10999999999999,-4.752000000000001,136.29,-3.432,0.024444444444444446
mode_without_mn9,0.0125,720575940620232875,later,180.0,1000.0,10938.51,-5281.056,8807.699999999999,-4128.96,0.19048780487804878
mode_without_mn9,0.0125,720575940620232875,pre_first_20ms,115.9,135.9,61.71,-0.528,61.71,-0.528,0.0
mode_without_mn9,0.0125,720575940625118096,early,0.0,180.0,313.83000000000004,-153.12,284.79,-143.08800000000002,0.024444444444444446
mode_without_mn9,0.0125,720575940625118096,later,180.0,1000.0,8778.66,-4828.032,7523.670000000001,-4160.112000000001,0.1448780487804878
mode_without_mn9,0.0125,720575940625118096,pre_first_20ms,115.9,135.9,69.63000000000001,-5.5440000000000005,69.63000000000001,-5.5440000000000005,0.0
mode_without_mn9,0.0125,720575940609027523,early,0.0,180.0,236.61,-201.96000000000004,213.51,-177.67200000000003,0.012222222222222223
mode_without_mn9,0.0125,720575940609027523,later,180.0,1000.0,23481.48,-4849.68,15362.82,-3221.8560000000007,0.3299390243902439
mode_without_mn9,0.0125,720575940609027523,pre_first_20ms,115.93750000000003,135.93750000000003,88.43999999999998,-11.352000000000002,88.43999999999998,-11.352000000000002,0.0
mode_without_mn9,0.0125,720575940627731206,early,0.0,180.0,261.03,-57.55200000000001,258.06,-52.272000000000006,0.03666666666666667
mode_without_mn9,0.0125,720575940627731206,later,180.0,1000.0,6393.749999999999,-2373.0960000000005,5748.9299999999985,-1944.0960000000005,0.15024390243902438
mode_without_mn9,0.0125,720575940627731206,pre_first_20ms,115.9625,135.9625,51.81,-9.504000000000003,51.81,-9.504000000000003,0.0
mode_without_mn9,0.0125,720575940622910989,early,0.0,180.0,185.79,-55.968,169.95000000000002,-48.312000000000005,0.024444444444444446
mode_without_mn9,0.0125,720575940622910989,later,180.0,1000.0,8164.86,-8346.624,8153.3099999999995,-8326.032,0.002682926829268293
mode_without_mn9,0.0125,720575940622910989,pre_first_20ms,115.97500000000002,135.97500000000002,62.7,-6.864000000000001,62.7,-6.864000000000001,0.0
mode_without_mn9,0.0125,720575940629963068,early,0.0,180.0,270.93,-87.91199999999999,259.05,-82.36800000000001,0.024444444444444446
mode_without_mn9,0.0125,720575940629963068,later,180.0,1000.0,8903.07,-3912.2160000000003,7342.5,-3143.7120000000004,0.1824390243902439
mode_without_mn9,0.0125,720575940629963068,pre_first_20ms,115.97500000000002,135.97500000000002,83.16000000000001,-15.048000000000002,83.16000000000001,-15.048000000000002,0.0
mode_without_mn9,0.0125,720575940642142861,early,0.0,180.0,182.82,-10.824000000000002,174.57,-7.92,0.024444444444444446
mode_without_mn9,0.0125,720575940642142861,later,180.0,1000.0,7769.1900000000005,-2981.8800000000006,6359.43,-2417.1840000000007,0.17557926829268292
mode_without_mn9,0.0125,720575940642142861,pre_first_20ms,115.97500000000002,135.97500000000002,67.32,-0.528,67.32,-0.528,0.0
mode_without_mn9,0.0125,720575940620402345,early,0.0,180.0,216.81,-29.832,201.96,-28.775999999999996,0.024444444444444446
mode_without_mn9,0.0125,720575940620402345,later,180.0,1000.0,10151.789999999999,-3523.6079999999997,7959.27,-2729.232,0.2173170731707317
mode_without_mn9,0.0125,720575940620402345,pre_first_20ms,116.0,136.0,82.83,-9.503999999999998,82.83,-9.503999999999998,0.0
mode_without_mn9,0.0125,720575940612435685,early,0.0,180.0,237.59999999999997,-66.26400000000001,221.1,-48.84,0.03666666666666667
mode_without_mn9,0.0125,720575940612435685,later,180.0,1000.0,43257.72,-39725.664000000004,36003.0,-29890.872000000003,0.174390243902439
mode_without_mn9,0.0125,720575940612435685,pre_first_20ms,116.025,136.025,58.41,-3.9600000000000004,58.41,-3.9600000000000004,0.0
mode_without_mn9,0.0125,720575940626199429,early,0.0,180.0,241.89000000000004,-49.632000000000005,227.37,-36.432,0.03666666666666667
mode_without_mn9,0.0125,720575940626199429,later,180.0,1000.0,7892.9400000000005,-5721.408,7168.26,-4989.072,0.09658536585365854
mode_without_mn9,0.0125,720575940626199429,pre_first_20ms,116.0625,136.0625,66.33,-9.768,66.33,-9.768,0.0
mode_without_mn9,0.0125,720575940613157329,early,0.0,180.0,162.35999999999999,-5.28,142.23000000000002,-5.28,0.024444444444444446
mode_without_mn9,0.0125,720575940613157329,later,180.0,1000.0,11892.54,-4629.504000000002,9256.83,-3533.9040000000005,0.2226829268292683
mode_without_mn9,0.0125,720575940613157329,pre_first_20ms,116.07499999999999,136.075,58.74,-1.056,58.74,-1.056,0.0
mode_without_mn9,0.0125,720575940639556467,early,0.0,180.0,197.01000000000002,-22.968,188.43,-20.328000000000003,0.024444444444444446
mode_without_mn9,0.0125,720575940639556467,later,180.0,1000.0,7535.220000000001,-2203.344,6062.100000000001,-1743.1920000000005,0.1878048780487805
mode_without_mn9,0.0125,720575940639556467,pre_first_20ms,116.15,136.15,70.29,-5.280000000000001,70.29,-5.280000000000001,0.0
mode_without_mn9,0.0125,720575940619954598,early,0.0,180.0,245.19000000000003,-81.84,209.88,-68.112,0.024444444444444446
mode_without_mn9,0.0125,720575940619954598,later,180.0,1000.0,8434.470000000001,-1473.1200000000001,6735.299999999999,-1161.3360000000002,0.22
mode_without_mn9,0.0125,720575940619954598,pre_first_20ms,116.18750000000003,136.18750000000003,76.56,-17.424,76.56,-17.424,0.0
mode_without_mn9,0.0125,720575940621277445,early,0.0,180.0,197.33999999999997,-26.664,192.06,-23.496000000000002,0.024444444444444446
mode_without_mn9,0.0125,720575940621277445,later,180.0,1000.0,4760.25,-1121.736,4100.91,-939.8400000000001,0.14740853658536585
mode_without_mn9,0.0125,720575940621277445,pre_first_20ms,116.26250000000002,136.26250000000002,50.489999999999995,-2.9040000000000004,50.489999999999995,-2.9040000000000004,0.0
mode_without_mn9,0.0125,720575940611985265,early,0.0,180.0,310.86,-127.512,291.06,-112.72800000000001,0.024444444444444446
mode_without_mn9,0.0125,720575940611985265,later,180.0,1000.0,25926.120000000003,-9684.312000000002,17919.989999999998,-6501.528,0.30853658536585366
mode_without_mn9,0.0125,720575940611985265,pre_first_20ms,116.3125,136.3125,85.80000000000001,-21.384,85.80000000000001,-21.384,0.0
mode_without_mn9,0.0125,720575940623703757,early,0.0,180.0,365.97,-84.47999999999999,337.26,-67.05600000000001,0.04888888888888889
mode_without_mn9,0.0125,720575940623703757,later,180.0,1000.0,23432.31,-13633.488000000001,17794.92,-10510.632000000001,0.233109756097561
mode_without_mn9,0.0125,720575940623703757,pre_first_20ms,116.3125,136.3125,61.05,-6.864000000000001,61.05,-6.864000000000001,0.0
mode_without_mn9,0.0125,720575940642193549,early,0.0,180.0,237.27,-62.83200000000001,225.72,-53.85600000000001,0.024444444444444446
mode_without_mn9,0.0125,720575940642193549,later,180.0,1000.0,6683.16,-2516.184,5676.660000000001,-2090.352,0.16097560975609757
mode_without_mn9,0.0125,720575940642193549,pre_first_20ms,116.36250000000001,136.3625,73.26,-7.128000000000001,73.26,-7.128000000000001,0.0
mode_without_mn9,0.0125,720575940641560205,early,0.0,180.0,288.75000000000006,-85.00800000000001,263.34000000000003,-83.424,0.03666666666666667
mode_without_mn9,0.0125,720575940641560205,later,180.0,1000.0,8501.789999999999,-3564.2640000000006,7086.42,-2814.5040000000004,0.1797560975609756
mode_without_mn9,0.0125,720575940641560205,pre_first_20ms,116.375,136.375,74.25,-11.088000000000001,74.25,-11.088000000000001,0.0
mode_without_mn9,0.0125,720575940622770410,early,0.0,180.0,221.1,-34.58400000000001,214.83,-32.47200000000001,0.03666666666666667
mode_without_mn9,0.0125,720575940622770410,later,180.0,1000.0,6457.44,-3343.2960000000003,5674.35,-2843.28,0.12878048780487805
mode_without_mn9,0.0125,720575940622770410,pre_first_20ms,116.4,136.4,47.85,-2.904,47.85,-2.904,0.0
mode_without_mn9,0.0125,720575940630523407,early,0.0,180.0,195.03,-17.424,182.82,-16.896,0.024444444444444446
mode_without_mn9,0.0125,720575940630523407,later,180.0,1000.0,7038.57,-1394.9759999999999,5637.0599999999995,-1106.688,0.19853658536585367
mode_without_mn9,0.0125,720575940630523407,pre_first_20ms,116.4,136.4,70.62,-4.224,70.62,-4.224,0.0
mode_without_mn9,0.0125,720575940626567178,early,0.0,180.0,330.66,-197.73600000000002,314.15999999999997,-185.59200000000004,0.012222222222222223
mode_without_mn9,0.0125,720575940626567178,later,180.0,1000.0,11780.670000000002,-6904.920000000001,9834.329999999998,-5518.92,0.18167682926829268
mode_without_mn9,0.0125,720575940626567178,pre_first_20ms,116.5,136.5,96.69,-29.568000000000005,96.69,-29.568000000000005,0.0
mode_without_mn9,0.0125,720575940631107139,early,0.0,180.0,514.8,-324.4560000000001,484.11,-273.5040000000001,0.03666666666666667
mode_without_mn9,0.0125,720575940631107139,later,180.0,1000.0,13858.68,-10288.872,12248.94,-8778.528,0.12341463414634146
mode_without_mn9,0.0125,720575940631107139,pre_first_20ms,116.51250000000002,136.51250000000002,97.02,-60.720000000000006,97.02,-60.720000000000006,0.0
mode_without_mn9,0.0125,720575940610562969,early,0.0,180.0,188.10000000000002,-19.272000000000002,161.70000000000002,-17.160000000000004,0.024444444444444446
mode_without_mn9,0.0125,720575940610562969,later,180.0,1000.0,8613.33,-2498.76,6850.14,-2001.6480000000001,0.20121951219512196
mode_without_mn9,0.0125,720575940610562969,pre_first_20ms,116.525,136.525,69.63000000000001,-5.016,69.63000000000001,-5.016,0.0
mode_without_mn9,0.0125,720575940630765253,early,0.0,180.0,158.73000000000002,-4.488,150.48000000000002,-3.96,0.024444444444444446
mode_without_mn9,0.0125,720575940630765253,later,180.0,1000.0,11494.560000000001,-5739.360000000001,9337.68,-4461.6,0.19853658536585367
mode_without_mn9,0.0125,720575940630765253,pre_first_20ms,116.55000000000001,136.55,61.71,-1.056,61.71,-1.056,0.0
mode_without_mn9,0.0125,720575940617786525,early,0.0,180.0,124.08,-17.952,115.83000000000001,-16.632,0.012222222222222223
mode_without_mn9,0.0125,720575940617786525,later,180.0,1000.0,10400.94,-7789.584000000002,9373.980000000001,-6823.08,0.11
mode_without_mn9,0.0125,720575940617786525,pre_first_20ms,116.63749999999999,136.6375,61.38,-4.224,61.38,-4.224,0.0
mode_without_mn9,0.0125,720575940630622250,early,0.0,180.0,173.91000000000003,-47.52,159.72000000000003,-45.408,0.024444444444444446
mode_without_mn9,0.0125,720575940630622250,later,180.0,1000.0,13002.33,-3420.912,9491.130000000001,-2477.6400000000003,0.2521951219512195
mode_without_mn9,0.0125,720575940630622250,pre_first_20ms,116.63749999999999,136.6375,59.73,-3.960000000000001,59.73,-3.960000000000001,0.0
mode_without_mn9,0.0125,720575940631997101,early,0.0,180.0,181.83,-10.032000000000002,168.63,-8.712,0.024444444444444446
mode_without_mn9,0.0125,720575940631997101,later,180.0,1000.0,7464.599999999999,-1375.44,5965.740000000001,-1090.848,0.20658536585365853
mode_without_mn9,0.0125,720575940631997101,pre_first_20ms,116.67500000000001,136.675,65.00999999999999,-2.904,65.00999999999999,-2.904,0.0
mode_without_mn9,0.0125,720575940617493460,early,0.0,180.0,230.01,-72.07200000000002,193.05,-69.696,0.024444444444444446
mode_without_mn9,0.0125,720575940617493460,later,180.0,1000.0,43965.240000000005,-27217.608000000004,30638.520000000004,-18006.120000000003,0.3132469512195122
mode_without_mn9,0.0125,720575940617493460,pre_first_20ms,116.7125,136.7125,92.07,-3.4320000000000004,92.07,-3.4320000000000004,0.0
mode_without_mn9,0.0125,720575940610647416,early,0.0,180.0,154.44,-15.84,136.62,-12.936,0.024444444444444446
mode_without_mn9,0.0125,720575940610647416,later,180.0,1000.0,7528.620000000001,-2076.8880000000004,6016.2300000000005,-1691.1840000000002,0.19048780487804878
mode_without_mn9,0.0125,720575940610647416,pre_first_20ms,116.72500000000002,136.72500000000002,62.040000000000006,-1.584,62.040000000000006,-1.584,0.0
mode_without_mn9,0.0125,720575940626034777,early,0.0,180.0,176.88,-11.352,167.97,-10.56,0.024444444444444446
mode_without_mn9,0.0125,720575940626034777,later,180.0,1000.0,7232.280000000001,-1149.4560000000001,5776.9800000000005,-895.2240000000002,0.20390243902439023
mode_without_mn9,0.0125,720575940626034777,pre_first_20ms,116.775,136.775,63.69,-1.584,63.69,-1.584,0.0
mode_without_mn9,0.0125,720575940620769133,early,0.0,180.0,188.10000000000002,-45.93600000000001,177.54000000000002,-41.976000000000006,0.024444444444444446
mode_without_mn9,0.0125,720575940620769133,later,180.0,1000.0,6983.460000000001,-3539.184,5989.83,-3009.6000000000004,0.13682926829268294
mode_without_mn9,0.0125,720575940620769133,pre_first_20ms,116.7875,136.7875,68.64,-16.104000000000003,68.64,-16.104000000000003,0.0
mode_without_mn9,0.0125,720575940632118343,early,0.0,180.0,160.38,-17.688000000000002,147.51,-8.712,0.024444444444444446
mode_without_mn9,0.0125,720575940632118343,later,180.0,1000.0,7697.25,-1742.4,6180.9,-1388.3760000000002,0.20059451219512195
mode_without_mn9,0.0125,720575940632118343,pre_first_20ms,116.86250000000001,136.8625,61.05,-0.792,61.05,-0.792,0.0
mode_without_mn9,0.0125,720575940623460622,early,0.0,180.0,145.20000000000002,-47.784000000000006,134.31,-46.2,0.012222222222222223
mode_without_mn9,0.0125,720575940623460622,later,180.0,1000.0,8210.730000000001,-6369.528000000001,7737.179999999999,-5865.816000000002,0.07512195121951219
mode_without_mn9,0.0125,720575940623460622,pre_first_20ms,116.98750000000001,136.9875,60.71999999999999,-5.28,60.71999999999999,-5.28,0.0
mode_without_mn9,0.0125,720575940630354169,early,0.0,180.0,173.58,-48.84,170.28,-38.28,0.024444444444444446
mode_without_mn9,0.0125,720575940630354169,later,180.0,1000.0,6330.06,-1920.0720000000003,5258.55,-1527.24,0.16634146341463416
mode_without_mn9,0.0125,720575940630354169,pre_first_20ms,116.98750000000001,136.9875,68.64,-6.6000000000000005,68.64,-6.6000000000000005,0.0
mode_without_mn9,0.0125,720575940628716926,early,0.0,180.0,263.67,-146.52,242.88000000000002,-114.57600000000002,0.024444444444444446
mode_without_mn9,0.0125,720575940628716926,later,180.0,1000.0,9589.800000000001,-5790.048000000001,8290.92,-4848.360000000001,0.15024390243902438
mode_without_mn9,0.0125,720575940628716926,pre_first_20ms,117.0,137.0,79.86,-19.008000000000003,79.86,-19.008000000000003,0.0
mode_without_mn9,0.0125,720575940606112457,early,0.0,180.0,361.68,-452.76000000000005,346.83,-452.2320000000001,0.012222222222222223
mode_without_mn9,0.0125,720575940606112457,later,180.0,1000.0,8594.85,-9752.424000000003,8594.85,-9752.424000000003,0.0
mode_without_mn9,0.0125,720575940606112457,pre_first_20ms,117.01250000000002,137.01250000000002,86.46,-14.256,86.46,-14.256,0.0
mode_without_mn9,0.0125,720575940630600775,early,0.0,180.0,182.49,-44.088,169.95,-43.56,0.024444444444444446
mode_without_mn9,0.0125,720575940630600775,later,180.0,1000.0,7305.870000000001,-2226.312,6043.290000000001,-1751.6399999999999,0.1851219512195122
mode_without_mn9,0.0125,720575940630600775,pre_first_20ms,117.01250000000002,137.01250000000002,52.14,-3.168,52.14,-3.168,0.0
mode_without_mn9,0.0125,720575940620018964,early,0.0,180.0,166.65,-37.752,161.37,-27.192,0.024444444444444446
mode_without_mn9,0.0125,720575940620018964,later,180.0,1000.0,5839.0199999999995,-2155.2960000000003,5083.32,-1814.7360000000003,0.15024390243902438
mode_without_mn9,0.0125,720575940620018964,pre_first_20ms,117.07499999999999,137.075,63.36,-3.4320000000000004,63.36,-3.4320000000000004,0.0
mode_without_mn9,0.0125,720575940638650483,early,0.0,180.0,152.79000000000002,-13.200000000000003,135.96000000000004,-11.616000000000001,0.024444444444444446
mode_without_mn9,0.0125,720575940638650483,later,180.0,1000.0,7646.099999999999,-2411.376,6229.74,-1928.2560000000003,0.1878048780487805
mode_without_mn9,0.0125,720575940638650483,pre_first_20ms,117.0875,137.0875,62.7,-1.584,62.7,-1.584,0.0
mode_without_mn9,0.0125,720575940620689517,early,0.0,180.0,317.13,-222.288,296.01,-219.38400000000001,0.024444444444444446
mode_without_mn9,0.0125,720575940620689517,later,180.0,1000.0,13416.15,-12411.960000000001,12832.710000000003,-11193.072000000002,0.06170731707317073
mode_without_mn9,0.0125,720575940620689517,pre_first_20ms,117.20000000000002,137.20000000000002,57.419999999999995,-2.64,57.419999999999995,-2.64,0.0
mode_without_mn9,0.0125,720575940624058516,early,0.0,180.0,217.14,-104.28000000000002,211.85999999999996,-103.48800000000001,0.012222222222222223
mode_without_mn9,0.0125,720575940624058516,later,180.0,1000.0,6562.710000000001,-5545.848000000001,6368.67,-5141.136,0.05097560975609756
mode_without_mn9,0.0125,720575940624058516,pre_first_20ms,117.20000000000002,137.20000000000002,48.51,-3.960000000000001,48.51,-3.960000000000001,0.0
mode_without_mn9,0.0125,720575940614206866,early,0.0,180.0,184.47000000000003,-17.424,166.32,-15.576000000000004,0.024444444444444446
mode_without_mn9,0.0125,720575940614206866,later,180.0,1000.0,7139.88,-2344.8480000000004,5863.110000000001,-1954.92,0.174390243902439
mode_without_mn9,0.0125,720575940614206866,pre_first_20ms,117.22500000000002,137.22500000000002,61.71000000000001,-2.112,61.71000000000001,-2.112,0.0
mode_without_mn9,0.0125,720575940623059443,early,0.0,180.0,175.89000000000001,-18.480000000000004,158.39999999999998,-10.824000000000002,0.024444444444444446
mode_without_mn9,0.0125,720575940623059443,later,180.0,1000.0,6178.260000000001,-2052.8640000000005,5214.33,-1668.4800000000002,0.16097560975609757
mode_without_mn9,0.0125,720575940623059443,pre_first_20ms,117.22500000000002,137.22500000000002,57.09,-4.488,57.09,-4.488,0.0
mode_without_mn9,0.0125,720575940623650823,early,0.0,180.0,376.86,-197.47200000000004,376.86,-155.76000000000002,0.029930555555555554
mode_without_mn9,0.0125,720575940623650823,later,180.0,1000.0,140884.59,-14082.024000000001,59405.28,-5204.76,0.6158689024390244
mode_without_mn9,0.0125,720575940623650823,pre_first_20ms,117.23750000000001,137.2375,150.48,-76.03200000000001,150.48,-76.03200000000001,0.0
mode_without_mn9,0.0125,720575940625479426,early,0.0,180.0,200.31,-46.464000000000006,191.07,-37.75200000000001,0.024444444444444446
mode_without_mn9,0.0125,720575940625479426,later,180.0,1000.0,5274.389999999999,-1207.536,4470.51,-1014.2880000000001,0.15829268292682927
mode_without_mn9,0.0125,720575940625479426,pre_first_20ms,117.23750000000001,137.2375,52.47,-6.072000000000001,52.47,-6.072000000000001,0.0
mode_without_mn9,0.0125,720575940614067921,early,0.0,180.0,172.59,-43.56,160.38,-36.96000000000001,0.024444444444444446
mode_without_mn9,0.0125,720575940614067921,later,180.0,1000.0,6912.84,-3263.832000000001,6027.780000000001,-2738.4719999999998,0.15292682926829268
mode_without_mn9,0.0125,720575940614067921,pre_first_20ms,117.25,137.25,64.67999999999999,-5.544000000000001,64.67999999999999,-5.544000000000001,0.0
mode_without_mn9,0.0125,720575940622515165,early,0.0,180.0,238.26,-158.40000000000003,231.66,-153.38400000000001,0.024444444444444446
mode_without_mn9,0.0125,720575940622515165,later,180.0,1000.0,26297.699999999997,-5453.712,19521.81,-3355.1760000000004,0.39170731707317075
mode_without_mn9,0.0125,720575940622515165,pre_first_20ms,117.25,137.25,80.85,-11.352,80.85,-11.352,0.0
mode_without_mn9,0.0125,720575940614159010,early,0.0,180.0,141.57,-40.391999999999996,139.59,-38.80800000000001,0.024444444444444446
mode_without_mn9,0.0125,720575940614159010,later,180.0,1000.0,9756.12,-3283.3680000000004,7906.8,-2656.632,0.19585365853658537
mode_without_mn9,0.0125,720575940614159010,pre_first_20ms,117.3125,137.3125,59.400000000000006,-6.072000000000001,59.400000000000006,-6.072000000000001,0.0
mode_without_mn9,0.0125,720575940629050234,early,0.0,180.0,334.95000000000005,-286.70400000000006,325.71000000000004,-273.24,0.012222222222222223
mode_without_mn9,0.0125,720575940629050234,later,180.0,1000.0,23493.69,-4608.384,15748.260000000002,-3158.496,0.33303353658536583
mode_without_mn9,0.0125,720575940629050234,pre_first_20ms,117.32499999999999,137.325,143.88000000000002,-55.440000000000005,143.88000000000002,-55.440000000000005,0.0
mode_without_mn9,0.0125,720575940647328900,early,0.0,180.0,166.65,-11.352,153.12,-9.24,0.024444444444444446
mode_without_mn9,0.0125,720575940647328900,later,180.0,1000.0,6583.5,-1792.5600000000002,5500.7699999999995,-1456.4880000000003,0.1770731707317073
mode_without_mn9,0.0125,720575940647328900,pre_first_20ms,117.36250000000001,137.3625,56.76,-1.32,56.76,-1.32,0.0
mode_without_mn9,0.0125,720575940617577702,early,0.0,180.0,148.5,-8.976,138.60000000000002,-6.072000000000001,0.024444444444444446
mode_without_mn9,0.0125,720575940617577702,later,180.0,1000.0,11501.160000000002,-4278.912,9176.97,-3338.808,0.21195121951219512
mode_without_mn9,0.0125,720575940617577702,pre_first_20ms,117.375,137.375,65.34,-2.3760000000000003,65.34,-2.3760000000000003,0.0
mode_without_mn9,0.0125,720575940618130625,early,0.0,180.0,257.40000000000003,-91.34400000000001,238.59000000000003,-80.784,0.024444444444444446
mode_without_mn9,0.0125,720575940618130625,later,180.0,1000.0,7081.14,-2916.1440000000002,6042.63,-2449.6560000000004,0.15402439024390244
mode_without_mn9,0.0125,720575940618130625,pre_first_20ms,117.375,137.375,71.28,-14.520000000000001,71.28,-14.520000000000001,0.0
mode_without_mn9,0.0125,720575940617100985,early,0.0,180.0,135.96,-158.13600000000002,135.3,-157.872,0.012222222222222223
mode_without_mn9,0.0125,720575940617100985,later,180.0,1000.0,3974.19,-5836.2480000000005,3974.19,-5836.2480000000005,0.0
mode_without_mn9,0.0125,720575940617100985,pre_first_20ms,117.38749999999999,137.3875,60.72,-3.6960000000000006,60.72,-3.6960000000000006,0.0
mode_without_mn9,0.0125,720575940626524056,early,0.0,180.0,498.63000000000005,-202.22400000000002,407.55,-161.304,0.03666666666666667
mode_without_mn9,0.0125,720575940626524056,later,180.0,1000.0,11164.230000000001,-4657.752,8871.39,-3637.128,0.19853658536585367
mode_without_mn9,0.0125,720575940626524056,pre_first_20ms,117.38749999999999,137.3875,103.95,-38.808,103.95,-38.808,0.0
mode_without_mn9,0.0125,720575940647380356,early,0.0,180.0,144.21,-5.808,139.92000000000002,-5.5440000000000005,0.024444444444444446
mode_without_mn9,0.0125,720575940647380356,later,180.0,1000.0,9461.1,-6224.856000000001,8215.02,-5248.848,0.13414634146341464
mode_without_mn9,0.0125,720575940647380356,pre_first_20ms,117.4125,137.4125,66.0,-2.3760000000000003,66.0,-2.3760000000000003,0.0
mode_without_mn9,0.0125,720575940635776101,early,0.0,180.0,247.17000000000002,-218.064,242.55,-201.696,0.012222222222222223
mode_without_mn9,0.0125,720575940635776101,later,180.0,1000.0,21418.32,-4490.904,14799.84,-3154.8,0.31926829268292684
mode_without_mn9,0.0125,720575940635776101,pre_first_20ms,117.42500000000001,137.425,106.58999999999999,-35.11200000000001,106.58999999999999,-35.11200000000001,0.0
mode_without_mn9,0.0125,720575940617573922,early,0.0,180.0,144.87,-15.576,140.58,-15.576,0.024444444444444446
mode_without_mn9,0.0125,720575940617573922,later,180.0,1000.0,8262.539999999999,-4108.368,6969.27,-3315.5759999999996,0.16097560975609757
mode_without_mn9,0.0125,720575940617573922,pre_first_20ms,117.43750000000003,137.43750000000003,62.370000000000005,-2.3760000000000003,62.370000000000005,-2.3760000000000003,0.0
mode_without_mn9,0.0125,720575940627635441,early,0.0,180.0,189.75000000000003,-29.568,166.65000000000003,-28.512,0.024444444444444446
mode_without_mn9,0.0125,720575940627635441,later,180.0,1000.0,5324.55,-1775.6640000000002,4664.22,-1540.1760000000002,0.1421951219512195
mode_without_mn9,0.0125,720575940627635441,pre_first_20ms,117.47500000000002,137.47500000000002,48.51,-3.168,48.51,-3.168,0.0
mode_without_mn9,0.0125,720575940610536494,early,0.0,180.0,167.31,-40.128,163.35000000000002,-36.432,0.012222222222222223
mode_without_mn9,0.0125,720575940610536494,later,180.0,1000.0,7755.990000000001,-2674.056,6407.61,-2140.248,0.1824390243902439
mode_without_mn9,0.0125,720575940610536494,pre_first_20ms,117.48750000000001,137.4875,68.31,-8.712,68.31,-8.712,0.0
mode_without_mn9,0.0125,720575940619736523,early,0.0,180.0,291.72,-42.76800000000001,258.72,-33.0,0.03666666666666667
mode_without_mn9,0.0125,720575940619736523,later,180.0,1000.0,9786.150000000001,-1780.1520000000003,7463.610000000001,-1349.0400000000002,0.23609756097560974
mode_without_mn9,0.0125,720575940619736523,pre_first_20ms,117.625,137.625,56.76,-5.808000000000001,56.76,-5.808000000000001,0.0
mode_without_mn9,0.0125,720575940642897293,early,0.0,180.0,194.04000000000002,-21.648000000000003,183.81,-21.648000000000003,0.024444444444444446
mode_without_mn9,0.0125,720575940642897293,later,180.0,1000.0,6351.51,-3382.8960000000006,5738.700000000001,-2752.728,0.12609756097560976
mode_without_mn9,0.0125,720575940642897293,pre_first_20ms,117.625,137.625,52.47000000000001,-2.3760000000000003,52.47000000000001,-2.3760000000000003,0.0
mode_without_mn9,0.0125,720575940628694019,early,0.0,180.0,548.7900000000001,-316.80000000000007,481.14,-296.2080000000001,0.04888888888888889
mode_without_mn9,0.0125,720575940628694019,later,180.0,1000.0,12870.000000000002,-4168.032000000001,9814.86,-3181.464,0.23341463414634148
mode_without_mn9,0.0125,720575940628694019,pre_first_20ms,117.63749999999999,137.6375,124.74000000000001,-42.768,124.74000000000001,-42.768,0.0
mode_without_mn9,0.0125,720575940629909751,early,0.0,180.0,170.61,-25.608000000000004,168.96,-24.288000000000004,0.024444444444444446
mode_without_mn9,0.0125,720575940629909751,later,180.0,1000.0,6112.92,-2746.9200000000005,5395.500000000001,-2325.0480000000002,0.13682926829268294
mode_without_mn9,0.0125,720575940629909751,pre_first_20ms,117.65,137.65,63.03,-5.280000000000001,63.03,-5.280000000000001,0.0
mode_without_mn9,0.0125,720575940620777382,early,0.0,180.0,400.61999999999995,-227.30400000000003,339.57,-222.55200000000002,0.024444444444444446
mode_without_mn9,0.0125,720575940620777382,later,180.0,1000.0,9079.949999999999,-6167.040000000001,8331.839999999998,-5364.480000000001,0.1126829268292683
mode_without_mn9,0.0125,720575940620777382,pre_first_20ms,117.6625,137.6625,91.08,-29.832,91.08,-29.832,0.0
mode_without_mn9,0.0125,720575940610167665,early,0.0,180.0,170.94,-23.760000000000005,149.82,-17.688000000000002,0.024444444444444446
mode_without_mn9,0.0125,720575940610167665,later,180.0,1000.0,7975.110000000001,-2926.9680000000008,6590.1,-2407.6800000000003,0.1824390243902439
mode_without_mn9,0.0125,720575940610167665,pre_first_20ms,117.67500000000001,137.675,64.35000000000001,-7.128000000000002,64.35000000000001,-7.128000000000002,0.0
mode_without_mn9,0.0125,720575940605032550,early,0.0,180.0,196.35,-23.496000000000006,162.03,-21.912000000000006,0.024444444444444446
mode_without_mn9,0.0125,720575940605032550,later,180.0,1000.0,10758.0,-1851.1680000000003,8020.32,-1419.0,0.24653963414634147
mode_without_mn9,0.0125,720575940605032550,pre_first_20ms,117.76250000000002,137.76250000000002,55.11000000000001,-5.280000000000001,55.11000000000001,-5.280000000000001,0.0
mode_without_mn9,0.0125,720575940625766842,early,0.0,180.0,136.29000000000002,-9.24,134.97000000000003,-9.24,0.012222222222222223
mode_without_mn9,0.0125,720575940625766842,later,180.0,1000.0,10936.860000000002,-3168.792,8375.07,-2375.2080000000005,0.23033536585365855
mode_without_mn9,0.0125,720575940625766842,pre_first_20ms,117.76250000000002,137.76250000000002,61.38,-1.32,61.38,-1.32,0.0
mode_without_mn9,0.0125,720575940632732845,early,0.0,180.0,157.41,-23.760000000000005,140.91,-13.200000000000003,0.024444444444444446
mode_without_mn9,0.0125,720575940632732845,later,180.0,1000.0,7723.3200000000015,-3872.6160000000004,6526.41,-3222.9120000000003,0.15024390243902438
mode_without_mn9,0.0125,720575940632732845,pre_first_20ms,117.76250000000002,137.76250000000002,65.34,-6.072000000000001,65.34,-6.072000000000001,0.0
mode_without_mn9,0.0125,720575940634480820,early,0.0,180.0,217.47,-73.656,187.44,-59.664,0.024444444444444446
mode_without_mn9,0.0125,720575940634480820,later,180.0,1000.0,5864.76,-3467.112,5319.930000000001,-3095.9280000000003,0.09658536585365854
mode_without_mn9,0.0125,720575940634480820,pre_first_20ms,117.76250000000002,137.76250000000002,62.370000000000005,-1.848,62.370000000000005,-1.848,0.0
mode_without_mn9,0.0125,720575940619571009,early,0.0,180.0,162.69,-43.824,150.81,-39.864000000000004,0.012222222222222223
mode_without_mn9,0.0125,720575940619571009,later,180.0,1000.0,7498.919999999999,-3976.3680000000004,6560.07,-3364.6800000000003,0.1448780487804878
mode_without_mn9,0.0125,720575940619571009,pre_first_20ms,117.88749999999999,137.8875,70.29,-12.408000000000001,70.29,-12.408000000000001,0.0
mode_without_mn9,0.0125,720575940628050950,early,0.0,180.0,205.59,-68.904,197.67000000000002,-68.64,0.012222222222222223
mode_without_mn9,0.0125,720575940628050950,later,180.0,1000.0,11117.04,-6984.648,9407.640000000001,-5767.08,0.15829268292682927
mode_without_mn9,0.0125,720575940628050950,pre_first_20ms,117.88749999999999,137.8875,69.63,-12.936,69.63,-12.936,0.0
mode_without_mn9,0.0125,720575940626323486,early,0.0,180.0,467.28,-325.24800000000005,449.13,-313.104,0.024444444444444446
mode_without_mn9,0.0125,720575940626323486,later,180.0,1000.0,10499.94,-5943.168,8833.77,-4259.112,0.18067073170731707
mode_without_mn9,0.0125,720575940626323486,pre_first_20ms,117.9125,137.9125,160.70999999999998,-75.24000000000001,160.70999999999998,-75.24000000000001,0.0
mode_without_mn9,0.0125,720575940659773313,early,0.0,180.0,171.27000000000004,-31.416000000000004,168.63000000000002,-30.888,0.024444444444444446
mode_without_mn9,0.0125,720575940659773313,later,180.0,1000.0,6295.41,-2479.4880000000003,5431.14,-2134.7040000000006,0.15024390243902438
mode_without_mn9,0.0125,720575940659773313,pre_first_20ms,117.9625,137.9625,60.06,-5.28,60.06,-5.28,0.0
mode_without_mn9,0.0125,720575940625498512,early,0.0,180.0,119.13,-22.440000000000005,116.49,-22.176000000000002,0.012222222222222223
mode_without_mn9,0.0125,720575940625498512,later,180.0,1000.0,10079.85,-6039.264,8610.36,-4799.784000000001,0.15829268292682927
mode_without_mn9,0.0125,720575940625498512,pre_first_20ms,117.97500000000002,137.97500000000002,59.730000000000004,-2.904000000000001,59.730000000000004,-2.904000000000001,0.0
mode_without_mn9,0.0125,720575940626705937,early,0.0,180.0,223.07999999999998,-37.75200000000001,194.04,-34.05600000000001,0.024444444444444446
mode_without_mn9,0.0125,720575940626705937,later,180.0,1000.0,4809.75,-1036.2,4130.9400000000005,-877.536,0.15024390243902438
mode_without_mn9,0.0125,720575940626705937,pre_first_20ms,118.0,138.0,45.870000000000005,-7.920000000000002,45.870000000000005,-7.920000000000002,0.0
mode_without_mn9,0.0125,720575940615763573,early,0.0,180.0,148.82999999999998,-31.944000000000003,146.19,-29.568,0.012222222222222223
mode_without_mn9,0.0125,720575940615763573,later,180.0,1000.0,9139.349999999999,-4787.64,7724.639999999999,-3886.8720000000003,0.16097560975609757
mode_without_mn9,0.0125,720575940615763573,pre_first_20ms,118.13749999999999,138.1375,62.7,-6.072000000000001,62.7,-6.072000000000001,0.0
mode_without_mn9,0.0125,720575940637711686,early,0.0,180.0,419.1,-349.27200000000005,380.15999999999997,-330.0,0.012222222222222223
mode_without_mn9,0.0125,720575940637711686,later,180.0,1000.0,9788.789999999999,-7790.640000000001,9008.009999999998,-6833.640000000001,0.09390243902439024
mode_without_mn9,0.0125,720575940637711686,pre_first_20ms,118.13749999999999,138.1375,84.48,-30.096000000000004,84.48,-30.096000000000004,0.0
mode_without_mn9,0.0125,720575940635146848,early,0.0,180.0,265.98,-52.272000000000006,239.91000000000003,-44.352000000000004,0.03666666666666667
mode_without_mn9,0.0125,720575940635146848,later,180.0,1000.0,9501.03,-2678.016,7467.240000000001,-2009.0400000000002,0.20926829268292682
mode_without_mn9,0.0125,720575940635146848,pre_first_20ms,118.15,138.15,62.370000000000005,-6.072000000000001,62.370000000000005,-6.072000000000001,0.0
mode_without_mn9,0.0125,720575940630040438,early,0.0,180.0,164.01,-204.07200000000003,155.43,-203.01600000000002,0.012222222222222223
mode_without_mn9,0.0125,720575940630040438,later,180.0,1000.0,3392.4,-5233.272000000001,3392.4,-5233.272000000001,0.0
mode_without_mn9,0.0125,720575940630040438,pre_first_20ms,118.1625,138.1625,59.73,-2.6400000000000006,59.73,-2.6400000000000006,0.0
mode_without_mn9,0.0125,720575940622018217,early,0.0,180.0,407.22,-690.888,403.59000000000003,-688.248,0.012222222222222223
mode_without_mn9,0.0125,720575940622018217,later,180.0,1000.0,13535.28,-16020.576000000003,13524.39,-15935.832,0.002682926829268293
mode_without_mn9,0.0125,720575940622018217,pre_first_20ms,118.17500000000001,138.175,80.19,-21.120000000000005,80.19,-21.120000000000005,0.0
mode_without_mn9,0.0125,720575940619401296,early,0.0,180.0,167.64,-27.984,152.46,-21.912000000000003,0.024444444444444446
mode_without_mn9,0.0125,720575940619401296,later,180.0,1000.0,4707.12,-1396.5600000000002,4116.42,-1130.448,0.13682926829268294
mode_without_mn9,0.0125,720575940619401296,pre_first_20ms,118.20000000000002,138.20000000000002,55.44,-7.128000000000001,55.44,-7.128000000000001,0.0
mode_without_mn9,0.0125,720575940623525770,early,0.0,180.0,222.08999999999997,-54.120000000000005,196.35000000000002,-51.744,0.024444444444444446
mode_without_mn9,0.0125,720575940623525770,later,180.0,1000.0,5923.5,-2853.312,5149.320000000001,-2457.3120000000004,0.12341463414634146
mode_without_mn9,0.0125,720575940623525770,pre_first_20ms,118.25,138.25,68.97,-14.256,68.97,-14.256,0.0
mode_without_mn9,0.0125,720575940628697538,early,0.0,180.0,208.23000000000002,-50.68800000000001,193.38,-49.632000000000005,0.024444444444444446
mode_without_mn9,0.0125,720575940628697538,later,180.0,1000.0,7553.04,-2659.272,6305.97,-2204.136,0.1797560975609756
mode_without_mn9,0.0125,720575940628697538,pre_first_20ms,118.26250000000002,138.26250000000002,68.64,-13.464000000000004,68.64,-13.464000000000004,0.0
mode_without_mn9,0.0125,720575940613973555,early,0.0,180.0,123.09,-3.168,122.76000000000002,-3.168,0.012222222222222223
mode_without_mn9,0.0125,720575940613973555,later,180.0,1000.0,8425.560000000001,-3681.744,6949.8,-2914.56,0.1770731707317073
mode_without_mn9,0.0125,720575940613973555,pre_first_20ms,118.275,138.275,50.82,-1.056,50.82,-1.056,0.0
mode_without_mn9,0.0125,720575940611606490,early,0.0,180.0,158.73000000000002,-13.728000000000003,141.9,-10.032000000000002,0.024444444444444446
mode_without_mn9,0.0125,720575940611606490,later,180.0,1000.0,12163.140000000001,-3975.0480000000007,9267.060000000001,-2955.216,0.23878048780487804
mode_without_mn9,0.0125,720575940611606490,pre_first_20ms,118.2875,138.2875,51.480000000000004,-1.848,51.480000000000004,-1.848,0.0
mode_without_mn9,0.0125,720575940630190411,early,0.0,180.0,183.81,-38.544000000000004,175.89,-26.136000000000006,0.024444444444444446
mode_without_mn9,0.0125,720575940630190411,later,180.0,1000.0,6188.490000000001,-1421.376,5177.040000000001,-1176.384,0.1770731707317073
mode_without_mn9,0.0125,720575940630190411,pre_first_20ms,118.3375,138.3375,58.080000000000005,-10.56,58.080000000000005,-10.56,0.0
mode_without_mn9,0.0125,720575940646415907,early,0.0,180.0,236.94,-100.05600000000001,226.70999999999998,-95.56800000000001,0.024444444444444446
mode_without_mn9,0.0125,720575940646415907,later,180.0,1000.0,9089.849999999999,-7190.567999999999,8437.11,-6488.592000000001,0.08272865853658537
mode_without_mn9,0.0125,720575940646415907,pre_first_20ms,118.375,138.375,89.1,-33.79200000000001,89.1,-33.79200000000001,0.0
mode_without_mn9,0.0125,720575940614441834,early,0.0,180.0,240.9,-98.736,239.25,-88.968,0.024444444444444446
mode_without_mn9,0.0125,720575940614441834,later,180.0,1000.0,6573.599999999999,-1859.6160000000002,5546.64,-1517.4720000000002,0.17170731707317075
mode_without_mn9,0.0125,720575940614441834,pre_first_20ms,118.43750000000003,138.43750000000003,72.6,-11.616000000000001,72.6,-11.616000000000001,0.0
mode_without_mn9,0.0125,720575940629830700,early,0.0,180.0,169.29,-16.104,156.42,-15.576,0.024444444444444446
mode_without_mn9,0.0125,720575940629830700,later,180.0,1000.0,7216.109999999999,-2120.448000000001,5864.76,-1717.8480000000004,0.1824390243902439
mode_without_mn9,0.0125,720575940629830700,pre_first_20ms,118.47500000000002,138.47500000000002,51.809999999999995,-3.168,51.809999999999995,-3.168,0.0
mode_without_mn9,0.0125,720575940612549799,early,0.0,180.0,161.37,-16.896,150.81,-16.896,0.024444444444444446
mode_without_mn9,0.0125,720575940612549799,later,180.0,1000.0,6526.41,-1383.3600000000001,5312.34,-1085.5680000000002,0.1851219512195122
mode_without_mn9,0.0125,720575940612549799,pre_first_20ms,118.5375,138.5375,60.72,-4.752000000000001,60.72,-4.752000000000001,0.0
mode_without_mn9,0.0125,720575940631989841,early,0.0,180.0,174.89999999999998,-24.024000000000004,155.76,-19.008000000000003,0.024444444444444446
mode_without_mn9,0.0125,720575940631989841,later,180.0,1000.0,6563.040000000001,-2721.3120000000004,5621.55,-2297.0640000000003,0.15024390243902438
mode_without_mn9,0.0125,720575940631989841,pre_first_20ms,118.55000000000001,138.55,57.75,-6.072000000000001,57.75,-6.072000000000001,0.0
mode_without_mn9,0.0125,720575940625768394,early,0.0,180.0,197.01000000000002,-60.72000000000001,173.91,-41.44800000000001,0.024444444444444446
mode_without_mn9,0.0125,720575940625768394,later,180.0,1000.0,6969.929999999999,-1890.5040000000004,5716.259999999999,-1555.7520000000002,0.18038109756097562
mode_without_mn9,0.0125,720575940625768394,pre_first_20ms,118.625,138.625,64.35,-18.48,64.35,-18.48,0.0
mode_without_mn9,0.0125,720575940628118159,early,0.0,180.0,397.6499999999999,-177.144,304.59000000000003,-148.104,0.03666666666666667
mode_without_mn9,0.0125,720575940628118159,later,180.0,1000.0,17710.77,-9558.384,14173.5,-7331.280000000001,0.19853658536585367
mode_without_mn9,0.0125,720575940628118159,pre_first_20ms,118.67500000000001,138.675,83.82000000000001,-12.672,83.82000000000001,-12.672,0.0
mode_without_mn9,0.0125,720575940632804435,early,0.0,180.0,408.87000000000006,-476.5200000000001,323.40000000000003,-430.32000000000005,0.024444444444444446
mode_without_mn9,0.0125,720575940632804435,later,180.0,1000.0,13215.180000000002,-8640.456000000002,11972.730000000001,-7153.080000000001,0.1475609756097561
mode_without_mn9,0.0125,720575940632804435,pre_first_20ms,118.75,138.75,101.31,-13.728000000000002,101.31,-13.728000000000002,0.0
mode_without_mn9,0.0125,720575940612395178,early,0.0,180.0,189.42000000000002,-87.12,169.95000000000002,-64.68,0.024444444444444446
mode_without_mn9,0.0125,720575940612395178,later,180.0,1000.0,5279.01,-4234.032,5181.990000000001,-4127.112000000001,0.024146341463414635
mode_without_mn9,0.0125,720575940612395178,pre_first_20ms,118.82500000000002,138.82500000000002,63.029999999999994,-11.088000000000001,63.029999999999994,-11.088000000000001,0.0
mode_without_mn9,0.0125,720575940620904319,early,0.0,180.0,129.03,-23.496000000000002,125.73,-22.176000000000002,0.012222222222222223
mode_without_mn9,0.0125,720575940620904319,later,180.0,1000.0,8381.34,-3944.9520000000007,6986.759999999999,-3273.0720000000006,0.16097560975609757
mode_without_mn9,0.0125,720575940620904319,pre_first_20ms,118.82500000000002,138.82500000000002,66.66,-7.128000000000001,66.66,-7.128000000000001,0.0
mode_without_mn9,0.0125,720575940608336907,early,0.0,180.0,115.49999999999999,-37.488,111.86999999999999,-33.528000000000006,0.012222222222222223
mode_without_mn9,0.0125,720575940608336907,later,180.0,1000.0,6837.929999999999,-3855.1920000000005,6097.08,-3338.808,0.12609756097560976
mode_without_mn9,0.0125,720575940608336907,pre_first_20ms,118.9125,138.9125,63.690000000000005,-10.032,63.690000000000005,-10.032,0.0
mode_without_mn9,0.0125,720575940620759841,early,0.0,180.0,357.72,-176.88,305.91,-161.832,0.024444444444444446
mode_without_mn9,0.0125,720575940620759841,later,180.0,1000.0,6632.340000000001,-3243.5040000000004,5767.080000000001,-2793.648,0.12878048780487805
mode_without_mn9,0.0125,720575940620759841,pre_first_20ms,118.9125,138.9125,76.56,-31.68,76.56,-31.68,0.0
mode_without_mn9,0.0125,720575940625054906,early,0.0,180.0,173.25,-258.72,166.65,-254.49600000000004,0.012222222222222223
mode_without_mn9,0.0125,720575940625054906,later,180.0,1000.0,3541.23,-5899.344,3541.23,-5899.344,0.0
mode_without_mn9,0.0125,720575940625054906,pre_first_20ms,118.95000000000002,138.95000000000002,69.96000000000001,-6.600000000000001,69.96000000000001,-6.600000000000001,0.0
mode_without_mn9,0.0125,720575940621503220,early,0.0,180.0,144.54,-23.496000000000002,142.23000000000002,-21.384000000000004,0.024444444444444446
mode_without_mn9,0.0125,720575940621503220,later,180.0,1000.0,5357.220000000001,-1368.8400000000001,4654.32,-1178.76,0.15829268292682927
mode_without_mn9,0.0125,720575940621503220,pre_first_20ms,118.97500000000002,138.97500000000002,48.839999999999996,-6.072000000000001,48.839999999999996,-6.072000000000001,0.0
mode_without_mn9,0.0125,720575940627374598,early,0.0,180.0,236.61,-3.4320000000000004,198.99,-2.9040000000000004,0.03666666666666667
mode_without_mn9,0.0125,720575940627374598,later,180.0,1000.0,8715.96,-6507.072,7733.549999999999,-5250.96,0.09658536585365854
mode_without_mn9,0.0125,720575940627374598,pre_first_20ms,118.98750000000001,138.9875,54.44999999999999,-0.264,54.44999999999999,-0.264,0.0
mode_without_mn9,0.0125,720575940622855629,early,0.0,180.0,152.79,-23.232,139.26000000000002,-22.440000000000005,0.024444444444444446
mode_without_mn9,0.0125,720575940622855629,later,180.0,1000.0,7919.67,-2623.368,6435.0,-2129.1600000000003,0.1851219512195122
mode_without_mn9,0.0125,720575940622855629,pre_first_20ms,119.01250000000002,139.01250000000002,57.09,-5.808000000000001,57.09,-5.808000000000001,0.0
mode_without_mn9,0.0125,720575940636488805,early,0.0,180.0,146.19,-25.872,140.58,-24.816000000000003,0.024444444444444446
mode_without_mn9,0.0125,720575940636488805,later,180.0,1000.0,4373.490000000001,-609.3120000000001,3789.7200000000003,-518.4960000000001,0.15292682926829268
mode_without_mn9,0.0125,720575940636488805,pre_first_20ms,119.1,139.1,49.50000000000001,-2.64,49.50000000000001,-2.64,0.0
mode_without_mn9,0.0125,720575940607447491,early,0.0,180.0,186.78,-28.248000000000005,179.52,-25.080000000000005,0.024444444444444446
mode_without_mn9,0.0125,720575940607447491,later,180.0,1000.0,7885.019999999999,-5178.0960000000005,7200.93,-4562.712000000001,0.11804878048780487
mode_without_mn9,0.0125,720575940607447491,pre_first_20ms,119.11250000000001,139.1125,50.81999999999999,-4.488,50.81999999999999,-4.488,0.0
mode_without_mn9,0.0125,720575940617691170,early,0.0,180.0,222.42000000000004,-142.824,213.51000000000002,-124.34400000000002,0.012222222222222223
mode_without_mn9,0.0125,720575940617691170,later,180.0,1000.0,149330.93999999997,-26218.632000000005,59013.899999999994,-9607.488000000001,0.5929268292682927
mode_without_mn9,0.0125,720575940617691170,pre_first_20ms,119.13749999999999,139.1375,90.75,-23.496000000000002,90.75,-23.496000000000002,0.0
mode_without_mn9,0.0125,720575940630046524,early,0.0,180.0,230.33999999999997,-74.97600000000001,196.68,-60.19200000000001,0.024444444444444446
mode_without_mn9,0.0125,720575940630046524,later,180.0,1000.0,8196.869999999999,-4755.96,7220.7300000000005,-4058.736,0.13146341463414635
mode_without_mn9,0.0125,720575940630046524,pre_first_20ms,119.23750000000001,139.2375,77.55,-15.84,77.55,-15.84,0.0
mode_without_mn9,0.0125,720575940621030320,early,0.0,180.0,133.98,-38.80800000000001,132.33,-38.28,0.012222222222222223
mode_without_mn9,0.0125,720575940621030320,later,180.0,1000.0,13469.939999999999,-3138.168,10495.32,-2217.6,0.2602439024390244
mode_without_mn9,0.0125,720575940621030320,pre_first_20ms,119.30000000000001,139.3,61.050000000000004,-11.088000000000001,61.050000000000004,-11.088000000000001,0.0
mode_without_mn9,0.0125,720575940625649214,early,0.0,180.0,139.92000000000002,-43.824,129.03,-36.96000000000001,0.012222222222222223
mode_without_mn9,0.0125,720575940625649214,later,180.0,1000.0,5342.040000000002,-1836.912,4626.6,-1597.728,0.13951219512195123
mode_without_mn9,0.0125,720575940625649214,pre_first_20ms,119.3125,139.3125,58.41,-10.032,58.41,-10.032,0.0
mode_without_mn9,0.0125,720575940621347254,early,0.0,180.0,283.47,-74.976,258.72,-53.327999999999996,0.03666666666666667
mode_without_mn9,0.0125,720575940621347254,later,180.0,1000.0,12327.480000000001,-6566.472000000001,10829.610000000002,-5762.592000000001,0.13489329268292682
mode_without_mn9,0.0125,720575940621347254,pre_first_20ms,119.375,139.375,70.29000000000002,-0.792,70.29000000000002,-0.792,0.0
mode_without_mn9,0.0125,720575940624928956,early,0.0,180.0,131.67000000000002,-38.80800000000001,129.03,-35.376000000000005,0.012222222222222223
mode_without_mn9,0.0125,720575940624928956,later,180.0,1000.0,5502.75,-2971.3199999999997,4878.720000000001,-2595.9120000000003,0.1073170731707317
mode_without_mn9,0.0125,720575940624928956,pre_first_20ms,119.4,139.4,64.02000000000001,-12.672,64.02000000000001,-12.672,0.0
mode_without_mn9,0.0125,720575940627109202,early,0.0,180.0,133.32000000000002,-15.048000000000002,131.67,-13.992000000000003,0.012222222222222223
mode_without_mn9,0.0125,720575940627109202,later,180.0,1000.0,9624.779999999999,-3551.5920000000006,7684.710000000001,-2833.7760000000003,0.19853658536585367
mode_without_mn9,0.0125,720575940627109202,pre_first_20ms,119.5,139.5,53.790000000000006,-4.752000000000001,53.790000000000006,-4.752000000000001,0.0
mode_without_mn9,0.0125,720575940613594783,early,0.0,180.0,152.79,-26.664000000000005,142.56,-25.080000000000002,0.024444444444444446
mode_without_mn9,0.0125,720575940613594783,later,180.0,1000.0,4627.92,-491.83200000000016,3890.0399999999995,-402.33600000000007,0.15829268292682927
mode_without_mn9,0.0125,720575940613594783,pre_first_20ms,119.5625,139.5625,52.470000000000006,-2.6400000000000006,52.470000000000006,-2.6400000000000006,0.0
mode_without_mn9,0.0125,720575940629957943,early,0.0,180.0,260.37,-301.22400000000005,255.42000000000002,-260.832,0.012222222222222223
mode_without_mn9,0.0125,720575940629957943,later,180.0,1000.0,6265.38,-5558.520000000001,6116.879999999999,-5250.432000000001,0.026829268292682926
mode_without_mn9,0.0125,720575940629957943,pre_first_20ms,119.67499999999998,139.67499999999998,82.16999999999999,-6.6000000000000005,82.16999999999999,-6.6000000000000005,0.0
mode_without_mn9,0.0125,720575940621040737,early,0.0,180.0,203.94,-87.648,180.84000000000003,-87.648,0.012222222222222223
mode_without_mn9,0.0125,720575940621040737,later,180.0,1000.0,154096.13999999996,-24174.479999999996,59429.7,-7848.984000000001,0.5998932926829268
mode_without_mn9,0.0125,720575940621040737,pre_first_20ms,119.7125,139.7125,83.49,-13.464,83.49,-13.464,0.0
mode_without_mn9,0.0125,720575940626128386,early,0.0,180.0,112.53,-33.264,110.22,-33.264,0.012222222222222223
mode_without_mn9,0.0125,720575940626128386,later,180.0,1000.0,7807.140000000001,-3809.2560000000008,6576.900000000001,-3222.12,0.15024390243902438
mode_without_mn9,0.0125,720575940626128386,pre_first_20ms,119.75,139.75,57.75,-6.336000000000001,57.75,-6.336000000000001,0.0
mode_without_mn9,0.0125,720575940615770369,early,0.0,180.0,273.23999999999995,-121.70400000000001,256.08000000000004,-107.18400000000003,0.024444444444444446
mode_without_mn9,0.0125,720575940615770369,later,180.0,1000.0,5761.8,-2843.8080000000004,5265.81,-2326.3680000000004,0.13240853658536586
mode_without_mn9,0.0125,720575940615770369,pre_first_20ms,119.76250000000002,139.76250000000002,89.1,-31.416,89.1,-31.416,0.0
mode_without_mn9,0.0125,720575940620205505,early,0.0,180.0,129.36,-49.36800000000001,128.04000000000002,-48.04800000000001,0.012222222222222223
mode_without_mn9,0.0125,720575940620205505,later,180.0,1000.0,6334.35,-4383.984,5882.25,-3886.8720000000008,0.08585365853658537
mode_without_mn9,0.0125,720575940620205505,pre_first_20ms,119.88749999999999,139.8875,63.03,-7.392000000000001,63.03,-7.392000000000001,0.0
mode_without_mn9,0.0125,720575940619759750,early,0.0,180.0,189.75,-29.832,167.96999999999997,-28.776000000000003,0.024444444444444446
mode_without_mn9,0.0125,720575940619759750,later,180.0,1000.0,4514.4,-1260.3360000000002,3963.63,-1080.5520000000001,0.13682926829268294
mode_without_mn9,0.0125,720575940619759750,pre_first_20ms,119.9,139.9,58.739999999999995,-8.976,58.739999999999995,-8.976,0.0
mode_without_mn9,0.0125,720575940647303300,early,0.0,180.0,113.85000000000001,-1.584,106.92,-1.32,0.012222222222222223
mode_without_mn9,0.0125,720575940647303300,later,180.0,1000.0,10541.85,-5466.384,8578.02,-4304.784,0.1797560975609756
mode_without_mn9,0.0125,720575940647303300,pre_first_20ms,120.0,140.0,47.190000000000005,-0.528,47.190000000000005,-0.528,0.0
mode_without_mn9,0.0125,720575940610951634,early,0.0,180.0,286.44000000000005,-157.34400000000002,286.44000000000005,-157.34400000000002,0.024444444444444446
mode_without_mn9,0.0125,720575940610951634,later,180.0,1000.0,134366.10000000003,-11105.424,55245.3,-4381.080000000001,0.6009756097560975
mode_without_mn9,0.0125,720575940610951634,pre_first_20ms,120.05000000000001,140.05,113.19000000000001,-60.720000000000006,113.19000000000001,-60.720000000000006,0.0
mode_without_mn9,0.0125,720575940619486117,early,0.0,180.0,181.50000000000003,-53.06400000000001,169.62000000000003,-46.2,0.024444444444444446
mode_without_mn9,0.0125,720575940619486117,later,180.0,1000.0,4342.800000000001,-2308.152,4026.99,-2106.192,0.08585365853658537
mode_without_mn9,0.0125,720575940619486117,pre_first_20ms,120.05000000000001,140.05,57.42,-13.728000000000002,57.42,-13.728000000000002,0.0
mode_without_mn9,0.0125,720575940620664496,early,0.0,180.0,245.85000000000002,-324.984,245.19,-279.048,0.012222222222222223
mode_without_mn9,0.0125,720575940620664496,later,180.0,1000.0,5370.09,-5933.664000000001,5370.09,-5933.664000000001,0.0
mode_without_mn9,0.0125,720575940620664496,pre_first_20ms,120.11250000000001,140.1125,86.13,-7.392,86.13,-7.392,0.0
mode_without_mn9,0.0125,720575940638204132,early,0.0,180.0,564.6300000000001,-505.56,540.87,-495.264,0.03666666666666667
mode_without_mn9,0.0125,720575940638204132,later,180.0,1000.0,13582.14,-7887.264000000001,11306.13,-6425.232,0.174390243902439
mode_without_mn9,0.0125,720575940638204132,pre_first_20ms,120.125,140.125,141.57,-49.104000000000006,141.57,-49.104000000000006,0.0
mode_without_mn9,0.0125,720575940620488513,early,0.0,180.0,132.66,-20.328000000000003,120.11999999999999,-19.536,0.012222222222222223
mode_without_mn9,0.0125,720575940620488513,later,180.0,1000.0,4561.260000000001,-2607.7920000000004,4198.59,-2391.3120000000004,0.08317073170731708
mode_without_mn9,0.0125,720575940620488513,pre_first_20ms,120.22500000000002,140.22500000000002,47.19,-5.016,47.19,-5.016,0.0
mode_without_mn9,0.0125,720575940648330105,early,0.0,180.0,160.05,-36.96,149.16,-35.904,0.024444444444444446
mode_without_mn9,0.0125,720575940648330105,later,180.0,1000.0,5970.360000000001,-3182.520000000001,5302.11,-2778.072,0.11804878048780487
mode_without_mn9,0.0125,720575940648330105,pre_first_20ms,120.26250000000002,140.26250000000002,57.42,-14.256,57.42,-14.256,0.0
mode_without_mn9,0.0125,720575940618270629,early,0.0,180.0,361.02000000000004,-214.104,348.81,-192.72000000000003,0.012222222222222223
mode_without_mn9,0.0125,720575940618270629,later,180.0,1000.0,8279.7,-4660.656000000001,7221.06,-3942.5760000000005,0.1421951219512195
mode_without_mn9,0.0125,720575940618270629,pre_first_20ms,120.30000000000001,140.3,103.29,-54.64800000000001,103.29,-54.64800000000001,0.0
mode_without_mn9,0.0125,720575940627100584,early,0.0,180.0,428.34000000000003,-123.28800000000001,389.40000000000003,-110.088,0.03666666666666667
mode_without_mn9,0.0125,720575940627100584,later,180.0,1000.0,21294.9,-5115.792000000001,16847.82,-3301.3200000000006,0.34847560975609754
mode_without_mn9,0.0125,720575940627100584,pre_first_20ms,120.3375,140.3375,113.19000000000001,-25.080000000000002,113.19000000000001,-25.080000000000002,0.0
mode_without_mn9,0.0125,720575940626363529,early,0.0,180.0,194.37,-79.99199999999999,175.56,-66.0,0.024444444444444446
mode_without_mn9,0.0125,720575940626363529,later,180.0,1000.0,4534.2,-3168.264,4364.58,-2905.32,0.05634146341463415
mode_without_mn9,0.0125,720575940626363529,pre_first_20ms,120.35,140.35,73.25999999999999,-12.144,73.25999999999999,-12.144,0.0
mode_without_mn9,0.0125,720575940605583136,early,0.0,180.0,201.63,-20.328,157.08,-18.744,0.024444444444444446
mode_without_mn9,0.0125,720575940605583136,later,180.0,1000.0,7288.38,-1224.6960000000001,5952.87,-967.5600000000002,0.20390243902439023
mode_without_mn9,0.0125,720575940605583136,pre_first_20ms,120.375,140.375,51.15,-3.6960000000000006,51.15,-3.6960000000000006,0.0
mode_without_mn9,0.0125,720575940633766370,early,0.0,180.0,316.47,-100.584,267.3,-94.77600000000001,0.03409722222222222
mode_without_mn9,0.0125,720575940633766370,later,180.0,1000.0,21764.82,-9412.656,16538.280000000002,-7202.9760000000015,0.24471036585365855
mode_without_mn9,0.0125,720575940633766370,pre_first_20ms,120.4375,140.4375,85.47,-22.440000000000005,85.47,-22.440000000000005,0.0
mode_without_mn9,0.0125,720575940625893507,early,0.0,180.0,157.74,-17.424,139.59,-16.368,0.024444444444444446
mode_without_mn9,0.0125,720575940625893507,later,180.0,1000.0,4361.28,-799.92,3834.2699999999995,-670.8240000000001,0.1475609756097561
mode_without_mn9,0.0125,720575940625893507,pre_first_20ms,120.45000000000002,140.45000000000002,53.79,-1.8480000000000003,53.79,-1.8480000000000003,0.0
mode_without_mn9,0.0125,720575940621814049,early,0.0,180.0,226.38,-72.864,211.85999999999999,-64.67999999999999,0.024444444444444446
mode_without_mn9,0.0125,720575940621814049,later,180.0,1000.0,11094.599999999999,-6547.728,9337.35,-5372.4000000000015,0.16365853658536586
mode_without_mn9,0.0125,720575940621814049,pre_first_20ms,120.55000000000001,140.55,71.60999999999999,-13.200000000000003,71.60999999999999,-13.200000000000003,0.0
mode_without_mn9,0.0125,720575940629702905,early,0.0,180.0,348.81,-88.17600000000002,329.67,-81.84000000000002,0.04888888888888889
mode_without_mn9,0.0125,720575940629702905,later,180.0,1000.0,7688.999999999999,-4522.848,6989.7300000000005,-3940.728,0.1073170731707317
mode_without_mn9,0.0125,720575940629702905,pre_first_20ms,120.5625,140.5625,74.25,-19.536,74.25,-19.536,0.0
mode_without_mn9,0.0125,720575940651425782,early,0.0,180.0,158.40000000000003,-19.272000000000002,143.22000000000003,-18.744000000000003,0.024444444444444446
mode_without_mn9,0.0125,720575940651425782,later,180.0,1000.0,7368.5700000000015,-1154.736,5989.829999999998,-882.816,0.20926829268292682
mode_without_mn9,0.0125,720575940651425782,pre_first_20ms,120.57500000000002,140.57500000000002,46.2,-5.808,46.2,-5.808,0.0
mode_without_mn9,0.0125,720575940624486899,early,0.0,180.0,224.73,-116.424,222.08999999999997,-112.992,0.012222222222222223
mode_without_mn9,0.0125,720575940624486899,later,180.0,1000.0,5456.219999999999,-2509.3200000000006,4961.549999999999,-2120.184,0.12609756097560976
mode_without_mn9,0.0125,720575940624486899,pre_first_20ms,120.70000000000002,140.70000000000002,90.41999999999999,-34.848,90.41999999999999,-34.848,0.0
mode_without_mn9,0.0125,720575940628529155,early,0.0,180.0,110.88000000000001,-2.904,100.65,-2.904,0.012222222222222223
mode_without_mn9,0.0125,720575940628529155,later,180.0,1000.0,9313.26,-4333.031999999999,7722.33,-3420.6479999999997,0.1824390243902439
mode_without_mn9,0.0125,720575940628529155,pre_first_20ms,120.72500000000002,140.72500000000002,41.58,-1.32,41.58,-1.32,0.0
mode_without_mn9,0.0125,720575940629969111,early,0.0,180.0,225.06000000000003,-65.208,216.48000000000002,-63.88800000000001,0.024444444444444446
mode_without_mn9,0.0125,720575940629969111,later,180.0,1000.0,5071.4400000000005,-1478.4,4354.349999999999,-1214.1360000000002,0.1448780487804878
mode_without_mn9,0.0125,720575940629969111,pre_first_20ms,120.76250000000002,140.76250000000002,73.59,-17.16,73.59,-17.16,0.0
mode_without_mn9,0.0125,720575940621504794,early,0.0,180.0,135.96,-21.384000000000004,126.06,-21.384,0.012222222222222223
mode_without_mn9,0.0125,720575940621504794,later,180.0,1000.0,4582.049999999999,-2326.3680000000004,4119.389999999999,-2074.248,0.09658536585365854
mode_without_mn9,0.0125,720575940621504794,pre_first_20ms,120.80000000000001,140.8,43.89,-6.072000000000001,43.89,-6.072000000000001,0.0
mode_without_mn9,0.0125,720575940622241160,early,0.0,180.0,120.78,-31.152,116.82,-31.152,0.012222222222222223
mode_without_mn9,0.0125,720575940622241160,later,180.0,1000.0,7042.53,-3733.4880000000003,6061.110000000001,-3256.9680000000003,0.12878048780487805
mode_without_mn9,0.0125,720575940622241160,pre_first_20ms,120.8375,140.8375,54.120000000000005,-5.016,54.120000000000005,-5.016,0.0
mode_without_mn9,0.0125,720575940621870886,early,0.0,180.0,148.17000000000002,-15.840000000000003,135.3,-15.312000000000001,0.024444444444444446
mode_without_mn9,0.0125,720575940621870886,later,180.0,1000.0,8010.750000000001,-2002.7039999999997,6472.62,-1584.0000000000002,0.2033689024390244
mode_without_mn9,0.0125,720575940621870886,pre_first_20ms,120.85,140.85,43.230000000000004,-4.224,43.230000000000004,-4.224,0.0
mode_without_mn9,0.0125,720575940624470763,early,0.0,180.0,205.58999999999997,-17.160000000000004,189.09000000000003,-16.104000000000003,0.024444444444444446
mode_without_mn9,0.0125,720575940624470763,later,180.0,1000.0,5903.370000000001,-988.4160000000003,4872.120000000001,-791.2080000000001,0.17777439024390243
mode_without_mn9,0.0125,720575940624470763,pre_first_20ms,120.85,140.85,52.47,-5.016,52.47,-5.016,0.0
mode_without_mn9,0.0125,720575940625878160,early,0.0,180.0,144.87,-111.40800000000002,135.3,-107.44800000000001,0.012222222222222223
mode_without_mn9,0.0125,720575940625878160,later,180.0,1000.0,3652.77,-3324.8160000000007,3566.9700000000003,-3216.0480000000002,0.018780487804878048
mode_without_mn9,0.0125,720575940625878160,pre_first_20ms,121.1,141.1,62.370000000000005,-1.584,62.370000000000005,-1.584,0.0
mode_without_mn9,0.0125,720575940643701152,early,0.0,180.0,220.77,-61.776,216.48,-55.70400000000001,0.024444444444444446
mode_without_mn9,0.0125,720575940643701152,later,180.0,1000.0,5112.03,-1960.9920000000002,4524.299999999999,-1686.96,0.12878048780487805
mode_without_mn9,0.0125,720575940643701152,pre_first_20ms,121.1625,141.1625,64.35,-12.936000000000003,64.35,-12.936000000000003,0.0
mode_without_mn9,0.0125,720575940633874015,early,0.0,180.0,168.63,-48.04800000000001,164.01,-38.28,0.024444444444444446
mode_without_mn9,0.0125,720575940633874015,later,180.0,1000.0,6342.6,-4461.599999999999,5840.669999999999,-4011.7440000000006,0.079375
mode_without_mn9,0.0125,720575940633874015,pre_first_20ms,121.23750000000001,141.2375,66.33,-11.88,66.33,-11.88,0.0
mode_without_mn9,0.0125,720575940631828307,early,0.0,180.0,148.83,-30.096000000000004,144.86999999999998,-26.136000000000003,0.012222222222222223
mode_without_mn9,0.0125,720575940631828307,later,180.0,1000.0,3990.03,-984.72,3540.9000000000005,-862.4879999999999,0.12878048780487805
mode_without_mn9,0.0125,720575940631828307,pre_first_20ms,121.275,141.275,56.1,-6.336,56.1,-6.336,0.0
mode_without_mn9,0.0125,720575940614383978,early,0.0,180.0,214.17,-11.352,179.18999999999997,-10.56,0.024444444444444446
mode_without_mn9,0.0125,720575940614383978,later,180.0,1000.0,6701.3099999999995,-3012.2400000000002,5963.76,-2164.2720000000004,0.15829268292682927
mode_without_mn9,0.0125,720575940614383978,pre_first_20ms,121.42499999999998,141.42499999999998,59.72999999999999,-2.9040000000000004,59.72999999999999,-2.9040000000000004,0.0
mode_without_mn9,0.0125,720575940640178640,early,0.0,180.0,223.07999999999998,-68.64000000000001,218.12999999999997,-60.72000000000001,0.024444444444444446
mode_without_mn9,0.0125,720575940640178640,later,180.0,1000.0,5464.799999999999,-2731.344,4883.339999999999,-2459.4240000000004,0.09926829268292683
mode_without_mn9,0.0125,720575940640178640,pre_first_20ms,121.45000000000002,141.45000000000002,83.16,-7.128,83.16,-7.128,0.0
mode_without_mn9,0.0125,720575940630135084,early,0.0,180.0,571.89,-628.056,544.17,-624.624,0.024444444444444446
mode_without_mn9,0.0125,720575940630135084,later,180.0,1000.0,13439.25,-9873.6,11982.630000000001,-8539.344,0.12341463414634146
mode_without_mn9,0.0125,720575940630135084,pre_first_20ms,121.47500000000002,141.47500000000002,150.81,-55.440000000000005,150.81,-55.440000000000005,0.0
mode_without_mn9,0.0125,720575940617868249,early,0.0,180.0,203.28,-95.832,182.49,-71.28,0.024444444444444446
mode_without_mn9,0.0125,720575940617868249,later,180.0,1000.0,6133.71,-3656.136,5523.87,-3223.9680000000008,0.10195121951219512
mode_without_mn9,0.0125,720575940617868249,pre_first_20ms,121.525,141.525,71.94,-13.2,71.94,-13.2,0.0
mode_without_mn9,0.0125,720575940611578225,early,0.0,180.0,166.98000000000002,-26.400000000000006,152.46,-25.608,0.024444444444444446
mode_without_mn9,0.0125,720575940611578225,later,180.0,1000.0,7502.880000000001,-1652.3760000000002,5923.170000000001,-1310.496,0.19048780487804878
mode_without_mn9,0.0125,720575940611578225,pre_first_20ms,121.5875,141.5875,62.37,-11.880000000000003,62.37,-11.880000000000003,0.0
mode_without_mn9,0.0125,720575940616471052,early,0.0,180.0,406.89,-249.74400000000003,359.37,-247.10400000000004,0.024444444444444446
mode_without_mn9,0.0125,720575940616471052,later,180.0,1000.0,16181.220000000001,-5092.032,11957.220000000001,-3672.2400000000007,0.24414634146341463
mode_without_mn9,0.0125,720575940616471052,pre_first_20ms,121.625,141.625,80.19,-11.88,80.19,-11.88,0.0
mode_without_mn9,0.0125,720575940615438402,early,0.0,180.0,210.20999999999998,-210.14400000000003,208.55999999999997,-73.656,0.024444444444444446
mode_without_mn9,0.0125,720575940615438402,later,180.0,1000.0,58179.99,-40153.08000000001,41014.71,-25682.447999999997,0.31658536585365854
mode_without_mn9,0.0125,720575940615438402,pre_first_20ms,121.65,141.65,99.32999999999998,-20.064000000000004,99.32999999999998,-20.064000000000004,0.0
mode_without_mn9,0.0125,720575940621467212,early,0.0,180.0,140.25,-10.56,126.72,-9.24,0.024444444444444446
mode_without_mn9,0.0125,720575940621467212,later,180.0,1000.0,7998.539999999999,-1827.9360000000004,6298.380000000001,-1474.968,0.20307926829268294
mode_without_mn9,0.0125,720575940621467212,pre_first_20ms,121.73750000000001,141.7375,47.849999999999994,-2.904,47.849999999999994,-2.904,0.0
mode_without_mn9,0.0125,720575940630025004,early,0.0,180.0,170.27999999999997,-36.168000000000006,165.32999999999998,-29.304000000000006,0.024444444444444446
mode_without_mn9,0.0125,720575940630025004,later,180.0,1000.0,4158.660000000001,-3531.2640000000006,4158.660000000001,-3531.2640000000006,0.0
mode_without_mn9,0.0125,720575940630025004,pre_first_20ms,121.78750000000002,141.78750000000002,63.69,-15.576,63.69,-15.576,0.0
mode_without_mn9,0.0125,720575940630617386,early,0.0,180.0,185.46,-189.81600000000003,179.85000000000002,-167.64,0.012222222222222223
mode_without_mn9,0.0125,720575940630617386,later,180.0,1000.0,14321.339999999998,-5392.728,11158.289999999999,-4174.104000000001,0.24402439024390243
mode_without_mn9,0.0125,720575940630617386,pre_first_20ms,121.88749999999999,141.8875,65.67,-18.216,65.67,-18.216,0.0
mode_without_mn9,0.0125,720575940629947964,early,0.0,180.0,114.84,-12.672,110.22,-12.408000000000001,0.012222222222222223
mode_without_mn9,0.0125,720575940629947964,later,180.0,1000.0,9986.789999999999,-5685.240000000001,8329.859999999999,-4442.592000000001,0.1689939024390244
mode_without_mn9,0.0125,720575940629947964,pre_first_20ms,121.9,141.9,51.81,-5.016,51.81,-5.016,0.0
mode_without_mn9,0.0125,720575940618807454,early,0.0,180.0,150.14999999999998,-34.056000000000004,145.53,-32.472,0.024444444444444446
mode_without_mn9,0.0125,720575940618807454,later,180.0,1000.0,9003.390000000001,-5101.536000000001,7826.9400000000005,-4460.544,0.12609756097560976
mode_without_mn9,0.0125,720575940618807454,pre_first_20ms,121.9625,141.9625,61.050000000000004,-8.712000000000002,61.050000000000004,-8.712000000000002,0.0
mode_without_mn9,0.0125,720575940627808122,early,0.0,180.0,125.07000000000002,-19.008000000000003,118.14000000000001,-19.008000000000003,0.012222222222222223
mode_without_mn9,0.0125,720575940627808122,later,180.0,1000.0,7431.930000000001,-2840.3760000000007,6217.200000000001,-2295.4800000000005,0.174390243902439
mode_without_mn9,0.0125,720575940627808122,pre_first_20ms,121.98750000000001,141.9875,52.800000000000004,-7.128,52.800000000000004,-7.128,0.0
mode_without_mn9,0.0125,720575940611745429,early,0.0,180.0,348.48,-88.44,219.78000000000003,-70.224,0.024444444444444446
mode_without_mn9,0.0125,720575940611745429,later,180.0,1000.0,43848.420000000006,-18734.232000000004,28817.58,-12258.312000000002,0.3407317073170732
mode_without_mn9,0.0125,720575940611745429,pre_first_20ms,122.01250000000002,142.01250000000002,107.25,-26.664,107.25,-26.664,0.0
mode_without_mn9,0.0125,720575940631182354,early,0.0,180.0,253.10999999999999,-132.264,233.97,-115.89600000000002,0.024444444444444446
mode_without_mn9,0.0125,720575940631182354,later,180.0,1000.0,15013.019999999997,-16946.952000000005,14985.630000000003,-16878.84,0.002682926829268293
mode_without_mn9,0.0125,720575940631182354,pre_first_20ms,122.125,142.125,93.39,-40.92,93.39,-40.92,0.0
mode_without_mn9,0.0125,720575940635507960,early,0.0,180.0,106.91999999999999,-5.016,99.99,-5.016,0.012222222222222223
mode_without_mn9,0.0125,720575940635507960,later,180.0,1000.0,7849.71,-3405.6,6555.78,-2705.736,0.17170731707317075
mode_without_mn9,0.0125,720575940635507960,pre_first_20ms,122.125,142.125,45.54,-2.112,45.54,-2.112,0.0
mode_without_mn9,0.0125,720575940629502251,early,0.0,180.0,254.1,-157.872,252.12,-157.34400000000002,0.024444444444444446
mode_without_mn9,0.0125,720575940629502251,later,180.0,1000.0,22611.929999999997,-9697.776000000003,17088.39,-6984.120000000001,0.265609756097561
mode_without_mn9,0.0125,720575940629502251,pre_first_20ms,122.15,142.15,100.64999999999999,-20.856,100.64999999999999,-20.856,0.0
mode_without_mn9,0.0125,720575940617749538,early,0.0,180.0,181.83,-13.992,181.83,-1.584,0.012222222222222223
mode_without_mn9,0.0125,720575940617749538,later,180.0,1000.0,207536.66999999998,-25856.952000000005,72820.10999999999,-8019.0,0.6304878048780488
mode_without_mn9,0.0125,720575940617749538,pre_first_20ms,122.30000000000001,142.3,146.85000000000002,-0.792,146.85000000000002,-0.792,0.0
mode_without_mn9,0.0125,720575940621768180,early,0.0,180.0,242.55000000000004,-435.07200000000006,240.57000000000002,-433.22400000000005,0.012222222222222223
mode_without_mn9,0.0125,720575940621768180,later,180.0,1000.0,9518.519999999999,-8560.728000000001,9311.94,-8052.000000000001,0.045609756097560974
mode_without_mn9,0.0125,720575940621768180,pre_first_20ms,122.35,142.35,146.19,-54.912000000000006,146.19,-54.912000000000006,0.0
mode_without_mn9,0.0125,720575940623201833,early,0.0,180.0,168.3,-10.032000000000002,167.97000000000003,0.0,0.012222222222222223
mode_without_mn9,0.0125,720575940623201833,later,180.0,1000.0,205973.46,-24191.640000000003,71252.94,-7339.728000000001,0.6278048780487805
mode_without_mn9,0.0125,720575940623201833,pre_first_20ms,122.36250000000001,142.3625,149.49,0.0,149.49,0.0,0.0
mode_without_mn9,0.0125,720575940629701881,early,0.0,180.0,197.67,-97.68,192.06,-93.19200000000001,0.012222222222222223
mode_without_mn9,0.0125,720575940629701881,later,180.0,1000.0,5655.869999999999,-3426.4560000000006,5171.1,-3035.472,0.09121951219512195
mode_without_mn9,0.0125,720575940629701881,pre_first_20ms,122.4625,142.4625,77.88,-21.648000000000003,77.88,-21.648000000000003,0.0
mode_without_mn9,0.0125,720575940627380679,early,0.0,180.0,115.83,-27.192000000000007,115.5,-26.400000000000006,0.012222222222222223
mode_without_mn9,0.0125,720575940627380679,later,180.0,1000.0,5167.8,-1616.472,4370.19,-1381.5120000000002,0.13951219512195123
mode_without_mn9,0.0125,720575940627380679,pre_first_20ms,122.53750000000002,142.53750000000002,53.790000000000006,-8.976000000000003,53.790000000000006,-8.976000000000003,0.0
mode_without_mn9,0.0125,720575940629755723,early,0.0,180.0,145.53,-28.247999999999998,143.55,-27.984,0.012222222222222223
mode_without_mn9,0.0125,720575940629755723,later,180.0,1000.0,6180.570000000001,-2971.32,5407.71,-2513.5440000000003,0.13414634146341464
mode_without_mn9,0.0125,720575940629755723,pre_first_20ms,122.55000000000001,142.55,59.07000000000001,-12.143999999999998,59.07000000000001,-12.143999999999998,0.0
mode_without_mn9,0.0125,720575940620571574,early,0.0,180.0,164.67,-10.032000000000002,157.41,-7.392000000000001,0.024444444444444446
mode_without_mn9,0.0125,720575940620571574,later,180.0,1000.0,11594.88,-2402.136,8594.849999999999,-1791.5040000000004,0.24682926829268292
mode_without_mn9,0.0125,720575940620571574,pre_first_20ms,122.5625,142.5625,40.59,-2.64,40.59,-2.64,0.0
mode_without_mn9,0.0125,720575940631670865,early,0.0,180.0,141.24,-26.136000000000003,140.91000000000003,-25.080000000000002,0.012222222222222223
mode_without_mn9,0.0125,720575940631670865,later,180.0,1000.0,4022.04,-1237.104,3597.0,-1086.888,0.12073170731707317
mode_without_mn9,0.0125,720575940631670865,pre_first_20ms,122.625,142.625,56.42999999999999,-8.448,56.42999999999999,-8.448,0.0
mode_without_mn9,0.0125,720575940624982823,early,0.0,180.0,151.14,-48.31200000000001,148.17000000000002,-48.048,0.012222222222222223
mode_without_mn9,0.0125,720575940624982823,later,180.0,1000.0,4109.490000000001,-2822.424,3869.9100000000003,-2592.48,0.05634146341463415
mode_without_mn9,0.0125,720575940624982823,pre_first_20ms,122.67499999999998,142.67499999999998,61.38,-3.4320000000000004,61.38,-3.4320000000000004,0.0
mode_without_mn9,0.0125,720575940634575796,early,0.0,180.0,119.79,-8.184000000000001,119.79000000000002,-7.920000000000001,0.012222222222222223
mode_without_mn9,0.0125,720575940634575796,later,180.0,1000.0,8332.83,-3003.264,6682.170000000001,-2448.864,0.1851219512195122
mode_without_mn9,0.0125,720575940634575796,pre_first_20ms,122.6875,142.6875,56.1,-2.904,56.1,-2.904,0.0
mode_without_mn9,0.0125,720575940624534972,early,0.0,180.0,263.99999999999994,-264.0,261.35999999999996,-258.456,0.012222222222222223
mode_without_mn9,0.0125,720575940624534972,later,180.0,1000.0,6848.819999999999,-5809.848000000002,6530.37,-5467.968,0.05365853658536585
mode_without_mn9,0.0125,720575940624534972,pre_first_20ms,122.75000000000003,142.75000000000003,94.71,-29.30400000000001,94.71,-29.30400000000001,0.0
mode_without_mn9,0.0125,720575940626879505,early,0.0,180.0,234.3,-112.46400000000001,230.67000000000002,-98.736,0.024444444444444446
mode_without_mn9,0.0125,720575940626879505,later,180.0,1000.0,5249.31,-3393.984000000001,4953.960000000001,-3094.872,0.0724390243902439
mode_without_mn9,0.0125,720575940626879505,pre_first_20ms,122.80000000000001,142.8,84.15,-32.736000000000004,84.15,-32.736000000000004,0.0
mode_without_mn9,0.0125,720575940629529722,early,0.0,180.0,117.81,-9.24,117.15,-8.976,0.012222222222222223
mode_without_mn9,0.0125,720575940629529722,later,180.0,1000.0,6391.77,-1977.096,5318.9400000000005,-1617.0,0.16902439024390245
mode_without_mn9,0.0125,720575940629529722,pre_first_20ms,122.80000000000001,142.8,48.84,-2.3760000000000003,48.84,-2.3760000000000003,0.0
mode_without_mn9,0.0125,720575940609077828,early,0.0,180.0,163.02,-25.080000000000002,155.43,-23.232000000000003,0.024444444444444446
mode_without_mn9,0.0125,720575940609077828,later,180.0,1000.0,5000.820000000001,-3201.528,4672.139999999999,-2850.936,0.08048780487804878
mode_without_mn9,0.0125,720575940609077828,pre_first_20ms,122.875,142.875,45.540000000000006,-1.848,45.540000000000006,-1.848,0.0
mode_without_mn9,0.0125,720575940629585602,early,0.0,180.0,130.68,-21.384,130.68,-20.592,0.012222222222222223
mode_without_mn9,0.0125,720575940629585602,later,180.0,1000.0,7785.03,-2618.616,6316.860000000001,-2106.7200000000003,0.1851219512195122
mode_without_mn9,0.0125,720575940629585602,pre_first_20ms,122.97500000000002,142.97500000000002,54.45,-6.864000000000001,54.45,-6.864000000000001,0.0
mode_without_mn9,0.0125,720575940630914245,early,0.0,180.0,154.11,-41.184,152.13,-21.384000000000004,0.024444444444444446
mode_without_mn9,0.0125,720575940630914245,later,180.0,1000.0,24931.17,-14096.28,18540.39,-10231.584,0.2658231707317073
mode_without_mn9,0.0125,720575940630914245,pre_first_20ms,122.97500000000002,142.97500000000002,66.66000000000001,-6.336000000000001,66.66000000000001,-6.336000000000001,0.0
mode_without_mn9,0.0125,720575940631990343,early,0.0,180.0,105.6,-6.864000000000001,105.60000000000001,-6.6,0.012222222222222223
mode_without_mn9,0.0125,720575940631990343,later,180.0,1000.0,7289.040000000001,-2755.6320000000005,6104.01,-2266.704,0.17170731707317075
mode_without_mn9,0.0125,720575940631990343,pre_first_20ms,123.03750000000002,143.03750000000002,49.83,-1.848,49.83,-1.848,0.0
mode_without_mn9,0.0125,720575940617413957,early,0.0,180.0,112.53,-17.160000000000004,112.53,-16.896,0.012222222222222223
mode_without_mn9,0.0125,720575940617413957,later,180.0,1000.0,8346.029999999999,-3177.2400000000007,6747.509999999999,-2558.9520000000007,0.1824390243902439
mode_without_mn9,0.0125,720575940617413957,pre_first_20ms,123.1625,143.1625,52.47,-4.488000000000001,52.47,-4.488000000000001,0.0
mode_without_mn9,0.0125,720575940616486230,early,0.0,180.0,271.59,-149.952,270.59999999999997,-149.688,0.024444444444444446
mode_without_mn9,0.0125,720575940616486230,later,180.0,1000.0,144379.29,-24219.36,62083.89,-8784.599999999999,0.6009756097560975
mode_without_mn9,0.0125,720575940616486230,pre_first_20ms,123.19999999999999,143.2,108.24,-59.664,108.24,-59.664,0.0
mode_without_mn9,0.0125,720575940632230099,early,0.0,180.0,165.99,-40.128,157.74,-36.96000000000001,0.024444444444444446
mode_without_mn9,0.0125,720575940632230099,later,180.0,1000.0,5042.400000000001,-3699.432000000001,4824.6,-3515.688,0.045609756097560974
mode_without_mn9,0.0125,720575940632230099,pre_first_20ms,123.22500000000002,143.22500000000002,66.66,-23.760000000000005,66.66,-23.760000000000005,0.0
mode_without_mn9,0.0125,720575940617244372,early,0.0,180.0,185.79000000000002,-51.74399999999999,185.46,-29.567999999999998,0.024444444444444446
mode_without_mn9,0.0125,720575940617244372,later,180.0,1000.0,118592.1,-77967.38400000002,60905.46000000001,-27877.344000000005,0.504390243902439
mode_without_mn9,0.0125,720575940617244372,pre_first_20ms,123.375,143.375,68.31,-2.9040000000000004,68.31,-2.9040000000000004,0.0
mode_without_mn9,0.0125,720575940630810695,early,0.0,180.0,188.42999999999998,-38.80800000000001,149.49,-35.376000000000005,0.024444444444444446
mode_without_mn9,0.0125,720575940630810695,later,180.0,1000.0,4245.120000000001,-1262.184,3744.18,-1123.584,0.11
mode_without_mn9,0.0125,720575940630810695,pre_first_20ms,123.48750000000001,143.4875,59.07,-17.16,59.07,-17.16,0.0
mode_without_mn9,0.0125,720575940641148405,early,0.0,180.0,169.95000000000002,-92.664,167.31,-87.384,0.012222222222222223
mode_without_mn9,0.0125,720575940641148405,later,180.0,1000.0,4783.679999999999,-2952.048,4454.34,-2669.304,0.0724390243902439
mode_without_mn9,0.0125,720575940641148405,pre_first_20ms,123.65,143.65,79.85999999999999,-25.872,79.85999999999999,-25.872,0.0
mode_without_mn9,0.0125,720575940634418021,early,0.0,180.0,180.84,-57.288000000000004,170.94,-56.232000000000006,0.012222222222222223
mode_without_mn9,0.0125,720575940634418021,later,180.0,1000.0,4296.6,-2132.856,3968.25,-1935.912,0.09390243902439024
mode_without_mn9,0.0125,720575940634418021,pre_first_20ms,123.69999999999999,143.7,59.730000000000004,-19.008000000000003,59.730000000000004,-19.008000000000003,0.0
mode_without_mn9,0.0125,720575940617728852,early,0.0,180.0,170.94,-52.536,170.61,-29.304000000000006,0.024444444444444446
mode_without_mn9,0.0125,720575940617728852,later,180.0,1000.0,121660.76999999999,-69393.72,60145.14,-23587.344,0.5231707317073171
mode_without_mn9,0.0125,720575940617728852,pre_first_20ms,123.86250000000001,143.8625,64.35000000000001,-2.904,64.35000000000001,-2.904,0.0
mode_without_mn9,0.0125,720575940616235348,early,0.0,180.0,140.58,-41.712,137.28,-41.44800000000001,0.012222222222222223
mode_without_mn9,0.0125,720575940616235348,later,180.0,1000.0,4748.039999999999,-2092.2000000000003,4214.76,-1863.3120000000004,0.1126829268292683
mode_without_mn9,0.0125,720575940616235348,pre_first_20ms,123.88749999999999,143.8875,62.7,-13.728000000000002,62.7,-13.728000000000002,0.0
mode_without_mn9,0.0125,720575940623182847,early,0.0,180.0,223.08,-66.52800000000002,203.28,-61.24800000000001,0.024444444444444446
mode_without_mn9,0.0125,720575940623182847,later,180.0,1000.0,19975.23,-7610.856000000001,14310.119999999999,-5470.080000000002,0.2817378048780488
mode_without_mn9,0.0125,720575940623182847,pre_first_20ms,123.98750000000001,143.9875,67.97999999999999,-21.648000000000003,67.97999999999999,-21.648000000000003,0.0
mode_without_mn9,0.0125,720575940629360459,early,0.0,180.0,113.85,-14.520000000000001,108.9,-10.824,0.012222222222222223
mode_without_mn9,0.0125,720575940629360459,later,180.0,1000.0,3460.7100000000005,-390.19200000000006,3043.92,-328.41600000000005,0.13146341463414635
mode_without_mn9,0.0125,720575940629360459,pre_first_20ms,124.00000000000003,144.00000000000003,45.540000000000006,-2.904,45.540000000000006,-2.904,0.0
mode_without_mn9,0.0125,720575940624280328,early,0.0,180.0,213.51000000000002,-102.432,205.26000000000002,-87.912,0.024444444444444446
mode_without_mn9,0.0125,720575940624280328,later,180.0,1000.0,12722.160000000002,-5590.464,10106.25,-4265.448,0.2173170731707317
mode_without_mn9,0.0125,720575940624280328,pre_first_20ms,124.07500000000002,144.07500000000002,73.59,-25.607999999999997,73.59,-25.607999999999997,0.0
mode_without_mn9,0.0125,720575940621712990,early,0.0,180.0,182.16000000000003,-38.80800000000001,177.87,-37.224000000000004,0.024444444444444446
mode_without_mn9,0.0125,720575940621712990,later,180.0,1000.0,6850.469999999999,-1983.96,5598.78,-1557.6,0.17170731707317075
mode_without_mn9,0.0125,720575940621712990,pre_first_20ms,124.13749999999999,144.1375,63.03,-16.104,63.03,-16.104,0.0
mode_without_mn9,0.0125,720575940608744405,early,0.0,180.0,259.38,-99.26400000000001,235.29,-95.04000000000002,0.024444444444444446
mode_without_mn9,0.0125,720575940608744405,later,180.0,1000.0,13073.940000000002,-4804.536,10223.07,-3825.3600000000006,0.2226829268292683
mode_without_mn9,0.0125,720575940608744405,pre_first_20ms,124.38749999999999,144.3875,85.14,-24.288,85.14,-24.288,0.0
mode_without_mn9,0.0125,720575940614573674,early,0.0,180.0,123.41999999999999,-10.032,120.78,-9.24,0.024444444444444446
mode_without_mn9,0.0125,720575940614573674,later,180.0,1000.0,7803.839999999999,-2406.36,6417.51,-1955.976,0.19048780487804878
mode_without_mn9,0.0125,720575940614573674,pre_first_20ms,124.57500000000002,144.57500000000002,46.53,-3.4320000000000004,46.53,-3.4320000000000004,0.0
mode_without_mn9,0.0125,720575940620842111,early,0.0,180.0,169.95000000000002,-31.416000000000004,166.32000000000002,-26.136000000000003,0.024444444444444446
mode_without_mn9,0.0125,720575940620842111,later,180.0,1000.0,6442.92,-1983.6960000000001,5383.62,-1622.2800000000002,0.15024390243902438
mode_without_mn9,0.0125,720575940620842111,pre_first_20ms,124.625,144.625,50.82,-11.352000000000002,50.82,-11.352000000000002,0.0
mode_without_mn9,0.0125,720575940617078489,early,0.0,180.0,124.73999999999998,-16.632,121.77000000000001,-16.368000000000002,0.012222222222222223
mode_without_mn9,0.0125,720575940617078489,later,180.0,1000.0,5421.57,-684.8160000000001,4626.2699999999995,-545.1600000000001,0.1797560975609756
mode_without_mn9,0.0125,720575940617078489,pre_first_20ms,124.65,144.65,47.85,-6.864000000000001,47.85,-6.864000000000001,0.0
mode_without_mn9,0.0125,720575940621595888,early,0.0,180.0,143.87999999999997,-17.424000000000003,137.93999999999997,-16.368000000000002,0.024444444444444446
mode_without_mn9,0.0125,720575940621595888,later,180.0,1000.0,5532.12,-1476.2880000000002,4711.74,-1242.912,0.15560975609756098
mode_without_mn9,0.0125,720575940621595888,pre_first_20ms,124.80000000000001,144.8,56.75999999999999,-3.696,56.75999999999999,-3.696,0.0
mode_without_mn9,0.0125,720575940631349096,early,0.0,180.0,146.52,-7.392000000000001,146.52,-7.128,0.024444444444444446
mode_without_mn9,0.0125,720575940631349096,later,180.0,1000.0,7333.59,-1251.624,6081.900000000001,-1021.416,0.174390243902439
mode_without_mn9,0.0125,720575940631349096,pre_first_20ms,124.86250000000001,144.8625,81.84,-4.752,81.84,-4.752,0.0
mode_without_mn9,0.0125,720575940625212965,early,0.0,180.0,340.23,-83.95200000000001,298.65,-66.528,0.024444444444444446
mode_without_mn9,0.0125,720575940625212965,later,180.0,1000.0,33186.119999999995,-20511.744000000002,25570.71,-15253.920000000002,0.24146341463414633
mode_without_mn9,0.0125,720575940625212965,pre_first_20ms,124.875,144.875,146.19000000000003,-42.504000000000005,146.19000000000003,-42.504000000000005,0.0
mode_without_mn9,0.0125,720575940631517251,early,0.0,180.0,215.16,-157.344,199.64999999999998,-148.89600000000002,0.012222222222222223
mode_without_mn9,0.0125,720575940631517251,later,180.0,1000.0,14410.439999999999,-6682.896,12608.639999999998,-5059.296000000001,0.23609756097560974
mode_without_mn9,0.0125,720575940631517251,pre_first_20ms,124.9125,144.9125,117.14999999999999,-25.608,117.14999999999999,-25.608,0.0
mode_without_mn9,0.0125,720575940624477246,early,0.0,180.0,109.56,-12.936000000000002,108.57,-12.936000000000002,0.012222222222222223
mode_without_mn9,0.0125,720575940624477246,later,180.0,1000.0,6564.69,-2636.3040000000005,5550.2699999999995,-2247.9600000000005,0.15292682926829268
mode_without_mn9,0.0125,720575940624477246,pre_first_20ms,125.11250000000001,145.1125,46.86,-3.168,46.86,-3.168,0.0
mode_without_mn9,0.0125,720575940620266689,early,0.0,180.0,132.65999999999997,-7.920000000000001,131.33999999999997,-7.920000000000001,0.024444444444444446
mode_without_mn9,0.0125,720575940620266689,later,180.0,1000.0,99522.06,-30623.472000000005,48299.78999999999,-14400.672000000002,0.5130792682926829
mode_without_mn9,0.0125,720575940620266689,pre_first_20ms,125.375,145.375,65.33999999999999,0.0,65.33999999999999,0.0,0.0
mode_without_mn9,0.0125,720575940613948834,early,0.0,180.0,138.26999999999998,-11.352,134.31,-10.824,0.024444444444444446
mode_without_mn9,0.0125,720575940613948834,later,180.0,1000.0,5287.92,-920.5680000000001,4511.43,-764.28,0.16365853658536586
mode_without_mn9,0.0125,720575940613948834,pre_first_20ms,125.48750000000001,145.4875,54.45,-4.224,54.45,-4.224,0.0
mode_without_mn9,0.0125,720575940619820368,early,0.0,180.0,158.4,-33.792,156.75,-33.0,0.012222222222222223
mode_without_mn9,0.0125,720575940619820368,later,180.0,1000.0,6124.14,-5200.008000000001,5970.69,-5069.328,0.029512195121951218
mode_without_mn9,0.0125,720575940619820368,pre_first_20ms,125.6875,145.6875,48.510000000000005,-5.808000000000001,48.510000000000005,-5.808000000000001,0.0
mode_without_mn9,0.0125,720575940609932130,early,0.0,180.0,117.15,-17.688000000000002,113.85,-17.688000000000002,0.012222222222222223
mode_without_mn9,0.0125,720575940609932130,later,180.0,1000.0,3848.1299999999997,-616.1760000000002,3334.32,-517.176,0.13596036585365853
mode_without_mn9,0.0125,720575940609932130,pre_first_20ms,125.775,145.775,46.2,-4.488,46.2,-4.488,0.0
mode_without_mn9,0.0125,720575940633735063,early,0.0,180.0,117.81,-3.1680000000000006,112.53000000000002,-3.168,0.012222222222222223
mode_without_mn9,0.0125,720575940633735063,later,180.0,1000.0,2818.2,-210.40800000000002,2497.1099999999997,-185.592,0.1126829268292683
mode_without_mn9,0.0125,720575940633735063,pre_first_20ms,125.9375,145.9375,43.56,-0.7920000000000001,43.56,-0.7920000000000001,0.0
mode_without_mn9,0.0125,720575940624093693,early,0.0,180.0,174.24,-31.152,149.49,-28.776000000000003,0.024444444444444446
mode_without_mn9,0.0125,720575940624093693,later,180.0,1000.0,21839.399999999998,-3418.8,14242.8,-2278.584,0.3353658536585366
mode_without_mn9,0.0125,720575940624093693,pre_first_20ms,125.98750000000001,145.9875,69.63,-14.784000000000002,69.63,-14.784000000000002,0.0
mode_without_mn9,0.0125,720575940610404977,early,0.0,180.0,122.42999999999999,-16.368000000000002,121.44,-16.368000000000002,0.012222222222222223
mode_without_mn9,0.0125,720575940610404977,later,180.0,1000.0,4027.98,-1025.376,3507.5699999999997,-888.8879999999999,0.12609756097560976
mode_without_mn9,0.0125,720575940610404977,pre_first_20ms,126.05000000000001,146.05,49.83,-6.336,49.83,-6.336,0.0
mode_without_mn9,0.0125,720575940619998630,early,0.0,180.0,181.17000000000002,-35.904,177.54000000000002,-35.112,0.012222222222222223
mode_without_mn9,0.0125,720575940619998630,later,180.0,1000.0,3741.2100000000005,-2247.696,3566.97,-2131.0080000000003,0.06170731707317073
mode_without_mn9,0.0125,720575940619998630,pre_first_20ms,126.0875,146.0875,43.56,-3.4320000000000004,43.56,-3.4320000000000004,0.0
mode_without_mn9,0.0125,720575940630930383,early,0.0,180.0,283.47,-48.84,277.53,-46.727999999999994,0.024444444444444446
mode_without_mn9,0.0125,720575940630930383,later,180.0,1000.0,16416.839999999997,-7652.304,12960.750000000002,-5898.288000000001,0.22939024390243903
mode_without_mn9,0.0125,720575940630930383,pre_first_20ms,126.13750000000002,146.13750000000002,114.18,-14.520000000000001,114.18,-14.520000000000001,0.0
mode_without_mn9,0.0125,720575940607472649,early,0.0,180.0,270.27000000000004,-180.048,267.3,-157.344,0.012222222222222223
mode_without_mn9,0.0125,720575940607472649,later,180.0,1000.0,6794.04,-5915.712,6620.13,-5611.32,0.03487804878048781
mode_without_mn9,0.0125,720575940607472649,pre_first_20ms,126.25000000000003,146.25000000000003,124.41000000000001,-45.408,124.41000000000001,-45.408,0.0
mode_without_mn9,0.0125,720575940627368723,early,0.0,180.0,239.25,-192.72000000000003,237.93000000000004,-167.64000000000001,0.024444444444444446
mode_without_mn9,0.0125,720575940627368723,later,180.0,1000.0,5764.110000000001,-3324.8160000000007,5224.56,-2889.7440000000006,0.09658536585365854
mode_without_mn9,0.0125,720575940627368723,pre_first_20ms,126.3375,146.3375,79.53,-29.04,79.53,-29.04,0.0
mode_without_mn9,0.0125,720575940622998627,early,0.0,180.0,134.64000000000001,-24.288000000000004,134.64,-21.12,0.012222222222222223
mode_without_mn9,0.0125,720575940622998627,later,180.0,1000.0,7437.87,-1639.968,6175.95,-1243.704,0.19585365853658537
mode_without_mn9,0.0125,720575940622998627,pre_first_20ms,126.4,146.4,72.27,-1.056,72.27,-1.056,0.0
mode_without_mn9,0.0125,720575940639948160,early,0.0,180.0,118.80000000000001,-3.6960000000000006,116.16,-3.6960000000000006,0.012222222222222223
mode_without_mn9,0.0125,720575940639948160,later,180.0,1000.0,7304.55,-1507.4400000000003,5822.52,-1181.6640000000002,0.19853658536585367
mode_without_mn9,0.0125,720575940639948160,pre_first_20ms,126.4125,146.4125,42.57,-1.056,42.57,-1.056,0.0
mode_without_mn9,0.0125,720575940634310763,early,0.0,180.0,137.60999999999999,-36.432,131.67,-34.32,0.012222222222222223
mode_without_mn9,0.0125,720575940634310763,later,180.0,1000.0,4149.75,-1374.6480000000001,3667.62,-1211.2320000000002,0.11804878048780487
mode_without_mn9,0.0125,720575940634310763,pre_first_20ms,126.4375,146.4375,54.45,-12.672,54.45,-12.672,0.0
mode_without_mn9,0.0125,720575940626654041,early,0.0,180.0,165.99,-53.592000000000006,161.70000000000002,-52.800000000000004,0.024444444444444446
mode_without_mn9,0.0125,720575940626654041,later,180.0,1000.0,6110.9400000000005,-6364.512000000001,6092.460000000001,-6343.128000000001,0.002682926829268293
mode_without_mn9,0.0125,720575940626654041,pre_first_20ms,126.51250000000002,146.51250000000002,58.08,-12.144000000000002,58.08,-12.144000000000002,0.0
mode_without_mn9,0.0125,720575940618165393,early,0.0,180.0,132.99,-36.96000000000001,132.32999999999998,-34.848000000000006,0.012222222222222223
mode_without_mn9,0.0125,720575940618165393,later,180.0,1000.0,7082.46,-1706.7600000000002,5712.3,-1415.3040000000003,0.16902439024390245
mode_without_mn9,0.0125,720575940618165393,pre_first_20ms,126.525,146.525,74.58000000000001,-2.112,74.58000000000001,-2.112,0.0
mode_without_mn9,0.0125,720575940625336464,early,0.0,180.0,143.22000000000003,-29.039999999999996,136.95,-27.983999999999998,0.012222222222222223
mode_without_mn9,0.0125,720575940625336464,later,180.0,1000.0,5110.05,-789.0959999999999,4310.459999999999,-643.1039999999999,0.16634146341463416
mode_without_mn9,0.0125,720575940625336464,pre_first_20ms,126.5875,146.5875,48.510000000000005,-10.032,48.510000000000005,-10.032,0.0
mode_without_mn9,0.0125,720575940626693130,early,0.0,180.0,136.29,-15.048000000000002,135.63,-14.256,0.024444444444444446
mode_without_mn9,0.0125,720575940626693130,later,180.0,1000.0,7839.8099999999995,-2271.7200000000003,6510.900000000001,-1858.8240000000003,0.16097560975609757
mode_without_mn9,0.0125,720575940626693130,pre_first_20ms,126.725,146.725,71.61,-9.504000000000001,71.61,-9.504000000000001,0.0
mode_without_mn9,0.0125,720575940636553902,early,0.0,180.0,241.23000000000002,-145.99200000000002,238.91999999999996,-127.77600000000001,0.012222222222222223
mode_without_mn9,0.0125,720575940636553902,later,180.0,1000.0,5553.57,-4768.104,5442.03,-4567.200000000001,0.029512195121951218
mode_without_mn9,0.0125,720575940636553902,pre_first_20ms,126.9,146.9,107.24999999999999,-40.391999999999996,107.24999999999999,-40.391999999999996,0.0
mode_without_mn9,0.0125,720575940614908383,early,0.0,180.0,231.32999999999998,-110.352,220.43999999999997,-108.50400000000002,0.024444444444444446
mode_without_mn9,0.0125,720575940614908383,later,180.0,1000.0,11875.049999999997,-4953.432,9452.19,-3912.48,0.20121951219512196
mode_without_mn9,0.0125,720575940614908383,pre_first_20ms,126.92500000000001,146.925,93.38999999999999,-26.928000000000004,93.38999999999999,-26.928000000000004,0.0
mode_without_mn9,0.0125,720575940639028413,early,0.0,180.0,167.97,-151.27200000000002,161.70000000000002,-142.296,0.012222222222222223
mode_without_mn9,0.0125,720575940639028413,later,180.0,1000.0,6005.669999999999,-5467.440000000001,5808.0,-5298.4800000000005,0.029512195121951218
mode_without_mn9,0.0125,720575940639028413,pre_first_20ms,127.275,147.275,101.64000000000001,-39.072,101.64000000000001,-39.072,0.0
mode_without_mn9,0.0125,720575940637073385,early,0.0,180.0,173.91,-76.032,172.26,-76.03200000000001,0.012222222222222223
mode_without_mn9,0.0125,720575940637073385,later,180.0,1000.0,5367.45,-3264.8880000000004,4933.83,-2927.76,0.08585365853658537
mode_without_mn9,0.0125,720575940637073385,pre_first_20ms,127.42500000000001,147.425,70.62,-23.496000000000002,70.62,-23.496000000000002,0.0
mode_without_mn9,0.0125,720575940619488495,early,0.0,180.0,217.80000000000004,-151.00799999999998,215.48999999999998,-136.488,0.012222222222222223
mode_without_mn9,0.0125,720575940619488495,later,180.0,1000.0,4600.860000000001,-4603.896000000001,4600.860000000001,-4603.896000000001,0.0
mode_without_mn9,0.0125,720575940619488495,pre_first_20ms,127.57500000000002,147.57500000000002,88.77000000000001,-25.344,88.77000000000001,-25.344,0.0
mode_without_mn9,0.0125,720575940614457342,early,0.0,180.0,165.0,-26.664,155.76,-25.608000000000004,0.024444444444444446
mode_without_mn9,0.0125,720575940614457342,later,180.0,1000.0,20563.29,-4135.5599999999995,13817.760000000002,-2746.6560000000004,0.32195121951219513
mode_without_mn9,0.0125,720575940614457342,pre_first_20ms,127.875,147.875,65.34,-12.408000000000001,65.34,-12.408000000000001,0.0
mode_without_mn9,0.0125,720575940627757584,early,0.0,180.0,136.28999999999996,-65.208,135.29999999999998,-28.248000000000005,0.024444444444444446
mode_without_mn9,0.0125,720575940627757584,later,180.0,1000.0,2797.079999999999,-3514.1040000000003,2797.079999999999,-3514.1040000000003,0.0
mode_without_mn9,0.0125,720575940627757584,pre_first_20ms,127.9375,147.9375,44.55,-7.392000000000001,44.55,-7.392000000000001,0.0
mode_without_mn9,0.0125,720575940637210334,early,0.0,180.0,192.06000000000003,-96.62400000000001,181.17000000000002,-93.98400000000001,0.024444444444444446
mode_without_mn9,0.0125,720575940637210334,later,180.0,1000.0,5169.78,-2821.3680000000004,4739.460000000001,-2455.4640000000004,0.09926829268292683
mode_without_mn9,0.0125,720575940637210334,pre_first_20ms,127.98749999999998,147.98749999999998,67.32,-17.424,67.32,-17.424,0.0
mode_without_mn9,0.0125,720575940629461442,early,0.0,180.0,120.45,-18.744000000000003,120.45,-17.424000000000003,0.024444444444444446
mode_without_mn9,0.0125,720575940629461442,later,180.0,1000.0,97990.53,-34933.008,50508.81,-17662.128,0.49097560975609755
mode_without_mn9,0.0125,720575940629461442,pre_first_20ms,128.03750000000002,148.03750000000002,60.06,-3.168,60.06,-3.168,0.0
mode_without_mn9,0.0125,720575940607982428,early,0.0,180.0,149.82,-65.47200000000001,147.18,-64.68,0.012222222222222223
mode_without_mn9,0.0125,720575940607982428,later,180.0,1000.0,5022.27,-3025.176,4759.59,-2713.1279999999997,0.08317073170731708
mode_without_mn9,0.0125,720575940607982428,pre_first_20ms,128.2,148.2,63.36,-21.384,63.36,-21.384,0.0
mode_without_mn9,0.0125,720575940611182554,early,0.0,180.0,137.28000000000003,-36.696000000000005,136.62,-36.43200000000001,0.012222222222222223
mode_without_mn9,0.0125,720575940611182554,later,180.0,1000.0,3288.1200000000003,-1559.1840000000004,3077.58,-1419.528,0.07512195121951219
mode_without_mn9,0.0125,720575940611182554,pre_first_20ms,128.23749999999998,148.23749999999998,54.45000000000001,-10.296000000000001,54.45000000000001,-10.296000000000001,0.0
mode_without_mn9,0.0125,720575940634258146,early,0.0,180.0,315.81,-173.44800000000004,314.49,-160.24800000000005,0.012222222222222223
mode_without_mn9,0.0125,720575940634258146,later,180.0,1000.0,7545.120000000002,-3857.0400000000004,6477.240000000001,-3221.328,0.1421951219512195
mode_without_mn9,0.0125,720575940634258146,pre_first_20ms,128.375,148.375,94.05,-52.00800000000001,94.05,-52.00800000000001,0.0
mode_without_mn9,0.0125,720575940638937688,early,0.0,180.0,195.03,-96.624,194.70000000000002,-96.624,0.012222222222222223
mode_without_mn9,0.0125,720575940638937688,later,180.0,1000.0,4885.320000000001,-2713.92,4513.74,-2420.088,0.09390243902439024
mode_without_mn9,0.0125,720575940638937688,pre_first_20ms,128.38750000000002,148.38750000000002,75.9,-29.832,75.9,-29.832,0.0
mode_without_mn9,0.0125,720575940618398533,early,0.0,180.0,144.21,-49.104,141.9,-46.464000000000006,0.012222222222222223
mode_without_mn9,0.0125,720575940618398533,later,180.0,1000.0,5824.83,-2798.4000000000005,5020.290000000001,-2439.0960000000005,0.12073170731707317
mode_without_mn9,0.0125,720575940618398533,pre_first_20ms,128.425,148.425,56.760000000000005,-13.992,56.760000000000005,-13.992,0.0
mode_without_mn9,0.0125,720575940615086698,early,0.0,180.0,188.76,-39.6,176.88,-39.071999999999996,0.024444444444444446
mode_without_mn9,0.0125,720575940615086698,later,180.0,1000.0,7197.96,-4226.112,6329.7300000000005,-3559.2480000000005,0.13146341463414635
mode_without_mn9,0.0125,720575940615086698,pre_first_20ms,128.50000000000003,148.50000000000003,73.92,-26.136000000000003,73.92,-26.136000000000003,0.0
mode_without_mn9,0.0125,720575940625107352,early,0.0,180.0,104.94,-1.584,103.95000000000002,-1.584,0.012222222222222223
mode_without_mn9,0.0125,720575940625107352,later,180.0,1000.0,2769.36,-223.872,2507.3399999999997,-196.41600000000003,0.11
mode_without_mn9,0.0125,720575940625107352,pre_first_20ms,128.50000000000003,148.50000000000003,43.89,-0.528,43.89,-0.528,0.0
mode_without_mn9,0.0125,720575940623181823,early,0.0,180.0,132.66,-23.76,131.01,-22.967999999999996,0.012222222222222223
mode_without_mn9,0.0125,720575940623181823,later,180.0,1000.0,5289.57,-1426.1280000000002,4479.09,-1214.928,0.15292682926829268
mode_without_mn9,0.0125,720575940623181823,pre_first_20ms,128.57500000000002,148.57500000000002,52.8,-8.448,52.8,-8.448,0.0
mode_without_mn9,0.0125,720575940632501404,early,0.0,180.0,115.49999999999999,-23.232000000000006,115.5,-23.232,0.012222222222222223
mode_without_mn9,0.0125,720575940632501404,later,180.0,1000.0,5263.17,-1476.288,4525.95,-1222.056,0.15292682926829268
mode_without_mn9,0.0125,720575940632501404,pre_first_20ms,128.65,148.65,55.769999999999996,-10.824000000000002,55.769999999999996,-10.824000000000002,0.0
mode_without_mn9,0.0125,720575940623338281,early,0.0,180.0,113.85000000000001,-67.32000000000001,105.93,-66.0,0.012222222222222223
mode_without_mn9,0.0125,720575940623338281,later,180.0,1000.0,4722.299999999999,-478.3680000000001,4049.1,-374.61600000000004,0.15560975609756098
mode_without_mn9,0.0125,720575940623338281,pre_first_20ms,128.73749999999998,148.73749999999998,54.78000000000001,-1.056,54.78000000000001,-1.056,0.0
mode_without_mn9,0.0125,720575940624971243,early,0.0,180.0,221.76,-120.384,220.11,-118.272,0.017638888888888888
mode_without_mn9,0.0125,720575940624971243,later,180.0,1000.0,12308.999999999998,-5057.712,10196.67,-3993.2640000000006,0.2135670731707317
mode_without_mn9,0.0125,720575940624971243,pre_first_20ms,129.1625,149.1625,76.88999999999999,-14.520000000000001,76.88999999999999,-14.520000000000001,0.0
mode_without_mn9,0.0125,720575940646582836,early,0.0,180.0,109.89,-4.752000000000001,109.89,-4.752000000000001,0.012222222222222223
mode_without_mn9,0.0125,720575940646582836,later,180.0,1000.0,5757.84,-675.312,4702.17,-549.912,0.1824390243902439
mode_without_mn9,0.0125,720575940646582836,pre_first_20ms,129.23749999999998,149.23749999999998,43.89,-1.056,43.89,-1.056,0.0
mode_without_mn9,0.0125,720575940631147335,early,0.0,180.0,210.53999999999996,-101.376,205.92000000000002,-101.11200000000001,0.012222222222222223
mode_without_mn9,0.0125,720575940631147335,later,180.0,1000.0,4964.5199999999995,-5489.352,4961.55,-5488.296,0.002682926829268293
mode_without_mn9,0.0125,720575940631147335,pre_first_20ms,129.56250000000003,149.56250000000003,113.52,-50.952000000000005,113.52,-50.952000000000005,0.0
mode_without_mn9,0.0125,720575940619843311,early,0.0,180.0,125.4,-26.136000000000003,125.4,-26.136000000000003,0.012222222222222223
mode_without_mn9,0.0125,720575940619843311,later,180.0,1000.0,4855.62,-1168.992,4150.08,-985.248,0.1421951219512195
mode_without_mn9,0.0125,720575940619843311,pre_first_20ms,129.5875,149.5875,66.33,-9.768,66.33,-9.768,0.0
mode_without_mn9,0.0125,720575940619773867,early,0.0,180.0,170.28000000000003,-65.736,167.97000000000003,-64.94400000000002,0.012222222222222223
mode_without_mn9,0.0125,720575940619773867,later,180.0,1000.0,4057.3500000000004,-3768.864,4055.7,-3768.0720000000006,0.002682926829268293
mode_without_mn9,0.0125,720575940619773867,pre_first_20ms,129.8625,149.8625,92.4,-35.376000000000005,92.4,-35.376000000000005,0.0
mode_without_mn9,0.0125,720575940633333916,early,0.0,180.0,116.82,-14.520000000000003,114.84,-12.936,0.012222222222222223
mode_without_mn9,0.0125,720575940633333916,later,180.0,1000.0,11910.69,-4809.2880000000005,9397.74,-3661.4160000000006,0.2226829268292683
mode_without_mn9,0.0125,720575940633333916,pre_first_20ms,129.9375,149.9375,53.129999999999995,-6.336,53.129999999999995,-6.336,0.0
mode_without_mn9,0.0125,720575940615405718,early,0.0,180.0,130.68,-11.088000000000001,121.44000000000001,-11.088000000000001,0.013819444444444445
mode_without_mn9,0.0125,720575940615405718,later,180.0,1000.0,5484.93,-1262.448,4617.03,-1087.68,0.160625
mode_without_mn9,0.0125,720575940615405718,pre_first_20ms,130.1875,150.1875,55.11,-5.280000000000001,55.11,-5.280000000000001,0.0
mode_without_mn9,0.0125,720575940633480860,early,0.0,180.0,127.71,-19.8,119.46,-18.48,0.012222222222222223
mode_without_mn9,0.0125,720575940633480860,later,180.0,1000.0,7213.14,-1652.904,5808.990000000001,-1295.448,0.19317073170731708
mode_without_mn9,0.0125,720575940633480860,pre_first_20ms,130.4125,150.4125,50.16,-8.184000000000001,50.16,-8.184000000000001,0.0
mode_without_mn9,0.0125,720575940623781268,early,0.0,180.0,89.1,-11.088000000000001,89.10000000000001,-11.088000000000001,0.012222222222222223
mode_without_mn9,0.0125,720575940623781268,later,180.0,1000.0,2533.08,-1476.2880000000005,2486.88,-1392.8640000000003,0.037560975609756096
mode_without_mn9,0.0125,720575940623781268,pre_first_20ms,130.63750000000002,150.63750000000002,52.47,0.0,52.47,0.0,0.0
mode_without_mn9,0.0125,720575940624028396,early,0.0,180.0,123.75000000000001,-14.256,117.81,-12.408000000000001,0.012222222222222223
mode_without_mn9,0.0125,720575940624028396,later,180.0,1000.0,10266.3,-3180.4080000000004,8110.740000000001,-2435.9280000000003,0.2226829268292683
mode_without_mn9,0.0125,720575940624028396,pre_first_20ms,130.6625,150.6625,49.5,-4.752,49.5,-4.752,0.0
mode_without_mn9,0.0125,720575940628353018,early,0.0,180.0,157.41,-59.92800000000001,155.76000000000002,-59.136,0.012222222222222223
mode_without_mn9,0.0125,720575940628353018,later,180.0,1000.0,4365.239999999999,-2607.7920000000004,4045.1400000000003,-2406.6240000000003,0.0724390243902439
mode_without_mn9,0.0125,720575940628353018,pre_first_20ms,130.725,150.725,79.2,-21.648000000000003,79.2,-21.648000000000003,0.0
mode_without_mn9,0.0125,720575940643919908,early,0.0,180.0,168.3,-76.296,163.35,-73.12800000000001,0.02263888888888889
mode_without_mn9,0.0125,720575940643919908,later,180.0,1000.0,4454.67,-1157.1119999999999,3955.3800000000006,-1000.2960000000003,0.1354878048780488
mode_without_mn9,0.0125,720575940643919908,pre_first_20ms,130.77500000000003,150.77500000000003,66.0,-14.52,66.0,-14.52,0.0
mode_without_mn9,0.0125,720575940612302042,early,0.0,180.0,195.35999999999999,-53.064000000000014,177.21,-50.952000000000005,0.024444444444444446
mode_without_mn9,0.0125,720575940612302042,later,180.0,1000.0,8547.66,-6232.776000000001,7697.249999999998,-5506.512,0.09926829268292683
mode_without_mn9,0.0125,720575940612302042,pre_first_20ms,131.02500000000003,151.02500000000003,78.54,-33.792,78.54,-33.792,0.0
mode_without_mn9,0.0125,720575940628356102,early,0.0,180.0,199.65000000000003,-86.328,190.74,-82.896,0.024444444444444446
mode_without_mn9,0.0125,720575940628356102,later,180.0,1000.0,4891.92,-12161.688,4880.37,-12147.432,0.002682926829268293
mode_without_mn9,0.0125,720575940628356102,pre_first_20ms,131.25,151.25,90.41999999999999,-13.728000000000002,90.41999999999999,-13.728000000000002,0.0
mode_without_mn9,0.0125,720575940620058537,early,0.0,180.0,90.09,-7.392000000000001,90.09,-7.392000000000001,0.012222222222222223
mode_without_mn9,0.0125,720575940620058537,later,180.0,1000.0,2637.36,-1402.896,2582.25,-1284.3600000000001,0.05097560975609756
mode_without_mn9,0.0125,720575940620058537,pre_first_20ms,131.32500000000002,151.32500000000002,53.46,0.0,53.46,0.0,0.0
mode_without_mn9,0.0125,720575940615974868,early,0.0,180.0,122.76,-13.464,114.84,-13.464,0.024444444444444446
mode_without_mn9,0.0125,720575940615974868,later,180.0,1000.0,3752.7599999999998,-2342.472,3434.3099999999995,-2128.632,0.05365853658536585
mode_without_mn9,0.0125,720575940615974868,pre_first_20ms,131.3375,151.3375,53.129999999999995,-1.056,53.129999999999995,-1.056,0.0
mode_without_mn9,0.0125,720575940639007395,early,0.0,180.0,160.71,-66.00000000000001,157.41,-61.248000000000005,0.012222222222222223
mode_without_mn9,0.0125,720575940639007395,later,180.0,1000.0,3826.6800000000003,-4404.84,3823.0499999999997,-4399.56,0.002682926829268293
mode_without_mn9,0.0125,720575940639007395,pre_first_20ms,131.7,151.7,74.25,-30.360000000000003,74.25,-30.360000000000003,0.0
mode_without_mn9,0.0125,720575940620380449,early,0.0,180.0,167.97,-201.96,167.97,-195.096,0.012222222222222223
mode_without_mn9,0.0125,720575940620380449,later,180.0,1000.0,7674.15,-9044.640000000001,7664.249999999999,-8853.768,0.008048780487804878
mode_without_mn9,0.0125,720575940620380449,pre_first_20ms,132.06250000000003,152.06250000000003,138.6,-42.504000000000005,138.6,-42.504000000000005,0.0
mode_without_mn9,0.0125,720575940659709569,early,0.0,180.0,154.76999999999998,-53.85600000000001,144.87,-53.85600000000001,0.012222222222222223
mode_without_mn9,0.0125,720575940659709569,later,180.0,1000.0,4389.0,-5758.632000000001,4371.179999999999,-5750.184,0.008048780487804878
mode_without_mn9,0.0125,720575940659709569,pre_first_20ms,132.2125,152.2125,66.99000000000001,-7.3919999999999995,66.99000000000001,-7.3919999999999995,0.0
mode_without_mn9,0.0125,720575940627422982,early,0.0,180.0,152.46,-46.2,151.8,-45.144000000000005,0.012222222222222223
mode_without_mn9,0.0125,720575940627422982,later,180.0,1000.0,6373.95,-2311.0560000000005,5435.1,-1906.344,0.16097560975609757
mode_without_mn9,0.0125,720575940627422982,pre_first_20ms,132.3625,152.3625,63.36,-21.912000000000003,63.36,-21.912000000000003,0.0
mode_without_mn9,0.0125,720575940630190295,early,0.0,180.0,199.64999999999998,-191.66400000000004,199.32,-182.95200000000003,0.012222222222222223
mode_without_mn9,0.0125,720575940630190295,later,180.0,1000.0,7113.15,-3294.9840000000004,6060.780000000001,-2834.8320000000003,0.13682926829268294
mode_without_mn9,0.0125,720575940630190295,pre_first_20ms,132.5875,152.5875,97.67999999999999,-20.856,97.67999999999999,-20.856,0.0
mode_without_mn9,0.0125,720575940642617544,early,0.0,180.0,118.8,-11.616,115.17,-10.824,0.012222222222222223
mode_without_mn9,0.0125,720575940642617544,later,180.0,1000.0,2947.5599999999995,-1286.2079999999999,2763.75,-1184.568,0.06975609756097562
mode_without_mn9,0.0125,720575940642617544,pre_first_20ms,132.7125,152.7125,51.81,-4.752000000000001,51.81,-4.752000000000001,0.0
mode_without_mn9,0.0125,720575940612033253,early,0.0,180.0,197.67000000000002,-36.168,194.04000000000002,-32.208000000000006,0.012222222222222223
mode_without_mn9,0.0125,720575940612033253,later,180.0,1000.0,4351.379999999999,-1212.552,3788.73,-1044.1200000000001,0.12341463414634146
mode_without_mn9,0.0125,720575940612033253,pre_first_20ms,132.725,152.725,45.21,-5.28,45.21,-5.28,0.0
mode_without_mn9,0.0125,720575940638460998,early,0.0,180.0,162.02999999999997,-157.344,161.04,-153.12,0.012222222222222223
mode_without_mn9,0.0125,720575940638460998,later,180.0,1000.0,14162.610000000002,-7348.4400000000005,11759.55,-5670.456,0.1953658536585366
mode_without_mn9,0.0125,720575940638460998,pre_first_20ms,133.375,153.375,74.91,-21.384,74.91,-21.384,0.0
mode_without_mn9,0.0125,720575940619797488,early,0.0,180.0,89.10000000000001,-8.976,89.10000000000001,-8.976,0.012222222222222223
mode_without_mn9,0.0125,720575940619797488,later,180.0,1000.0,2651.55,-1455.4320000000002,2589.8399999999997,-1354.848,0.05097560975609756
mode_without_mn9,0.0125,720575940619797488,pre_first_20ms,133.425,153.425,42.24,0.0,42.24,0.0,0.0
mode_without_mn9,0.0125,720575940639410291,early,0.0,180.0,167.31,-58.872,163.02,-58.87200000000001,0.012222222222222223
mode_without_mn9,0.0125,720575940639410291,later,180.0,1000.0,6198.389999999999,-3262.7760000000003,5482.619999999999,-2846.712,0.11536585365853659
mode_without_mn9,0.0125,720575940639410291,pre_first_20ms,133.53750000000002,153.53750000000002,76.56,-29.04,76.56,-29.04,0.0
mode_without_mn9,0.0125,720575940615438495,early,0.0,180.0,135.29999999999998,-43.032,134.31,-39.336,0.012222222222222223
mode_without_mn9,0.0125,720575940615438495,later,180.0,1000.0,21480.690000000002,-12781.824000000002,16341.929999999998,-9557.064000000002,0.24146341463414633
mode_without_mn9,0.0125,720575940615438495,pre_first_20ms,133.75,153.75,76.88999999999999,-19.536,76.88999999999999,-19.536,0.0
mode_without_mn9,0.0125,720575940627096957,early,0.0,180.0,121.11,-64.41600000000001,120.44999999999999,-63.09600000000001,0.012222222222222223
mode_without_mn9,0.0125,720575940627096957,later,180.0,1000.0,15694.47,-5550.336,11531.189999999999,-3895.32,0.2570579268292683
mode_without_mn9,0.0125,720575940627096957,pre_first_20ms,133.775,153.775,59.07,-1.32,59.07,-1.32,0.0
mode_without_mn9,0.0125,720575940623860202,early,0.0,180.0,270.27,-228.36000000000004,205.58999999999997,-210.93600000000004,0.012222222222222223
mode_without_mn9,0.0125,720575940623860202,later,180.0,1000.0,8594.19,-8971.512000000002,8392.890000000001,-8617.488000000001,0.026829268292682926
mode_without_mn9,0.0125,720575940623860202,pre_first_20ms,133.9125,153.9125,79.53,-13.728000000000003,79.53,-13.728000000000003,0.0
mode_without_mn9,0.0125,720575940621215169,early,0.0,180.0,153.78,-36.96,148.5,-36.96000000000001,0.012222222222222223
mode_without_mn9,0.0125,720575940621215169,later,180.0,1000.0,4533.539999999999,-4536.84,4533.539999999999,-4536.84,0.0
mode_without_mn9,0.0125,720575940621215169,pre_first_20ms,134.13750000000002,154.13750000000002,56.1,-16.632,56.1,-16.632,0.0
mode_without_mn9,0.0125,720575940608429835,early,0.0,180.0,104.28,-19.8,103.94999999999999,-19.800000000000004,0.012222222222222223
mode_without_mn9,0.0125,720575940608429835,later,180.0,1000.0,3670.92,-2471.04,3550.8,-2301.024,0.037560975609756096
mode_without_mn9,0.0125,720575940608429835,pre_first_20ms,134.5,154.5,42.57000000000001,-2.112,42.57000000000001,-2.112,0.0
mode_without_mn9,0.0125,720575940629171447,early,0.0,180.0,144.87,-26.4,137.28,-26.400000000000002,0.012222222222222223
mode_without_mn9,0.0125,720575940629171447,later,180.0,1000.0,3587.76,-2148.168,3376.5600000000004,-2007.4560000000001,0.05365853658536585
mode_without_mn9,0.0125,720575940629171447,pre_first_20ms,134.925,154.925,50.49,-11.616,50.49,-11.616,0.0
mode_without_mn9,0.0125,720575940636477285,early,0.0,180.0,206.91,-77.616,200.97,-72.6,0.024444444444444446
mode_without_mn9,0.0125,720575940636477285,later,180.0,1000.0,11299.859999999999,-7218.024,9581.880000000001,-6045.864,0.15292682926829268
mode_without_mn9,0.0125,720575940636477285,pre_first_20ms,135.06250000000003,155.06250000000003,90.42,-45.672,90.42,-45.672,0.0
mode_without_mn9,0.0125,720575940627605779,early,0.0,180.0,292.38,-180.31200000000007,292.05,-103.75200000000004,0.024375
mode_without_mn9,0.0125,720575940627605779,later,180.0,1000.0,119523.69000000002,-11683.584000000003,51777.65999999999,-5117.640000000001,0.5778201219512196
mode_without_mn9,0.0125,720575940627605779,pre_first_20ms,135.2125,155.2125,116.82000000000001,-34.58400000000001,116.82000000000001,-34.58400000000001,0.0
mode_without_mn9,0.0125,720575940620300308,early,0.0,180.0,324.72,-818.928,298.65000000000003,-788.304,0.012222222222222223
mode_without_mn9,0.0125,720575940620300308,later,180.0,1000.0,12751.53,-16619.592,12742.62,-16608.504000000004,0.002682926829268293
mode_without_mn9,0.0125,720575940620300308,pre_first_20ms,135.5375,155.5375,200.64,-87.912,200.64,-87.912,0.0
mode_without_mn9,0.0125,720575940605651633,early,0.0,180.0,112.52999999999999,-19.536,112.2,-18.480000000000004,0.012222222222222223
mode_without_mn9,0.0125,720575940605651633,later,180.0,1000.0,4526.9400000000005,-1097.9759999999999,3976.5,-980.4960000000001,0.12878048780487805
mode_without_mn9,0.0125,720575940605651633,pre_first_20ms,135.60000000000002,155.60000000000002,56.760000000000005,-6.336,56.760000000000005,-6.336,0.0
mode_without_mn9,0.0125,720575940613860147,early,0.0,180.0,116.49000000000001,-24.816000000000003,114.51,-24.024000000000004,0.012222222222222223
mode_without_mn9,0.0125,720575940613860147,later,180.0,1000.0,6965.97,-4315.080000000001,6228.09,-3732.96,0.11536585365853659
mode_without_mn9,0.0125,720575940613860147,pre_first_20ms,135.63750000000002,155.63750000000002,40.260000000000005,-3.96,40.260000000000005,-3.96,0.0
mode_without_mn9,0.0125,720575940622400648,early,0.0,180.0,155.42999999999998,-39.60000000000001,153.45000000000002,-38.544000000000004,0.012222222222222223
mode_without_mn9,0.0125,720575940622400648,later,180.0,1000.0,5726.16,-3538.920000000001,5247.990000000001,-3146.3520000000003,0.09658536585365854
mode_without_mn9,0.0125,720575940622400648,pre_first_20ms,135.6875,155.6875,58.41,-24.288000000000004,58.41,-24.288000000000004,0.0
mode_without_mn9,0.0125,720575940623780583,early,0.0,180.0,148.17000000000002,-31.416000000000004,147.18000000000004,-29.832000000000004,0.012222222222222223
mode_without_mn9,0.0125,720575940623780583,later,180.0,1000.0,4551.69,-1868.064,4032.27,-1599.5760000000002,0.11804878048780487
mode_without_mn9,0.0125,720575940623780583,pre_first_20ms,135.6875,155.6875,45.870000000000005,-6.600000000000001,45.870000000000005,-6.600000000000001,0.0
mode_without_mn9,0.0125,720575940610711250,early,0.0,180.0,176.54999999999998,-77.88000000000001,172.59,-72.864,0.012222222222222223
mode_without_mn9,0.0125,720575940610711250,later,180.0,1000.0,17122.71,-7441.896,12524.160000000002,-5447.904,0.24682926829268292
mode_without_mn9,0.0125,720575940610711250,pre_first_20ms,135.7625,155.7625,61.38,-23.760000000000005,61.38,-23.760000000000005,0.0
mode_without_mn9,0.0125,720575940626620568,early,0.0,180.0,90.74999999999999,-6.072,90.74999999999999,-6.072,0.012222222222222223
mode_without_mn9,0.0125,720575940626620568,later,180.0,1000.0,7183.4400000000005,-6654.648,7034.61,-6353.424,0.021463414634146343
mode_without_mn9,0.0125,720575940626620568,pre_first_20ms,135.7875,155.7875,51.81,-1.32,51.81,-1.32,0.0
mode_without_mn9,0.0125,720575940611738035,early,0.0,180.0,99.66,-23.232000000000003,99.0,-22.968000000000004,0.012222222222222223
mode_without_mn9,0.0125,720575940611738035,later,180.0,1000.0,17352.389999999996,-5511.792,12410.310000000001,-3933.3360000000002,0.281234756097561
mode_without_mn9,0.0125,720575940611738035,pre_first_20ms,136.04999999999998,156.04999999999998,40.589999999999996,-12.408000000000001,40.589999999999996,-12.408000000000001,0.0
mode_without_mn9,0.0125,720575940618853968,early,0.0,180.0,189.75,-102.432,189.09,-100.584,0.012222222222222223
mode_without_mn9,0.0125,720575940618853968,later,180.0,1000.0,4111.14,-2664.0240000000003,3934.9200000000005,-2181.4320000000002,0.06439024390243903
mode_without_mn9,0.0125,720575940618853968,pre_first_20ms,136.1125,156.1125,75.9,-26.400000000000002,75.9,-26.400000000000002,0.0
mode_without_mn9,0.0125,720575940629592143,early,0.0,180.0,135.96,-46.464000000000006,135.63,-42.768,0.012222222222222223
mode_without_mn9,0.0125,720575940629592143,later,180.0,1000.0,4006.86,-4348.872,4004.55,-4347.816,0.002682926829268293
mode_without_mn9,0.0125,720575940629592143,pre_first_20ms,136.275,156.275,55.440000000000005,-10.032,55.440000000000005,-10.032,0.0
mode_without_mn9,0.0125,720575940647589172,early,0.0,180.0,116.82,-66.26400000000001,114.83999999999997,-66.00000000000001,0.012222222222222223
mode_without_mn9,0.0125,720575940647589172,later,180.0,1000.0,3470.28,-1628.6160000000002,3291.0899999999997,-1452.7920000000001,0.07512195121951219
mode_without_mn9,0.0125,720575940647589172,pre_first_20ms,136.7625,156.7625,57.08999999999999,-9.768,57.08999999999999,-9.768,0.0
mode_without_mn9,0.0125,720575940624055614,early,0.0,180.0,115.16999999999999,-24.552000000000003,114.84,-21.912,0.012222222222222223
mode_without_mn9,0.0125,720575940624055614,later,180.0,1000.0,3034.35,-1492.6560000000002,2857.4700000000003,-1363.296,0.06170731707317073
mode_without_mn9,0.0125,720575940624055614,pre_first_20ms,136.9625,156.9625,50.49,-8.975999999999999,50.49,-8.975999999999999,0.0
mode_without_mn9,0.0125,720575940623649097,early,0.0,180.0,118.13999999999999,-32.472,114.51,-32.208,0.012222222222222223
mode_without_mn9,0.0125,720575940623649097,later,180.0,1000.0,4386.69,-3768.072,4237.2,-3522.5520000000006,0.024146341463414635
mode_without_mn9,0.0125,720575940623649097,pre_first_20ms,137.175,157.175,57.089999999999996,-11.352,57.089999999999996,-11.352,0.0
mode_without_mn9,0.0125,720575940621426300,early,0.0,180.0,100.65,-12.672,98.01,-11.880000000000003,0.012222222222222223
mode_without_mn9,0.0125,720575940621426300,later,180.0,1000.0,4098.599999999999,-1308.384,3681.8100000000004,-1169.256,0.1126829268292683
mode_without_mn9,0.0125,720575940621426300,pre_first_20ms,137.225,157.225,53.79,-5.5440000000000005,53.79,-5.5440000000000005,0.0
mode_without_mn9,0.0125,720575940639542691,early,0.0,180.0,153.78000000000003,-22.440000000000005,153.78000000000003,-19.8,0.012222222222222223
mode_without_mn9,0.0125,720575940639542691,later,180.0,1000.0,7220.4,-930.072,6025.8,-751.344,0.19853658536585367
mode_without_mn9,0.0125,720575940639542691,pre_first_20ms,137.275,157.275,49.17,-5.28,49.17,-5.28,0.0
mode_without_mn9,0.0125,720575940630913221,early,0.0,180.0,126.38999999999999,-24.023999999999997,114.51,-19.272000000000002,0.012222222222222223
mode_without_mn9,0.0125,720575940630913221,later,180.0,1000.0,6738.5999999999985,-1808.928,5722.860000000001,-1420.8480000000002,0.1797560975609756
mode_without_mn9,0.0125,720575940630913221,pre_first_20ms,137.4375,157.4375,53.78999999999999,-11.352000000000002,53.78999999999999,-11.352000000000002,0.0
mode_without_mn9,0.0125,720575940620301677,early,0.0,180.0,140.91,-39.336000000000006,140.57999999999998,-39.336,0.012222222222222223
mode_without_mn9,0.0125,720575940620301677,later,180.0,1000.0,5831.099999999999,-6280.560000000002,5831.099999999999,-6280.560000000002,0.0
mode_without_mn9,0.0125,720575940620301677,pre_first_20ms,137.5375,157.5375,38.28,-12.672,38.28,-12.672,0.0
mode_without_mn9,0.0125,720575940610649208,early,0.0,180.0,170.61,-76.29600000000002,167.64000000000001,-69.696,0.012222222222222223
mode_without_mn9,0.0125,720575940610649208,later,180.0,1000.0,4720.65,-6436.848,4711.740000000001,-6418.104,0.002682926829268293
mode_without_mn9,0.0125,720575940610649208,pre_first_20ms,137.60000000000002,157.60000000000002,49.83,-30.624000000000002,49.83,-30.624000000000002,0.0
mode_without_mn9,0.0125,720575940625993817,early,0.0,180.0,128.37,-40.392,126.06,-38.544000000000004,0.012222222222222223
mode_without_mn9,0.0125,720575940625993817,later,180.0,1000.0,3255.7799999999997,-3251.424,3255.7799999999997,-3251.424,0.0
mode_without_mn9,0.0125,720575940625993817,pre_first_20ms,137.8375,157.8375,42.57000000000001,-12.672000000000002,42.57000000000001,-12.672000000000002,0.0
mode_without_mn9,0.0125,720575940634874266,early,0.0,180.0,74.24999999999999,-15.048000000000002,73.91999999999999,-2.64,0.012222222222222223
mode_without_mn9,0.0125,720575940634874266,later,180.0,1000.0,2409.99,-1228.6560000000002,2306.37,-1186.1520000000003,0.042926829268292686
mode_without_mn9,0.0125,720575940634874266,pre_first_20ms,137.8375,157.8375,39.6,-0.528,39.6,-0.528,0.0
mode_without_mn9,0.0125,720575940604690278,early,0.0,180.0,319.11,-368.28000000000003,315.15000000000003,-365.90400000000005,0.012222222222222223
mode_without_mn9,0.0125,720575940604690278,later,180.0,1000.0,6616.5,-7194.000000000002,6581.189999999999,-6995.472000000001,0.008048780487804878
mode_without_mn9,0.0125,720575940604690278,pre_first_20ms,137.9875,157.9875,135.29999999999998,-102.43200000000002,135.29999999999998,-102.43200000000002,0.0
mode_without_mn9,0.0125,720575940624574356,early,0.0,180.0,120.44999999999999,-35.112,117.47999999999999,-34.32000000000001,0.012222222222222223
mode_without_mn9,0.0125,720575940624574356,later,180.0,1000.0,4721.31,-1531.2,4147.4400000000005,-1307.592,0.13414634146341464
mode_without_mn9,0.0125,720575940624574356,pre_first_20ms,138.025,158.025,41.25,-6.6000000000000005,41.25,-6.6000000000000005,0.0
mode_without_mn9,0.0125,720575940627204362,early,0.0,180.0,117.47999999999999,-295.68,115.5,-295.15200000000004,0.012222222222222223
mode_without_mn9,0.0125,720575940627204362,later,180.0,1000.0,3857.04,-3865.4880000000007,3779.1600000000003,-3793.9440000000004,0.024146341463414635
mode_without_mn9,0.0125,720575940627204362,pre_first_20ms,138.15,158.15,99.33000000000001,-26.928000000000004,99.33000000000001,-26.928000000000004,0.0
mode_without_mn9,0.0125,720575940626813010,early,0.0,180.0,184.14,-66.0,183.15,-64.152,0.012222222222222223
mode_without_mn9,0.0125,720575940626813010,later,180.0,1000.0,4277.130000000001,-3157.704,4133.25,-3005.3760000000007,0.03219512195121951
mode_without_mn9,0.0125,720575940626813010,pre_first_20ms,138.75,158.75,65.01,-28.512000000000004,65.01,-28.512000000000004,0.0
mode_without_mn9,0.0125,720575940623260201,early,0.0,180.0,125.07000000000001,-35.112,124.08,-31.152000000000005,0.012222222222222223
mode_without_mn9,0.0125,720575940623260201,later,180.0,1000.0,4610.100000000001,-1421.3760000000002,4064.2799999999997,-1231.824,0.12878048780487805
mode_without_mn9,0.0125,720575940623260201,pre_first_20ms,139.20000000000002,159.20000000000002,55.77,-9.504000000000001,55.77,-9.504000000000001,0.0
mode_without_mn9,0.0125,720575940605480806,early,0.0,180.0,96.36,-8.184000000000001,96.36,-8.184000000000001,0.012222222222222223
mode_without_mn9,0.0125,720575940605480806,later,180.0,1000.0,5032.5,-1289.112,4291.9800000000005,-1097.448,0.1448780487804878
mode_without_mn9,0.0125,720575940605480806,pre_first_20ms,139.275,159.275,41.910000000000004,-2.112,41.910000000000004,-2.112,0.0
mode_without_mn9,0.0125,720575940645610787,early,0.0,180.0,150.48,-46.992000000000004,148.5,-45.672000000000004,0.012222222222222223
mode_without_mn9,0.0125,720575940645610787,later,180.0,1000.0,4784.340000000001,-1181.664,4082.76,-1008.48,0.1448780487804878
mode_without_mn9,0.0125,720575940645610787,pre_first_20ms,139.4375,159.4375,44.55,-13.728000000000002,44.55,-13.728000000000002,0.0
mode_without_mn9,0.0125,720575940629095323,early,0.0,180.0,182.82,-68.376,166.32000000000002,-64.68,0.012222222222222223
mode_without_mn9,0.0125,720575940629095323,later,180.0,1000.0,5950.2300000000005,-2905.5840000000003,5206.079999999999,-2548.656,0.126875
mode_without_mn9,0.0125,720575940629095323,pre_first_20ms,139.6875,159.6875,48.510000000000005,-17.424000000000003,48.510000000000005,-17.424000000000003,0.0
mode_without_mn9,0.0125,720575940638225597,early,0.0,180.0,152.45999999999998,-62.568000000000005,146.85000000000002,-60.45600000000001,0.012222222222222223
mode_without_mn9,0.0125,720575940638225597,later,180.0,1000.0,3688.4100000000003,-2621.784,3606.2400000000002,-2532.2880000000005,0.024146341463414635
mode_without_mn9,0.0125,720575940638225597,pre_first_20ms,139.85000000000002,159.85000000000002,56.099999999999994,-20.592000000000002,56.099999999999994,-20.592000000000002,0.0
mode_without_mn9,0.0125,720575940624073452,early,0.0,180.0,98.33999999999999,-9.768,98.34,-7.656000000000001,0.012222222222222223
mode_without_mn9,0.0125,720575940624073452,later,180.0,1000.0,2748.24,-1080.288,2561.7900000000004,-936.936,0.06975609756097562
mode_without_mn9,0.0125,720575940624073452,pre_first_20ms,140.1125,160.1125,38.94,-3.6960000000000006,38.94,-3.6960000000000006,0.0
mode_without_mn9,0.0125,720575940626867530,early,0.0,180.0,186.12,-90.024,166.98000000000002,-79.99200000000002,0.012222222222222223
mode_without_mn9,0.0125,720575940626867530,later,180.0,1000.0,4270.53,-5032.6320000000005,4270.53,-5032.6320000000005,0.0
mode_without_mn9,0.0125,720575940626867530,pre_first_20ms,140.325,160.325,55.11,-23.496000000000002,55.11,-23.496000000000002,0.0
mode_without_mn9,0.0125,720575940633771033,early,0.0,180.0,146.19000000000003,-38.28,137.94000000000003,-37.752,0.012222222222222223
mode_without_mn9,0.0125,720575940633771033,later,180.0,1000.0,4236.87,-2261.1600000000003,3920.0700000000006,-2063.424,0.08317073170731708
mode_without_mn9,0.0125,720575940633771033,pre_first_20ms,140.62500000000003,160.62500000000003,37.62,-13.992,37.62,-13.992,0.0
mode_without_mn9,0.0125,720575940637982552,early,0.0,180.0,105.6,-9.504000000000001,99.66,-9.504000000000001,0.012222222222222223
mode_without_mn9,0.0125,720575940637982552,later,180.0,1000.0,2778.9300000000003,-555.192,2549.2500000000005,-503.71200000000005,0.09658536585365854
mode_without_mn9,0.0125,720575940637982552,pre_first_20ms,140.65,160.65,34.650000000000006,-3.168,34.650000000000006,-3.168,0.0
mode_without_mn9,0.0125,720575940631457347,early,0.0,180.0,166.65,-48.312000000000005,158.73000000000002,-45.672000000000004,0.012222222222222223
mode_without_mn9,0.0125,720575940631457347,later,180.0,1000.0,12156.539999999999,-7100.280000000001,9976.89,-5802.984,0.1770731707317073
mode_without_mn9,0.0125,720575940631457347,pre_first_20ms,141.3125,161.3125,44.550000000000004,-7.920000000000001,44.550000000000004,-7.920000000000001,0.0
mode_without_mn9,0.0125,720575940622201046,early,0.0,180.0,124.41,-27.984,110.88,-27.984000000000005,0.012222222222222223
mode_without_mn9,0.0125,720575940622201046,later,180.0,1000.0,8084.34,-2477.112,6571.950000000001,-2024.0880000000004,0.19317073170731708
mode_without_mn9,0.0125,720575940622201046,pre_first_20ms,141.55,161.55,32.67,-2.112,32.67,-2.112,0.0
mode_without_mn9,0.0125,720575940622518197,early,0.0,180.0,148.83,-56.49600000000001,138.93,-50.952,0.012222222222222223
mode_without_mn9,0.0125,720575940622518197,later,180.0,1000.0,3630.33,-2469.192,3500.31,-2350.3920000000003,0.03487804878048781
mode_without_mn9,0.0125,720575940622518197,pre_first_20ms,142.075,162.075,45.209999999999994,-15.576000000000002,45.209999999999994,-15.576000000000002,0.0
mode_without_mn9,0.0125,720575940635120491,early,0.0,180.0,141.24,-39.864,135.96000000000004,-37.224000000000004,0.012222222222222223
mode_without_mn9,0.0125,720575940635120491,later,180.0,1000.0,6784.14,-4830.408,6221.82,-4402.2,0.08317073170731708
mode_without_mn9,0.0125,720575940635120491,pre_first_20ms,142.275,162.275,42.24,-7.128,42.24,-7.128,0.0
mode_without_mn9,0.0125,720575940630294138,early,0.0,180.0,264.99,-232.58400000000003,263.67,-222.02400000000003,0.012222222222222223
mode_without_mn9,0.0125,720575940630294138,later,180.0,1000.0,5721.54,-12002.496,5720.88,-11996.423999999999,0.002682926829268293
mode_without_mn9,0.0125,720575940630294138,pre_first_20ms,142.3,162.3,117.48000000000002,-61.776,117.48000000000002,-61.776,0.0
mode_without_mn9,0.0125,720575940636970096,early,0.0,180.0,143.88,-50.160000000000004,137.61,-49.104000000000006,0.012222222222222223
mode_without_mn9,0.0125,720575940636970096,later,180.0,1000.0,8332.83,-5959.272,7491.659999999999,-5148.792,0.09658536585365854
mode_without_mn9,0.0125,720575940636970096,pre_first_20ms,142.7375,162.7375,55.11,-17.688000000000002,55.11,-17.688000000000002,0.0
mode_without_mn9,0.0125,720575940622957064,early,0.0,180.0,110.88000000000001,-22.440000000000005,108.24,-19.536,0.012222222222222223
mode_without_mn9,0.0125,720575940622957064,later,180.0,1000.0,5191.89,-543.0480000000001,4330.589999999999,-449.32800000000003,0.174390243902439
mode_without_mn9,0.0125,720575940622957064,pre_first_20ms,142.87500000000003,162.87500000000003,33.99,-3.696,33.99,-3.696,0.0
mode_without_mn9,0.0125,720575940621363421,early,0.0,180.0,117.48,-10.296,110.55,-10.296,0.012222222222222223
mode_without_mn9,0.0125,720575940621363421,later,180.0,1000.0,8629.169999999998,-1305.744,6899.97,-992.9040000000001,0.22632621951219511
mode_without_mn9,0.0125,720575940621363421,pre_first_20ms,142.9875,162.9875,39.6,-2.904,39.6,-2.904,0.0
mode_without_mn9,0.0125,720575940625786493,early,0.0,180.0,142.89,-66.528,134.31,-64.68,0.012222222222222223
mode_without_mn9,0.0125,720575940625786493,later,180.0,1000.0,4554.330000000001,-3125.4960000000005,4378.11,-2969.472,0.05365853658536585
mode_without_mn9,0.0125,720575940625786493,pre_first_20ms,143.0,163.0,68.31,-18.480000000000004,68.31,-18.480000000000004,0.0
mode_without_mn9,0.0125,720575940630738263,early,0.0,180.0,123.08999999999999,-40.656000000000006,107.25,-35.376000000000005,0.012222222222222223
mode_without_mn9,0.0125,720575940630738263,later,180.0,1000.0,4042.5,-3734.8080000000004,4042.5,-3734.8080000000004,0.0
mode_without_mn9,0.0125,720575940630738263,pre_first_20ms,143.0875,163.0875,41.91,-7.128,41.91,-7.128,0.0
mode_without_mn9,0.0125,720575940612542742,early,0.0,180.0,149.49,-50.68800000000001,135.95999999999998,-50.68800000000002,0.012222222222222223
mode_without_mn9,0.0125,720575940612542742,later,180.0,1000.0,12004.740000000002,-15965.400000000001,12004.740000000002,-15965.400000000001,0.0
mode_without_mn9,0.0125,720575940612542742,pre_first_20ms,143.47500000000002,163.47500000000002,51.480000000000004,-8.976,51.480000000000004,-8.976,0.0
mode_without_mn9,0.0125,720575940617296029,early,0.0,180.0,186.45,-13.992,185.13,-13.992,0.012222222222222223
mode_without_mn9,0.0125,720575940617296029,later,180.0,1000.0,1639.77,-805.2,1635.48,-802.8240000000001,0.002682926829268293
mode_without_mn9,0.0125,720575940617296029,pre_first_20ms,143.7375,163.7375,39.269999999999996,-2.64,39.269999999999996,-2.64,0.0
mode_without_mn9,0.0125,720575940627312104,early,0.0,180.0,216.14999999999998,-132.00000000000003,207.89999999999998,-130.94400000000005,0.012222222222222223
mode_without_mn9,0.0125,720575940627312104,later,180.0,1000.0,18091.92,-9151.296,13677.509999999998,-6610.032000000001,0.24146341463414633
mode_without_mn9,0.0125,720575940627312104,pre_first_20ms,143.87500000000003,163.87500000000003,66.32999999999998,-23.496000000000002,66.32999999999998,-23.496000000000002,0.0
mode_without_mn9,0.0125,720575940627673585,early,0.0,180.0,189.42,-92.136,163.35,-91.344,0.012222222222222223
mode_without_mn9,0.0125,720575940627673585,later,180.0,1000.0,13791.689999999999,-5760.4800000000005,10805.189999999999,-4460.28,0.20390243902439023
mode_without_mn9,0.0125,720575940627673585,pre_first_20ms,143.9625,163.9625,81.17999999999999,-15.84,81.17999999999999,-15.84,0.0
mode_without_mn9,0.0125,720575940630480581,early,0.0,180.0,146.19,-66.79200000000002,138.93,-58.872000000000014,0.012222222222222223
mode_without_mn9,0.0125,720575940630480581,later,180.0,1000.0,3615.8100000000004,-4610.496,3615.8100000000004,-4610.496,0.0
mode_without_mn9,0.0125,720575940630480581,pre_first_20ms,144.41250000000002,164.41250000000002,59.400000000000006,-18.744000000000003,59.400000000000006,-18.744000000000003,0.0
mode_without_mn9,0.0125,720575940621159094,early,0.0,180.0,108.9,-10.824000000000002,104.28,-8.712,0.012222222222222223
mode_without_mn9,0.0125,720575940621159094,later,180.0,1000.0,6646.200000000001,-1407.1200000000001,5376.69,-1147.872,0.1851219512195122
mode_without_mn9,0.0125,720575940621159094,pre_first_20ms,144.5,164.5,32.01,-1.584,32.01,-1.584,0.0
mode_without_mn9,0.0125,720575940626135122,early,0.0,180.0,116.16,-17.424,110.55000000000001,-16.632,0.012222222222222223
mode_without_mn9,0.0125,720575940626135122,later,180.0,1000.0,3938.8799999999997,-2123.6160000000004,3645.1800000000003,-1939.08,0.07780487804878049
mode_without_mn9,0.0125,720575940626135122,pre_first_20ms,144.70000000000002,164.70000000000002,32.34,-3.168,32.34,-3.168,0.0
mode_without_mn9,0.0125,720575940616792577,early,0.0,180.0,152.45999999999998,-44.88,144.54,-44.352000000000004,0.012222222222222223
mode_without_mn9,0.0125,720575940616792577,later,180.0,1000.0,4045.4700000000003,-4744.08,4045.4700000000003,-4744.08,0.0
mode_without_mn9,0.0125,720575940616792577,pre_first_20ms,144.9875,164.9875,37.95,-5.016,37.95,-5.016,0.0
mode_without_mn9,0.0125,720575940605419622,early,0.0,180.0,230.66999999999996,-129.36,215.82,-109.29600000000002,0.012222222222222223
mode_without_mn9,0.0125,720575940605419622,later,180.0,1000.0,21417.989999999998,-9267.720000000003,15477.66,-6423.648000000001,0.284390243902439
mode_without_mn9,0.0125,720575940605419622,pre_first_20ms,145.01250000000002,165.01250000000002,85.47,-30.096000000000004,85.47,-30.096000000000004,0.0
mode_without_mn9,0.0125,720575940637106032,early,0.0,180.0,53.46,-12.144000000000002,53.46,-12.144000000000002,0.012222222222222223
mode_without_mn9,0.0125,720575940637106032,later,180.0,1000.0,595.98,-383.064,591.69,-378.84000000000003,0.013414634146341463
mode_without_mn9,0.0125,720575940637106032,pre_first_20ms,145.3375,165.3375,51.81,-0.528,51.81,-0.528,0.0
mode_without_mn9,0.0125,720575940632876223,early,0.0,180.0,128.04,-32.736000000000004,125.4,-30.624000000000002,0.012222222222222223
mode_without_mn9,0.0125,720575940632876223,later,180.0,1000.0,3838.89,-1665.0480000000005,3518.4600000000005,-1518.792,0.09390243902439024
mode_without_mn9,0.0125,720575940632876223,pre_first_20ms,145.425,165.425,41.580000000000005,-3.6960000000000006,41.580000000000005,-3.6960000000000006,0.0
mode_without_mn9,0.0125,720575940634274458,early,0.0,180.0,241.56,-163.68,235.29000000000002,-125.136,0.012222222222222223
mode_without_mn9,0.0125,720575940634274458,later,180.0,1000.0,11302.83,-7923.696000000002,9859.41,-6407.28,0.13951219512195123
mode_without_mn9,0.0125,720575940634274458,pre_first_20ms,145.5375,165.5375,87.78,-36.432,87.78,-36.432,0.0
mode_without_mn9,0.0125,720575940632542253,early,0.0,180.0,144.87,-55.440000000000005,129.35999999999999,-44.352000000000004,0.012222222222222223
mode_without_mn9,0.0125,720575940632542253,later,180.0,1000.0,6111.6,-5858.688000000001,6104.340000000001,-5842.584000000001,0.002682926829268293
mode_without_mn9,0.0125,720575940632542253,pre_first_20ms,145.675,165.675,38.61000000000001,-3.960000000000001,38.61000000000001,-3.960000000000001,0.0
mode_without_mn9,0.0125,720575940629731579,early,0.0,180.0,122.76000000000002,-20.592000000000006,116.82000000000002,-16.104,0.012222222222222223
mode_without_mn9,0.0125,720575940629731579,later,180.0,1000.0,4696.23,-1701.7440000000004,4093.9800000000005,-1483.9440000000002,0.12609756097560976
mode_without_mn9,0.0125,720575940629731579,pre_first_20ms,145.72500000000002,165.72500000000002,36.629999999999995,-4.752000000000001,36.629999999999995,-4.752000000000001,0.0
mode_without_mn9,0.0125,720575940645264750,early,0.0,180.0,116.82,-40.12800000000001,115.16999999999999,-29.568,0.012222222222222223
mode_without_mn9,0.0125,720575940645264750,later,180.0,1000.0,12344.310000000001,-4543.4400000000005,9607.29,-3348.312,0.2344359756097561
mode_without_mn9,0.0125,720575940645264750,pre_first_20ms,145.86249999999998,165.86249999999998,45.540000000000006,-11.88,45.540000000000006,-11.88,0.0
mode_without_mn9,0.0125,720575940622025548,early,0.0,180.0,144.54000000000002,-50.42400000000001,143.88,-47.52000000000001,0.012222222222222223
mode_without_mn9,0.0125,720575940622025548,later,180.0,1000.0,7405.86,-3324.0240000000003,6312.9,-2731.872,0.15829268292682927
mode_without_mn9,0.0125,720575940622025548,pre_first_20ms,146.0375,166.0375,54.78,-5.808000000000001,54.78,-5.808000000000001,0.0
mode_without_mn9,0.0125,720575940632305951,early,0.0,180.0,127.38000000000001,-28.776000000000003,121.77000000000001,-25.344,0.012222222222222223
mode_without_mn9,0.0125,720575940632305951,later,180.0,1000.0,5110.71,-2187.2400000000007,4503.84,-1888.1280000000002,0.12341463414634146
mode_without_mn9,0.0125,720575940632305951,pre_first_20ms,146.5,166.5,42.9,-7.392000000000001,42.9,-7.392000000000001,0.0
mode_without_mn9,0.0125,720575940614412906,early,0.0,180.0,342.87000000000006,-349.00800000000004,341.88,-322.34400000000005,0.012222222222222223
mode_without_mn9,0.0125,720575940614412906,later,180.0,1000.0,12088.230000000001,-14008.104000000001,12073.050000000001,-13971.144,0.002682926829268293
mode_without_mn9,0.0125,720575940614412906,pre_first_20ms,146.66250000000002,166.66250000000002,107.25,-56.49600000000001,107.25,-56.49600000000001,0.0
mode_without_mn9,0.0125,720575940630169660,early,0.0,180.0,111.20999999999998,-12.408000000000001,111.21,-11.616,0.012222222222222223
mode_without_mn9,0.0125,720575940630169660,later,180.0,1000.0,31472.429999999997,-16351.632000000001,21634.14,-11165.616,0.31390243902439025
mode_without_mn9,0.0125,720575940630169660,pre_first_20ms,146.72500000000002,166.72500000000002,47.190000000000005,-2.904,47.190000000000005,-2.904,0.0
mode_without_mn9,0.0125,720575940636479863,early,0.0,180.0,67.32,-6.072000000000001,67.32,-6.072000000000001,0.012222222222222223
mode_without_mn9,0.0125,720575940636479863,later,180.0,1000.0,890.3399999999999,-586.6080000000001,890.3399999999999,-586.6080000000001,0.0
mode_without_mn9,0.0125,720575940636479863,pre_first_20ms,146.76250000000002,166.76250000000002,49.5,-3.6960000000000006,49.5,-3.6960000000000006,0.0
mode_without_mn9,0.0125,720575940619409542,early,0.0,180.0,112.2,-41.976000000000006,108.57000000000001,-38.808,0.012222222222222223
mode_without_mn9,0.0125,720575940619409542,later,180.0,1000.0,2964.72,-2302.0800000000004,2956.8,-2299.9679999999994,0.002682926829268293
mode_without_mn9,0.0125,720575940619409542,pre_first_20ms,146.7875,166.7875,46.53,-5.808000000000001,46.53,-5.808000000000001,0.0
mode_without_mn9,0.0125,720575940611502309,early,0.0,180.0,122.43,-46.46400000000001,118.80000000000001,-42.76800000000001,0.012222222222222223
mode_without_mn9,0.0125,720575940611502309,later,180.0,1000.0,8118.000000000001,-3288.912,6842.220000000001,-2707.32,0.17617378048780488
mode_without_mn9,0.0125,720575940611502309,pre_first_20ms,146.8,166.8,44.22,-8.448,44.22,-8.448,0.0
mode_without_mn9,0.0125,720575940606865330,early,0.0,180.0,97.35,-37.224000000000004,96.35999999999999,-35.112,0.012222222222222223
mode_without_mn9,0.0125,720575940606865330,later,180.0,1000.0,11457.269999999999,-11928.576000000001,11149.380000000001,-11414.04,0.037560975609756096
mode_without_mn9,0.0125,720575940606865330,pre_first_20ms,146.9625,166.9625,33.33,-4.752000000000001,33.33,-4.752000000000001,0.0
mode_without_mn9,0.0125,720575940621866108,early,0.0,180.0,121.77000000000001,-32.208,116.16,-31.680000000000003,0.012222222222222223
mode_without_mn9,0.0125,720575940621866108,later,180.0,1000.0,3120.48,-3821.4,3120.48,-3821.4,0.0
mode_without_mn9,0.0125,720575940621866108,pre_first_20ms,147.0875,167.0875,38.28,-8.448,38.28,-8.448,0.0
mode_without_mn9,0.0125,720575940612213741,early,0.0,180.0,229.02,-110.352,227.37000000000003,-110.08800000000001,0.012222222222222223
mode_without_mn9,0.0125,720575940612213741,later,180.0,1000.0,13234.65,-11533.367999999999,12262.799999999997,-10070.016,0.08853658536585365
mode_without_mn9,0.0125,720575940612213741,pre_first_20ms,147.2375,167.2375,66.0,-27.192,66.0,-27.192,0.0
mode_without_mn9,0.0125,720575940629836343,early,0.0,180.0,157.07999999999998,-54.912000000000006,149.49,-50.16000000000001,0.012222222222222223
mode_without_mn9,0.0125,720575940629836343,later,180.0,1000.0,8161.23,-2848.824,6797.669999999999,-2221.5600000000004,0.19048780487804878
mode_without_mn9,0.0125,720575940629836343,pre_first_20ms,147.40000000000003,167.40000000000003,55.11,-20.064,55.11,-20.064,0.0
mode_without_mn9,0.0125,720575940621961242,early,0.0,180.0,117.15,-58.080000000000005,109.23,-56.232000000000006,0.012222222222222223
mode_without_mn9,0.0125,720575940621961242,later,180.0,1000.0,3304.2900000000004,-2310.0,3251.49,-2246.904,0.018780487804878048
mode_without_mn9,0.0125,720575940621961242,pre_first_20ms,147.675,167.675,54.78,-10.559999999999999,54.78,-10.559999999999999,0.0
mode_without_mn9,0.0125,720575940603587500,early,0.0,180.0,108.24,-27.720000000000002,107.25,-26.400000000000002,0.012222222222222223
mode_without_mn9,0.0125,720575940603587500,later,180.0,1000.0,3824.37,-2905.056,3811.5,-2888.1600000000003,0.005365853658536586
mode_without_mn9,0.0125,720575940603587500,pre_first_20ms,148.41250000000002,168.41250000000002,49.17,-5.544000000000001,49.17,-5.544000000000001,0.0
mode_without_mn9,0.0125,720575940618522673,early,0.0,180.0,103.61999999999999,-10.824000000000002,101.64,-10.824000000000002,0.012222222222222223
mode_without_mn9,0.0125,720575940618522673,later,180.0,1000.0,9921.78,-2499.0240000000003,7854.0,-1875.9840000000002,0.2280487804878049
mode_without_mn9,0.0125,720575940618522673,pre_first_20ms,148.5,168.5,37.620000000000005,-4.224,37.620000000000005,-4.224,0.0
mode_without_mn9,0.0125,720575940638808448,early,0.0,180.0,98.34,-11.088000000000001,94.05000000000001,-10.560000000000002,0.012222222222222223
mode_without_mn9,0.0125,720575940638808448,later,180.0,1000.0,5523.21,-4423.0560000000005,5404.74,-4268.88,0.026829268292682926
mode_without_mn9,0.0125,720575940638808448,pre_first_20ms,148.65,168.65,34.32000000000001,-2.112,34.32000000000001,-2.112,0.0
mode_without_mn9,0.0125,720575940608351324,early,0.0,180.0,97.35,-13.200000000000001,96.69,-12.672,0.012222222222222223
mode_without_mn9,0.0125,720575940608351324,later,180.0,1000.0,27281.430000000004,-9947.256000000003,18383.64,-6716.952000000001,0.3246341463414634
mode_without_mn9,0.0125,720575940608351324,pre_first_20ms,148.8125,168.8125,42.24,-4.752,42.24,-4.752,0.0
mode_without_mn9,0.0125,720575940618626171,early,0.0,180.0,106.92,-12.408000000000001,105.93,-12.408000000000001,0.012222222222222223
mode_without_mn9,0.0125,720575940618626171,later,180.0,1000.0,5579.31,-2397.120000000001,4891.26,-2032.0080000000003,0.1353810975609756
mode_without_mn9,0.0125,720575940618626171,pre_first_20ms,148.8375,168.8375,36.3,-3.6959999999999997,36.3,-3.6959999999999997,0.0
mode_without_mn9,0.0125,720575940627982332,early,0.0,180.0,132.99,-43.56000000000001,132.66000000000003,-42.76800000000001,0.012222222222222223
mode_without_mn9,0.0125,720575940627982332,later,180.0,1000.0,30897.24,-16237.32,21282.690000000002,-10792.848000000002,0.30853658536585366
mode_without_mn9,0.0125,720575940627982332,pre_first_20ms,148.97500000000002,168.97500000000002,54.45,-8.184000000000001,54.45,-8.184000000000001,0.0
mode_without_mn9,0.0125,720575940628962938,early,0.0,180.0,100.32000000000001,-10.032,97.02,-10.032,0.012222222222222223
mode_without_mn9,0.0125,720575940628962938,later,180.0,1000.0,4485.03,-1210.4400000000003,4030.95,-1051.776,0.13682926829268294
mode_without_mn9,0.0125,720575940628962938,pre_first_20ms,148.97500000000002,168.97500000000002,43.230000000000004,-3.6960000000000006,43.230000000000004,-3.6960000000000006,0.0
mode_without_mn9,0.0125,720575940630882263,early,0.0,180.0,140.58,-44.88,137.28,-44.352000000000004,0.012222222222222223
mode_without_mn9,0.0125,720575940630882263,later,180.0,1000.0,5856.18,-3966.8640000000005,5435.099999999999,-3584.5920000000006,0.08317073170731708
mode_without_mn9,0.0125,720575940630882263,pre_first_20ms,149.375,169.375,47.52,-10.032000000000002,47.52,-10.032000000000002,0.0
mode_without_mn9,0.0125,720575940622651869,early,0.0,180.0,110.55,-20.064000000000004,107.24999999999999,-20.064,0.012222222222222223
mode_without_mn9,0.0125,720575940622651869,later,180.0,1000.0,5868.72,-1471.272,4854.299999999999,-1229.7120000000002,0.16097560975609757
mode_without_mn9,0.0125,720575940622651869,pre_first_20ms,149.43750000000003,169.43750000000003,43.89,-11.088000000000001,43.89,-11.088000000000001,0.0
mode_without_mn9,0.0125,720575940622811116,early,0.0,180.0,86.13,-6.6,86.13,-6.6,0.012222222222222223
mode_without_mn9,0.0125,720575940622811116,later,180.0,1000.0,2506.02,-1363.8240000000003,2456.85,-1272.48,0.04829268292682927
mode_without_mn9,0.0125,720575940622811116,pre_first_20ms,149.97500000000002,169.97500000000002,35.64,-6.6,35.64,-6.6,0.0
mode_without_mn9,0.0125,720575940621968845,early,0.0,180.0,130.02,-61.248000000000005,127.38,-52.800000000000004,0.012222222222222223
mode_without_mn9,0.0125,720575940621968845,later,180.0,1000.0,3218.1600000000003,-2818.2000000000003,3218.1600000000003,-2818.2000000000003,0.0
mode_without_mn9,0.0125,720575940621968845,pre_first_20ms,150.07500000000002,170.07500000000002,64.35000000000001,-20.328,64.35000000000001,-20.328,0.0
mode_without_mn9,0.0125,720575940607386802,early,0.0,180.0,312.18,-137.01600000000002,311.84999999999997,-136.488,0.012222222222222223
mode_without_mn9,0.0125,720575940607386802,later,180.0,1000.0,6544.5599999999995,-3055.8000000000006,5801.7300000000005,-2673.5280000000002,0.13951219512195123
mode_without_mn9,0.0125,720575940607386802,pre_first_20ms,150.65,170.65,67.32,-18.216,67.32,-18.216,0.0
mode_without_mn9,0.0125,720575940622351128,early,0.0,180.0,114.17999999999998,-57.55200000000001,113.85,-57.55200000000001,0.012222222222222223
mode_without_mn9,0.0125,720575940622351128,later,180.0,1000.0,2387.22,-1363.8240000000003,2374.02,-1298.352,0.03219512195121951
mode_without_mn9,0.0125,720575940622351128,pre_first_20ms,150.9,170.9,56.099999999999994,-12.144000000000002,56.099999999999994,-12.144000000000002,0.0
mode_without_mn9,0.0125,720575940629056411,early,0.0,180.0,112.2,-4.224,112.2,-3.96,0.012222222222222223
mode_without_mn9,0.0125,720575940629056411,later,180.0,1000.0,6428.73,-2273.3040000000005,5446.320000000001,-1870.1760000000002,0.16365853658536586
mode_without_mn9,0.0125,720575940629056411,pre_first_20ms,150.9625,170.9625,37.95,-1.848,37.95,-1.848,0.0
mode_without_mn9,0.0125,720575940623528595,early,0.0,180.0,81.84,-11.352,81.18,-11.352,0.012222222222222223
mode_without_mn9,0.0125,720575940623528595,later,180.0,1000.0,29842.23,-11436.744000000002,19636.65,-7311.4800000000005,0.3399390243902439
mode_without_mn9,0.0125,720575940623528595,pre_first_20ms,152.07500000000002,172.07500000000002,37.62,-5.280000000000001,37.62,-5.280000000000001,0.0
mode_without_mn9,0.0125,720575940631983277,early,0.0,180.0,87.12,-10.56,87.12,-10.56,0.012222222222222223
mode_without_mn9,0.0125,720575940631983277,later,180.0,1000.0,2474.01,-1327.92,2382.6,-1265.352,0.042926829268292686
mode_without_mn9,0.0125,720575940631983277,pre_first_20ms,152.35,172.35,37.29,-10.56,37.29,-10.56,0.0
mode_without_mn9,0.0125,720575940619875060,early,0.0,180.0,162.36,-63.096000000000004,161.37,-63.096000000000004,0.012222222222222223
mode_without_mn9,0.0125,720575940619875060,later,180.0,1000.0,4756.95,-5347.320000000001,4752.66,-5338.871999999999,0.002682926829268293
mode_without_mn9,0.0125,720575940619875060,pre_first_20ms,152.3625,172.3625,62.7,-16.632,62.7,-16.632,0.0
mode_without_mn9,0.0125,720575940629952300,early,0.0,180.0,141.57000000000002,-60.72,134.31,-58.608000000000004,0.012222222222222223
mode_without_mn9,0.0125,720575940629952300,later,180.0,1000.0,12964.050000000001,-4091.4720000000007,10049.16,-2992.7039999999997,0.2521951219512195
mode_without_mn9,0.0125,720575940629952300,pre_first_20ms,152.51250000000002,172.51250000000002,59.73000000000001,-20.064,59.73000000000001,-20.064,0.0
mode_without_mn9,0.0125,720575940620828165,early,0.0,180.0,109.89000000000001,-19.008,92.73,-15.312,0.012222222222222223
mode_without_mn9,0.0125,720575940620828165,later,180.0,1000.0,6689.430000000001,-2886.0480000000007,5766.09,-2403.1920000000005,0.15292682926829268
mode_without_mn9,0.0125,720575940620828165,pre_first_20ms,153.42499999999998,173.42499999999998,38.61,-4.752000000000001,38.61,-4.752000000000001,0.0
mode_without_mn9,0.0125,720575940634160735,early,0.0,180.0,102.96,-30.096000000000004,102.63,-29.832000000000008,0.012222222222222223
mode_without_mn9,0.0125,720575940634160735,later,180.0,1000.0,6129.749999999999,-5408.832,6062.43,-5276.832,0.016097560975609757
mode_without_mn9,0.0125,720575940634160735,pre_first_20ms,154.00000000000003,174.00000000000003,52.14000000000001,-2.64,52.14000000000001,-2.64,0.0
mode_without_mn9,0.0125,720575940614461014,early,0.0,180.0,395.34,-443.5200000000001,385.77,-441.672,0.012222222222222223
mode_without_mn9,0.0125,720575940614461014,later,180.0,1000.0,5908.650000000001,-6905.976000000001,5894.46,-6826.512000000001,0.008048780487804878
mode_without_mn9,0.0125,720575940614461014,pre_first_20ms,154.1,174.1,191.07,-91.08000000000001,191.07,-91.08000000000001,0.0
mode_without_mn9,0.0125,720575940635723662,early,0.0,180.0,108.24,-27.984000000000005,106.92,-26.400000000000002,0.012222222222222223
mode_without_mn9,0.0125,720575940635723662,later,180.0,1000.0,3681.4800000000005,-1571.8560000000002,3435.9600000000005,-1413.4560000000001,0.09121951219512195
mode_without_mn9,0.0125,720575940635723662,pre_first_20ms,154.4125,174.4125,56.43,-10.032,56.43,-10.032,0.0
mode_without_mn9,0.0125,720575940617443648,early,0.0,180.0,95.69999999999999,-18.48,95.03999999999999,-18.215999999999998,0.012222222222222223
mode_without_mn9,0.0125,720575940617443648,later,180.0,1000.0,2198.46,-794.112,2105.4,-745.272,0.05365853658536585
mode_without_mn9,0.0125,720575940617443648,pre_first_20ms,155.35,175.35,47.52,-7.656000000000001,47.52,-7.656000000000001,0.0
mode_without_mn9,0.0125,720575940625050256,early,0.0,180.0,167.31,-116.16000000000001,165.99,-102.168,0.012222222222222223
mode_without_mn9,0.0125,720575940625050256,later,180.0,1000.0,5850.24,-4909.344,5699.76,-4635.84,0.03219512195121951
mode_without_mn9,0.0125,720575940625050256,pre_first_20ms,156.5875,176.5875,62.04,-9.768,62.04,-9.768,0.0
mode_without_mn9,0.0125,720575940660217985,early,0.0,180.0,343.2,-251.06400000000002,343.2,-250.53600000000006,0.012222222222222223
mode_without_mn9,0.0125,720575940660217985,later,180.0,1000.0,135964.29,-13240.392000000003,55814.880000000005,-5214.528,0.5982926829268292
mode_without_mn9,0.0125,720575940660217985,pre_first_20ms,156.6625,176.6625,137.28,-49.36800000000001,137.28,-49.36800000000001,0.0
mode_without_mn9,0.0125,720575940618715550,early,0.0,180.0,191.07,-122.23200000000003,184.8,-117.48000000000002,0.012222222222222223
mode_without_mn9,0.0125,720575940618715550,later,180.0,1000.0,11884.29,-16572.336000000003,11884.29,-16572.336000000003,0.0
mode_without_mn9,0.0125,720575940618715550,pre_first_20ms,156.71250000000003,176.71250000000003,81.51,-41.184,81.51,-41.184,0.0
mode_without_mn9,0.0125,720575940620904869,early,0.0,180.0,324.39,-291.98400000000004,320.1,-291.72,0.012222222222222223
mode_without_mn9,0.0125,720575940620904869,later,180.0,1000.0,318014.73,-78903.792,99957.0,-19365.192000000003,0.6636585365853659
mode_without_mn9,0.0125,720575940620904869,pre_first_20ms,156.8625,176.8625,126.39000000000001,-48.57600000000001,126.39000000000001,-48.57600000000001,0.0
mode_without_mn9,0.0125,720575940622566026,early,0.0,180.0,139.59,-90.816,138.27,-65.47200000000001,0.012222222222222223
mode_without_mn9,0.0125,720575940622566026,later,180.0,1000.0,5393.19,-9036.456,5393.19,-9036.456,0.0
mode_without_mn9,0.0125,720575940622566026,pre_first_20ms,156.9875,176.9875,60.72,-29.832,60.72,-29.832,0.0
mode_without_mn9,0.0125,720575940635249332,early,0.0,180.0,265.98,-189.55200000000002,265.65,-152.06400000000002,0.012222222222222223
mode_without_mn9,0.0125,720575940635249332,later,180.0,1000.0,153810.36,-26379.408000000003,64768.439999999995,-9646.824,0.614390243902439
mode_without_mn9,0.0125,720575940635249332,pre_first_20ms,157.3375,177.3375,106.25999999999999,-38.544000000000004,106.25999999999999,-38.544000000000004,0.0
mode_without_mn9,0.0125,720575940636143608,early,0.0,180.0,287.1,-224.40000000000003,287.1,-176.61600000000004,0.012222222222222223
mode_without_mn9,0.0125,720575940636143608,later,180.0,1000.0,139738.49999999997,-13539.504,57219.03,-5034.216000000001,0.6036585365853658
mode_without_mn9,0.0125,720575940636143608,pre_first_20ms,157.55,177.55,114.84,-43.824000000000005,114.84,-43.824000000000005,0.0
mode_without_mn9,0.0125,720575940618320674,early,0.0,180.0,170.94,-132.264,170.94,-131.20800000000003,0.012222222222222223
mode_without_mn9,0.0125,720575940618320674,later,180.0,1000.0,7192.679999999999,-3020.1600000000003,6112.59,-2518.2960000000003,0.15560975609756098
mode_without_mn9,0.0125,720575940618320674,pre_first_20ms,157.7375,177.7375,57.75,-18.48,57.75,-18.48,0.0
mode_without_mn9,0.0125,720575940618954038,early,0.0,180.0,242.88,-175.824,242.55,-140.18400000000003,0.012222222222222223
mode_without_mn9,0.0125,720575940618954038,later,180.0,1000.0,140612.34,-25298.064000000006,61338.420000000006,-9520.632000000001,0.6009756097560975
mode_without_mn9,0.0125,720575940618954038,pre_first_20ms,157.76250000000002,177.76250000000002,97.35,-34.848000000000006,97.35,-34.848000000000006,0.0
mode_without_mn9,0.0125,720575940624738121,early,0.0,180.0,237.60000000000002,-181.89600000000002,236.94000000000003,-134.11200000000002,0.012222222222222223
mode_without_mn9,0.0125,720575940624738121,later,180.0,1000.0,105948.15000000001,-25631.496000000003,50293.32,-11325.336000000001,0.5446341463414635
mode_without_mn9,0.0125,720575940624738121,pre_first_20ms,157.76250000000002,177.76250000000002,94.71000000000001,-33.528000000000006,94.71000000000001,-33.528000000000006,0.0
mode_without_mn9,0.0125,720575940613894311,early,0.0,180.0,75.57,-7.920000000000001,75.57,-7.392,0.012222222222222223
mode_without_mn9,0.0125,720575940613894311,later,180.0,1000.0,4692.929999999999,-467.80799999999994,4153.049999999999,-347.42400000000004,0.1448780487804878
mode_without_mn9,0.0125,720575940613894311,pre_first_20ms,157.775,177.775,37.29,-2.9040000000000004,37.29,-2.9040000000000004,0.0
mode_without_mn9,0.0125,720575940626115134,early,0.0,180.0,280.17,-227.83200000000005,280.17,-175.824,0.012222222222222223
mode_without_mn9,0.0125,720575940626115134,later,180.0,1000.0,135204.62999999998,-14254.416000000001,56884.079999999994,-5870.832,0.5980487804878049
mode_without_mn9,0.0125,720575940626115134,pre_first_20ms,157.78750000000002,177.78750000000002,112.2,-43.824000000000005,112.2,-43.824000000000005,0.0
mode_without_mn9,0.0125,720575940640955637,early,0.0,180.0,287.1,-234.96,285.45000000000005,-187.96800000000002,0.010555555555555556
mode_without_mn9,0.0125,720575940640955637,later,180.0,1000.0,166118.37,-29752.8,71480.64,-10905.312000000002,0.6254878048780488
mode_without_mn9,0.0125,720575940640955637,pre_first_20ms,158.1,178.1,114.84,-46.992000000000004,114.84,-46.992000000000004,0.0
mode_without_mn9,0.0125,720575940612461461,early,0.0,180.0,274.56000000000006,-269.28000000000003,273.90000000000003,-175.824,0.010347222222222223
mode_without_mn9,0.0125,720575940612461461,later,180.0,1000.0,199188.66,-35208.624,81634.08,-11273.592,0.6435518292682927
mode_without_mn9,0.0125,720575940612461461,pre_first_20ms,158.13750000000002,178.13750000000002,109.56000000000002,-43.824000000000005,109.56000000000002,-43.824000000000005,0.0
mode_without_mn9,0.0125,720575940636241550,early,0.0,180.0,183.81,-135.696,183.15000000000003,-90.024,0.009930555555555555
mode_without_mn9,0.0125,720575940636241550,later,180.0,1000.0,133137.83999999997,-21314.304000000004,59828.340000000004,-7707.216,0.5947865853658536
mode_without_mn9,0.0125,720575940636241550,pre_first_20ms,158.2125,178.2125,73.26,-22.44,73.26,-22.44,0.0
mode_without_mn9,0.0125,720575940612855318,early,0.0,180.0,266.31,-248.688,265.65000000000003,-176.61599999999999,0.0077777777777777776
mode_without_mn9,0.0125,720575940612855318,later,180.0,1000.0,167017.29,-26317.632,70715.04000000001,-9564.456000000002,0.6301371951219512
mode_without_mn9,0.0125,720575940612855318,pre_first_20ms,158.60000000000002,178.60000000000002,106.26,-44.088,106.26,-44.088,0.0
mode_without_mn9,0.0125,720575940614944977,early,0.0,180.0,237.93,-195.62400000000002,237.60000000000002,-149.16000000000003,0.007638888888888889
mode_without_mn9,0.0125,720575940614944977,later,180.0,1000.0,126109.50000000001,-12133.44,53519.4,-4969.008000000001,0.5858841463414635
mode_without_mn9,0.0125,720575940614944977,pre_first_20ms,158.625,178.625,95.04,-37.224000000000004,95.04,-37.224000000000004,0.0
mode_without_mn9,0.0125,720575940632812575,early,0.0,180.0,226.38,-249.47999999999996,225.39000000000001,-161.04000000000002,0.006666666666666667
mode_without_mn9,0.0125,720575940632812575,later,180.0,1000.0,149181.78000000003,-30160.944000000003,63305.88,-9973.656000000003,0.6075609756097561
mode_without_mn9,0.0125,720575940632812575,pre_first_20ms,158.8,178.8,92.4,-50.688,92.4,-50.688,0.0
mode_without_mn9,0.0125,720575940621781492,early,0.0,180.0,91.08,-126.72000000000003,90.42,-126.72000000000003,0.006319444444444444
mode_without_mn9,0.0125,720575940621781492,later,180.0,1000.0,18330.51,-6949.536000000002,13739.220000000001,-5402.76,0.2438109756097561
mode_without_mn9,0.0125,720575940621781492,pre_first_20ms,158.8625,178.8625,43.89,-3.4320000000000004,43.89,-3.4320000000000004,0.0
mode_without_mn9,0.0125,720575940623955637,early,0.0,180.0,305.25,-280.10400000000004,304.26,-224.40000000000003,0.0059722222222222225
mode_without_mn9,0.0125,720575940623955637,later,180.0,1000.0,135388.11,-16191.648000000001,56101.31999999999,-6136.416000000001,0.6023475609756097
mode_without_mn9,0.0125,720575940623955637,pre_first_20ms,158.925,178.925,121.77,-58.08000000000001,121.77,-58.08000000000001,0.0
mode_without_mn9,0.0125,720575940617952034,early,0.0,180.0,81.18,-9.24,81.17999999999999,-9.24,0.005555555555555556
mode_without_mn9,0.0125,720575940617952034,later,180.0,1000.0,5437.74,-873.312,4580.400000000001,-699.6000000000001,0.1704878048780488
mode_without_mn9,0.0125,720575940617952034,pre_first_20ms,159.00000000000003,179.00000000000003,33.66,-1.584,33.66,-1.584,0.0
mode_without_mn9,0.0125,720575940623942280,early,0.0,180.0,199.64999999999998,-163.15200000000002,198.0,-116.16000000000003,0.005208333333333333
mode_without_mn9,0.0125,720575940623942280,later,180.0,1000.0,155775.17999999996,-26114.088000000003,63471.20999999999,-9491.328,0.6041158536585366
mode_without_mn9,0.0125,720575940623942280,pre_first_20ms,159.0625,179.0625,79.2,-30.360000000000003,79.2,-30.360000000000003,0.0
mode_without_mn9,0.0125,720575940644362788,early,0.0,180.0,186.78000000000003,-152.592,184.8,-104.54400000000001,0.004097222222222223
mode_without_mn9,0.0125,720575940644362788,later,180.0,1000.0,150794.16,-23692.68,63618.06,-8600.328000000001,0.6108079268292683
mode_without_mn9,0.0125,720575940644362788,pre_first_20ms,159.26250000000002,179.26250000000002,73.92,-27.720000000000006,73.92,-27.720000000000006,0.0
mode_without_mn9,0.0125,720575940628577897,early,0.0,180.0,165.0,-94.776,165.0,-94.776,0.002361111111111111
mode_without_mn9,0.0125,720575940628577897,later,180.0,1000.0,8429.85,-6606.336,7835.8499999999985,-6083.352000000001,0.06655487804878049
mode_without_mn9,0.0125,720575940628577897,pre_first_20ms,159.57500000000002,179.57500000000002,81.17999999999999,-22.704,81.17999999999999,-22.704,0.0
mode_without_mn9,0.0125,720575940622755978,early,0.0,180.0,71.61000000000001,-4.488,71.61000000000001,-4.488,0.002013888888888889
mode_without_mn9,0.0125,720575940622755978,later,180.0,1000.0,2598.09,-1180.6080000000002,2513.61,-1108.5360000000003,0.05405487804878049
mode_without_mn9,0.0125,720575940622755978,pre_first_20ms,159.63750000000002,179.63750000000002,35.970000000000006,-1.584,35.970000000000006,-1.584,0.0
baseline,0.00625,720575940627371834,early,0.0,180.0,224.73000000000002,-79.992,224.73000000000002,-79.992,0.0
baseline,0.00625,720575940627371834,later,180.0,1000.0,971.85,-349.536,971.85,-349.536,0.0
baseline,0.00625,720575940627371834,pre_first_20ms,61.812500000000014,81.81250000000001,21.450000000000003,-11.352,21.450000000000003,-11.352,0.0
baseline,0.00625,720575940610056772,early,0.0,180.0,155.1,-60.192,155.1,-60.192,0.0
baseline,0.00625,720575940610056772,later,180.0,1000.0,786.72,-302.80800000000005,786.72,-302.80800000000005,0.0
baseline,0.00625,720575940610056772,pre_first_20ms,66.46249999999999,86.46249999999999,5.94,-6.864000000000001,5.94,-6.864000000000001,0.0
baseline,0.00625,720575940619876884,early,0.0,180.0,85.47,-21.384,85.47,-21.384,0.0
baseline,0.00625,720575940619876884,later,180.0,1000.0,267.63,-71.016,267.63,-71.016,0.0
baseline,0.00625,720575940619876884,pre_first_20ms,72.2125,92.2125,29.040000000000003,-13.728000000000002,29.040000000000003,-13.728000000000002,0.0
baseline,0.00625,720575940645866292,early,0.0,180.0,259.38,-234.432,259.38,-234.432,0.0
baseline,0.00625,720575940645866292,later,180.0,1000.0,1170.84,-1033.5600000000002,1170.84,-1033.5600000000002,0.0
baseline,0.00625,720575940645866292,pre_first_20ms,72.9625,92.9625,11.88,-18.48,11.88,-18.48,0.0
baseline,0.00625,720575940624525043,early,0.0,180.0,86.13000000000001,-3.96,86.13000000000001,-3.96,0.0
baseline,0.00625,720575940624525043,later,180.0,1000.0,306.24,-19.008,306.24,-19.008,0.0
baseline,0.00625,720575940624525043,pre_first_20ms,82.125,102.125,6.6,0.0,6.6,0.0,0.0
baseline,0.00625,720575940611561139,early,0.0,180.0,88.44,-12.408000000000001,88.44,-12.408000000000001,0.0
baseline,0.00625,720575940611561139,later,180.0,1000.0,321.7500000000001,-72.33600000000001,321.7500000000001,-72.33600000000001,0.0
baseline,0.00625,720575940611561139,pre_first_20ms,82.25,102.25,2.64,-1.056,2.64,-1.056,0.0
baseline,0.00625,720575940627699712,early,0.0,180.0,64.02,0.0,64.02,0.0,0.0
baseline,0.00625,720575940627699712,later,180.0,1000.0,224.06999999999996,-0.528,224.06999999999996,-0.528,0.0
baseline,0.00625,720575940627699712,pre_first_20ms,83.65,103.65,0.0,0.0,0.0,0.0,0.0
baseline,0.00625,720575940636963806,early,0.0,180.0,74.91,-6.072000000000001,74.91,-6.072000000000001,0.0
baseline,0.00625,720575940636963806,later,180.0,1000.0,262.35,-15.576000000000002,262.35,-15.576000000000002,0.0
baseline,0.00625,720575940636963806,pre_first_20ms,86.8,106.8,0.0,-4.752000000000001,0.0,-4.752000000000001,0.0
baseline,0.00625,720575940611523733,early,0.0,180.0,64.68,0.0,64.68,0.0,0.0
baseline,0.00625,720575940611523733,later,180.0,1000.0,226.38000000000002,0.0,226.38000000000002,0.0,0.0
baseline,0.00625,720575940611523733,pre_first_20ms,86.9125,106.9125,0.0,0.0,0.0,0.0,0.0
baseline,0.00625,720575940611439473,early,0.0,180.0,71.94,-3.960000000000001,71.94,-3.960000000000001,0.0
baseline,0.00625,720575940611439473,later,180.0,1000.0,251.79,-12.144000000000004,251.79,-12.144000000000004,0.0
baseline,0.00625,720575940611439473,pre_first_20ms,90.875,110.875,0.0,-0.264,0.0,-0.264,0.0
baseline,0.00625,720575940613441320,early,0.0,180.0,67.32,-3.1680000000000006,67.32,-3.1680000000000006,0.0
baseline,0.00625,720575940613441320,later,180.0,1000.0,235.61999999999998,-11.088000000000001,235.61999999999998,-11.088000000000001,0.0
baseline,0.00625,720575940613441320,pre_first_20ms,92.1,112.1,0.0,0.0,0.0,0.0,0.0
baseline,0.00625,720575940638633806,early,0.0,180.0,66.0,-1.8480000000000003,66.0,-1.8480000000000003,0.0
baseline,0.00625,720575940638633806,later,180.0,1000.0,231.0,-3.6960000000000006,231.0,-3.6960000000000006,0.0
baseline,0.00625,720575940638633806,pre_first_20ms,92.1125,112.1125,0.0,0.0,0.0,0.0,0.0
baseline,0.00625,720575940618588736,early,0.0,180.0,62.03999999999999,-1.056,62.03999999999999,-1.056,0.0
baseline,0.00625,720575940618588736,later,180.0,1000.0,217.47,-3.696,217.47,-3.696,0.0
baseline,0.00625,720575940618588736,pre_first_20ms,92.975,112.975,0.33,0.0,0.33,0.0,0.0
baseline,0.00625,720575940635540671,early,0.0,180.0,69.96000000000001,-12.936000000000002,69.96000000000001,-12.936000000000002,0.0
baseline,0.00625,720575940635540671,later,180.0,1000.0,246.18,-47.78400000000001,246.18,-47.78400000000001,0.0
baseline,0.00625,720575940635540671,pre_first_20ms,95.0375,115.0375,0.0,-0.264,0.0,-0.264,0.0
baseline,0.00625,720575940619252952,early,0.0,180.0,58.08,-1.056,58.08,-1.056,0.0
baseline,0.00625,720575940619252952,later,180.0,1000.0,203.27999999999997,-3.696,203.27999999999997,-3.696,0.0
baseline,0.00625,720575940619252952,pre_first_20ms,95.2875,115.2875,0.0,0.0,0.0,0.0,0.0
baseline,0.00625,720575940639935616,early,0.0,180.0,44.22,-2.904,44.22,-2.904,0.0
baseline,0.00625,720575940639935616,later,180.0,1000.0,151.47000000000003,-46.728000000000016,151.47000000000003,-46.728000000000016,0.0
baseline,0.00625,720575940639935616,pre_first_20ms,95.5375,115.5375,0.0,0.0,0.0,0.0,0.0
baseline,0.00625,720575940629910636,early,0.0,180.0,67.32,-6.072000000000001,67.32,-6.072000000000001,0.0
baseline,0.00625,720575940629910636,later,180.0,1000.0,235.62,-17.952,235.62,-17.952,0.0
baseline,0.00625,720575940629910636,pre_first_20ms,95.6625,115.6625,0.0,0.0,0.0,0.0,0.0
baseline,0.00625,720575940623387786,early,0.0,180.0,34.31999999999999,-1.32,34.31999999999999,-1.32,0.0
baseline,0.00625,720575940623387786,later,180.0,1000.0,120.44999999999997,-2.904000000000001,120.44999999999997,-2.904000000000001,0.0
baseline,0.00625,720575940623387786,pre_first_20ms,96.4125,116.4125,0.0,-0.264,0.0,-0.264,0.0
baseline,0.00625,720575940639283278,early,0.0,180.0,6.93,-0.264,6.93,-0.264,0.0
baseline,0.00625,720575940639283278,later,180.0,1000.0,27.72,-1.32,27.72,-1.32,0.0
baseline,0.00625,720575940639283278,pre_first_20ms,98.3,118.3,0.33,0.0,0.33,0.0,0.0
baseline,0.00625,720575940628455942,early,0.0,180.0,8.58,-102.168,8.58,-102.168,0.0
baseline,0.00625,720575940628455942,later,180.0,1000.0,30.029999999999998,-484.44000000000005,30.029999999999998,-484.44000000000005,0.0
baseline,0.00625,720575940628455942,pre_first_20ms,100.75,120.75,0.0,-19.008000000000003,0.0,-19.008000000000003,0.0
baseline,0.00625,720575940634928023,early,0.0,180.0,7.26,0.0,7.26,0.0,0.0
baseline,0.00625,720575940634928023,later,180.0,1000.0,26.069999999999993,0.0,26.069999999999993,0.0,0.0
baseline,0.00625,720575940634928023,pre_first_20ms,101.35,121.35,0.33,0.0,0.33,0.0,0.0
baseline,0.00625,720575940626056510,early,0.0,180.0,73.26,-12.144000000000002,73.26,-12.144000000000002,0.0
baseline,0.00625,720575940626056510,later,180.0,1000.0,256.41,-30.096000000000004,256.41,-30.096000000000004,0.0
baseline,0.00625,720575940626056510,pre_first_20ms,102.15,122.15,0.0,0.0,0.0,0.0,0.0
baseline,0.00625,720575940638695331,early,0.0,180.0,22.44,-1.3200000000000003,22.44,-1.3200000000000003,0.0
baseline,0.00625,720575940638695331,later,180.0,1000.0,78.54,0.0,78.54,0.0,0.0
baseline,0.00625,720575940638695331,pre_first_20ms,102.2,122.2,0.0,0.0,0.0,0.0,0.0
baseline,0.00625,720575940616651193,early,0.0,180.0,54.78,-3.6960000000000006,54.78,-3.6960000000000006,0.0
baseline,0.00625,720575940616651193,later,180.0,1000.0,191.72999999999996,-12.936000000000003,191.72999999999996,-12.936000000000003,0.0
baseline,0.00625,720575940616651193,pre_first_20ms,102.5625,122.5625,0.0,0.0,0.0,0.0,0.0
baseline,0.00625,720575940620011435,early,0.0,180.0,0.66,-4.488,0.66,-4.488,0.0
baseline,0.00625,720575940620011435,later,180.0,1000.0,2.31,0.0,2.31,0.0,0.0
baseline,0.00625,720575940620011435,pre_first_20ms,102.6125,122.6125,0.0,0.0,0.0,0.0,0.0
baseline,0.00625,720575940619245016,early,0.0,180.0,0.0,0.0,0.0,0.0,0.0
baseline,0.00625,720575940619245016,later,180.0,1000.0,0.0,0.0,0.0,0.0,0.0
baseline,0.00625,720575940619245016,pre_first_20ms,102.7,122.7,0.0,0.0,0.0,0.0,0.0
baseline,0.00625,720575940631097462,early,0.0,180.0,14.190000000000001,-6.336,14.190000000000001,-6.336,0.0
baseline,0.00625,720575940631097462,later,180.0,1000.0,49.5,-5.808000000000001,49.5,-5.808000000000001,0.0
baseline,0.00625,720575940631097462,pre_first_20ms,102.8,122.8,0.0,0.0,0.0,0.0,0.0
baseline,0.00625,720575940621589887,early,0.0,180.0,17.16,-0.528,17.16,-0.528,0.0
baseline,0.00625,720575940621589887,later,180.0,1000.0,60.059999999999995,-1.848,60.059999999999995,-1.848,0.0
baseline,0.00625,720575940621589887,pre_first_20ms,103.15,123.15,0.0,0.0,0.0,0.0,0.0
baseline,0.00625,720575940615166111,early,0.0,180.0,14.520000000000001,0.0,14.520000000000001,0.0,0.0
baseline,0.00625,720575940615166111,later,180.0,1000.0,50.82,0.0,50.82,0.0,0.0
baseline,0.00625,720575940615166111,pre_first_20ms,103.375,123.375,0.0,0.0,0.0,0.0,0.0
baseline,0.00625,720575940631058280,early,0.0,180.0,77.22,-20.856,77.22,-20.856,0.0
baseline,0.00625,720575940631058280,later,180.0,1000.0,270.27000000000004,-71.27999999999999,270.27000000000004,-71.27999999999999,0.0
baseline,0.00625,720575940631058280,pre_first_20ms,103.375,123.375,0.0,0.0,0.0,0.0,0.0
baseline,0.00625,720575940624742158,early,0.0,180.0,0.66,-1.848,0.66,-1.848,0.0
baseline,0.00625,720575940624742158,later,180.0,1000.0,2.31,0.0,2.31,0.0,0.0
baseline,0.00625,720575940624742158,pre_first_20ms,103.45,123.45,0.0,0.0,0.0,0.0,0.0
baseline,0.00625,720575940623067389,early,0.0,180.0,59.400000000000006,-11.088000000000001,59.400000000000006,-11.088000000000001,0.0
baseline,0.00625,720575940623067389,later,180.0,1000.0,207.89999999999998,-36.960000000000015,207.89999999999998,-36.960000000000015,0.0
baseline,0.00625,720575940623067389,pre_first_20ms,103.51250000000002,123.51250000000002,0.0,0.0,0.0,0.0,0.0
baseline,0.00625,720575940639373683,early,0.0,180.0,39.599999999999994,-6.864000000000001,39.599999999999994,-6.864000000000001,0.0
baseline,0.00625,720575940639373683,later,180.0,1000.0,138.59999999999997,-20.328000000000007,138.59999999999997,-20.328000000000007,0.0
baseline,0.00625,720575940639373683,pre_first_20ms,103.51250000000002,123.51250000000002,0.0,0.0,0.0,0.0,0.0
baseline,0.00625,720575940627706645,early,0.0,180.0,30.36,0.0,30.36,0.0,0.0
baseline,0.00625,720575940627706645,later,180.0,1000.0,106.26000000000002,0.0,106.26000000000002,0.0,0.0
baseline,0.00625,720575940627706645,pre_first_20ms,103.6125,123.6125,0.0,0.0,0.0,0.0,0.0
baseline,0.00625,720575940612922226,early,0.0,180.0,52.14,-4.752000000000001,52.14,-4.752000000000001,0.0
baseline,0.00625,720575940612922226,later,180.0,1000.0,182.48999999999998,-16.632000000000005,182.48999999999998,-16.632000000000005,0.0
baseline,0.00625,720575940612922226,pre_first_20ms,103.65,123.65,0.0,0.0,0.0,0.0,0.0
baseline,0.00625,720575940643476128,early,0.0,180.0,0.0,0.0,0.0,0.0,0.0
baseline,0.00625,720575940643476128,later,180.0,1000.0,0.0,-1.32,0.0,-1.32,0.0
baseline,0.00625,720575940643476128,pre_first_20ms,104.26250000000002,124.26250000000002,0.0,0.0,0.0,0.0,0.0
baseline,0.00625,720575940615953202,early,0.0,180.0,3.96,0.0,3.96,0.0,0.0
baseline,0.00625,720575940615953202,later,180.0,1000.0,13.860000000000001,0.0,13.860000000000001,0.0,0.0
baseline,0.00625,720575940615953202,pre_first_20ms,104.3625,124.3625,0.0,0.0,0.0,0.0,0.0
baseline,0.00625,720575940619754699,early,0.0,180.0,0.0,0.0,0.0,0.0,0.0
baseline,0.00625,720575940619754699,later,180.0,1000.0,0.0,0.0,0.0,0.0,0.0
baseline,0.00625,720575940619754699,pre_first_20ms,104.8625,124.8625,0.0,0.0,0.0,0.0,0.0
baseline,0.00625,720575940626010042,early,0.0,180.0,60.06,-18.744,60.06,-18.744,0.0
baseline,0.00625,720575940626010042,later,180.0,1000.0,210.21,-66.26400000000002,210.21,-66.26400000000002,0.0
baseline,0.00625,720575940626010042,pre_first_20ms,104.9375,124.9375,0.0,0.0,0.0,0.0,0.0
baseline,0.00625,720575940630539535,early,0.0,180.0,5.9399999999999995,-2.6400000000000006,5.9399999999999995,-2.6400000000000006,0.0
baseline,0.00625,720575940630539535,later,180.0,1000.0,21.119999999999997,-9.768000000000002,21.119999999999997,-9.768000000000002,0.0
baseline,0.00625,720575940630539535,pre_first_20ms,104.975,124.975,0.0,0.0,0.0,0.0,0.0
baseline,0.00625,720575940623067686,early,0.0,180.0,2.64,-0.528,2.64,-0.528,0.0
baseline,0.00625,720575940623067686,later,180.0,1000.0,9.9,-1.848,9.9,-1.848,0.0
baseline,0.00625,720575940623067686,pre_first_20ms,104.9875,124.9875,0.33,0.0,0.33,0.0,0.0
baseline,0.00625,720575940645864739,early,0.0,180.0,0.0,0.0,0.0,0.0,0.0
baseline,0.00625,720575940645864739,later,180.0,1000.0,0.0,0.0,0.0,0.0,0.0
baseline,0.00625,720575940645864739,pre_first_20ms,105.0625,125.0625,0.0,0.0,0.0,0.0,0.0
baseline,0.00625,720575940633156377,early,0.0,180.0,0.66,-0.528,0.66,-0.528,0.0
baseline,0.00625,720575940633156377,later,180.0,1000.0,2.31,-1.848,2.31,-1.848,0.0
baseline,0.00625,720575940633156377,pre_first_20ms,105.175,125.175,0.0,0.0,0.0,0.0,0.0
baseline,0.00625,720575940624426940,early,0.0,180.0,37.620000000000005,-15.576,37.620000000000005,-15.576,0.0
baseline,0.00625,720575940624426940,later,180.0,1000.0,131.67,-54.12,131.67,-54.12,0.0
baseline,0.00625,720575940624426940,pre_first_20ms,105.3,125.3,0.0,0.0,0.0,0.0,0.0
baseline,0.00625,720575940625203277,early,0.0,180.0,34.650000000000006,-8.448,34.650000000000006,-8.448,0.0
baseline,0.00625,720575940625203277,later,180.0,1000.0,129.69,-29.832,129.69,-29.832,0.0
baseline,0.00625,720575940625203277,pre_first_20ms,105.3125,125.3125,1.32,0.0,1.32,0.0,0.0
baseline,0.00625,720575940624681520,early,0.0,180.0,0.0,-0.528,0.0,-0.528,0.0
baseline,0.00625,720575940624681520,later,180.0,1000.0,0.0,-1.848,0.0,-1.848,0.0
baseline,0.00625,720575940624681520,pre_first_20ms,105.7125,125.7125,0.0,0.0,0.0,0.0,0.0
baseline,0.00625,720575940630968680,early,0.0,180.0,33.0,-21.384,33.0,-21.384,0.0
baseline,0.00625,720575940630968680,later,180.0,1000.0,115.5,-74.44800000000001,115.5,-74.44800000000001,0.0
baseline,0.00625,720575940630968680,pre_first_20ms,105.83750000000002,125.83750000000002,0.0,0.0,0.0,0.0,0.0
baseline,0.00625,720575940630939855,early,0.0,180.0,0.66,0.0,0.66,0.0,0.0
baseline,0.00625,720575940630939855,later,180.0,1000.0,2.31,0.0,2.31,0.0,0.0
baseline,0.00625,720575940630939855,pre_first_20ms,106.275,126.275,0.0,0.0,0.0,0.0,0.0
baseline,0.00625,720575940627692565,early,0.0,180.0,0.0,0.0,0.0,0.0,0.0
baseline,0.00625,720575940627692565,later,180.0,1000.0,0.0,0.0,0.0,0.0,0.0
baseline,0.00625,720575940627692565,pre_first_20ms,106.35000000000002,126.35000000000002,0.0,0.0,0.0,0.0,0.0
baseline,0.00625,720575940630020345,early,0.0,180.0,36.3,-22.44,36.3,-22.44,0.0
baseline,0.00625,720575940630020345,later,180.0,1000.0,128.36999999999998,-78.672,128.36999999999998,-78.672,0.0
baseline,0.00625,720575940630020345,pre_first_20ms,106.35000000000002,126.35000000000002,0.33,0.0,0.33,0.0,0.0
baseline,0.00625,720575940620321670,early,0.0,180.0,0.0,0.0,0.0,0.0,0.0
baseline,0.00625,720575940620321670,later,180.0,1000.0,0.0,0.0,0.0,0.0,0.0
baseline,0.00625,720575940620321670,pre_first_20ms,106.38750000000002,126.38750000000002,0.0,0.0,0.0,0.0,0.0
baseline,0.00625,720575940618263365,early,0.0,180.0,3.3,-2.3760000000000003,3.3,-2.3760000000000003,0.0
baseline,0.00625,720575940618263365,later,180.0,1000.0,11.55,-1.32,11.55,-1.32,0.0
baseline,0.00625,720575940618263365,pre_first_20ms,106.4375,126.4375,0.0,0.0,0.0,0.0,0.0
baseline,0.00625,720575940622446085,early,0.0,180.0,0.0,-5.808000000000002,0.0,-5.808000000000002,0.0
baseline,0.00625,720575940622446085,later,180.0,1000.0,0.0,-12.672000000000002,0.0,-12.672000000000002,0.0
baseline,0.00625,720575940622446085,pre_first_20ms,106.45,126.45,0.0,0.0,0.0,0.0,0.0
baseline,0.00625,720575940629911503,early,0.0,180.0,0.0,0.0,0.0,0.0,0.0
baseline,0.00625,720575940629911503,later,180.0,1000.0,0.33,0.0,0.33,0.0,0.0
baseline,0.00625,720575940629911503,pre_first_20ms,106.5,126.5,0.0,0.0,0.0,0.0,0.0
baseline,0.00625,720575940620252075,early,0.0,180.0,0.0,0.0,0.0,0.0,0.0
baseline,0.00625,720575940620252075,later,180.0,1000.0,0.0,0.0,0.0,0.0,0.0
baseline,0.00625,720575940620252075,pre_first_20ms,106.65,126.65,0.0,0.0,0.0,0.0,0.0
baseline,0.00625,720575940622203350,early,0.0,180.0,2.64,0.0,2.64,0.0,0.0
baseline,0.00625,720575940622203350,later,180.0,1000.0,9.24,0.0,9.24,0.0,0.0
baseline,0.00625,720575940622203350,pre_first_20ms,106.825,126.825,0.0,0.0,0.0,0.0,0.0
baseline,0.00625,720575940619077255,early,0.0,180.0,1.32,0.0,1.32,0.0,0.0
baseline,0.00625,720575940619077255,later,180.0,1000.0,4.62,0.0,4.62,0.0,0.0
baseline,0.00625,720575940619077255,pre_first_20ms,106.9125,126.9125,0.0,0.0,0.0,0.0,0.0
baseline,0.00625,720575940619709899,early,0.0,180.0,0.0,0.0,0.0,0.0,0.0
baseline,0.00625,720575940619709899,later,180.0,1000.0,0.0,0.0,0.0,0.0,0.0
baseline,0.00625,720575940619709899,pre_first_20ms,107.0375,127.0375,0.0,0.0,0.0,0.0,0.0
baseline,0.00625,720575940616370065,early,0.0,180.0,8.58,-1.848,8.58,-1.848,0.0
baseline,0.00625,720575940616370065,later,180.0,1000.0,30.029999999999998,-3.960000000000001,30.029999999999998,-3.960000000000001,0.0
baseline,0.00625,720575940616370065,pre_first_20ms,107.175,127.175,0.0,0.0,0.0,0.0,0.0
baseline,0.00625,720575940625032171,early,0.0,180.0,2.64,-1.584,2.64,-1.584,0.0
baseline,0.00625,720575940625032171,later,180.0,1000.0,9.24,-2.112,9.24,-2.112,0.0
baseline,0.00625,720575940625032171,pre_first_20ms,107.2375,127.2375,0.0,0.0,0.0,0.0,0.0
baseline,0.00625,720575940605007206,early,0.0,180.0,0.0,0.0,0.0,0.0,0.0
baseline,0.00625,720575940605007206,later,180.0,1000.0,0.0,0.0,0.0,0.0,0.0
baseline,0.00625,720575940605007206,pre_first_20ms,107.5125,127.5125,0.0,0.0,0.0,0.0,0.0
baseline,0.00625,720575940621905185,early,0.0,180.0,0.0,-0.528,0.0,-0.528,0.0
baseline,0.00625,720575940621905185,later,180.0,1000.0,0.0,0.0,0.0,0.0,0.0
baseline,0.00625,720575940621905185,pre_first_20ms,107.525,127.525,0.0,0.0,0.0,0.0,0.0
baseline,0.00625,720575940621921285,early,0.0,180.0,19.8,0.0,19.8,0.0,0.0
baseline,0.00625,720575940621921285,later,180.0,1000.0,69.63,0.0,69.63,0.0,0.0
baseline,0.00625,720575940621921285,pre_first_20ms,107.575,127.575,0.0,0.0,0.0,0.0,0.0
baseline,0.00625,720575940645676579,early,0.0,180.0,16.5,-3.168,16.5,-3.168,0.0
baseline,0.00625,720575940645676579,later,180.0,1000.0,57.75,0.0,57.75,0.0,0.0
baseline,0.00625,720575940645676579,pre_first_20ms,107.775,127.775,0.0,0.0,0.0,0.0,0.0
baseline,0.00625,720575940607667723,early,0.0,180.0,0.0,-12.408,0.0,-12.408,0.0
baseline,0.00625,720575940607667723,later,180.0,1000.0,0.0,-47.78399999999999,0.0,-47.78399999999999,0.0
baseline,0.00625,720575940607667723,pre_first_20ms,107.875,127.875,0.0,0.0,0.0,0.0,0.0
baseline,0.00625,720575940614684822,early,0.0,180.0,0.66,-2.904000000000001,0.66,-2.904000000000001,0.0
baseline,0.00625,720575940614684822,later,180.0,1000.0,2.31,-4.224000000000001,2.31,-4.224000000000001,0.0
baseline,0.00625,720575940614684822,pre_first_20ms,107.88750000000002,127.88750000000002,0.0,-0.264,0.0,-0.264,0.0
baseline,0.00625,720575940628342171,early,0.0,180.0,0.0,0.0,0.0,0.0,0.0
baseline,0.00625,720575940628342171,later,180.0,1000.0,0.0,0.0,0.0,0.0,0.0
baseline,0.00625,720575940628342171,pre_first_20ms,107.9125,127.9125,0.0,0.0,0.0,0.0,0.0
baseline,0.00625,720575940621038294,early,0.0,180.0,1.32,-1.5840000000000003,1.32,-1.5840000000000003,0.0
baseline,0.00625,720575940621038294,later,180.0,1000.0,4.62,-5.5440000000000005,4.62,-5.5440000000000005,0.0
baseline,0.00625,720575940621038294,pre_first_20ms,108.0,128.0,0.0,0.0,0.0,0.0,0.0
baseline,0.00625,720575940620464321,early,0.0,180.0,7.92,0.0,7.92,0.0,0.0
baseline,0.00625,720575940620464321,later,180.0,1000.0,28.379999999999992,0.0,28.379999999999992,0.0,0.0
baseline,0.00625,720575940620464321,pre_first_20ms,108.0625,128.0625,0.33,0.0,0.33,0.0,0.0
baseline,0.00625,720575940632059193,early,0.0,180.0,0.0,0.0,0.0,0.0,0.0
baseline,0.00625,720575940632059193,later,180.0,1000.0,0.0,0.0,0.0,0.0,0.0
baseline,0.00625,720575940632059193,pre_first_20ms,108.16250000000002,128.16250000000002,0.0,0.0,0.0,0.0,0.0
baseline,0.00625,720575940646735156,early,0.0,180.0,10.89,-2.112,10.89,-2.112,0.0
baseline,0.00625,720575940646735156,later,180.0,1000.0,41.58,-7.392,41.58,-7.392,0.0
baseline,0.00625,720575940646735156,pre_first_20ms,108.20000000000002,128.20000000000002,1.32,0.0,1.32,0.0,0.0
baseline,0.00625,720575940633062335,early,0.0,180.0,1.32,-1.584,1.32,-1.584,0.0
baseline,0.00625,720575940633062335,later,180.0,1000.0,4.62,-2.112,4.62,-2.112,0.0
baseline,0.00625,720575940633062335,pre_first_20ms,108.3375,128.3375,0.0,0.0,0.0,0.0,0.0
baseline,0.00625,720575940643882184,early,0.0,180.0,4.62,0.0,4.62,0.0,0.0
baseline,0.00625,720575940643882184,later,180.0,1000.0,16.17,0.0,16.17,0.0,0.0
baseline,0.00625,720575940643882184,pre_first_20ms,108.4625,128.4625,0.0,0.0,0.0,0.0,0.0
baseline,0.00625,720575940639505792,early,0.0,180.0,0.0,0.0,0.0,0.0,0.0
baseline,0.00625,720575940639505792,later,180.0,1000.0,0.0,0.0,0.0,0.0,0.0
baseline,0.00625,720575940639505792,pre_first_20ms,108.5375,128.5375,0.0,0.0,0.0,0.0,0.0
baseline,0.00625,720575940605028017,early,0.0,180.0,60.06,-4.488,60.06,-4.488,0.0
baseline,0.00625,720575940605028017,later,180.0,1000.0,214.49999999999997,-16.896000000000004,214.49999999999997,-16.896000000000004,0.0
baseline,0.00625,720575940605028017,pre_first_20ms,108.6875,128.6875,0.0,-1.056,0.0,-1.056,0.0
baseline,0.00625,720575940631865228,early,0.0,180.0,82.83,-39.864000000000004,82.83,-39.864000000000004,0.0
baseline,0.00625,720575940631865228,later,180.0,1000.0,326.04,-157.60800000000006,326.04,-157.60800000000006,0.0
baseline,0.00625,720575940631865228,pre_first_20ms,108.725,128.725,0.33,-4.224,0.33,-4.224,0.0
baseline,0.00625,720575940624230122,early,0.0,180.0,0.0,-4.224000000000001,0.0,-4.224000000000001,0.0
baseline,0.00625,720575940624230122,later,180.0,1000.0,0.0,-5.5440000000000005,0.0,-5.5440000000000005,0.0
baseline,0.00625,720575940624230122,pre_first_20ms,108.75,128.75,0.0,0.0,0.0,0.0,0.0
baseline,0.00625,720575940613463471,early,0.0,180.0,0.0,-0.7920000000000001,0.0,-0.7920000000000001,0.0
baseline,0.00625,720575940613463471,later,180.0,1000.0,0.0,-3.168,0.0,-3.168,0.0
baseline,0.00625,720575940613463471,pre_first_20ms,108.85,128.85,0.0,0.0,0.0,0.0,0.0
baseline,0.00625,720575940626979965,early,0.0,180.0,5.94,0.0,5.94,0.0,0.0
baseline,0.00625,720575940626979965,later,180.0,1000.0,24.09,0.0,24.09,0.0,0.0
baseline,0.00625,720575940626979965,pre_first_20ms,109.01249999999999,129.0125,1.32,0.0,1.32,0.0,0.0
baseline,0.00625,720575940638677411,early,0.0,180.0,29.040000000000003,-14.256,29.040000000000003,-14.256,0.0
baseline,0.00625,720575940638677411,later,180.0,1000.0,115.49999999999999,-63.35999999999999,115.49999999999999,-63.35999999999999,0.0
baseline,0.00625,720575940638677411,pre_first_20ms,109.12500000000003,129.12500000000003,2.97,-0.528,2.97,-0.528,0.0
baseline,0.00625,720575940618405848,early,0.0,180.0,3.96,-1.8480000000000003,3.96,-1.8480000000000003,0.0
baseline,0.00625,720575940618405848,later,180.0,1000.0,14.520000000000001,-5.808000000000002,14.520000000000001,-5.808000000000002,0.0
baseline,0.00625,720575940618405848,pre_first_20ms,109.26249999999999,129.2625,0.0,0.0,0.0,0.0,0.0
baseline,0.00625,720575940626650890,early,0.0,180.0,0.0,-18.216,0.0,-18.216,0.0
baseline,0.00625,720575940626650890,later,180.0,1000.0,0.0,-82.36800000000004,0.0,-82.36800000000004,0.0
baseline,0.00625,720575940626650890,pre_first_20ms,109.4,129.4,0.0,0.0,0.0,0.0,0.0
baseline,0.00625,720575940619766219,early,0.0,180.0,0.0,0.0,0.0,0.0,0.0
baseline,0.00625,720575940619766219,later,180.0,1000.0,0.0,0.0,0.0,0.0,0.0
baseline,0.00625,720575940619766219,pre_first_20ms,109.475,129.475,0.0,0.0,0.0,0.0,0.0
baseline,0.00625,720575940614702754,early,0.0,180.0,0.0,0.0,0.0,0.0,0.0
baseline,0.00625,720575940614702754,later,180.0,1000.0,0.0,0.0,0.0,0.0,0.0
baseline,0.00625,720575940614702754,pre_first_20ms,109.51249999999999,129.5125,0.0,0.0,0.0,0.0,0.0
baseline,0.00625,720575940620001958,early,0.0,180.0,2.64,-0.528,2.64,-0.528,0.0
baseline,0.00625,720575940620001958,later,180.0,1000.0,9.57,-1.848,9.57,-1.848,0.0
baseline,0.00625,720575940620001958,pre_first_20ms,109.63750000000002,129.63750000000002,0.0,0.0,0.0,0.0,0.0
baseline,0.00625,720575940621833054,early,0.0,180.0,4.62,0.0,4.62,0.0,0.0
baseline,0.00625,720575940621833054,later,180.0,1000.0,16.17,0.0,16.17,0.0,0.0
baseline,0.00625,720575940621833054,pre_first_20ms,109.73750000000001,129.7375,0.0,0.0,0.0,0.0,0.0
baseline,0.00625,720575940613792296,early,0.0,180.0,0.0,0.0,0.0,0.0,0.0
baseline,0.00625,720575940613792296,later,180.0,1000.0,0.0,0.0,0.0,0.0,0.0
baseline,0.00625,720575940613792296,pre_first_20ms,109.7875,129.7875,0.0,0.0,0.0,0.0,0.0
baseline,0.00625,720575940621457690,early,0.0,180.0,0.66,-1.056,0.66,-1.056,0.0
baseline,0.00625,720575940621457690,later,180.0,1000.0,2.97,-3.168,2.97,-3.168,0.0
baseline,0.00625,720575940621457690,pre_first_20ms,109.82499999999999,129.825,0.33,0.0,0.33,0.0,0.0
baseline,0.00625,720575940625559908,early,0.0,180.0,3.3,-3.4320000000000004,3.3,-3.4320000000000004,0.0
baseline,0.00625,720575940625559908,later,180.0,1000.0,11.55,-11.88,11.55,-11.88,0.0
baseline,0.00625,720575940625559908,pre_first_20ms,109.8375,129.8375,0.0,0.0,0.0,0.0,0.0
baseline,0.00625,720575940627946512,early,0.0,180.0,95.03999999999999,-75.24000000000001,95.03999999999999,-75.24000000000001,0.0
baseline,0.00625,720575940627946512,later,180.0,1000.0,332.63999999999993,-262.944,332.63999999999993,-262.944,0.0
baseline,0.00625,720575940627946512,pre_first_20ms,109.88750000000002,129.88750000000002,0.0,0.0,0.0,0.0,0.0
baseline,0.00625,720575940613163473,early,0.0,180.0,0.0,-5.808,0.0,-5.808,0.0
baseline,0.00625,720575940613163473,later,180.0,1000.0,0.0,-14.520000000000001,0.0,-14.520000000000001,0.0
baseline,0.00625,720575940613163473,pre_first_20ms,110.13750000000002,130.13750000000002,0.0,0.0,0.0,0.0,0.0
baseline,0.00625,720575940627619057,early,0.0,180.0,0.0,0.0,0.0,0.0,0.0
baseline,0.00625,720575940627619057,later,180.0,1000.0,0.0,0.0,0.0,0.0,0.0
baseline,0.00625,720575940627619057,pre_first_20ms,110.16250000000002,130.16250000000002,0.0,0.0,0.0,0.0,0.0
baseline,0.00625,720575940634172267,early,0.0,180.0,17.16,-7.392,17.16,-7.392,0.0
baseline,0.00625,720575940634172267,later,180.0,1000.0,61.379999999999995,-31.152000000000005,61.379999999999995,-31.152000000000005,0.0
baseline,0.00625,720575940634172267,pre_first_20ms,110.1875,130.1875,0.0,-1.056,0.0,-1.056,0.0
baseline,0.00625,720575940623356651,early,0.0,180.0,0.0,0.0,0.0,0.0,0.0
baseline,0.00625,720575940623356651,later,180.0,1000.0,0.0,0.0,0.0,0.0,0.0
baseline,0.00625,720575940623356651,pre_first_20ms,110.38750000000002,130.38750000000002,0.0,0.0,0.0,0.0,0.0
baseline,0.00625,720575940616762585,early,0.0,180.0,0.0,0.0,0.0,0.0,0.0
baseline,0.00625,720575940616762585,later,180.0,1000.0,0.0,-0.264,0.0,-0.264,0.0
baseline,0.00625,720575940616762585,pre_first_20ms,110.525,130.525,0.0,0.0,0.0,0.0,0.0
baseline,0.00625,720575940627849515,early,0.0,180.0,45.540000000000006,-1.584,45.540000000000006,-1.584,0.0
baseline,0.00625,720575940627849515,later,180.0,1000.0,159.39000000000004,-3.696,159.39000000000004,-3.696,0.0
baseline,0.00625,720575940627849515,pre_first_20ms,110.525,130.525,0.0,0.0,0.0,0.0,0.0
baseline,0.00625,720575940635404724,early,0.0,180.0,6.93,-1.848,6.93,-1.848,0.0
baseline,0.00625,720575940635404724,later,180.0,1000.0,24.75,-3.9600000000000004,24.75,-3.9600000000000004,0.0
baseline,0.00625,720575940635404724,pre_first_20ms,110.61249999999998,130.61249999999998,0.0,0.0,0.0,0.0,0.0
baseline,0.00625,720575940626425682,early,0.0,180.0,21.12,-0.792,21.12,-0.792,0.0
baseline,0.00625,720575940626425682,later,180.0,1000.0,74.91,-1.056,74.91,-1.056,0.0
baseline,0.00625,720575940626425682,pre_first_20ms,110.66250000000002,130.66250000000002,0.33,0.0,0.33,0.0,0.0
baseline,0.00625,720575940626703497,early,0.0,180.0,16.17,-2.64,16.17,-2.64,0.0
baseline,0.00625,720575940626703497,later,180.0,1000.0,60.39,-5.808000000000002,60.39,-5.808000000000002,0.0
baseline,0.00625,720575940626703497,pre_first_20ms,110.6875,130.6875,0.99,0.0,0.99,0.0,0.0
baseline,0.00625,720575940623847728,early,0.0,180.0,0.0,-1.056,0.0,-1.056,0.0
baseline,0.00625,720575940623847728,later,180.0,1000.0,0.0,-3.696,0.0,-3.696,0.0
baseline,0.00625,720575940623847728,pre_first_20ms,110.73750000000001,130.7375,0.0,0.0,0.0,0.0,0.0
baseline,0.00625,720575940629225463,early,0.0,180.0,0.0,0.0,0.0,0.0,0.0
baseline,0.00625,720575940629225463,later,180.0,1000.0,4.29,-3.9600000000000017,4.29,-3.9600000000000017,0.0
baseline,0.00625,720575940629225463,pre_first_20ms,110.80000000000001,130.8,0.0,0.0,0.0,0.0,0.0
baseline,0.00625,720575940635397556,early,0.0,180.0,18.48,-17.16,18.48,-17.16,0.0
baseline,0.00625,720575940635397556,later,180.0,1000.0,64.68,-59.136,64.68,-59.136,0.0
baseline,0.00625,720575940635397556,pre_first_20ms,110.82499999999999,130.825,0.0,0.0,0.0,0.0,0.0
baseline,0.00625,720575940622971283,early,0.0,180.0,0.0,0.0,0.0,0.0,0.0
baseline,0.00625,720575940622971283,later,180.0,1000.0,0.0,-0.264,0.0,-0.264,0.0
baseline,0.00625,720575940622971283,pre_first_20ms,110.87500000000003,130.87500000000003,0.0,0.0,0.0,0.0,0.0
baseline,0.00625,720575940622999688,early,0.0,180.0,0.0,0.0,0.0,0.0,0.0
baseline,0.00625,720575940622999688,later,180.0,1000.0,0.0,0.0,0.0,0.0,0.0
baseline,0.00625,720575940622999688,pre_first_20ms,111.0375,131.0375,0.0,0.0,0.0,0.0,0.0
baseline,0.00625,720575940610205282,early,0.0,180.0,7.260000000000001,0.0,7.260000000000001,0.0,0.0
baseline,0.00625,720575940610205282,later,180.0,1000.0,25.41,0.0,25.41,0.0,0.0
baseline,0.00625,720575940610205282,pre_first_20ms,111.20000000000002,131.20000000000002,0.0,0.0,0.0,0.0,0.0
baseline,0.00625,720575940622446341,early,0.0,180.0,0.0,-6.072000000000001,0.0,-6.072000000000001,0.0
baseline,0.00625,720575940622446341,later,180.0,1000.0,0.0,-12.672000000000002,0.0,-12.672000000000002,0.0
baseline,0.00625,720575940622446341,pre_first_20ms,111.26250000000002,131.26250000000002,0.0,0.0,0.0,0.0,0.0
baseline,0.00625,720575940628210887,early,0.0,180.0,12.540000000000001,0.0,12.540000000000001,0.0,0.0
baseline,0.00625,720575940628210887,later,180.0,1000.0,43.559999999999995,0.0,43.559999999999995,0.0,0.0
baseline,0.00625,720575940628210887,pre_first_20ms,111.26250000000002,131.26250000000002,0.0,0.0,0.0,0.0,0.0
baseline,0.00625,720575940613303471,early,0.0,180.0,0.0,-5.280000000000001,0.0,-5.280000000000001,0.0
baseline,0.00625,720575940613303471,later,180.0,1000.0,0.0,-18.480000000000004,0.0,-18.480000000000004,0.0
baseline,0.00625,720575940613303471,pre_first_20ms,111.30000000000001,131.3,0.0,0.0,0.0,0.0,0.0
baseline,0.00625,720575940657580417,early,0.0,180.0,0.0,0.0,0.0,0.0,0.0
baseline,0.00625,720575940657580417,later,180.0,1000.0,0.0,0.0,0.0,0.0,0.0
baseline,0.00625,720575940657580417,pre_first_20ms,111.4,131.4,0.0,0.0,0.0,0.0,0.0
baseline,0.00625,720575940617841437,early,0.0,180.0,17.82,-2.6400000000000006,17.82,-2.6400000000000006,0.0
baseline,0.00625,720575940617841437,later,180.0,1000.0,62.36999999999999,-1.848,62.36999999999999,-1.848,0.0
baseline,0.00625,720575940617841437,pre_first_20ms,111.5,131.5,0.0,0.0,0.0,0.0,0.0
baseline,0.00625,720575940638379598,early,0.0,180.0,14.850000000000001,-3.4320000000000004,14.850000000000001,-3.4320000000000004,0.0
baseline,0.00625,720575940638379598,later,180.0,1000.0,49.17,-10.296000000000003,49.17,-10.296000000000003,0.0
baseline,0.00625,720575940638379598,pre_first_20ms,111.525,131.525,0.0,0.0,0.0,0.0,0.0
baseline,0.00625,720575940619773505,early,0.0,180.0,3.96,-3.6960000000000006,3.96,-3.6960000000000006,0.0
baseline,0.00625,720575940619773505,later,180.0,1000.0,13.860000000000001,-13.200000000000003,13.860000000000001,-13.200000000000003,0.0
baseline,0.00625,720575940619773505,pre_first_20ms,111.67500000000001,131.675,0.0,0.0,0.0,0.0,0.0
baseline,0.00625,720575940626778008,early,0.0,180.0,1.98,0.0,1.98,0.0,0.0
baseline,0.00625,720575940626778008,later,180.0,1000.0,6.930000000000001,0.0,6.930000000000001,0.0,0.0
baseline,0.00625,720575940626778008,pre_first_20ms,111.67500000000001,131.675,0.0,0.0,0.0,0.0,0.0
baseline,0.00625,720575940615042246,early,0.0,180.0,7.92,0.0,7.92,0.0,0.0
baseline,0.00625,720575940615042246,later,180.0,1000.0,28.709999999999997,-3.1680000000000006,28.709999999999997,-3.1680000000000006,0.0
baseline,0.00625,720575940615042246,pre_first_20ms,111.70000000000002,131.70000000000002,0.0,0.0,0.0,0.0,0.0
baseline,0.00625,720575940617825949,early,0.0,180.0,1.32,0.0,1.32,0.0,0.0
baseline,0.00625,720575940617825949,later,180.0,1000.0,4.62,0.0,4.62,0.0,0.0
baseline,0.00625,720575940617825949,pre_first_20ms,111.87500000000003,131.87500000000003,0.0,0.0,0.0,0.0,0.0
baseline,0.00625,720575940610506542,early,0.0,180.0,0.0,0.0,0.0,0.0,0.0
baseline,0.00625,720575940610506542,later,180.0,1000.0,0.0,0.0,0.0,0.0,0.0
baseline,0.00625,720575940610506542,pre_first_20ms,111.9375,131.9375,0.0,0.0,0.0,0.0,0.0
baseline,0.00625,720575940612734066,early,0.0,180.0,9.24,0.0,9.24,0.0,0.0
baseline,0.00625,720575940612734066,later,180.0,1000.0,41.58,0.0,41.58,0.0,0.0
baseline,0.00625,720575940612734066,pre_first_20ms,111.95000000000002,131.95000000000002,4.62,0.0,4.62,0.0,0.0
baseline,0.00625,720575940613981905,early,0.0,180.0,25.410000000000004,-0.792,25.410000000000004,-0.792,0.0
baseline,0.00625,720575940613981905,later,180.0,1000.0,88.11000000000001,-1.848,88.11000000000001,-1.848,0.0
baseline,0.00625,720575940613981905,pre_first_20ms,111.95000000000002,131.95000000000002,0.0,0.0,0.0,0.0,0.0
baseline,0.00625,720575940629908540,early,0.0,180.0,0.0,0.0,0.0,0.0,0.0
baseline,0.00625,720575940629908540,later,180.0,1000.0,0.0,0.0,0.0,0.0,0.0
baseline,0.00625,720575940629908540,pre_first_20ms,112.0,132.0,0.0,0.0,0.0,0.0,0.0
baseline,0.00625,720575940617306717,early,0.0,180.0,2.64,-0.264,2.64,-0.264,0.0
baseline,0.00625,720575940617306717,later,180.0,1000.0,9.24,-0.792,9.24,-0.792,0.0
baseline,0.00625,720575940617306717,pre_first_20ms,112.01250000000002,132.01250000000002,0.0,0.0,0.0,0.0,0.0
baseline,0.00625,720575940619863125,early,0.0,180.0,0.0,0.0,0.0,0.0,0.0
baseline,0.00625,720575940619863125,later,180.0,1000.0,0.0,0.0,0.0,0.0,0.0
baseline,0.00625,720575940619863125,pre_first_20ms,112.025,132.025,0.0,0.0,0.0,0.0,0.0
baseline,0.00625,720575940616702465,early,0.0,180.0,1.98,0.0,1.98,0.0,0.0
baseline,0.00625,720575940616702465,later,180.0,1000.0,6.930000000000001,0.0,6.930000000000001,0.0,0.0
baseline,0.00625,720575940616702465,pre_first_20ms,112.07499999999999,132.075,0.0,0.0,0.0,0.0,0.0
baseline,0.00625,720575940617649954,early,0.0,180.0,0.0,0.0,0.0,0.0,0.0
baseline,0.00625,720575940617649954,later,180.0,1000.0,0.0,0.0,0.0,0.0,0.0
baseline,0.00625,720575940617649954,pre_first_20ms,112.30000000000001,132.3,0.0,0.0,0.0,0.0,0.0
baseline,0.00625,720575940620904614,early,0.0,180.0,0.66,0.0,0.66,0.0,0.0
baseline,0.00625,720575940620904614,later,180.0,1000.0,2.31,0.0,2.31,0.0,0.0
baseline,0.00625,720575940620904614,pre_first_20ms,112.47500000000002,132.47500000000002,0.0,0.0,0.0,0.0,0.0
baseline,0.00625,720575940614376615,early,0.0,180.0,2.64,-0.528,2.64,-0.528,0.0
baseline,0.00625,720575940614376615,later,180.0,1000.0,9.24,-1.848,9.24,-1.848,0.0
baseline,0.00625,720575940614376615,pre_first_20ms,112.625,132.625,0.0,0.0,0.0,0.0,0.0
baseline,0.00625,720575940631561676,early,0.0,180.0,40.92,-25.872000000000003,40.92,-25.872000000000003,0.0
baseline,0.00625,720575940631561676,later,180.0,1000.0,143.22000000000003,-90.55200000000002,143.22000000000003,-90.55200000000002,0.0
baseline,0.00625,720575940631561676,pre_first_20ms,112.625,132.625,0.0,0.0,0.0,0.0,0.0
baseline,0.00625,720575940631937042,early,0.0,180.0,2.64,0.0,2.64,0.0,0.0
baseline,0.00625,720575940631937042,later,180.0,1000.0,9.24,0.0,9.24,0.0,0.0
baseline,0.00625,720575940631937042,pre_first_20ms,112.70000000000002,132.70000000000002,0.0,0.0,0.0,0.0,0.0
baseline,0.00625,720575940626003130,early,0.0,180.0,16.5,-4.224,16.5,-4.224,0.0
baseline,0.00625,720575940626003130,later,180.0,1000.0,57.75,-14.784,57.75,-14.784,0.0
baseline,0.00625,720575940626003130,pre_first_20ms,112.73750000000001,132.7375,0.0,0.0,0.0,0.0,0.0
baseline,0.00625,720575940629560770,early,0.0,180.0,23.759999999999998,-80.784,23.759999999999998,-80.784,0.0
baseline,0.00625,720575940629560770,later,180.0,1000.0,79.52999999999999,-396.7919999999999,79.52999999999999,-396.7919999999999,0.0
baseline,0.00625,720575940629560770,pre_first_20ms,112.73750000000001,132.7375,0.0,-18.216,0.0,-18.216,0.0
baseline,0.00625,720575940629512314,early,0.0,180.0,3.96,0.0,3.96,0.0,0.0
baseline,0.00625,720575940629512314,later,180.0,1000.0,13.860000000000001,0.0,13.860000000000001,0.0,0.0
baseline,0.00625,720575940629512314,pre_first_20ms,112.8375,132.8375,0.0,0.0,0.0,0.0,0.0
baseline,0.00625,720575940621646668,early,0.0,180.0,0.0,0.0,0.0,0.0,0.0
baseline,0.00625,720575940621646668,later,180.0,1000.0,0.0,0.0,0.0,0.0,0.0
baseline,0.00625,720575940621646668,pre_first_20ms,112.88750000000002,132.88750000000002,0.0,0.0,0.0,0.0,0.0
baseline,0.00625,720575940635517876,early,0.0,180.0,0.66,0.0,0.66,0.0,0.0
baseline,0.00625,720575940635517876,later,180.0,1000.0,2.31,-0.264,2.31,-0.264,0.0
baseline,0.00625,720575940635517876,pre_first_20ms,112.97500000000002,132.97500000000002,0.0,0.0,0.0,0.0,0.0
baseline,0.00625,720575940639355726,early,0.0,180.0,0.66,-1.056,0.66,-1.056,0.0
baseline,0.00625,720575940639355726,later,180.0,1000.0,2.31,-0.528,2.31,-0.528,0.0
baseline,0.00625,720575940639355726,pre_first_20ms,113.17500000000001,133.175,0.0,0.0,0.0,0.0,0.0
baseline,0.00625,720575940624338068,early,0.0,180.0,0.0,0.0,0.0,0.0,0.0
baseline,0.00625,720575940624338068,later,180.0,1000.0,0.0,0.0,0.0,0.0,0.0
baseline,0.00625,720575940624338068,pre_first_20ms,113.30000000000001,133.3,0.0,0.0,0.0,0.0,0.0
baseline,0.00625,720575940634113687,early,0.0,180.0,46.199999999999996,-21.648000000000003,46.199999999999996,-21.648000000000003,0.0
baseline,0.00625,720575940634113687,later,180.0,1000.0,161.7,-76.032,161.7,-76.032,0.0
baseline,0.00625,720575940634113687,pre_first_20ms,113.32499999999999,133.325,0.0,0.0,0.0,0.0,0.0
baseline,0.00625,720575940627980955,early,0.0,180.0,13.200000000000001,-2.112,13.200000000000001,-2.112,0.0
baseline,0.00625,720575940627980955,later,180.0,1000.0,46.2,-7.392,46.2,-7.392,0.0
baseline,0.00625,720575940627980955,pre_first_20ms,113.48750000000001,133.4875,0.0,0.0,0.0,0.0,0.0
baseline,0.00625,720575940628695056,early,0.0,180.0,3.3000000000000003,-2.904,3.3000000000000003,-2.904,0.0
baseline,0.00625,720575940628695056,later,180.0,1000.0,11.55,-9.24,11.55,-9.24,0.0
baseline,0.00625,720575940628695056,pre_first_20ms,113.48750000000001,133.4875,0.0,0.0,0.0,0.0,0.0
baseline,0.00625,720575940628682283,early,0.0,180.0,0.0,0.0,0.0,0.0,0.0
baseline,0.00625,720575940628682283,later,180.0,1000.0,0.0,0.0,0.0,0.0,0.0
baseline,0.00625,720575940628682283,pre_first_20ms,113.5375,133.5375,0.0,0.0,0.0,0.0,0.0
baseline,0.00625,720575940612551594,early,0.0,180.0,0.0,0.0,0.0,0.0,0.0
baseline,0.00625,720575940612551594,later,180.0,1000.0,0.0,0.0,0.0,0.0,0.0
baseline,0.00625,720575940612551594,pre_first_20ms,113.5875,133.5875,0.0,0.0,0.0,0.0,0.0
baseline,0.00625,720575940651305718,early,0.0,180.0,0.0,0.0,0.0,0.0,0.0
baseline,0.00625,720575940651305718,later,180.0,1000.0,0.0,0.0,0.0,0.0,0.0
baseline,0.00625,720575940651305718,pre_first_20ms,113.6,133.6,0.0,0.0,0.0,0.0,0.0
baseline,0.00625,720575940620718318,early,0.0,180.0,34.980000000000004,0.0,34.980000000000004,0.0,0.0
baseline,0.00625,720575940620718318,later,180.0,1000.0,113.19000000000003,-0.528,113.19000000000003,-0.528,0.0
baseline,0.00625,720575940620718318,pre_first_20ms,113.66250000000002,133.66250000000002,0.0,0.0,0.0,0.0,0.0
baseline,0.00625,720575940630552591,early,0.0,180.0,46.2,-12.672,46.2,-12.672,0.0
baseline,0.00625,720575940630552591,later,180.0,1000.0,164.01,-57.024,164.01,-57.024,0.0
baseline,0.00625,720575940630552591,pre_first_20ms,113.775,133.775,0.33,-1.584,0.33,-1.584,0.0
baseline,0.00625,720575940628290307,early,0.0,180.0,0.66,-33.264,0.66,-33.264,0.0
baseline,0.00625,720575940628290307,later,180.0,1000.0,8.25,-42.504,8.25,-42.504,0.0
baseline,0.00625,720575940628290307,pre_first_20ms,113.80000000000001,133.8,0.0,0.0,0.0,0.0,0.0
baseline,0.00625,720575940634752666,early,0.0,180.0,16.5,0.0,16.5,0.0,0.0
baseline,0.00625,720575940634752666,later,180.0,1000.0,57.75,0.0,57.75,0.0,0.0
baseline,0.00625,720575940634752666,pre_first_20ms,113.875,133.875,0.0,0.0,0.0,0.0,0.0
baseline,0.00625,720575940621018977,early,0.0,180.0,0.0,0.0,0.0,0.0,0.0
baseline,0.00625,720575940621018977,later,180.0,1000.0,0.0,0.0,0.0,0.0,0.0
baseline,0.00625,720575940621018977,pre_first_20ms,113.88749999999999,133.8875,0.0,0.0,0.0,0.0,0.0
baseline,0.00625,720575940614789791,early,0.0,180.0,8.58,0.0,8.58,0.0,0.0
baseline,0.00625,720575940614789791,later,180.0,1000.0,30.029999999999998,0.0,30.029999999999998,0.0,0.0
baseline,0.00625,720575940614789791,pre_first_20ms,114.0,134.0,0.0,0.0,0.0,0.0,0.0
baseline,0.00625,720575940617853986,early,0.0,180.0,0.0,0.0,0.0,0.0,0.0
baseline,0.00625,720575940617853986,later,180.0,1000.0,0.0,0.0,0.0,0.0,0.0
baseline,0.00625,720575940617853986,pre_first_20ms,114.17500000000001,134.175,0.0,0.0,0.0,0.0,0.0
baseline,0.00625,720575940624915435,early,0.0,180.0,4.62,0.0,4.62,0.0,0.0
baseline,0.00625,720575940624915435,later,180.0,1000.0,16.17,0.0,16.17,0.0,0.0
baseline,0.00625,720575940624915435,pre_first_20ms,114.25,134.25,0.0,0.0,0.0,0.0,0.0
baseline,0.00625,720575940605777353,early,0.0,180.0,17.82,-5.808000000000001,17.82,-5.808000000000001,0.0
baseline,0.00625,720575940605777353,later,180.0,1000.0,62.36999999999999,0.0,62.36999999999999,0.0,0.0
baseline,0.00625,720575940605777353,pre_first_20ms,114.275,134.275,0.0,0.0,0.0,0.0,0.0
baseline,0.00625,720575940610209378,early,0.0,180.0,48.839999999999996,-134.64000000000001,48.839999999999996,-134.64000000000001,0.0
baseline,0.00625,720575940610209378,later,180.0,1000.0,189.42000000000004,-613.2719999999999,189.42000000000004,-613.2719999999999,0.0
baseline,0.00625,720575940610209378,pre_first_20ms,114.275,134.275,4.29,-11.88,4.29,-11.88,0.0
baseline,0.00625,720575940631673484,early,0.0,180.0,0.0,0.0,0.0,0.0,0.0
baseline,0.00625,720575940631673484,later,180.0,1000.0,0.0,-1.056,0.0,-1.056,0.0
baseline,0.00625,720575940631673484,pre_first_20ms,114.2875,134.2875,0.0,0.0,0.0,0.0,0.0
baseline,0.00625,720575940619917990,early,0.0,180.0,14.520000000000001,0.0,14.520000000000001,0.0,0.0
baseline,0.00625,720575940619917990,later,180.0,1000.0,50.82,0.0,50.82,0.0,0.0
baseline,0.00625,720575940619917990,pre_first_20ms,114.30000000000001,134.3,0.0,0.0,0.0,0.0,0.0
baseline,0.00625,720575940628958979,early,0.0,180.0,0.0,0.0,0.0,0.0,0.0
baseline,0.00625,720575940628958979,later,180.0,1000.0,0.33,0.0,0.33,0.0,0.0
baseline,0.00625,720575940628958979,pre_first_20ms,114.32499999999999,134.325,0.0,0.0,0.0,0.0,0.0
baseline,0.00625,720575940629763575,early,0.0,180.0,0.0,0.0,0.0,0.0,0.0
baseline,0.00625,720575940629763575,later,180.0,1000.0,0.0,-1.32,0.0,-1.32,0.0
baseline,0.00625,720575940629763575,pre_first_20ms,114.3375,134.3375,0.0,0.0,0.0,0.0,0.0
baseline,0.00625,720575940632212039,early,0.0,180.0,1.32,0.0,1.32,0.0,0.0
baseline,0.00625,720575940632212039,later,180.0,1000.0,4.62,0.0,4.62,0.0,0.0
baseline,0.00625,720575940632212039,pre_first_20ms,114.36249999999998,134.36249999999998,0.0,0.0,0.0,0.0,0.0
baseline,0.00625,720575940627321674,early,0.0,180.0,1.32,0.0,1.32,0.0,0.0
baseline,0.00625,720575940627321674,later,180.0,1000.0,5.94,0.0,5.94,0.0,0.0
baseline,0.00625,720575940627321674,pre_first_20ms,114.47500000000002,134.47500000000002,0.66,0.0,0.66,0.0,0.0
baseline,0.00625,720575940640942837,early,0.0,180.0,9.9,-3.1680000000000006,9.9,-3.1680000000000006,0.0
baseline,0.00625,720575940640942837,later,180.0,1000.0,34.98,-11.088000000000001,34.98,-11.088000000000001,0.0
baseline,0.00625,720575940640942837,pre_first_20ms,114.5,134.5,0.0,0.0,0.0,0.0,0.0
baseline,0.00625,720575940606726834,early,0.0,180.0,30.360000000000003,-7.92,30.360000000000003,-7.92,0.0
baseline,0.00625,720575940606726834,later,180.0,1000.0,105.27,-50.42400000000001,105.27,-50.42400000000001,0.0
baseline,0.00625,720575940606726834,pre_first_20ms,114.5625,134.5625,0.0,-0.792,0.0,-0.792,0.0
baseline,0.00625,720575940626653309,early,0.0,180.0,0.66,-23.232000000000003,0.66,-23.232000000000003,0.0
baseline,0.00625,720575940626653309,later,180.0,1000.0,2.31,-81.31200000000001,2.31,-81.31200000000001,0.0
baseline,0.00625,720575940626653309,pre_first_20ms,114.625,134.625,0.0,0.0,0.0,0.0,0.0
baseline,0.00625,720575940605495072,early,0.0,180.0,3.6300000000000003,-51.480000000000004,3.6300000000000003,-51.480000000000004,0.0
baseline,0.00625,720575940605495072,later,180.0,1000.0,77.55000000000001,-281.952,77.55000000000001,-281.952,0.0
baseline,0.00625,720575940605495072,pre_first_20ms,114.63749999999999,134.6375,0.0,-1.5840000000000003,0.0,-1.5840000000000003,0.0
baseline,0.00625,720575940628349456,early,0.0,180.0,83.82000000000001,-30.888,83.82000000000001,-30.888,0.0
baseline,0.00625,720575940628349456,later,180.0,1000.0,433.95000000000005,-157.87200000000004,433.95000000000005,-157.87200000000004,0.0
baseline,0.00625,720575940628349456,pre_first_20ms,114.70000000000002,134.70000000000002,3.96,-0.528,3.96,-0.528,0.0
baseline,0.00625,720575940624544748,early,0.0,180.0,3.96,0.0,3.96,0.0,0.0
baseline,0.00625,720575940624544748,later,180.0,1000.0,13.860000000000001,0.0,13.860000000000001,0.0,0.0
baseline,0.00625,720575940624544748,pre_first_20ms,114.7125,134.7125,0.0,0.0,0.0,0.0,0.0
baseline,0.00625,720575940615413435,early,0.0,180.0,45.87,-47.784000000000006,45.87,-47.784000000000006,0.0
baseline,0.00625,720575940615413435,later,180.0,1000.0,162.02999999999997,-144.936,162.02999999999997,-144.936,0.0
baseline,0.00625,720575940615413435,pre_first_20ms,114.775,134.775,0.0,-7.128000000000001,0.0,-7.128000000000001,0.0
baseline,0.00625,720575940622399190,early,0.0,180.0,27.72,-2.64,27.72,-2.64,0.0
baseline,0.00625,720575940622399190,later,180.0,1000.0,97.02,-9.24,97.02,-9.24,0.0
baseline,0.00625,720575940622399190,pre_first_20ms,114.80000000000001,134.8,0.0,0.0,0.0,0.0,0.0
baseline,0.00625,720575940625419495,early,0.0,180.0,4.29,-11.088,4.29,-11.088,0.0
baseline,0.00625,720575940625419495,later,180.0,1000.0,17.490000000000002,-22.176,17.490000000000002,-22.176,0.0
baseline,0.00625,720575940625419495,pre_first_20ms,114.82499999999999,134.825,0.0,0.0,0.0,0.0,0.0
baseline,0.00625,720575940625926693,early,0.0,180.0,0.0,0.0,0.0,0.0,0.0
baseline,0.00625,720575940625926693,later,180.0,1000.0,0.0,0.0,0.0,0.0,0.0
baseline,0.00625,720575940625926693,pre_first_20ms,114.82499999999999,134.825,0.0,0.0,0.0,0.0,0.0
baseline,0.00625,720575940625990974,early,0.0,180.0,0.0,0.0,0.0,0.0,0.0
baseline,0.00625,720575940625990974,later,180.0,1000.0,0.0,0.0,0.0,0.0,0.0
baseline,0.00625,720575940625990974,pre_first_20ms,114.90000000000003,134.90000000000003,0.0,0.0,0.0,0.0,0.0
baseline,0.00625,720575940622045917,early,0.0,180.0,0.0,0.0,0.0,0.0,0.0
baseline,0.00625,720575940622045917,later,180.0,1000.0,0.0,-3.4320000000000013,0.0,-3.4320000000000013,0.0
baseline,0.00625,720575940622045917,pre_first_20ms,114.91250000000002,134.91250000000002,0.0,0.0,0.0,0.0,0.0
baseline,0.00625,720575940622858534,early,0.0,180.0,0.0,0.0,0.0,0.0,0.0
baseline,0.00625,720575940622858534,later,180.0,1000.0,0.0,0.0,0.0,0.0,0.0
baseline,0.00625,720575940622858534,pre_first_20ms,114.93750000000003,134.93750000000003,0.0,0.0,0.0,0.0,0.0
baseline,0.00625,720575940623199684,early,0.0,180.0,0.66,0.0,0.66,0.0,0.0
baseline,0.00625,720575940623199684,later,180.0,1000.0,2.31,0.0,2.31,0.0,0.0
baseline,0.00625,720575940623199684,pre_first_20ms,114.93750000000003,134.93750000000003,0.0,0.0,0.0,0.0,0.0
baseline,0.00625,720575940623088309,early,0.0,180.0,17.16,0.0,17.16,0.0,0.0
baseline,0.00625,720575940623088309,later,180.0,1000.0,60.059999999999995,0.0,60.059999999999995,0.0,0.0
baseline,0.00625,720575940623088309,pre_first_20ms,115.01250000000002,135.01250000000002,0.0,0.0,0.0,0.0,0.0
baseline,0.00625,720575940609674052,early,0.0,180.0,7.26,-5.808000000000001,7.26,-5.808000000000001,0.0
baseline,0.00625,720575940609674052,later,180.0,1000.0,31.679999999999996,-13.464000000000002,31.679999999999996,-13.464000000000002,0.0
baseline,0.00625,720575940609674052,pre_first_20ms,115.0875,135.0875,0.0,0.0,0.0,0.0,0.0
baseline,0.00625,720575940626717573,early,0.0,180.0,1.32,-39.60000000000001,1.32,-39.60000000000001,0.0
baseline,0.00625,720575940626717573,later,180.0,1000.0,4.62,-31.152000000000008,4.62,-31.152000000000008,0.0
baseline,0.00625,720575940626717573,pre_first_20ms,115.18750000000003,135.18750000000003,0.0,-0.264,0.0,-0.264,0.0
baseline,0.00625,720575940626024323,early,0.0,180.0,0.0,-1.056,0.0,-1.056,0.0
baseline,0.00625,720575940626024323,later,180.0,1000.0,0.0,0.0,0.0,0.0,0.0
baseline,0.00625,720575940626024323,pre_first_20ms,115.2125,135.2125,0.0,0.0,0.0,0.0,0.0
baseline,0.00625,720575940617549497,early,0.0,180.0,0.66,0.0,0.66,0.0,0.0
baseline,0.00625,720575940617549497,later,180.0,1000.0,2.31,0.0,2.31,0.0,0.0
baseline,0.00625,720575940617549497,pre_first_20ms,115.32499999999999,135.325,0.0,0.0,0.0,0.0,0.0
baseline,0.00625,720575940616143989,early,0.0,180.0,0.0,-0.528,0.0,-0.528,0.0
baseline,0.00625,720575940616143989,later,180.0,1000.0,0.0,-1.848,0.0,-1.848,0.0
baseline,0.00625,720575940616143989,pre_first_20ms,115.35,135.35,0.0,0.0,0.0,0.0,0.0
baseline,0.00625,720575940635802223,early,0.0,180.0,0.66,0.0,0.66,0.0,0.0
baseline,0.00625,720575940635802223,later,180.0,1000.0,2.31,0.0,2.31,0.0,0.0
baseline,0.00625,720575940635802223,pre_first_20ms,115.41250000000002,135.41250000000002,0.0,0.0,0.0,0.0,0.0
baseline,0.00625,720575940621201833,early,0.0,180.0,6.6000000000000005,-6.600000000000001,6.6000000000000005,-6.600000000000001,0.0
baseline,0.00625,720575940621201833,later,180.0,1000.0,23.1,0.0,23.1,0.0,0.0
baseline,0.00625,720575940621201833,pre_first_20ms,115.42500000000001,135.425,0.0,0.0,0.0,0.0,0.0
baseline,0.00625,720575940624430060,early,0.0,180.0,0.0,0.0,0.0,0.0,0.0
baseline,0.00625,720575940624430060,later,180.0,1000.0,0.0,0.0,0.0,0.0,0.0
baseline,0.00625,720575940624430060,pre_first_20ms,115.43750000000003,135.43750000000003,0.0,0.0,0.0,0.0,0.0
baseline,0.00625,720575940638840629,early,0.0,180.0,1.98,-0.528,1.98,-0.528,0.0
baseline,0.00625,720575940638840629,later,180.0,1000.0,6.930000000000001,-1.848,6.930000000000001,-1.848,0.0
baseline,0.00625,720575940638840629,pre_first_20ms,115.45000000000002,135.45000000000002,0.0,0.0,0.0,0.0,0.0
baseline,0.00625,720575940612185586,early,0.0,180.0,0.0,0.0,0.0,0.0,0.0
baseline,0.00625,720575940612185586,later,180.0,1000.0,0.33,0.0,0.33,0.0,0.0
baseline,0.00625,720575940612185586,pre_first_20ms,115.625,135.625,0.0,0.0,0.0,0.0,0.0
baseline,0.00625,720575940616055858,early,0.0,180.0,2.64,0.0,2.64,0.0,0.0
baseline,0.00625,720575940616055858,later,180.0,1000.0,9.57,0.0,9.57,0.0,0.0
baseline,0.00625,720575940616055858,pre_first_20ms,115.63749999999999,135.6375,0.0,0.0,0.0,0.0,0.0
baseline,0.00625,720575940621213556,early,0.0,180.0,0.0,-8.184000000000001,0.0,-8.184000000000001,0.0
baseline,0.00625,720575940621213556,later,180.0,1000.0,0.0,-0.7920000000000001,0.0,-0.7920000000000001,0.0
baseline,0.00625,720575940621213556,pre_first_20ms,115.67500000000001,135.675,0.0,0.0,0.0,0.0,0.0
baseline,0.00625,720575940624100075,early,0.0,180.0,21.12,0.0,21.12,0.0,0.0
baseline,0.00625,720575940624100075,later,180.0,1000.0,78.21,0.0,78.21,0.0,0.0
baseline,0.00625,720575940624100075,pre_first_20ms,115.73750000000001,135.7375,0.0,0.0,0.0,0.0,0.0
baseline,0.00625,720575940606453769,early,0.0,180.0,0.0,-0.264,0.0,-0.264,0.0
baseline,0.00625,720575940606453769,later,180.0,1000.0,0.0,-0.528,0.0,-0.528,0.0
baseline,0.00625,720575940606453769,pre_first_20ms,115.8375,135.8375,0.0,0.0,0.0,0.0,0.0
baseline,0.00625,720575940628602471,early,0.0,180.0,0.0,0.0,0.0,0.0,0.0
baseline,0.00625,720575940628602471,later,180.0,1000.0,0.0,0.0,0.0,0.0,0.0
baseline,0.00625,720575940628602471,pre_first_20ms,115.86250000000001,135.8625,0.0,0.0,0.0,0.0,0.0
baseline,0.00625,720575940621012289,early,0.0,180.0,3.96,0.0,3.96,0.0,0.0
baseline,0.00625,720575940621012289,later,180.0,1000.0,13.860000000000001,0.0,13.860000000000001,0.0,0.0
baseline,0.00625,720575940621012289,pre_first_20ms,115.875,135.875,0.0,0.0,0.0,0.0,0.0
baseline,0.00625,720575940620232875,early,0.0,180.0,1.32,0.0,1.32,0.0,0.0
baseline,0.00625,720575940620232875,later,180.0,1000.0,4.62,0.0,4.62,0.0,0.0
baseline,0.00625,720575940620232875,pre_first_20ms,115.9,135.9,0.0,0.0,0.0,0.0,0.0
baseline,0.00625,720575940625118096,early,0.0,180.0,14.52,-6.072,14.52,-6.072,0.0
baseline,0.00625,720575940625118096,later,180.0,1000.0,50.81999999999999,0.0,50.81999999999999,0.0,0.0
baseline,0.00625,720575940625118096,pre_first_20ms,115.9,135.9,0.0,0.0,0.0,0.0,0.0
baseline,0.00625,720575940609027523,early,0.0,180.0,3.96,-21.648000000000003,3.96,-21.648000000000003,0.0
baseline,0.00625,720575940609027523,later,180.0,1000.0,13.860000000000001,-75.768,13.860000000000001,-75.768,0.0
baseline,0.00625,720575940609027523,pre_first_20ms,115.93750000000003,135.93750000000003,0.0,0.0,0.0,0.0,0.0
baseline,0.00625,720575940627731206,early,0.0,180.0,49.5,-2.3760000000000003,49.5,-2.3760000000000003,0.0
baseline,0.00625,720575940627731206,later,180.0,1000.0,177.54,-8.184000000000001,177.54,-8.184000000000001,0.0
baseline,0.00625,720575940627731206,pre_first_20ms,115.9625,135.9625,0.0,0.0,0.0,0.0,0.0
baseline,0.00625,720575940622910989,early,0.0,180.0,3.3,0.0,3.3,0.0,0.0
baseline,0.00625,720575940622910989,later,180.0,1000.0,11.55,0.0,11.55,0.0,0.0
baseline,0.00625,720575940622910989,pre_first_20ms,115.97500000000002,135.97500000000002,0.0,0.0,0.0,0.0,0.0
baseline,0.00625,720575940629963068,early,0.0,180.0,1.32,-0.528,1.32,-0.528,0.0
baseline,0.00625,720575940629963068,later,180.0,1000.0,4.62,-1.848,4.62,-1.848,0.0
baseline,0.00625,720575940629963068,pre_first_20ms,115.97500000000002,135.97500000000002,0.0,0.0,0.0,0.0,0.0
baseline,0.00625,720575940642142861,early,0.0,180.0,0.0,0.0,0.0,0.0,0.0
baseline,0.00625,720575940642142861,later,180.0,1000.0,0.0,0.0,0.0,0.0,0.0
baseline,0.00625,720575940642142861,pre_first_20ms,115.97500000000002,135.97500000000002,0.0,0.0,0.0,0.0,0.0
baseline,0.00625,720575940620402345,early,0.0,180.0,0.0,0.0,0.0,0.0,0.0
baseline,0.00625,720575940620402345,later,180.0,1000.0,0.0,0.0,0.0,0.0,0.0
baseline,0.00625,720575940620402345,pre_first_20ms,116.0,136.0,0.0,0.0,0.0,0.0,0.0
baseline,0.00625,720575940612435685,early,0.0,180.0,0.0,0.0,0.0,0.0,0.0
baseline,0.00625,720575940612435685,later,180.0,1000.0,0.66,0.0,0.66,0.0,0.0
baseline,0.00625,720575940612435685,pre_first_20ms,116.025,136.025,0.0,0.0,0.0,0.0,0.0
baseline,0.00625,720575940626199429,early,0.0,180.0,0.0,0.0,0.0,0.0,0.0
baseline,0.00625,720575940626199429,later,180.0,1000.0,0.0,0.0,0.0,0.0,0.0
baseline,0.00625,720575940626199429,pre_first_20ms,116.0625,136.0625,0.0,0.0,0.0,0.0,0.0
baseline,0.00625,720575940613157329,early,0.0,180.0,0.0,0.0,0.0,0.0,0.0
baseline,0.00625,720575940613157329,later,180.0,1000.0,0.0,0.0,0.0,0.0,0.0
baseline,0.00625,720575940613157329,pre_first_20ms,116.07499999999999,136.075,0.0,0.0,0.0,0.0,0.0
baseline,0.00625,720575940639556467,early,0.0,180.0,0.0,0.0,0.0,0.0,0.0
baseline,0.00625,720575940639556467,later,180.0,1000.0,0.0,0.0,0.0,0.0,0.0
baseline,0.00625,720575940639556467,pre_first_20ms,116.15,136.15,0.0,0.0,0.0,0.0,0.0
baseline,0.00625,720575940619954598,early,0.0,180.0,0.0,0.0,0.0,0.0,0.0
baseline,0.00625,720575940619954598,later,180.0,1000.0,0.0,0.0,0.0,0.0,0.0
baseline,0.00625,720575940619954598,pre_first_20ms,116.18750000000003,136.18750000000003,0.0,0.0,0.0,0.0,0.0
baseline,0.00625,720575940621277445,early,0.0,180.0,0.0,0.0,0.0,0.0,0.0
baseline,0.00625,720575940621277445,later,180.0,1000.0,0.0,-1.32,0.0,-1.32,0.0
baseline,0.00625,720575940621277445,pre_first_20ms,116.26250000000002,136.26250000000002,0.0,0.0,0.0,0.0,0.0
baseline,0.00625,720575940611985265,early,0.0,180.0,17.82,-16.632,17.82,-16.632,0.0
baseline,0.00625,720575940611985265,later,180.0,1000.0,64.02000000000001,-39.86400000000001,64.02000000000001,-39.86400000000001,0.0
baseline,0.00625,720575940611985265,pre_first_20ms,116.3125,136.3125,0.0,0.0,0.0,0.0,0.0
baseline,0.00625,720575940623703757,early,0.0,180.0,13.200000000000001,-12.936,13.200000000000001,-12.936,0.0
baseline,0.00625,720575940623703757,later,180.0,1000.0,71.28,-57.024,71.28,-57.024,0.0
baseline,0.00625,720575940623703757,pre_first_20ms,116.3125,136.3125,0.33,-0.264,0.33,-0.264,0.0
baseline,0.00625,720575940642193549,early,0.0,180.0,3.96,-3.4320000000000004,3.96,-3.4320000000000004,0.0
baseline,0.00625,720575940642193549,later,180.0,1000.0,13.860000000000001,-8.712,13.860000000000001,-8.712,0.0
baseline,0.00625,720575940642193549,pre_first_20ms,116.36250000000001,136.3625,0.0,-0.264,0.0,-0.264,0.0
baseline,0.00625,720575940641560205,early,0.0,180.0,15.840000000000002,-2.9040000000000004,15.840000000000002,-2.9040000000000004,0.0
baseline,0.00625,720575940641560205,later,180.0,1000.0,55.440000000000005,0.0,55.440000000000005,0.0,0.0
baseline,0.00625,720575940641560205,pre_first_20ms,116.375,136.375,0.0,0.0,0.0,0.0,0.0
baseline,0.00625,720575940622770410,early,0.0,180.0,19.14,-0.528,19.14,-0.528,0.0
baseline,0.00625,720575940622770410,later,180.0,1000.0,66.99000000000001,-1.848,66.99000000000001,-1.848,0.0
baseline,0.00625,720575940622770410,pre_first_20ms,116.4,136.4,0.0,0.0,0.0,0.0,0.0
baseline,0.00625,720575940630523407,early,0.0,180.0,4.62,0.0,4.62,0.0,0.0
baseline,0.00625,720575940630523407,later,180.0,1000.0,16.830000000000002,0.0,16.830000000000002,0.0,0.0
baseline,0.00625,720575940630523407,pre_first_20ms,116.4,136.4,0.0,0.0,0.0,0.0,0.0
baseline,0.00625,720575940626567178,early,0.0,180.0,0.0,0.0,0.0,0.0,0.0
baseline,0.00625,720575940626567178,later,180.0,1000.0,0.0,0.0,0.0,0.0,0.0
baseline,0.00625,720575940626567178,pre_first_20ms,116.5,136.5,0.0,0.0,0.0,0.0,0.0
baseline,0.00625,720575940631107139,early,0.0,180.0,54.120000000000005,-18.216,54.120000000000005,-18.216,0.0
baseline,0.00625,720575940631107139,later,180.0,1000.0,189.42,-67.84800000000001,189.42,-67.84800000000001,0.0
baseline,0.00625,720575940631107139,pre_first_20ms,116.51250000000002,136.51250000000002,0.0,0.0,0.0,0.0,0.0
baseline,0.00625,720575940610562969,early,0.0,180.0,0.0,0.0,0.0,0.0,0.0
baseline,0.00625,720575940610562969,later,180.0,1000.0,0.0,0.0,0.0,0.0,0.0
baseline,0.00625,720575940610562969,pre_first_20ms,116.525,136.525,0.0,0.0,0.0,0.0,0.0
baseline,0.00625,720575940630765253,early,0.0,180.0,0.0,0.0,0.0,0.0,0.0
baseline,0.00625,720575940630765253,later,180.0,1000.0,0.0,0.0,0.0,0.0,0.0
baseline,0.00625,720575940630765253,pre_first_20ms,116.55000000000001,136.55,0.0,0.0,0.0,0.0,0.0
baseline,0.00625,720575940617786525,early,0.0,180.0,0.0,0.0,0.0,0.0,0.0
baseline,0.00625,720575940617786525,later,180.0,1000.0,0.0,0.0,0.0,0.0,0.0
baseline,0.00625,720575940617786525,pre_first_20ms,116.63749999999999,136.6375,0.0,0.0,0.0,0.0,0.0
baseline,0.00625,720575940630622250,early,0.0,180.0,0.0,0.0,0.0,0.0,0.0
baseline,0.00625,720575940630622250,later,180.0,1000.0,0.0,0.0,0.0,0.0,0.0
baseline,0.00625,720575940630622250,pre_first_20ms,116.63749999999999,136.6375,0.0,0.0,0.0,0.0,0.0
baseline,0.00625,720575940631997101,early,0.0,180.0,0.0,0.0,0.0,0.0,0.0
baseline,0.00625,720575940631997101,later,180.0,1000.0,0.0,0.0,0.0,0.0,0.0
baseline,0.00625,720575940631997101,pre_first_20ms,116.67500000000001,136.675,0.0,0.0,0.0,0.0,0.0
baseline,0.00625,720575940617493460,early,0.0,180.0,0.0,0.0,0.0,0.0,0.0
baseline,0.00625,720575940617493460,later,180.0,1000.0,0.0,0.0,0.0,0.0,0.0
baseline,0.00625,720575940617493460,pre_first_20ms,116.7125,136.7125,0.0,0.0,0.0,0.0,0.0
baseline,0.00625,720575940610647416,early,0.0,180.0,0.0,0.0,0.0,0.0,0.0
baseline,0.00625,720575940610647416,later,180.0,1000.0,0.0,0.0,0.0,0.0,0.0
baseline,0.00625,720575940610647416,pre_first_20ms,116.72500000000002,136.72500000000002,0.0,0.0,0.0,0.0,0.0
baseline,0.00625,720575940626034777,early,0.0,180.0,0.0,0.0,0.0,0.0,0.0
baseline,0.00625,720575940626034777,later,180.0,1000.0,0.0,0.0,0.0,0.0,0.0
baseline,0.00625,720575940626034777,pre_first_20ms,116.775,136.775,0.0,0.0,0.0,0.0,0.0
baseline,0.00625,720575940620769133,early,0.0,180.0,0.0,0.0,0.0,0.0,0.0
baseline,0.00625,720575940620769133,later,180.0,1000.0,0.0,0.0,0.0,0.0,0.0
baseline,0.00625,720575940620769133,pre_first_20ms,116.7875,136.7875,0.0,0.0,0.0,0.0,0.0
baseline,0.00625,720575940632118343,early,0.0,180.0,2.64,0.0,2.64,0.0,0.0
baseline,0.00625,720575940632118343,later,180.0,1000.0,9.24,0.0,9.24,0.0,0.0
baseline,0.00625,720575940632118343,pre_first_20ms,116.86250000000001,136.8625,0.0,0.0,0.0,0.0,0.0
baseline,0.00625,720575940623460622,early,0.0,180.0,0.0,0.0,0.0,0.0,0.0
baseline,0.00625,720575940623460622,later,180.0,1000.0,0.0,0.0,0.0,0.0,0.0
baseline,0.00625,720575940623460622,pre_first_20ms,116.98750000000001,136.9875,0.0,0.0,0.0,0.0,0.0
baseline,0.00625,720575940630354169,early,0.0,180.0,0.0,0.0,0.0,0.0,0.0
baseline,0.00625,720575940630354169,later,180.0,1000.0,0.0,0.0,0.0,0.0,0.0
baseline,0.00625,720575940630354169,pre_first_20ms,116.98750000000001,136.9875,0.0,0.0,0.0,0.0,0.0
baseline,0.00625,720575940628716926,early,0.0,180.0,0.66,-1.056,0.66,-1.056,0.0
baseline,0.00625,720575940628716926,later,180.0,1000.0,2.31,-3.696,2.31,-3.696,0.0
baseline,0.00625,720575940628716926,pre_first_20ms,117.0,137.0,0.0,0.0,0.0,0.0,0.0
baseline,0.00625,720575940606112457,early,0.0,180.0,103.62000000000002,-152.328,103.62000000000002,-152.328,0.0
baseline,0.00625,720575940606112457,later,180.0,1000.0,469.59000000000003,-588.9839999999999,469.59000000000003,-588.9839999999999,0.0
baseline,0.00625,720575940606112457,pre_first_20ms,117.01250000000002,137.01250000000002,0.0,-33.264,0.0,-33.264,0.0
baseline,0.00625,720575940630600775,early,0.0,180.0,0.0,0.0,0.0,0.0,0.0
baseline,0.00625,720575940630600775,later,180.0,1000.0,0.0,0.0,0.0,0.0,0.0
baseline,0.00625,720575940630600775,pre_first_20ms,117.01250000000002,137.01250000000002,0.0,0.0,0.0,0.0,0.0
baseline,0.00625,720575940620018964,early,0.0,180.0,0.0,0.0,0.0,0.0,0.0
baseline,0.00625,720575940620018964,later,180.0,1000.0,0.0,0.0,0.0,0.0,0.0
baseline,0.00625,720575940620018964,pre_first_20ms,117.07499999999999,137.075,0.0,0.0,0.0,0.0,0.0
baseline,0.00625,720575940638650483,early,0.0,180.0,0.0,0.0,0.0,0.0,0.0
baseline,0.00625,720575940638650483,later,180.0,1000.0,0.0,0.0,0.0,0.0,0.0
baseline,0.00625,720575940638650483,pre_first_20ms,117.0875,137.0875,0.0,0.0,0.0,0.0,0.0
baseline,0.00625,720575940620689517,early,0.0,180.0,7.92,-8.184000000000001,7.92,-8.184000000000001,0.0
baseline,0.00625,720575940620689517,later,180.0,1000.0,28.709999999999997,-0.528,28.709999999999997,-0.528,0.0
baseline,0.00625,720575940620689517,pre_first_20ms,117.20000000000002,137.20000000000002,0.0,0.0,0.0,0.0,0.0
baseline,0.00625,720575940624058516,early,0.0,180.0,7.920000000000001,-1.8480000000000003,7.920000000000001,-1.8480000000000003,0.0
baseline,0.00625,720575940624058516,later,180.0,1000.0,27.720000000000002,-0.264,27.720000000000002,-0.264,0.0
baseline,0.00625,720575940624058516,pre_first_20ms,117.20000000000002,137.20000000000002,0.0,0.0,0.0,0.0,0.0
baseline,0.00625,720575940614206866,early,0.0,180.0,0.0,0.0,0.0,0.0,0.0
baseline,0.00625,720575940614206866,later,180.0,1000.0,0.0,0.0,0.0,0.0,0.0
baseline,0.00625,720575940614206866,pre_first_20ms,117.22500000000002,137.22500000000002,0.0,0.0,0.0,0.0,0.0
baseline,0.00625,720575940623059443,early,0.0,180.0,0.0,0.0,0.0,0.0,0.0
baseline,0.00625,720575940623059443,later,180.0,1000.0,0.0,0.0,0.0,0.0,0.0
baseline,0.00625,720575940623059443,pre_first_20ms,117.22500000000002,137.22500000000002,0.0,0.0,0.0,0.0,0.0
baseline,0.00625,720575940623650823,early,0.0,180.0,0.0,0.0,0.0,0.0,0.0
baseline,0.00625,720575940623650823,later,180.0,1000.0,0.0,0.0,0.0,0.0,0.0
baseline,0.00625,720575940623650823,pre_first_20ms,117.23750000000001,137.2375,0.0,0.0,0.0,0.0,0.0
baseline,0.00625,720575940625479426,early,0.0,180.0,0.0,0.0,0.0,0.0,0.0
baseline,0.00625,720575940625479426,later,180.0,1000.0,0.0,-1.8480000000000003,0.0,-1.8480000000000003,0.0
baseline,0.00625,720575940625479426,pre_first_20ms,117.23750000000001,137.2375,0.0,0.0,0.0,0.0,0.0
baseline,0.00625,720575940614067921,early,0.0,180.0,3.3000000000000003,-1.5840000000000003,3.3000000000000003,-1.5840000000000003,0.0
baseline,0.00625,720575940614067921,later,180.0,1000.0,12.21,-5.5440000000000005,12.21,-5.5440000000000005,0.0
baseline,0.00625,720575940614067921,pre_first_20ms,117.25,137.25,0.0,0.0,0.0,0.0,0.0
baseline,0.00625,720575940622515165,early,0.0,180.0,5.28,-21.912000000000006,5.28,-21.912000000000006,0.0
baseline,0.00625,720575940622515165,later,180.0,1000.0,18.48,-16.632000000000005,18.48,-16.632000000000005,0.0
baseline,0.00625,720575940622515165,pre_first_20ms,117.25,137.25,0.0,0.0,0.0,0.0,0.0
baseline,0.00625,720575940614159010,early,0.0,180.0,0.0,0.0,0.0,0.0,0.0
baseline,0.00625,720575940614159010,later,180.0,1000.0,0.0,0.0,0.0,0.0,0.0
baseline,0.00625,720575940614159010,pre_first_20ms,117.3125,137.3125,0.0,0.0,0.0,0.0,0.0
baseline,0.00625,720575940629050234,early,0.0,180.0,0.0,0.0,0.0,0.0,0.0
baseline,0.00625,720575940629050234,later,180.0,1000.0,0.0,0.0,0.0,0.0,0.0
baseline,0.00625,720575940629050234,pre_first_20ms,117.32499999999999,137.325,0.0,0.0,0.0,0.0,0.0
baseline,0.00625,720575940647328900,early,0.0,180.0,0.0,0.0,0.0,0.0,0.0
baseline,0.00625,720575940647328900,later,180.0,1000.0,0.0,0.0,0.0,0.0,0.0
baseline,0.00625,720575940647328900,pre_first_20ms,117.36250000000001,137.3625,0.0,0.0,0.0,0.0,0.0
baseline,0.00625,720575940617577702,early,0.0,180.0,0.0,0.0,0.0,0.0,0.0
baseline,0.00625,720575940617577702,later,180.0,1000.0,0.0,0.0,0.0,0.0,0.0
baseline,0.00625,720575940617577702,pre_first_20ms,117.375,137.375,0.0,0.0,0.0,0.0,0.0
baseline,0.00625,720575940618130625,early,0.0,180.0,17.16,-2.3760000000000003,17.16,-2.3760000000000003,0.0
baseline,0.00625,720575940618130625,later,180.0,1000.0,60.059999999999995,0.0,60.059999999999995,0.0,0.0
baseline,0.00625,720575940618130625,pre_first_20ms,117.375,137.375,0.0,0.0,0.0,0.0,0.0
baseline,0.00625,720575940617100985,early,0.0,180.0,5.61,-40.392,5.61,-40.392,0.0
baseline,0.00625,720575940617100985,later,180.0,1000.0,42.56999999999999,-78.40800000000002,42.56999999999999,-78.40800000000002,0.0
baseline,0.00625,720575940617100985,pre_first_20ms,117.38749999999999,137.3875,0.33,-2.3760000000000003,0.33,-2.3760000000000003,0.0
baseline,0.00625,720575940626524056,early,0.0,180.0,30.36,-13.464000000000002,30.36,-13.464000000000002,0.0
baseline,0.00625,720575940626524056,later,180.0,1000.0,106.26000000000002,-46.2,106.26000000000002,-46.2,0.0
baseline,0.00625,720575940626524056,pre_first_20ms,117.38749999999999,137.3875,0.0,0.0,0.0,0.0,0.0
baseline,0.00625,720575940647380356,early,0.0,180.0,0.0,0.0,0.0,0.0,0.0
baseline,0.00625,720575940647380356,later,180.0,1000.0,0.0,0.0,0.0,0.0,0.0
baseline,0.00625,720575940647380356,pre_first_20ms,117.4125,137.4125,0.0,0.0,0.0,0.0,0.0
baseline,0.00625,720575940635776101,early,0.0,180.0,0.0,-1.056,0.0,-1.056,0.0
baseline,0.00625,720575940635776101,later,180.0,1000.0,0.0,-3.696,0.0,-3.696,0.0
baseline,0.00625,720575940635776101,pre_first_20ms,117.42500000000001,137.425,0.0,0.0,0.0,0.0,0.0
baseline,0.00625,720575940617573922,early,0.0,180.0,0.0,0.0,0.0,0.0,0.0
baseline,0.00625,720575940617573922,later,180.0,1000.0,0.0,0.0,0.0,0.0,0.0
baseline,0.00625,720575940617573922,pre_first_20ms,117.43750000000003,137.43750000000003,0.0,0.0,0.0,0.0,0.0
baseline,0.00625,720575940627635441,early,0.0,180.0,1.98,-0.528,1.98,-0.528,0.0
baseline,0.00625,720575940627635441,later,180.0,1000.0,6.930000000000001,-1.848,6.930000000000001,-1.848,0.0
baseline,0.00625,720575940627635441,pre_first_20ms,117.47500000000002,137.47500000000002,0.0,0.0,0.0,0.0,0.0
baseline,0.00625,720575940610536494,early,0.0,180.0,0.0,0.0,0.0,0.0,0.0
baseline,0.00625,720575940610536494,later,180.0,1000.0,0.0,0.0,0.0,0.0,0.0
baseline,0.00625,720575940610536494,pre_first_20ms,117.48750000000001,137.4875,0.0,0.0,0.0,0.0,0.0
baseline,0.00625,720575940619736523,early,0.0,180.0,36.3,-5.28,36.3,-5.28,0.0
baseline,0.00625,720575940619736523,later,180.0,1000.0,127.38000000000001,-24.552,127.38000000000001,-24.552,0.0
baseline,0.00625,720575940619736523,pre_first_20ms,117.625,137.625,0.33,-0.528,0.33,-0.528,0.0
baseline,0.00625,720575940642897293,early,0.0,180.0,1.98,-0.528,1.98,-0.528,0.0
baseline,0.00625,720575940642897293,later,180.0,1000.0,6.930000000000001,-1.848,6.930000000000001,-1.848,0.0
baseline,0.00625,720575940642897293,pre_first_20ms,117.625,137.625,0.0,0.0,0.0,0.0,0.0
baseline,0.00625,720575940628694019,early,0.0,180.0,8.91,-200.37600000000003,8.91,-200.37600000000003,0.0
baseline,0.00625,720575940628694019,later,180.0,1000.0,29.039999999999996,-899.1840000000001,29.039999999999996,-899.1840000000001,0.0
baseline,0.00625,720575940628694019,pre_first_20ms,117.63749999999999,137.6375,0.33,-16.896,0.33,-16.896,0.0
baseline,0.00625,720575940629909751,early,0.0,180.0,0.0,0.0,0.0,0.0,0.0
baseline,0.00625,720575940629909751,later,180.0,1000.0,0.0,0.0,0.0,0.0,0.0
baseline,0.00625,720575940629909751,pre_first_20ms,117.65,137.65,0.0,0.0,0.0,0.0,0.0
baseline,0.00625,720575940620777382,early,0.0,180.0,61.05,-100.584,61.05,-100.584,0.0
baseline,0.00625,720575940620777382,later,180.0,1000.0,225.05999999999997,-508.72800000000007,225.05999999999997,-508.72800000000007,0.0
baseline,0.00625,720575940620777382,pre_first_20ms,117.6625,137.6625,0.99,-4.752000000000001,0.99,-4.752000000000001,0.0
baseline,0.00625,720575940610167665,early,0.0,180.0,0.0,0.0,0.0,0.0,0.0
baseline,0.00625,720575940610167665,later,180.0,1000.0,0.0,0.0,0.0,0.0,0.0
baseline,0.00625,720575940610167665,pre_first_20ms,117.67500000000001,137.675,0.0,0.0,0.0,0.0,0.0
baseline,0.00625,720575940605032550,early,0.0,180.0,0.0,0.0,0.0,0.0,0.0
baseline,0.00625,720575940605032550,later,180.0,1000.0,0.0,0.0,0.0,0.0,0.0
baseline,0.00625,720575940605032550,pre_first_20ms,117.76250000000002,137.76250000000002,0.0,0.0,0.0,0.0,0.0
baseline,0.00625,720575940625766842,early,0.0,180.0,0.0,0.0,0.0,0.0,0.0
baseline,0.00625,720575940625766842,later,180.0,1000.0,0.0,0.0,0.0,0.0,0.0
baseline,0.00625,720575940625766842,pre_first_20ms,117.76250000000002,137.76250000000002,0.0,0.0,0.0,0.0,0.0
baseline,0.00625,720575940632732845,early,0.0,180.0,0.0,0.0,0.0,0.0,0.0
baseline,0.00625,720575940632732845,later,180.0,1000.0,0.0,0.0,0.0,0.0,0.0
baseline,0.00625,720575940632732845,pre_first_20ms,117.76250000000002,137.76250000000002,0.0,0.0,0.0,0.0,0.0
baseline,0.00625,720575940634480820,early,0.0,180.0,10.56,0.0,10.56,0.0,0.0
baseline,0.00625,720575940634480820,later,180.0,1000.0,36.96,0.0,36.96,0.0,0.0
baseline,0.00625,720575940634480820,pre_first_20ms,117.76250000000002,137.76250000000002,0.0,0.0,0.0,0.0,0.0
baseline,0.00625,720575940619571009,early,0.0,180.0,0.0,0.0,0.0,0.0,0.0
baseline,0.00625,720575940619571009,later,180.0,1000.0,0.0,0.0,0.0,0.0,0.0
baseline,0.00625,720575940619571009,pre_first_20ms,117.88749999999999,137.8875,0.0,0.0,0.0,0.0,0.0
baseline,0.00625,720575940628050950,early,0.0,180.0,7.26,-0.528,7.26,-0.528,0.0
baseline,0.00625,720575940628050950,later,180.0,1000.0,26.73,-1.848,26.73,-1.848,0.0
baseline,0.00625,720575940628050950,pre_first_20ms,117.88749999999999,137.8875,0.0,0.0,0.0,0.0,0.0
baseline,0.00625,720575940626323486,early,0.0,180.0,25.740000000000002,-24.288,25.740000000000002,-24.288,0.0
baseline,0.00625,720575940626323486,later,180.0,1000.0,90.09,-85.00800000000001,90.09,-85.00800000000001,0.0
baseline,0.00625,720575940626323486,pre_first_20ms,117.9125,137.9125,0.0,0.0,0.0,0.0,0.0
baseline,0.00625,720575940659773313,early,0.0,180.0,0.0,0.0,0.0,0.0,0.0
baseline,0.00625,720575940659773313,later,180.0,1000.0,0.0,0.0,0.0,0.0,0.0
baseline,0.00625,720575940659773313,pre_first_20ms,117.9625,137.9625,0.0,0.0,0.0,0.0,0.0
baseline,0.00625,720575940625498512,early,0.0,180.0,1.98,0.0,1.98,0.0,0.0
baseline,0.00625,720575940625498512,later,180.0,1000.0,6.930000000000001,0.0,6.930000000000001,0.0,0.0
baseline,0.00625,720575940625498512,pre_first_20ms,117.97500000000002,137.97500000000002,0.0,0.0,0.0,0.0,0.0
baseline,0.00625,720575940626705937,early,0.0,180.0,15.18,-1.5840000000000003,15.18,-1.5840000000000003,0.0
baseline,0.00625,720575940626705937,later,180.0,1000.0,53.13000000000001,-5.5440000000000005,53.13000000000001,-5.5440000000000005,0.0
baseline,0.00625,720575940626705937,pre_first_20ms,118.0,138.0,0.0,0.0,0.0,0.0,0.0
baseline,0.00625,720575940615763573,early,0.0,180.0,5.28,-0.264,5.28,-0.264,0.0
baseline,0.00625,720575940615763573,later,180.0,1000.0,23.76,-0.792,23.76,-0.792,0.0
baseline,0.00625,720575940615763573,pre_first_20ms,118.13749999999999,138.1375,0.0,0.0,0.0,0.0,0.0
baseline,0.00625,720575940637711686,early,0.0,180.0,52.13999999999999,-84.21600000000002,52.13999999999999,-84.21600000000002,0.0
baseline,0.00625,720575940637711686,later,180.0,1000.0,183.81000000000003,-317.59200000000016,183.81000000000003,-317.59200000000016,0.0
baseline,0.00625,720575940637711686,pre_first_20ms,118.13749999999999,138.1375,0.0,0.0,0.0,0.0,0.0
baseline,0.00625,720575940635146848,early,0.0,180.0,29.040000000000003,-34.31999999999999,29.040000000000003,-34.31999999999999,0.0
baseline,0.00625,720575940635146848,later,180.0,1000.0,104.27999999999999,-182.42399999999998,104.27999999999999,-182.42399999999998,0.0
baseline,0.00625,720575940635146848,pre_first_20ms,118.15,138.15,0.0,-8.184,0.0,-8.184,0.0
baseline,0.00625,720575940630040438,early,0.0,180.0,1.98,-38.544000000000004,1.98,-38.544000000000004,0.0
baseline,0.00625,720575940630040438,later,180.0,1000.0,9.57,-60.72,9.57,-60.72,0.0
baseline,0.00625,720575940630040438,pre_first_20ms,118.1625,138.1625,0.0,-2.112,0.0,-2.112,0.0
baseline,0.00625,720575940622018217,early,0.0,180.0,55.43999999999998,-134.64000000000001,55.43999999999998,-134.64000000000001,0.0
baseline,0.00625,720575940622018217,later,180.0,1000.0,209.54999999999995,-211.72800000000004,209.54999999999995,-211.72800000000004,0.0
baseline,0.00625,720575940622018217,pre_first_20ms,118.17500000000001,138.175,0.0,-6.072000000000001,0.0,-6.072000000000001,0.0
baseline,0.00625,720575940619401296,early,0.0,180.0,0.0,-1.056,0.0,-1.056,0.0
baseline,0.00625,720575940619401296,later,180.0,1000.0,0.0,-5.016000000000001,0.0,-5.016000000000001,0.0
baseline,0.00625,720575940619401296,pre_first_20ms,118.20000000000002,138.20000000000002,0.0,0.0,0.0,0.0,0.0
baseline,0.00625,720575940623525770,early,0.0,180.0,0.0,-0.528,0.0,-0.528,0.0
baseline,0.00625,720575940623525770,later,180.0,1000.0,0.0,0.0,0.0,0.0,0.0
baseline,0.00625,720575940623525770,pre_first_20ms,118.25,138.25,0.0,0.0,0.0,0.0,0.0
baseline,0.00625,720575940628697538,early,0.0,180.0,0.0,0.0,0.0,0.0,0.0
baseline,0.00625,720575940628697538,later,180.0,1000.0,0.0,0.0,0.0,0.0,0.0
baseline,0.00625,720575940628697538,pre_first_20ms,118.26250000000002,138.26250000000002,0.0,0.0,0.0,0.0,0.0
baseline,0.00625,720575940613973555,early,0.0,180.0,0.0,0.0,0.0,0.0,0.0
baseline,0.00625,720575940613973555,later,180.0,1000.0,0.0,0.0,0.0,0.0,0.0
baseline,0.00625,720575940613973555,pre_first_20ms,118.275,138.275,0.0,0.0,0.0,0.0,0.0
baseline,0.00625,720575940611606490,early,0.0,180.0,0.0,0.0,0.0,0.0,0.0
baseline,0.00625,720575940611606490,later,180.0,1000.0,0.0,0.0,0.0,0.0,0.0
baseline,0.00625,720575940611606490,pre_first_20ms,118.2875,138.2875,0.0,0.0,0.0,0.0,0.0
baseline,0.00625,720575940630190411,early,0.0,180.0,16.5,0.0,16.5,0.0,0.0
baseline,0.00625,720575940630190411,later,180.0,1000.0,57.75,0.0,57.75,0.0,0.0
baseline,0.00625,720575940630190411,pre_first_20ms,118.3375,138.3375,0.0,0.0,0.0,0.0,0.0
baseline,0.00625,720575940646415907,early,0.0,180.0,0.0,0.0,0.0,0.0,0.0
baseline,0.00625,720575940646415907,later,180.0,1000.0,0.0,0.0,0.0,0.0,0.0
baseline,0.00625,720575940646415907,pre_first_20ms,118.375,138.375,0.0,0.0,0.0,0.0,0.0
baseline,0.00625,720575940614441834,early,0.0,180.0,30.689999999999998,-36.168,30.689999999999998,-36.168,0.0
baseline,0.00625,720575940614441834,later,180.0,1000.0,113.18999999999997,-178.46400000000006,113.18999999999997,-178.46400000000006,0.0
baseline,0.00625,720575940614441834,pre_first_20ms,118.43750000000003,138.43750000000003,0.0,-8.448,0.0,-8.448,0.0
baseline,0.00625,720575940629830700,early,0.0,180.0,0.33,-0.528,0.33,-0.528,0.0
baseline,0.00625,720575940629830700,later,180.0,1000.0,1.32,-1.848,1.32,-1.848,0.0
baseline,0.00625,720575940629830700,pre_first_20ms,118.47500000000002,138.47500000000002,0.0,0.0,0.0,0.0,0.0
baseline,0.00625,720575940612549799,early,0.0,180.0,0.0,0.0,0.0,0.0,0.0
baseline,0.00625,720575940612549799,later,180.0,1000.0,0.0,0.0,0.0,0.0,0.0
baseline,0.00625,720575940612549799,pre_first_20ms,118.5375,138.5375,0.0,0.0,0.0,0.0,0.0
baseline,0.00625,720575940631989841,early,0.0,180.0,0.0,0.0,0.0,0.0,0.0
baseline,0.00625,720575940631989841,later,180.0,1000.0,0.0,0.0,0.0,0.0,0.0
baseline,0.00625,720575940631989841,pre_first_20ms,118.55000000000001,138.55,0.0,0.0,0.0,0.0,0.0
baseline,0.00625,720575940625768394,early,0.0,180.0,11.22,-0.528,11.22,-0.528,0.0
baseline,0.00625,720575940625768394,later,180.0,1000.0,39.27,-1.848,39.27,-1.848,0.0
baseline,0.00625,720575940625768394,pre_first_20ms,118.625,138.625,0.0,0.0,0.0,0.0,0.0
baseline,0.00625,720575940628118159,early,0.0,180.0,0.0,0.0,0.0,0.0,0.0
baseline,0.00625,720575940628118159,later,180.0,1000.0,0.0,0.0,0.0,0.0,0.0
baseline,0.00625,720575940628118159,pre_first_20ms,118.67500000000001,138.675,0.0,0.0,0.0,0.0,0.0
baseline,0.00625,720575940632804435,early,0.0,180.0,28.710000000000004,-84.21600000000001,28.710000000000004,-84.21600000000001,0.0
baseline,0.00625,720575940632804435,later,180.0,1000.0,136.62000000000003,-395.4720000000001,136.62000000000003,-395.4720000000001,0.0
baseline,0.00625,720575940632804435,pre_first_20ms,118.75,138.75,2.97,-5.016,2.97,-5.016,0.0
baseline,0.00625,720575940612395178,early,0.0,180.0,1.98,-1.3200000000000003,1.98,-1.3200000000000003,0.0
baseline,0.00625,720575940612395178,later,180.0,1000.0,6.930000000000001,-1.056,6.930000000000001,-1.056,0.0
baseline,0.00625,720575940612395178,pre_first_20ms,118.82500000000002,138.82500000000002,0.0,0.0,0.0,0.0,0.0
baseline,0.00625,720575940620904319,early,0.0,180.0,0.0,0.0,0.0,0.0,0.0
baseline,0.00625,720575940620904319,later,180.0,1000.0,0.0,0.0,0.0,0.0,0.0
baseline,0.00625,720575940620904319,pre_first_20ms,118.82500000000002,138.82500000000002,0.0,0.0,0.0,0.0,0.0
baseline,0.00625,720575940608336907,early,0.0,180.0,0.0,0.0,0.0,0.0,0.0
baseline,0.00625,720575940608336907,later,180.0,1000.0,0.0,0.0,0.0,0.0,0.0
baseline,0.00625,720575940608336907,pre_first_20ms,118.9125,138.9125,0.0,0.0,0.0,0.0,0.0
baseline,0.00625,720575940620759841,early,0.0,180.0,28.71,-65.20800000000001,28.71,-65.20800000000001,0.0
baseline,0.00625,720575940620759841,later,180.0,1000.0,99.66,-324.4560000000001,99.66,-324.4560000000001,0.0
baseline,0.00625,720575940620759841,pre_first_20ms,118.9125,138.9125,0.0,-7.656000000000001,0.0,-7.656000000000001,0.0
baseline,0.00625,720575940625054906,early,0.0,180.0,0.33,-65.20800000000001,0.33,-65.20800000000001,0.0
baseline,0.00625,720575940625054906,later,180.0,1000.0,0.99,-131.73600000000005,0.99,-131.73600000000005,0.0
baseline,0.00625,720575940625054906,pre_first_20ms,118.95000000000002,138.95000000000002,0.0,-3.4320000000000004,0.0,-3.4320000000000004,0.0
baseline,0.00625,720575940621503220,early,0.0,180.0,0.66,0.0,0.66,0.0,0.0
baseline,0.00625,720575940621503220,later,180.0,1000.0,2.31,0.0,2.31,0.0,0.0
baseline,0.00625,720575940621503220,pre_first_20ms,118.97500000000002,138.97500000000002,0.0,0.0,0.0,0.0,0.0
baseline,0.00625,720575940627374598,early,0.0,180.0,0.0,0.0,0.0,0.0,0.0
baseline,0.00625,720575940627374598,later,180.0,1000.0,0.0,-61.776000000000025,0.0,-61.776000000000025,0.0
baseline,0.00625,720575940627374598,pre_first_20ms,118.98750000000001,138.9875,0.0,0.0,0.0,0.0,0.0
baseline,0.00625,720575940622855629,early,0.0,180.0,0.66,0.0,0.66,0.0,0.0
baseline,0.00625,720575940622855629,later,180.0,1000.0,2.31,0.0,2.31,0.0,0.0
baseline,0.00625,720575940622855629,pre_first_20ms,119.01250000000002,139.01250000000002,0.0,0.0,0.0,0.0,0.0
baseline,0.00625,720575940636488805,early,0.0,180.0,0.0,0.0,0.0,0.0,0.0
baseline,0.00625,720575940636488805,later,180.0,1000.0,0.0,0.0,0.0,0.0,0.0
baseline,0.00625,720575940636488805,pre_first_20ms,119.1,139.1,0.0,0.0,0.0,0.0,0.0
baseline,0.00625,720575940607447491,early,0.0,180.0,41.91,-1.848,41.91,-1.848,0.0
baseline,0.00625,720575940607447491,later,180.0,1000.0,137.61,-7.656,137.61,-7.656,0.0
baseline,0.00625,720575940607447491,pre_first_20ms,119.11250000000001,139.1125,0.0,-0.264,0.0,-0.264,0.0
baseline,0.00625,720575940617691170,early,0.0,180.0,5.61,0.0,5.61,0.0,0.0
baseline,0.00625,720575940617691170,later,180.0,1000.0,24.42,0.0,24.42,0.0,0.0
baseline,0.00625,720575940617691170,pre_first_20ms,119.13749999999999,139.1375,0.33,0.0,0.33,0.0,0.0
baseline,0.00625,720575940630046524,early,0.0,180.0,0.0,0.0,0.0,0.0,0.0
baseline,0.00625,720575940630046524,later,180.0,1000.0,0.0,0.0,0.0,0.0,0.0
baseline,0.00625,720575940630046524,pre_first_20ms,119.23750000000001,139.2375,0.0,0.0,0.0,0.0,0.0
baseline,0.00625,720575940621030320,early,0.0,180.0,1.32,0.0,1.32,0.0,0.0
baseline,0.00625,720575940621030320,later,180.0,1000.0,4.62,0.0,4.62,0.0,0.0
baseline,0.00625,720575940621030320,pre_first_20ms,119.30000000000001,139.3,0.0,0.0,0.0,0.0,0.0
baseline,0.00625,720575940625649214,early,0.0,180.0,0.0,0.0,0.0,0.0,0.0
baseline,0.00625,720575940625649214,later,180.0,1000.0,0.0,0.0,0.0,0.0,0.0
baseline,0.00625,720575940625649214,pre_first_20ms,119.3125,139.3125,0.0,0.0,0.0,0.0,0.0
baseline,0.00625,720575940621347254,early,0.0,180.0,22.44,-48.31200000000001,22.44,-48.31200000000001,0.0
baseline,0.00625,720575940621347254,later,180.0,1000.0,266.97,-651.8160000000001,266.97,-651.8160000000001,0.0
baseline,0.00625,720575940621347254,pre_first_20ms,119.375,139.375,0.66,0.0,0.66,0.0,0.0
baseline,0.00625,720575940624928956,early,0.0,180.0,0.66,0.0,0.66,0.0,0.0
baseline,0.00625,720575940624928956,later,180.0,1000.0,2.31,0.0,2.31,0.0,0.0
baseline,0.00625,720575940624928956,pre_first_20ms,119.4,139.4,0.0,0.0,0.0,0.0,0.0
baseline,0.00625,720575940627109202,early,0.0,180.0,0.0,0.0,0.0,0.0,0.0
baseline,0.00625,720575940627109202,later,180.0,1000.0,0.0,0.0,0.0,0.0,0.0
baseline,0.00625,720575940627109202,pre_first_20ms,119.5,139.5,0.0,0.0,0.0,0.0,0.0
baseline,0.00625,720575940613594783,early,0.0,180.0,0.0,0.0,0.0,0.0,0.0
baseline,0.00625,720575940613594783,later,180.0,1000.0,0.0,0.0,0.0,0.0,0.0
baseline,0.00625,720575940613594783,pre_first_20ms,119.5625,139.5625,0.0,0.0,0.0,0.0,0.0
baseline,0.00625,720575940629957943,early,0.0,180.0,29.040000000000003,-30.096000000000004,29.040000000000003,-30.096000000000004,0.0
baseline,0.00625,720575940629957943,later,180.0,1000.0,130.68000000000004,-112.46400000000001,130.68000000000004,-112.46400000000001,0.0
baseline,0.00625,720575940629957943,pre_first_20ms,119.67499999999998,139.67499999999998,0.0,-1.5840000000000003,0.0,-1.5840000000000003,0.0
baseline,0.00625,720575940621040737,early,0.0,180.0,5.94,0.0,5.94,0.0,0.0
baseline,0.00625,720575940621040737,later,180.0,1000.0,30.360000000000003,0.0,30.360000000000003,0.0,0.0
baseline,0.00625,720575940621040737,pre_first_20ms,119.7125,139.7125,0.0,0.0,0.0,0.0,0.0
baseline,0.00625,720575940626128386,early,0.0,180.0,1.32,0.0,1.32,0.0,0.0
baseline,0.00625,720575940626128386,later,180.0,1000.0,5.94,0.0,5.94,0.0,0.0
baseline,0.00625,720575940626128386,pre_first_20ms,119.75,139.75,0.0,0.0,0.0,0.0,0.0
baseline,0.00625,720575940615770369,early,0.0,180.0,0.66,-10.560000000000002,0.66,-10.560000000000002,0.0
baseline,0.00625,720575940615770369,later,180.0,1000.0,2.31,-36.96000000000001,2.31,-36.96000000000001,0.0
baseline,0.00625,720575940615770369,pre_first_20ms,119.76250000000002,139.76250000000002,0.0,0.0,0.0,0.0,0.0
baseline,0.00625,720575940620205505,early,0.0,180.0,0.0,0.0,0.0,0.0,0.0
baseline,0.00625,720575940620205505,later,180.0,1000.0,0.0,0.0,0.0,0.0,0.0
baseline,0.00625,720575940620205505,pre_first_20ms,119.88749999999999,139.8875,0.0,0.0,0.0,0.0,0.0
baseline,0.00625,720575940619759750,early,0.0,180.0,0.0,-1.056,0.0,-1.056,0.0
baseline,0.00625,720575940619759750,later,180.0,1000.0,0.0,-3.696,0.0,-3.696,0.0
baseline,0.00625,720575940619759750,pre_first_20ms,119.9,139.9,0.0,0.0,0.0,0.0,0.0
baseline,0.00625,720575940647303300,early,0.0,180.0,0.0,0.0,0.0,0.0,0.0
baseline,0.00625,720575940647303300,later,180.0,1000.0,0.0,0.0,0.0,0.0,0.0
baseline,0.00625,720575940647303300,pre_first_20ms,120.0,140.0,0.0,0.0,0.0,0.0,0.0
baseline,0.00625,720575940610951634,early,0.0,180.0,0.0,0.0,0.0,0.0,0.0
baseline,0.00625,720575940610951634,later,180.0,1000.0,0.0,0.0,0.0,0.0,0.0
baseline,0.00625,720575940610951634,pre_first_20ms,120.05000000000001,140.05,0.0,0.0,0.0,0.0,0.0
baseline,0.00625,720575940619486117,early,0.0,180.0,0.33,-1.8480000000000003,0.33,-1.8480000000000003,0.0
baseline,0.00625,720575940619486117,later,180.0,1000.0,1.32,-0.264,1.32,-0.264,0.0
baseline,0.00625,720575940619486117,pre_first_20ms,120.05000000000001,140.05,0.0,0.0,0.0,0.0,0.0
baseline,0.00625,720575940620664496,early,0.0,180.0,31.68,-34.32,31.68,-34.32,0.0
baseline,0.00625,720575940620664496,later,180.0,1000.0,142.56,-145.728,142.56,-145.728,0.0
baseline,0.00625,720575940620664496,pre_first_20ms,120.11250000000001,140.1125,0.0,-1.056,0.0,-1.056,0.0
baseline,0.00625,720575940638204132,early,0.0,180.0,57.42,-308.088,57.42,-308.088,0.0
baseline,0.00625,720575940638204132,later,180.0,1000.0,207.57000000000008,-1740.0240000000003,207.57000000000008,-1740.0240000000003,0.0
baseline,0.00625,720575940638204132,pre_first_20ms,120.125,140.125,0.0,-24.552000000000003,0.0,-24.552000000000003,0.0
baseline,0.00625,720575940620488513,early,0.0,180.0,0.0,0.0,0.0,0.0,0.0
baseline,0.00625,720575940620488513,later,180.0,1000.0,0.0,0.0,0.0,0.0,0.0
baseline,0.00625,720575940620488513,pre_first_20ms,120.22500000000002,140.22500000000002,0.0,0.0,0.0,0.0,0.0
baseline,0.00625,720575940648330105,early,0.0,180.0,0.0,0.0,0.0,0.0,0.0
baseline,0.00625,720575940648330105,later,180.0,1000.0,0.0,0.0,0.0,0.0,0.0
baseline,0.00625,720575940648330105,pre_first_20ms,120.26250000000002,140.26250000000002,0.0,0.0,0.0,0.0,0.0
baseline,0.00625,720575940618270629,early,0.0,180.0,64.02000000000001,-10.824000000000002,64.02000000000001,-10.824000000000002,0.0
baseline,0.00625,720575940618270629,later,180.0,1000.0,254.43,-44.61600000000001,254.43,-44.61600000000001,0.0
baseline,0.00625,720575940618270629,pre_first_20ms,120.30000000000001,140.3,0.0,-0.264,0.0,-0.264,0.0
baseline,0.00625,720575940627100584,early,0.0,180.0,36.3,-10.560000000000002,36.3,-10.560000000000002,0.0
baseline,0.00625,720575940627100584,later,180.0,1000.0,145.20000000000002,-74.97599999999998,145.20000000000002,-74.97599999999998,0.0
baseline,0.00625,720575940627100584,pre_first_20ms,120.3375,140.3375,0.0,0.0,0.0,0.0,0.0
baseline,0.00625,720575940626363529,early,0.0,180.0,0.0,-6.6000000000000005,0.0,-6.6000000000000005,0.0
baseline,0.00625,720575940626363529,later,180.0,1000.0,0.0,0.0,0.0,0.0,0.0
baseline,0.00625,720575940626363529,pre_first_20ms,120.35,140.35,0.0,0.0,0.0,0.0,0.0
baseline,0.00625,720575940605583136,early,0.0,180.0,6.6000000000000005,-0.792,6.6000000000000005,-0.792,0.0
baseline,0.00625,720575940605583136,later,180.0,1000.0,23.1,-0.264,23.1,-0.264,0.0
baseline,0.00625,720575940605583136,pre_first_20ms,120.375,140.375,0.0,0.0,0.0,0.0,0.0
baseline,0.00625,720575940633766370,early,0.0,180.0,34.31999999999999,-63.096000000000004,34.31999999999999,-63.096000000000004,0.0
baseline,0.00625,720575940633766370,later,180.0,1000.0,174.24,-390.71999999999997,174.24,-390.71999999999997,0.0
baseline,0.00625,720575940633766370,pre_first_20ms,120.4375,140.4375,2.31,-0.528,2.31,-0.528,0.0
baseline,0.00625,720575940625893507,early,0.0,180.0,2.97,0.0,2.97,0.0,0.0
baseline,0.00625,720575940625893507,later,180.0,1000.0,10.56,0.0,10.56,0.0,0.0
baseline,0.00625,720575940625893507,pre_first_20ms,120.45000000000002,140.45000000000002,0.0,0.0,0.0,0.0,0.0
baseline,0.00625,720575940621814049,early,0.0,180.0,0.66,0.0,0.66,0.0,0.0
baseline,0.00625,720575940621814049,later,180.0,1000.0,2.64,-0.264,2.64,-0.264,0.0
baseline,0.00625,720575940621814049,pre_first_20ms,120.55000000000001,140.55,0.0,0.0,0.0,0.0,0.0
baseline,0.00625,720575940629702905,early,0.0,180.0,15.84,-0.528,15.84,-0.528,0.0
baseline,0.00625,720575940629702905,later,180.0,1000.0,70.61999999999999,-2.6400000000000006,70.61999999999999,-2.6400000000000006,0.0
baseline,0.00625,720575940629702905,pre_first_20ms,120.5625,140.5625,0.0,0.0,0.0,0.0,0.0
baseline,0.00625,720575940651425782,early,0.0,180.0,14.52,0.0,14.52,0.0,0.0
baseline,0.00625,720575940651425782,later,180.0,1000.0,54.11999999999999,0.0,54.11999999999999,0.0,0.0
baseline,0.00625,720575940651425782,pre_first_20ms,120.57500000000002,140.57500000000002,0.0,0.0,0.0,0.0,0.0
baseline,0.00625,720575940624486899,early,0.0,180.0,0.0,-8.448,0.0,-8.448,0.0
baseline,0.00625,720575940624486899,later,180.0,1000.0,0.0,-29.568,0.0,-29.568,0.0
baseline,0.00625,720575940624486899,pre_first_20ms,120.70000000000002,140.70000000000002,0.0,0.0,0.0,0.0,0.0
baseline,0.00625,720575940628529155,early,0.0,180.0,0.66,0.0,0.66,0.0,0.0
baseline,0.00625,720575940628529155,later,180.0,1000.0,2.31,0.0,2.31,0.0,0.0
baseline,0.00625,720575940628529155,pre_first_20ms,120.72500000000002,140.72500000000002,0.0,0.0,0.0,0.0,0.0
baseline,0.00625,720575940629969111,early,0.0,180.0,15.18,-2.64,15.18,-2.64,0.0
baseline,0.00625,720575940629969111,later,180.0,1000.0,53.13000000000001,-9.24,53.13000000000001,-9.24,0.0
baseline,0.00625,720575940629969111,pre_first_20ms,120.76250000000002,140.76250000000002,0.0,0.0,0.0,0.0,0.0
baseline,0.00625,720575940621504794,early,0.0,180.0,3.96,0.0,3.96,0.0,0.0
baseline,0.00625,720575940621504794,later,180.0,1000.0,13.860000000000001,0.0,13.860000000000001,0.0,0.0
baseline,0.00625,720575940621504794,pre_first_20ms,120.80000000000001,140.8,0.0,0.0,0.0,0.0,0.0
baseline,0.00625,720575940622241160,early,0.0,180.0,1.32,0.0,1.32,0.0,0.0
baseline,0.00625,720575940622241160,later,180.0,1000.0,5.94,0.0,5.94,0.0,0.0
baseline,0.00625,720575940622241160,pre_first_20ms,120.8375,140.8375,0.0,0.0,0.0,0.0,0.0
baseline,0.00625,720575940621870886,early,0.0,180.0,14.52,0.0,14.52,0.0,0.0
baseline,0.00625,720575940621870886,later,180.0,1000.0,55.109999999999985,0.0,55.109999999999985,0.0,0.0
baseline,0.00625,720575940621870886,pre_first_20ms,120.85,140.85,0.0,0.0,0.0,0.0,0.0
baseline,0.00625,720575940624470763,early,0.0,180.0,33.0,-0.264,33.0,-0.264,0.0
baseline,0.00625,720575940624470763,later,180.0,1000.0,122.42999999999999,-0.264,122.42999999999999,-0.264,0.0
baseline,0.00625,720575940624470763,pre_first_20ms,120.85,140.85,0.0,0.0,0.0,0.0,0.0
baseline,0.00625,720575940625878160,early,0.0,180.0,2.64,-21.648000000000003,2.64,-21.648000000000003,0.0
baseline,0.00625,720575940625878160,later,180.0,1000.0,34.98,-148.89600000000002,34.98,-148.89600000000002,0.0
baseline,0.00625,720575940625878160,pre_first_20ms,121.1,141.1,0.66,-2.904000000000001,0.66,-2.904000000000001,0.0
baseline,0.00625,720575940643701152,early,0.0,180.0,26.730000000000004,-3.696,26.730000000000004,-3.696,0.0
baseline,0.00625,720575940643701152,later,180.0,1000.0,99.00000000000001,-24.816000000000003,99.00000000000001,-24.816000000000003,0.0
baseline,0.00625,720575940643701152,pre_first_20ms,121.1625,141.1625,0.0,-0.264,0.0,-0.264,0.0
baseline,0.00625,720575940633874015,early,0.0,180.0,0.0,0.0,0.0,0.0,0.0
baseline,0.00625,720575940633874015,later,180.0,1000.0,0.0,0.0,0.0,0.0,0.0
baseline,0.00625,720575940633874015,pre_first_20ms,121.23750000000001,141.2375,0.0,0.0,0.0,0.0,0.0
baseline,0.00625,720575940631828307,early,0.0,180.0,0.66,0.0,0.66,0.0,0.0
baseline,0.00625,720575940631828307,later,180.0,1000.0,2.31,0.0,2.31,0.0,0.0
baseline,0.00625,720575940631828307,pre_first_20ms,121.275,141.275,0.0,0.0,0.0,0.0,0.0
baseline,0.00625,720575940614383978,early,0.0,180.0,0.0,-2.904,0.0,-2.904,0.0
baseline,0.00625,720575940614383978,later,180.0,1000.0,0.0,-21.12,0.0,-21.12,0.0
baseline,0.00625,720575940614383978,pre_first_20ms,121.42499999999998,141.42499999999998,0.0,-0.792,0.0,-0.792,0.0
baseline,0.00625,720575940640178640,early,0.0,180.0,4.62,-7.920000000000001,4.62,-7.920000000000001,0.0
baseline,0.00625,720575940640178640,later,180.0,1000.0,11.55,-36.16800000000001,11.55,-36.16800000000001,0.0
baseline,0.00625,720575940640178640,pre_first_20ms,121.45000000000002,141.45000000000002,0.0,-0.264,0.0,-0.264,0.0
baseline,0.00625,720575940630135084,early,0.0,180.0,55.44,-389.92800000000005,55.44,-389.92800000000005,0.0
baseline,0.00625,720575940630135084,later,180.0,1000.0,209.21999999999997,-2191.992,209.21999999999997,-2191.992,0.0
baseline,0.00625,720575940630135084,pre_first_20ms,121.47500000000002,141.47500000000002,0.66,-30.096000000000004,0.66,-30.096000000000004,0.0
baseline,0.00625,720575940617868249,early,0.0,180.0,0.66,-8.448000000000002,0.66,-8.448000000000002,0.0
baseline,0.00625,720575940617868249,later,180.0,1000.0,2.64,-3.96,2.64,-3.96,0.0
baseline,0.00625,720575940617868249,pre_first_20ms,121.525,141.525,0.0,0.0,0.0,0.0,0.0
baseline,0.00625,720575940611578225,early,0.0,180.0,3.96,0.0,3.96,0.0,0.0
baseline,0.00625,720575940611578225,later,180.0,1000.0,13.860000000000001,0.0,13.860000000000001,0.0,0.0
baseline,0.00625,720575940611578225,pre_first_20ms,121.5875,141.5875,0.0,0.0,0.0,0.0,0.0
baseline,0.00625,720575940616471052,early,0.0,180.0,180.17999999999998,-223.344,180.17999999999998,-223.344,0.0
baseline,0.00625,720575940616471052,later,180.0,1000.0,858.0000000000001,-1212.288,858.0000000000001,-1212.288,0.0
baseline,0.00625,720575940616471052,pre_first_20ms,121.625,141.625,22.44,-26.928,22.44,-26.928,0.0
baseline,0.00625,720575940615438402,early,0.0,180.0,0.0,0.0,0.0,0.0,0.0
baseline,0.00625,720575940615438402,later,180.0,1000.0,0.0,0.0,0.0,0.0,0.0
baseline,0.00625,720575940615438402,pre_first_20ms,121.65,141.65,0.0,0.0,0.0,0.0,0.0
baseline,0.00625,720575940621467212,early,0.0,180.0,1.32,0.0,1.32,0.0,0.0
baseline,0.00625,720575940621467212,later,180.0,1000.0,5.94,0.0,5.94,0.0,0.0
baseline,0.00625,720575940621467212,pre_first_20ms,121.73750000000001,141.7375,0.0,0.0,0.0,0.0,0.0
baseline,0.00625,720575940630025004,early,0.0,180.0,0.0,0.0,0.0,0.0,0.0
baseline,0.00625,720575940630025004,later,180.0,1000.0,0.0,0.0,0.0,0.0,0.0
baseline,0.00625,720575940630025004,pre_first_20ms,121.78750000000002,141.78750000000002,0.0,0.0,0.0,0.0,0.0
baseline,0.00625,720575940630617386,early,0.0,180.0,0.0,-24.288000000000004,0.0,-24.288000000000004,0.0
baseline,0.00625,720575940630617386,later,180.0,1000.0,0.0,0.0,0.0,0.0,0.0
baseline,0.00625,720575940630617386,pre_first_20ms,121.88749999999999,141.8875,0.0,0.0,0.0,0.0,0.0
baseline,0.00625,720575940629947964,early,0.0,180.0,0.0,0.0,0.0,0.0,0.0
baseline,0.00625,720575940629947964,later,180.0,1000.0,0.0,0.0,0.0,0.0,0.0
baseline,0.00625,720575940629947964,pre_first_20ms,121.9,141.9,0.0,0.0,0.0,0.0,0.0
baseline,0.00625,720575940618807454,early,0.0,180.0,0.0,-1.32,0.0,-1.32,0.0
baseline,0.00625,720575940618807454,later,180.0,1000.0,0.66,-0.792,0.66,-0.792,0.0
baseline,0.00625,720575940618807454,pre_first_20ms,121.9625,141.9625,0.0,0.0,0.0,0.0,0.0
baseline,0.00625,720575940627808122,early,0.0,180.0,0.0,0.0,0.0,0.0,0.0
baseline,0.00625,720575940627808122,later,180.0,1000.0,0.0,0.0,0.0,0.0,0.0
baseline,0.00625,720575940627808122,pre_first_20ms,121.98750000000001,141.9875,0.0,0.0,0.0,0.0,0.0
baseline,0.00625,720575940611745429,early,0.0,180.0,0.0,0.0,0.0,0.0,0.0
baseline,0.00625,720575940611745429,later,180.0,1000.0,0.0,0.0,0.0,0.0,0.0
baseline,0.00625,720575940611745429,pre_first_20ms,122.01250000000002,142.01250000000002,0.0,0.0,0.0,0.0,0.0
baseline,0.00625,720575940631182354,early,0.0,180.0,0.66,0.0,0.66,0.0,0.0
baseline,0.00625,720575940631182354,later,180.0,1000.0,3.3000000000000003,0.0,3.3000000000000003,0.0,0.0
baseline,0.00625,720575940631182354,pre_first_20ms,122.125,142.125,0.0,0.0,0.0,0.0,0.0
baseline,0.00625,720575940635507960,early,0.0,180.0,0.0,0.0,0.0,0.0,0.0
baseline,0.00625,720575940635507960,later,180.0,1000.0,0.0,0.0,0.0,0.0,0.0
baseline,0.00625,720575940635507960,pre_first_20ms,122.125,142.125,0.0,0.0,0.0,0.0,0.0
baseline,0.00625,720575940629502251,early,0.0,180.0,4.29,-91.608,4.29,-91.608,0.0
baseline,0.00625,720575940629502251,later,180.0,1000.0,19.14,-559.4159999999999,19.14,-559.4159999999999,0.0
baseline,0.00625,720575940629502251,pre_first_20ms,122.15,142.15,0.0,-1.584,0.0,-1.584,0.0
baseline,0.00625,720575940617749538,early,0.0,180.0,0.0,0.0,0.0,0.0,0.0
baseline,0.00625,720575940617749538,later,180.0,1000.0,0.0,0.0,0.0,0.0,0.0
baseline,0.00625,720575940617749538,pre_first_20ms,122.30000000000001,142.3,0.0,0.0,0.0,0.0,0.0
baseline,0.00625,720575940621768180,early,0.0,180.0,1.32,-151.27200000000002,1.32,-151.27200000000002,0.0
baseline,0.00625,720575940621768180,later,180.0,1000.0,4.62,-468.86400000000003,4.62,-468.86400000000003,0.0
baseline,0.00625,720575940621768180,pre_first_20ms,122.35,142.35,0.0,0.0,0.0,0.0,0.0
baseline,0.00625,720575940623201833,early,0.0,180.0,0.0,0.0,0.0,0.0,0.0
baseline,0.00625,720575940623201833,later,180.0,1000.0,0.0,0.0,0.0,0.0,0.0
baseline,0.00625,720575940623201833,pre_first_20ms,122.36250000000001,142.3625,0.0,0.0,0.0,0.0,0.0
baseline,0.00625,720575940629701881,early,0.0,180.0,0.0,-8.184000000000001,0.0,-8.184000000000001,0.0
baseline,0.00625,720575940629701881,later,180.0,1000.0,0.0,-0.264,0.0,-0.264,0.0
baseline,0.00625,720575940629701881,pre_first_20ms,122.4625,142.4625,0.0,0.0,0.0,0.0,0.0
baseline,0.00625,720575940627380679,early,0.0,180.0,0.0,-1.056,0.0,-1.056,0.0
baseline,0.00625,720575940627380679,later,180.0,1000.0,0.0,-3.696,0.0,-3.696,0.0
baseline,0.00625,720575940627380679,pre_first_20ms,122.53750000000002,142.53750000000002,0.0,0.0,0.0,0.0,0.0
baseline,0.00625,720575940629755723,early,0.0,180.0,0.0,0.0,0.0,0.0,0.0
baseline,0.00625,720575940629755723,later,180.0,1000.0,0.0,0.0,0.0,0.0,0.0
baseline,0.00625,720575940629755723,pre_first_20ms,122.55000000000001,142.55,0.0,0.0,0.0,0.0,0.0
baseline,0.00625,720575940620571574,early,0.0,180.0,48.84,0.0,48.84,0.0,0.0
baseline,0.00625,720575940620571574,later,180.0,1000.0,183.15000000000003,0.0,183.15000000000003,0.0,0.0
baseline,0.00625,720575940620571574,pre_first_20ms,122.5625,142.5625,0.0,0.0,0.0,0.0,0.0
baseline,0.00625,720575940631670865,early,0.0,180.0,0.66,0.0,0.66,0.0,0.0
baseline,0.00625,720575940631670865,later,180.0,1000.0,2.31,-0.264,2.31,-0.264,0.0
baseline,0.00625,720575940631670865,pre_first_20ms,122.625,142.625,0.0,0.0,0.0,0.0,0.0
baseline,0.00625,720575940624982823,early,0.0,180.0,19.8,-17.160000000000004,19.8,-17.160000000000004,0.0
baseline,0.00625,720575940624982823,later,180.0,1000.0,83.49,-113.52,83.49,-113.52,0.0
baseline,0.00625,720575940624982823,pre_first_20ms,122.67499999999998,142.67499999999998,0.66,-1.584,0.66,-1.584,0.0
baseline,0.00625,720575940634575796,early,0.0,180.0,0.0,0.0,0.0,0.0,0.0
baseline,0.00625,720575940634575796,later,180.0,1000.0,0.0,0.0,0.0,0.0,0.0
baseline,0.00625,720575940634575796,pre_first_20ms,122.6875,142.6875,0.0,0.0,0.0,0.0,0.0
baseline,0.00625,720575940624534972,early,0.0,180.0,35.97,-123.28800000000001,35.97,-123.28800000000001,0.0
baseline,0.00625,720575940624534972,later,180.0,1000.0,214.5,-574.9920000000001,214.5,-574.9920000000001,0.0
baseline,0.00625,720575940624534972,pre_first_20ms,122.75000000000003,142.75000000000003,0.0,-14.520000000000003,0.0,-14.520000000000003,0.0
baseline,0.00625,720575940626879505,early,0.0,180.0,23.1,-4.752000000000001,23.1,-4.752000000000001,0.0
baseline,0.00625,720575940626879505,later,180.0,1000.0,83.15999999999998,-24.552000000000003,83.15999999999998,-24.552000000000003,0.0
baseline,0.00625,720575940626879505,pre_first_20ms,122.80000000000001,142.8,0.0,-0.528,0.0,-0.528,0.0
baseline,0.00625,720575940629529722,early,0.0,180.0,1.32,-0.528,1.32,-0.528,0.0
baseline,0.00625,720575940629529722,later,180.0,1000.0,4.62,-1.848,4.62,-1.848,0.0
baseline,0.00625,720575940629529722,pre_first_20ms,122.80000000000001,142.8,0.0,0.0,0.0,0.0,0.0
baseline,0.00625,720575940609077828,early,0.0,180.0,31.02,0.0,31.02,0.0,0.0
baseline,0.00625,720575940609077828,later,180.0,1000.0,108.57000000000001,0.0,108.57000000000001,0.0,0.0
baseline,0.00625,720575940609077828,pre_first_20ms,122.875,142.875,0.0,0.0,0.0,0.0,0.0
baseline,0.00625,720575940629585602,early,0.0,180.0,0.0,0.0,0.0,0.0,0.0
baseline,0.00625,720575940629585602,later,180.0,1000.0,0.0,0.0,0.0,0.0,0.0
baseline,0.00625,720575940629585602,pre_first_20ms,122.97500000000002,142.97500000000002,0.0,0.0,0.0,0.0,0.0
baseline,0.00625,720575940630914245,early,0.0,180.0,0.0,0.0,0.0,0.0,0.0
baseline,0.00625,720575940630914245,later,180.0,1000.0,0.0,0.0,0.0,0.0,0.0
baseline,0.00625,720575940630914245,pre_first_20ms,122.97500000000002,142.97500000000002,0.0,0.0,0.0,0.0,0.0
baseline,0.00625,720575940631990343,early,0.0,180.0,0.0,0.0,0.0,0.0,0.0
baseline,0.00625,720575940631990343,later,180.0,1000.0,0.0,0.0,0.0,0.0,0.0
baseline,0.00625,720575940631990343,pre_first_20ms,123.03750000000002,143.03750000000002,0.0,0.0,0.0,0.0,0.0
baseline,0.00625,720575940617413957,early,0.0,180.0,0.0,0.0,0.0,0.0,0.0
baseline,0.00625,720575940617413957,later,180.0,1000.0,0.0,0.0,0.0,0.0,0.0
baseline,0.00625,720575940617413957,pre_first_20ms,123.1625,143.1625,0.0,0.0,0.0,0.0,0.0
baseline,0.00625,720575940616486230,early,0.0,180.0,0.0,0.0,0.0,0.0,0.0
baseline,0.00625,720575940616486230,later,180.0,1000.0,0.0,0.0,0.0,0.0,0.0
baseline,0.00625,720575940616486230,pre_first_20ms,123.19999999999999,143.2,0.0,0.0,0.0,0.0,0.0
baseline,0.00625,720575940632230099,early,0.0,180.0,0.0,0.0,0.0,0.0,0.0
baseline,0.00625,720575940632230099,later,180.0,1000.0,0.0,0.0,0.0,0.0,0.0
baseline,0.00625,720575940632230099,pre_first_20ms,123.22500000000002,143.22500000000002,0.0,0.0,0.0,0.0,0.0
baseline,0.00625,720575940617244372,early,0.0,180.0,0.0,0.0,0.0,0.0,0.0
baseline,0.00625,720575940617244372,later,180.0,1000.0,0.0,0.0,0.0,0.0,0.0
baseline,0.00625,720575940617244372,pre_first_20ms,123.375,143.375,0.0,0.0,0.0,0.0,0.0
baseline,0.00625,720575940630810695,early,0.0,180.0,8.25,-8.448,8.25,-8.448,0.0
baseline,0.00625,720575940630810695,later,180.0,1000.0,32.34,-39.60000000000001,32.34,-39.60000000000001,0.0
baseline,0.00625,720575940630810695,pre_first_20ms,123.48750000000001,143.4875,0.0,-0.528,0.0,-0.528,0.0
baseline,0.00625,720575940641148405,early,0.0,180.0,0.0,-10.560000000000002,0.0,-10.560000000000002,0.0
baseline,0.00625,720575940641148405,later,180.0,1000.0,0.0,-10.824,0.0,-10.824,0.0
baseline,0.00625,720575940641148405,pre_first_20ms,123.65,143.65,0.0,0.0,0.0,0.0,0.0
baseline,0.00625,720575940634418021,early,0.0,180.0,0.0,-0.528,0.0,-0.528,0.0
baseline,0.00625,720575940634418021,later,180.0,1000.0,0.0,-1.848,0.0,-1.848,0.0
baseline,0.00625,720575940634418021,pre_first_20ms,123.69999999999999,143.7,0.0,0.0,0.0,0.0,0.0
baseline,0.00625,720575940617728852,early,0.0,180.0,0.0,0.0,0.0,0.0,0.0
baseline,0.00625,720575940617728852,later,180.0,1000.0,0.0,0.0,0.0,0.0,0.0
baseline,0.00625,720575940617728852,pre_first_20ms,123.86250000000001,143.8625,0.0,0.0,0.0,0.0,0.0
baseline,0.00625,720575940616235348,early,0.0,180.0,0.0,0.0,0.0,0.0,0.0
baseline,0.00625,720575940616235348,later,180.0,1000.0,0.0,0.0,0.0,0.0,0.0
baseline,0.00625,720575940616235348,pre_first_20ms,123.88749999999999,143.8875,0.0,0.0,0.0,0.0,0.0
baseline,0.00625,720575940623182847,early,0.0,180.0,18.810000000000002,0.0,18.810000000000002,0.0,0.0
baseline,0.00625,720575940623182847,later,180.0,1000.0,66.66,0.0,66.66,0.0,0.0
baseline,0.00625,720575940623182847,pre_first_20ms,123.98750000000001,143.9875,0.0,0.0,0.0,0.0,0.0
baseline,0.00625,720575940629360459,early,0.0,180.0,0.0,0.0,0.0,0.0,0.0
baseline,0.00625,720575940629360459,later,180.0,1000.0,0.0,0.0,0.0,0.0,0.0
baseline,0.00625,720575940629360459,pre_first_20ms,124.00000000000003,144.00000000000003,0.0,0.0,0.0,0.0,0.0
baseline,0.00625,720575940624280328,early,0.0,180.0,0.99,0.0,0.99,0.0,0.0
baseline,0.00625,720575940624280328,later,180.0,1000.0,3.96,0.0,3.96,0.0,0.0
baseline,0.00625,720575940624280328,pre_first_20ms,124.07500000000002,144.07500000000002,0.0,0.0,0.0,0.0,0.0
baseline,0.00625,720575940621712990,early,0.0,180.0,9.9,-1.32,9.9,-1.32,0.0
baseline,0.00625,720575940621712990,later,180.0,1000.0,34.65,-3.696,34.65,-3.696,0.0
baseline,0.00625,720575940621712990,pre_first_20ms,124.13749999999999,144.1375,0.0,0.0,0.0,0.0,0.0
baseline,0.00625,720575940608744405,early,0.0,180.0,9.9,-14.520000000000001,9.9,-14.520000000000001,0.0
baseline,0.00625,720575940608744405,later,180.0,1000.0,35.30999999999999,-63.88800000000001,35.30999999999999,-63.88800000000001,0.0
baseline,0.00625,720575940608744405,pre_first_20ms,124.38749999999999,144.3875,0.0,-0.792,0.0,-0.792,0.0
baseline,0.00625,720575940614573674,early,0.0,180.0,0.0,0.0,0.0,0.0,0.0
baseline,0.00625,720575940614573674,later,180.0,1000.0,0.0,0.0,0.0,0.0,0.0
baseline,0.00625,720575940614573674,pre_first_20ms,124.57500000000002,144.57500000000002,0.0,0.0,0.0,0.0,0.0
baseline,0.00625,720575940620842111,early,0.0,180.0,3.9600000000000004,-6.6000000000000005,3.9600000000000004,-6.6000000000000005,0.0
baseline,0.00625,720575940620842111,later,180.0,1000.0,30.360000000000003,-41.184000000000005,30.360000000000003,-41.184000000000005,0.0
baseline,0.00625,720575940620842111,pre_first_20ms,124.625,144.625,0.0,-0.528,0.0,-0.528,0.0
baseline,0.00625,720575940617078489,early,0.0,180.0,0.0,0.0,0.0,0.0,0.0
baseline,0.00625,720575940617078489,later,180.0,1000.0,0.0,-2.112,0.0,-2.112,0.0
baseline,0.00625,720575940617078489,pre_first_20ms,124.65,144.65,0.0,0.0,0.0,0.0,0.0
baseline,0.00625,720575940621595888,early,0.0,180.0,1.65,-0.264,1.65,-0.264,0.0
baseline,0.00625,720575940621595888,later,180.0,1000.0,4.95,-0.264,4.95,-0.264,0.0
baseline,0.00625,720575940621595888,pre_first_20ms,124.80000000000001,144.8,0.0,0.0,0.0,0.0,0.0
baseline,0.00625,720575940631349096,early,0.0,180.0,0.0,0.0,0.0,0.0,0.0
baseline,0.00625,720575940631349096,later,180.0,1000.0,0.0,0.0,0.0,0.0,0.0
baseline,0.00625,720575940631349096,pre_first_20ms,124.86250000000001,144.8625,0.0,0.0,0.0,0.0,0.0
baseline,0.00625,720575940625212965,early,0.0,180.0,0.0,0.0,0.0,0.0,0.0
baseline,0.00625,720575940625212965,later,180.0,1000.0,0.0,0.0,0.0,0.0,0.0
baseline,0.00625,720575940625212965,pre_first_20ms,124.875,144.875,0.0,0.0,0.0,0.0,0.0
baseline,0.00625,720575940631517251,early,0.0,180.0,2.64,-39.072,2.64,-39.072,0.0
baseline,0.00625,720575940631517251,later,180.0,1000.0,26.4,-145.992,26.4,-145.992,0.0
baseline,0.00625,720575940631517251,pre_first_20ms,124.9125,144.9125,0.0,-5.28,0.0,-5.28,0.0
baseline,0.00625,720575940624477246,early,0.0,180.0,0.66,0.0,0.66,0.0,0.0
baseline,0.00625,720575940624477246,later,180.0,1000.0,2.31,0.0,2.31,0.0,0.0
baseline,0.00625,720575940624477246,pre_first_20ms,125.11250000000001,145.1125,0.0,0.0,0.0,0.0,0.0
baseline,0.00625,720575940620266689,early,0.0,180.0,0.0,-1.5840000000000003,0.0,-1.5840000000000003,0.0
baseline,0.00625,720575940620266689,later,180.0,1000.0,0.66,-9.768,0.66,-9.768,0.0
baseline,0.00625,720575940620266689,pre_first_20ms,125.375,145.375,0.0,0.0,0.0,0.0,0.0
baseline,0.00625,720575940613948834,early,0.0,180.0,0.0,0.0,0.0,0.0,0.0
baseline,0.00625,720575940613948834,later,180.0,1000.0,0.0,0.0,0.0,0.0,0.0
baseline,0.00625,720575940613948834,pre_first_20ms,125.48750000000001,145.4875,0.0,0.0,0.0,0.0,0.0
baseline,0.00625,720575940619820368,early,0.0,180.0,28.38,-4.224,28.38,-4.224,0.0
baseline,0.00625,720575940619820368,later,180.0,1000.0,97.67999999999999,-20.328000000000007,97.67999999999999,-20.328000000000007,0.0
baseline,0.00625,720575940619820368,pre_first_20ms,125.6875,145.6875,0.0,0.0,0.0,0.0,0.0
baseline,0.00625,720575940609932130,early,0.0,180.0,0.0,0.0,0.0,0.0,0.0
baseline,0.00625,720575940609932130,later,180.0,1000.0,0.0,0.0,0.0,0.0,0.0
baseline,0.00625,720575940609932130,pre_first_20ms,125.775,145.775,0.0,0.0,0.0,0.0,0.0
baseline,0.00625,720575940633735063,early,0.0,180.0,0.0,0.0,0.0,0.0,0.0
baseline,0.00625,720575940633735063,later,180.0,1000.0,0.0,0.0,0.0,0.0,0.0
baseline,0.00625,720575940633735063,pre_first_20ms,125.9375,145.9375,0.0,0.0,0.0,0.0,0.0
baseline,0.00625,720575940624093693,early,0.0,180.0,3.3,0.0,3.3,0.0,0.0
baseline,0.00625,720575940624093693,later,180.0,1000.0,11.55,-0.528,11.55,-0.528,0.0
baseline,0.00625,720575940624093693,pre_first_20ms,125.98750000000001,145.9875,0.0,0.0,0.0,0.0,0.0
baseline,0.00625,720575940610404977,early,0.0,180.0,1.98,0.0,1.98,0.0,0.0
baseline,0.00625,720575940610404977,later,180.0,1000.0,6.930000000000001,0.0,6.930000000000001,0.0,0.0
baseline,0.00625,720575940610404977,pre_first_20ms,126.05000000000001,146.05,0.0,0.0,0.0,0.0,0.0
baseline,0.00625,720575940619998630,early,0.0,180.0,60.059999999999995,-94.512,60.059999999999995,-94.512,0.0
baseline,0.00625,720575940619998630,later,180.0,1000.0,293.03999999999996,-547.008,293.03999999999996,-547.008,0.0
baseline,0.00625,720575940619998630,pre_first_20ms,126.0875,146.0875,2.64,-27.192000000000007,2.64,-27.192000000000007,0.0
baseline,0.00625,720575940630930383,early,0.0,180.0,14.52,-4.224,14.52,-4.224,0.0
baseline,0.00625,720575940630930383,later,180.0,1000.0,64.02,-18.216,64.02,-18.216,0.0
baseline,0.00625,720575940630930383,pre_first_20ms,126.13750000000002,146.13750000000002,0.0,-0.264,0.0,-0.264,0.0
baseline,0.00625,720575940607472649,early,0.0,180.0,4.62,-5.808000000000001,4.62,-5.808000000000001,0.0
baseline,0.00625,720575940607472649,later,180.0,1000.0,16.17,-20.328000000000003,16.17,-20.328000000000003,0.0
baseline,0.00625,720575940607472649,pre_first_20ms,126.25000000000003,146.25000000000003,0.0,0.0,0.0,0.0,0.0
baseline,0.00625,720575940627368723,early,0.0,180.0,115.17,-142.29600000000002,115.17,-142.29600000000002,0.0
baseline,0.00625,720575940627368723,later,180.0,1000.0,571.8900000000001,-707.2560000000001,571.8900000000001,-707.2560000000001,0.0
baseline,0.00625,720575940627368723,pre_first_20ms,126.3375,146.3375,5.61,-13.728,5.61,-13.728,0.0
baseline,0.00625,720575940622998627,early,0.0,180.0,6.6,-13.992,6.6,-13.992,0.0
baseline,0.00625,720575940622998627,later,180.0,1000.0,24.749999999999996,-99.0,24.749999999999996,-99.0,0.0
baseline,0.00625,720575940622998627,pre_first_20ms,126.4,146.4,2.97,-0.528,2.97,-0.528,0.0
baseline,0.00625,720575940639948160,early,0.0,180.0,13.53,0.0,13.53,0.0,0.0
baseline,0.00625,720575940639948160,later,180.0,1000.0,46.53,-0.528,46.53,-0.528,0.0
baseline,0.00625,720575940639948160,pre_first_20ms,126.4125,146.4125,0.0,0.0,0.0,0.0,0.0
baseline,0.00625,720575940634310763,early,0.0,180.0,2.31,-4.752,2.31,-4.752,0.0
baseline,0.00625,720575940634310763,later,180.0,1000.0,13.860000000000001,-26.664,13.860000000000001,-26.664,0.0
baseline,0.00625,720575940634310763,pre_first_20ms,126.4375,146.4375,0.33,-0.528,0.33,-0.528,0.0
baseline,0.00625,720575940626654041,early,0.0,180.0,1.32,-1.056,1.32,-1.056,0.0
baseline,0.00625,720575940626654041,later,180.0,1000.0,4.62,-3.9600000000000004,4.62,-3.9600000000000004,0.0
baseline,0.00625,720575940626654041,pre_first_20ms,126.51250000000002,146.51250000000002,0.0,0.0,0.0,0.0,0.0
baseline,0.00625,720575940618165393,early,0.0,180.0,12.870000000000001,-37.224000000000004,12.870000000000001,-37.224000000000004,0.0
baseline,0.00625,720575940618165393,later,180.0,1000.0,50.489999999999995,-205.65600000000003,50.489999999999995,-205.65600000000003,0.0
baseline,0.00625,720575940618165393,pre_first_20ms,126.525,146.525,6.2700000000000005,-2.9040000000000004,6.2700000000000005,-2.9040000000000004,0.0
baseline,0.00625,720575940625336464,early,0.0,180.0,7.26,0.0,7.26,0.0,0.0
baseline,0.00625,720575940625336464,later,180.0,1000.0,25.409999999999997,0.0,25.409999999999997,0.0,0.0
baseline,0.00625,720575940625336464,pre_first_20ms,126.5875,146.5875,0.0,0.0,0.0,0.0,0.0
baseline,0.00625,720575940626693130,early,0.0,180.0,0.0,0.0,0.0,0.0,0.0
baseline,0.00625,720575940626693130,later,180.0,1000.0,2.64,-3.168,2.64,-3.168,0.0
baseline,0.00625,720575940626693130,pre_first_20ms,126.725,146.725,0.0,0.0,0.0,0.0,0.0
baseline,0.00625,720575940636553902,early,0.0,180.0,1.98,-2.112,1.98,-2.112,0.0
baseline,0.00625,720575940636553902,later,180.0,1000.0,6.930000000000001,-7.392,6.930000000000001,-7.392,0.0
baseline,0.00625,720575940636553902,pre_first_20ms,126.9,146.9,0.0,0.0,0.0,0.0,0.0
baseline,0.00625,720575940614908383,early,0.0,180.0,7.26,-24.552000000000003,7.26,-24.552000000000003,0.0
baseline,0.00625,720575940614908383,later,180.0,1000.0,24.75,-122.75999999999999,24.75,-122.75999999999999,0.0
baseline,0.00625,720575940614908383,pre_first_20ms,126.92500000000001,146.925,0.0,-2.3760000000000003,0.0,-2.3760000000000003,0.0
baseline,0.00625,720575940639028413,early,0.0,180.0,1.98,-27.192000000000007,1.98,-27.192000000000007,0.0
baseline,0.00625,720575940639028413,later,180.0,1000.0,10.23,-66.26400000000001,10.23,-66.26400000000001,0.0
baseline,0.00625,720575940639028413,pre_first_20ms,127.275,147.275,0.0,-0.264,0.0,-0.264,0.0
baseline,0.00625,720575940637073385,early,0.0,180.0,0.0,0.0,0.0,0.0,0.0
baseline,0.00625,720575940637073385,later,180.0,1000.0,0.0,-7.656000000000001,0.0,-7.656000000000001,0.0
baseline,0.00625,720575940637073385,pre_first_20ms,127.42500000000001,147.425,0.0,0.0,0.0,0.0,0.0
baseline,0.00625,720575940619488495,early,0.0,180.0,5.9399999999999995,-1.056,5.9399999999999995,-1.056,0.0
baseline,0.00625,720575940619488495,later,180.0,1000.0,20.79,-3.696,20.79,-3.696,0.0
baseline,0.00625,720575940619488495,pre_first_20ms,127.57500000000002,147.57500000000002,0.0,0.0,0.0,0.0,0.0
baseline,0.00625,720575940614457342,early,0.0,180.0,0.0,0.0,0.0,0.0,0.0
baseline,0.00625,720575940614457342,later,180.0,1000.0,0.0,0.0,0.0,0.0,0.0
baseline,0.00625,720575940614457342,pre_first_20ms,127.875,147.875,0.0,0.0,0.0,0.0,0.0
baseline,0.00625,720575940627757584,early,0.0,180.0,1.32,-4.224,1.32,-4.224,0.0
baseline,0.00625,720575940627757584,later,180.0,1000.0,5.94,-27.720000000000002,5.94,-27.720000000000002,0.0
baseline,0.00625,720575940627757584,pre_first_20ms,127.9375,147.9375,0.0,0.0,0.0,0.0,0.0
baseline,0.00625,720575940637210334,early,0.0,180.0,5.94,-10.56,5.94,-10.56,0.0
baseline,0.00625,720575940637210334,later,180.0,1000.0,23.759999999999998,-39.6,23.759999999999998,-39.6,0.0
baseline,0.00625,720575940637210334,pre_first_20ms,127.98749999999998,147.98749999999998,0.0,-1.056,0.0,-1.056,0.0
baseline,0.00625,720575940629461442,early,0.0,180.0,0.0,-9.24,0.0,-9.24,0.0
baseline,0.00625,720575940629461442,later,180.0,1000.0,5.28,-53.32800000000001,5.28,-53.32800000000001,0.0
baseline,0.00625,720575940629461442,pre_first_20ms,128.03750000000002,148.03750000000002,0.0,-1.8480000000000003,0.0,-1.8480000000000003,0.0
baseline,0.00625,720575940607982428,early,0.0,180.0,0.0,-8.448,0.0,-8.448,0.0
baseline,0.00625,720575940607982428,later,180.0,1000.0,1.32,-52.272000000000006,1.32,-52.272000000000006,0.0
baseline,0.00625,720575940607982428,pre_first_20ms,128.2,148.2,0.0,-0.792,0.0,-0.792,0.0
baseline,0.00625,720575940611182554,early,0.0,180.0,2.64,-0.264,2.64,-0.264,0.0
baseline,0.00625,720575940611182554,later,180.0,1000.0,9.24,-0.792,9.24,-0.792,0.0
baseline,0.00625,720575940611182554,pre_first_20ms,128.23749999999998,148.23749999999998,0.0,0.0,0.0,0.0,0.0
baseline,0.00625,720575940634258146,early,0.0,180.0,66.0,-28.512000000000008,66.0,-28.512000000000008,0.0
baseline,0.00625,720575940634258146,later,180.0,1000.0,244.86000000000004,-105.86400000000003,244.86000000000004,-105.86400000000003,0.0
baseline,0.00625,720575940634258146,pre_first_20ms,128.375,148.375,1.98,-0.264,1.98,-0.264,0.0
baseline,0.00625,720575940638937688,early,0.0,180.0,0.66,0.0,0.66,0.0,0.0
baseline,0.00625,720575940638937688,later,180.0,1000.0,2.31,-2.3760000000000003,2.31,-2.3760000000000003,0.0
baseline,0.00625,720575940638937688,pre_first_20ms,128.38750000000002,148.38750000000002,0.0,0.0,0.0,0.0,0.0
baseline,0.00625,720575940618398533,early,0.0,180.0,16.5,-2.9040000000000004,16.5,-2.9040000000000004,0.0
baseline,0.00625,720575940618398533,later,180.0,1000.0,58.08,-37.488,58.08,-37.488,0.0
baseline,0.00625,720575940618398533,pre_first_20ms,128.425,148.425,0.0,0.0,0.0,0.0,0.0
baseline,0.00625,720575940615086698,early,0.0,180.0,10.89,-0.528,10.89,-0.528,0.0
baseline,0.00625,720575940615086698,later,180.0,1000.0,54.449999999999996,-2.112,54.449999999999996,-2.112,0.0
baseline,0.00625,720575940615086698,pre_first_20ms,128.50000000000003,148.50000000000003,0.99,0.0,0.99,0.0,0.0
baseline,0.00625,720575940625107352,early,0.0,180.0,0.0,0.0,0.0,0.0,0.0
baseline,0.00625,720575940625107352,later,180.0,1000.0,0.0,0.0,0.0,0.0,0.0
baseline,0.00625,720575940625107352,pre_first_20ms,128.50000000000003,148.50000000000003,0.0,0.0,0.0,0.0,0.0
baseline,0.00625,720575940623181823,early,0.0,180.0,9.24,0.0,9.24,0.0,0.0
baseline,0.00625,720575940623181823,later,180.0,1000.0,33.0,0.0,33.0,0.0,0.0
baseline,0.00625,720575940623181823,pre_first_20ms,128.57500000000002,148.57500000000002,0.0,0.0,0.0,0.0,0.0
baseline,0.00625,720575940632501404,early,0.0,180.0,1.98,-0.264,1.98,-0.264,0.0
baseline,0.00625,720575940632501404,later,180.0,1000.0,4.95,0.0,4.95,0.0,0.0
baseline,0.00625,720575940632501404,pre_first_20ms,128.65,148.65,0.0,0.0,0.0,0.0,0.0
baseline,0.00625,720575940623338281,early,0.0,180.0,19.470000000000002,-64.944,19.470000000000002,-64.944,0.0
baseline,0.00625,720575940623338281,later,180.0,1000.0,45.209999999999994,-340.824,45.209999999999994,-340.824,0.0
baseline,0.00625,720575940623338281,pre_first_20ms,128.73749999999998,148.73749999999998,6.930000000000001,-11.616,6.930000000000001,-11.616,0.0
baseline,0.00625,720575940624971243,early,0.0,180.0,62.370000000000005,-104.01600000000002,62.370000000000005,-104.01600000000002,0.0
baseline,0.00625,720575940624971243,later,180.0,1000.0,276.53999999999996,-476.2560000000001,276.53999999999996,-476.2560000000001,0.0
baseline,0.00625,720575940624971243,pre_first_20ms,129.1625,149.1625,3.96,-13.464000000000002,3.96,-13.464000000000002,0.0
baseline,0.00625,720575940646582836,early,0.0,180.0,7.92,-0.264,7.92,-0.264,0.0
baseline,0.00625,720575940646582836,later,180.0,1000.0,27.720000000000002,-0.528,27.720000000000002,-0.528,0.0
baseline,0.00625,720575940646582836,pre_first_20ms,129.23749999999998,149.23749999999998,0.0,0.0,0.0,0.0,0.0
baseline,0.00625,720575940631147335,early,0.0,180.0,5.28,0.0,5.28,0.0,0.0
baseline,0.00625,720575940631147335,later,180.0,1000.0,19.8,0.0,19.8,0.0,0.0
baseline,0.00625,720575940631147335,pre_first_20ms,129.56250000000003,149.56250000000003,0.0,0.0,0.0,0.0,0.0
baseline,0.00625,720575940619843311,early,0.0,180.0,0.0,0.0,0.0,0.0,0.0
baseline,0.00625,720575940619843311,later,180.0,1000.0,0.0,0.0,0.0,0.0,0.0
baseline,0.00625,720575940619843311,pre_first_20ms,129.5875,149.5875,0.0,0.0,0.0,0.0,0.0
baseline,0.00625,720575940619773867,early,0.0,180.0,1.98,0.0,1.98,0.0,0.0
baseline,0.00625,720575940619773867,later,180.0,1000.0,6.930000000000001,0.0,6.930000000000001,0.0,0.0
baseline,0.00625,720575940619773867,pre_first_20ms,129.8625,149.8625,0.0,0.0,0.0,0.0,0.0
baseline,0.00625,720575940633333916,early,0.0,180.0,0.0,0.0,0.0,0.0,0.0
baseline,0.00625,720575940633333916,later,180.0,1000.0,0.0,0.0,0.0,0.0,0.0
baseline,0.00625,720575940633333916,pre_first_20ms,129.9375,149.9375,0.0,0.0,0.0,0.0,0.0
baseline,0.00625,720575940615405718,early,0.0,180.0,0.66,0.0,0.66,0.0,0.0
baseline,0.00625,720575940615405718,later,180.0,1000.0,2.31,0.0,2.31,0.0,0.0
baseline,0.00625,720575940615405718,pre_first_20ms,130.1875,150.1875,0.0,0.0,0.0,0.0,0.0
baseline,0.00625,720575940633480860,early,0.0,180.0,1.98,0.0,1.98,0.0,0.0
baseline,0.00625,720575940633480860,later,180.0,1000.0,8.91,0.0,8.91,0.0,0.0
baseline,0.00625,720575940633480860,pre_first_20ms,130.4125,150.4125,0.0,0.0,0.0,0.0,0.0
baseline,0.00625,720575940623781268,early,0.0,180.0,0.0,0.0,0.0,0.0,0.0
baseline,0.00625,720575940623781268,later,180.0,1000.0,0.0,0.0,0.0,0.0,0.0
baseline,0.00625,720575940623781268,pre_first_20ms,130.63750000000002,150.63750000000002,0.0,0.0,0.0,0.0,0.0
baseline,0.00625,720575940624028396,early,0.0,180.0,0.0,0.0,0.0,0.0,0.0
baseline,0.00625,720575940624028396,later,180.0,1000.0,0.0,0.0,0.0,0.0,0.0
baseline,0.00625,720575940624028396,pre_first_20ms,130.6625,150.6625,0.0,0.0,0.0,0.0,0.0
baseline,0.00625,720575940628353018,early,0.0,180.0,8.58,0.0,8.58,0.0,0.0
baseline,0.00625,720575940628353018,later,180.0,1000.0,30.029999999999998,0.0,30.029999999999998,0.0,0.0
baseline,0.00625,720575940628353018,pre_first_20ms,130.725,150.725,0.0,0.0,0.0,0.0,0.0
baseline,0.00625,720575940643919908,early,0.0,180.0,7.92,-33.528,7.92,-33.528,0.0
baseline,0.00625,720575940643919908,later,180.0,1000.0,27.720000000000002,-158.13600000000002,27.720000000000002,-158.13600000000002,0.0
baseline,0.00625,720575940643919908,pre_first_20ms,130.77500000000003,150.77500000000003,0.0,0.0,0.0,0.0,0.0
baseline,0.00625,720575940612302042,early,0.0,180.0,0.66,0.0,0.66,0.0,0.0
baseline,0.00625,720575940612302042,later,180.0,1000.0,2.31,0.0,2.31,0.0,0.0
baseline,0.00625,720575940612302042,pre_first_20ms,131.02500000000003,151.02500000000003,0.0,0.0,0.0,0.0,0.0
baseline,0.00625,720575940628356102,early,0.0,180.0,6.93,-2.3760000000000003,6.93,-2.3760000000000003,0.0
baseline,0.00625,720575940628356102,later,180.0,1000.0,27.059999999999995,-10.296000000000001,27.059999999999995,-10.296000000000001,0.0
baseline,0.00625,720575940628356102,pre_first_20ms,131.25,151.25,0.33,0.0,0.33,0.0,0.0
baseline,0.00625,720575940620058537,early,0.0,180.0,0.0,0.0,0.0,0.0,0.0
baseline,0.00625,720575940620058537,later,180.0,1000.0,0.0,0.0,0.0,0.0,0.0
baseline,0.00625,720575940620058537,pre_first_20ms,131.32500000000002,151.32500000000002,0.0,0.0,0.0,0.0,0.0
baseline,0.00625,720575940615974868,early,0.0,180.0,0.0,0.0,0.0,0.0,0.0
baseline,0.00625,720575940615974868,later,180.0,1000.0,0.0,0.0,0.0,0.0,0.0
baseline,0.00625,720575940615974868,pre_first_20ms,131.3375,151.3375,0.0,0.0,0.0,0.0,0.0
baseline,0.00625,720575940639007395,early,0.0,180.0,6.6,0.0,6.6,0.0,0.0
baseline,0.00625,720575940639007395,later,180.0,1000.0,24.42,0.0,24.42,0.0,0.0
baseline,0.00625,720575940639007395,pre_first_20ms,131.7,151.7,0.0,0.0,0.0,0.0,0.0
baseline,0.00625,720575940620380449,early,0.0,180.0,0.0,-66.792,0.0,-66.792,0.0
baseline,0.00625,720575940620380449,later,180.0,1000.0,0.0,-263.736,0.0,-263.736,0.0
baseline,0.00625,720575940620380449,pre_first_20ms,132.06250000000003,152.06250000000003,0.0,-9.24,0.0,-9.24,0.0
baseline,0.00625,720575940659709569,early,0.0,180.0,33.0,-0.528,33.0,-0.528,0.0
baseline,0.00625,720575940659709569,later,180.0,1000.0,145.2,-9.240000000000002,145.2,-9.240000000000002,0.0
baseline,0.00625,720575940659709569,pre_first_20ms,132.2125,152.2125,3.6300000000000003,0.0,3.6300000000000003,0.0,0.0
baseline,0.00625,720575940627422982,early,0.0,180.0,0.0,0.0,0.0,0.0,0.0
baseline,0.00625,720575940627422982,later,180.0,1000.0,0.0,0.0,0.0,0.0,0.0
baseline,0.00625,720575940627422982,pre_first_20ms,132.3625,152.3625,0.0,0.0,0.0,0.0,0.0
baseline,0.00625,720575940630190295,early,0.0,180.0,86.46,-136.752,86.46,-136.752,0.0
baseline,0.00625,720575940630190295,later,180.0,1000.0,383.78999999999996,-601.9200000000001,383.78999999999996,-601.9200000000001,0.0
baseline,0.00625,720575940630190295,pre_first_20ms,132.5875,152.5875,4.62,-12.408,4.62,-12.408,0.0
baseline,0.00625,720575940642617544,early,0.0,180.0,7.92,0.0,7.92,0.0,0.0
baseline,0.00625,720575940642617544,later,180.0,1000.0,40.59000000000001,0.0,40.59000000000001,0.0,0.0
baseline,0.00625,720575940642617544,pre_first_20ms,132.7125,152.7125,0.0,0.0,0.0,0.0,0.0
baseline,0.00625,720575940612033253,early,0.0,180.0,106.26000000000002,-13.728000000000002,106.26000000000002,-13.728000000000002,0.0
baseline,0.00625,720575940612033253,later,180.0,1000.0,481.4700000000001,-71.544,481.4700000000001,-71.544,0.0
baseline,0.00625,720575940612033253,pre_first_20ms,132.725,152.725,11.88,-1.32,11.88,-1.32,0.0
baseline,0.00625,720575940638460998,early,0.0,180.0,2.97,-90.28800000000001,2.97,-90.28800000000001,0.0
baseline,0.00625,720575940638460998,later,180.0,1000.0,16.17,-445.89599999999996,16.17,-445.89599999999996,0.0
baseline,0.00625,720575940638460998,pre_first_20ms,133.375,153.375,0.0,-13.992,0.0,-13.992,0.0
baseline,0.00625,720575940619797488,early,0.0,180.0,0.0,0.0,0.0,0.0,0.0
baseline,0.00625,720575940619797488,later,180.0,1000.0,0.0,0.0,0.0,0.0,0.0
baseline,0.00625,720575940619797488,pre_first_20ms,133.425,153.425,0.0,0.0,0.0,0.0,0.0
baseline,0.00625,720575940639410291,early,0.0,180.0,0.0,0.0,0.0,0.0,0.0
baseline,0.00625,720575940639410291,later,180.0,1000.0,0.0,0.0,0.0,0.0,0.0
baseline,0.00625,720575940639410291,pre_first_20ms,133.53750000000002,153.53750000000002,0.0,0.0,0.0,0.0,0.0
baseline,0.00625,720575940615438495,early,0.0,180.0,0.0,0.0,0.0,0.0,0.0
baseline,0.00625,720575940615438495,later,180.0,1000.0,1.65,-0.264,1.65,-0.264,0.0
baseline,0.00625,720575940615438495,pre_first_20ms,133.75,153.75,0.0,0.0,0.0,0.0,0.0
baseline,0.00625,720575940627096957,early,0.0,180.0,3.3,-65.736,3.3,-65.736,0.0
baseline,0.00625,720575940627096957,later,180.0,1000.0,13.860000000000001,-477.8400000000001,13.860000000000001,-477.8400000000001,0.0
baseline,0.00625,720575940627096957,pre_first_20ms,133.775,153.775,0.66,-9.504000000000001,0.66,-9.504000000000001,0.0
baseline,0.00625,720575940623860202,early,0.0,180.0,263.34,-358.776,263.34,-358.776,0.0
baseline,0.00625,720575940623860202,later,180.0,1000.0,1390.62,-1980.2640000000001,1390.62,-1980.2640000000001,0.0
baseline,0.00625,720575940623860202,pre_first_20ms,133.9125,153.9125,39.269999999999996,-43.824,39.269999999999996,-43.824,0.0
baseline,0.00625,720575940621215169,early,0.0,180.0,1.32,0.0,1.32,0.0,0.0
baseline,0.00625,720575940621215169,later,180.0,1000.0,4.62,0.0,4.62,0.0,0.0
baseline,0.00625,720575940621215169,pre_first_20ms,134.13750000000002,154.13750000000002,0.0,0.0,0.0,0.0,0.0
baseline,0.00625,720575940608429835,early,0.0,180.0,2.64,0.0,2.64,0.0,0.0
baseline,0.00625,720575940608429835,later,180.0,1000.0,9.24,0.0,9.24,0.0,0.0
baseline,0.00625,720575940608429835,pre_first_20ms,134.5,154.5,0.0,0.0,0.0,0.0,0.0
baseline,0.00625,720575940629171447,early,0.0,180.0,1.32,-0.528,1.32,-0.528,0.0
baseline,0.00625,720575940629171447,later,180.0,1000.0,4.62,-1.848,4.62,-1.848,0.0
baseline,0.00625,720575940629171447,pre_first_20ms,134.925,154.925,0.0,0.0,0.0,0.0,0.0
baseline,0.00625,720575940636477285,early,0.0,180.0,0.66,0.0,0.66,0.0,0.0
baseline,0.00625,720575940636477285,later,180.0,1000.0,2.64,-0.264,2.64,-0.264,0.0
baseline,0.00625,720575940636477285,pre_first_20ms,135.06250000000003,155.06250000000003,0.0,0.0,0.0,0.0,0.0
baseline,0.00625,720575940627605779,early,0.0,180.0,0.0,0.0,0.0,0.0,0.0
baseline,0.00625,720575940627605779,later,180.0,1000.0,0.0,0.0,0.0,0.0,0.0
baseline,0.00625,720575940627605779,pre_first_20ms,135.2125,155.2125,0.0,0.0,0.0,0.0,0.0
baseline,0.00625,720575940620300308,early,0.0,180.0,90.75,-589.776,90.75,-589.776,0.0
baseline,0.00625,720575940620300308,later,180.0,1000.0,547.8,-3029.928,547.8,-3029.928,0.0
baseline,0.00625,720575940620300308,pre_first_20ms,135.5375,155.5375,13.86,-86.06400000000001,13.86,-86.06400000000001,0.0
baseline,0.00625,720575940605651633,early,0.0,180.0,0.66,-3.4320000000000004,0.66,-3.4320000000000004,0.0
baseline,0.00625,720575940605651633,later,180.0,1000.0,2.31,-16.104,2.31,-16.104,0.0
baseline,0.00625,720575940605651633,pre_first_20ms,135.60000000000002,155.60000000000002,0.0,-0.264,0.0,-0.264,0.0
baseline,0.00625,720575940613860147,early,0.0,180.0,0.0,0.0,0.0,0.0,0.0
baseline,0.00625,720575940613860147,later,180.0,1000.0,0.0,0.0,0.0,0.0,0.0
baseline,0.00625,720575940613860147,pre_first_20ms,135.63750000000002,155.63750000000002,0.0,0.0,0.0,0.0,0.0
baseline,0.00625,720575940622400648,early,0.0,180.0,4.29,0.0,4.29,0.0,0.0
baseline,0.00625,720575940622400648,later,180.0,1000.0,22.110000000000003,-0.264,22.110000000000003,-0.264,0.0
baseline,0.00625,720575940622400648,pre_first_20ms,135.6875,155.6875,0.99,0.0,0.99,0.0,0.0
baseline,0.00625,720575940623780583,early,0.0,180.0,12.540000000000001,0.0,12.540000000000001,0.0,0.0
baseline,0.00625,720575940623780583,later,180.0,1000.0,43.89000000000001,0.0,43.89000000000001,0.0,0.0
baseline,0.00625,720575940623780583,pre_first_20ms,135.6875,155.6875,0.0,0.0,0.0,0.0,0.0
baseline,0.00625,720575940610711250,early,0.0,180.0,0.33,0.0,0.33,0.0,0.0
baseline,0.00625,720575940610711250,later,180.0,1000.0,1.32,0.0,1.32,0.0,0.0
baseline,0.00625,720575940610711250,pre_first_20ms,135.7625,155.7625,0.0,0.0,0.0,0.0,0.0
baseline,0.00625,720575940626620568,early,0.0,180.0,11.88,0.0,11.88,0.0,0.0
baseline,0.00625,720575940626620568,later,180.0,1000.0,46.53,-1.848,46.53,-1.848,0.0
baseline,0.00625,720575940626620568,pre_first_20ms,135.7875,155.7875,0.0,0.0,0.0,0.0,0.0
baseline,0.00625,720575940611738035,early,0.0,180.0,3.3,0.0,3.3,0.0,0.0
baseline,0.00625,720575940611738035,later,180.0,1000.0,14.850000000000001,0.0,14.850000000000001,0.0,0.0
baseline,0.00625,720575940611738035,pre_first_20ms,136.04999999999998,156.04999999999998,0.0,0.0,0.0,0.0,0.0
baseline,0.00625,720575940618853968,early,0.0,180.0,0.0,-0.528,0.0,-0.528,0.0
baseline,0.00625,720575940618853968,later,180.0,1000.0,0.0,0.0,0.0,0.0,0.0
baseline,0.00625,720575940618853968,pre_first_20ms,136.1125,156.1125,0.0,0.0,0.0,0.0,0.0
baseline,0.00625,720575940629592143,early,0.0,180.0,2.64,-10.824000000000002,2.64,-10.824000000000002,0.0
baseline,0.00625,720575940629592143,later,180.0,1000.0,9.24,-49.632000000000005,9.24,-49.632000000000005,0.0
baseline,0.00625,720575940629592143,pre_first_20ms,136.275,156.275,0.0,-1.5840000000000003,0.0,-1.5840000000000003,0.0
baseline,0.00625,720575940647589172,early,0.0,180.0,0.0,-6.864000000000001,0.0,-6.864000000000001,0.0
baseline,0.00625,720575940647589172,later,180.0,1000.0,0.66,-45.408,0.66,-45.408,0.0
baseline,0.00625,720575940647589172,pre_first_20ms,136.7625,156.7625,0.0,-0.528,0.0,-0.528,0.0
baseline,0.00625,720575940624055614,early,0.0,180.0,0.0,0.0,0.0,0.0,0.0
baseline,0.00625,720575940624055614,later,180.0,1000.0,0.0,0.0,0.0,0.0,0.0
baseline,0.00625,720575940624055614,pre_first_20ms,136.9625,156.9625,0.0,0.0,0.0,0.0,0.0
baseline,0.00625,720575940623649097,early,0.0,180.0,0.0,0.0,0.0,0.0,0.0
baseline,0.00625,720575940623649097,later,180.0,1000.0,0.0,0.0,0.0,0.0,0.0
baseline,0.00625,720575940623649097,pre_first_20ms,137.175,157.175,0.0,0.0,0.0,0.0,0.0
baseline,0.00625,720575940621426300,early,0.0,180.0,0.0,-0.792,0.0,-0.792,0.0
baseline,0.00625,720575940621426300,later,180.0,1000.0,0.0,-3.4320000000000013,0.0,-3.4320000000000013,0.0
baseline,0.00625,720575940621426300,pre_first_20ms,137.225,157.225,0.0,-0.264,0.0,-0.264,0.0
baseline,0.00625,720575940639542691,early,0.0,180.0,47.19,-2.3760000000000003,47.19,-2.3760000000000003,0.0
baseline,0.00625,720575940639542691,later,180.0,1000.0,164.34000000000003,-15.840000000000002,164.34000000000003,-15.840000000000002,0.0
baseline,0.00625,720575940639542691,pre_first_20ms,137.275,157.275,0.0,-0.264,0.0,-0.264,0.0
baseline,0.00625,720575940630913221,early,0.0,180.0,0.0,-0.528,0.0,-0.528,0.0
baseline,0.00625,720575940630913221,later,180.0,1000.0,0.0,-1.848,0.0,-1.848,0.0
baseline,0.00625,720575940630913221,pre_first_20ms,137.4375,157.4375,0.0,0.0,0.0,0.0,0.0
baseline,0.00625,720575940620301677,early,0.0,180.0,0.0,0.0,0.0,0.0,0.0
baseline,0.00625,720575940620301677,later,180.0,1000.0,0.0,0.0,0.0,0.0,0.0
baseline,0.00625,720575940620301677,pre_first_20ms,137.5375,157.5375,0.0,0.0,0.0,0.0,0.0
baseline,0.00625,720575940610649208,early,0.0,180.0,11.22,0.0,11.22,0.0,0.0
baseline,0.00625,720575940610649208,later,180.0,1000.0,39.92999999999999,0.0,39.92999999999999,0.0,0.0
baseline,0.00625,720575940610649208,pre_first_20ms,137.60000000000002,157.60000000000002,0.66,0.0,0.66,0.0,0.0
baseline,0.00625,720575940625993817,early,0.0,180.0,7.26,0.0,7.26,0.0,0.0
baseline,0.00625,720575940625993817,later,180.0,1000.0,25.409999999999997,0.0,25.409999999999997,0.0,0.0
baseline,0.00625,720575940625993817,pre_first_20ms,137.8375,157.8375,0.0,0.0,0.0,0.0,0.0
baseline,0.00625,720575940634874266,early,0.0,180.0,2.31,-1.056,2.31,-1.056,0.0
baseline,0.00625,720575940634874266,later,180.0,1000.0,10.56,-3.960000000000001,10.56,-3.960000000000001,0.0
baseline,0.00625,720575940634874266,pre_first_20ms,137.8375,157.8375,0.66,0.0,0.66,0.0,0.0
baseline,0.00625,720575940604690278,early,0.0,180.0,11.55,-120.648,11.55,-120.648,0.0
baseline,0.00625,720575940604690278,later,180.0,1000.0,39.6,-572.616,39.6,-572.616,0.0
baseline,0.00625,720575940604690278,pre_first_20ms,137.9875,157.9875,0.0,-0.264,0.0,-0.264,0.0
baseline,0.00625,720575940624574356,early,0.0,180.0,0.66,-7.128,0.66,-7.128,0.0
baseline,0.00625,720575940624574356,later,180.0,1000.0,2.97,-34.32,2.97,-34.32,0.0
baseline,0.00625,720575940624574356,pre_first_20ms,138.025,158.025,0.0,-1.056,0.0,-1.056,0.0
baseline,0.00625,720575940627204362,early,0.0,180.0,4.29,-120.912,4.29,-120.912,0.0
baseline,0.00625,720575940627204362,later,180.0,1000.0,14.190000000000001,-568.128,14.190000000000001,-568.128,0.0
baseline,0.00625,720575940627204362,pre_first_20ms,138.15,158.15,0.0,-21.912000000000003,0.0,-21.912000000000003,0.0
baseline,0.00625,720575940626813010,early,0.0,180.0,0.0,0.0,0.0,0.0,0.0
baseline,0.00625,720575940626813010,later,180.0,1000.0,0.0,0.0,0.0,0.0,0.0
baseline,0.00625,720575940626813010,pre_first_20ms,138.75,158.75,0.0,0.0,0.0,0.0,0.0
baseline,0.00625,720575940623260201,early,0.0,180.0,0.0,-2.3760000000000003,0.0,-2.3760000000000003,0.0
baseline,0.00625,720575940623260201,later,180.0,1000.0,0.0,-11.88,0.0,-11.88,0.0
baseline,0.00625,720575940623260201,pre_first_20ms,139.20000000000002,159.20000000000002,0.0,-0.528,0.0,-0.528,0.0
baseline,0.00625,720575940605480806,early,0.0,180.0,0.0,0.0,0.0,0.0,0.0
baseline,0.00625,720575940605480806,later,180.0,1000.0,0.0,0.0,0.0,0.0,0.0
baseline,0.00625,720575940605480806,pre_first_20ms,139.275,159.275,0.0,0.0,0.0,0.0,0.0
baseline,0.00625,720575940645610787,early,0.0,180.0,7.920000000000001,-1.5840000000000003,7.920000000000001,-1.5840000000000003,0.0
baseline,0.00625,720575940645610787,later,180.0,1000.0,27.720000000000002,-5.5440000000000005,27.720000000000002,-5.5440000000000005,0.0
baseline,0.00625,720575940645610787,pre_first_20ms,139.4375,159.4375,0.0,0.0,0.0,0.0,0.0
baseline,0.00625,720575940629095323,early,0.0,180.0,0.0,-3.6960000000000006,0.0,-3.6960000000000006,0.0
baseline,0.00625,720575940629095323,later,180.0,1000.0,0.0,-12.936000000000003,0.0,-12.936000000000003,0.0
baseline,0.00625,720575940629095323,pre_first_20ms,139.6875,159.6875,0.0,0.0,0.0,0.0,0.0
baseline,0.00625,720575940638225597,early,0.0,180.0,0.0,-0.264,0.0,-0.264,0.0
baseline,0.00625,720575940638225597,later,180.0,1000.0,0.0,0.0,0.0,0.0,0.0
baseline,0.00625,720575940638225597,pre_first_20ms,139.85000000000002,159.85000000000002,0.0,0.0,0.0,0.0,0.0
baseline,0.00625,720575940624073452,early,0.0,180.0,0.0,0.0,0.0,0.0,0.0
baseline,0.00625,720575940624073452,later,180.0,1000.0,0.0,0.0,0.0,0.0,0.0
baseline,0.00625,720575940624073452,pre_first_20ms,140.1125,160.1125,0.0,0.0,0.0,0.0,0.0
baseline,0.00625,720575940626867530,early,0.0,180.0,11.22,0.0,11.22,0.0,0.0
baseline,0.00625,720575940626867530,later,180.0,1000.0,39.92999999999999,0.0,39.92999999999999,0.0,0.0
baseline,0.00625,720575940626867530,pre_first_20ms,140.325,160.325,0.0,0.0,0.0,0.0,0.0
baseline,0.00625,720575940633771033,early,0.0,180.0,1.65,0.0,1.65,0.0,0.0
baseline,0.00625,720575940633771033,later,180.0,1000.0,6.6,0.0,6.6,0.0,0.0
baseline,0.00625,720575940633771033,pre_first_20ms,140.62500000000003,160.62500000000003,0.0,0.0,0.0,0.0,0.0
baseline,0.00625,720575940637982552,early,0.0,180.0,0.0,0.0,0.0,0.0,0.0
baseline,0.00625,720575940637982552,later,180.0,1000.0,0.0,0.0,0.0,0.0,0.0
baseline,0.00625,720575940637982552,pre_first_20ms,140.65,160.65,0.0,0.0,0.0,0.0,0.0
baseline,0.00625,720575940631457347,early,0.0,180.0,1.32,0.0,1.32,0.0,0.0
baseline,0.00625,720575940631457347,later,180.0,1000.0,5.28,0.0,5.28,0.0,0.0
baseline,0.00625,720575940631457347,pre_first_20ms,141.3125,161.3125,0.0,0.0,0.0,0.0,0.0
baseline,0.00625,720575940622201046,early,0.0,180.0,0.0,0.0,0.0,0.0,0.0
baseline,0.00625,720575940622201046,later,180.0,1000.0,0.0,0.0,0.0,0.0,0.0
baseline,0.00625,720575940622201046,pre_first_20ms,141.55,161.55,0.0,0.0,0.0,0.0,0.0
baseline,0.00625,720575940622518197,early,0.0,180.0,0.0,-0.528,0.0,-0.528,0.0
baseline,0.00625,720575940622518197,later,180.0,1000.0,0.0,0.0,0.0,0.0,0.0
baseline,0.00625,720575940622518197,pre_first_20ms,142.075,162.075,0.0,0.0,0.0,0.0,0.0
baseline,0.00625,720575940635120491,early,0.0,180.0,3.3000000000000003,-0.264,3.3000000000000003,-0.264,0.0
baseline,0.00625,720575940635120491,later,180.0,1000.0,13.200000000000001,-0.792,13.200000000000001,-0.792,0.0
baseline,0.00625,720575940635120491,pre_first_20ms,142.275,162.275,0.66,0.0,0.66,0.0,0.0
baseline,0.00625,720575940630294138,early,0.0,180.0,30.36,-105.33600000000001,30.36,-105.33600000000001,0.0
baseline,0.00625,720575940630294138,later,180.0,1000.0,133.98,-506.35200000000003,133.98,-506.35200000000003,0.0
baseline,0.00625,720575940630294138,pre_first_20ms,142.3,162.3,3.3000000000000003,-20.064000000000004,3.3000000000000003,-20.064000000000004,0.0
baseline,0.00625,720575940636970096,early,0.0,180.0,1.9800000000000002,-0.264,1.9800000000000002,-0.264,0.0
baseline,0.00625,720575940636970096,later,180.0,1000.0,7.260000000000001,-0.264,7.260000000000001,-0.264,0.0
baseline,0.00625,720575940636970096,pre_first_20ms,142.7375,162.7375,0.33,0.0,0.33,0.0,0.0
baseline,0.00625,720575940622957064,early,0.0,180.0,1.6500000000000001,-6.336,1.6500000000000001,-6.336,0.0
baseline,0.00625,720575940622957064,later,180.0,1000.0,13.860000000000001,-31.68,13.860000000000001,-31.68,0.0
baseline,0.00625,720575940622957064,pre_first_20ms,142.87500000000003,162.87500000000003,0.33,-1.056,0.33,-1.056,0.0
baseline,0.00625,720575940621363421,early,0.0,180.0,21.12,0.0,21.12,0.0,0.0
baseline,0.00625,720575940621363421,later,180.0,1000.0,79.53,0.0,79.53,0.0,0.0
baseline,0.00625,720575940621363421,pre_first_20ms,142.9875,162.9875,4.95,0.0,4.95,0.0,0.0
baseline,0.00625,720575940625786493,early,0.0,180.0,1.9800000000000002,0.0,1.9800000000000002,0.0,0.0
baseline,0.00625,720575940625786493,later,180.0,1000.0,7.260000000000001,0.0,7.260000000000001,0.0,0.0
baseline,0.00625,720575940625786493,pre_first_20ms,143.0,163.0,0.33,0.0,0.33,0.0,0.0
baseline,0.00625,720575940630738263,early,0.0,180.0,2.64,0.0,2.64,0.0,0.0
baseline,0.00625,720575940630738263,later,180.0,1000.0,9.24,0.0,9.24,0.0,0.0
baseline,0.00625,720575940630738263,pre_first_20ms,143.0875,163.0875,0.0,0.0,0.0,0.0,0.0
baseline,0.00625,720575940612542742,early,0.0,180.0,1.98,-1.5840000000000003,1.98,-1.5840000000000003,0.0
baseline,0.00625,720575940612542742,later,180.0,1000.0,6.930000000000001,-5.5440000000000005,6.930000000000001,-5.5440000000000005,0.0
baseline,0.00625,720575940612542742,pre_first_20ms,143.47500000000002,163.47500000000002,0.99,0.0,0.99,0.0,0.0
baseline,0.00625,720575940617296029,early,0.0,180.0,94.38,-12.144000000000002,94.38,-12.144000000000002,0.0
baseline,0.00625,720575940617296029,later,180.0,1000.0,452.76000000000005,-66.00000000000001,452.76000000000005,-66.00000000000001,0.0
baseline,0.00625,720575940617296029,pre_first_20ms,143.7375,163.7375,7.92,-1.848,7.92,-1.848,0.0
baseline,0.00625,720575940627312104,early,0.0,180.0,1.98,0.0,1.98,0.0,0.0
baseline,0.00625,720575940627312104,later,180.0,1000.0,8.25,0.0,8.25,0.0,0.0
baseline,0.00625,720575940627312104,pre_first_20ms,143.87500000000003,163.87500000000003,0.33,0.0,0.33,0.0,0.0
baseline,0.00625,720575940627673585,early,0.0,180.0,0.66,0.0,0.66,0.0,0.0
baseline,0.00625,720575940627673585,later,180.0,1000.0,2.97,0.0,2.97,0.0,0.0
baseline,0.00625,720575940627673585,pre_first_20ms,143.9625,163.9625,0.0,0.0,0.0,0.0,0.0
baseline,0.00625,720575940630480581,early,0.0,180.0,5.94,0.0,5.94,0.0,0.0
baseline,0.00625,720575940630480581,later,180.0,1000.0,21.449999999999996,0.0,21.449999999999996,0.0,0.0
baseline,0.00625,720575940630480581,pre_first_20ms,144.41250000000002,164.41250000000002,0.33,0.0,0.33,0.0,0.0
baseline,0.00625,720575940621159094,early,0.0,180.0,0.99,0.0,0.99,0.0,0.0
baseline,0.00625,720575940621159094,later,180.0,1000.0,3.6300000000000003,0.0,3.6300000000000003,0.0,0.0
baseline,0.00625,720575940621159094,pre_first_20ms,144.5,164.5,0.33,0.0,0.33,0.0,0.0
baseline,0.00625,720575940626135122,early,0.0,180.0,0.0,0.0,0.0,0.0,0.0
baseline,0.00625,720575940626135122,later,180.0,1000.0,0.0,0.0,0.0,0.0,0.0
baseline,0.00625,720575940626135122,pre_first_20ms,144.70000000000002,164.70000000000002,0.0,0.0,0.0,0.0,0.0
baseline,0.00625,720575940616792577,early,0.0,180.0,0.0,0.0,0.0,0.0,0.0
baseline,0.00625,720575940616792577,later,180.0,1000.0,0.0,0.0,0.0,0.0,0.0
baseline,0.00625,720575940616792577,pre_first_20ms,144.9875,164.9875,0.0,0.0,0.0,0.0,0.0
baseline,0.00625,720575940605419622,early,0.0,180.0,1.98,0.0,1.98,0.0,0.0
baseline,0.00625,720575940605419622,later,180.0,1000.0,7.590000000000001,0.0,7.590000000000001,0.0,0.0
baseline,0.00625,720575940605419622,pre_first_20ms,145.01250000000002,165.01250000000002,0.66,0.0,0.66,0.0,0.0
baseline,0.00625,720575940637106032,early,0.0,180.0,0.0,-10.032000000000002,0.0,-10.032000000000002,0.0
baseline,0.00625,720575940637106032,later,180.0,1000.0,0.0,-48.84,0.0,-48.84,0.0
baseline,0.00625,720575940637106032,pre_first_20ms,145.3375,165.3375,0.0,-1.8480000000000003,0.0,-1.8480000000000003,0.0
baseline,0.00625,720575940632876223,early,0.0,180.0,0.0,0.0,0.0,0.0,0.0
baseline,0.00625,720575940632876223,later,180.0,1000.0,0.0,0.0,0.0,0.0,0.0
baseline,0.00625,720575940632876223,pre_first_20ms,145.425,165.425,0.0,0.0,0.0,0.0,0.0
baseline,0.00625,720575940634274458,early,0.0,180.0,0.0,0.0,0.0,0.0,0.0
baseline,0.00625,720575940634274458,later,180.0,1000.0,0.0,0.0,0.0,0.0,0.0
baseline,0.00625,720575940634274458,pre_first_20ms,145.5375,165.5375,0.0,0.0,0.0,0.0,0.0
baseline,0.00625,720575940632542253,early,0.0,180.0,0.0,0.0,0.0,0.0,0.0
baseline,0.00625,720575940632542253,later,180.0,1000.0,0.0,0.0,0.0,0.0,0.0
baseline,0.00625,720575940632542253,pre_first_20ms,145.675,165.675,0.0,0.0,0.0,0.0,0.0
baseline,0.00625,720575940629731579,early,0.0,180.0,0.0,0.0,0.0,0.0,0.0
baseline,0.00625,720575940629731579,later,180.0,1000.0,0.0,0.0,0.0,0.0,0.0
baseline,0.00625,720575940629731579,pre_first_20ms,145.72500000000002,165.72500000000002,0.0,0.0,0.0,0.0,0.0
baseline,0.00625,720575940645264750,early,0.0,180.0,0.99,-0.528,0.99,-0.528,0.0
baseline,0.00625,720575940645264750,later,180.0,1000.0,4.29,-1.848,4.29,-1.848,0.0
baseline,0.00625,720575940645264750,pre_first_20ms,145.86249999999998,165.86249999999998,0.0,0.0,0.0,0.0,0.0
baseline,0.00625,720575940622025548,early,0.0,180.0,0.0,0.0,0.0,0.0,0.0
baseline,0.00625,720575940622025548,later,180.0,1000.0,0.0,0.0,0.0,0.0,0.0
baseline,0.00625,720575940622025548,pre_first_20ms,146.0375,166.0375,0.0,0.0,0.0,0.0,0.0
baseline,0.00625,720575940632305951,early,0.0,180.0,0.0,0.0,0.0,0.0,0.0
baseline,0.00625,720575940632305951,later,180.0,1000.0,0.0,0.0,0.0,0.0,0.0
baseline,0.00625,720575940632305951,pre_first_20ms,146.5,166.5,0.0,0.0,0.0,0.0,0.0
baseline,0.00625,720575940614412906,early,0.0,180.0,43.89,-74.976,43.89,-74.976,0.0
baseline,0.00625,720575940614412906,later,180.0,1000.0,154.44,-283.53600000000006,154.44,-283.53600000000006,0.0
baseline,0.00625,720575940614412906,pre_first_20ms,146.66250000000002,166.66250000000002,6.2700000000000005,-21.120000000000005,6.2700000000000005,-21.120000000000005,0.0
baseline,0.00625,720575940630169660,early,0.0,180.0,7.92,0.0,7.92,0.0,0.0
baseline,0.00625,720575940630169660,later,180.0,1000.0,28.380000000000003,0.0,28.380000000000003,0.0,0.0
baseline,0.00625,720575940630169660,pre_first_20ms,146.72500000000002,166.72500000000002,3.96,0.0,3.96,0.0,0.0
baseline,0.00625,720575940636479863,early,0.0,180.0,179.84999999999997,-237.60000000000002,179.84999999999997,-237.60000000000002,0.0
baseline,0.00625,720575940636479863,later,180.0,1000.0,1056.99,-1053.36,1056.99,-1053.36,0.0
baseline,0.00625,720575940636479863,pre_first_20ms,146.76250000000002,166.76250000000002,28.380000000000003,-8.712,28.380000000000003,-8.712,0.0
baseline,0.00625,720575940619409542,early,0.0,180.0,0.0,0.0,0.0,0.0,0.0
baseline,0.00625,720575940619409542,later,180.0,1000.0,0.0,0.0,0.0,0.0,0.0
baseline,0.00625,720575940619409542,pre_first_20ms,146.7875,166.7875,0.0,0.0,0.0,0.0,0.0
baseline,0.00625,720575940611502309,early,0.0,180.0,0.0,0.0,0.0,0.0,0.0
baseline,0.00625,720575940611502309,later,180.0,1000.0,0.0,0.0,0.0,0.0,0.0
baseline,0.00625,720575940611502309,pre_first_20ms,146.8,166.8,0.0,0.0,0.0,0.0,0.0
baseline,0.00625,720575940606865330,early,0.0,180.0,14.52,-22.176000000000002,14.52,-22.176000000000002,0.0
baseline,0.00625,720575940606865330,later,180.0,1000.0,55.76999999999999,-247.63199999999998,55.76999999999999,-247.63199999999998,0.0
baseline,0.00625,720575940606865330,pre_first_20ms,146.9625,166.9625,5.28,-7.128000000000001,5.28,-7.128000000000001,0.0
baseline,0.00625,720575940621866108,early,0.0,180.0,0.0,0.0,0.0,0.0,0.0
baseline,0.00625,720575940621866108,later,180.0,1000.0,0.0,0.0,0.0,0.0,0.0
baseline,0.00625,720575940621866108,pre_first_20ms,147.0875,167.0875,0.0,0.0,0.0,0.0,0.0
baseline,0.00625,720575940612213741,early,0.0,180.0,94.05,-22.968000000000004,94.05,-22.968000000000004,0.0
baseline,0.00625,720575940612213741,later,180.0,1000.0,401.93999999999994,-90.552,401.93999999999994,-90.552,0.0
baseline,0.00625,720575940612213741,pre_first_20ms,147.2375,167.2375,9.24,-9.504,9.24,-9.504,0.0
baseline,0.00625,720575940629836343,early,0.0,180.0,0.0,0.0,0.0,0.0,0.0
baseline,0.00625,720575940629836343,later,180.0,1000.0,0.0,-0.528,0.0,-0.528,0.0
baseline,0.00625,720575940629836343,pre_first_20ms,147.40000000000003,167.40000000000003,0.0,0.0,0.0,0.0,0.0
baseline,0.00625,720575940621961242,early,0.0,180.0,0.66,0.0,0.66,0.0,0.0
baseline,0.00625,720575940621961242,later,180.0,1000.0,2.31,0.0,2.31,0.0,0.0
baseline,0.00625,720575940621961242,pre_first_20ms,147.675,167.675,0.33,0.0,0.33,0.0,0.0
baseline,0.00625,720575940603587500,early,0.0,180.0,0.0,0.0,0.0,0.0,0.0
baseline,0.00625,720575940603587500,later,180.0,1000.0,0.0,0.0,0.0,0.0,0.0
baseline,0.00625,720575940603587500,pre_first_20ms,148.41250000000002,168.41250000000002,0.0,0.0,0.0,0.0,0.0
baseline,0.00625,720575940618522673,early,0.0,180.0,15.180000000000001,0.0,15.180000000000001,0.0,0.0
baseline,0.00625,720575940618522673,later,180.0,1000.0,56.760000000000005,0.0,56.760000000000005,0.0,0.0
baseline,0.00625,720575940618522673,pre_first_20ms,148.5,168.5,3.9600000000000004,0.0,3.9600000000000004,0.0,0.0
baseline,0.00625,720575940638808448,early,0.0,180.0,0.0,0.0,0.0,0.0,0.0
baseline,0.00625,720575940638808448,later,180.0,1000.0,0.0,0.0,0.0,0.0,0.0
baseline,0.00625,720575940638808448,pre_first_20ms,148.65,168.65,0.0,0.0,0.0,0.0,0.0
baseline,0.00625,720575940608351324,early,0.0,180.0,0.0,0.0,0.0,0.0,0.0
baseline,0.00625,720575940608351324,later,180.0,1000.0,0.0,0.0,0.0,0.0,0.0
baseline,0.00625,720575940608351324,pre_first_20ms,148.8125,168.8125,0.0,0.0,0.0,0.0,0.0
baseline,0.00625,720575940618626171,early,0.0,180.0,0.66,0.0,0.66,0.0,0.0
baseline,0.00625,720575940618626171,later,180.0,1000.0,2.31,0.0,2.31,0.0,0.0
baseline,0.00625,720575940618626171,pre_first_20ms,148.8375,168.8375,0.33,0.0,0.33,0.0,0.0
baseline,0.00625,720575940627982332,early,0.0,180.0,0.0,0.0,0.0,0.0,0.0
baseline,0.00625,720575940627982332,later,180.0,1000.0,0.0,0.0,0.0,0.0,0.0
baseline,0.00625,720575940627982332,pre_first_20ms,148.97500000000002,168.97500000000002,0.0,0.0,0.0,0.0,0.0
baseline,0.00625,720575940628962938,early,0.0,180.0,0.0,0.0,0.0,0.0,0.0
baseline,0.00625,720575940628962938,later,180.0,1000.0,1.32,0.0,1.32,0.0,0.0
baseline,0.00625,720575940628962938,pre_first_20ms,148.97500000000002,168.97500000000002,0.0,0.0,0.0,0.0,0.0
baseline,0.00625,720575940630882263,early,0.0,180.0,0.0,-1.056,0.0,-1.056,0.0
baseline,0.00625,720575940630882263,later,180.0,1000.0,0.0,-2.112,0.0,-2.112,0.0
baseline,0.00625,720575940630882263,pre_first_20ms,149.375,169.375,0.0,-0.264,0.0,-0.264,0.0
baseline,0.00625,720575940622651869,early,0.0,180.0,1.98,-2.112,1.98,-2.112,0.0
baseline,0.00625,720575940622651869,later,180.0,1000.0,6.930000000000001,-7.392,6.930000000000001,-7.392,0.0
baseline,0.00625,720575940622651869,pre_first_20ms,149.43750000000003,169.43750000000003,0.99,-1.056,0.99,-1.056,0.0
baseline,0.00625,720575940622811116,early,0.0,180.0,0.0,0.0,0.0,0.0,0.0
baseline,0.00625,720575940622811116,later,180.0,1000.0,0.0,0.0,0.0,0.0,0.0
baseline,0.00625,720575940622811116,pre_first_20ms,149.97500000000002,169.97500000000002,0.0,0.0,0.0,0.0,0.0
baseline,0.00625,720575940621968845,early,0.0,180.0,0.0,-0.528,0.0,-0.528,0.0
baseline,0.00625,720575940621968845,later,180.0,1000.0,0.0,-1.848,0.0,-1.848,0.0
baseline,0.00625,720575940621968845,pre_first_20ms,150.07500000000002,170.07500000000002,0.0,-0.264,0.0,-0.264,0.0
baseline,0.00625,720575940607386802,early,0.0,180.0,199.65,-126.456,199.65,-126.456,0.0
baseline,0.00625,720575940607386802,later,180.0,1000.0,972.51,-568.6560000000001,972.51,-568.6560000000001,0.0
baseline,0.00625,720575940607386802,pre_first_20ms,150.65,170.65,18.48,-15.84,18.48,-15.84,0.0
baseline,0.00625,720575940622351128,early,0.0,180.0,1.32,-5.5440000000000005,1.32,-5.5440000000000005,0.0
baseline,0.00625,720575940622351128,later,180.0,1000.0,5.94,-53.59200000000001,5.94,-53.59200000000001,0.0
baseline,0.00625,720575940622351128,pre_first_20ms,150.9,170.9,0.0,0.0,0.0,0.0,0.0
baseline,0.00625,720575940629056411,early,0.0,180.0,21.78,0.0,21.78,0.0,0.0
baseline,0.00625,720575940629056411,later,180.0,1000.0,76.56,0.0,76.56,0.0,0.0
baseline,0.00625,720575940629056411,pre_first_20ms,150.9625,170.9625,10.89,0.0,10.89,0.0,0.0
baseline,0.00625,720575940623528595,early,0.0,180.0,0.66,0.0,0.66,0.0,0.0
baseline,0.00625,720575940623528595,later,180.0,1000.0,2.31,-0.264,2.31,-0.264,0.0
baseline,0.00625,720575940623528595,pre_first_20ms,152.07500000000002,172.07500000000002,0.33,0.0,0.33,0.0,0.0
baseline,0.00625,720575940631983277,early,0.0,180.0,0.0,0.0,0.0,0.0,0.0
baseline,0.00625,720575940631983277,later,180.0,1000.0,0.0,0.0,0.0,0.0,0.0
baseline,0.00625,720575940631983277,pre_first_20ms,152.35,172.35,0.0,0.0,0.0,0.0,0.0
baseline,0.00625,720575940619875060,early,0.0,180.0,0.0,0.0,0.0,0.0,0.0
baseline,0.00625,720575940619875060,later,180.0,1000.0,0.0,0.0,0.0,0.0,0.0
baseline,0.00625,720575940619875060,pre_first_20ms,152.3625,172.3625,0.0,0.0,0.0,0.0,0.0
baseline,0.00625,720575940629952300,early,0.0,180.0,0.0,0.0,0.0,0.0,0.0
baseline,0.00625,720575940629952300,later,180.0,1000.0,0.0,0.0,0.0,0.0,0.0
baseline,0.00625,720575940629952300,pre_first_20ms,152.51250000000002,172.51250000000002,0.0,0.0,0.0,0.0,0.0
baseline,0.00625,720575940620828165,early,0.0,180.0,0.0,0.0,0.0,0.0,0.0
baseline,0.00625,720575940620828165,later,180.0,1000.0,0.0,0.0,0.0,0.0,0.0
baseline,0.00625,720575940620828165,pre_first_20ms,153.42499999999998,173.42499999999998,0.0,0.0,0.0,0.0,0.0
baseline,0.00625,720575940634160735,early,0.0,180.0,0.0,0.0,0.0,0.0,0.0
baseline,0.00625,720575940634160735,later,180.0,1000.0,0.0,0.0,0.0,0.0,0.0
baseline,0.00625,720575940634160735,pre_first_20ms,154.00000000000003,174.00000000000003,0.0,0.0,0.0,0.0,0.0
baseline,0.00625,720575940614461014,early,0.0,180.0,7.260000000000001,-172.39200000000002,7.260000000000001,-172.39200000000002,0.0
baseline,0.00625,720575940614461014,later,180.0,1000.0,29.7,-788.8320000000002,29.7,-788.8320000000002,0.0
baseline,0.00625,720575940614461014,pre_first_20ms,154.1,174.1,3.6300000000000003,-11.352,3.6300000000000003,-11.352,0.0
baseline,0.00625,720575940635723662,early,0.0,180.0,0.0,0.0,0.0,0.0,0.0
baseline,0.00625,720575940635723662,later,180.0,1000.0,0.0,0.0,0.0,0.0,0.0
baseline,0.00625,720575940635723662,pre_first_20ms,154.4125,174.4125,0.0,0.0,0.0,0.0,0.0
baseline,0.00625,720575940617443648,early,0.0,180.0,0.0,-0.528,0.0,-0.528,0.0
baseline,0.00625,720575940617443648,later,180.0,1000.0,0.0,-1.848,0.0,-1.848,0.0
baseline,0.00625,720575940617443648,pre_first_20ms,155.35,175.35,0.0,-0.264,0.0,-0.264,0.0
baseline,0.00625,720575940625050256,early,0.0,180.0,13.2,-5.808000000000001,13.2,-5.808000000000001,0.0
baseline,0.00625,720575940625050256,later,180.0,1000.0,164.33999999999997,-60.456,164.33999999999997,-60.456,0.0
baseline,0.00625,720575940625050256,pre_first_20ms,156.5875,176.5875,8.58,-3.1680000000000006,8.58,-3.1680000000000006,0.0
baseline,0.00625,720575940660217985,early,0.0,180.0,0.0,0.0,0.0,0.0,0.0
baseline,0.00625,720575940660217985,later,180.0,1000.0,0.0,0.0,0.0,0.0,0.0
baseline,0.00625,720575940660217985,pre_first_20ms,156.6625,176.6625,0.0,0.0,0.0,0.0,0.0
baseline,0.00625,720575940618715550,early,0.0,180.0,0.0,0.0,0.0,0.0,0.0
baseline,0.00625,720575940618715550,later,180.0,1000.0,0.0,0.0,0.0,0.0,0.0
baseline,0.00625,720575940618715550,pre_first_20ms,156.71250000000003,176.71250000000003,0.0,0.0,0.0,0.0,0.0
baseline,0.00625,720575940620904869,early,0.0,180.0,1.98,-1.056,1.98,-1.056,0.0
baseline,0.00625,720575940620904869,later,180.0,1000.0,6.930000000000001,-2.112,6.930000000000001,-2.112,0.0
baseline,0.00625,720575940620904869,pre_first_20ms,156.8625,176.8625,0.99,0.0,0.99,0.0,0.0
baseline,0.00625,720575940622566026,early,0.0,180.0,0.0,0.0,0.0,0.0,0.0
baseline,0.00625,720575940622566026,later,180.0,1000.0,0.0,0.0,0.0,0.0,0.0
baseline,0.00625,720575940622566026,pre_first_20ms,156.9875,176.9875,0.0,0.0,0.0,0.0,0.0
baseline,0.00625,720575940635249332,early,0.0,180.0,0.0,0.0,0.0,0.0,0.0
baseline,0.00625,720575940635249332,later,180.0,1000.0,0.0,0.0,0.0,0.0,0.0
baseline,0.00625,720575940635249332,pre_first_20ms,157.3375,177.3375,0.0,0.0,0.0,0.0,0.0
baseline,0.00625,720575940636143608,early,0.0,180.0,0.0,0.0,0.0,0.0,0.0
baseline,0.00625,720575940636143608,later,180.0,1000.0,0.0,0.0,0.0,0.0,0.0
baseline,0.00625,720575940636143608,pre_first_20ms,157.55,177.55,0.0,0.0,0.0,0.0,0.0
baseline,0.00625,720575940618320674,early,0.0,180.0,52.14,-105.072,52.14,-105.072,0.0
baseline,0.00625,720575940618320674,later,180.0,1000.0,241.56000000000003,-485.232,241.56000000000003,-485.232,0.0
baseline,0.00625,720575940618320674,pre_first_20ms,157.7375,177.7375,4.949999999999999,-10.032,4.949999999999999,-10.032,0.0
baseline,0.00625,720575940618954038,early,0.0,180.0,0.0,0.0,0.0,0.0,0.0
baseline,0.00625,720575940618954038,later,180.0,1000.0,0.0,0.0,0.0,0.0,0.0
baseline,0.00625,720575940618954038,pre_first_20ms,157.76250000000002,177.76250000000002,0.0,0.0,0.0,0.0,0.0
baseline,0.00625,720575940624738121,early,0.0,180.0,0.0,0.0,0.0,0.0,0.0
baseline,0.00625,720575940624738121,later,180.0,1000.0,0.0,0.0,0.0,0.0,0.0
baseline,0.00625,720575940624738121,pre_first_20ms,157.76250000000002,177.76250000000002,0.0,0.0,0.0,0.0,0.0
baseline,0.00625,720575940613894311,early,0.0,180.0,0.0,0.0,0.0,0.0,0.0
baseline,0.00625,720575940613894311,later,180.0,1000.0,0.0,0.0,0.0,0.0,0.0
baseline,0.00625,720575940613894311,pre_first_20ms,157.775,177.775,0.0,0.0,0.0,0.0,0.0
baseline,0.00625,720575940626115134,early,0.0,180.0,0.0,0.0,0.0,0.0,0.0
baseline,0.00625,720575940626115134,later,180.0,1000.0,0.0,0.0,0.0,0.0,0.0
baseline,0.00625,720575940626115134,pre_first_20ms,157.78750000000002,177.78750000000002,0.0,0.0,0.0,0.0,0.0
baseline,0.00625,720575940640955637,early,0.0,180.0,0.0,0.0,0.0,0.0,0.0
baseline,0.00625,720575940640955637,later,180.0,1000.0,0.0,0.0,0.0,0.0,0.0
baseline,0.00625,720575940640955637,pre_first_20ms,158.1,178.1,0.0,0.0,0.0,0.0,0.0
baseline,0.00625,720575940612461461,early,0.0,180.0,0.0,0.0,0.0,0.0,0.0
baseline,0.00625,720575940612461461,later,180.0,1000.0,0.0,0.0,0.0,0.0,0.0
baseline,0.00625,720575940612461461,pre_first_20ms,158.13750000000002,178.13750000000002,0.0,0.0,0.0,0.0,0.0
baseline,0.00625,720575940636241550,early,0.0,180.0,0.0,0.0,0.0,0.0,0.0
baseline,0.00625,720575940636241550,later,180.0,1000.0,0.0,0.0,0.0,0.0,0.0
baseline,0.00625,720575940636241550,pre_first_20ms,158.2125,178.2125,0.0,0.0,0.0,0.0,0.0
baseline,0.00625,720575940612855318,early,0.0,180.0,0.0,0.0,0.0,0.0,0.0
baseline,0.00625,720575940612855318,later,180.0,1000.0,0.0,0.0,0.0,0.0,0.0
baseline,0.00625,720575940612855318,pre_first_20ms,158.60000000000002,178.60000000000002,0.0,0.0,0.0,0.0,0.0
baseline,0.00625,720575940614944977,early,0.0,180.0,0.0,0.0,0.0,0.0,0.0
baseline,0.00625,720575940614944977,later,180.0,1000.0,0.0,0.0,0.0,0.0,0.0
baseline,0.00625,720575940614944977,pre_first_20ms,158.625,178.625,0.0,0.0,0.0,0.0,0.0
baseline,0.00625,720575940632812575,early,0.0,180.0,0.0,0.0,0.0,0.0,0.0
baseline,0.00625,720575940632812575,later,180.0,1000.0,0.0,0.0,0.0,0.0,0.0
baseline,0.00625,720575940632812575,pre_first_20ms,158.8,178.8,0.0,0.0,0.0,0.0,0.0
baseline,0.00625,720575940621781492,early,0.0,180.0,0.0,-9.504000000000001,0.0,-9.504000000000001,0.0
baseline,0.00625,720575940621781492,later,180.0,1000.0,4.29,-161.304,4.29,-161.304,0.0
baseline,0.00625,720575940621781492,pre_first_20ms,158.8625,178.8625,0.0,-2.3760000000000003,0.0,-2.3760000000000003,0.0
baseline,0.00625,720575940623955637,early,0.0,180.0,0.0,0.0,0.0,0.0,0.0
baseline,0.00625,720575940623955637,later,180.0,1000.0,0.0,0.0,0.0,0.0,0.0
baseline,0.00625,720575940623955637,pre_first_20ms,158.925,178.925,0.0,0.0,0.0,0.0,0.0
baseline,0.00625,720575940617952034,early,0.0,180.0,0.66,-7.92,0.66,-7.92,0.0
baseline,0.00625,720575940617952034,later,180.0,1000.0,1.98,-45.936,1.98,-45.936,0.0
baseline,0.00625,720575940617952034,pre_first_20ms,159.00000000000003,179.00000000000003,0.33,-1.584,0.33,-1.584,0.0
baseline,0.00625,720575940623942280,early,0.0,180.0,0.0,0.0,0.0,0.0,0.0
baseline,0.00625,720575940623942280,later,180.0,1000.0,0.0,0.0,0.0,0.0,0.0
baseline,0.00625,720575940623942280,pre_first_20ms,159.0625,179.0625,0.0,0.0,0.0,0.0,0.0
baseline,0.00625,720575940644362788,early,0.0,180.0,0.0,0.0,0.0,0.0,0.0
baseline,0.00625,720575940644362788,later,180.0,1000.0,0.0,0.0,0.0,0.0,0.0
baseline,0.00625,720575940644362788,pre_first_20ms,159.26250000000002,179.26250000000002,0.0,0.0,0.0,0.0,0.0
baseline,0.00625,720575940628577897,early,0.0,180.0,9.899999999999999,-120.64800000000004,9.899999999999999,-120.64800000000004,0.0
baseline,0.00625,720575940628577897,later,180.0,1000.0,93.05999999999999,-1220.2080000000003,93.05999999999999,-1220.2080000000003,0.0
baseline,0.00625,720575940628577897,pre_first_20ms,159.57500000000002,179.57500000000002,2.31,-41.97600000000001,2.31,-41.97600000000001,0.0
baseline,0.00625,720575940622755978,early,0.0,180.0,0.0,-0.792,0.0,-0.792,0.0
baseline,0.00625,720575940622755978,later,180.0,1000.0,1.98,-2.904000000000001,1.98,-2.904000000000001,0.0
baseline,0.00625,720575940622755978,pre_first_20ms,159.63750000000002,179.63750000000002,0.0,0.0,0.0,0.0,0.0
mode_without_mn9,0.00625,720575940627371834,early,0.0,180.0,243.87,-86.856,243.87,-86.856,0.0
mode_without_mn9,0.00625,720575940627371834,later,180.0,1000.0,907.1699999999998,-372.768,907.1699999999998,-372.768,0.0
mode_without_mn9,0.00625,720575940627371834,pre_first_20ms,61.812500000000014,81.81250000000001,18.810000000000002,-15.048000000000002,18.810000000000002,-15.048000000000002,0.0
mode_without_mn9,0.00625,720575940610056772,early,0.0,180.0,203.94,-38.016000000000005,203.94,-38.016000000000005,0.0
mode_without_mn9,0.00625,720575940610056772,later,180.0,1000.0,871.8599999999999,-178.99200000000002,871.8599999999999,-178.99200000000002,0.0
mode_without_mn9,0.00625,720575940610056772,pre_first_20ms,66.46249999999999,86.46249999999999,19.47,-7.128,19.47,-7.128,0.0
mode_without_mn9,0.00625,720575940619876884,early,0.0,180.0,118.47000000000001,-37.75200000000001,118.47000000000001,-37.75200000000001,0.0
mode_without_mn9,0.00625,720575940619876884,later,180.0,1000.0,367.95000000000005,-99.00000000000001,367.95000000000005,-99.00000000000001,0.0
mode_without_mn9,0.00625,720575940619876884,pre_first_20ms,72.2125,92.2125,30.69,-1.32,30.69,-1.32,0.0
mode_without_mn9,0.00625,720575940645866292,early,0.0,180.0,309.21000000000004,-243.67199999999997,309.21000000000004,-243.67199999999997,0.0
mode_without_mn9,0.00625,720575940645866292,later,180.0,1000.0,1200.5400000000002,-1205.9520000000002,1200.5400000000002,-1205.9520000000002,0.0
mode_without_mn9,0.00625,720575940645866292,pre_first_20ms,72.9625,92.9625,13.530000000000001,-28.247999999999998,13.530000000000001,-28.247999999999998,0.0
mode_without_mn9,0.00625,720575940624525043,early,0.0,180.0,123.09,-5.016,123.09,-5.016,0.0
mode_without_mn9,0.00625,720575940624525043,later,180.0,1000.0,379.1700000000001,-33.00000000000001,379.1700000000001,-33.00000000000001,0.0
mode_without_mn9,0.00625,720575940624525043,pre_first_20ms,82.125,102.125,30.03,-0.528,30.03,-0.528,0.0
mode_without_mn9,0.00625,720575940611561139,early,0.0,180.0,125.73000000000002,-16.104,125.73000000000002,-16.104,0.0
mode_without_mn9,0.00625,720575940611561139,later,180.0,1000.0,395.3400000000001,-55.967999999999996,395.3400000000001,-55.967999999999996,0.0
mode_without_mn9,0.00625,720575940611561139,pre_first_20ms,82.25,102.25,37.62000000000001,-1.056,37.62000000000001,-1.056,0.0
mode_without_mn9,0.00625,720575940627699712,early,0.0,180.0,96.03,0.0,96.03,0.0,0.0
mode_without_mn9,0.00625,720575940627699712,later,180.0,1000.0,288.09,0.0,288.09,0.0,0.0
mode_without_mn9,0.00625,720575940627699712,pre_first_20ms,83.65,103.65,0.99,0.0,0.99,0.0,0.0
mode_without_mn9,0.00625,720575940636963806,early,0.0,180.0,113.51999999999998,-17.688000000000006,113.51999999999998,-17.688000000000006,0.0
mode_without_mn9,0.00625,720575940636963806,later,180.0,1000.0,336.6,-27.984000000000005,336.6,-27.984000000000005,0.0
mode_without_mn9,0.00625,720575940636963806,pre_first_20ms,86.8,106.8,37.29,-5.280000000000001,37.29,-5.280000000000001,0.0
mode_without_mn9,0.00625,720575940611523733,early,0.0,180.0,98.01000000000002,-1.056,98.01000000000002,-1.056,0.0
mode_without_mn9,0.00625,720575940611523733,later,180.0,1000.0,291.06000000000006,0.0,291.06000000000006,0.0,0.0
mode_without_mn9,0.00625,720575940611523733,pre_first_20ms,86.9125,106.9125,0.0,0.0,0.0,0.0,0.0
mode_without_mn9,0.00625,720575940611439473,early,0.0,180.0,108.57,-6.864000000000002,108.57,-6.864000000000002,0.0
mode_without_mn9,0.00625,720575940611439473,later,180.0,1000.0,323.73,-20.064000000000004,323.73,-20.064000000000004,0.0
mode_without_mn9,0.00625,720575940611439473,pre_first_20ms,90.875,110.875,24.42,-2.3760000000000003,24.42,-2.3760000000000003,0.0
mode_without_mn9,0.00625,720575940613441320,early,0.0,180.0,101.63999999999999,-5.280000000000001,101.63999999999999,-5.280000000000001,0.0
mode_without_mn9,0.00625,720575940613441320,later,180.0,1000.0,302.93999999999994,-14.256,302.93999999999994,-14.256,0.0
mode_without_mn9,0.00625,720575940613441320,pre_first_20ms,92.1,112.1,0.0,0.0,0.0,0.0,0.0
mode_without_mn9,0.00625,720575940638633806,early,0.0,180.0,99.99000000000001,-3.9600000000000004,99.99000000000001,-3.9600000000000004,0.0
mode_without_mn9,0.00625,720575940638633806,later,180.0,1000.0,297.0,-7.392000000000001,297.0,-7.392000000000001,0.0
mode_without_mn9,0.00625,720575940638633806,pre_first_20ms,92.1125,112.1125,0.0,-1.8480000000000003,0.0,-1.8480000000000003,0.0
mode_without_mn9,0.00625,720575940618588736,early,0.0,180.0,93.71999999999998,-2.112,93.71999999999998,-2.112,0.0
mode_without_mn9,0.00625,720575940618588736,later,180.0,1000.0,278.84999999999997,-4.752000000000001,278.84999999999997,-4.752000000000001,0.0
mode_without_mn9,0.00625,720575940618588736,pre_first_20ms,92.975,112.975,0.33,0.0,0.33,0.0,0.0
mode_without_mn9,0.00625,720575940635540671,early,0.0,180.0,106.59000000000002,-17.424000000000003,106.59000000000002,-17.424000000000003,0.0
mode_without_mn9,0.00625,720575940635540671,later,180.0,1000.0,314.8200000000001,-50.68800000000002,314.8200000000001,-50.68800000000002,0.0
mode_without_mn9,0.00625,720575940635540671,pre_first_20ms,95.0375,115.0375,0.0,-0.7920000000000001,0.0,-0.7920000000000001,0.0
mode_without_mn9,0.00625,720575940619252952,early,0.0,180.0,87.12,-1.848,87.12,-1.848,0.0
mode_without_mn9,0.00625,720575940619252952,later,180.0,1000.0,261.35999999999996,-4.752000000000001,261.35999999999996,-4.752000000000001,0.0
mode_without_mn9,0.00625,720575940619252952,pre_first_20ms,95.2875,115.2875,0.0,0.0,0.0,0.0,0.0
mode_without_mn9,0.00625,720575940639935616,early,0.0,180.0,68.31,-44.88,68.31,-44.88,0.0
mode_without_mn9,0.00625,720575940639935616,later,180.0,1000.0,198.33000000000004,-51.480000000000004,198.33000000000004,-51.480000000000004,0.0
mode_without_mn9,0.00625,720575940639935616,pre_first_20ms,95.5375,115.5375,0.0,-1.32,0.0,-1.32,0.0
mode_without_mn9,0.00625,720575940629910636,early,0.0,180.0,101.63999999999999,-13.464000000000002,101.63999999999999,-13.464000000000002,0.0
mode_without_mn9,0.00625,720575940629910636,later,180.0,1000.0,302.94,-26.400000000000002,302.94,-26.400000000000002,0.0
mode_without_mn9,0.00625,720575940629910636,pre_first_20ms,95.6625,115.6625,0.0,-2.64,0.0,-2.64,0.0
mode_without_mn9,0.00625,720575940623387786,early,0.0,180.0,53.78999999999999,-1.584,53.78999999999999,-1.584,0.0
mode_without_mn9,0.00625,720575940623387786,later,180.0,1000.0,154.43999999999997,-2.6400000000000006,154.43999999999997,-2.6400000000000006,0.0
mode_without_mn9,0.00625,720575940623387786,pre_first_20ms,96.4125,116.4125,0.0,-0.264,0.0,-0.264,0.0
mode_without_mn9,0.00625,720575940639283278,early,0.0,180.0,9.57,-0.792,9.57,-0.792,0.0
mode_without_mn9,0.00625,720575940639283278,later,180.0,1000.0,28.05,-1.584,28.05,-1.584,0.0
mode_without_mn9,0.00625,720575940639283278,pre_first_20ms,98.3,118.3,0.33,0.0,0.33,0.0,0.0
mode_without_mn9,0.00625,720575940628455942,early,0.0,180.0,15.18,-135.95999999999998,15.18,-135.95999999999998,0.0
mode_without_mn9,0.00625,720575940628455942,later,180.0,1000.0,38.61,-605.88,38.61,-605.88,0.0
mode_without_mn9,0.00625,720575940628455942,pre_first_20ms,100.75,120.75,1.32,-38.544000000000004,1.32,-38.544000000000004,0.0
mode_without_mn9,0.00625,720575940634928023,early,0.0,180.0,11.55,0.0,11.55,0.0,0.0
mode_without_mn9,0.00625,720575940634928023,later,180.0,1000.0,32.33999999999999,0.0,32.33999999999999,0.0,0.0
mode_without_mn9,0.00625,720575940634928023,pre_first_20ms,101.35,121.35,0.33,0.0,0.33,0.0,0.0
mode_without_mn9,0.00625,720575940626056510,early,0.0,180.0,109.89000000000001,-29.832,109.89000000000001,-29.832,0.0
mode_without_mn9,0.00625,720575940626056510,later,180.0,1000.0,329.67,-51.744,329.67,-51.744,0.0
mode_without_mn9,0.00625,720575940626056510,pre_first_20ms,102.15,122.15,0.0,0.0,0.0,0.0,0.0
mode_without_mn9,0.00625,720575940638695331,early,0.0,180.0,34.650000000000006,-2.904000000000001,34.650000000000006,-2.904000000000001,0.0
mode_without_mn9,0.00625,720575940638695331,later,180.0,1000.0,100.98,-7.128000000000001,100.98,-7.128000000000001,0.0
mode_without_mn9,0.00625,720575940638695331,pre_first_20ms,102.2,122.2,0.0,0.0,0.0,0.0,0.0
mode_without_mn9,0.00625,720575940616651193,early,0.0,180.0,82.5,-5.5440000000000005,82.5,-5.5440000000000005,0.0
mode_without_mn9,0.00625,720575940616651193,later,180.0,1000.0,246.50999999999996,-16.632000000000005,246.50999999999996,-16.632000000000005,0.0
mode_without_mn9,0.00625,720575940616651193,pre_first_20ms,102.5625,122.5625,0.0,0.0,0.0,0.0,0.0
mode_without_mn9,0.00625,720575940620011435,early,0.0,180.0,1.32,-8.976,1.32,-8.976,0.0
mode_without_mn9,0.00625,720575940620011435,later,180.0,1000.0,2.97,-26.136000000000003,2.97,-26.136000000000003,0.0
mode_without_mn9,0.00625,720575940620011435,pre_first_20ms,102.6125,122.6125,0.0,0.0,0.0,0.0,0.0
mode_without_mn9,0.00625,720575940619245016,early,0.0,180.0,2.64,0.0,2.64,0.0,0.0
mode_without_mn9,0.00625,720575940619245016,later,180.0,1000.0,0.0,0.0,0.0,0.0,0.0
mode_without_mn9,0.00625,720575940619245016,pre_first_20ms,102.7,122.7,0.0,0.0,0.0,0.0,0.0
mode_without_mn9,0.00625,720575940631097462,early,0.0,180.0,21.12,-12.144,21.12,-12.144,0.0
mode_without_mn9,0.00625,720575940631097462,later,180.0,1000.0,62.370000000000005,-30.09600000000001,62.370000000000005,-30.09600000000001,0.0
mode_without_mn9,0.00625,720575940631097462,pre_first_20ms,102.8,122.8,0.0,0.0,0.0,0.0,0.0
mode_without_mn9,0.00625,720575940621589887,early,0.0,180.0,26.729999999999997,-1.056,26.729999999999997,-1.056,0.0
mode_without_mn9,0.00625,720575940621589887,later,180.0,1000.0,77.22,-2.3760000000000003,77.22,-2.3760000000000003,0.0
mode_without_mn9,0.00625,720575940621589887,pre_first_20ms,103.15,123.15,0.0,0.0,0.0,0.0,0.0
mode_without_mn9,0.00625,720575940615166111,early,0.0,180.0,24.090000000000003,0.0,24.090000000000003,0.0,0.0
mode_without_mn9,0.00625,720575940615166111,later,180.0,1000.0,65.34,0.0,65.34,0.0,0.0
mode_without_mn9,0.00625,720575940615166111,pre_first_20ms,103.375,123.375,0.0,0.0,0.0,0.0,0.0
mode_without_mn9,0.00625,720575940631058280,early,0.0,180.0,116.49,-95.83200000000001,116.49,-95.83200000000001,0.0
mode_without_mn9,0.00625,720575940631058280,later,180.0,1000.0,347.49000000000007,-94.24799999999999,347.49000000000007,-94.24799999999999,0.0
mode_without_mn9,0.00625,720575940631058280,pre_first_20ms,103.375,123.375,1.32,0.0,1.32,0.0,0.0
mode_without_mn9,0.00625,720575940624742158,early,0.0,180.0,0.99,-3.696,0.99,-3.696,0.0
mode_without_mn9,0.00625,720575940624742158,later,180.0,1000.0,2.97,-7.656000000000001,2.97,-7.656000000000001,0.0
mode_without_mn9,0.00625,720575940624742158,pre_first_20ms,103.45,123.45,0.0,0.0,0.0,0.0,0.0
mode_without_mn9,0.00625,720575940623067389,early,0.0,180.0,90.09,-317.32800000000003,90.09,-317.32800000000003,0.0
mode_without_mn9,0.00625,720575940623067389,later,180.0,1000.0,267.29999999999995,-50.42400000000001,267.29999999999995,-50.42400000000001,0.0
mode_without_mn9,0.00625,720575940623067389,pre_first_20ms,103.51250000000002,123.51250000000002,0.0,0.0,0.0,0.0,0.0
mode_without_mn9,0.00625,720575940639373683,early,0.0,180.0,60.389999999999986,-16.104000000000003,60.389999999999986,-16.104000000000003,0.0
mode_without_mn9,0.00625,720575940639373683,later,180.0,1000.0,178.2,-31.944000000000006,178.2,-31.944000000000006,0.0
mode_without_mn9,0.00625,720575940639373683,pre_first_20ms,103.51250000000002,123.51250000000002,0.0,0.0,0.0,0.0,0.0
mode_without_mn9,0.00625,720575940627706645,early,0.0,180.0,45.87,0.0,45.87,0.0,0.0
mode_without_mn9,0.00625,720575940627706645,later,180.0,1000.0,136.62,0.0,136.62,0.0,0.0
mode_without_mn9,0.00625,720575940627706645,pre_first_20ms,103.6125,123.6125,15.18,0.0,15.18,0.0,0.0
mode_without_mn9,0.00625,720575940612922226,early,0.0,180.0,79.19999999999999,-7.920000000000002,79.19999999999999,-7.920000000000002,0.0
mode_without_mn9,0.00625,720575940612922226,later,180.0,1000.0,234.63,-21.384000000000007,234.63,-21.384000000000007,0.0
mode_without_mn9,0.00625,720575940612922226,pre_first_20ms,103.65,123.65,26.07,0.0,26.07,0.0,0.0
mode_without_mn9,0.00625,720575940643476128,early,0.0,180.0,1.32,-2.112,1.32,-2.112,0.0
mode_without_mn9,0.00625,720575940643476128,later,180.0,1000.0,0.0,-1.32,0.0,-1.32,0.0
mode_without_mn9,0.00625,720575940643476128,pre_first_20ms,104.26250000000002,124.26250000000002,0.0,0.0,0.0,0.0,0.0
mode_without_mn9,0.00625,720575940615953202,early,0.0,180.0,10.23,-5.28,10.23,-5.28,0.0
mode_without_mn9,0.00625,720575940615953202,later,180.0,1000.0,17.82,0.0,17.82,0.0,0.0
mode_without_mn9,0.00625,720575940615953202,pre_first_20ms,104.3625,124.3625,1.65,0.0,1.65,0.0,0.0
mode_without_mn9,0.00625,720575940619754699,early,0.0,180.0,0.99,0.0,0.99,0.0,0.0
mode_without_mn9,0.00625,720575940619754699,later,180.0,1000.0,0.0,0.0,0.0,0.0,0.0
mode_without_mn9,0.00625,720575940619754699,pre_first_20ms,104.8625,124.8625,0.0,0.0,0.0,0.0,0.0
mode_without_mn9,0.00625,720575940626010042,early,0.0,180.0,90.42,-82.10400000000001,90.42,-82.10400000000001,0.0
mode_without_mn9,0.00625,720575940626010042,later,180.0,1000.0,270.27000000000004,-86.85600000000004,270.27000000000004,-86.85600000000004,0.0
mode_without_mn9,0.00625,720575940626010042,pre_first_20ms,104.9375,124.9375,28.05,-0.264,28.05,-0.264,0.0
mode_without_mn9,0.00625,720575940630539535,early,0.0,180.0,10.23,-7.656000000000001,10.23,-7.656000000000001,0.0
mode_without_mn9,0.00625,720575940630539535,later,180.0,1000.0,26.729999999999993,-16.368000000000002,26.729999999999993,-16.368000000000002,0.0
mode_without_mn9,0.00625,720575940630539535,pre_first_20ms,104.975,124.975,0.0,0.0,0.0,0.0,0.0
mode_without_mn9,0.00625,720575940623067686,early,0.0,180.0,3.96,-1.056,3.96,-1.056,0.0
mode_without_mn9,0.00625,720575940623067686,later,180.0,1000.0,11.55,-2.3760000000000003,11.55,-2.3760000000000003,0.0
mode_without_mn9,0.00625,720575940623067686,pre_first_20ms,104.9875,124.9875,0.99,0.0,0.99,0.0,0.0
mode_without_mn9,0.00625,720575940645864739,early,0.0,180.0,0.33,0.0,0.33,0.0,0.0
mode_without_mn9,0.00625,720575940645864739,later,180.0,1000.0,0.0,0.0,0.0,0.0,0.0
mode_without_mn9,0.00625,720575940645864739,pre_first_20ms,105.0625,125.0625,0.0,0.0,0.0,0.0,0.0
mode_without_mn9,0.00625,720575940633156377,early,0.0,180.0,0.99,-0.792,0.99,-0.792,0.0
mode_without_mn9,0.00625,720575940633156377,later,180.0,1000.0,2.97,-2.3760000000000003,2.97,-2.3760000000000003,0.0
mode_without_mn9,0.00625,720575940633156377,pre_first_20ms,105.175,125.175,0.0,0.0,0.0,0.0,0.0
mode_without_mn9,0.00625,720575940624426940,early,0.0,180.0,58.739999999999995,-23.496000000000002,58.739999999999995,-23.496000000000002,0.0
mode_without_mn9,0.00625,720575940624426940,later,180.0,1000.0,169.28999999999996,-69.96,169.28999999999996,-69.96,0.0
mode_without_mn9,0.00625,720575940624426940,pre_first_20ms,105.3,125.3,0.33,0.0,0.33,0.0,0.0
mode_without_mn9,0.00625,720575940625203277,early,0.0,180.0,47.19,-13.200000000000001,47.19,-13.200000000000001,0.0
mode_without_mn9,0.00625,720575940625203277,later,180.0,1000.0,149.48999999999998,-38.80800000000001,149.48999999999998,-38.80800000000001,0.0
mode_without_mn9,0.00625,720575940625203277,pre_first_20ms,105.3125,125.3125,14.52,0.0,14.52,0.0,0.0
mode_without_mn9,0.00625,720575940624681520,early,0.0,180.0,0.66,-0.792,0.66,-0.792,0.0
mode_without_mn9,0.00625,720575940624681520,later,180.0,1000.0,0.0,-2.3760000000000003,0.0,-2.3760000000000003,0.0
mode_without_mn9,0.00625,720575940624681520,pre_first_20ms,105.7125,125.7125,0.0,0.0,0.0,0.0,0.0
mode_without_mn9,0.00625,720575940630968680,early,0.0,180.0,49.5,-32.208,49.5,-32.208,0.0
mode_without_mn9,0.00625,720575940630968680,later,180.0,1000.0,148.5,-96.096,148.5,-96.096,0.0
mode_without_mn9,0.00625,720575940630968680,pre_first_20ms,105.83750000000002,125.83750000000002,15.84,0.0,15.84,0.0,0.0
mode_without_mn9,0.00625,720575940630939855,early,0.0,180.0,1.32,0.0,1.32,0.0,0.0
mode_without_mn9,0.00625,720575940630939855,later,180.0,1000.0,2.97,0.0,2.97,0.0,0.0
mode_without_mn9,0.00625,720575940630939855,pre_first_20ms,106.275,126.275,0.33,0.0,0.33,0.0,0.0
mode_without_mn9,0.00625,720575940627692565,early,0.0,180.0,1.98,0.0,1.98,0.0,0.0
mode_without_mn9,0.00625,720575940627692565,later,180.0,1000.0,0.0,0.0,0.0,0.0,0.0
mode_without_mn9,0.00625,720575940627692565,pre_first_20ms,106.35000000000002,126.35000000000002,0.0,0.0,0.0,0.0,0.0
mode_without_mn9,0.00625,720575940630020345,early,0.0,180.0,54.77999999999999,-34.056,54.77999999999999,-34.056,0.0
mode_without_mn9,0.00625,720575940630020345,later,180.0,1000.0,166.31999999999996,-101.37600000000002,166.31999999999996,-101.37600000000002,0.0
mode_without_mn9,0.00625,720575940630020345,pre_first_20ms,106.35000000000002,126.35000000000002,16.169999999999998,0.0,16.169999999999998,0.0,0.0
mode_without_mn9,0.00625,720575940620321670,early,0.0,180.0,1.32,0.0,1.32,0.0,0.0
mode_without_mn9,0.00625,720575940620321670,later,180.0,1000.0,0.0,0.0,0.0,0.0,0.0
mode_without_mn9,0.00625,720575940620321670,pre_first_20ms,106.38750000000002,126.38750000000002,0.0,0.0,0.0,0.0,0.0
mode_without_mn9,0.00625,720575940618263365,early,0.0,180.0,5.609999999999999,-5.280000000000001,5.609999999999999,-5.280000000000001,0.0
mode_without_mn9,0.00625,720575940618263365,later,180.0,1000.0,15.180000000000001,-14.520000000000001,15.180000000000001,-14.520000000000001,0.0
mode_without_mn9,0.00625,720575940618263365,pre_first_20ms,106.4375,126.4375,0.0,0.0,0.0,0.0,0.0
mode_without_mn9,0.00625,720575940622446085,early,0.0,180.0,2.97,-9.768,2.97,-9.768,0.0
mode_without_mn9,0.00625,720575940622446085,later,180.0,1000.0,0.0,-33.791999999999994,0.0,-33.791999999999994,0.0
mode_without_mn9,0.00625,720575940622446085,pre_first_20ms,106.45,126.45,0.0,-0.528,0.0,-0.528,0.0
mode_without_mn9,0.00625,720575940629911503,early,0.0,180.0,0.0,0.0,0.0,0.0,0.0
mode_without_mn9,0.00625,720575940629911503,later,180.0,1000.0,0.0,0.0,0.0,0.0,0.0
mode_without_mn9,0.00625,720575940629911503,pre_first_20ms,106.5,126.5,0.0,0.0,0.0,0.0,0.0
mode_without_mn9,0.00625,720575940620252075,early,0.0,180.0,1.65,-0.264,1.65,-0.264,0.0
mode_without_mn9,0.00625,720575940620252075,later,180.0,1000.0,0.0,0.0,0.0,0.0,0.0
mode_without_mn9,0.00625,720575940620252075,pre_first_20ms,106.65,126.65,0.0,0.0,0.0,0.0,0.0
mode_without_mn9,0.00625,720575940622203350,early,0.0,180.0,5.28,0.0,5.28,0.0,0.0
mode_without_mn9,0.00625,720575940622203350,later,180.0,1000.0,11.88,0.0,11.88,0.0,0.0
mode_without_mn9,0.00625,720575940622203350,pre_first_20ms,106.825,126.825,1.32,0.0,1.32,0.0,0.0
mode_without_mn9,0.00625,720575940619077255,early,0.0,180.0,2.31,0.0,2.31,0.0,0.0
mode_without_mn9,0.00625,720575940619077255,later,180.0,1000.0,5.94,0.0,5.94,0.0,0.0
mode_without_mn9,0.00625,720575940619077255,pre_first_20ms,106.9125,126.9125,0.33,0.0,0.33,0.0,0.0
mode_without_mn9,0.00625,720575940619709899,early,0.0,180.0,0.99,0.0,0.99,0.0,0.0
mode_without_mn9,0.00625,720575940619709899,later,180.0,1000.0,0.0,0.0,0.0,0.0,0.0
mode_without_mn9,0.00625,720575940619709899,pre_first_20ms,107.0375,127.0375,0.0,0.0,0.0,0.0,0.0
mode_without_mn9,0.00625,720575940616370065,early,0.0,180.0,13.2,-3.4320000000000004,13.2,-3.4320000000000004,0.0
mode_without_mn9,0.00625,720575940616370065,later,180.0,1000.0,38.60999999999999,-8.448000000000002,38.60999999999999,-8.448000000000002,0.0
mode_without_mn9,0.00625,720575940616370065,pre_first_20ms,107.175,127.175,2.31,0.0,2.31,0.0,0.0
mode_without_mn9,0.00625,720575940625032171,early,0.0,180.0,3.96,-3.168,3.96,-3.168,0.0
mode_without_mn9,0.00625,720575940625032171,later,180.0,1000.0,11.88,-5.808000000000002,11.88,-5.808000000000002,0.0
mode_without_mn9,0.00625,720575940625032171,pre_first_20ms,107.2375,127.2375,0.66,-0.264,0.66,-0.264,0.0
mode_without_mn9,0.00625,720575940605007206,early,0.0,180.0,1.65,0.0,1.65,0.0,0.0
mode_without_mn9,0.00625,720575940605007206,later,180.0,1000.0,0.0,0.0,0.0,0.0,0.0
mode_without_mn9,0.00625,720575940605007206,pre_first_20ms,107.5125,127.5125,0.0,0.0,0.0,0.0,0.0
mode_without_mn9,0.00625,720575940621905185,early,0.0,180.0,3.3000000000000003,-1.056,3.3000000000000003,-1.056,0.0
mode_without_mn9,0.00625,720575940621905185,later,180.0,1000.0,0.0,-3.696,0.0,-3.696,0.0
mode_without_mn9,0.00625,720575940621905185,pre_first_20ms,107.525,127.525,0.0,0.0,0.0,0.0,0.0
mode_without_mn9,0.00625,720575940621921285,early,0.0,180.0,32.34,-22.176,32.34,-22.176,0.0
mode_without_mn9,0.00625,720575940621921285,later,180.0,1000.0,89.1,0.0,89.1,0.0,0.0
mode_without_mn9,0.00625,720575940621921285,pre_first_20ms,107.575,127.575,9.9,0.0,9.9,0.0,0.0
mode_without_mn9,0.00625,720575940645676579,early,0.0,180.0,24.75,-6.6000000000000005,24.75,-6.6000000000000005,0.0
mode_without_mn9,0.00625,720575940645676579,later,180.0,1000.0,74.25,-16.896000000000004,74.25,-16.896000000000004,0.0
mode_without_mn9,0.00625,720575940645676579,pre_first_20ms,107.775,127.775,6.2700000000000005,0.0,6.2700000000000005,0.0,0.0
mode_without_mn9,0.00625,720575940607667723,early,0.0,180.0,0.66,-14.52,0.66,-14.52,0.0
mode_without_mn9,0.00625,720575940607667723,later,180.0,1000.0,0.0,-51.74400000000001,0.0,-51.74400000000001,0.0
mode_without_mn9,0.00625,720575940607667723,pre_first_20ms,107.875,127.875,0.0,-2.112,0.0,-2.112,0.0
mode_without_mn9,0.00625,720575940614684822,early,0.0,180.0,1.32,-5.280000000000001,1.32,-5.280000000000001,0.0
mode_without_mn9,0.00625,720575940614684822,later,180.0,1000.0,2.97,-18.48,2.97,-18.48,0.0
mode_without_mn9,0.00625,720575940614684822,pre_first_20ms,107.88750000000002,127.88750000000002,0.33,-0.264,0.33,-0.264,0.0
mode_without_mn9,0.00625,720575940628342171,early,0.0,180.0,1.98,0.0,1.98,0.0,0.0
mode_without_mn9,0.00625,720575940628342171,later,180.0,1000.0,0.0,0.0,0.0,0.0,0.0
mode_without_mn9,0.00625,720575940628342171,pre_first_20ms,107.9125,127.9125,0.0,0.0,0.0,0.0,0.0
mode_without_mn9,0.00625,720575940621038294,early,0.0,180.0,2.31,-2.3760000000000003,2.31,-2.3760000000000003,0.0
mode_without_mn9,0.00625,720575940621038294,later,180.0,1000.0,5.94,-7.128,5.94,-7.128,0.0
mode_without_mn9,0.00625,720575940621038294,pre_first_20ms,108.0,128.0,0.33,-0.7920000000000001,0.33,-0.7920000000000001,0.0
mode_without_mn9,0.00625,720575940620464321,early,0.0,180.0,13.860000000000001,-7.392000000000001,13.860000000000001,-7.392000000000001,0.0
mode_without_mn9,0.00625,720575940620464321,later,180.0,1000.0,35.31,0.0,35.31,0.0,0.0
mode_without_mn9,0.00625,720575940620464321,pre_first_20ms,108.0625,128.0625,3.9600000000000004,0.0,3.9600000000000004,0.0,0.0
mode_without_mn9,0.00625,720575940632059193,early,0.0,180.0,1.65,0.0,1.65,0.0,0.0
mode_without_mn9,0.00625,720575940632059193,later,180.0,1000.0,0.0,0.0,0.0,0.0,0.0
mode_without_mn9,0.00625,720575940632059193,pre_first_20ms,108.16250000000002,128.16250000000002,0.0,0.0,0.0,0.0,0.0
mode_without_mn9,0.00625,720575940646735156,early,0.0,180.0,16.17,-3.4320000000000004,16.17,-3.4320000000000004,0.0
mode_without_mn9,0.00625,720575940646735156,later,180.0,1000.0,46.85999999999999,-9.504000000000001,46.85999999999999,-9.504000000000001,0.0
mode_without_mn9,0.00625,720575940646735156,pre_first_20ms,108.20000000000002,128.20000000000002,5.61,0.0,5.61,0.0,0.0
mode_without_mn9,0.00625,720575940633062335,early,0.0,180.0,1.98,-3.168,1.98,-3.168,0.0
mode_without_mn9,0.00625,720575940633062335,later,180.0,1000.0,5.94,-6.864000000000001,5.94,-6.864000000000001,0.0
mode_without_mn9,0.00625,720575940633062335,pre_first_20ms,108.3375,128.3375,0.66,0.0,0.66,0.0,0.0
mode_without_mn9,0.00625,720575940643882184,early,0.0,180.0,6.93,-0.264,6.93,-0.264,0.0
mode_without_mn9,0.00625,720575940643882184,later,180.0,1000.0,20.790000000000003,0.0,20.790000000000003,0.0,0.0
mode_without_mn9,0.00625,720575940643882184,pre_first_20ms,108.4625,128.4625,2.31,0.0,2.31,0.0,0.0
mode_without_mn9,0.00625,720575940639505792,early,0.0,180.0,3.3,0.0,3.3,0.0,0.0
mode_without_mn9,0.00625,720575940639505792,later,180.0,1000.0,0.0,0.0,0.0,0.0,0.0
mode_without_mn9,0.00625,720575940639505792,pre_first_20ms,108.5375,128.5375,0.0,0.0,0.0,0.0,0.0
mode_without_mn9,0.00625,720575940605028017,early,0.0,180.0,88.44,-3.6960000000000006,88.44,-3.6960000000000006,0.0
mode_without_mn9,0.00625,720575940605028017,later,180.0,1000.0,269.94,-15.840000000000007,269.94,-15.840000000000007,0.0
mode_without_mn9,0.00625,720575940605028017,pre_first_20ms,108.6875,128.6875,28.38,0.0,28.38,0.0,0.0
mode_without_mn9,0.00625,720575940631865228,early,0.0,180.0,112.53,-77.61600000000001,112.53,-77.61600000000001,0.0
mode_without_mn9,0.00625,720575940631865228,later,180.0,1000.0,391.38,-199.848,391.38,-199.848,0.0
mode_without_mn9,0.00625,720575940631865228,pre_first_20ms,108.725,128.725,30.360000000000003,-6.864000000000001,30.360000000000003,-6.864000000000001,0.0
mode_without_mn9,0.00625,720575940624230122,early,0.0,180.0,0.33,-7.6560000000000015,0.33,-7.6560000000000015,0.0
mode_without_mn9,0.00625,720575940624230122,later,180.0,1000.0,0.0,-21.384000000000004,0.0,-21.384000000000004,0.0
mode_without_mn9,0.00625,720575940624230122,pre_first_20ms,108.75,128.75,0.0,-0.7920000000000001,0.0,-0.7920000000000001,0.0
mode_without_mn9,0.00625,720575940613463471,early,0.0,180.0,0.0,-2.6400000000000006,0.0,-2.6400000000000006,0.0
mode_without_mn9,0.00625,720575940613463471,later,180.0,1000.0,0.0,-9.24,0.0,-9.24,0.0
mode_without_mn9,0.00625,720575940613463471,pre_first_20ms,108.85,128.85,0.0,-0.7920000000000001,0.0,-0.7920000000000001,0.0
mode_without_mn9,0.00625,720575940626979965,early,0.0,180.0,9.24,-0.264,9.24,-0.264,0.0
mode_without_mn9,0.00625,720575940626979965,later,180.0,1000.0,24.75,0.0,24.75,0.0,0.0
mode_without_mn9,0.00625,720575940626979965,pre_first_20ms,109.01249999999999,129.0125,3.63,0.0,3.63,0.0,0.0
mode_without_mn9,0.00625,720575940638677411,early,0.0,180.0,43.56,-17.16,43.56,-17.16,0.0
mode_without_mn9,0.00625,720575940638677411,later,180.0,1000.0,157.41,-78.14399999999999,157.41,-78.14399999999999,0.0
mode_without_mn9,0.00625,720575940638677411,pre_first_20ms,109.12500000000003,129.12500000000003,11.55,-2.3760000000000003,11.55,-2.3760000000000003,0.0
mode_without_mn9,0.00625,720575940618405848,early,0.0,180.0,5.61,-3.9600000000000004,5.61,-3.9600000000000004,0.0
mode_without_mn9,0.00625,720575940618405848,later,180.0,1000.0,17.16,-8.448000000000002,17.16,-8.448000000000002,0.0
mode_without_mn9,0.00625,720575940618405848,pre_first_20ms,109.26249999999999,129.2625,2.64,0.0,2.64,0.0,0.0
mode_without_mn9,0.00625,720575940626650890,early,0.0,180.0,0.0,-19.008000000000003,0.0,-19.008000000000003,0.0
mode_without_mn9,0.00625,720575940626650890,later,180.0,1000.0,0.0,-97.416,0.0,-97.416,0.0
mode_without_mn9,0.00625,720575940626650890,pre_first_20ms,109.4,129.4,0.0,-2.9040000000000004,0.0,-2.9040000000000004,0.0
mode_without_mn9,0.00625,720575940619766219,early,0.0,180.0,0.0,0.0,0.0,0.0,0.0
mode_without_mn9,0.00625,720575940619766219,later,180.0,1000.0,0.0,0.0,0.0,0.0,0.0
mode_without_mn9,0.00625,720575940619766219,pre_first_20ms,109.475,129.475,0.0,0.0,0.0,0.0,0.0
mode_without_mn9,0.00625,720575940614702754,early,0.0,180.0,2.97,0.0,2.97,0.0,0.0
mode_without_mn9,0.00625,720575940614702754,later,180.0,1000.0,0.0,0.0,0.0,0.0,0.0
mode_without_mn9,0.00625,720575940614702754,pre_first_20ms,109.51249999999999,129.5125,0.0,0.0,0.0,0.0,0.0
mode_without_mn9,0.00625,720575940620001958,early,0.0,180.0,4.29,-0.792,4.29,-0.792,0.0
mode_without_mn9,0.00625,720575940620001958,later,180.0,1000.0,11.55,-2.3760000000000003,11.55,-2.3760000000000003,0.0
mode_without_mn9,0.00625,720575940620001958,pre_first_20ms,109.63750000000002,129.63750000000002,0.99,-0.264,0.99,-0.264,0.0
mode_without_mn9,0.00625,720575940621833054,early,0.0,180.0,6.93,0.0,6.93,0.0,0.0
mode_without_mn9,0.00625,720575940621833054,later,180.0,1000.0,20.790000000000003,0.0,20.790000000000003,0.0,0.0
mode_without_mn9,0.00625,720575940621833054,pre_first_20ms,109.73750000000001,129.7375,2.31,0.0,2.31,0.0,0.0
mode_without_mn9,0.00625,720575940613792296,early,0.0,180.0,0.0,0.0,0.0,0.0,0.0
mode_without_mn9,0.00625,720575940613792296,later,180.0,1000.0,0.0,0.0,0.0,0.0,0.0
mode_without_mn9,0.00625,720575940613792296,pre_first_20ms,109.7875,129.7875,0.0,0.0,0.0,0.0,0.0
mode_without_mn9,0.00625,720575940621457690,early,0.0,180.0,2.31,-1.056,2.31,-1.056,0.0
mode_without_mn9,0.00625,720575940621457690,later,180.0,1000.0,2.64,0.0,2.64,0.0,0.0
mode_without_mn9,0.00625,720575940621457690,pre_first_20ms,109.82499999999999,129.825,0.0,0.0,0.0,0.0,0.0
mode_without_mn9,0.00625,720575940625559908,early,0.0,180.0,5.279999999999999,-5.5440000000000005,5.279999999999999,-5.5440000000000005,0.0
mode_without_mn9,0.00625,720575940625559908,later,180.0,1000.0,14.850000000000001,-16.104000000000003,14.850000000000001,-16.104000000000003,0.0
mode_without_mn9,0.00625,720575940625559908,pre_first_20ms,109.8375,129.8375,1.65,-1.5840000000000003,1.65,-1.5840000000000003,0.0
mode_without_mn9,0.00625,720575940627946512,early,0.0,180.0,143.21999999999997,-112.99200000000002,143.21999999999997,-112.99200000000002,0.0
mode_without_mn9,0.00625,720575940627946512,later,180.0,1000.0,427.67999999999995,-338.44800000000004,427.67999999999995,-338.44800000000004,0.0
mode_without_mn9,0.00625,720575940627946512,pre_first_20ms,109.88750000000002,129.88750000000002,47.519999999999996,-37.488,47.519999999999996,-37.488,0.0
mode_without_mn9,0.00625,720575940613163473,early,0.0,180.0,1.65,-9.504,1.65,-9.504,0.0
mode_without_mn9,0.00625,720575940613163473,later,180.0,1000.0,0.0,-31.416000000000007,0.0,-31.416000000000007,0.0
mode_without_mn9,0.00625,720575940613163473,pre_first_20ms,110.13750000000002,130.13750000000002,0.0,-0.792,0.0,-0.792,0.0
mode_without_mn9,0.00625,720575940627619057,early,0.0,180.0,0.66,0.0,0.66,0.0,0.0
mode_without_mn9,0.00625,720575940627619057,later,180.0,1000.0,0.0,0.0,0.0,0.0,0.0
mode_without_mn9,0.00625,720575940627619057,pre_first_20ms,110.16250000000002,130.16250000000002,0.0,0.0,0.0,0.0,0.0
mode_without_mn9,0.00625,720575940634172267,early,0.0,180.0,25.409999999999997,-11.88,25.409999999999997,-11.88,0.0
mode_without_mn9,0.00625,720575940634172267,later,180.0,1000.0,79.86000000000001,-46.2,79.86000000000001,-46.2,0.0
mode_without_mn9,0.00625,720575940634172267,pre_first_20ms,110.1875,130.1875,6.6000000000000005,-3.168,6.6000000000000005,-3.168,0.0
mode_without_mn9,0.00625,720575940623356651,early,0.0,180.0,0.66,0.0,0.66,0.0,0.0
mode_without_mn9,0.00625,720575940623356651,later,180.0,1000.0,0.0,0.0,0.0,0.0,0.0
mode_without_mn9,0.00625,720575940623356651,pre_first_20ms,110.38750000000002,130.38750000000002,0.0,0.0,0.0,0.0,0.0
mode_without_mn9,0.00625,720575940616762585,early,0.0,180.0,0.33,-0.528,0.33,-0.528,0.0
mode_without_mn9,0.00625,720575940616762585,later,180.0,1000.0,0.0,-0.792,0.0,-0.792,0.0
mode_without_mn9,0.00625,720575940616762585,pre_first_20ms,110.525,130.525,0.0,0.0,0.0,0.0,0.0
mode_without_mn9,0.00625,720575940627849515,early,0.0,180.0,68.64000000000001,-2.64,68.64000000000001,-2.64,0.0
mode_without_mn9,0.00625,720575940627849515,later,180.0,1000.0,204.93000000000006,-8.448000000000004,204.93000000000006,-8.448000000000004,0.0
mode_without_mn9,0.00625,720575940627849515,pre_first_20ms,110.525,130.525,22.770000000000003,-0.528,22.770000000000003,-0.528,0.0
mode_without_mn9,0.00625,720575940635404724,early,0.0,180.0,9.57,-9.24,9.57,-9.24,0.0
mode_without_mn9,0.00625,720575940635404724,later,180.0,1000.0,29.04,-10.032,29.04,-10.032,0.0
mode_without_mn9,0.00625,720575940635404724,pre_first_20ms,110.61249999999998,130.61249999999998,1.98,-0.528,1.98,-0.528,0.0
mode_without_mn9,0.00625,720575940626425682,early,0.0,180.0,30.69,-4.488,30.69,-4.488,0.0
mode_without_mn9,0.00625,720575940626425682,later,180.0,1000.0,93.39,-5.28,93.39,-5.28,0.0
mode_without_mn9,0.00625,720575940626425682,pre_first_20ms,110.66250000000002,130.66250000000002,8.25,0.0,8.25,0.0,0.0
mode_without_mn9,0.00625,720575940626703497,early,0.0,180.0,23.1,-2.64,23.1,-2.64,0.0
mode_without_mn9,0.00625,720575940626703497,later,180.0,1000.0,69.96000000000001,-5.280000000000001,69.96000000000001,-5.280000000000001,0.0
mode_without_mn9,0.00625,720575940626703497,pre_first_20ms,110.6875,130.6875,4.29,-0.528,4.29,-0.528,0.0
mode_without_mn9,0.00625,720575940623847728,early,0.0,180.0,0.0,-1.584,0.0,-1.584,0.0
mode_without_mn9,0.00625,720575940623847728,later,180.0,1000.0,0.0,-4.752000000000001,0.0,-4.752000000000001,0.0
mode_without_mn9,0.00625,720575940623847728,pre_first_20ms,110.73750000000001,130.7375,0.0,-0.528,0.0,-0.528,0.0
mode_without_mn9,0.00625,720575940629225463,early,0.0,180.0,0.0,-0.528,0.0,-0.528,0.0
mode_without_mn9,0.00625,720575940629225463,later,180.0,1000.0,0.0,-1.584,0.0,-1.584,0.0
mode_without_mn9,0.00625,720575940629225463,pre_first_20ms,110.80000000000001,130.8,0.0,0.0,0.0,0.0,0.0
mode_without_mn9,0.00625,720575940635397556,early,0.0,180.0,29.37,-25.872,29.37,-25.872,0.0
mode_without_mn9,0.00625,720575940635397556,later,180.0,1000.0,83.16000000000001,-77.88000000000001,83.16000000000001,-77.88000000000001,0.0
mode_without_mn9,0.00625,720575940635397556,pre_first_20ms,110.82499999999999,130.825,9.24,-8.448,9.24,-8.448,0.0
mode_without_mn9,0.00625,720575940622971283,early,0.0,180.0,1.6500000000000001,-0.264,1.6500000000000001,-0.264,0.0
mode_without_mn9,0.00625,720575940622971283,later,180.0,1000.0,0.0,-0.792,0.0,-0.792,0.0
mode_without_mn9,0.00625,720575940622971283,pre_first_20ms,110.87500000000003,130.87500000000003,0.0,0.0,0.0,0.0,0.0
mode_without_mn9,0.00625,720575940622999688,early,0.0,180.0,1.32,0.0,1.32,0.0,0.0
mode_without_mn9,0.00625,720575940622999688,later,180.0,1000.0,0.0,0.0,0.0,0.0,0.0
mode_without_mn9,0.00625,720575940622999688,pre_first_20ms,111.0375,131.0375,0.0,0.0,0.0,0.0,0.0
mode_without_mn9,0.00625,720575940610205282,early,0.0,180.0,10.89,-0.264,10.89,-0.264,0.0
mode_without_mn9,0.00625,720575940610205282,later,180.0,1000.0,32.67,0.0,32.67,0.0,0.0
mode_without_mn9,0.00625,720575940610205282,pre_first_20ms,111.20000000000002,131.20000000000002,3.6300000000000003,0.0,3.6300000000000003,0.0,0.0
mode_without_mn9,0.00625,720575940622446341,early,0.0,180.0,2.97,-10.032,2.97,-10.032,0.0
mode_without_mn9,0.00625,720575940622446341,later,180.0,1000.0,0.0,-33.528,0.0,-33.528,0.0
mode_without_mn9,0.00625,720575940622446341,pre_first_20ms,111.26250000000002,131.26250000000002,0.0,-0.528,0.0,-0.528,0.0
mode_without_mn9,0.00625,720575940628210887,early,0.0,180.0,18.810000000000002,-0.264,18.810000000000002,-0.264,0.0
mode_without_mn9,0.00625,720575940628210887,later,180.0,1000.0,55.440000000000005,0.0,55.440000000000005,0.0,0.0
mode_without_mn9,0.00625,720575940628210887,pre_first_20ms,111.26250000000002,131.26250000000002,6.2700000000000005,0.0,6.2700000000000005,0.0,0.0
mode_without_mn9,0.00625,720575940613303471,early,0.0,180.0,0.66,-10.560000000000002,0.66,-10.560000000000002,0.0
mode_without_mn9,0.00625,720575940613303471,later,180.0,1000.0,0.0,-31.680000000000007,0.0,-31.680000000000007,0.0
mode_without_mn9,0.00625,720575940613303471,pre_first_20ms,111.30000000000001,131.3,0.0,-3.960000000000001,0.0,-3.960000000000001,0.0
mode_without_mn9,0.00625,720575940657580417,early,0.0,180.0,0.33,0.0,0.33,0.0,0.0
mode_without_mn9,0.00625,720575940657580417,later,180.0,1000.0,0.0,0.0,0.0,0.0,0.0
mode_without_mn9,0.00625,720575940657580417,pre_first_20ms,111.4,131.4,0.0,0.0,0.0,0.0,0.0
mode_without_mn9,0.00625,720575940617841437,early,0.0,180.0,26.73,-5.5440000000000005,26.73,-5.5440000000000005,0.0
mode_without_mn9,0.00625,720575940617841437,later,180.0,1000.0,80.19,-11.879999999999999,80.19,-11.879999999999999,0.0
mode_without_mn9,0.00625,720575940617841437,pre_first_20ms,111.5,131.5,8.91,-0.264,8.91,-0.264,0.0
mode_without_mn9,0.00625,720575940638379598,early,0.0,180.0,22.44,-5.5440000000000005,22.44,-5.5440000000000005,0.0
mode_without_mn9,0.00625,720575940638379598,later,180.0,1000.0,65.67,-14.784000000000002,65.67,-14.784000000000002,0.0
mode_without_mn9,0.00625,720575940638379598,pre_first_20ms,111.525,131.525,6.2700000000000005,-1.3200000000000003,6.2700000000000005,-1.3200000000000003,0.0
mode_without_mn9,0.00625,720575940619773505,early,0.0,180.0,6.27,-5.808000000000001,6.27,-5.808000000000001,0.0
mode_without_mn9,0.00625,720575940619773505,later,180.0,1000.0,17.82,-16.896000000000004,17.82,-16.896000000000004,0.0
mode_without_mn9,0.00625,720575940619773505,pre_first_20ms,111.67500000000001,131.675,1.98,-1.8480000000000003,1.98,-1.8480000000000003,0.0
mode_without_mn9,0.00625,720575940626778008,early,0.0,180.0,2.9699999999999998,0.0,2.9699999999999998,0.0,0.0
mode_without_mn9,0.00625,720575940626778008,later,180.0,1000.0,8.91,0.0,8.91,0.0,0.0
mode_without_mn9,0.00625,720575940626778008,pre_first_20ms,111.67500000000001,131.675,0.99,0.0,0.99,0.0,0.0
mode_without_mn9,0.00625,720575940615042246,early,0.0,180.0,11.219999999999999,-3.6960000000000006,11.219999999999999,-3.6960000000000006,0.0
mode_without_mn9,0.00625,720575940615042246,later,180.0,1000.0,34.65,-9.504000000000001,34.65,-9.504000000000001,0.0
mode_without_mn9,0.00625,720575940615042246,pre_first_20ms,111.70000000000002,131.70000000000002,1.98,0.0,1.98,0.0,0.0
mode_without_mn9,0.00625,720575940617825949,early,0.0,180.0,2.64,0.0,2.64,0.0,0.0
mode_without_mn9,0.00625,720575940617825949,later,180.0,1000.0,5.94,0.0,5.94,0.0,0.0
mode_without_mn9,0.00625,720575940617825949,pre_first_20ms,111.87500000000003,131.87500000000003,0.66,0.0,0.66,0.0,0.0
mode_without_mn9,0.00625,720575940610506542,early,0.0,180.0,0.99,0.0,0.99,0.0,0.0
mode_without_mn9,0.00625,720575940610506542,later,180.0,1000.0,0.0,0.0,0.0,0.0,0.0
mode_without_mn9,0.00625,720575940610506542,pre_first_20ms,111.9375,131.9375,0.0,0.0,0.0,0.0,0.0
mode_without_mn9,0.00625,720575940612734066,early,0.0,180.0,14.190000000000001,0.0,14.190000000000001,0.0,0.0
mode_without_mn9,0.00625,720575940612734066,later,180.0,1000.0,36.96,0.0,36.96,0.0,0.0
mode_without_mn9,0.00625,720575940612734066,pre_first_20ms,111.95000000000002,131.95000000000002,0.0,0.0,0.0,0.0,0.0
mode_without_mn9,0.00625,720575940613981905,early,0.0,180.0,38.28,-1.32,38.28,-1.32,0.0
mode_without_mn9,0.00625,720575940613981905,later,180.0,1000.0,114.18000000000004,-3.168000000000001,114.18000000000004,-3.168000000000001,0.0
mode_without_mn9,0.00625,720575940613981905,pre_first_20ms,111.95000000000002,131.95000000000002,12.540000000000001,-0.264,12.540000000000001,-0.264,0.0
mode_without_mn9,0.00625,720575940629908540,early,0.0,180.0,0.33,0.0,0.33,0.0,0.0
mode_without_mn9,0.00625,720575940629908540,later,180.0,1000.0,0.0,0.0,0.0,0.0,0.0
mode_without_mn9,0.00625,720575940629908540,pre_first_20ms,112.0,132.0,0.0,0.0,0.0,0.0,0.0
mode_without_mn9,0.00625,720575940617306717,early,0.0,180.0,3.96,-0.264,3.96,-0.264,0.0
mode_without_mn9,0.00625,720575940617306717,later,180.0,1000.0,11.88,0.0,11.88,0.0,0.0
mode_without_mn9,0.00625,720575940617306717,pre_first_20ms,112.01250000000002,132.01250000000002,1.32,0.0,1.32,0.0,0.0
mode_without_mn9,0.00625,720575940619863125,early,0.0,180.0,0.99,0.0,0.99,0.0,0.0
mode_without_mn9,0.00625,720575940619863125,later,180.0,1000.0,0.0,0.0,0.0,0.0,0.0
mode_without_mn9,0.00625,720575940619863125,pre_first_20ms,112.025,132.025,0.0,0.0,0.0,0.0,0.0
mode_without_mn9,0.00625,720575940616702465,early,0.0,180.0,3.63,0.0,3.63,0.0,0.0
mode_without_mn9,0.00625,720575940616702465,later,180.0,1000.0,8.91,0.0,8.91,0.0,0.0
mode_without_mn9,0.00625,720575940616702465,pre_first_20ms,112.07499999999999,132.075,0.99,0.0,0.99,0.0,0.0
mode_without_mn9,0.00625,720575940617649954,early,0.0,180.0,1.32,0.0,1.32,0.0,0.0
mode_without_mn9,0.00625,720575940617649954,later,180.0,1000.0,0.0,0.0,0.0,0.0,0.0
mode_without_mn9,0.00625,720575940617649954,pre_first_20ms,112.30000000000001,132.3,0.0,0.0,0.0,0.0,0.0
mode_without_mn9,0.00625,720575940620904614,early,0.0,180.0,0.99,0.0,0.99,0.0,0.0
mode_without_mn9,0.00625,720575940620904614,later,180.0,1000.0,2.97,0.0,2.97,0.0,0.0
mode_without_mn9,0.00625,720575940620904614,pre_first_20ms,112.47500000000002,132.47500000000002,0.33,0.0,0.33,0.0,0.0
mode_without_mn9,0.00625,720575940614376615,early,0.0,180.0,4.95,-0.792,4.95,-0.792,0.0
mode_without_mn9,0.00625,720575940614376615,later,180.0,1000.0,11.88,-2.3760000000000003,11.88,-2.3760000000000003,0.0
mode_without_mn9,0.00625,720575940614376615,pre_first_20ms,112.625,132.625,1.32,-0.264,1.32,-0.264,0.0
mode_without_mn9,0.00625,720575940631561676,early,0.0,180.0,61.38,-38.80800000000001,61.38,-38.80800000000001,0.0
mode_without_mn9,0.00625,720575940631561676,later,180.0,1000.0,184.14000000000001,-116.42400000000004,184.14000000000001,-116.42400000000004,0.0
mode_without_mn9,0.00625,720575940631561676,pre_first_20ms,112.625,132.625,20.46,-12.936000000000002,20.46,-12.936000000000002,0.0
mode_without_mn9,0.00625,720575940631937042,early,0.0,180.0,4.29,-0.7920000000000001,4.29,-0.7920000000000001,0.0
mode_without_mn9,0.00625,720575940631937042,later,180.0,1000.0,11.88,0.0,11.88,0.0,0.0
mode_without_mn9,0.00625,720575940631937042,pre_first_20ms,112.70000000000002,132.70000000000002,1.32,0.0,1.32,0.0,0.0
mode_without_mn9,0.00625,720575940626003130,early,0.0,180.0,24.75,-8.712,24.75,-8.712,0.0
mode_without_mn9,0.00625,720575940626003130,later,180.0,1000.0,74.25,-19.008000000000003,74.25,-19.008000000000003,0.0
mode_without_mn9,0.00625,720575940626003130,pre_first_20ms,112.73750000000001,132.7375,8.25,-2.112,8.25,-2.112,0.0
mode_without_mn9,0.00625,720575940629560770,early,0.0,180.0,35.64,-111.408,35.64,-111.408,0.0
mode_without_mn9,0.00625,720575940629560770,later,180.0,1000.0,103.94999999999999,-600.8640000000001,103.94999999999999,-600.8640000000001,0.0
mode_without_mn9,0.00625,720575940629560770,pre_first_20ms,112.73750000000001,132.7375,9.57,-7.392000000000001,9.57,-7.392000000000001,0.0
mode_without_mn9,0.00625,720575940629512314,early,0.0,180.0,6.93,-0.528,6.93,-0.528,0.0
mode_without_mn9,0.00625,720575940629512314,later,180.0,1000.0,17.82,0.0,17.82,0.0,0.0
mode_without_mn9,0.00625,720575940629512314,pre_first_20ms,112.8375,132.8375,1.98,0.0,1.98,0.0,0.0
mode_without_mn9,0.00625,720575940621646668,early,0.0,180.0,0.33,0.0,0.33,0.0,0.0
mode_without_mn9,0.00625,720575940621646668,later,180.0,1000.0,0.0,0.0,0.0,0.0,0.0
mode_without_mn9,0.00625,720575940621646668,pre_first_20ms,112.88750000000002,132.88750000000002,0.0,0.0,0.0,0.0,0.0
mode_without_mn9,0.00625,720575940635517876,early,0.0,180.0,1.6500000000000001,-0.264,1.6500000000000001,-0.264,0.0
mode_without_mn9,0.00625,720575940635517876,later,180.0,1000.0,2.97,-0.792,2.97,-0.792,0.0
mode_without_mn9,0.00625,720575940635517876,pre_first_20ms,112.97500000000002,132.97500000000002,0.33,0.0,0.33,0.0,0.0
mode_without_mn9,0.00625,720575940639355726,early,0.0,180.0,1.32,-2.112,1.32,-2.112,0.0
mode_without_mn9,0.00625,720575940639355726,later,180.0,1000.0,2.97,-4.488000000000001,2.97,-4.488000000000001,0.0
mode_without_mn9,0.00625,720575940639355726,pre_first_20ms,113.17500000000001,133.175,0.66,0.0,0.66,0.0,0.0
mode_without_mn9,0.00625,720575940624338068,early,0.0,180.0,0.33,0.0,0.33,0.0,0.0
mode_without_mn9,0.00625,720575940624338068,later,180.0,1000.0,0.0,0.0,0.0,0.0,0.0
mode_without_mn9,0.00625,720575940624338068,pre_first_20ms,113.30000000000001,133.3,0.33,0.0,0.33,0.0,0.0
mode_without_mn9,0.00625,720575940634113687,early,0.0,180.0,69.96,-32.736000000000004,69.96,-32.736000000000004,0.0
mode_without_mn9,0.00625,720575940634113687,later,180.0,1000.0,207.89999999999998,-98.20800000000001,207.89999999999998,-98.20800000000001,0.0
mode_without_mn9,0.00625,720575940634113687,pre_first_20ms,113.32499999999999,133.325,23.429999999999996,-10.824000000000002,23.429999999999996,-10.824000000000002,0.0
mode_without_mn9,0.00625,720575940627980955,early,0.0,180.0,20.46,-3.168,20.46,-3.168,0.0
mode_without_mn9,0.00625,720575940627980955,later,180.0,1000.0,59.400000000000006,-9.504000000000001,59.400000000000006,-9.504000000000001,0.0
mode_without_mn9,0.00625,720575940627980955,pre_first_20ms,113.48750000000001,133.4875,7.260000000000001,-1.056,7.260000000000001,-1.056,0.0
mode_without_mn9,0.00625,720575940628695056,early,0.0,180.0,6.2700000000000005,-5.28,6.2700000000000005,-5.28,0.0
mode_without_mn9,0.00625,720575940628695056,later,180.0,1000.0,14.850000000000001,-12.672,14.850000000000001,-12.672,0.0
mode_without_mn9,0.00625,720575940628695056,pre_first_20ms,113.48750000000001,133.4875,2.97,-1.32,2.97,-1.32,0.0
mode_without_mn9,0.00625,720575940628682283,early,0.0,180.0,0.33,0.0,0.33,0.0,0.0
mode_without_mn9,0.00625,720575940628682283,later,180.0,1000.0,0.0,0.0,0.0,0.0,0.0
mode_without_mn9,0.00625,720575940628682283,pre_first_20ms,113.5375,133.5375,0.33,0.0,0.33,0.0,0.0
mode_without_mn9,0.00625,720575940612551594,early,0.0,180.0,0.0,0.0,0.0,0.0,0.0
mode_without_mn9,0.00625,720575940612551594,later,180.0,1000.0,0.0,0.0,0.0,0.0,0.0
mode_without_mn9,0.00625,720575940612551594,pre_first_20ms,113.5875,133.5875,0.0,0.0,0.0,0.0,0.0
mode_without_mn9,0.00625,720575940651305718,early,0.0,180.0,0.66,0.0,0.66,0.0,0.0
mode_without_mn9,0.00625,720575940651305718,later,180.0,1000.0,0.0,0.0,0.0,0.0,0.0
mode_without_mn9,0.00625,720575940651305718,pre_first_20ms,113.6,133.6,0.66,0.0,0.66,0.0,0.0
mode_without_mn9,0.00625,720575940620718318,early,0.0,180.0,52.470000000000006,0.0,52.470000000000006,0.0,0.0
mode_without_mn9,0.00625,720575940620718318,later,180.0,1000.0,143.55000000000004,0.0,143.55000000000004,0.0,0.0
mode_without_mn9,0.00625,720575940620718318,pre_first_20ms,113.66250000000002,133.66250000000002,17.490000000000002,0.0,17.490000000000002,0.0,0.0
mode_without_mn9,0.00625,720575940630552591,early,0.0,180.0,67.32,-13.728000000000002,67.32,-13.728000000000002,0.0
mode_without_mn9,0.00625,720575940630552591,later,180.0,1000.0,201.96,-52.272000000000006,201.96,-52.272000000000006,0.0
mode_without_mn9,0.00625,720575940630552591,pre_first_20ms,113.775,133.775,22.11,-4.224,22.11,-4.224,0.0
mode_without_mn9,0.00625,720575940628290307,early,0.0,180.0,0.0,-59.400000000000006,0.0,-59.400000000000006,0.0
mode_without_mn9,0.00625,720575940628290307,later,180.0,1000.0,0.0,-167.11200000000002,0.0,-167.11200000000002,0.0
mode_without_mn9,0.00625,720575940628290307,pre_first_20ms,113.80000000000001,133.8,0.0,0.0,0.0,0.0,0.0
mode_without_mn9,0.00625,720575940634752666,early,0.0,180.0,25.41,0.0,25.41,0.0,0.0
mode_without_mn9,0.00625,720575940634752666,later,180.0,1000.0,74.25,0.0,74.25,0.0,0.0
mode_without_mn9,0.00625,720575940634752666,pre_first_20ms,113.875,133.875,8.91,0.0,8.91,0.0,0.0
mode_without_mn9,0.00625,720575940621018977,early,0.0,180.0,0.0,0.0,0.0,0.0,0.0
mode_without_mn9,0.00625,720575940621018977,later,180.0,1000.0,0.0,0.0,0.0,0.0,0.0
mode_without_mn9,0.00625,720575940621018977,pre_first_20ms,113.88749999999999,133.8875,0.0,0.0,0.0,0.0,0.0
mode_without_mn9,0.00625,720575940614789791,early,0.0,180.0,13.2,-0.7920000000000001,13.2,-0.7920000000000001,0.0
mode_without_mn9,0.00625,720575940614789791,later,180.0,1000.0,38.61,0.0,38.61,0.0,0.0
mode_without_mn9,0.00625,720575940614789791,pre_first_20ms,114.0,134.0,4.62,0.0,4.62,0.0,0.0
mode_without_mn9,0.00625,720575940617853986,early,0.0,180.0,0.33,0.0,0.33,0.0,0.0
mode_without_mn9,0.00625,720575940617853986,later,180.0,1000.0,0.0,0.0,0.0,0.0,0.0
mode_without_mn9,0.00625,720575940617853986,pre_first_20ms,114.17500000000001,134.175,0.33,0.0,0.33,0.0,0.0
mode_without_mn9,0.00625,720575940624915435,early,0.0,180.0,7.59,0.0,7.59,0.0,0.0
mode_without_mn9,0.00625,720575940624915435,later,180.0,1000.0,20.790000000000003,0.0,20.790000000000003,0.0,0.0
mode_without_mn9,0.00625,720575940624915435,pre_first_20ms,114.25,134.25,2.97,0.0,2.97,0.0,0.0
mode_without_mn9,0.00625,720575940605777353,early,0.0,180.0,26.73,-11.616000000000001,26.73,-11.616000000000001,0.0
mode_without_mn9,0.00625,720575940605777353,later,180.0,1000.0,80.18999999999998,-37.488,80.18999999999998,-37.488,0.0
mode_without_mn9,0.00625,720575940605777353,pre_first_20ms,114.275,134.275,8.91,0.0,8.91,0.0,0.0
mode_without_mn9,0.00625,720575940610209378,early,0.0,180.0,74.25,-199.056,74.25,-199.056,0.0
mode_without_mn9,0.00625,720575940610209378,later,180.0,1000.0,258.39,-745.5360000000002,258.39,-745.5360000000002,0.0
mode_without_mn9,0.00625,720575940610209378,pre_first_20ms,114.275,134.275,20.459999999999997,-52.536,20.459999999999997,-52.536,0.0
mode_without_mn9,0.00625,720575940631673484,early,0.0,180.0,0.0,-1.056,0.0,-1.056,0.0
mode_without_mn9,0.00625,720575940631673484,later,180.0,1000.0,0.0,-3.168,0.0,-3.168,0.0
mode_without_mn9,0.00625,720575940631673484,pre_first_20ms,114.2875,134.2875,0.0,0.0,0.0,0.0,0.0
mode_without_mn9,0.00625,720575940619917990,early,0.0,180.0,22.44,-0.264,22.44,-0.264,0.0
mode_without_mn9,0.00625,720575940619917990,later,180.0,1000.0,65.34,0.0,65.34,0.0,0.0
mode_without_mn9,0.00625,720575940619917990,pre_first_20ms,114.30000000000001,134.3,7.920000000000001,0.0,7.920000000000001,0.0,0.0
mode_without_mn9,0.00625,720575940628958979,early,0.0,180.0,0.0,0.0,0.0,0.0,0.0
mode_without_mn9,0.00625,720575940628958979,later,180.0,1000.0,0.0,0.0,0.0,0.0,0.0
mode_without_mn9,0.00625,720575940628958979,pre_first_20ms,114.32499999999999,134.325,0.0,0.0,0.0,0.0,0.0
mode_without_mn9,0.00625,720575940629763575,early,0.0,180.0,0.0,-1.32,0.0,-1.32,0.0
mode_without_mn9,0.00625,720575940629763575,later,180.0,1000.0,0.0,-3.96,0.0,-3.96,0.0
mode_without_mn9,0.00625,720575940629763575,pre_first_20ms,114.3375,134.3375,0.0,0.0,0.0,0.0,0.0
mode_without_mn9,0.00625,720575940632212039,early,0.0,180.0,2.97,0.0,2.97,0.0,0.0
mode_without_mn9,0.00625,720575940632212039,later,180.0,1000.0,5.94,0.0,5.94,0.0,0.0
mode_without_mn9,0.00625,720575940632212039,pre_first_20ms,114.36249999999998,134.36249999999998,1.65,0.0,1.65,0.0,0.0
mode_without_mn9,0.00625,720575940627321674,early,0.0,180.0,1.98,-0.264,1.98,-0.264,0.0
mode_without_mn9,0.00625,720575940627321674,later,180.0,1000.0,5.28,0.0,5.28,0.0,0.0
mode_without_mn9,0.00625,720575940627321674,pre_first_20ms,114.47500000000002,134.47500000000002,0.0,0.0,0.0,0.0,0.0
mode_without_mn9,0.00625,720575940640942837,early,0.0,180.0,14.850000000000001,-7.656000000000001,14.850000000000001,-7.656000000000001,0.0
mode_without_mn9,0.00625,720575940640942837,later,180.0,1000.0,44.55,-14.256,44.55,-14.256,0.0
mode_without_mn9,0.00625,720575940640942837,pre_first_20ms,114.5,134.5,4.95,-1.5840000000000003,4.95,-1.5840000000000003,0.0
mode_without_mn9,0.00625,720575940606726834,early,0.0,180.0,44.220000000000006,-8.448,44.220000000000006,-8.448,0.0
mode_without_mn9,0.00625,720575940606726834,later,180.0,1000.0,132.0,-35.376,132.0,-35.376,0.0
mode_without_mn9,0.00625,720575940606726834,pre_first_20ms,114.5625,134.5625,14.520000000000001,-2.904,14.520000000000001,-2.904,0.0
mode_without_mn9,0.00625,720575940626653309,early,0.0,180.0,1.6500000000000001,-35.904,1.6500000000000001,-35.904,0.0
mode_without_mn9,0.00625,720575940626653309,later,180.0,1000.0,2.97,-104.54400000000001,2.97,-104.54400000000001,0.0
mode_without_mn9,0.00625,720575940626653309,pre_first_20ms,114.625,134.625,0.99,-11.616000000000001,0.99,-11.616000000000001,0.0
mode_without_mn9,0.00625,720575940605495072,early,0.0,180.0,0.33,-57.552,0.33,-57.552,0.0
mode_without_mn9,0.00625,720575940605495072,later,180.0,1000.0,0.0,-173.71200000000002,0.0,-173.71200000000002,0.0
mode_without_mn9,0.00625,720575940605495072,pre_first_20ms,114.63749999999999,134.6375,0.0,0.0,0.0,0.0,0.0
mode_without_mn9,0.00625,720575940628349456,early,0.0,180.0,53.129999999999995,-19.536,53.129999999999995,-19.536,0.0
mode_without_mn9,0.00625,720575940628349456,later,180.0,1000.0,242.88000000000008,-296.2080000000001,242.88000000000008,-296.2080000000001,0.0
mode_without_mn9,0.00625,720575940628349456,pre_first_20ms,114.70000000000002,134.70000000000002,7.59,-2.112,7.59,-2.112,0.0
mode_without_mn9,0.00625,720575940624544748,early,0.0,180.0,6.6,-0.528,6.6,-0.528,0.0
mode_without_mn9,0.00625,720575940624544748,later,180.0,1000.0,17.82,0.0,17.82,0.0,0.0
mode_without_mn9,0.00625,720575940624544748,pre_first_20ms,114.7125,134.7125,2.31,0.0,2.31,0.0,0.0
mode_without_mn9,0.00625,720575940615413435,early,0.0,180.0,66.99,-79.2,66.99,-79.2,0.0
mode_without_mn9,0.00625,720575940615413435,later,180.0,1000.0,205.91999999999993,-285.12000000000006,205.91999999999993,-285.12000000000006,0.0
mode_without_mn9,0.00625,720575940615413435,pre_first_20ms,114.775,134.775,20.13,-0.792,20.13,-0.792,0.0
mode_without_mn9,0.00625,720575940622399190,early,0.0,180.0,42.239999999999995,-4.224,42.239999999999995,-4.224,0.0
mode_without_mn9,0.00625,720575940622399190,later,180.0,1000.0,124.74,-11.88,124.74,-11.88,0.0
mode_without_mn9,0.00625,720575940622399190,pre_first_20ms,114.80000000000001,134.8,13.86,-1.32,13.86,-1.32,0.0
mode_without_mn9,0.00625,720575940625419495,early,0.0,180.0,5.61,-22.176,5.61,-22.176,0.0
mode_without_mn9,0.00625,720575940625419495,later,180.0,1000.0,17.82,-44.352,17.82,-44.352,0.0
mode_without_mn9,0.00625,720575940625419495,pre_first_20ms,114.82499999999999,134.825,1.65,0.0,1.65,0.0,0.0
mode_without_mn9,0.00625,720575940625926693,early,0.0,180.0,0.33,0.0,0.33,0.0,0.0
mode_without_mn9,0.00625,720575940625926693,later,180.0,1000.0,0.0,0.0,0.0,0.0,0.0
mode_without_mn9,0.00625,720575940625926693,pre_first_20ms,114.82499999999999,134.825,0.33,0.0,0.33,0.0,0.0
mode_without_mn9,0.00625,720575940625990974,early,0.0,180.0,0.33,0.0,0.33,0.0,0.0
mode_without_mn9,0.00625,720575940625990974,later,180.0,1000.0,0.0,0.0,0.0,0.0,0.0
mode_without_mn9,0.00625,720575940625990974,pre_first_20ms,114.90000000000003,134.90000000000003,0.33,0.0,0.33,0.0,0.0
mode_without_mn9,0.00625,720575940622045917,early,0.0,180.0,0.0,0.0,0.0,0.0,0.0
mode_without_mn9,0.00625,720575940622045917,later,180.0,1000.0,0.0,0.0,0.0,0.0,0.0
mode_without_mn9,0.00625,720575940622045917,pre_first_20ms,114.91250000000002,134.91250000000002,0.0,0.0,0.0,0.0,0.0
mode_without_mn9,0.00625,720575940622858534,early,0.0,180.0,0.66,0.0,0.66,0.0,0.0
mode_without_mn9,0.00625,720575940622858534,later,180.0,1000.0,0.0,0.0,0.0,0.0,0.0
mode_without_mn9,0.00625,720575940622858534,pre_first_20ms,114.93750000000003,134.93750000000003,0.66,0.0,0.66,0.0,0.0
mode_without_mn9,0.00625,720575940623199684,early,0.0,180.0,0.99,-0.264,0.99,-0.264,0.0
mode_without_mn9,0.00625,720575940623199684,later,180.0,1000.0,2.97,0.0,2.97,0.0,0.0
mode_without_mn9,0.00625,720575940623199684,pre_first_20ms,114.93750000000003,134.93750000000003,0.33,0.0,0.33,0.0,0.0
mode_without_mn9,0.00625,720575940623088309,early,0.0,180.0,26.729999999999997,-0.528,26.729999999999997,-0.528,0.0
mode_without_mn9,0.00625,720575940623088309,later,180.0,1000.0,77.22,0.0,77.22,0.0,0.0
mode_without_mn9,0.00625,720575940623088309,pre_first_20ms,115.01250000000002,135.01250000000002,9.57,0.0,9.57,0.0,0.0
mode_without_mn9,0.00625,720575940609674052,early,0.0,180.0,10.89,-5.016000000000001,10.89,-5.016000000000001,0.0
mode_without_mn9,0.00625,720575940609674052,later,180.0,1000.0,29.369999999999994,-12.936,29.369999999999994,-12.936,0.0
mode_without_mn9,0.00625,720575940609674052,pre_first_20ms,115.0875,135.0875,0.66,-1.32,0.66,-1.32,0.0
mode_without_mn9,0.00625,720575940626717573,early,0.0,180.0,1.98,-75.76800000000001,1.98,-75.76800000000001,0.0
mode_without_mn9,0.00625,720575940626717573,later,180.0,1000.0,5.94,-212.25600000000003,5.94,-212.25600000000003,0.0
mode_without_mn9,0.00625,720575940626717573,pre_first_20ms,115.18750000000003,135.18750000000003,0.66,0.0,0.66,0.0,0.0
mode_without_mn9,0.00625,720575940626024323,early,0.0,180.0,0.0,-2.112,0.0,-2.112,0.0
mode_without_mn9,0.00625,720575940626024323,later,180.0,1000.0,0.0,-4.224000000000001,0.0,-4.224000000000001,0.0
mode_without_mn9,0.00625,720575940626024323,pre_first_20ms,115.2125,135.2125,0.0,0.0,0.0,0.0,0.0
mode_without_mn9,0.00625,720575940617549497,early,0.0,180.0,2.64,-0.264,2.64,-0.264,0.0
mode_without_mn9,0.00625,720575940617549497,later,180.0,1000.0,2.97,0.0,2.97,0.0,0.0
mode_without_mn9,0.00625,720575940617549497,pre_first_20ms,115.32499999999999,135.325,1.98,0.0,1.98,0.0,0.0
mode_without_mn9,0.00625,720575940616143989,early,0.0,180.0,0.66,-1.056,0.66,-1.056,0.0
mode_without_mn9,0.00625,720575940616143989,later,180.0,1000.0,0.0,-2.3760000000000003,0.0,-2.3760000000000003,0.0
mode_without_mn9,0.00625,720575940616143989,pre_first_20ms,115.35,135.35,0.66,-0.264,0.66,-0.264,0.0
mode_without_mn9,0.00625,720575940635802223,early,0.0,180.0,1.9800000000000002,0.0,1.9800000000000002,0.0,0.0
mode_without_mn9,0.00625,720575940635802223,later,180.0,1000.0,2.97,0.0,2.97,0.0,0.0
mode_without_mn9,0.00625,720575940635802223,pre_first_20ms,115.41250000000002,135.41250000000002,1.32,0.0,1.32,0.0,0.0
mode_without_mn9,0.00625,720575940621201833,early,0.0,180.0,10.23,-13.200000000000003,10.23,-13.200000000000003,0.0
mode_without_mn9,0.00625,720575940621201833,later,180.0,1000.0,29.700000000000003,-39.864000000000004,29.700000000000003,-39.864000000000004,0.0
mode_without_mn9,0.00625,720575940621201833,pre_first_20ms,115.42500000000001,135.425,3.6300000000000003,0.0,3.6300000000000003,0.0,0.0
mode_without_mn9,0.00625,720575940624430060,early,0.0,180.0,0.0,0.0,0.0,0.0,0.0
mode_without_mn9,0.00625,720575940624430060,later,180.0,1000.0,0.0,0.0,0.0,0.0,0.0
mode_without_mn9,0.00625,720575940624430060,pre_first_20ms,115.43750000000003,135.43750000000003,0.0,0.0,0.0,0.0,0.0
mode_without_mn9,0.00625,720575940638840629,early,0.0,180.0,2.9699999999999998,-0.792,2.9699999999999998,-0.792,0.0
mode_without_mn9,0.00625,720575940638840629,later,180.0,1000.0,8.91,-2.3760000000000003,8.91,-2.3760000000000003,0.0
mode_without_mn9,0.00625,720575940638840629,pre_first_20ms,115.45000000000002,135.45000000000002,0.99,-0.264,0.99,-0.264,0.0
mode_without_mn9,0.00625,720575940612185586,early,0.0,180.0,1.32,0.0,1.32,0.0,0.0
mode_without_mn9,0.00625,720575940612185586,later,180.0,1000.0,0.0,0.0,0.0,0.0,0.0
mode_without_mn9,0.00625,720575940612185586,pre_first_20ms,115.625,135.625,1.32,0.0,1.32,0.0,0.0
mode_without_mn9,0.00625,720575940616055858,early,0.0,180.0,4.62,0.0,4.62,0.0,0.0
mode_without_mn9,0.00625,720575940616055858,later,180.0,1000.0,11.88,0.0,11.88,0.0,0.0
mode_without_mn9,0.00625,720575940616055858,pre_first_20ms,115.63749999999999,135.6375,1.98,0.0,1.98,0.0,0.0
mode_without_mn9,0.00625,720575940621213556,early,0.0,180.0,5.28,-17.160000000000004,5.28,-17.160000000000004,0.0
mode_without_mn9,0.00625,720575940621213556,later,180.0,1000.0,0.0,-40.656000000000006,0.0,-40.656000000000006,0.0
mode_without_mn9,0.00625,720575940621213556,pre_first_20ms,115.67500000000001,135.675,0.0,0.0,0.0,0.0,0.0
mode_without_mn9,0.00625,720575940624100075,early,0.0,180.0,27.39,0.0,27.39,0.0,0.0
mode_without_mn9,0.00625,720575940624100075,later,180.0,1000.0,90.74999999999997,0.0,90.74999999999997,0.0,0.0
mode_without_mn9,0.00625,720575940624100075,pre_first_20ms,115.73750000000001,135.7375,2.31,0.0,2.31,0.0,0.0
mode_without_mn9,0.00625,720575940606453769,early,0.0,180.0,0.0,-0.528,0.0,-0.528,0.0
mode_without_mn9,0.00625,720575940606453769,later,180.0,1000.0,0.0,-1.056,0.0,-1.056,0.0
mode_without_mn9,0.00625,720575940606453769,pre_first_20ms,115.8375,135.8375,0.0,0.0,0.0,0.0,0.0
mode_without_mn9,0.00625,720575940628602471,early,0.0,180.0,0.0,0.0,0.0,0.0,0.0
mode_without_mn9,0.00625,720575940628602471,later,180.0,1000.0,0.0,0.0,0.0,0.0,0.0
mode_without_mn9,0.00625,720575940628602471,pre_first_20ms,115.86250000000001,135.8625,0.0,0.0,0.0,0.0,0.0
mode_without_mn9,0.00625,720575940621012289,early,0.0,180.0,6.6,-4.752000000000001,6.6,-4.752000000000001,0.0
mode_without_mn9,0.00625,720575940621012289,later,180.0,1000.0,17.82,0.0,17.82,0.0,0.0
mode_without_mn9,0.00625,720575940621012289,pre_first_20ms,115.875,135.875,2.64,0.0,2.64,0.0,0.0
mode_without_mn9,0.00625,720575940620232875,early,0.0,180.0,2.31,0.0,2.31,0.0,0.0
mode_without_mn9,0.00625,720575940620232875,later,180.0,1000.0,5.94,0.0,5.94,0.0,0.0
mode_without_mn9,0.00625,720575940620232875,pre_first_20ms,115.9,135.9,0.99,0.0,0.99,0.0,0.0
mode_without_mn9,0.00625,720575940625118096,early,0.0,180.0,21.78,-12.144,21.78,-12.144,0.0
mode_without_mn9,0.00625,720575940625118096,later,180.0,1000.0,65.33999999999999,-26.664,65.33999999999999,-26.664,0.0
mode_without_mn9,0.00625,720575940625118096,pre_first_20ms,115.9,135.9,7.26,0.0,7.26,0.0,0.0
mode_without_mn9,0.00625,720575940609027523,early,0.0,180.0,8.25,-33.792,8.25,-33.792,0.0
mode_without_mn9,0.00625,720575940609027523,later,180.0,1000.0,17.82,-97.416,17.82,-97.416,0.0
mode_without_mn9,0.00625,720575940609027523,pre_first_20ms,115.93750000000003,135.93750000000003,4.29,-10.824000000000002,4.29,-10.824000000000002,0.0
mode_without_mn9,0.00625,720575940627731206,early,0.0,180.0,74.25,-4.488,74.25,-4.488,0.0
mode_without_mn9,0.00625,720575940627731206,later,180.0,1000.0,222.75,-13.2,222.75,-13.2,0.0
mode_without_mn9,0.00625,720575940627731206,pre_first_20ms,115.9625,135.9625,24.75,-0.264,24.75,-0.264,0.0
mode_without_mn9,0.00625,720575940622910989,early,0.0,180.0,4.949999999999999,0.0,4.949999999999999,0.0,0.0
mode_without_mn9,0.00625,720575940622910989,later,180.0,1000.0,14.850000000000001,0.0,14.850000000000001,0.0,0.0
mode_without_mn9,0.00625,720575940622910989,pre_first_20ms,115.97500000000002,135.97500000000002,1.65,0.0,1.65,0.0,0.0
mode_without_mn9,0.00625,720575940629963068,early,0.0,180.0,2.31,-2.112,2.31,-2.112,0.0
mode_without_mn9,0.00625,720575940629963068,later,180.0,1000.0,5.94,-2.3760000000000003,5.94,-2.3760000000000003,0.0
mode_without_mn9,0.00625,720575940629963068,pre_first_20ms,115.97500000000002,135.97500000000002,0.99,-0.264,0.99,-0.264,0.0
mode_without_mn9,0.00625,720575940642142861,early,0.0,180.0,0.66,0.0,0.66,0.0,0.0
mode_without_mn9,0.00625,720575940642142861,later,180.0,1000.0,0.0,0.0,0.0,0.0,0.0
mode_without_mn9,0.00625,720575940642142861,pre_first_20ms,115.97500000000002,135.97500000000002,0.66,0.0,0.66,0.0,0.0
mode_without_mn9,0.00625,720575940620402345,early,0.0,180.0,0.0,0.0,0.0,0.0,0.0
mode_without_mn9,0.00625,720575940620402345,later,180.0,1000.0,0.0,0.0,0.0,0.0,0.0
mode_without_mn9,0.00625,720575940620402345,pre_first_20ms,116.0,136.0,0.0,0.0,0.0,0.0,0.0
mode_without_mn9,0.00625,720575940612435685,early,0.0,180.0,0.99,0.0,0.99,0.0,0.0
mode_without_mn9,0.00625,720575940612435685,later,180.0,1000.0,0.0,0.0,0.0,0.0,0.0
mode_without_mn9,0.00625,720575940612435685,pre_first_20ms,116.025,136.025,0.99,0.0,0.99,0.0,0.0
mode_without_mn9,0.00625,720575940626199429,early,0.0,180.0,0.0,0.0,0.0,0.0,0.0
mode_without_mn9,0.00625,720575940626199429,later,180.0,1000.0,0.0,0.0,0.0,0.0,0.0
mode_without_mn9,0.00625,720575940626199429,pre_first_20ms,116.0625,136.0625,0.0,0.0,0.0,0.0,0.0
mode_without_mn9,0.00625,720575940613157329,early,0.0,180.0,0.66,0.0,0.66,0.0,0.0
mode_without_mn9,0.00625,720575940613157329,later,180.0,1000.0,0.0,0.0,0.0,0.0,0.0
mode_without_mn9,0.00625,720575940613157329,pre_first_20ms,116.07499999999999,136.075,0.66,0.0,0.66,0.0,0.0
mode_without_mn9,0.00625,720575940639556467,early,0.0,180.0,0.33,0.0,0.33,0.0,0.0
mode_without_mn9,0.00625,720575940639556467,later,180.0,1000.0,0.0,0.0,0.0,0.0,0.0
mode_without_mn9,0.00625,720575940639556467,pre_first_20ms,116.15,136.15,0.33,0.0,0.33,0.0,0.0
mode_without_mn9,0.00625,720575940619954598,early,0.0,180.0,0.0,0.0,0.0,0.0,0.0
mode_without_mn9,0.00625,720575940619954598,later,180.0,1000.0,0.0,0.0,0.0,0.0,0.0
mode_without_mn9,0.00625,720575940619954598,pre_first_20ms,116.18750000000003,136.18750000000003,0.0,0.0,0.0,0.0,0.0
mode_without_mn9,0.00625,720575940621277445,early,0.0,180.0,0.0,-1.32,0.0,-1.32,0.0
mode_without_mn9,0.00625,720575940621277445,later,180.0,1000.0,0.0,-1.32,0.0,-1.32,0.0
mode_without_mn9,0.00625,720575940621277445,pre_first_20ms,116.26250000000002,136.26250000000002,0.0,-1.32,0.0,-1.32,0.0
mode_without_mn9,0.00625,720575940611985265,early,0.0,180.0,27.06,-33.264,27.06,-33.264,0.0
mode_without_mn9,0.00625,720575940611985265,later,180.0,1000.0,78.86999999999999,-69.96000000000001,78.86999999999999,-69.96000000000001,0.0
mode_without_mn9,0.00625,720575940611985265,pre_first_20ms,116.3125,136.3125,8.91,-1.32,8.91,-1.32,0.0
mode_without_mn9,0.00625,720575940623703757,early,0.0,180.0,17.490000000000002,-18.48,17.490000000000002,-18.48,0.0
mode_without_mn9,0.00625,720575940623703757,later,180.0,1000.0,53.45999999999999,-73.12800000000001,53.45999999999999,-73.12800000000001,0.0
mode_without_mn9,0.00625,720575940623703757,pre_first_20ms,116.3125,136.3125,4.95,-1.8480000000000003,4.95,-1.8480000000000003,0.0
mode_without_mn9,0.00625,720575940642193549,early,0.0,180.0,5.9399999999999995,-8.976,5.9399999999999995,-8.976,0.0
mode_without_mn9,0.00625,720575940642193549,later,180.0,1000.0,17.82,-23.496000000000002,17.82,-23.496000000000002,0.0
mode_without_mn9,0.00625,720575940642193549,pre_first_20ms,116.36250000000001,136.3625,1.98,-3.168,1.98,-3.168,0.0
mode_without_mn9,0.00625,720575940641560205,early,0.0,180.0,24.42,-5.808000000000001,24.42,-5.808000000000001,0.0
mode_without_mn9,0.00625,720575940641560205,later,180.0,1000.0,71.28000000000002,-15.048,71.28000000000002,-15.048,0.0
mode_without_mn9,0.00625,720575940641560205,pre_first_20ms,116.375,136.375,8.58,0.0,8.58,0.0,0.0
mode_without_mn9,0.00625,720575940622770410,early,0.0,180.0,28.71,-0.792,28.71,-0.792,0.0
mode_without_mn9,0.00625,720575940622770410,later,180.0,1000.0,86.13000000000001,-2.3760000000000003,86.13000000000001,-2.3760000000000003,0.0
mode_without_mn9,0.00625,720575940622770410,pre_first_20ms,116.4,136.4,9.57,-0.264,9.57,-0.264,0.0
mode_without_mn9,0.00625,720575940630523407,early,0.0,180.0,6.27,-1.32,6.27,-1.32,0.0
mode_without_mn9,0.00625,720575940630523407,later,180.0,1000.0,20.13,0.0,20.13,0.0,0.0
mode_without_mn9,0.00625,720575940630523407,pre_first_20ms,116.4,136.4,0.99,0.0,0.99,0.0,0.0
mode_without_mn9,0.00625,720575940626567178,early,0.0,180.0,0.66,0.0,0.66,0.0,0.0
mode_without_mn9,0.00625,720575940626567178,later,180.0,1000.0,0.0,0.0,0.0,0.0,0.0
mode_without_mn9,0.00625,720575940626567178,pre_first_20ms,116.5,136.5,0.66,0.0,0.66,0.0,0.0
mode_without_mn9,0.00625,720575940631107139,early,0.0,180.0,81.84,-27.720000000000006,81.84,-27.720000000000006,0.0
mode_without_mn9,0.00625,720575940631107139,later,180.0,1000.0,243.54000000000002,-80.52,243.54000000000002,-80.52,0.0
mode_without_mn9,0.00625,720575940631107139,pre_first_20ms,116.51250000000002,136.51250000000002,27.72,-4.224,27.72,-4.224,0.0
mode_without_mn9,0.00625,720575940610562969,early,0.0,180.0,0.0,0.0,0.0,0.0,0.0
mode_without_mn9,0.00625,720575940610562969,later,180.0,1000.0,0.0,0.0,0.0,0.0,0.0
mode_without_mn9,0.00625,720575940610562969,pre_first_20ms,116.525,136.525,0.0,0.0,0.0,0.0,0.0
mode_without_mn9,0.00625,720575940630765253,early,0.0,180.0,0.33,0.0,0.33,0.0,0.0
mode_without_mn9,0.00625,720575940630765253,later,180.0,1000.0,0.0,0.0,0.0,0.0,0.0
mode_without_mn9,0.00625,720575940630765253,pre_first_20ms,116.55000000000001,136.55,0.33,0.0,0.33,0.0,0.0
mode_without_mn9,0.00625,720575940617786525,early,0.0,180.0,0.33,0.0,0.33,0.0,0.0
mode_without_mn9,0.00625,720575940617786525,later,180.0,1000.0,0.0,0.0,0.0,0.0,0.0
mode_without_mn9,0.00625,720575940617786525,pre_first_20ms,116.63749999999999,136.6375,0.33,0.0,0.33,0.0,0.0
mode_without_mn9,0.00625,720575940630622250,early,0.0,180.0,1.32,0.0,1.32,0.0,0.0
mode_without_mn9,0.00625,720575940630622250,later,180.0,1000.0,0.0,0.0,0.0,0.0,0.0
mode_without_mn9,0.00625,720575940630622250,pre_first_20ms,116.63749999999999,136.6375,1.32,0.0,1.32,0.0,0.0
mode_without_mn9,0.00625,720575940631997101,early,0.0,180.0,0.0,-0.528,0.0,-0.528,0.0
mode_without_mn9,0.00625,720575940631997101,later,180.0,1000.0,0.0,0.0,0.0,0.0,0.0
mode_without_mn9,0.00625,720575940631997101,pre_first_20ms,116.67500000000001,136.675,0.0,0.0,0.0,0.0,0.0
mode_without_mn9,0.00625,720575940617493460,early,0.0,180.0,0.0,0.0,0.0,0.0,0.0
mode_without_mn9,0.00625,720575940617493460,later,180.0,1000.0,0.0,0.0,0.0,0.0,0.0
mode_without_mn9,0.00625,720575940617493460,pre_first_20ms,116.7125,136.7125,0.0,0.0,0.0,0.0,0.0
mode_without_mn9,0.00625,720575940610647416,early,0.0,180.0,0.0,0.0,0.0,0.0,0.0
mode_without_mn9,0.00625,720575940610647416,later,180.0,1000.0,0.0,0.0,0.0,0.0,0.0
mode_without_mn9,0.00625,720575940610647416,pre_first_20ms,116.72500000000002,136.72500000000002,0.0,0.0,0.0,0.0,0.0
mode_without_mn9,0.00625,720575940626034777,early,0.0,180.0,0.33,0.0,0.33,0.0,0.0
mode_without_mn9,0.00625,720575940626034777,later,180.0,1000.0,0.0,0.0,0.0,0.0,0.0
mode_without_mn9,0.00625,720575940626034777,pre_first_20ms,116.775,136.775,0.0,0.0,0.0,0.0,0.0
mode_without_mn9,0.00625,720575940620769133,early,0.0,180.0,0.33,0.0,0.33,0.0,0.0
mode_without_mn9,0.00625,720575940620769133,later,180.0,1000.0,0.0,0.0,0.0,0.0,0.0
mode_without_mn9,0.00625,720575940620769133,pre_first_20ms,116.7875,136.7875,0.33,0.0,0.33,0.0,0.0
mode_without_mn9,0.00625,720575940632118343,early,0.0,180.0,3.96,0.0,3.96,0.0,0.0
mode_without_mn9,0.00625,720575940632118343,later,180.0,1000.0,11.88,0.0,11.88,0.0,0.0
mode_without_mn9,0.00625,720575940632118343,pre_first_20ms,116.86250000000001,136.8625,1.32,0.0,1.32,0.0,0.0
mode_without_mn9,0.00625,720575940623460622,early,0.0,180.0,0.0,0.0,0.0,0.0,0.0
mode_without_mn9,0.00625,720575940623460622,later,180.0,1000.0,0.0,0.0,0.0,0.0,0.0
mode_without_mn9,0.00625,720575940623460622,pre_first_20ms,116.98750000000001,136.9875,0.0,0.0,0.0,0.0,0.0
mode_without_mn9,0.00625,720575940630354169,early,0.0,180.0,0.0,0.0,0.0,0.0,0.0
mode_without_mn9,0.00625,720575940630354169,later,180.0,1000.0,0.0,0.0,0.0,0.0,0.0
mode_without_mn9,0.00625,720575940630354169,pre_first_20ms,116.98750000000001,136.9875,0.0,0.0,0.0,0.0,0.0
mode_without_mn9,0.00625,720575940628716926,early,0.0,180.0,1.6500000000000001,-4.224,1.6500000000000001,-4.224,0.0
mode_without_mn9,0.00625,720575940628716926,later,180.0,1000.0,2.97,-4.752000000000001,2.97,-4.752000000000001,0.0
mode_without_mn9,0.00625,720575940628716926,pre_first_20ms,117.0,137.0,0.99,-0.528,0.99,-0.528,0.0
mode_without_mn9,0.00625,720575940606112457,early,0.0,180.0,128.04000000000002,-228.09600000000003,128.04000000000002,-228.09600000000003,0.0
mode_without_mn9,0.00625,720575940606112457,later,180.0,1000.0,524.7,-966.7680000000001,524.7,-966.7680000000001,0.0
mode_without_mn9,0.00625,720575940606112457,pre_first_20ms,117.01250000000002,137.01250000000002,12.540000000000001,-5.808000000000001,12.540000000000001,-5.808000000000001,0.0
mode_without_mn9,0.00625,720575940630600775,early,0.0,180.0,0.33,0.0,0.33,0.0,0.0
mode_without_mn9,0.00625,720575940630600775,later,180.0,1000.0,0.0,0.0,0.0,0.0,0.0
mode_without_mn9,0.00625,720575940630600775,pre_first_20ms,117.01250000000002,137.01250000000002,0.33,0.0,0.33,0.0,0.0
mode_without_mn9,0.00625,720575940620018964,early,0.0,180.0,0.66,0.0,0.66,0.0,0.0
mode_without_mn9,0.00625,720575940620018964,later,180.0,1000.0,0.0,0.0,0.0,0.0,0.0
mode_without_mn9,0.00625,720575940620018964,pre_first_20ms,117.07499999999999,137.075,0.66,0.0,0.66,0.0,0.0
mode_without_mn9,0.00625,720575940638650483,early,0.0,180.0,0.33,0.0,0.33,0.0,0.0
mode_without_mn9,0.00625,720575940638650483,later,180.0,1000.0,0.0,0.0,0.0,0.0,0.0
mode_without_mn9,0.00625,720575940638650483,pre_first_20ms,117.0875,137.0875,0.33,0.0,0.33,0.0,0.0
mode_without_mn9,0.00625,720575940620689517,early,0.0,180.0,11.219999999999999,-16.896,11.219999999999999,-16.896,0.0
mode_without_mn9,0.00625,720575940620689517,later,180.0,1000.0,34.65,-39.07200000000001,34.65,-39.07200000000001,0.0
mode_without_mn9,0.00625,720575940620689517,pre_first_20ms,117.20000000000002,137.20000000000002,1.98,0.0,1.98,0.0,0.0
mode_without_mn9,0.00625,720575940624058516,early,0.0,180.0,13.860000000000001,-4.752000000000001,13.860000000000001,-4.752000000000001,0.0
mode_without_mn9,0.00625,720575940624058516,later,180.0,1000.0,35.64,-13.728000000000002,35.64,-13.728000000000002,0.0
mode_without_mn9,0.00625,720575940624058516,pre_first_20ms,117.20000000000002,137.20000000000002,3.9600000000000004,0.0,3.9600000000000004,0.0,0.0
mode_without_mn9,0.00625,720575940614206866,early,0.0,180.0,0.0,0.0,0.0,0.0,0.0
mode_without_mn9,0.00625,720575940614206866,later,180.0,1000.0,0.0,0.0,0.0,0.0,0.0
mode_without_mn9,0.00625,720575940614206866,pre_first_20ms,117.22500000000002,137.22500000000002,0.0,0.0,0.0,0.0,0.0
mode_without_mn9,0.00625,720575940623059443,early,0.0,180.0,0.66,0.0,0.66,0.0,0.0
mode_without_mn9,0.00625,720575940623059443,later,180.0,1000.0,0.0,0.0,0.0,0.0,0.0
mode_without_mn9,0.00625,720575940623059443,pre_first_20ms,117.22500000000002,137.22500000000002,0.66,0.0,0.66,0.0,0.0
mode_without_mn9,0.00625,720575940623650823,early,0.0,180.0,0.0,0.0,0.0,0.0,0.0
mode_without_mn9,0.00625,720575940623650823,later,180.0,1000.0,0.0,0.0,0.0,0.0,0.0
mode_without_mn9,0.00625,720575940623650823,pre_first_20ms,117.23750000000001,137.2375,0.0,0.0,0.0,0.0,0.0
mode_without_mn9,0.00625,720575940625479426,early,0.0,180.0,0.66,-1.8480000000000003,0.66,-1.8480000000000003,0.0
mode_without_mn9,0.00625,720575940625479426,later,180.0,1000.0,0.0,-1.8480000000000003,0.0,-1.8480000000000003,0.0
mode_without_mn9,0.00625,720575940625479426,pre_first_20ms,117.23750000000001,137.2375,0.66,-1.8480000000000003,0.66,-1.8480000000000003,0.0
mode_without_mn9,0.00625,720575940614067921,early,0.0,180.0,4.29,-2.3760000000000003,4.29,-2.3760000000000003,0.0
mode_without_mn9,0.00625,720575940614067921,later,180.0,1000.0,14.190000000000001,-7.128,14.190000000000001,-7.128,0.0
mode_without_mn9,0.00625,720575940614067921,pre_first_20ms,117.25,137.25,0.33,-0.7920000000000001,0.33,-0.7920000000000001,0.0
mode_without_mn9,0.00625,720575940622515165,early,0.0,180.0,8.58,-41.71200000000001,8.58,-41.71200000000001,0.0
mode_without_mn9,0.00625,720575940622515165,later,180.0,1000.0,23.759999999999998,-106.65600000000002,23.759999999999998,-106.65600000000002,0.0
mode_without_mn9,0.00625,720575940622515165,pre_first_20ms,117.25,137.25,3.3,-2.3760000000000003,3.3,-2.3760000000000003,0.0
mode_without_mn9,0.00625,720575940614159010,early,0.0,180.0,0.0,0.0,0.0,0.0,0.0
mode_without_mn9,0.00625,720575940614159010,later,180.0,1000.0,0.0,0.0,0.0,0.0,0.0
mode_without_mn9,0.00625,720575940614159010,pre_first_20ms,117.3125,137.3125,0.0,0.0,0.0,0.0,0.0
mode_without_mn9,0.00625,720575940629050234,early,0.0,180.0,0.66,0.0,0.66,0.0,0.0
mode_without_mn9,0.00625,720575940629050234,later,180.0,1000.0,0.0,0.0,0.0,0.0,0.0
mode_without_mn9,0.00625,720575940629050234,pre_first_20ms,117.32499999999999,137.325,0.66,0.0,0.66,0.0,0.0
mode_without_mn9,0.00625,720575940647328900,early,0.0,180.0,0.66,0.0,0.66,0.0,0.0
mode_without_mn9,0.00625,720575940647328900,later,180.0,1000.0,0.0,0.0,0.0,0.0,0.0
mode_without_mn9,0.00625,720575940647328900,pre_first_20ms,117.36250000000001,137.3625,0.66,0.0,0.66,0.0,0.0
mode_without_mn9,0.00625,720575940617577702,early,0.0,180.0,1.32,0.0,1.32,0.0,0.0
mode_without_mn9,0.00625,720575940617577702,later,180.0,1000.0,0.0,0.0,0.0,0.0,0.0
mode_without_mn9,0.00625,720575940617577702,pre_first_20ms,117.375,137.375,1.32,0.0,1.32,0.0,0.0
mode_without_mn9,0.00625,720575940618130625,early,0.0,180.0,26.07,-4.752000000000001,26.07,-4.752000000000001,0.0
mode_without_mn9,0.00625,720575940618130625,later,180.0,1000.0,77.22,-14.520000000000003,77.22,-14.520000000000003,0.0
mode_without_mn9,0.00625,720575940618130625,pre_first_20ms,117.375,137.375,8.91,0.0,8.91,0.0,0.0
mode_without_mn9,0.00625,720575940617100985,early,0.0,180.0,0.0,-68.64000000000001,0.0,-68.64000000000001,0.0
mode_without_mn9,0.00625,720575940617100985,later,180.0,1000.0,0.0,-221.7600000000001,0.0,-221.7600000000001,0.0
mode_without_mn9,0.00625,720575940617100985,pre_first_20ms,117.38749999999999,137.3875,0.0,-0.528,0.0,-0.528,0.0
mode_without_mn9,0.00625,720575940626524056,early,0.0,180.0,45.54,-20.328000000000003,45.54,-20.328000000000003,0.0
mode_without_mn9,0.00625,720575940626524056,later,180.0,1000.0,136.62000000000003,-61.24800000000002,136.62000000000003,-61.24800000000002,0.0
mode_without_mn9,0.00625,720575940626524056,pre_first_20ms,117.38749999999999,137.3875,15.18,-6.6000000000000005,15.18,-6.6000000000000005,0.0
mode_without_mn9,0.00625,720575940647380356,early,0.0,180.0,0.33,0.0,0.33,0.0,0.0
mode_without_mn9,0.00625,720575940647380356,later,180.0,1000.0,0.0,0.0,0.0,0.0,0.0
mode_without_mn9,0.00625,720575940647380356,pre_first_20ms,117.4125,137.4125,0.33,0.0,0.33,0.0,0.0
mode_without_mn9,0.00625,720575940635776101,early,0.0,180.0,0.99,-1.584,0.99,-1.584,0.0
mode_without_mn9,0.00625,720575940635776101,later,180.0,1000.0,0.0,-4.752000000000001,0.0,-4.752000000000001,0.0
mode_without_mn9,0.00625,720575940635776101,pre_first_20ms,117.42500000000001,137.425,0.99,-0.528,0.99,-0.528,0.0
mode_without_mn9,0.00625,720575940617573922,early,0.0,180.0,0.0,0.0,0.0,0.0,0.0
mode_without_mn9,0.00625,720575940617573922,later,180.0,1000.0,0.0,0.0,0.0,0.0,0.0
mode_without_mn9,0.00625,720575940617573922,pre_first_20ms,117.43750000000003,137.43750000000003,0.0,0.0,0.0,0.0,0.0
mode_without_mn9,0.00625,720575940627635441,early,0.0,180.0,2.9699999999999998,-0.792,2.9699999999999998,-0.792,0.0
mode_without_mn9,0.00625,720575940627635441,later,180.0,1000.0,8.91,-2.3760000000000003,8.91,-2.3760000000000003,0.0
mode_without_mn9,0.00625,720575940627635441,pre_first_20ms,117.47500000000002,137.47500000000002,0.99,-0.264,0.99,-0.264,0.0
mode_without_mn9,0.00625,720575940610536494,early,0.0,180.0,0.66,0.0,0.66,0.0,0.0
mode_without_mn9,0.00625,720575940610536494,later,180.0,1000.0,0.0,0.0,0.0,0.0,0.0
mode_without_mn9,0.00625,720575940610536494,pre_first_20ms,117.48750000000001,137.4875,0.66,0.0,0.66,0.0,0.0
mode_without_mn9,0.00625,720575940619736523,early,0.0,180.0,47.52000000000001,-7.392,47.52000000000001,-7.392,0.0
mode_without_mn9,0.00625,720575940619736523,later,180.0,1000.0,162.69,-32.471999999999994,162.69,-32.471999999999994,0.0
mode_without_mn9,0.00625,720575940619736523,pre_first_20ms,117.625,137.625,3.3000000000000003,-0.792,3.3000000000000003,-0.792,0.0
mode_without_mn9,0.00625,720575940642897293,early,0.0,180.0,2.9699999999999998,-0.792,2.9699999999999998,-0.792,0.0
mode_without_mn9,0.00625,720575940642897293,later,180.0,1000.0,8.91,-2.3760000000000003,8.91,-2.3760000000000003,0.0
mode_without_mn9,0.00625,720575940642897293,pre_first_20ms,117.625,137.625,0.99,-0.264,0.99,-0.264,0.0
mode_without_mn9,0.00625,720575940628694019,early,0.0,180.0,14.849999999999998,-257.40000000000003,14.849999999999998,-257.40000000000003,0.0
mode_without_mn9,0.00625,720575940628694019,later,180.0,1000.0,42.239999999999995,-1165.8240000000003,42.239999999999995,-1165.8240000000003,0.0
mode_without_mn9,0.00625,720575940628694019,pre_first_20ms,117.63749999999999,137.6375,3.96,-14.256000000000002,3.96,-14.256000000000002,0.0
mode_without_mn9,0.00625,720575940629909751,early,0.0,180.0,0.33,0.0,0.33,0.0,0.0
mode_without_mn9,0.00625,720575940629909751,later,180.0,1000.0,0.0,0.0,0.0,0.0,0.0
mode_without_mn9,0.00625,720575940629909751,pre_first_20ms,117.65,137.65,0.33,0.0,0.33,0.0,0.0
mode_without_mn9,0.00625,720575940620777382,early,0.0,180.0,85.47,-153.38400000000001,85.47,-153.38400000000001,0.0
mode_without_mn9,0.00625,720575940620777382,later,180.0,1000.0,261.03000000000003,-524.8320000000001,261.03000000000003,-524.8320000000001,0.0
mode_without_mn9,0.00625,720575940620777382,pre_first_20ms,117.6625,137.6625,27.39,-11.088000000000001,27.39,-11.088000000000001,0.0
mode_without_mn9,0.00625,720575940610167665,early,0.0,180.0,0.0,0.0,0.0,0.0,0.0
mode_without_mn9,0.00625,720575940610167665,later,180.0,1000.0,0.0,0.0,0.0,0.0,0.0
mode_without_mn9,0.00625,720575940610167665,pre_first_20ms,117.67500000000001,137.675,0.0,0.0,0.0,0.0,0.0
mode_without_mn9,0.00625,720575940605032550,early,0.0,180.0,0.0,0.0,0.0,0.0,0.0
mode_without_mn9,0.00625,720575940605032550,later,180.0,1000.0,0.0,0.0,0.0,0.0,0.0
mode_without_mn9,0.00625,720575940605032550,pre_first_20ms,117.76250000000002,137.76250000000002,0.0,0.0,0.0,0.0,0.0
mode_without_mn9,0.00625,720575940625766842,early,0.0,180.0,0.33,0.0,0.33,0.0,0.0
mode_without_mn9,0.00625,720575940625766842,later,180.0,1000.0,0.0,0.0,0.0,0.0,0.0
mode_without_mn9,0.00625,720575940625766842,pre_first_20ms,117.76250000000002,137.76250000000002,0.33,0.0,0.33,0.0,0.0
mode_without_mn9,0.00625,720575940632732845,early,0.0,180.0,0.33,0.0,0.33,0.0,0.0
mode_without_mn9,0.00625,720575940632732845,later,180.0,1000.0,0.0,0.0,0.0,0.0,0.0
mode_without_mn9,0.00625,720575940632732845,pre_first_20ms,117.76250000000002,137.76250000000002,0.33,0.0,0.33,0.0,0.0
mode_without_mn9,0.00625,720575940634480820,early,0.0,180.0,15.84,0.0,15.84,0.0,0.0
mode_without_mn9,0.00625,720575940634480820,later,180.0,1000.0,47.52,0.0,47.52,0.0,0.0
mode_without_mn9,0.00625,720575940634480820,pre_first_20ms,117.76250000000002,137.76250000000002,5.28,0.0,5.28,0.0,0.0
mode_without_mn9,0.00625,720575940619571009,early,0.0,180.0,0.0,0.0,0.0,0.0,0.0
mode_without_mn9,0.00625,720575940619571009,later,180.0,1000.0,0.0,0.0,0.0,0.0,0.0
mode_without_mn9,0.00625,720575940619571009,pre_first_20ms,117.88749999999999,137.8875,0.0,0.0,0.0,0.0,0.0
mode_without_mn9,0.00625,720575940628050950,early,0.0,180.0,10.89,-1.32,10.89,-1.32,0.0
mode_without_mn9,0.00625,720575940628050950,later,180.0,1000.0,32.01,-2.3760000000000003,32.01,-2.3760000000000003,0.0
mode_without_mn9,0.00625,720575940628050950,pre_first_20ms,117.88749999999999,137.8875,2.97,-0.264,2.97,-0.264,0.0
mode_without_mn9,0.00625,720575940626323486,early,0.0,180.0,38.61,-36.432,38.61,-36.432,0.0
mode_without_mn9,0.00625,720575940626323486,later,180.0,1000.0,115.83000000000001,-109.29600000000002,115.83000000000001,-109.29600000000002,0.0
mode_without_mn9,0.00625,720575940626323486,pre_first_20ms,117.9125,137.9125,12.870000000000001,-12.144,12.870000000000001,-12.144,0.0
mode_without_mn9,0.00625,720575940659773313,early,0.0,180.0,0.66,0.0,0.66,0.0,0.0
mode_without_mn9,0.00625,720575940659773313,later,180.0,1000.0,0.0,0.0,0.0,0.0,0.0
mode_without_mn9,0.00625,720575940659773313,pre_first_20ms,117.9625,137.9625,0.66,0.0,0.66,0.0,0.0
mode_without_mn9,0.00625,720575940625498512,early,0.0,180.0,3.3,0.0,3.3,0.0,0.0
mode_without_mn9,0.00625,720575940625498512,later,180.0,1000.0,8.91,0.0,8.91,0.0,0.0
mode_without_mn9,0.00625,720575940625498512,pre_first_20ms,117.97500000000002,137.97500000000002,1.32,0.0,1.32,0.0,0.0
mode_without_mn9,0.00625,720575940626705937,early,0.0,180.0,23.1,-2.3760000000000003,23.1,-2.3760000000000003,0.0
mode_without_mn9,0.00625,720575940626705937,later,180.0,1000.0,68.31000000000002,-7.128,68.31000000000002,-7.128,0.0
mode_without_mn9,0.00625,720575940626705937,pre_first_20ms,118.0,138.0,7.92,-0.7920000000000001,7.92,-0.7920000000000001,0.0
mode_without_mn9,0.00625,720575940615763573,early,0.0,180.0,10.23,-0.264,10.23,-0.264,0.0
mode_without_mn9,0.00625,720575940615763573,later,180.0,1000.0,21.12,0.0,21.12,0.0,0.0
mode_without_mn9,0.00625,720575940615763573,pre_first_20ms,118.13749999999999,138.1375,0.0,0.0,0.0,0.0,0.0
mode_without_mn9,0.00625,720575940637711686,early,0.0,180.0,78.53999999999999,-127.51200000000001,78.53999999999999,-127.51200000000001,0.0
mode_without_mn9,0.00625,720575940637711686,later,180.0,1000.0,237.6,-476.25600000000014,237.6,-476.25600000000014,0.0
mode_without_mn9,0.00625,720575940637711686,pre_first_20ms,118.13749999999999,138.1375,26.07,-9.240000000000002,26.07,-9.240000000000002,0.0
mode_without_mn9,0.00625,720575940635146848,early,0.0,180.0,44.22,-10.032,44.22,-10.032,0.0
mode_without_mn9,0.00625,720575940635146848,later,180.0,1000.0,136.61999999999998,-29.832,136.61999999999998,-29.832,0.0
mode_without_mn9,0.00625,720575940635146848,pre_first_20ms,118.15,138.15,13.860000000000001,-3.6960000000000006,13.860000000000001,-3.6960000000000006,0.0
mode_without_mn9,0.00625,720575940630040438,early,0.0,180.0,2.9699999999999998,-64.94400000000002,2.9699999999999998,-64.94400000000002,0.0
mode_without_mn9,0.00625,720575940630040438,later,180.0,1000.0,8.91,-194.3040000000001,8.91,-194.3040000000001,0.0
mode_without_mn9,0.00625,720575940630040438,pre_first_20ms,118.1625,138.1625,0.99,-0.528,0.99,-0.528,0.0
mode_without_mn9,0.00625,720575940622018217,early,0.0,180.0,81.50999999999999,-239.18400000000003,81.50999999999999,-239.18400000000003,0.0
mode_without_mn9,0.00625,720575940622018217,later,180.0,1000.0,266.63999999999993,-779.0640000000002,266.63999999999993,-779.0640000000002,0.0
mode_without_mn9,0.00625,720575940622018217,pre_first_20ms,118.17500000000001,138.175,21.78,-1.5840000000000003,21.78,-1.5840000000000003,0.0
mode_without_mn9,0.00625,720575940619401296,early,0.0,180.0,0.99,-1.056,0.99,-1.056,0.0
mode_without_mn9,0.00625,720575940619401296,later,180.0,1000.0,0.0,-5.5440000000000005,0.0,-5.5440000000000005,0.0
mode_without_mn9,0.00625,720575940619401296,pre_first_20ms,118.20000000000002,138.20000000000002,0.99,0.0,0.99,0.0,0.0
mode_without_mn9,0.00625,720575940623525770,early,0.0,180.0,0.0,-1.056,0.0,-1.056,0.0
mode_without_mn9,0.00625,720575940623525770,later,180.0,1000.0,0.0,-1.584,0.0,-1.584,0.0
mode_without_mn9,0.00625,720575940623525770,pre_first_20ms,118.25,138.25,0.0,0.0,0.0,0.0,0.0
mode_without_mn9,0.00625,720575940628697538,early,0.0,180.0,0.0,0.0,0.0,0.0,0.0
mode_without_mn9,0.00625,720575940628697538,later,180.0,1000.0,0.0,0.0,0.0,0.0,0.0
mode_without_mn9,0.00625,720575940628697538,pre_first_20ms,118.26250000000002,138.26250000000002,0.0,0.0,0.0,0.0,0.0
mode_without_mn9,0.00625,720575940613973555,early,0.0,180.0,0.0,0.0,0.0,0.0,0.0
mode_without_mn9,0.00625,720575940613973555,later,180.0,1000.0,0.0,0.0,0.0,0.0,0.0
mode_without_mn9,0.00625,720575940613973555,pre_first_20ms,118.275,138.275,0.0,0.0,0.0,0.0,0.0
mode_without_mn9,0.00625,720575940611606490,early,0.0,180.0,0.33,0.0,0.33,0.0,0.0
mode_without_mn9,0.00625,720575940611606490,later,180.0,1000.0,0.0,0.0,0.0,0.0,0.0
mode_without_mn9,0.00625,720575940611606490,pre_first_20ms,118.2875,138.2875,0.33,0.0,0.33,0.0,0.0
mode_without_mn9,0.00625,720575940630190411,early,0.0,180.0,25.08,-0.528,25.08,-0.528,0.0
mode_without_mn9,0.00625,720575940630190411,later,180.0,1000.0,74.25,0.0,74.25,0.0,0.0
mode_without_mn9,0.00625,720575940630190411,pre_first_20ms,118.3375,138.3375,8.58,0.0,8.58,0.0,0.0
mode_without_mn9,0.00625,720575940646415907,early,0.0,180.0,0.33,0.0,0.33,0.0,0.0
mode_without_mn9,0.00625,720575940646415907,later,180.0,1000.0,0.0,0.0,0.0,0.0,0.0
mode_without_mn9,0.00625,720575940646415907,pre_first_20ms,118.375,138.375,0.33,0.0,0.33,0.0,0.0
mode_without_mn9,0.00625,720575940614441834,early,0.0,180.0,44.879999999999995,-49.104,44.879999999999995,-49.104,0.0
mode_without_mn9,0.00625,720575940614441834,later,180.0,1000.0,138.26999999999998,-228.096,138.26999999999998,-228.096,0.0
mode_without_mn9,0.00625,720575940614441834,pre_first_20ms,118.43750000000003,138.43750000000003,14.19,-5.28,14.19,-5.28,0.0
mode_without_mn9,0.00625,720575940629830700,early,0.0,180.0,0.66,-1.056,0.66,-1.056,0.0
mode_without_mn9,0.00625,720575940629830700,later,180.0,1000.0,1.32,-2.3760000000000003,1.32,-2.3760000000000003,0.0
mode_without_mn9,0.00625,720575940629830700,pre_first_20ms,118.47500000000002,138.47500000000002,0.33,-0.264,0.33,-0.264,0.0
mode_without_mn9,0.00625,720575940612549799,early,0.0,180.0,0.0,0.0,0.0,0.0,0.0
mode_without_mn9,0.00625,720575940612549799,later,180.0,1000.0,0.0,0.0,0.0,0.0,0.0
mode_without_mn9,0.00625,720575940612549799,pre_first_20ms,118.5375,138.5375,0.0,0.0,0.0,0.0,0.0
mode_without_mn9,0.00625,720575940631989841,early,0.0,180.0,0.0,0.0,0.0,0.0,0.0
mode_without_mn9,0.00625,720575940631989841,later,180.0,1000.0,0.0,0.0,0.0,0.0,0.0
mode_without_mn9,0.00625,720575940631989841,pre_first_20ms,118.55000000000001,138.55,0.0,0.0,0.0,0.0,0.0
mode_without_mn9,0.00625,720575940625768394,early,0.0,180.0,17.16,-0.792,17.16,-0.792,0.0
mode_without_mn9,0.00625,720575940625768394,later,180.0,1000.0,50.49,-2.3760000000000003,50.49,-2.3760000000000003,0.0
mode_without_mn9,0.00625,720575940625768394,pre_first_20ms,118.625,138.625,5.94,-0.264,5.94,-0.264,0.0
mode_without_mn9,0.00625,720575940628118159,early,0.0,180.0,1.32,0.0,1.32,0.0,0.0
mode_without_mn9,0.00625,720575940628118159,later,180.0,1000.0,0.0,0.0,0.0,0.0,0.0
mode_without_mn9,0.00625,720575940628118159,pre_first_20ms,118.67500000000001,138.675,0.66,0.0,0.66,0.0,0.0
mode_without_mn9,0.00625,720575940632804435,early,0.0,180.0,19.8,-162.36,19.8,-162.36,0.0
mode_without_mn9,0.00625,720575940632804435,later,180.0,1000.0,84.81000000000002,-895.7520000000001,84.81000000000002,-895.7520000000001,0.0
mode_without_mn9,0.00625,720575940632804435,pre_first_20ms,118.75,138.75,0.66,-12.144,0.66,-12.144,0.0
mode_without_mn9,0.00625,720575940612395178,early,0.0,180.0,2.9699999999999998,-2.6400000000000006,2.9699999999999998,-2.6400000000000006,0.0
mode_without_mn9,0.00625,720575940612395178,later,180.0,1000.0,8.91,-7.656000000000001,8.91,-7.656000000000001,0.0
mode_without_mn9,0.00625,720575940612395178,pre_first_20ms,118.82500000000002,138.82500000000002,0.99,0.0,0.99,0.0,0.0
mode_without_mn9,0.00625,720575940620904319,early,0.0,180.0,0.0,0.0,0.0,0.0,0.0
mode_without_mn9,0.00625,720575940620904319,later,180.0,1000.0,0.0,0.0,0.0,0.0,0.0
mode_without_mn9,0.00625,720575940620904319,pre_first_20ms,118.82500000000002,138.82500000000002,0.0,0.0,0.0,0.0,0.0
mode_without_mn9,0.00625,720575940608336907,early,0.0,180.0,0.66,0.0,0.66,0.0,0.0
mode_without_mn9,0.00625,720575940608336907,later,180.0,1000.0,0.0,0.0,0.0,0.0,0.0
mode_without_mn9,0.00625,720575940608336907,pre_first_20ms,118.9125,138.9125,0.66,0.0,0.66,0.0,0.0
mode_without_mn9,0.00625,720575940620759841,early,0.0,180.0,43.56,-87.12,43.56,-87.12,0.0
mode_without_mn9,0.00625,720575940620759841,later,180.0,1000.0,129.03,-377.52000000000004,129.03,-377.52000000000004,0.0
mode_without_mn9,0.00625,720575940620759841,pre_first_20ms,118.9125,138.9125,14.520000000000001,-11.880000000000003,14.520000000000001,-11.880000000000003,0.0
mode_without_mn9,0.00625,720575940625054906,early,0.0,180.0,0.0,-109.56000000000003,0.0,-109.56000000000003,0.0
mode_without_mn9,0.00625,720575940625054906,later,180.0,1000.0,0.0,-376.464,0.0,-376.464,0.0
mode_without_mn9,0.00625,720575940625054906,pre_first_20ms,118.95000000000002,138.95000000000002,0.0,-1.056,0.0,-1.056,0.0
mode_without_mn9,0.00625,720575940621503220,early,0.0,180.0,0.99,0.0,0.99,0.0,0.0
mode_without_mn9,0.00625,720575940621503220,later,180.0,1000.0,2.97,0.0,2.97,0.0,0.0
mode_without_mn9,0.00625,720575940621503220,pre_first_20ms,118.97500000000002,138.97500000000002,0.33,0.0,0.33,0.0,0.0
mode_without_mn9,0.00625,720575940627374598,early,0.0,180.0,0.0,0.0,0.0,0.0,0.0
mode_without_mn9,0.00625,720575940627374598,later,180.0,1000.0,0.0,0.0,0.0,0.0,0.0
mode_without_mn9,0.00625,720575940627374598,pre_first_20ms,118.98750000000001,138.9875,0.0,0.0,0.0,0.0,0.0
mode_without_mn9,0.00625,720575940622855629,early,0.0,180.0,1.6500000000000001,0.0,1.6500000000000001,0.0,0.0
mode_without_mn9,0.00625,720575940622855629,later,180.0,1000.0,2.97,0.0,2.97,0.0,0.0
mode_without_mn9,0.00625,720575940622855629,pre_first_20ms,119.01250000000002,139.01250000000002,0.99,0.0,0.99,0.0,0.0
mode_without_mn9,0.00625,720575940636488805,early,0.0,180.0,0.33,0.0,0.33,0.0,0.0
mode_without_mn9,0.00625,720575940636488805,later,180.0,1000.0,0.0,0.0,0.0,0.0,0.0
mode_without_mn9,0.00625,720575940636488805,pre_first_20ms,119.1,139.1,0.33,0.0,0.33,0.0,0.0
mode_without_mn9,0.00625,720575940607447491,early,0.0,180.0,64.68,-2.904,64.68,-2.904,0.0
mode_without_mn9,0.00625,720575940607447491,later,180.0,1000.0,186.78000000000003,-10.296,186.78000000000003,-10.296,0.0
mode_without_mn9,0.00625,720575940607447491,pre_first_20ms,119.11250000000001,139.1125,19.139999999999997,-0.528,19.139999999999997,-0.528,0.0
mode_without_mn9,0.00625,720575940617691170,early,0.0,180.0,4.95,0.0,4.95,0.0,0.0
mode_without_mn9,0.00625,720575940617691170,later,180.0,1000.0,17.490000000000002,0.0,17.490000000000002,0.0,0.0
mode_without_mn9,0.00625,720575940617691170,pre_first_20ms,119.13749999999999,139.1375,0.99,0.0,0.99,0.0,0.0
mode_without_mn9,0.00625,720575940630046524,early,0.0,180.0,0.0,0.0,0.0,0.0,0.0
mode_without_mn9,0.00625,720575940630046524,later,180.0,1000.0,0.0,0.0,0.0,0.0,0.0
mode_without_mn9,0.00625,720575940630046524,pre_first_20ms,119.23750000000001,139.2375,0.0,0.0,0.0,0.0,0.0
mode_without_mn9,0.00625,720575940621030320,early,0.0,180.0,1.98,-3.4320000000000004,1.98,-3.4320000000000004,0.0
mode_without_mn9,0.00625,720575940621030320,later,180.0,1000.0,5.94,0.0,5.94,0.0,0.0
mode_without_mn9,0.00625,720575940621030320,pre_first_20ms,119.30000000000001,139.3,0.66,0.0,0.66,0.0,0.0
mode_without_mn9,0.00625,720575940625649214,early,0.0,180.0,0.0,0.0,0.0,0.0,0.0
mode_without_mn9,0.00625,720575940625649214,later,180.0,1000.0,0.0,0.0,0.0,0.0,0.0
mode_without_mn9,0.00625,720575940625649214,pre_first_20ms,119.3125,139.3125,0.0,0.0,0.0,0.0,0.0
mode_without_mn9,0.00625,720575940621347254,early,0.0,180.0,0.0,0.0,0.0,0.0,0.0
mode_without_mn9,0.00625,720575940621347254,later,180.0,1000.0,0.0,-27.72,0.0,-27.72,0.0
mode_without_mn9,0.00625,720575940621347254,pre_first_20ms,119.375,139.375,0.0,0.0,0.0,0.0,0.0
mode_without_mn9,0.00625,720575940624928956,early,0.0,180.0,1.32,0.0,1.32,0.0,0.0
mode_without_mn9,0.00625,720575940624928956,later,180.0,1000.0,2.97,0.0,2.97,0.0,0.0
mode_without_mn9,0.00625,720575940624928956,pre_first_20ms,119.4,139.4,0.66,0.0,0.66,0.0,0.0
mode_without_mn9,0.00625,720575940627109202,early,0.0,180.0,0.99,0.0,0.99,0.0,0.0
mode_without_mn9,0.00625,720575940627109202,later,180.0,1000.0,0.0,0.0,0.0,0.0,0.0
mode_without_mn9,0.00625,720575940627109202,pre_first_20ms,119.5,139.5,0.99,0.0,0.99,0.0,0.0
mode_without_mn9,0.00625,720575940613594783,early,0.0,180.0,0.33,0.0,0.33,0.0,0.0
mode_without_mn9,0.00625,720575940613594783,later,180.0,1000.0,0.0,0.0,0.0,0.0,0.0
mode_without_mn9,0.00625,720575940613594783,pre_first_20ms,119.5625,139.5625,0.33,0.0,0.33,0.0,0.0
mode_without_mn9,0.00625,720575940629957943,early,0.0,180.0,43.89,-116.42400000000002,43.89,-116.42400000000002,0.0
mode_without_mn9,0.00625,720575940629957943,later,180.0,1000.0,196.02,-401.54400000000004,196.02,-401.54400000000004,0.0
mode_without_mn9,0.00625,720575940629957943,pre_first_20ms,119.67499999999998,139.67499999999998,7.260000000000001,-38.80800000000001,7.260000000000001,-38.80800000000001,0.0
mode_without_mn9,0.00625,720575940621040737,early,0.0,180.0,7.26,0.0,7.26,0.0,0.0
mode_without_mn9,0.00625,720575940621040737,later,180.0,1000.0,24.42,0.0,24.42,0.0,0.0
mode_without_mn9,0.00625,720575940621040737,pre_first_20ms,119.7125,139.7125,0.66,0.0,0.66,0.0,0.0
mode_without_mn9,0.00625,720575940626128386,early,0.0,180.0,1.98,0.0,1.98,0.0,0.0
mode_without_mn9,0.00625,720575940626128386,later,180.0,1000.0,5.28,0.0,5.28,0.0,0.0
mode_without_mn9,0.00625,720575940626128386,pre_first_20ms,119.75,139.75,0.0,0.0,0.0,0.0,0.0
mode_without_mn9,0.00625,720575940615770369,early,0.0,180.0,1.32,-15.840000000000003,1.32,-15.840000000000003,0.0
mode_without_mn9,0.00625,720575940615770369,later,180.0,1000.0,2.97,-47.52000000000001,2.97,-47.52000000000001,0.0
mode_without_mn9,0.00625,720575940615770369,pre_first_20ms,119.76250000000002,139.76250000000002,0.66,-5.280000000000001,0.66,-5.280000000000001,0.0
mode_without_mn9,0.00625,720575940620205505,early,0.0,180.0,0.0,0.0,0.0,0.0,0.0
mode_without_mn9,0.00625,720575940620205505,later,180.0,1000.0,0.0,0.0,0.0,0.0,0.0
mode_without_mn9,0.00625,720575940620205505,pre_first_20ms,119.88749999999999,139.8875,0.0,0.0,0.0,0.0,0.0
mode_without_mn9,0.00625,720575940619759750,early,0.0,180.0,0.0,-1.584,0.0,-1.584,0.0
mode_without_mn9,0.00625,720575940619759750,later,180.0,1000.0,0.0,-4.752000000000001,0.0,-4.752000000000001,0.0
mode_without_mn9,0.00625,720575940619759750,pre_first_20ms,119.9,139.9,0.0,-0.528,0.0,-0.528,0.0
mode_without_mn9,0.00625,720575940647303300,early,0.0,180.0,0.0,0.0,0.0,0.0,0.0
mode_without_mn9,0.00625,720575940647303300,later,180.0,1000.0,0.0,0.0,0.0,0.0,0.0
mode_without_mn9,0.00625,720575940647303300,pre_first_20ms,120.0,140.0,0.0,0.0,0.0,0.0,0.0
mode_without_mn9,0.00625,720575940610951634,early,0.0,180.0,0.0,0.0,0.0,0.0,0.0
mode_without_mn9,0.00625,720575940610951634,later,180.0,1000.0,0.0,0.0,0.0,0.0,0.0
mode_without_mn9,0.00625,720575940610951634,pre_first_20ms,120.05000000000001,140.05,0.0,0.0,0.0,0.0,0.0
mode_without_mn9,0.00625,720575940619486117,early,0.0,180.0,0.33,-3.960000000000001,0.33,-3.960000000000001,0.0
mode_without_mn9,0.00625,720575940619486117,later,180.0,1000.0,1.32,-9.504000000000001,1.32,-9.504000000000001,0.0
mode_without_mn9,0.00625,720575940619486117,pre_first_20ms,120.05000000000001,140.05,0.0,0.0,0.0,0.0,0.0
mode_without_mn9,0.00625,720575940620664496,early,0.0,180.0,47.849999999999994,-120.912,47.849999999999994,-120.912,0.0
mode_without_mn9,0.00625,720575940620664496,later,180.0,1000.0,213.83999999999997,-415.2720000000001,213.83999999999997,-415.2720000000001,0.0
mode_without_mn9,0.00625,720575940620664496,pre_first_20ms,120.11250000000001,140.1125,7.92,-39.6,7.92,-39.6,0.0
mode_without_mn9,0.00625,720575940638204132,early,0.0,180.0,86.13,-311.784,86.13,-311.784,0.0
mode_without_mn9,0.00625,720575940638204132,later,180.0,1000.0,256.41,-1469.9520000000002,256.41,-1469.9520000000002,0.0
mode_without_mn9,0.00625,720575940638204132,pre_first_20ms,120.125,140.125,28.380000000000003,-39.33600000000001,28.380000000000003,-39.33600000000001,0.0
mode_without_mn9,0.00625,720575940620488513,early,0.0,180.0,0.0,0.0,0.0,0.0,0.0
mode_without_mn9,0.00625,720575940620488513,later,180.0,1000.0,0.0,0.0,0.0,0.0,0.0
mode_without_mn9,0.00625,720575940620488513,pre_first_20ms,120.22500000000002,140.22500000000002,0.0,0.0,0.0,0.0,0.0
mode_without_mn9,0.00625,720575940648330105,early,0.0,180.0,0.0,0.0,0.0,0.0,0.0
mode_without_mn9,0.00625,720575940648330105,later,180.0,1000.0,0.0,0.0,0.0,0.0,0.0
mode_without_mn9,0.00625,720575940648330105,pre_first_20ms,120.26250000000002,140.26250000000002,0.0,0.0,0.0,0.0,0.0
mode_without_mn9,0.00625,720575940618270629,early,0.0,180.0,106.25999999999999,-16.896,106.25999999999999,-16.896,0.0
mode_without_mn9,0.00625,720575940618270629,later,180.0,1000.0,348.15,-50.16,348.15,-50.16,0.0
mode_without_mn9,0.00625,720575940618270629,pre_first_20ms,120.30000000000001,140.3,24.75,-5.016000000000001,24.75,-5.016000000000001,0.0
mode_without_mn9,0.00625,720575940627100584,early,0.0,180.0,73.25999999999999,-12.144000000000002,73.25999999999999,-12.144000000000002,0.0
mode_without_mn9,0.00625,720575940627100584,later,180.0,1000.0,165.00000000000006,-62.56800000000001,165.00000000000006,-62.56800000000001,0.0
mode_without_mn9,0.00625,720575940627100584,pre_first_20ms,120.3375,140.3375,0.0,0.0,0.0,0.0,0.0
mode_without_mn9,0.00625,720575940626363529,early,0.0,180.0,0.0,-13.200000000000001,0.0,-13.200000000000001,0.0
mode_without_mn9,0.00625,720575940626363529,later,180.0,1000.0,0.0,-43.032000000000004,0.0,-43.032000000000004,0.0
mode_without_mn9,0.00625,720575940626363529,pre_first_20ms,120.35,140.35,0.0,0.0,0.0,0.0,0.0
mode_without_mn9,0.00625,720575940605583136,early,0.0,180.0,10.23,-2.112,10.23,-2.112,0.0
mode_without_mn9,0.00625,720575940605583136,later,180.0,1000.0,29.700000000000003,-7.128000000000001,29.700000000000003,-7.128000000000001,0.0
mode_without_mn9,0.00625,720575940605583136,pre_first_20ms,120.375,140.375,0.33,0.0,0.33,0.0,0.0
mode_without_mn9,0.00625,720575940633766370,early,0.0,180.0,12.21,-177.93599999999998,12.21,-177.93599999999998,0.0
mode_without_mn9,0.00625,720575940633766370,later,180.0,1000.0,51.81,-168.432,51.81,-168.432,0.0
mode_without_mn9,0.00625,720575940633766370,pre_first_20ms,120.4375,140.4375,0.99,-3.4320000000000004,0.99,-3.4320000000000004,0.0
mode_without_mn9,0.00625,720575940625893507,early,0.0,180.0,4.95,0.0,4.95,0.0,0.0
mode_without_mn9,0.00625,720575940625893507,later,180.0,1000.0,12.870000000000001,0.0,12.870000000000001,0.0,0.0
mode_without_mn9,0.00625,720575940625893507,pre_first_20ms,120.45000000000002,140.45000000000002,1.32,0.0,1.32,0.0,0.0
mode_without_mn9,0.00625,720575940621814049,early,0.0,180.0,0.99,-0.264,0.99,-0.264,0.0
mode_without_mn9,0.00625,720575940621814049,later,180.0,1000.0,2.64,-0.792,2.64,-0.792,0.0
mode_without_mn9,0.00625,720575940621814049,pre_first_20ms,120.55000000000001,140.55,0.33,0.0,0.33,0.0,0.0
mode_without_mn9,0.00625,720575940629702905,early,0.0,180.0,24.09,-1.32,24.09,-1.32,0.0
mode_without_mn9,0.00625,720575940629702905,later,180.0,1000.0,89.1,-3.696,89.1,-3.696,0.0
mode_without_mn9,0.00625,720575940629702905,pre_first_20ms,120.5625,140.5625,4.62,-0.528,4.62,-0.528,0.0
mode_without_mn9,0.00625,720575940651425782,early,0.0,180.0,18.48,-1.8480000000000003,18.48,-1.8480000000000003,0.0
mode_without_mn9,0.00625,720575940651425782,later,180.0,1000.0,62.039999999999985,0.0,62.039999999999985,0.0,0.0
mode_without_mn9,0.00625,720575940651425782,pre_first_20ms,120.57500000000002,140.57500000000002,0.66,0.0,0.66,0.0,0.0
mode_without_mn9,0.00625,720575940624486899,early,0.0,180.0,0.0,-13.200000000000001,0.0,-13.200000000000001,0.0
mode_without_mn9,0.00625,720575940624486899,later,180.0,1000.0,0.0,-38.016000000000005,0.0,-38.016000000000005,0.0
mode_without_mn9,0.00625,720575940624486899,pre_first_20ms,120.70000000000002,140.70000000000002,0.0,-4.224,0.0,-4.224,0.0
mode_without_mn9,0.00625,720575940628529155,early,0.0,180.0,0.99,0.0,0.99,0.0,0.0
mode_without_mn9,0.00625,720575940628529155,later,180.0,1000.0,2.97,0.0,2.97,0.0,0.0
mode_without_mn9,0.00625,720575940628529155,pre_first_20ms,120.72500000000002,140.72500000000002,0.33,0.0,0.33,0.0,0.0
mode_without_mn9,0.00625,720575940629969111,early,0.0,180.0,22.77,-4.224,22.77,-4.224,0.0
mode_without_mn9,0.00625,720575940629969111,later,180.0,1000.0,68.31,-11.88,68.31,-11.88,0.0
mode_without_mn9,0.00625,720575940629969111,pre_first_20ms,120.76250000000002,140.76250000000002,7.59,-1.32,7.59,-1.32,0.0
mode_without_mn9,0.00625,720575940621504794,early,0.0,180.0,5.9399999999999995,0.0,5.9399999999999995,0.0,0.0
mode_without_mn9,0.00625,720575940621504794,later,180.0,1000.0,17.82,0.0,17.82,0.0,0.0
mode_without_mn9,0.00625,720575940621504794,pre_first_20ms,120.80000000000001,140.8,1.98,0.0,1.98,0.0,0.0
mode_without_mn9,0.00625,720575940622241160,early,0.0,180.0,1.98,0.0,1.98,0.0,0.0
mode_without_mn9,0.00625,720575940622241160,later,180.0,1000.0,5.28,0.0,5.28,0.0,0.0
mode_without_mn9,0.00625,720575940622241160,pre_first_20ms,120.8375,140.8375,0.0,0.0,0.0,0.0,0.0
mode_without_mn9,0.00625,720575940621870886,early,0.0,180.0,18.48,-1.32,18.48,-1.32,0.0
mode_without_mn9,0.00625,720575940621870886,later,180.0,1000.0,61.38,0.0,61.38,0.0,0.0
mode_without_mn9,0.00625,720575940621870886,pre_first_20ms,120.85,140.85,0.33,0.0,0.33,0.0,0.0
mode_without_mn9,0.00625,720575940624470763,early,0.0,180.0,43.89,-0.792,43.89,-0.792,0.0
mode_without_mn9,0.00625,720575940624470763,later,180.0,1000.0,142.56,-1.584,142.56,-1.584,0.0
mode_without_mn9,0.00625,720575940624470763,pre_first_20ms,120.85,140.85,2.9699999999999998,0.0,2.9699999999999998,0.0,0.0
mode_without_mn9,0.00625,720575940625878160,early,0.0,180.0,0.0,-11.616000000000001,0.0,-11.616000000000001,0.0
mode_without_mn9,0.00625,720575940625878160,later,180.0,1000.0,0.0,-152.59200000000004,0.0,-152.59200000000004,0.0
mode_without_mn9,0.00625,720575940625878160,pre_first_20ms,121.1,141.1,0.0,0.0,0.0,0.0,0.0
mode_without_mn9,0.00625,720575940643701152,early,0.0,180.0,40.260000000000005,-5.5440000000000005,40.260000000000005,-5.5440000000000005,0.0
mode_without_mn9,0.00625,720575940643701152,later,180.0,1000.0,119.79000000000002,-22.440000000000005,119.79000000000002,-22.440000000000005,0.0
mode_without_mn9,0.00625,720575940643701152,pre_first_20ms,121.1625,141.1625,12.540000000000001,-1.056,12.540000000000001,-1.056,0.0
mode_without_mn9,0.00625,720575940633874015,early,0.0,180.0,0.0,0.0,0.0,0.0,0.0
mode_without_mn9,0.00625,720575940633874015,later,180.0,1000.0,0.0,0.0,0.0,0.0,0.0
mode_without_mn9,0.00625,720575940633874015,pre_first_20ms,121.23750000000001,141.2375,0.0,0.0,0.0,0.0,0.0
mode_without_mn9,0.00625,720575940631828307,early,0.0,180.0,0.99,0.0,0.99,0.0,0.0
mode_without_mn9,0.00625,720575940631828307,later,180.0,1000.0,2.97,0.0,2.97,0.0,0.0
mode_without_mn9,0.00625,720575940631828307,pre_first_20ms,121.275,141.275,0.0,0.0,0.0,0.0,0.0
mode_without_mn9,0.00625,720575940614383978,early,0.0,180.0,0.0,-0.792,0.0,-0.792,0.0
mode_without_mn9,0.00625,720575940614383978,later,180.0,1000.0,0.0,-2.3760000000000003,0.0,-2.3760000000000003,0.0
mode_without_mn9,0.00625,720575940614383978,pre_first_20ms,121.42499999999998,141.42499999999998,0.0,-0.264,0.0,-0.264,0.0
mode_without_mn9,0.00625,720575940640178640,early,0.0,180.0,6.930000000000001,-16.368000000000002,6.930000000000001,-16.368000000000002,0.0
mode_without_mn9,0.00625,720575940640178640,later,180.0,1000.0,21.779999999999998,-57.02400000000001,21.779999999999998,-57.02400000000001,0.0
mode_without_mn9,0.00625,720575940640178640,pre_first_20ms,121.45000000000002,141.45000000000002,1.6500000000000001,-3.6960000000000006,1.6500000000000001,-3.6960000000000006,0.0
mode_without_mn9,0.00625,720575940630135084,early,0.0,180.0,80.19,-379.368,80.19,-379.368,0.0
mode_without_mn9,0.00625,720575940630135084,later,180.0,1000.0,243.20999999999998,-1783.8480000000002,243.20999999999998,-1783.8480000000002,0.0
mode_without_mn9,0.00625,720575940630135084,pre_first_20ms,121.47500000000002,141.47500000000002,26.4,-52.272000000000006,26.4,-52.272000000000006,0.0
mode_without_mn9,0.00625,720575940617868249,early,0.0,180.0,1.6500000000000001,-16.368000000000002,1.6500000000000001,-16.368000000000002,0.0
mode_without_mn9,0.00625,720575940617868249,later,180.0,1000.0,4.29,-39.599999999999994,4.29,-39.599999999999994,0.0
mode_without_mn9,0.00625,720575940617868249,pre_first_20ms,121.525,141.525,0.33,-0.528,0.33,-0.528,0.0
mode_without_mn9,0.00625,720575940611578225,early,0.0,180.0,5.9399999999999995,0.0,5.9399999999999995,0.0,0.0
mode_without_mn9,0.00625,720575940611578225,later,180.0,1000.0,17.82,0.0,17.82,0.0,0.0
mode_without_mn9,0.00625,720575940611578225,pre_first_20ms,121.5875,141.5875,1.65,0.0,1.65,0.0,0.0
mode_without_mn9,0.00625,720575940616471052,early,0.0,180.0,154.77,-151.8,154.77,-151.8,0.0
mode_without_mn9,0.00625,720575940616471052,later,180.0,1000.0,537.8999999999999,-740.5200000000001,537.8999999999999,-740.5200000000001,0.0
mode_without_mn9,0.00625,720575940616471052,pre_first_20ms,121.625,141.625,2.31,-8.976,2.31,-8.976,0.0
mode_without_mn9,0.00625,720575940615438402,early,0.0,180.0,0.0,0.0,0.0,0.0,0.0
mode_without_mn9,0.00625,720575940615438402,later,180.0,1000.0,0.0,0.0,0.0,0.0,0.0
mode_without_mn9,0.00625,720575940615438402,pre_first_20ms,121.65,141.65,0.0,0.0,0.0,0.0,0.0
mode_without_mn9,0.00625,720575940621467212,early,0.0,180.0,1.98,0.0,1.98,0.0,0.0
mode_without_mn9,0.00625,720575940621467212,later,180.0,1000.0,5.28,0.0,5.28,0.0,0.0
mode_without_mn9,0.00625,720575940621467212,pre_first_20ms,121.73750000000001,141.7375,0.0,0.0,0.0,0.0,0.0
mode_without_mn9,0.00625,720575940630025004,early,0.0,180.0,0.0,0.0,0.0,0.0,0.0
mode_without_mn9,0.00625,720575940630025004,later,180.0,1000.0,0.0,0.0,0.0,0.0,0.0
mode_without_mn9,0.00625,720575940630025004,pre_first_20ms,121.78750000000002,141.78750000000002,0.0,0.0,0.0,0.0,0.0
mode_without_mn9,0.00625,720575940630617386,early,0.0,180.0,0.0,-48.57600000000001,0.0,-48.57600000000001,0.0
mode_without_mn9,0.00625,720575940630617386,later,180.0,1000.0,0.0,-105.6,0.0,-105.6,0.0
mode_without_mn9,0.00625,720575940630617386,pre_first_20ms,121.88749999999999,141.8875,0.0,0.0,0.0,0.0,0.0
mode_without_mn9,0.00625,720575940629947964,early,0.0,180.0,0.0,0.0,0.0,0.0,0.0
mode_without_mn9,0.00625,720575940629947964,later,180.0,1000.0,0.0,0.0,0.0,0.0,0.0
mode_without_mn9,0.00625,720575940629947964,pre_first_20ms,121.9,141.9,0.0,0.0,0.0,0.0,0.0
mode_without_mn9,0.00625,720575940618807454,early,0.0,180.0,0.0,-2.64,0.0,-2.64,0.0
mode_without_mn9,0.00625,720575940618807454,later,180.0,1000.0,0.0,-8.184000000000001,0.0,-8.184000000000001,0.0
mode_without_mn9,0.00625,720575940618807454,pre_first_20ms,121.9625,141.9625,0.0,0.0,0.0,0.0,0.0
mode_without_mn9,0.00625,720575940627808122,early,0.0,180.0,0.33,0.0,0.33,0.0,0.0
mode_without_mn9,0.00625,720575940627808122,later,180.0,1000.0,0.0,0.0,0.0,0.0,0.0
mode_without_mn9,0.00625,720575940627808122,pre_first_20ms,121.98750000000001,141.9875,0.33,0.0,0.33,0.0,0.0
mode_without_mn9,0.00625,720575940611745429,early,0.0,180.0,0.0,0.0,0.0,0.0,0.0
mode_without_mn9,0.00625,720575940611745429,later,180.0,1000.0,0.0,0.0,0.0,0.0,0.0
mode_without_mn9,0.00625,720575940611745429,pre_first_20ms,122.01250000000002,142.01250000000002,0.0,0.0,0.0,0.0,0.0
mode_without_mn9,0.00625,720575940631182354,early,0.0,180.0,1.32,-0.528,1.32,-0.528,0.0
mode_without_mn9,0.00625,720575940631182354,later,180.0,1000.0,2.97,0.0,2.97,0.0,0.0
mode_without_mn9,0.00625,720575940631182354,pre_first_20ms,122.125,142.125,0.33,0.0,0.33,0.0,0.0
mode_without_mn9,0.00625,720575940635507960,early,0.0,180.0,0.0,0.0,0.0,0.0,0.0
mode_without_mn9,0.00625,720575940635507960,later,180.0,1000.0,0.0,0.0,0.0,0.0,0.0
mode_without_mn9,0.00625,720575940635507960,pre_first_20ms,122.125,142.125,0.0,0.0,0.0,0.0,0.0
mode_without_mn9,0.00625,720575940629502251,early,0.0,180.0,6.6000000000000005,-86.328,6.6000000000000005,-86.328,0.0
mode_without_mn9,0.00625,720575940629502251,later,180.0,1000.0,21.779999999999998,-355.344,21.779999999999998,-355.344,0.0
mode_without_mn9,0.00625,720575940629502251,pre_first_20ms,122.15,142.15,1.6500000000000001,-20.856,1.6500000000000001,-20.856,0.0
mode_without_mn9,0.00625,720575940617749538,early,0.0,180.0,0.0,0.0,0.0,0.0,0.0
mode_without_mn9,0.00625,720575940617749538,later,180.0,1000.0,0.0,0.0,0.0,0.0,0.0
mode_without_mn9,0.00625,720575940617749538,pre_first_20ms,122.30000000000001,142.3,0.0,0.0,0.0,0.0,0.0
mode_without_mn9,0.00625,720575940621768180,early,0.0,180.0,0.99,-234.16800000000003,0.99,-234.16800000000003,0.0
mode_without_mn9,0.00625,720575940621768180,later,180.0,1000.0,2.97,-817.08,2.97,-817.08,0.0
mode_without_mn9,0.00625,720575940621768180,pre_first_20ms,122.35,142.35,0.33,-3.6960000000000006,0.33,-3.6960000000000006,0.0
mode_without_mn9,0.00625,720575940623201833,early,0.0,180.0,0.0,0.0,0.0,0.0,0.0
mode_without_mn9,0.00625,720575940623201833,later,180.0,1000.0,0.0,0.0,0.0,0.0,0.0
mode_without_mn9,0.00625,720575940623201833,pre_first_20ms,122.36250000000001,142.3625,0.0,0.0,0.0,0.0,0.0
mode_without_mn9,0.00625,720575940629701881,early,0.0,180.0,0.0,-16.368000000000002,0.0,-16.368000000000002,0.0
mode_without_mn9,0.00625,720575940629701881,later,180.0,1000.0,0.33,-42.504000000000005,0.33,-42.504000000000005,0.0
mode_without_mn9,0.00625,720575940629701881,pre_first_20ms,122.4625,142.4625,0.0,0.0,0.0,0.0,0.0
mode_without_mn9,0.00625,720575940627380679,early,0.0,180.0,0.0,-1.584,0.0,-1.584,0.0
mode_without_mn9,0.00625,720575940627380679,later,180.0,1000.0,0.0,-4.752000000000001,0.0,-4.752000000000001,0.0
mode_without_mn9,0.00625,720575940627380679,pre_first_20ms,122.53750000000002,142.53750000000002,0.0,-0.528,0.0,-0.528,0.0
mode_without_mn9,0.00625,720575940629755723,early,0.0,180.0,0.0,0.0,0.0,0.0,0.0
mode_without_mn9,0.00625,720575940629755723,later,180.0,1000.0,0.0,0.0,0.0,0.0,0.0
mode_without_mn9,0.00625,720575940629755723,pre_first_20ms,122.55000000000001,142.55,0.0,0.0,0.0,0.0,0.0
mode_without_mn9,0.00625,720575940620571574,early,0.0,180.0,61.050000000000004,-0.7920000000000001,61.050000000000004,-0.7920000000000001,0.0
mode_without_mn9,0.00625,720575940620571574,later,180.0,1000.0,207.57000000000008,0.0,207.57000000000008,0.0,0.0
mode_without_mn9,0.00625,720575940620571574,pre_first_20ms,122.5625,142.5625,0.0,0.0,0.0,0.0,0.0
mode_without_mn9,0.00625,720575940631670865,early,0.0,180.0,0.99,-0.264,0.99,-0.264,0.0
mode_without_mn9,0.00625,720575940631670865,later,180.0,1000.0,2.97,-0.264,2.97,-0.264,0.0
mode_without_mn9,0.00625,720575940631670865,pre_first_20ms,122.625,142.625,0.33,-0.264,0.33,-0.264,0.0
mode_without_mn9,0.00625,720575940624982823,early,0.0,180.0,24.75,-16.632,24.75,-16.632,0.0
mode_without_mn9,0.00625,720575940624982823,later,180.0,1000.0,89.43,-103.224,89.43,-103.224,0.0
mode_without_mn9,0.00625,720575940624982823,pre_first_20ms,122.67499999999998,142.67499999999998,3.3,-0.264,3.3,-0.264,0.0
mode_without_mn9,0.00625,720575940634575796,early,0.0,180.0,0.0,0.0,0.0,0.0,0.0
mode_without_mn9,0.00625,720575940634575796,later,180.0,1000.0,0.0,0.0,0.0,0.0,0.0
mode_without_mn9,0.00625,720575940634575796,pre_first_20ms,122.6875,142.6875,0.0,0.0,0.0,0.0,0.0
mode_without_mn9,0.00625,720575940624534972,early,0.0,180.0,54.12,-158.13600000000005,54.12,-158.13600000000005,0.0
mode_without_mn9,0.00625,720575940624534972,later,180.0,1000.0,161.37,-665.0160000000002,161.37,-665.0160000000002,0.0
mode_without_mn9,0.00625,720575940624534972,pre_first_20ms,122.75000000000003,142.75000000000003,17.82,-19.008000000000003,17.82,-19.008000000000003,0.0
mode_without_mn9,0.00625,720575940626879505,early,0.0,180.0,34.32,-11.88,34.32,-11.88,0.0
mode_without_mn9,0.00625,720575940626879505,later,180.0,1000.0,105.59999999999998,-46.200000000000024,105.59999999999998,-46.200000000000024,0.0
mode_without_mn9,0.00625,720575940626879505,pre_first_20ms,122.80000000000001,142.8,11.22,-3.6960000000000006,11.22,-3.6960000000000006,0.0
mode_without_mn9,0.00625,720575940629529722,early,0.0,180.0,1.98,-0.792,1.98,-0.792,0.0
mode_without_mn9,0.00625,720575940629529722,later,180.0,1000.0,5.94,-2.3760000000000003,5.94,-2.3760000000000003,0.0
mode_without_mn9,0.00625,720575940629529722,pre_first_20ms,122.80000000000001,142.8,0.66,-0.264,0.66,-0.264,0.0
mode_without_mn9,0.00625,720575940609077828,early,0.0,180.0,46.53,0.0,46.53,0.0,0.0
mode_without_mn9,0.00625,720575940609077828,later,180.0,1000.0,139.59,0.0,139.59,0.0,0.0
mode_without_mn9,0.00625,720575940609077828,pre_first_20ms,122.875,142.875,7.590000000000001,0.0,7.590000000000001,0.0,0.0
mode_without_mn9,0.00625,720575940629585602,early,0.0,180.0,0.0,0.0,0.0,0.0,0.0
mode_without_mn9,0.00625,720575940629585602,later,180.0,1000.0,0.0,0.0,0.0,0.0,0.0
mode_without_mn9,0.00625,720575940629585602,pre_first_20ms,122.97500000000002,142.97500000000002,0.0,0.0,0.0,0.0,0.0
mode_without_mn9,0.00625,720575940630914245,early,0.0,180.0,0.0,0.0,0.0,0.0,0.0
mode_without_mn9,0.00625,720575940630914245,later,180.0,1000.0,0.0,0.0,0.0,0.0,0.0
mode_without_mn9,0.00625,720575940630914245,pre_first_20ms,122.97500000000002,142.97500000000002,0.0,0.0,0.0,0.0,0.0
mode_without_mn9,0.00625,720575940631990343,early,0.0,180.0,0.33,0.0,0.33,0.0,0.0
mode_without_mn9,0.00625,720575940631990343,later,180.0,1000.0,0.0,0.0,0.0,0.0,0.0
mode_without_mn9,0.00625,720575940631990343,pre_first_20ms,123.03750000000002,143.03750000000002,0.33,0.0,0.33,0.0,0.0
mode_without_mn9,0.00625,720575940617413957,early,0.0,180.0,0.0,0.0,0.0,0.0,0.0
mode_without_mn9,0.00625,720575940617413957,later,180.0,1000.0,0.0,0.0,0.0,0.0,0.0
mode_without_mn9,0.00625,720575940617413957,pre_first_20ms,123.1625,143.1625,0.0,0.0,0.0,0.0,0.0
mode_without_mn9,0.00625,720575940616486230,early,0.0,180.0,0.0,0.0,0.0,0.0,0.0
mode_without_mn9,0.00625,720575940616486230,later,180.0,1000.0,0.0,0.0,0.0,0.0,0.0
mode_without_mn9,0.00625,720575940616486230,pre_first_20ms,123.19999999999999,143.2,0.0,0.0,0.0,0.0,0.0
mode_without_mn9,0.00625,720575940632230099,early,0.0,180.0,0.33,0.0,0.33,0.0,0.0
mode_without_mn9,0.00625,720575940632230099,later,180.0,1000.0,0.0,0.0,0.0,0.0,0.0
mode_without_mn9,0.00625,720575940632230099,pre_first_20ms,123.22500000000002,143.22500000000002,0.33,0.0,0.33,0.0,0.0
mode_without_mn9,0.00625,720575940617244372,early,0.0,180.0,0.0,0.0,0.0,0.0,0.0
mode_without_mn9,0.00625,720575940617244372,later,180.0,1000.0,0.0,0.0,0.0,0.0,0.0
mode_without_mn9,0.00625,720575940617244372,pre_first_20ms,123.375,143.375,0.0,0.0,0.0,0.0,0.0
mode_without_mn9,0.00625,720575940630810695,early,0.0,180.0,11.88,-8.976,11.88,-8.976,0.0
mode_without_mn9,0.00625,720575940630810695,later,180.0,1000.0,41.25,-38.28000000000001,41.25,-38.28000000000001,0.0
mode_without_mn9,0.00625,720575940630810695,pre_first_20ms,123.48750000000001,143.4875,2.64,-0.528,2.64,-0.528,0.0
mode_without_mn9,0.00625,720575940641148405,early,0.0,180.0,0.66,-19.536000000000005,0.66,-19.536000000000005,0.0
mode_without_mn9,0.00625,720575940641148405,later,180.0,1000.0,0.0,-53.592000000000006,0.0,-53.592000000000006,0.0
mode_without_mn9,0.00625,720575940641148405,pre_first_20ms,123.65,143.65,0.0,-1.056,0.0,-1.056,0.0
mode_without_mn9,0.00625,720575940634418021,early,0.0,180.0,0.0,-0.792,0.0,-0.792,0.0
mode_without_mn9,0.00625,720575940634418021,later,180.0,1000.0,0.0,-2.3760000000000003,0.0,-2.3760000000000003,0.0
mode_without_mn9,0.00625,720575940634418021,pre_first_20ms,123.69999999999999,143.7,0.0,-0.264,0.0,-0.264,0.0
mode_without_mn9,0.00625,720575940617728852,early,0.0,180.0,0.0,0.0,0.0,0.0,0.0
mode_without_mn9,0.00625,720575940617728852,later,180.0,1000.0,0.0,0.0,0.0,0.0,0.0
mode_without_mn9,0.00625,720575940617728852,pre_first_20ms,123.86250000000001,143.8625,0.0,0.0,0.0,0.0,0.0
mode_without_mn9,0.00625,720575940616235348,early,0.0,180.0,2.64,0.0,2.64,0.0,0.0
mode_without_mn9,0.00625,720575940616235348,later,180.0,1000.0,0.0,0.0,0.0,0.0,0.0
mode_without_mn9,0.00625,720575940616235348,pre_first_20ms,123.88749999999999,143.8875,2.64,0.0,2.64,0.0,0.0
mode_without_mn9,0.00625,720575940623182847,early,0.0,180.0,28.71,0.0,28.71,0.0,0.0
mode_without_mn9,0.00625,720575940623182847,later,180.0,1000.0,83.81999999999998,-0.264,83.81999999999998,-0.264,0.0
mode_without_mn9,0.00625,720575940623182847,pre_first_20ms,123.98750000000001,143.9875,0.33,0.0,0.33,0.0,0.0
mode_without_mn9,0.00625,720575940629360459,early,0.0,180.0,0.0,0.0,0.0,0.0,0.0
mode_without_mn9,0.00625,720575940629360459,later,180.0,1000.0,0.0,0.0,0.0,0.0,0.0
mode_without_mn9,0.00625,720575940629360459,pre_first_20ms,124.00000000000003,144.00000000000003,0.0,0.0,0.0,0.0,0.0
mode_without_mn9,0.00625,720575940624280328,early,0.0,180.0,12.870000000000001,0.0,12.870000000000001,0.0,0.0
mode_without_mn9,0.00625,720575940624280328,later,180.0,1000.0,3.63,-0.528,3.63,-0.528,0.0
mode_without_mn9,0.00625,720575940624280328,pre_first_20ms,124.07500000000002,144.07500000000002,0.0,0.0,0.0,0.0,0.0
mode_without_mn9,0.00625,720575940621712990,early,0.0,180.0,15.510000000000002,-2.112,15.510000000000002,-2.112,0.0
mode_without_mn9,0.00625,720575940621712990,later,180.0,1000.0,44.550000000000004,-6.6,44.550000000000004,-6.6,0.0
mode_without_mn9,0.00625,720575940621712990,pre_first_20ms,124.13749999999999,144.1375,4.95,-0.528,4.95,-0.528,0.0
mode_without_mn9,0.00625,720575940608744405,early,0.0,180.0,15.18,-20.592000000000006,15.18,-20.592000000000006,0.0
mode_without_mn9,0.00625,720575940608744405,later,180.0,1000.0,46.86,-84.21600000000001,46.86,-84.21600000000001,0.0
mode_without_mn9,0.00625,720575940608744405,pre_first_20ms,124.38749999999999,144.3875,0.0,-3.4320000000000004,0.0,-3.4320000000000004,0.0
mode_without_mn9,0.00625,720575940614573674,early,0.0,180.0,0.0,0.0,0.0,0.0,0.0
mode_without_mn9,0.00625,720575940614573674,later,180.0,1000.0,0.0,0.0,0.0,0.0,0.0
mode_without_mn9,0.00625,720575940614573674,pre_first_20ms,124.57500000000002,144.57500000000002,0.0,0.0,0.0,0.0,0.0
mode_without_mn9,0.00625,720575940620842111,early,0.0,180.0,0.33,-7.392,0.33,-7.392,0.0
mode_without_mn9,0.00625,720575940620842111,later,180.0,1000.0,0.0,-15.840000000000002,0.0,-15.840000000000002,0.0
mode_without_mn9,0.00625,720575940620842111,pre_first_20ms,124.625,144.625,0.0,-1.056,0.0,-1.056,0.0
mode_without_mn9,0.00625,720575940617078489,early,0.0,180.0,0.0,-1.056,0.0,-1.056,0.0
mode_without_mn9,0.00625,720575940617078489,later,180.0,1000.0,0.0,-1.584,0.0,-1.584,0.0
mode_without_mn9,0.00625,720575940617078489,pre_first_20ms,124.65,144.65,0.0,0.0,0.0,0.0,0.0
mode_without_mn9,0.00625,720575940621595888,early,0.0,180.0,2.64,-0.792,2.64,-0.792,0.0
mode_without_mn9,0.00625,720575940621595888,later,180.0,1000.0,7.26,-2.6400000000000006,7.26,-2.6400000000000006,0.0
mode_without_mn9,0.00625,720575940621595888,pre_first_20ms,124.80000000000001,144.8,0.0,0.0,0.0,0.0,0.0
mode_without_mn9,0.00625,720575940631349096,early,0.0,180.0,0.0,-0.528,0.0,-0.528,0.0
mode_without_mn9,0.00625,720575940631349096,later,180.0,1000.0,0.0,0.0,0.0,0.0,0.0
mode_without_mn9,0.00625,720575940631349096,pre_first_20ms,124.86250000000001,144.8625,0.0,0.0,0.0,0.0,0.0
mode_without_mn9,0.00625,720575940625212965,early,0.0,180.0,0.0,0.0,0.0,0.0,0.0
mode_without_mn9,0.00625,720575940625212965,later,180.0,1000.0,0.0,0.0,0.0,0.0,0.0
mode_without_mn9,0.00625,720575940625212965,pre_first_20ms,124.875,144.875,0.0,0.0,0.0,0.0,0.0
mode_without_mn9,0.00625,720575940631517251,early,0.0,180.0,4.29,-58.080000000000005,4.29,-58.080000000000005,0.0
mode_without_mn9,0.00625,720575940631517251,later,180.0,1000.0,15.840000000000002,-228.36000000000004,15.840000000000002,-228.36000000000004,0.0
mode_without_mn9,0.00625,720575940631517251,pre_first_20ms,124.9125,144.9125,0.33,-9.24,0.33,-9.24,0.0
mode_without_mn9,0.00625,720575940624477246,early,0.0,180.0,2.31,0.0,2.31,0.0,0.0
mode_without_mn9,0.00625,720575940624477246,later,180.0,1000.0,2.97,0.0,2.97,0.0,0.0
mode_without_mn9,0.00625,720575940624477246,pre_first_20ms,125.11250000000001,145.1125,1.32,0.0,1.32,0.0,0.0
mode_without_mn9,0.00625,720575940620266689,early,0.0,180.0,0.0,-12.936,0.0,-12.936,0.0
mode_without_mn9,0.00625,720575940620266689,later,180.0,1000.0,0.0,-0.7920000000000001,0.0,-0.7920000000000001,0.0
mode_without_mn9,0.00625,720575940620266689,pre_first_20ms,125.375,145.375,0.0,0.0,0.0,0.0,0.0
mode_without_mn9,0.00625,720575940613948834,early,0.0,180.0,0.0,0.0,0.0,0.0,0.0
mode_without_mn9,0.00625,720575940613948834,later,180.0,1000.0,0.0,0.0,0.0,0.0,0.0
mode_without_mn9,0.00625,720575940613948834,pre_first_20ms,125.48750000000001,145.4875,0.0,0.0,0.0,0.0,0.0
mode_without_mn9,0.00625,720575940619820368,early,0.0,180.0,42.9,-6.6000000000000005,42.9,-6.6000000000000005,0.0
mode_without_mn9,0.00625,720575940619820368,later,180.0,1000.0,127.37999999999998,-27.72,127.37999999999998,-27.72,0.0
mode_without_mn9,0.00625,720575940619820368,pre_first_20ms,125.6875,145.6875,0.0,-1.32,0.0,-1.32,0.0
mode_without_mn9,0.00625,720575940609932130,early,0.0,180.0,0.0,-0.264,0.0,-0.264,0.0
mode_without_mn9,0.00625,720575940609932130,later,180.0,1000.0,0.0,0.0,0.0,0.0,0.0
mode_without_mn9,0.00625,720575940609932130,pre_first_20ms,125.775,145.775,0.0,0.0,0.0,0.0,0.0
mode_without_mn9,0.00625,720575940633735063,early,0.0,180.0,0.0,0.0,0.0,0.0,0.0
mode_without_mn9,0.00625,720575940633735063,later,180.0,1000.0,0.0,0.0,0.0,0.0,0.0
mode_without_mn9,0.00625,720575940633735063,pre_first_20ms,125.9375,145.9375,0.0,0.0,0.0,0.0,0.0
mode_without_mn9,0.00625,720575940624093693,early,0.0,180.0,7.92,-0.528,7.92,-0.528,0.0
mode_without_mn9,0.00625,720575940624093693,later,180.0,1000.0,14.850000000000001,-1.584,14.850000000000001,-1.584,0.0
mode_without_mn9,0.00625,720575940624093693,pre_first_20ms,125.98750000000001,145.9875,0.0,0.0,0.0,0.0,0.0
mode_without_mn9,0.00625,720575940610404977,early,0.0,180.0,2.9699999999999998,0.0,2.9699999999999998,0.0,0.0
mode_without_mn9,0.00625,720575940610404977,later,180.0,1000.0,8.91,0.0,8.91,0.0,0.0
mode_without_mn9,0.00625,720575940610404977,pre_first_20ms,126.05000000000001,146.05,0.0,0.0,0.0,0.0,0.0
mode_without_mn9,0.00625,720575940619998630,early,0.0,180.0,73.58999999999999,-3.4320000000000004,73.58999999999999,-3.4320000000000004,0.0
mode_without_mn9,0.00625,720575940619998630,later,180.0,1000.0,256.08000000000004,-33.264,256.08000000000004,-33.264,0.0
mode_without_mn9,0.00625,720575940619998630,pre_first_20ms,126.0875,146.0875,9.24,-0.528,9.24,-0.528,0.0
mode_without_mn9,0.00625,720575940630930383,early,0.0,180.0,21.78,-5.28,21.78,-5.28,0.0
mode_without_mn9,0.00625,720575940630930383,later,180.0,1000.0,70.62,-21.120000000000005,70.62,-21.120000000000005,0.0
mode_without_mn9,0.00625,720575940630930383,pre_first_20ms,126.13750000000002,146.13750000000002,0.99,-1.056,0.99,-1.056,0.0
mode_without_mn9,0.00625,720575940607472649,early,0.0,180.0,6.93,-8.712000000000002,6.93,-8.712000000000002,0.0
mode_without_mn9,0.00625,720575940607472649,later,180.0,1000.0,20.79,-26.136000000000003,20.79,-26.136000000000003,0.0
mode_without_mn9,0.00625,720575940607472649,pre_first_20ms,126.25000000000003,146.25000000000003,2.31,-2.9040000000000004,2.31,-2.9040000000000004,0.0
mode_without_mn9,0.00625,720575940627368723,early,0.0,180.0,80.52,-111.93600000000002,80.52,-111.93600000000002,0.0
mode_without_mn9,0.00625,720575940627368723,later,180.0,1000.0,330.99,-412.6320000000001,330.99,-412.6320000000001,0.0
mode_without_mn9,0.00625,720575940627368723,pre_first_20ms,126.3375,146.3375,18.48,-17.16,18.48,-17.16,0.0
mode_without_mn9,0.00625,720575940622998627,early,0.0,180.0,9.24,-8.448,9.24,-8.448,0.0
mode_without_mn9,0.00625,720575940622998627,later,180.0,1000.0,29.369999999999994,-28.247999999999998,29.369999999999994,-28.247999999999998,0.0
mode_without_mn9,0.00625,720575940622998627,pre_first_20ms,126.4,146.4,3.96,-0.264,3.96,-0.264,0.0
mode_without_mn9,0.00625,720575940639948160,early,0.0,180.0,20.46,-0.528,20.46,-0.528,0.0
mode_without_mn9,0.00625,720575940639948160,later,180.0,1000.0,60.72,-0.528,60.72,-0.528,0.0
mode_without_mn9,0.00625,720575940639948160,pre_first_20ms,126.4125,146.4125,0.0,-0.528,0.0,-0.528,0.0
mode_without_mn9,0.00625,720575940634310763,early,0.0,180.0,0.99,-4.224,0.99,-4.224,0.0
mode_without_mn9,0.00625,720575940634310763,later,180.0,1000.0,2.97,-22.968,2.97,-22.968,0.0
mode_without_mn9,0.00625,720575940634310763,pre_first_20ms,126.4375,146.4375,0.0,-0.792,0.0,-0.792,0.0
mode_without_mn9,0.00625,720575940626654041,early,0.0,180.0,2.64,-1.584,2.64,-1.584,0.0
mode_without_mn9,0.00625,720575940626654041,later,180.0,1000.0,5.94,-4.752000000000001,5.94,-4.752000000000001,0.0
mode_without_mn9,0.00625,720575940626654041,pre_first_20ms,126.51250000000002,146.51250000000002,0.0,-0.528,0.0,-0.528,0.0
mode_without_mn9,0.00625,720575940618165393,early,0.0,180.0,11.55,-26.136000000000003,11.55,-26.136000000000003,0.0
mode_without_mn9,0.00625,720575940618165393,later,180.0,1000.0,33.33,-107.44800000000001,33.33,-107.44800000000001,0.0
mode_without_mn9,0.00625,720575940618165393,pre_first_20ms,126.525,146.525,6.2700000000000005,-1.056,6.2700000000000005,-1.056,0.0
mode_without_mn9,0.00625,720575940625336464,early,0.0,180.0,11.219999999999999,0.0,11.219999999999999,0.0,0.0
mode_without_mn9,0.00625,720575940625336464,later,180.0,1000.0,32.669999999999995,0.0,32.669999999999995,0.0,0.0
mode_without_mn9,0.00625,720575940625336464,pre_first_20ms,126.5875,146.5875,3.63,0.0,3.63,0.0,0.0
mode_without_mn9,0.00625,720575940626693130,early,0.0,180.0,0.0,0.0,0.0,0.0,0.0
mode_without_mn9,0.00625,720575940626693130,later,180.0,1000.0,0.0,0.0,0.0,0.0,0.0
mode_without_mn9,0.00625,720575940626693130,pre_first_20ms,126.725,146.725,0.0,0.0,0.0,0.0,0.0
mode_without_mn9,0.00625,720575940636553902,early,0.0,180.0,3.3,-3.168,3.3,-3.168,0.0
mode_without_mn9,0.00625,720575940636553902,later,180.0,1000.0,8.91,-9.504000000000001,8.91,-9.504000000000001,0.0
mode_without_mn9,0.00625,720575940636553902,pre_first_20ms,126.9,146.9,1.32,-1.056,1.32,-1.056,0.0
mode_without_mn9,0.00625,720575940614908383,early,0.0,180.0,11.879999999999999,-36.168000000000006,11.879999999999999,-36.168000000000006,0.0
mode_without_mn9,0.00625,720575940614908383,later,180.0,1000.0,32.01,-162.36,32.01,-162.36,0.0
mode_without_mn9,0.00625,720575940614908383,pre_first_20ms,126.92500000000001,146.925,0.66,-6.336,0.66,-6.336,0.0
mode_without_mn9,0.00625,720575940639028413,early,0.0,180.0,2.31,-49.89600000000001,2.31,-49.89600000000001,0.0
mode_without_mn9,0.00625,720575940639028413,later,180.0,1000.0,5.94,-181.368,5.94,-181.368,0.0
mode_without_mn9,0.00625,720575940639028413,pre_first_20ms,127.275,147.275,0.0,-6.072000000000001,0.0,-6.072000000000001,0.0
mode_without_mn9,0.00625,720575940637073385,early,0.0,180.0,1.32,-7.920000000000001,1.32,-7.920000000000001,0.0
mode_without_mn9,0.00625,720575940637073385,later,180.0,1000.0,0.0,-7.656000000000001,0.0,-7.656000000000001,0.0
mode_without_mn9,0.00625,720575940637073385,pre_first_20ms,127.42500000000001,147.425,1.32,-7.656000000000001,1.32,-7.656000000000001,0.0
mode_without_mn9,0.00625,720575940619488495,early,0.0,180.0,9.239999999999998,-1.584,9.239999999999998,-1.584,0.0
mode_without_mn9,0.00625,720575940619488495,later,180.0,1000.0,26.73,-4.752000000000001,26.73,-4.752000000000001,0.0
mode_without_mn9,0.00625,720575940619488495,pre_first_20ms,127.57500000000002,147.57500000000002,2.97,0.0,2.97,0.0,0.0
mode_without_mn9,0.00625,720575940614457342,early,0.0,180.0,7.260000000000001,-0.7920000000000001,7.260000000000001,-0.7920000000000001,0.0
mode_without_mn9,0.00625,720575940614457342,later,180.0,1000.0,0.0,0.0,0.0,0.0,0.0
mode_without_mn9,0.00625,720575940614457342,pre_first_20ms,127.875,147.875,0.0,0.0,0.0,0.0,0.0
mode_without_mn9,0.00625,720575940627757584,early,0.0,180.0,1.98,-7.6560000000000015,1.98,-7.6560000000000015,0.0
mode_without_mn9,0.00625,720575940627757584,later,180.0,1000.0,8.91,-29.040000000000003,8.91,-29.040000000000003,0.0
mode_without_mn9,0.00625,720575940627757584,pre_first_20ms,127.9375,147.9375,0.33,-0.528,0.33,-0.528,0.0
mode_without_mn9,0.00625,720575940637210334,early,0.0,180.0,8.91,-13.992,8.91,-13.992,0.0
mode_without_mn9,0.00625,720575940637210334,later,180.0,1000.0,26.73,-59.664,26.73,-59.664,0.0
mode_without_mn9,0.00625,720575940637210334,pre_first_20ms,127.98749999999998,147.98749999999998,0.0,-1.056,0.0,-1.056,0.0
mode_without_mn9,0.00625,720575940629461442,early,0.0,180.0,0.0,-6.864000000000001,0.0,-6.864000000000001,0.0
mode_without_mn9,0.00625,720575940629461442,later,180.0,1000.0,0.0,-19.008000000000003,0.0,-19.008000000000003,0.0
mode_without_mn9,0.00625,720575940629461442,pre_first_20ms,128.03750000000002,148.03750000000002,0.0,-1.056,0.0,-1.056,0.0
mode_without_mn9,0.00625,720575940607982428,early,0.0,180.0,0.0,-9.24,0.0,-9.24,0.0
mode_without_mn9,0.00625,720575940607982428,later,180.0,1000.0,0.0,-37.752,0.0,-37.752,0.0
mode_without_mn9,0.00625,720575940607982428,pre_first_20ms,128.2,148.2,0.0,-1.32,0.0,-1.32,0.0
mode_without_mn9,0.00625,720575940611182554,early,0.0,180.0,4.62,-0.792,4.62,-0.792,0.0
mode_without_mn9,0.00625,720575940611182554,later,180.0,1000.0,11.88,-1.32,11.88,-1.32,0.0
mode_without_mn9,0.00625,720575940611182554,pre_first_20ms,128.23749999999998,148.23749999999998,0.66,-0.264,0.66,-0.264,0.0
mode_without_mn9,0.00625,720575940634258146,early,0.0,180.0,114.18,-41.44800000000001,114.18,-41.44800000000001,0.0
mode_without_mn9,0.00625,720575940634258146,later,180.0,1000.0,306.90000000000003,-127.24800000000003,306.90000000000003,-127.24800000000003,0.0
mode_without_mn9,0.00625,720575940634258146,pre_first_20ms,128.375,148.375,15.18,0.0,15.18,0.0,0.0
mode_without_mn9,0.00625,720575940638937688,early,0.0,180.0,0.99,-2.3760000000000003,0.99,-2.3760000000000003,0.0
mode_without_mn9,0.00625,720575940638937688,later,180.0,1000.0,2.97,-2.3760000000000003,2.97,-2.3760000000000003,0.0
mode_without_mn9,0.00625,720575940638937688,pre_first_20ms,128.38750000000002,148.38750000000002,0.0,-2.3760000000000003,0.0,-2.3760000000000003,0.0
mode_without_mn9,0.00625,720575940618398533,early,0.0,180.0,26.07,-7.128,26.07,-7.128,0.0
mode_without_mn9,0.00625,720575940618398533,later,180.0,1000.0,74.25,-19.008,74.25,-19.008,0.0
mode_without_mn9,0.00625,720575940618398533,pre_first_20ms,128.425,148.425,0.0,-0.528,0.0,-0.528,0.0
mode_without_mn9,0.00625,720575940615086698,early,0.0,180.0,12.869999999999997,-1.056,12.869999999999997,-1.056,0.0
mode_without_mn9,0.00625,720575940615086698,later,180.0,1000.0,47.51999999999999,-3.168,47.51999999999999,-3.168,0.0
mode_without_mn9,0.00625,720575940615086698,pre_first_20ms,128.50000000000003,148.50000000000003,1.65,-0.264,1.65,-0.264,0.0
mode_without_mn9,0.00625,720575940625107352,early,0.0,180.0,0.0,0.0,0.0,0.0,0.0
mode_without_mn9,0.00625,720575940625107352,later,180.0,1000.0,0.0,0.0,0.0,0.0,0.0
mode_without_mn9,0.00625,720575940625107352,pre_first_20ms,128.50000000000003,148.50000000000003,0.0,0.0,0.0,0.0,0.0
mode_without_mn9,0.00625,720575940623181823,early,0.0,180.0,13.86,0.0,13.86,0.0,0.0
mode_without_mn9,0.00625,720575940623181823,later,180.0,1000.0,40.919999999999995,0.0,40.919999999999995,0.0,0.0
mode_without_mn9,0.00625,720575940623181823,pre_first_20ms,128.57500000000002,148.57500000000002,1.32,0.0,1.32,0.0,0.0
mode_without_mn9,0.00625,720575940632501404,early,0.0,180.0,2.9699999999999998,-2.112,2.9699999999999998,-2.112,0.0
mode_without_mn9,0.00625,720575940632501404,later,180.0,1000.0,5.94,-6.6000000000000005,5.94,-6.6000000000000005,0.0
mode_without_mn9,0.00625,720575940632501404,pre_first_20ms,128.65,148.65,0.0,0.0,0.0,0.0,0.0
mode_without_mn9,0.00625,720575940623338281,early,0.0,180.0,23.1,-53.064,23.1,-53.064,0.0
mode_without_mn9,0.00625,720575940623338281,later,180.0,1000.0,70.61999999999999,-206.44799999999998,70.61999999999999,-206.44799999999998,0.0
mode_without_mn9,0.00625,720575940623338281,pre_first_20ms,128.73749999999998,148.73749999999998,8.25,-1.848,8.25,-1.848,0.0
mode_without_mn9,0.00625,720575940624971243,early,0.0,180.0,76.22999999999999,-112.72800000000001,76.22999999999999,-112.72800000000001,0.0
mode_without_mn9,0.00625,720575940624971243,later,180.0,1000.0,298.31999999999994,-499.22400000000005,298.31999999999994,-499.22400000000005,0.0
mode_without_mn9,0.00625,720575940624971243,pre_first_20ms,129.1625,149.1625,7.26,-15.048000000000002,7.26,-15.048000000000002,0.0
mode_without_mn9,0.00625,720575940646582836,early,0.0,180.0,11.879999999999999,-0.528,11.879999999999999,-0.528,0.0
mode_without_mn9,0.00625,720575940646582836,later,180.0,1000.0,35.64,-1.056,35.64,-1.056,0.0
mode_without_mn9,0.00625,720575940646582836,pre_first_20ms,129.23749999999998,149.23749999999998,0.0,0.0,0.0,0.0,0.0
mode_without_mn9,0.00625,720575940631147335,early,0.0,180.0,8.91,0.0,8.91,0.0,0.0
mode_without_mn9,0.00625,720575940631147335,later,180.0,1000.0,23.1,0.0,23.1,0.0,0.0
mode_without_mn9,0.00625,720575940631147335,pre_first_20ms,129.56250000000003,149.56250000000003,0.99,0.0,0.99,0.0,0.0
mode_without_mn9,0.00625,720575940619843311,early,0.0,180.0,1.65,0.0,1.65,0.0,0.0
mode_without_mn9,0.00625,720575940619843311,later,180.0,1000.0,0.0,0.0,0.0,0.0,0.0
mode_without_mn9,0.00625,720575940619843311,pre_first_20ms,129.5875,149.5875,0.0,0.0,0.0,0.0,0.0
mode_without_mn9,0.00625,720575940619773867,early,0.0,180.0,3.3,0.0,3.3,0.0,0.0
mode_without_mn9,0.00625,720575940619773867,later,180.0,1000.0,8.91,0.0,8.91,0.0,0.0
mode_without_mn9,0.00625,720575940619773867,pre_first_20ms,129.8625,149.8625,0.33,0.0,0.33,0.0,0.0
mode_without_mn9,0.00625,720575940633333916,early,0.0,180.0,0.0,0.0,0.0,0.0,0.0
mode_without_mn9,0.00625,720575940633333916,later,180.0,1000.0,0.0,0.0,0.0,0.0,0.0
mode_without_mn9,0.00625,720575940633333916,pre_first_20ms,129.9375,149.9375,0.0,0.0,0.0,0.0,0.0
mode_without_mn9,0.00625,720575940615405718,early,0.0,180.0,0.99,0.0,0.99,0.0,0.0
mode_without_mn9,0.00625,720575940615405718,later,180.0,1000.0,2.97,0.0,2.97,0.0,0.0
mode_without_mn9,0.00625,720575940615405718,pre_first_20ms,130.1875,150.1875,0.0,0.0,0.0,0.0,0.0
mode_without_mn9,0.00625,720575940633480860,early,0.0,180.0,2.9699999999999998,0.0,2.9699999999999998,0.0,0.0
mode_without_mn9,0.00625,720575940633480860,later,180.0,1000.0,7.920000000000001,0.0,7.920000000000001,0.0,0.0
mode_without_mn9,0.00625,720575940633480860,pre_first_20ms,130.4125,150.4125,0.0,0.0,0.0,0.0,0.0
mode_without_mn9,0.00625,720575940623781268,early,0.0,180.0,0.0,0.0,0.0,0.0,0.0
mode_without_mn9,0.00625,720575940623781268,later,180.0,1000.0,0.0,0.0,0.0,0.0,0.0
mode_without_mn9,0.00625,720575940623781268,pre_first_20ms,130.63750000000002,150.63750000000002,0.0,0.0,0.0,0.0,0.0
mode_without_mn9,0.00625,720575940624028396,early,0.0,180.0,0.33,0.0,0.33,0.0,0.0
mode_without_mn9,0.00625,720575940624028396,later,180.0,1000.0,0.0,0.0,0.0,0.0,0.0
mode_without_mn9,0.00625,720575940624028396,pre_first_20ms,130.6625,150.6625,0.33,0.0,0.33,0.0,0.0
mode_without_mn9,0.00625,720575940628353018,early,0.0,180.0,12.870000000000001,-0.264,12.870000000000001,-0.264,0.0
mode_without_mn9,0.00625,720575940628353018,later,180.0,1000.0,38.61,0.0,38.61,0.0,0.0
mode_without_mn9,0.00625,720575940628353018,pre_first_20ms,130.725,150.725,0.0,0.0,0.0,0.0,0.0
mode_without_mn9,0.00625,720575940643919908,early,0.0,180.0,11.879999999999999,-44.61600000000001,11.879999999999999,-44.61600000000001,0.0
mode_without_mn9,0.00625,720575940643919908,later,180.0,1000.0,35.64,-198.00000000000003,35.64,-198.00000000000003,0.0
mode_without_mn9,0.00625,720575940643919908,pre_first_20ms,130.77500000000003,150.77500000000003,0.0,-10.032,0.0,-10.032,0.0
mode_without_mn9,0.00625,720575940612302042,early,0.0,180.0,2.97,0.0,2.97,0.0,0.0
mode_without_mn9,0.00625,720575940612302042,later,180.0,1000.0,2.97,0.0,2.97,0.0,0.0
mode_without_mn9,0.00625,720575940612302042,pre_first_20ms,131.02500000000003,151.02500000000003,1.98,0.0,1.98,0.0,0.0
mode_without_mn9,0.00625,720575940628356102,early,0.0,180.0,9.57,-3.4320000000000004,9.57,-3.4320000000000004,0.0
mode_without_mn9,0.00625,720575940628356102,later,180.0,1000.0,32.339999999999996,-13.464000000000004,32.339999999999996,-13.464000000000004,0.0
mode_without_mn9,0.00625,720575940628356102,pre_first_20ms,131.25,151.25,0.99,-0.264,0.99,-0.264,0.0
mode_without_mn9,0.00625,720575940620058537,early,0.0,180.0,0.0,0.0,0.0,0.0,0.0
mode_without_mn9,0.00625,720575940620058537,later,180.0,1000.0,0.0,0.0,0.0,0.0,0.0
mode_without_mn9,0.00625,720575940620058537,pre_first_20ms,131.32500000000002,151.32500000000002,0.0,0.0,0.0,0.0,0.0
mode_without_mn9,0.00625,720575940615974868,early,0.0,180.0,0.0,0.0,0.0,0.0,0.0
mode_without_mn9,0.00625,720575940615974868,later,180.0,1000.0,0.0,0.0,0.0,0.0,0.0
mode_without_mn9,0.00625,720575940615974868,pre_first_20ms,131.3375,151.3375,0.0,0.0,0.0,0.0,0.0
mode_without_mn9,0.00625,720575940639007395,early,0.0,180.0,9.899999999999999,0.0,9.899999999999999,0.0,0.0
mode_without_mn9,0.00625,720575940639007395,later,180.0,1000.0,29.040000000000003,0.0,29.040000000000003,0.0,0.0
mode_without_mn9,0.00625,720575940639007395,pre_first_20ms,131.7,151.7,0.66,0.0,0.66,0.0,0.0
mode_without_mn9,0.00625,720575940620380449,early,0.0,180.0,0.0,-84.74399999999999,0.0,-84.74399999999999,0.0
mode_without_mn9,0.00625,720575940620380449,later,180.0,1000.0,0.0,-386.75999999999993,0.0,-386.75999999999993,0.0
mode_without_mn9,0.00625,720575940620380449,pre_first_20ms,132.06250000000003,152.06250000000003,0.0,-9.504,0.0,-9.504,0.0
mode_without_mn9,0.00625,720575940659709569,early,0.0,180.0,40.92,-1.056,40.92,-1.056,0.0
mode_without_mn9,0.00625,720575940659709569,later,180.0,1000.0,165.00000000000003,-86.856,165.00000000000003,-86.856,0.0
mode_without_mn9,0.00625,720575940659709569,pre_first_20ms,132.2125,152.2125,7.590000000000001,0.0,7.590000000000001,0.0,0.0
mode_without_mn9,0.00625,720575940627422982,early,0.0,180.0,0.0,0.0,0.0,0.0,0.0
mode_without_mn9,0.00625,720575940627422982,later,180.0,1000.0,0.0,0.0,0.0,0.0,0.0
mode_without_mn9,0.00625,720575940627422982,pre_first_20ms,132.3625,152.3625,0.0,0.0,0.0,0.0,0.0
mode_without_mn9,0.00625,720575940630190295,early,0.0,180.0,63.69000000000001,-135.96000000000004,63.69000000000001,-135.96000000000004,0.0
mode_without_mn9,0.00625,720575940630190295,later,180.0,1000.0,245.19,-605.0880000000001,245.19,-605.0880000000001,0.0
mode_without_mn9,0.00625,720575940630190295,pre_first_20ms,132.5875,152.5875,14.850000000000001,-29.832000000000004,14.850000000000001,-29.832000000000004,0.0
mode_without_mn9,0.00625,720575940642617544,early,0.0,180.0,12.870000000000001,0.0,12.870000000000001,0.0,0.0
mode_without_mn9,0.00625,720575940642617544,later,180.0,1000.0,35.64,0.0,35.64,0.0,0.0
mode_without_mn9,0.00625,720575940642617544,pre_first_20ms,132.7125,152.7125,0.99,0.0,0.99,0.0,0.0
mode_without_mn9,0.00625,720575940612033253,early,0.0,180.0,134.97,-15.840000000000002,134.97,-15.840000000000002,0.0
mode_without_mn9,0.00625,720575940612033253,later,180.0,1000.0,623.7000000000002,-65.47200000000002,623.7000000000002,-65.47200000000002,0.0
mode_without_mn9,0.00625,720575940612033253,pre_first_20ms,132.725,152.725,33.99,-2.64,33.99,-2.64,0.0
mode_without_mn9,0.00625,720575940638460998,early,0.0,180.0,3.96,-114.57600000000002,3.96,-114.57600000000002,0.0
mode_without_mn9,0.00625,720575940638460998,later,180.0,1000.0,12.21,-511.632,12.21,-511.632,0.0
mode_without_mn9,0.00625,720575940638460998,pre_first_20ms,133.375,153.375,0.99,-14.256,0.99,-14.256,0.0
mode_without_mn9,0.00625,720575940619797488,early,0.0,180.0,0.0,0.0,0.0,0.0,0.0
mode_without_mn9,0.00625,720575940619797488,later,180.0,1000.0,0.0,0.0,0.0,0.0,0.0
mode_without_mn9,0.00625,720575940619797488,pre_first_20ms,133.425,153.425,0.0,0.0,0.0,0.0,0.0
mode_without_mn9,0.00625,720575940639410291,early,0.0,180.0,0.0,0.0,0.0,0.0,0.0
mode_without_mn9,0.00625,720575940639410291,later,180.0,1000.0,0.0,0.0,0.0,0.0,0.0
mode_without_mn9,0.00625,720575940639410291,pre_first_20ms,133.53750000000002,153.53750000000002,0.0,0.0,0.0,0.0,0.0
mode_without_mn9,0.00625,720575940615438495,early,0.0,180.0,0.0,-0.264,0.0,-0.264,0.0
mode_without_mn9,0.00625,720575940615438495,later,180.0,1000.0,0.0,0.0,0.0,0.0,0.0
mode_without_mn9,0.00625,720575940615438495,pre_first_20ms,133.75,153.75,0.0,0.0,0.0,0.0,0.0
mode_without_mn9,0.00625,720575940627096957,early,0.0,180.0,2.64,-49.36800000000001,2.64,-49.36800000000001,0.0
mode_without_mn9,0.00625,720575940627096957,later,180.0,1000.0,9.9,-243.408,9.9,-243.408,0.0
mode_without_mn9,0.00625,720575940627096957,pre_first_20ms,133.775,153.775,0.33,-8.712000000000002,0.33,-8.712000000000002,0.0
mode_without_mn9,0.00625,720575940623860202,early,0.0,180.0,120.77999999999999,-140.44800000000004,120.77999999999999,-140.44800000000004,0.0
mode_without_mn9,0.00625,720575940623860202,later,180.0,1000.0,489.38999999999993,-647.5920000000001,489.38999999999993,-647.5920000000001,0.0
mode_without_mn9,0.00625,720575940623860202,pre_first_20ms,133.9125,153.9125,38.94,-27.984000000000005,38.94,-27.984000000000005,0.0
mode_without_mn9,0.00625,720575940621215169,early,0.0,180.0,1.98,-0.264,1.98,-0.264,0.0
mode_without_mn9,0.00625,720575940621215169,later,180.0,1000.0,5.94,0.0,5.94,0.0,0.0
mode_without_mn9,0.00625,720575940621215169,pre_first_20ms,134.13750000000002,154.13750000000002,0.0,0.0,0.0,0.0,0.0
mode_without_mn9,0.00625,720575940608429835,early,0.0,180.0,3.96,0.0,3.96,0.0,0.0
mode_without_mn9,0.00625,720575940608429835,later,180.0,1000.0,11.88,0.0,11.88,0.0,0.0
mode_without_mn9,0.00625,720575940608429835,pre_first_20ms,134.5,154.5,0.0,0.0,0.0,0.0,0.0
mode_without_mn9,0.00625,720575940629171447,early,0.0,180.0,1.98,-0.792,1.98,-0.792,0.0
mode_without_mn9,0.00625,720575940629171447,later,180.0,1000.0,5.94,-2.3760000000000003,5.94,-2.3760000000000003,0.0
mode_without_mn9,0.00625,720575940629171447,pre_first_20ms,134.925,154.925,0.0,0.0,0.0,0.0,0.0
mode_without_mn9,0.00625,720575940636477285,early,0.0,180.0,1.32,-0.264,1.32,-0.264,0.0
mode_without_mn9,0.00625,720575940636477285,later,180.0,1000.0,2.97,-0.792,2.97,-0.792,0.0
mode_without_mn9,0.00625,720575940636477285,pre_first_20ms,135.06250000000003,155.06250000000003,0.0,0.0,0.0,0.0,0.0
mode_without_mn9,0.00625,720575940627605779,early,0.0,180.0,0.0,0.0,0.0,0.0,0.0
mode_without_mn9,0.00625,720575940627605779,later,180.0,1000.0,0.0,0.0,0.0,0.0,0.0
mode_without_mn9,0.00625,720575940627605779,pre_first_20ms,135.2125,155.2125,0.0,0.0,0.0,0.0,0.0
mode_without_mn9,0.00625,720575940620300308,early,0.0,180.0,14.19,-567.0720000000001,14.19,-567.0720000000001,0.0
mode_without_mn9,0.00625,720575940620300308,later,180.0,1000.0,62.37,-2758.5360000000005,62.37,-2758.5360000000005,0.0
mode_without_mn9,0.00625,720575940620300308,pre_first_20ms,135.5375,155.5375,4.29,-105.864,4.29,-105.864,0.0
mode_without_mn9,0.00625,720575940605651633,early,0.0,180.0,0.99,-4.752000000000001,0.99,-4.752000000000001,0.0
mode_without_mn9,0.00625,720575940605651633,later,180.0,1000.0,2.97,-17.952,2.97,-17.952,0.0
mode_without_mn9,0.00625,720575940605651633,pre_first_20ms,135.60000000000002,155.60000000000002,0.0,-0.528,0.0,-0.528,0.0
mode_without_mn9,0.00625,720575940613860147,early,0.0,180.0,0.33,0.0,0.33,0.0,0.0
mode_without_mn9,0.00625,720575940613860147,later,180.0,1000.0,0.0,0.0,0.0,0.0,0.0
mode_without_mn9,0.00625,720575940613860147,pre_first_20ms,135.63750000000002,155.63750000000002,0.0,0.0,0.0,0.0,0.0
mode_without_mn9,0.00625,720575940622400648,early,0.0,180.0,5.28,-0.792,5.28,-0.792,0.0
mode_without_mn9,0.00625,720575940622400648,later,180.0,1000.0,19.8,-0.792,19.8,-0.792,0.0
mode_without_mn9,0.00625,720575940622400648,pre_first_20ms,135.6875,155.6875,0.99,0.0,0.99,0.0,0.0
mode_without_mn9,0.00625,720575940623780583,early,0.0,180.0,18.810000000000002,-0.7920000000000001,18.810000000000002,-0.7920000000000001,0.0
mode_without_mn9,0.00625,720575940623780583,later,180.0,1000.0,56.43000000000001,0.0,56.43000000000001,0.0,0.0
mode_without_mn9,0.00625,720575940623780583,pre_first_20ms,135.6875,155.6875,0.0,0.0,0.0,0.0,0.0
mode_without_mn9,0.00625,720575940610711250,early,0.0,180.0,0.99,-0.264,0.99,-0.264,0.0
mode_without_mn9,0.00625,720575940610711250,later,180.0,1000.0,1.32,0.0,1.32,0.0,0.0
mode_without_mn9,0.00625,720575940610711250,pre_first_20ms,135.7625,155.7625,0.0,0.0,0.0,0.0,0.0
mode_without_mn9,0.00625,720575940626620568,early,0.0,180.0,17.82,0.0,17.82,0.0,0.0
mode_without_mn9,0.00625,720575940626620568,later,180.0,1000.0,53.46,0.0,53.46,0.0,0.0
mode_without_mn9,0.00625,720575940626620568,pre_first_20ms,135.7875,155.7875,5.94,0.0,5.94,0.0,0.0
mode_without_mn9,0.00625,720575940611738035,early,0.0,180.0,4.949999999999999,0.0,4.949999999999999,0.0,0.0
mode_without_mn9,0.00625,720575940611738035,later,180.0,1000.0,13.200000000000001,0.0,13.200000000000001,0.0,0.0
mode_without_mn9,0.00625,720575940611738035,pre_first_20ms,136.04999999999998,156.04999999999998,1.65,0.0,1.65,0.0,0.0
mode_without_mn9,0.00625,720575940618853968,early,0.0,180.0,0.0,-1.056,0.0,-1.056,0.0
mode_without_mn9,0.00625,720575940618853968,later,180.0,1000.0,0.0,-3.696,0.0,-3.696,0.0
mode_without_mn9,0.00625,720575940618853968,pre_first_20ms,136.1125,156.1125,0.0,-0.528,0.0,-0.528,0.0
mode_without_mn9,0.00625,720575940629592143,early,0.0,180.0,3.96,-14.520000000000003,3.96,-14.520000000000003,0.0
mode_without_mn9,0.00625,720575940629592143,later,180.0,1000.0,11.88,-62.832000000000015,11.88,-62.832000000000015,0.0
mode_without_mn9,0.00625,720575940629592143,pre_first_20ms,136.275,156.275,0.0,-2.6400000000000006,0.0,-2.6400000000000006,0.0
mode_without_mn9,0.00625,720575940647589172,early,0.0,180.0,0.0,-7.128,0.0,-7.128,0.0
mode_without_mn9,0.00625,720575940647589172,later,180.0,1000.0,0.0,-36.96000000000001,0.0,-36.96000000000001,0.0
mode_without_mn9,0.00625,720575940647589172,pre_first_20ms,136.7625,156.7625,0.0,-2.3760000000000003,0.0,-2.3760000000000003,0.0
mode_without_mn9,0.00625,720575940624055614,early,0.0,180.0,0.33,0.0,0.33,0.0,0.0
mode_without_mn9,0.00625,720575940624055614,later,180.0,1000.0,0.0,0.0,0.0,0.0,0.0
mode_without_mn9,0.00625,720575940624055614,pre_first_20ms,136.9625,156.9625,0.0,0.0,0.0,0.0,0.0
mode_without_mn9,0.00625,720575940623649097,early,0.0,180.0,0.0,0.0,0.0,0.0,0.0
mode_without_mn9,0.00625,720575940623649097,later,180.0,1000.0,0.0,0.0,0.0,0.0,0.0
mode_without_mn9,0.00625,720575940623649097,pre_first_20ms,137.175,157.175,0.0,0.0,0.0,0.0,0.0
mode_without_mn9,0.00625,720575940621426300,early,0.0,180.0,0.0,0.0,0.0,0.0,0.0
mode_without_mn9,0.00625,720575940621426300,later,180.0,1000.0,0.0,0.0,0.0,0.0,0.0
mode_without_mn9,0.00625,720575940621426300,pre_first_20ms,137.225,157.225,0.0,0.0,0.0,0.0,0.0
mode_without_mn9,0.00625,720575940639542691,early,0.0,180.0,78.53999999999999,-3.4320000000000004,78.53999999999999,-3.4320000000000004,0.0
mode_without_mn9,0.00625,720575940639542691,later,180.0,1000.0,212.18999999999997,-13.200000000000003,212.18999999999997,-13.200000000000003,0.0
mode_without_mn9,0.00625,720575940639542691,pre_first_20ms,137.275,157.275,22.77,-1.8480000000000003,22.77,-1.8480000000000003,0.0
mode_without_mn9,0.00625,720575940630913221,early,0.0,180.0,0.0,-0.792,0.0,-0.792,0.0
mode_without_mn9,0.00625,720575940630913221,later,180.0,1000.0,0.0,-2.3760000000000003,0.0,-2.3760000000000003,0.0
mode_without_mn9,0.00625,720575940630913221,pre_first_20ms,137.4375,157.4375,0.0,0.0,0.0,0.0,0.0
mode_without_mn9,0.00625,720575940620301677,early,0.0,180.0,0.33,0.0,0.33,0.0,0.0
mode_without_mn9,0.00625,720575940620301677,later,180.0,1000.0,0.0,0.0,0.0,0.0,0.0
mode_without_mn9,0.00625,720575940620301677,pre_first_20ms,137.5375,157.5375,0.0,0.0,0.0,0.0,0.0
mode_without_mn9,0.00625,720575940610649208,early,0.0,180.0,16.17,0.0,16.17,0.0,0.0
mode_without_mn9,0.00625,720575940610649208,later,180.0,1000.0,49.83,0.0,49.83,0.0,0.0
mode_without_mn9,0.00625,720575940610649208,pre_first_20ms,137.60000000000002,157.60000000000002,0.66,0.0,0.66,0.0,0.0
mode_without_mn9,0.00625,720575940625993817,early,0.0,180.0,11.55,0.0,11.55,0.0,0.0
mode_without_mn9,0.00625,720575940625993817,later,180.0,1000.0,32.669999999999995,0.0,32.669999999999995,0.0,0.0
mode_without_mn9,0.00625,720575940625993817,pre_first_20ms,137.8375,157.8375,0.0,0.0,0.0,0.0,0.0
mode_without_mn9,0.00625,720575940634874266,early,0.0,180.0,2.31,-1.584,2.31,-1.584,0.0
mode_without_mn9,0.00625,720575940634874266,later,180.0,1000.0,10.56,-7.392000000000001,10.56,-7.392000000000001,0.0
mode_without_mn9,0.00625,720575940634874266,pre_first_20ms,137.8375,157.8375,0.66,-0.528,0.66,-0.528,0.0
mode_without_mn9,0.00625,720575940604690278,early,0.0,180.0,17.490000000000002,-153.648,17.490000000000002,-153.648,0.0
mode_without_mn9,0.00625,720575940604690278,later,180.0,1000.0,51.81000000000001,-730.224,51.81000000000001,-730.224,0.0
mode_without_mn9,0.00625,720575940604690278,pre_first_20ms,137.9875,157.9875,0.99,-27.984,0.99,-27.984,0.0
mode_without_mn9,0.00625,720575940624574356,early,0.0,180.0,0.99,-10.032,0.99,-10.032,0.0
mode_without_mn9,0.00625,720575940624574356,later,180.0,1000.0,2.64,-41.448,2.64,-41.448,0.0
mode_without_mn9,0.00625,720575940624574356,pre_first_20ms,138.025,158.025,0.33,-1.056,0.33,-1.056,0.0
mode_without_mn9,0.00625,720575940627204362,early,0.0,180.0,4.29,-170.544,4.29,-170.544,0.0
mode_without_mn9,0.00625,720575940627204362,later,180.0,1000.0,11.88,-857.472,11.88,-857.472,0.0
mode_without_mn9,0.00625,720575940627204362,pre_first_20ms,138.15,158.15,1.6500000000000001,-29.040000000000006,1.6500000000000001,-29.040000000000006,0.0
mode_without_mn9,0.00625,720575940626813010,early,0.0,180.0,0.66,0.0,0.66,0.0,0.0
mode_without_mn9,0.00625,720575940626813010,later,180.0,1000.0,0.0,0.0,0.0,0.0,0.0
mode_without_mn9,0.00625,720575940626813010,pre_first_20ms,138.75,158.75,0.0,0.0,0.0,0.0,0.0
mode_without_mn9,0.00625,720575940623260201,early,0.0,180.0,1.65,-3.168,1.65,-3.168,0.0
mode_without_mn9,0.00625,720575940623260201,later,180.0,1000.0,0.0,-15.047999999999998,0.0,-15.047999999999998,0.0
mode_without_mn9,0.00625,720575940623260201,pre_first_20ms,139.20000000000002,159.20000000000002,0.0,-0.528,0.0,-0.528,0.0
mode_without_mn9,0.00625,720575940605480806,early,0.0,180.0,0.0,-0.264,0.0,-0.264,0.0
mode_without_mn9,0.00625,720575940605480806,later,180.0,1000.0,0.0,0.0,0.0,0.0,0.0
mode_without_mn9,0.00625,720575940605480806,pre_first_20ms,139.275,159.275,0.0,0.0,0.0,0.0,0.0
mode_without_mn9,0.00625,720575940645610787,early,0.0,180.0,12.21,-2.3760000000000003,12.21,-2.3760000000000003,0.0
mode_without_mn9,0.00625,720575940645610787,later,180.0,1000.0,35.64,-7.128,35.64,-7.128,0.0
mode_without_mn9,0.00625,720575940645610787,pre_first_20ms,139.4375,159.4375,3.9600000000000004,0.0,3.9600000000000004,0.0,0.0
mode_without_mn9,0.00625,720575940629095323,early,0.0,180.0,0.33,-6.072000000000001,0.33,-6.072000000000001,0.0
mode_without_mn9,0.00625,720575940629095323,later,180.0,1000.0,0.0,-16.632000000000005,0.0,-16.632000000000005,0.0
mode_without_mn9,0.00625,720575940629095323,pre_first_20ms,139.6875,159.6875,0.0,0.0,0.0,0.0,0.0
mode_without_mn9,0.00625,720575940638225597,early,0.0,180.0,0.33,-0.528,0.33,-0.528,0.0
mode_without_mn9,0.00625,720575940638225597,later,180.0,1000.0,0.0,-1.848,0.0,-1.848,0.0
mode_without_mn9,0.00625,720575940638225597,pre_first_20ms,139.85000000000002,159.85000000000002,0.0,-0.264,0.0,-0.264,0.0
mode_without_mn9,0.00625,720575940624073452,early,0.0,180.0,0.0,0.0,0.0,0.0,0.0
mode_without_mn9,0.00625,720575940624073452,later,180.0,1000.0,0.0,0.0,0.0,0.0,0.0
mode_without_mn9,0.00625,720575940624073452,pre_first_20ms,140.1125,160.1125,0.0,0.0,0.0,0.0,0.0
mode_without_mn9,0.00625,720575940626867530,early,0.0,180.0,16.830000000000002,0.0,16.830000000000002,0.0,0.0
mode_without_mn9,0.00625,720575940626867530,later,180.0,1000.0,50.16,0.0,50.16,0.0,0.0
mode_without_mn9,0.00625,720575940626867530,pre_first_20ms,140.325,160.325,0.33,0.0,0.33,0.0,0.0
mode_without_mn9,0.00625,720575940633771033,early,0.0,180.0,1.98,0.0,1.98,0.0,0.0
mode_without_mn9,0.00625,720575940633771033,later,180.0,1000.0,6.6,0.0,6.6,0.0,0.0
mode_without_mn9,0.00625,720575940633771033,pre_first_20ms,140.62500000000003,160.62500000000003,0.0,0.0,0.0,0.0,0.0
mode_without_mn9,0.00625,720575940637982552,early,0.0,180.0,0.0,0.0,0.0,0.0,0.0
mode_without_mn9,0.00625,720575940637982552,later,180.0,1000.0,0.0,0.0,0.0,0.0,0.0
mode_without_mn9,0.00625,720575940637982552,pre_first_20ms,140.65,160.65,0.0,0.0,0.0,0.0,0.0
mode_without_mn9,0.00625,720575940631457347,early,0.0,180.0,1.98,0.0,1.98,0.0,0.0
mode_without_mn9,0.00625,720575940631457347,later,180.0,1000.0,5.94,0.0,5.94,0.0,0.0
mode_without_mn9,0.00625,720575940631457347,pre_first_20ms,141.3125,161.3125,0.33,0.0,0.33,0.0,0.0
mode_without_mn9,0.00625,720575940622201046,early,0.0,180.0,0.66,-0.7920000000000001,0.66,-0.7920000000000001,0.0
mode_without_mn9,0.00625,720575940622201046,later,180.0,1000.0,0.0,0.0,0.0,0.0,0.0
mode_without_mn9,0.00625,720575940622201046,pre_first_20ms,141.55,161.55,0.0,0.0,0.0,0.0,0.0
mode_without_mn9,0.00625,720575940622518197,early,0.0,180.0,0.0,-1.056,0.0,-1.056,0.0
mode_without_mn9,0.00625,720575940622518197,later,180.0,1000.0,0.0,-2.6400000000000006,0.0,-2.6400000000000006,0.0
mode_without_mn9,0.00625,720575940622518197,pre_first_20ms,142.075,162.075,0.0,-0.528,0.0,-0.528,0.0
mode_without_mn9,0.00625,720575940635120491,early,0.0,180.0,5.609999999999999,-1.056,5.609999999999999,-1.056,0.0
mode_without_mn9,0.00625,720575940635120491,later,180.0,1000.0,14.850000000000001,-1.584,14.850000000000001,-1.584,0.0
mode_without_mn9,0.00625,720575940635120491,pre_first_20ms,142.275,162.275,1.32,0.0,1.32,0.0,0.0
mode_without_mn9,0.00625,720575940630294138,early,0.0,180.0,48.18,-134.376,48.18,-134.376,0.0
mode_without_mn9,0.00625,720575940630294138,later,180.0,1000.0,152.46000000000004,-615.912,152.46000000000004,-615.912,0.0
mode_without_mn9,0.00625,720575940630294138,pre_first_20ms,142.3,162.3,5.28,-27.456000000000003,5.28,-27.456000000000003,0.0
mode_without_mn9,0.00625,720575940636970096,early,0.0,180.0,2.64,-1.32,2.64,-1.32,0.0
mode_without_mn9,0.00625,720575940636970096,later,180.0,1000.0,8.58,-1.584,8.58,-1.584,0.0
mode_without_mn9,0.00625,720575940636970096,pre_first_20ms,142.7375,162.7375,0.33,-0.264,0.33,-0.264,0.0
mode_without_mn9,0.00625,720575940622957064,early,0.0,180.0,0.33,-7.392,0.33,-7.392,0.0
mode_without_mn9,0.00625,720575940622957064,later,180.0,1000.0,1.32,-30.36,1.32,-30.36,0.0
mode_without_mn9,0.00625,720575940622957064,pre_first_20ms,142.87500000000003,162.87500000000003,0.0,-1.848,0.0,-1.848,0.0
mode_without_mn9,0.00625,720575940621363421,early,0.0,180.0,26.400000000000002,-1.056,26.400000000000002,-1.056,0.0
mode_without_mn9,0.00625,720575940621363421,later,180.0,1000.0,89.43,0.0,89.43,0.0,0.0
mode_without_mn9,0.00625,720575940621363421,pre_first_20ms,142.9875,162.9875,4.95,0.0,4.95,0.0,0.0
mode_without_mn9,0.00625,720575940625786493,early,0.0,180.0,2.97,-0.264,2.97,-0.264,0.0
mode_without_mn9,0.00625,720575940625786493,later,180.0,1000.0,8.58,0.0,8.58,0.0,0.0
mode_without_mn9,0.00625,720575940625786493,pre_first_20ms,143.0,163.0,0.66,0.0,0.66,0.0,0.0
mode_without_mn9,0.00625,720575940630738263,early,0.0,180.0,4.62,0.0,4.62,0.0,0.0
mode_without_mn9,0.00625,720575940630738263,later,180.0,1000.0,11.88,0.0,11.88,0.0,0.0
mode_without_mn9,0.00625,720575940630738263,pre_first_20ms,143.0875,163.0875,0.33,0.0,0.33,0.0,0.0
mode_without_mn9,0.00625,720575940612542742,early,0.0,180.0,5.61,-2.3760000000000003,5.61,-2.3760000000000003,0.0
mode_without_mn9,0.00625,720575940612542742,later,180.0,1000.0,8.91,-7.128,8.91,-7.128,0.0
mode_without_mn9,0.00625,720575940612542742,pre_first_20ms,143.47500000000002,163.47500000000002,0.99,0.0,0.99,0.0,0.0
mode_without_mn9,0.00625,720575940617296029,early,0.0,180.0,147.51,-10.560000000000002,147.51,-10.560000000000002,0.0
mode_without_mn9,0.00625,720575940617296029,later,180.0,1000.0,607.53,-46.46399999999999,607.53,-46.46399999999999,0.0
mode_without_mn9,0.00625,720575940617296029,pre_first_20ms,143.7375,163.7375,25.739999999999995,-3.168,25.739999999999995,-3.168,0.0
mode_without_mn9,0.00625,720575940627312104,early,0.0,180.0,4.29,0.0,4.29,0.0,0.0
mode_without_mn9,0.00625,720575940627312104,later,180.0,1000.0,8.25,0.0,8.25,0.0,0.0
mode_without_mn9,0.00625,720575940627312104,pre_first_20ms,143.87500000000003,163.87500000000003,1.98,0.0,1.98,0.0,0.0
mode_without_mn9,0.00625,720575940627673585,early,0.0,180.0,1.6500000000000001,-0.264,1.6500000000000001,-0.264,0.0
mode_without_mn9,0.00625,720575940627673585,later,180.0,1000.0,2.64,0.0,2.64,0.0,0.0
mode_without_mn9,0.00625,720575940627673585,pre_first_20ms,143.9625,163.9625,0.33,0.0,0.33,0.0,0.0
mode_without_mn9,0.00625,720575940630480581,early,0.0,180.0,8.91,0.0,8.91,0.0,0.0
mode_without_mn9,0.00625,720575940630480581,later,180.0,1000.0,26.4,0.0,26.4,0.0,0.0
mode_without_mn9,0.00625,720575940630480581,pre_first_20ms,144.41250000000002,164.41250000000002,2.97,0.0,2.97,0.0,0.0
mode_without_mn9,0.00625,720575940621159094,early,0.0,180.0,1.6500000000000001,0.0,1.6500000000000001,0.0,0.0
mode_without_mn9,0.00625,720575940621159094,later,180.0,1000.0,4.29,0.0,4.29,0.0,0.0
mode_without_mn9,0.00625,720575940621159094,pre_first_20ms,144.5,164.5,0.33,0.0,0.33,0.0,0.0
mode_without_mn9,0.00625,720575940626135122,early,0.0,180.0,0.33,0.0,0.33,0.0,0.0
mode_without_mn9,0.00625,720575940626135122,later,180.0,1000.0,0.0,0.0,0.0,0.0,0.0
mode_without_mn9,0.00625,720575940626135122,pre_first_20ms,144.70000000000002,164.70000000000002,0.0,0.0,0.0,0.0,0.0
mode_without_mn9,0.00625,720575940616792577,early,0.0,180.0,0.66,0.0,0.66,0.0,0.0
mode_without_mn9,0.00625,720575940616792577,later,180.0,1000.0,0.0,0.0,0.0,0.0,0.0
mode_without_mn9,0.00625,720575940616792577,pre_first_20ms,144.9875,164.9875,0.0,0.0,0.0,0.0,0.0
mode_without_mn9,0.00625,720575940605419622,early,0.0,180.0,4.62,-0.264,4.62,-0.264,0.0
mode_without_mn9,0.00625,720575940605419622,later,180.0,1000.0,8.58,0.0,8.58,0.0,0.0
mode_without_mn9,0.00625,720575940605419622,pre_first_20ms,145.01250000000002,165.01250000000002,0.99,0.0,0.99,0.0,0.0
mode_without_mn9,0.00625,720575940637106032,early,0.0,180.0,0.0,-13.200000000000001,0.0,-13.200000000000001,0.0
mode_without_mn9,0.00625,720575940637106032,later,180.0,1000.0,0.0,-51.216,0.0,-51.216,0.0
mode_without_mn9,0.00625,720575940637106032,pre_first_20ms,145.3375,165.3375,0.0,-3.9600000000000004,0.0,-3.9600000000000004,0.0
mode_without_mn9,0.00625,720575940632876223,early,0.0,180.0,0.33,0.0,0.33,0.0,0.0
mode_without_mn9,0.00625,720575940632876223,later,180.0,1000.0,0.0,0.0,0.0,0.0,0.0
mode_without_mn9,0.00625,720575940632876223,pre_first_20ms,145.425,165.425,0.0,0.0,0.0,0.0,0.0
mode_without_mn9,0.00625,720575940634274458,early,0.0,180.0,0.0,0.0,0.0,0.0,0.0
mode_without_mn9,0.00625,720575940634274458,later,180.0,1000.0,0.0,0.0,0.0,0.0,0.0
mode_without_mn9,0.00625,720575940634274458,pre_first_20ms,145.5375,165.5375,0.0,0.0,0.0,0.0,0.0
mode_without_mn9,0.00625,720575940632542253,early,0.0,180.0,0.0,0.0,0.0,0.0,0.0
mode_without_mn9,0.00625,720575940632542253,later,180.0,1000.0,0.0,0.0,0.0,0.0,0.0
mode_without_mn9,0.00625,720575940632542253,pre_first_20ms,145.675,165.675,0.0,0.0,0.0,0.0,0.0
mode_without_mn9,0.00625,720575940629731579,early,0.0,180.0,0.0,0.0,0.0,0.0,0.0
mode_without_mn9,0.00625,720575940629731579,later,180.0,1000.0,0.0,0.0,0.0,0.0,0.0
mode_without_mn9,0.00625,720575940629731579,pre_first_20ms,145.72500000000002,165.72500000000002,0.0,0.0,0.0,0.0,0.0
mode_without_mn9,0.00625,720575940645264750,early,0.0,180.0,1.98,-1.056,1.98,-1.056,0.0
mode_without_mn9,0.00625,720575940645264750,later,180.0,1000.0,3.9600000000000004,-2.3760000000000003,3.9600000000000004,-2.3760000000000003,0.0
mode_without_mn9,0.00625,720575940645264750,pre_first_20ms,145.86249999999998,165.86249999999998,0.33,-0.264,0.33,-0.264,0.0
mode_without_mn9,0.00625,720575940622025548,early,0.0,180.0,0.0,0.0,0.0,0.0,0.0
mode_without_mn9,0.00625,720575940622025548,later,180.0,1000.0,0.0,0.0,0.0,0.0,0.0
mode_without_mn9,0.00625,720575940622025548,pre_first_20ms,146.0375,166.0375,0.0,0.0,0.0,0.0,0.0
mode_without_mn9,0.00625,720575940632305951,early,0.0,180.0,0.0,0.0,0.0,0.0,0.0
mode_without_mn9,0.00625,720575940632305951,later,180.0,1000.0,0.0,0.0,0.0,0.0,0.0
mode_without_mn9,0.00625,720575940632305951,pre_first_20ms,146.5,166.5,0.0,0.0,0.0,0.0,0.0
mode_without_mn9,0.00625,720575940614412906,early,0.0,180.0,66.33,-113.25600000000001,66.33,-113.25600000000001,0.0
mode_without_mn9,0.00625,720575940614412906,later,180.0,1000.0,197.01000000000002,-403.92,197.01000000000002,-403.92,0.0
mode_without_mn9,0.00625,720575940614412906,pre_first_20ms,146.66250000000002,166.66250000000002,22.11,-25.872000000000003,22.11,-25.872000000000003,0.0
mode_without_mn9,0.00625,720575940630169660,early,0.0,180.0,11.879999999999999,0.0,11.879999999999999,0.0,0.0
mode_without_mn9,0.00625,720575940630169660,later,180.0,1000.0,35.64,0.0,35.64,0.0,0.0
mode_without_mn9,0.00625,720575940630169660,pre_first_20ms,146.72500000000002,166.72500000000002,3.96,0.0,3.96,0.0,0.0
mode_without_mn9,0.00625,720575940636479863,early,0.0,180.0,22.77,-3.432,22.77,-3.432,0.0
mode_without_mn9,0.00625,720575940636479863,later,180.0,1000.0,98.01000000000002,-15.311999999999998,98.01000000000002,-15.311999999999998,0.0
mode_without_mn9,0.00625,720575940636479863,pre_first_20ms,146.76250000000002,166.76250000000002,5.28,-0.264,5.28,-0.264,0.0
mode_without_mn9,0.00625,720575940619409542,early,0.0,180.0,0.33,0.0,0.33,0.0,0.0
mode_without_mn9,0.00625,720575940619409542,later,180.0,1000.0,0.0,0.0,0.0,0.0,0.0
mode_without_mn9,0.00625,720575940619409542,pre_first_20ms,146.7875,166.7875,0.0,0.0,0.0,0.0,0.0
mode_without_mn9,0.00625,720575940611502309,early,0.0,180.0,0.66,0.0,0.66,0.0,0.0
mode_without_mn9,0.00625,720575940611502309,later,180.0,1000.0,0.0,0.0,0.0,0.0,0.0
mode_without_mn9,0.00625,720575940611502309,pre_first_20ms,146.8,166.8,0.0,0.0,0.0,0.0,0.0
mode_without_mn9,0.00625,720575940606865330,early,0.0,180.0,19.47,-21.912000000000003,19.47,-21.912000000000003,0.0
mode_without_mn9,0.00625,720575940606865330,later,180.0,1000.0,65.66999999999999,-110.08800000000001,65.66999999999999,-110.08800000000001,0.0
mode_without_mn9,0.00625,720575940606865330,pre_first_20ms,146.9625,166.9625,4.95,-4.488,4.95,-4.488,0.0
mode_without_mn9,0.00625,720575940621866108,early,0.0,180.0,0.0,0.0,0.0,0.0,0.0
mode_without_mn9,0.00625,720575940621866108,later,180.0,1000.0,0.0,0.0,0.0,0.0,0.0
mode_without_mn9,0.00625,720575940621866108,pre_first_20ms,147.0875,167.0875,0.0,0.0,0.0,0.0,0.0
mode_without_mn9,0.00625,720575940612213741,early,0.0,180.0,102.63000000000001,-34.848,102.63000000000001,-34.848,0.0
mode_without_mn9,0.00625,720575940612213741,later,180.0,1000.0,418.44000000000005,-117.216,418.44000000000005,-117.216,0.0
mode_without_mn9,0.00625,720575940612213741,pre_first_20ms,147.2375,167.2375,14.850000000000001,-8.448,14.850000000000001,-8.448,0.0
mode_without_mn9,0.00625,720575940629836343,early,0.0,180.0,0.99,-0.792,0.99,-0.792,0.0
mode_without_mn9,0.00625,720575940629836343,later,180.0,1000.0,0.0,-1.584,0.0,-1.584,0.0
mode_without_mn9,0.00625,720575940629836343,pre_first_20ms,147.40000000000003,167.40000000000003,0.0,-0.264,0.0,-0.264,0.0
mode_without_mn9,0.00625,720575940621961242,early,0.0,180.0,1.32,0.0,1.32,0.0,0.0
mode_without_mn9,0.00625,720575940621961242,later,180.0,1000.0,2.97,0.0,2.97,0.0,0.0
mode_without_mn9,0.00625,720575940621961242,pre_first_20ms,147.675,167.675,0.33,0.0,0.33,0.0,0.0
mode_without_mn9,0.00625,720575940603587500,early,0.0,180.0,0.33,0.0,0.33,0.0,0.0
mode_without_mn9,0.00625,720575940603587500,later,180.0,1000.0,0.0,0.0,0.0,0.0,0.0
mode_without_mn9,0.00625,720575940603587500,pre_first_20ms,148.41250000000002,168.41250000000002,0.0,0.0,0.0,0.0,0.0
mode_without_mn9,0.00625,720575940618522673,early,0.0,180.0,19.8,-1.056,19.8,-1.056,0.0
mode_without_mn9,0.00625,720575940618522673,later,180.0,1000.0,64.68,0.0,64.68,0.0,0.0
mode_without_mn9,0.00625,720575940618522673,pre_first_20ms,148.5,168.5,0.66,-1.056,0.66,-1.056,0.0
mode_without_mn9,0.00625,720575940638808448,early,0.0,180.0,0.66,0.0,0.66,0.0,0.0
mode_without_mn9,0.00625,720575940638808448,later,180.0,1000.0,0.0,0.0,0.0,0.0,0.0
mode_without_mn9,0.00625,720575940638808448,pre_first_20ms,148.65,168.65,0.0,0.0,0.0,0.0,0.0
mode_without_mn9,0.00625,720575940608351324,early,0.0,180.0,0.33,0.0,0.33,0.0,0.0
mode_without_mn9,0.00625,720575940608351324,later,180.0,1000.0,0.0,0.0,0.0,0.0,0.0
mode_without_mn9,0.00625,720575940608351324,pre_first_20ms,148.8125,168.8125,0.0,0.0,0.0,0.0,0.0
mode_without_mn9,0.00625,720575940618626171,early,0.0,180.0,1.6500000000000001,0.0,1.6500000000000001,0.0,0.0
mode_without_mn9,0.00625,720575940618626171,later,180.0,1000.0,2.97,0.0,2.97,0.0,0.0
mode_without_mn9,0.00625,720575940618626171,pre_first_20ms,148.8375,168.8375,0.33,0.0,0.33,0.0,0.0
mode_without_mn9,0.00625,720575940627982332,early,0.0,180.0,0.0,0.0,0.0,0.0,0.0
mode_without_mn9,0.00625,720575940627982332,later,180.0,1000.0,0.0,0.0,0.0,0.0,0.0
mode_without_mn9,0.00625,720575940627982332,pre_first_20ms,148.97500000000002,168.97500000000002,0.0,0.0,0.0,0.0,0.0
mode_without_mn9,0.00625,720575940628962938,early,0.0,180.0,0.0,0.0,0.0,0.0,0.0
mode_without_mn9,0.00625,720575940628962938,later,180.0,1000.0,0.0,0.0,0.0,0.0,0.0
mode_without_mn9,0.00625,720575940628962938,pre_first_20ms,148.97500000000002,168.97500000000002,0.0,0.0,0.0,0.0,0.0
mode_without_mn9,0.00625,720575940630882263,early,0.0,180.0,0.0,-2.112,0.0,-2.112,0.0
mode_without_mn9,0.00625,720575940630882263,later,180.0,1000.0,0.0,-6.864000000000001,0.0,-6.864000000000001,0.0
mode_without_mn9,0.00625,720575940630882263,pre_first_20ms,149.375,169.375,0.0,-1.056,0.0,-1.056,0.0
mode_without_mn9,0.00625,720575940622651869,early,0.0,180.0,2.9699999999999998,-3.168,2.9699999999999998,-3.168,0.0
mode_without_mn9,0.00625,720575940622651869,later,180.0,1000.0,8.91,-9.504000000000001,8.91,-9.504000000000001,0.0
mode_without_mn9,0.00625,720575940622651869,pre_first_20ms,149.43750000000003,169.43750000000003,0.99,-1.056,0.99,-1.056,0.0
mode_without_mn9,0.00625,720575940622811116,early,0.0,180.0,0.0,0.0,0.0,0.0,0.0
mode_without_mn9,0.00625,720575940622811116,later,180.0,1000.0,0.0,0.0,0.0,0.0,0.0
mode_without_mn9,0.00625,720575940622811116,pre_first_20ms,149.97500000000002,169.97500000000002,0.0,0.0,0.0,0.0,0.0
mode_without_mn9,0.00625,720575940621968845,early,0.0,180.0,0.33,-0.792,0.33,-0.792,0.0
mode_without_mn9,0.00625,720575940621968845,later,180.0,1000.0,0.0,-2.3760000000000003,0.0,-2.3760000000000003,0.0
mode_without_mn9,0.00625,720575940621968845,pre_first_20ms,150.07500000000002,170.07500000000002,0.0,-0.264,0.0,-0.264,0.0
mode_without_mn9,0.00625,720575940607386802,early,0.0,180.0,231.00000000000003,-135.16800000000003,231.00000000000003,-135.16800000000003,0.0
mode_without_mn9,0.00625,720575940607386802,later,180.0,1000.0,893.9699999999999,-579.216,893.9699999999999,-579.216,0.0
mode_without_mn9,0.00625,720575940607386802,pre_first_20ms,150.65,170.65,18.150000000000002,-14.784,18.150000000000002,-14.784,0.0
mode_without_mn9,0.00625,720575940622351128,early,0.0,180.0,1.98,-17.424,1.98,-17.424,0.0
mode_without_mn9,0.00625,720575940622351128,later,180.0,1000.0,8.91,-54.91200000000001,8.91,-54.91200000000001,0.0
mode_without_mn9,0.00625,720575940622351128,pre_first_20ms,150.9,170.9,0.0,-1.3200000000000003,0.0,-1.3200000000000003,0.0
mode_without_mn9,0.00625,720575940629056411,early,0.0,180.0,33.0,0.0,33.0,0.0,0.0
mode_without_mn9,0.00625,720575940629056411,later,180.0,1000.0,98.01,0.0,98.01,0.0,0.0
mode_without_mn9,0.00625,720575940629056411,pre_first_20ms,150.9625,170.9625,10.89,0.0,10.89,0.0,0.0
mode_without_mn9,0.00625,720575940623528595,early,0.0,180.0,0.99,0.0,0.99,0.0,0.0
mode_without_mn9,0.00625,720575940623528595,later,180.0,1000.0,2.97,0.0,2.97,0.0,0.0
mode_without_mn9,0.00625,720575940623528595,pre_first_20ms,152.07500000000002,172.07500000000002,0.33,0.0,0.33,0.0,0.0
mode_without_mn9,0.00625,720575940631983277,early,0.0,180.0,0.0,0.0,0.0,0.0,0.0
mode_without_mn9,0.00625,720575940631983277,later,180.0,1000.0,0.0,0.0,0.0,0.0,0.0
mode_without_mn9,0.00625,720575940631983277,pre_first_20ms,152.35,172.35,0.0,0.0,0.0,0.0,0.0
mode_without_mn9,0.00625,720575940619875060,early,0.0,180.0,0.0,0.0,0.0,0.0,0.0
mode_without_mn9,0.00625,720575940619875060,later,180.0,1000.0,0.0,0.0,0.0,0.0,0.0
mode_without_mn9,0.00625,720575940619875060,pre_first_20ms,152.3625,172.3625,0.0,0.0,0.0,0.0,0.0
mode_without_mn9,0.00625,720575940629952300,early,0.0,180.0,0.0,0.0,0.0,0.0,0.0
mode_without_mn9,0.00625,720575940629952300,later,180.0,1000.0,0.0,0.0,0.0,0.0,0.0
mode_without_mn9,0.00625,720575940629952300,pre_first_20ms,152.51250000000002,172.51250000000002,0.0,0.0,0.0,0.0,0.0
mode_without_mn9,0.00625,720575940620828165,early,0.0,180.0,0.0,0.0,0.0,0.0,0.0
mode_without_mn9,0.00625,720575940620828165,later,180.0,1000.0,0.0,0.0,0.0,0.0,0.0
mode_without_mn9,0.00625,720575940620828165,pre_first_20ms,153.42499999999998,173.42499999999998,0.0,0.0,0.0,0.0,0.0
mode_without_mn9,0.00625,720575940634160735,early,0.0,180.0,0.0,0.0,0.0,0.0,0.0
mode_without_mn9,0.00625,720575940634160735,later,180.0,1000.0,0.0,0.0,0.0,0.0,0.0
mode_without_mn9,0.00625,720575940634160735,pre_first_20ms,154.00000000000003,174.00000000000003,0.0,0.0,0.0,0.0,0.0
mode_without_mn9,0.00625,720575940614461014,early,0.0,180.0,10.89,-225.984,10.89,-225.984,0.0
mode_without_mn9,0.00625,720575940614461014,later,180.0,1000.0,32.67,-988.68,32.67,-988.68,0.0
mode_without_mn9,0.00625,720575940614461014,pre_first_20ms,154.1,174.1,3.6300000000000003,-11.352,3.6300000000000003,-11.352,0.0
mode_without_mn9,0.00625,720575940635723662,early,0.0,180.0,0.0,0.0,0.0,0.0,0.0
mode_without_mn9,0.00625,720575940635723662,later,180.0,1000.0,0.0,0.0,0.0,0.0,0.0
mode_without_mn9,0.00625,720575940635723662,pre_first_20ms,154.4125,174.4125,0.0,0.0,0.0,0.0,0.0
mode_without_mn9,0.00625,720575940617443648,early,0.0,180.0,0.0,-0.792,0.0,-0.792,0.0
mode_without_mn9,0.00625,720575940617443648,later,180.0,1000.0,0.0,-2.3760000000000003,0.0,-2.3760000000000003,0.0
mode_without_mn9,0.00625,720575940617443648,pre_first_20ms,155.35,175.35,0.0,-0.264,0.0,-0.264,0.0
mode_without_mn9,0.00625,720575940625050256,early,0.0,180.0,0.0,-0.792,0.0,-0.792,0.0
mode_without_mn9,0.00625,720575940625050256,later,180.0,1000.0,0.0,-2.904000000000001,0.0,-2.904000000000001,0.0
mode_without_mn9,0.00625,720575940625050256,pre_first_20ms,156.5875,176.5875,0.0,0.0,0.0,0.0,0.0
mode_without_mn9,0.00625,720575940660217985,early,0.0,180.0,0.0,0.0,0.0,0.0,0.0
mode_without_mn9,0.00625,720575940660217985,later,180.0,1000.0,0.0,0.0,0.0,0.0,0.0
mode_without_mn9,0.00625,720575940660217985,pre_first_20ms,156.6625,176.6625,0.0,0.0,0.0,0.0,0.0
mode_without_mn9,0.00625,720575940618715550,early,0.0,180.0,1.98,0.0,1.98,0.0,0.0
mode_without_mn9,0.00625,720575940618715550,later,180.0,1000.0,0.0,0.0,0.0,0.0,0.0
mode_without_mn9,0.00625,720575940618715550,pre_first_20ms,156.71250000000003,176.71250000000003,0.0,0.0,0.0,0.0,0.0
mode_without_mn9,0.00625,720575940620904869,early,0.0,180.0,2.9699999999999998,-7.920000000000001,2.9699999999999998,-7.920000000000001,0.0
mode_without_mn9,0.00625,720575940620904869,later,180.0,1000.0,8.91,-4.224,8.91,-4.224,0.0
mode_without_mn9,0.00625,720575940620904869,pre_first_20ms,156.8625,176.8625,0.99,-6.864000000000001,0.99,-6.864000000000001,0.0
mode_without_mn9,0.00625,720575940622566026,early,0.0,180.0,0.99,0.0,0.99,0.0,0.0
mode_without_mn9,0.00625,720575940622566026,later,180.0,1000.0,0.0,0.0,0.0,0.0,0.0
mode_without_mn9,0.00625,720575940622566026,pre_first_20ms,156.9875,176.9875,0.99,0.0,0.99,0.0,0.0
mode_without_mn9,0.00625,720575940635249332,early,0.0,180.0,0.0,0.0,0.0,0.0,0.0
mode_without_mn9,0.00625,720575940635249332,later,180.0,1000.0,0.0,0.0,0.0,0.0,0.0
mode_without_mn9,0.00625,720575940635249332,pre_first_20ms,157.3375,177.3375,0.0,0.0,0.0,0.0,0.0
mode_without_mn9,0.00625,720575940636143608,early,0.0,180.0,0.0,0.0,0.0,0.0,0.0
mode_without_mn9,0.00625,720575940636143608,later,180.0,1000.0,0.0,0.0,0.0,0.0,0.0
mode_without_mn9,0.00625,720575940636143608,pre_first_20ms,157.55,177.55,0.0,0.0,0.0,0.0,0.0
mode_without_mn9,0.00625,720575940618320674,early,0.0,180.0,58.739999999999995,-119.59200000000001,58.739999999999995,-119.59200000000001,0.0
mode_without_mn9,0.00625,720575940618320674,later,180.0,1000.0,235.61999999999998,-512.1600000000001,235.61999999999998,-512.1600000000001,0.0
mode_without_mn9,0.00625,720575940618320674,pre_first_20ms,157.7375,177.7375,6.27,-13.200000000000003,6.27,-13.200000000000003,0.0
mode_without_mn9,0.00625,720575940618954038,early,0.0,180.0,0.0,0.0,0.0,0.0,0.0
mode_without_mn9,0.00625,720575940618954038,later,180.0,1000.0,0.0,0.0,0.0,0.0,0.0
mode_without_mn9,0.00625,720575940618954038,pre_first_20ms,157.76250000000002,177.76250000000002,0.0,0.0,0.0,0.0,0.0
mode_without_mn9,0.00625,720575940624738121,early,0.0,180.0,0.0,0.0,0.0,0.0,0.0
mode_without_mn9,0.00625,720575940624738121,later,180.0,1000.0,0.0,0.0,0.0,0.0,0.0
mode_without_mn9,0.00625,720575940624738121,pre_first_20ms,157.76250000000002,177.76250000000002,0.0,0.0,0.0,0.0,0.0
mode_without_mn9,0.00625,720575940613894311,early,0.0,180.0,0.0,0.0,0.0,0.0,0.0
mode_without_mn9,0.00625,720575940613894311,later,180.0,1000.0,0.0,0.0,0.0,0.0,0.0
mode_without_mn9,0.00625,720575940613894311,pre_first_20ms,157.775,177.775,0.0,0.0,0.0,0.0,0.0
mode_without_mn9,0.00625,720575940626115134,early,0.0,180.0,0.0,0.0,0.0,0.0,0.0
mode_without_mn9,0.00625,720575940626115134,later,180.0,1000.0,0.0,0.0,0.0,0.0,0.0
mode_without_mn9,0.00625,720575940626115134,pre_first_20ms,157.78750000000002,177.78750000000002,0.0,0.0,0.0,0.0,0.0
mode_without_mn9,0.00625,720575940640955637,early,0.0,180.0,0.0,0.0,0.0,0.0,0.0
mode_without_mn9,0.00625,720575940640955637,later,180.0,1000.0,0.0,0.0,0.0,0.0,0.0
mode_without_mn9,0.00625,720575940640955637,pre_first_20ms,158.1,178.1,0.0,0.0,0.0,0.0,0.0
mode_without_mn9,0.00625,720575940612461461,early,0.0,180.0,0.0,0.0,0.0,0.0,0.0
mode_without_mn9,0.00625,720575940612461461,later,180.0,1000.0,0.0,0.0,0.0,0.0,0.0
mode_without_mn9,0.00625,720575940612461461,pre_first_20ms,158.13750000000002,178.13750000000002,0.0,0.0,0.0,0.0,0.0
mode_without_mn9,0.00625,720575940636241550,early,0.0,180.0,0.0,0.0,0.0,0.0,0.0
mode_without_mn9,0.00625,720575940636241550,later,180.0,1000.0,0.0,0.0,0.0,0.0,0.0
mode_without_mn9,0.00625,720575940636241550,pre_first_20ms,158.2125,178.2125,0.0,0.0,0.0,0.0,0.0
mode_without_mn9,0.00625,720575940612855318,early,0.0,180.0,0.0,0.0,0.0,0.0,0.0
mode_without_mn9,0.00625,720575940612855318,later,180.0,1000.0,0.0,0.0,0.0,0.0,0.0
mode_without_mn9,0.00625,720575940612855318,pre_first_20ms,158.60000000000002,178.60000000000002,0.0,0.0,0.0,0.0,0.0
mode_without_mn9,0.00625,720575940614944977,early,0.0,180.0,0.0,0.0,0.0,0.0,0.0
mode_without_mn9,0.00625,720575940614944977,later,180.0,1000.0,0.0,0.0,0.0,0.0,0.0
mode_without_mn9,0.00625,720575940614944977,pre_first_20ms,158.625,178.625,0.0,0.0,0.0,0.0,0.0
mode_without_mn9,0.00625,720575940632812575,early,0.0,180.0,0.0,0.0,0.0,0.0,0.0
mode_without_mn9,0.00625,720575940632812575,later,180.0,1000.0,0.0,0.0,0.0,0.0,0.0
mode_without_mn9,0.00625,720575940632812575,pre_first_20ms,158.8,178.8,0.0,0.0,0.0,0.0,0.0
mode_without_mn9,0.00625,720575940621781492,early,0.0,180.0,0.33,-118.53600000000003,0.33,-118.53600000000003,0.0
mode_without_mn9,0.00625,720575940621781492,later,180.0,1000.0,0.0,-7.920000000000001,0.0,-7.920000000000001,0.0
mode_without_mn9,0.00625,720575940621781492,pre_first_20ms,158.8625,178.8625,0.0,0.0,0.0,0.0,0.0
mode_without_mn9,0.00625,720575940623955637,early,0.0,180.0,0.0,0.0,0.0,0.0,0.0
mode_without_mn9,0.00625,720575940623955637,later,180.0,1000.0,0.0,0.0,0.0,0.0,0.0
mode_without_mn9,0.00625,720575940623955637,pre_first_20ms,158.925,178.925,0.0,0.0,0.0,0.0,0.0
mode_without_mn9,0.00625,720575940617952034,early,0.0,180.0,0.99,-7.920000000000001,0.99,-7.920000000000001,0.0
mode_without_mn9,0.00625,720575940617952034,later,180.0,1000.0,4.62,-34.84800000000001,4.62,-34.84800000000001,0.0
mode_without_mn9,0.00625,720575940617952034,pre_first_20ms,159.00000000000003,179.00000000000003,0.0,-1.056,0.0,-1.056,0.0
mode_without_mn9,0.00625,720575940623942280,early,0.0,180.0,0.0,0.0,0.0,0.0,0.0
mode_without_mn9,0.00625,720575940623942280,later,180.0,1000.0,0.0,0.0,0.0,0.0,0.0
mode_without_mn9,0.00625,720575940623942280,pre_first_20ms,159.0625,179.0625,0.0,0.0,0.0,0.0,0.0
mode_without_mn9,0.00625,720575940644362788,early,0.0,180.0,0.0,0.0,0.0,0.0,0.0
mode_without_mn9,0.00625,720575940644362788,later,180.0,1000.0,0.0,0.0,0.0,0.0,0.0
mode_without_mn9,0.00625,720575940644362788,pre_first_20ms,159.26250000000002,179.26250000000002,0.0,0.0,0.0,0.0,0.0
mode_without_mn9,0.00625,720575940628577897,early,0.0,180.0,0.0,-5.280000000000001,0.0,-5.280000000000001,0.0
mode_without_mn9,0.00625,720575940628577897,later,180.0,1000.0,0.0,-17.424000000000003,0.0,-17.424000000000003,0.0
mode_without_mn9,0.00625,720575940628577897,pre_first_20ms,159.57500000000002,179.57500000000002,0.0,0.0,0.0,0.0,0.0
mode_without_mn9,0.00625,720575940622755978,early,0.0,180.0,0.0,0.0,0.0,0.0,0.0
mode_without_mn9,0.00625,720575940622755978,later,180.0,1000.0,0.0,0.0,0.0,0.0,0.0
mode_without_mn9,0.00625,720575940622755978,pre_first_20ms,159.63750000000002,179.63750000000002,0.0,0.0,0.0,0.0,0.0
