supervoxel_id	root_id	pos_x	pos_y	pos_z	soma_x	soma_y	soma_z	nucleus_id	flow	super_class	cell_class	cell_sub_class	supertype	cell_type	hemibrain_type	ito_lee_hemilineage	hartenstein_hemilineage	top_nt	top_nt_conf	known_nt	known_nt_source	side	nerve	vfb_id	fbbt_id	status	dimorphism	matching_notes	fru_dsx	synonyms
83038417000648487	720575940636646392	180448.0	55120.0	3000.0	180448.0	55120.0	3000.0	7396783.0	intrinsic	visual_projection				LC28b	LC28a,LC28b			acetylcholine	0.8065088730780698			right		fw000102			isomorphic			
81914303867158515	720575940617672790	164128.0	82520.0	3355.0	164128.0	82520.0	3355.0	6964500.0	intrinsic	visual_projection				LC26	LC26			acetylcholine	0.5798228711388088			right		fw000745			isomorphic			
81843935122785578	720575940612432021	162944.0	81720.0	3216.0	162944.0	81720.0	3216.0	6919079.0	intrinsic	visual_projection				LCe02	LC26			acetylcholine	0.7520359509072994			right		fw000749			isomorphic			
76282948974171918	720575940625123514	82192.0	54136.0	3906.0	82192.0	54136.0	3906.0	1522226.0	intrinsic	visual_projection				LC28b	LC28a,LC28b			acetylcholine	0.7426182926315678			left		fw000811			isomorphic			
76212305352086767	720575940620464331	81752.0	50096.0	3893.0	81752.0	50096.0	3893.0	1521471.0	intrinsic	visual_projection				LC28b	LC28a,LC28b			acetylcholine	0.8849747705601796			left		fw001196			isomorphic			
76636098298298557	720575940639901237	87888.0	74024.0	3545.0	87888.0	74024.0	3545.0	1940583.0	intrinsic	visual_projection				MTe54	MC62			acetylcholine	0.8183805141158185			left		fw001206	FBbt_00111768		isomorphic			
76776354817002385	720575940620317793	89720.0	66984.0	3759.0	89720.0	66984.0	3759.0	1941607.0	intrinsic	visual_projection				LC28b	LC28a,LC28b			acetylcholine	0.8428038561707067			left		fw001247			isomorphic			
81914235147456682	720575940640277888	164184.0	80880.0	3191.0	164184.0	80880.0	3191.0	6919406.0	intrinsic	visual_projection				LCe02	LC26			acetylcholine	0.6759519446378278			right		fw001602			isomorphic			
77410154551367414	720575940628788552	98296.0	74024.0	4065.0	98296.0	74024.0	4065.0	2124685.0	intrinsic	visual_projection				LC26	LC26			acetylcholine	0.6042312343411917			left		fw002189	FBbt_00111761		isomorphic			
82266216240690486	720575940612100374	168992.0	83008.0	3042.0	168992.0	83008.0	3042.0	7208780.0	intrinsic	visual_projection				LC26	LC26			acetylcholine	0.6992707484887595			right		fw002495	FBbt_00111761		isomorphic			
82406747570253758	720575940628206609	171640.0	80504.0	2783.0	171640.0	80504.0	2783.0	7164125.0	intrinsic	visual_projection				MTe54	MC62			acetylcholine	0.9021139925288996			right		fw002774	FBbt_00111768		isomorphic			
76282674163053230	720575940633292236	82088.0	50296.0	4150.0	82088.0	50296.0	4150.0	1521841.0	intrinsic	visual_projection				LC28b	LC28a,LC28b			acetylcholine	0.9405258913151435			left		fw002815			isomorphic			
82266147521231676	720575940631308615	168928.0	82192.0	3059.0	168928.0	82192.0	3059.0	7162637.0	intrinsic	visual_projection				LC26	LC26			acetylcholine	0.6126700087663828			right		fw002827	FBbt_00111761		isomorphic			
81984741330457028	720575940629090203	165800.0	82576.0	3102.0	165800.0	82576.0	3102.0	7200858.0	intrinsic	visual_projection				LC26	LC26			acetylcholine	0.6088983375859449			right		fw003092	FBbt_00111761		isomorphic			
83108923183218334	720575940623894825	181528.0	57656.0	2581.0	181528.0	57656.0	2581.0	7667849.0	intrinsic	visual_projection				LC28b	LC28a,LC28b			acetylcholine	0.9199852916536053			right		fw003098			isomorphic			
81914166428071914	720575940630853663	164112.0	79664.0	3246.0	164112.0	79664.0	3246.0	6919385.0	intrinsic	visual_projection				LC26	LC26			acetylcholine	0.7289936838941371			right		fw003198	FBbt_00111761		isomorphic			
81703266421509156	720575940628311306	161504.0	82744.0	4067.0	161504.0	82744.0	4067.0	6963629.0	intrinsic	visual_projection				LC26	LC26			acetylcholine	0.5899806060934312			right		fw003260	FBbt_00111761		isomorphic			
83038279561596136	720575940654273185	180480.0	53512.0	2890.0	180480.0	53512.0	2890.0	7396782.0	intrinsic	visual_projection				LC28a	LC28a,LC28b			acetylcholine	0.9075437852256614			right		fw003285			isomorphic			
81914303867160437	720575940632153826	164016.0	81832.0	3355.0	164016.0	81832.0	3355.0	6919366.0	intrinsic	visual_projection				LCe02	LC26			acetylcholine	0.8162751915420813			right		fw003347			isomorphic			
76212374071585849	720575940646277230	81712.0	51632.0	3903.0	81712.0	51632.0	3903.0	1521298.0	intrinsic	visual_projection				LC28b	LC28a,LC28b			acetylcholine	0.8222571654532741			left		fw003535			isomorphic			
81843797683875846	720575940614923314	163560.0	80240.0	3246.0	163560.0	80240.0	3246.0	6919242.0	intrinsic	visual_projection				LC26	LC26			acetylcholine	0.7404015509148443			right		fw003588	FBbt_00111761		isomorphic			
83038348281268904	720575940621309110	180272.0	54528.0	3048.0	180272.0	54528.0	3048.0	7396707.0	intrinsic	visual_projection				LC28b	LC28a,LC28b			acetylcholine	0.942705010996276			right		fw003639			isomorphic			
82618197400538114	720575940644500640	174984.0	85136.0	3041.0	174984.0	85136.0	3041.0	7478661.0	intrinsic	visual_projection				MTe54	MC62			acetylcholine	0.9174974613638863			right		fw003663	FBbt_00111768		isomorphic			
81843866403559776	720575940606178080	163616.0	81456.0	3385.0	163616.0	81456.0	3385.0	6919266.0	intrinsic	visual_projection				LCe02	LC25,LC26			acetylcholine	0.48620122256904985	glutamate	Nern et al., 2024 (EASI-FISH)	right		fw003712			isomorphic			
76353042840675103	720575940606744510	83784.0	50776.0	4076.0	83784.0	50776.0	4076.0	1850527.0	intrinsic	visual_projection				LC28b	LC28a,LC28b			acetylcholine	0.6805223203598617			left		fw003796			isomorphic			
82125135221400245	720575940645221156	167024.0	78320.0	3095.0	167024.0	78320.0	3095.0	7161584.0	intrinsic	visual_projection				LC26	LC26			acetylcholine	0.6516910620412717			right		fw003942	FBbt_00111761		isomorphic			
82898366706868284	720575940631249708	178328.0	65288.0	2806.0	178328.0	65288.0	2806.0	7415387.0	intrinsic	visual_projection				LC28a	LC28a,LC28b			acetylcholine	0.9412383281602469			right		fw003964			isomorphic			
77269417062761293	720575940623162537	96856.0	73952.0	3881.0	96856.0	73952.0	3881.0	2124205.0	intrinsic	visual_projection				LC26	LC26			acetylcholine	0.6000802028727193			left		fw004130	FBbt_00111761		isomorphic			
82125203874441051	720575940616478150	167592.0	78832.0	3050.0	167592.0	78832.0	3050.0	7161890.0	intrinsic	visual_projection				LC26	LC26			acetylcholine	0.6597755775772808			right		fw004318	FBbt_00111761		isomorphic			
82406129094958725	720575940611370616	171768.0	70776.0	2782.0	171768.0	70776.0	2782.0	7137155.0	intrinsic	visual_projection				LC28a	LC28a,LC28b			acetylcholine	0.9050220710583426			right		fw004330			isomorphic			
82054903849729484	720575940630936131	166016.0	79784.0	3048.0	166016.0	79784.0	3048.0	7160972.0	intrinsic	visual_projection				LC26	LC26			acetylcholine	0.6996092758857496			right		fw004334	FBbt_00111761		isomorphic			
77339923245955003	720575940635084639	98112.0	75472.0	3935.0	98112.0	75472.0	3935.0	2140483.0	intrinsic	visual_projection				LCe02	LC26			acetylcholine	0.6460720652069964			left		fw004452			isomorphic			
81843935122941535	720575940631547084	163416.0	82088.0	3327.0	163416.0	82088.0	3327.0	6919214.0	intrinsic	visual_projection				LCe02	LC26			acetylcholine	0.6009048553452565			right		fw004640			isomorphic			
82125410032864828	720575940636068532	167760.0	81728.0	3026.0	167760.0	81728.0	3026.0	7162001.0	intrinsic	visual_projection				LC26	LC26			acetylcholine	0.6238375783468934			right		fw004788	FBbt_00111761		isomorphic			
82195710057600460	720575940629795331	168736.0	81320.0	3054.0	168736.0	81320.0	3054.0	7162499.0	intrinsic	visual_projection				LC26	LC26			acetylcholine	0.6629458157467703			right		fw004811	FBbt_00111761		isomorphic			
82898366706751279	720575940623952107	178280.0	65328.0	2719.0	178280.0	65328.0	2719.0	7415370.0	intrinsic	visual_projection				LC28a	LC28a,LC28b			acetylcholine	0.8946465147601284			right		fw004905			isomorphic			
77339854526553694	720575940631408557	98120.0	75064.0	3989.0	98120.0	75064.0	3989.0	2140511.0	intrinsic	visual_projection				LCe02	LC26			acetylcholine	0.5995429665484201			left		fw004982			isomorphic			
82125410099403801	720575940618076244	167800.0	81776.0	3158.0	167800.0	81776.0	3158.0	7165229.0	intrinsic	visual_projection				LCe02	LC26			acetylcholine	0.7802496926196705			right		fw005093			isomorphic			
83038760597913468	720575940619283591	180159.0	61018.0	2865.0	180560.0	61680.0	2632.0	7415824.0	intrinsic	visual_projection				LC28a	LC28a,LC28b			acetylcholine	0.883972466445772			right		fw005125			isomorphic			
82125272660319970	720575940626840932	166936.0	79768.0	3088.0	166936.0	79768.0	3088.0	7161507.0	intrinsic	visual_projection				LC26	LC26			acetylcholine	0.7002921829051852			right		fw005198	FBbt_00111761		isomorphic			
81843797683949793	720575940623789704	163704.0	79880.0	3301.0	163704.0	79880.0	3301.0	6919306.0	intrinsic	visual_projection				LCe02	LC26			acetylcholine	0.8171382462062884			right		fw005211			isomorphic			
77480523295572716	720575940650783222	99464.0	74080.0	4078.0	99464.0	74080.0	4078.0	2689243.0	intrinsic	visual_projection				LC26	LC26			acetylcholine	0.6262263975277336			left		fw005238	FBbt_00111761		isomorphic			
81984603891473445	720575940616394719	165624.0	81120.0	3090.0	165624.0	81120.0	3090.0	7160823.0	intrinsic	visual_projection				LC26	LC26			acetylcholine	0.6530771960477196			right		fw005332	FBbt_00111761		isomorphic			
81914235147632588	720575940632406546	163960.0	81264.0	3316.0	163960.0	81264.0	3316.0	6919352.0	intrinsic	visual_projection				LCe02	LC25,LC26			acetylcholine	0.8163617856853802	glutamate	Nern et al., 2024 (EASI-FISH)	right		fw005631			isomorphic			
76353317718641111	720575940633094937	83656.0	54800.0	4105.0	83656.0	54800.0	4105.0	1850472.0	intrinsic	visual_projection				LC28b	LC28a,LC28b			acetylcholine	0.9158622527253684			left		fw005660		outlier_bio	isomorphic			
76282742815983998	720575940635747167	82624.0	50936.0	4085.0	82624.0	50936.0	4085.0	1849334.0	intrinsic	visual_projection				LC28b	LC28a,LC28b			acetylcholine	0.9322952572245076			left		fw005789			isomorphic			
82125478752368007	720575940624343373	167784.0	82928.0	3086.0	167784.0	82928.0	3086.0	7206257.0	intrinsic	visual_projection				LC26	LC26			acetylcholine	0.6329683805798323			right		fw006219	FBbt_00111761		isomorphic			
77058310830030286	720575940619797126	93120.0	73616.0	3745.0	93120.0	73616.0	3745.0	2122671.0	intrinsic	visual_projection				LC26	LC26			acetylcholine	0.6204174051567554			left		fw006407	FBbt_00111761		isomorphic			
82967910884220331	720575940626392701	180136.0	53104.0	3174.0	180136.0	53104.0	3174.0	7398361.0	intrinsic	visual_projection				LC28b	LC28a,LC28b			acetylcholine	0.8596406499927146			right		fw006463			isomorphic			
76565729620721039	720575940614902703	86264.0	73584.0	3694.0	86264.0	73584.0	3694.0	1939598.0	intrinsic	visual_projection				MTe54	MC62			acetylcholine	0.891059539001635			left		fw006472	FBbt_00111768		isomorphic			
76565729620703759	720575940626134202	86904.0	73824.0	3683.0	86904.0	73824.0	3683.0	1939917.0	intrinsic	visual_projection				MTe54	MC62			acetylcholine	0.7775528485559534			left		fw006544	FBbt_00111768		isomorphic			
76494261365491004	720575940639030591	85016.0	57768.0	4102.0	85016.0	57768.0	4102.0	1894042.0	intrinsic	visual_projection				LC28b	LC28a,LC28b			acetylcholine	0.8994229308494232			left		fw006587			isomorphic			
76212786388079223	720575940627880506	81304.0	57416.0	3624.0	81304.0	57416.0	3624.0	1519614.0	intrinsic	visual_projection				LC28a	LC28a,LC28b			acetylcholine	0.8704071450763929			left		fw006679			isomorphic			
82477047595051952	720575940624970933	172096.0	78960.0	2846.0	172096.0	78960.0	2846.0	7164442.0	intrinsic	visual_projection				MTe54	MC62			acetylcholine	0.9225489431577752			right		fw006865	FBbt_00111768		isomorphic			
82054972569249201	720575940606142496	166304.0	81464.0	3066.0	166304.0	81464.0	3066.0	7161093.0	intrinsic	visual_projection				LCe02	LC26			acetylcholine	0.8080956855605225			right		fw006899			isomorphic			
82125135155006807	720575940616630713	167432.0	77728.0	3069.0	167432.0	77728.0	3069.0	7161820.0	intrinsic	visual_projection				LC26	LC26			acetylcholine	0.6515649824219639			right		fw006952	FBbt_00111761		isomorphic			
76282674096384644	720575940628606282	81944.0	50528.0	3981.0	81944.0	50528.0	3981.0	1521826.0	intrinsic	visual_projection				LC28a	LC28a,LC28b			acetylcholine	0.9130669587463351			left		fw006957			isomorphic			
82477116314560233	720575940640691072	172120.0	79872.0	2862.0	172120.0	79872.0	2862.0	7164443.0	intrinsic	visual_projection				MTe54	MC62			acetylcholine	0.8929009369081603			right		fw007118	FBbt_00111768		isomorphic			
82054903849761418	720575940623725036	165912.0	80504.0	3068.0	165912.0	80504.0	3068.0	7160934.0	intrinsic	visual_projection				LC26	LC26			acetylcholine	0.6851081173919539			right		fw007369	FBbt_00111761		isomorphic			
82476978875616926	720575940614527185	172048.0	78336.0	2887.0	172048.0	78336.0	2887.0	7164387.0	intrinsic	visual_projection				MTe54	MC62			acetylcholine	0.8702161223429927			right		fw007752	FBbt_00111768		isomorphic			
82266147521154827	720575940635310743	169216.0	81920.0	3009.0	169216.0	81920.0	3009.0	7162742.0	intrinsic	visual_projection				MTe54	MC62			acetylcholine	0.8498543346829697			right		fw008021	FBbt_00111768		isomorphic			
76847273250314913	720575940609293380	90080.0	74392.0	3568.0	90080.0	74392.0	3568.0	1953752.0	intrinsic	visual_projection				MTe54	MC62			acetylcholine	0.8557998961531638			left		fw008110	FBbt_00111768		isomorphic			
76847342036481070	720575940626839600	90216.0	75400.0	3759.0	90216.0	75400.0	3759.0	1953807.0	intrinsic	visual_projection				MTe54	MC62			acetylcholine	0.7737233780557371			left		fw008203	FBbt_00111768		isomorphic			
82827585712945725	720575940639901749	177976.0	59200.0	3316.0	177976.0	59200.0	3316.0	7416434.0	intrinsic	visual_projection				LC28b	LC28a,LC28b			acetylcholine	0.8007132837783999			right		fw009045			isomorphic			
83108991902765614	720575940621043280	181632.0	58128.0	2607.0	181632.0	58128.0	2607.0	7678864.0	intrinsic	visual_projection				LC28b	LC28a,LC28b			acetylcholine	0.9249618755806919			right		fw009196			isomorphic			
82897954457040874	720575940628499989	178640.0	59288.0	3275.0	178640.0	59288.0	3275.0	7416482.0	intrinsic	visual_projection				LC28b	LC28a,LC28b			acetylcholine	0.6854936715526283			right		fw009290			isomorphic			
76423549090274714	720575940608793795	84360.0	52096.0	4125.0	84360.0	52096.0	4125.0	1852207.0	intrinsic	visual_projection				LC28b	LC28a,LC28b			acetylcholine	0.8540957673853528			left		fw009442			isomorphic			
76283086413223464	720575940640620496	82624.0	56040.0	3962.0	82624.0	56040.0	3962.0	1849341.0	intrinsic	visual_projection				LC28a	LC28a,LC28b			acetylcholine	0.9294432935753452			left		fw009501			isomorphic			
82827448273993401	720575940620689136	177976.0	57968.0	3337.0	177976.0	57968.0	3337.0	7416430.0	intrinsic	visual_projection				LC28b	LC28a,LC28b			acetylcholine	0.8627177121240096			right		fw009552			isomorphic			
82897748298636168	720575940629974347	178592.0	56016.0	3289.0	178592.0	56016.0	3289.0	7397850.0	intrinsic	visual_projection				LC28b	LC28a,LC28b			acetylcholine	0.8800114829182463			right		fw009577			isomorphic			
76917641994533307	720575940631626287	91224.0	74440.0	3584.0	91224.0	74440.0	3584.0	2136697.0	intrinsic	visual_projection				LCe01a	LC25,LC26			glutamate	0.7332518874621985	glutamate	Nern et al., 2024 (EASI-FISH)	left		fw009653			isomorphic			
82967910884236218	720575940619924390	179472.0	53224.0	3180.0	179472.0	53224.0	3180.0	7398102.0	intrinsic	visual_projection				LC28b	LC28a,LC28b			acetylcholine	0.8562032591348469			right		fw009655			isomorphic			
82827585712966195	720575940620614576	177784.0	59832.0	3321.0	177784.0	59832.0	3321.0	7416419.0	intrinsic	visual_projection				LC28b	LC28a,LC28b			acetylcholine	0.8671803451731984			right		fw009689			isomorphic			
77058448269230838	720575940605956896	94032.0	76224.0	3933.0	94032.0	76224.0	3933.0	2138422.0	intrinsic	visual_projection				LCe01b	LC25,LC26			glutamate	0.6805459802516854	glutamate	Nern et al., 2024 (EASI-FISH)	left		fw009695			isomorphic			
76917504622337233	720575940614662195	91784.0	72960.0	3847.0	91784.0	72960.0	3847.0	2122167.0	intrinsic	visual_projection				LC26	LC26			glutamate	0.6572555167442176			left		fw009706	FBbt_00111761		isomorphic			
82968117042691204	720575940621230785	179376.0	56152.0	3197.0	179376.0	56152.0	3197.0	7398067.0	intrinsic	visual_projection				LC28b	LC28a,LC28b			acetylcholine	0.8435182527341835			right		fw009711			isomorphic			
82054903916304300	720575940612036978	165848.0	80480.0	3172.0	165848.0	80480.0	3172.0	7164944.0	intrinsic	visual_projection				LCe02	LC26			acetylcholine	0.7807480584035057			right		fw009782			isomorphic			
77058379549620174	720575940630692675	93368.0	74624.0	3835.0	93368.0	74624.0	3835.0	2138176.0	intrinsic	visual_projection				LCe02	LC26			acetylcholine	0.7326271399193744			left		fw009791			isomorphic			
82827310835003626	720575940611074606	177936.0	55880.0	3337.0	177936.0	55880.0	3337.0	7397661.0	intrinsic	visual_projection				LC28b	LC28a,LC28b			acetylcholine	0.8417201121904909			right		fw009793			isomorphic			
76212511510448814	720575940640440016	81104.0	53488.0	3835.0	81104.0	53488.0	3835.0	1518868.0	intrinsic	visual_projection				LC28a	LC28a,LC28b			acetylcholine	0.8876398093519136			left		fw009858			isomorphic			
76282742815904946	720575940648648580	82296.0	51040.0	4016.0	82296.0	51040.0	4016.0	1848671.0	intrinsic	visual_projection				LC28b	LC28a,LC28b			acetylcholine	0.8383484861359599			left		fw009860			isomorphic			
82827379554528874	720575940621678174	177624.0	56544.0	3340.0	177624.0	56544.0	3340.0	7397578.0	intrinsic	visual_projection				LC28b	LC28a,LC28b			acetylcholine	0.8042413590179109			right		fw009901			isomorphic			
76142074046624595	720575940623945620	80792.0	52360.0	3715.0	80792.0	52360.0	3715.0	1517507.0	intrinsic	visual_projection				LC28b	LC28a,LC28b			acetylcholine	0.8985106276227053			left		fw009943			isomorphic			
77058310829967337	720575940610951800	93760.0	74208.0	3702.0	93760.0	74208.0	3702.0	2138301.0	intrinsic	visual_projection				LCe02	LC26			acetylcholine	0.7695239459817276			left		fw009967			isomorphic			
83038279561595670	720575940624871438	180760.0	52912.0	2894.0	180760.0	52912.0	2894.0	7667253.0	intrinsic	visual_projection				LC28b	LC28a,LC28b			acetylcholine	0.7996809513673028			right		fw009972			isomorphic			
76353661315723262	720575940647138595	83144.0	59144.0	3871.0	83144.0	59144.0	3871.0	1893010.0	intrinsic	visual_projection				LC28a	LC28a,LC28b			acetylcholine	0.9181587203014948			left		fw009973			isomorphic			
81984810050182698	720575940628181992	165392.0	83952.0	3263.0	165392.0	83952.0	3263.0	7211597.0	intrinsic	visual_projection				LCe02	LC26			acetylcholine	0.67689372371927			right		fw009983			isomorphic			
77058448269148027	720575940621816333	94072.0	76296.0	3870.0	94072.0	76296.0	3870.0	2138429.0	intrinsic	visual_projection				LCe02	LC26			acetylcholine	0.759337792908217			left		fw010015			isomorphic			
81773497726138771	720575940628523580	162080.0	80688.0	3644.0	162080.0	80688.0	3644.0	6918832.0	intrinsic	visual_projection				LCe02	LC26			acetylcholine	0.6602640948607517			right		fw010052			isomorphic			
76423617809901133	720575940627500042	84816.0	53424.0	4180.0	84816.0	53424.0	4180.0	1852429.0	intrinsic	visual_projection				LC28a	LC28a,LC28b			acetylcholine	0.65684257250533			left		fw010061		outlier_bio	isomorphic			
82897679579182953	720575940630346614	178192.0	55248.0	3314.0	178192.0	55248.0	3314.0	7397726.0	intrinsic	visual_projection				LC28b	LC28a,LC28b			acetylcholine	0.8501030872659608			right		fw010075			isomorphic			
81914166428046289	720575940652650486	164736.0	80248.0	3227.0	164736.0	80248.0	3227.0	7164783.0	intrinsic	visual_projection				LCe02	LC26			acetylcholine	0.7544012261020806			right		fw010090			isomorphic			
76423549090386406	720575940638809149	84872.0	52520.0	4153.0	84872.0	52520.0	4153.0	1852435.0	intrinsic	visual_projection				LC28b	LC28a,LC28b			acetylcholine	0.8138097328053615			left		fw010093			isomorphic			
82968254481631283	720575940633360977	179200.0	58904.0	3197.0	179200.0	58904.0	3197.0	7416512.0	intrinsic	visual_projection				LC28b	LC28a,LC28b			acetylcholine	0.8520791892366072			right		fw010161		outlier_bio	isomorphic			
77480592014915824	720575940619479744	100200.0	74368.0	4000.0	100200.0	74368.0	4000.0	2691134.0	intrinsic	visual_projection				LCe02	LC26			acetylcholine	0.8135251723577197			left		fw010198			isomorphic			
81914235147538524	720575940623765226	164664.0	81224.0	3247.0	164664.0	81224.0	3247.0	7164777.0	intrinsic	visual_projection				LCe02	LC26			acetylcholine	0.7791855149147907			right		fw010207			isomorphic			
77058516988772453	720575940623132612	93104.0	77184.0	3968.0	93104.0	77184.0	3968.0	2138085.0	intrinsic	visual_projection				LCe02	LC26			acetylcholine	0.768478269985547			left		fw010236			isomorphic			
82967979603729043	720575940621282286	179696.0	54576.0	3193.0	179696.0	54576.0	3193.0	7398183.0	intrinsic	visual_projection				LC28b	LC28a,LC28b			acetylcholine	0.8765445096020538			right		fw010454			isomorphic			
76423823968297090	720575940618159249	84584.0	56392.0	4177.0	84584.0	56392.0	4177.0	1852335.0	intrinsic	visual_projection				LC28a	LC28a,LC28b			acetylcholine	0.9267894189513829			left		fw010489			isomorphic			
76282674096456772	720575940627419925	82296.0	50328.0	4039.0	82296.0	50328.0	4039.0	1848700.0	intrinsic	visual_projection				LC28b	LC28a,LC28b			acetylcholine	0.8439005910326104			left		fw010493			isomorphic			
82054903916234980	720575940636189295	166336.0	80184.0	3124.0	166336.0	80184.0	3124.0	7165028.0	intrinsic	visual_projection				LCe02	LC26			acetylcholine	0.7758885110282024			right		fw010514			isomorphic			
76423480370910848	720575940623743731	84168.0	51544.0	4161.0	84168.0	51544.0	4161.0	1852088.0	intrinsic	visual_projection				LC28b	LC28a,LC28b			acetylcholine	0.8086740638642373			left		fw010523			isomorphic			
77128817013399333	720575940628827335	94480.0	75792.0	3914.0	94480.0	75792.0	3914.0	2138575.0	intrinsic	visual_projection				LCe02	LC26			acetylcholine	0.7848148862194378			left		fw010550			isomorphic			
76988079524767370	720575940621662157	93016.0	75552.0	3720.0	93016.0	75552.0	3720.0	2138062.0	intrinsic	visual_projection				LCe02	LC26			acetylcholine	0.7784174830983355			left		fw010567			isomorphic			
82968254481521880	720575940629953751	179744.0	58592.0	3124.0	179744.0	58592.0	3124.0	7416571.0	intrinsic	visual_projection				LC28a	LC28a,LC28b			acetylcholine	0.9486127147142317			right		fw010575			isomorphic			
82897679579168804	720575940606502322	178888.0	55440.0	3293.0	178888.0	55440.0	3293.0	7397920.0	intrinsic	visual_projection				LC28b	LC28a,LC28b			acetylcholine	0.9330649538196348			right		fw010633			isomorphic			
82547485058569953	720575940646740868	173256.0	79552.0	2770.0	173256.0	79552.0	2770.0	7461034.0	intrinsic	visual_projection				MTe54	MC62			acetylcholine	0.8686007599856589			right		fw010634	FBbt_00111768		isomorphic			
82476291680820747	720575940618492561	172960.0	68128.0	2860.0	172960.0	68128.0	2860.0	7437386.0	intrinsic	visual_projection				LC28b	LC28a,LC28b			acetylcholine	0.8097407518653225			right		fw010637			isomorphic			
76212648949292913	720575940628877929	81312.0	55496.0	3745.0	81312.0	55496.0	3745.0	1519799.0	intrinsic	visual_projection				LC28a	LC28a,LC28b			acetylcholine	0.8900800058975883			left		fw010667			isomorphic			
82125272593695086	720575940621887197	167160.0	80168.0	2894.0	167160.0	80168.0	2894.0	7161605.0	intrinsic	visual_projection				LC26	LC26			acetylcholine	0.6413969430813424			right		fw010673	FBbt_00111761		isomorphic			
77269348343519164	720575940627604757	96360.0	73032.0	4048.0	96360.0	73032.0	4048.0	2123964.0	intrinsic	visual_projection				LCe02	LC26			acetylcholine	0.7831797408869707			left		fw010732			isomorphic			
81913822830696621	720575940628226268	164376.0	74496.0	3256.0	164376.0	74496.0	3256.0	7164732.0	intrinsic	visual_projection				LC28b	LC28a,LC28b			acetylcholine	0.8439797669190571			right		fw010777			isomorphic			
82546729144146514	720575940628315241	173264.0	68424.0	2616.0	173264.0	68424.0	2616.0	7437460.0	intrinsic	visual_projection				LC28a	LC28a,LC28b			acetylcholine	0.8376750119715755			right		fw010821			isomorphic			
82967979603626175	720575940621230245	179736.0	54640.0	3120.0	179736.0	54640.0	3120.0	7398208.0	intrinsic	visual_projection				LC28b	LC28a,LC28b			acetylcholine	0.8152680935682218			right		fw010867			isomorphic			
82897679579089746	720575940652860662	178464.0	55016.0	3240.0	178464.0	55016.0	3240.0	7397825.0	intrinsic	visual_projection				LC28b	LC28a,LC28b			acetylcholine	0.8871085412390999			right		fw010886			isomorphic			
77269554501591814	720575940628006040	96296.0	75880.0	3800.0	96296.0	75880.0	3800.0	2139235.0	intrinsic	visual_projection				LC26	LC26			acetylcholine	0.5883170660369366			left		fw010888	FBbt_00111761		isomorphic			
82827654432448369	720575940615951221	177072.0	60136.0	3356.0	177072.0	60136.0	3356.0	7416357.0	intrinsic	visual_projection				LC28b	LC28a,LC28b			acetylcholine	0.8316801097582222			right		fw010932			isomorphic			
82617097821798986	720575940620283073	174384.0	68456.0	2525.0	174384.0	68456.0	2525.0	7437750.0	intrinsic	visual_projection				LC28a	LC28a,LC28b			acetylcholine	0.8774366268769429			right		fw010992			isomorphic			
81984741330558428	720575940630523979	165024.0	82824.0	3172.0	165024.0	82824.0	3172.0	7211354.0	intrinsic	visual_projection				LC26	LC26			acetylcholine	0.6753711268577398			right		fw011012	FBbt_00111761		isomorphic			
82125272593720278	720575940635940447	167808.0	79720.0	2909.0	167808.0	79720.0	2909.0	7162085.0	intrinsic	visual_projection				LC26	LC26			acetylcholine	0.6462042842547389			right		fw011048	FBbt_00111761		isomorphic			
81773566379043399	720575940613335154	162112.0	82512.0	3540.0	162112.0	82512.0	3540.0	6963763.0	intrinsic	visual_projection				LCe02	LC26			acetylcholine	0.8018079232607525			right		fw011091			isomorphic			
82125203874302252	720575940622742049	167752.0	79272.0	2951.0	167752.0	79272.0	2951.0	7162019.0	intrinsic	visual_projection				LC26	LC26			acetylcholine	0.6756369778868444			right		fw011107	FBbt_00111761		isomorphic			
76142074046863695	720575940603975392	80688.0	51896.0	3895.0	80688.0	51896.0	3895.0	1517009.0	intrinsic	visual_projection				LC28a	LC28a,LC28b			acetylcholine	0.9010635398896478			left		fw011177			isomorphic			
82125478752238302	720575940610898040	167528.0	83048.0	3000.0	167528.0	83048.0	3000.0	7205202.0	intrinsic	visual_projection				LC26	LC26			acetylcholine	0.641321456015778			right		fw011325	FBbt_00111761		isomorphic			
76141936607951954	720575940615338919	80632.0	50320.0	3907.0	80632.0	50320.0	3907.0	1516861.0	intrinsic	visual_projection				LC28b	LC28a,LC28b			acetylcholine	0.8945719127728075			left		fw011345			isomorphic			
76071774021874456	720575940618370260	79712.0	53040.0	3658.0	79712.0	53040.0	3658.0	1514787.0	intrinsic	visual_projection				LC28a	LC28a,LC28b			acetylcholine	0.9195663884910461			left		fw011353			isomorphic			
81984535172068113	720575940623038389	165688.0	79840.0	3119.0	165688.0	79840.0	3119.0	7164918.0	intrinsic	visual_projection				LCe02	LC26			acetylcholine	0.775275901554676			right		fw011359			isomorphic			
82125341313286884	720575940639184035	167488.0	80568.0	2960.0	167488.0	80568.0	2960.0	7161831.0	intrinsic	visual_projection				LC26	LC26			acetylcholine	0.5881914545549841			right		fw011401	FBbt_00111761		isomorphic			
76847273317177019	720575940626630673	90888.0	74984.0	3882.0	90888.0	74984.0	3882.0	2136479.0	intrinsic	visual_projection				MTe54	MC62			acetylcholine	0.8054666708905495			left		fw011432	FBbt_00111768		isomorphic			
81984741330511140	720575940625165412	165536.0	83264.0	3125.0	165536.0	83264.0	3125.0	7211661.0	intrinsic	visual_projection				LC26	LC26			acetylcholine	0.6523027889991208			right		fw011475	FBbt_00111761		isomorphic			
82688153827530802	720575940638676058	175032.0	78816.0	2823.0	175032.0	78816.0	2823.0	7462346.0	intrinsic	visual_projection				MTe54	MC62			acetylcholine	0.9234926947334574			right		fw011596	FBbt_00111768		isomorphic			
77128817013298771	720575940633978963	94392.0	75824.0	3841.0	94392.0	75824.0	3841.0	2138529.0	intrinsic	visual_projection				LC26	LC26			acetylcholine	0.5998233283246117			left		fw011620	FBbt_00111761		isomorphic			
76917367183251320	720575940612699354	91824.0	70336.0	3744.0	91824.0	70336.0	3744.0	2122170.0	intrinsic	visual_projection				LC28b	LC28a,LC28b			acetylcholine	0.8997300968113959			left		fw011659			isomorphic			
76776904506192673	720575940651459062	89128.0	74992.0	3583.0	89128.0	74992.0	3583.0	1953076.0	intrinsic	visual_projection				MTe54	MC62			acetylcholine	0.8319261316814454			left		fw011693	FBbt_00111768		isomorphic			
82968598012211523	720575940625219220	179389.0	63368.0	2908.0	179224.0	63728.0	2921.0	7415542.0	intrinsic	visual_projection				LC28a	LC28a,LC28b			acetylcholine	0.8988016064232787			right		fw011757			isomorphic			
76636098364846851	720575940631733591	87432.0	74032.0	3657.0	87432.0	74032.0	3657.0	1951952.0	intrinsic	visual_projection				MTe54	MC62			acetylcholine	0.8468989952707987			left		fw011780	FBbt_00111768		isomorphic			
82195641338031600	720575940621157140	168712.0	79800.0	3013.0	168712.0	79800.0	3013.0	7162505.0	intrinsic	visual_projection				LC26	LC26			acetylcholine	0.6217203030977596			right		fw011786	FBbt_00111761		isomorphic			
77128610854932061	720575940614801055	94912.0	73080.0	3886.0	94912.0	73080.0	3886.0	2123278.0	intrinsic	visual_projection				LC26	LC26			acetylcholine	0.6077576478631023			left		fw011796	FBbt_00111761		isomorphic			
82547416339097870	720575940614326499	173968.0	79336.0	2770.0	173968.0	79336.0	2770.0	7461854.0	intrinsic	visual_projection				MTe54	MC62			acetylcholine	0.8501156244467677			right		fw011855	FBbt_00111768		isomorphic			
77128817013247700	720575940607551701	94872.0	75504.0	3804.0	94872.0	75504.0	3804.0	2138676.0	intrinsic	visual_projection				LC26	LC26			acetylcholine	0.5820265748808828			left		fw011918	FBbt_00111761		isomorphic			
77269485782348644	720575940623757543	96464.0	74992.0	3959.0	96464.0	74992.0	3959.0	2139287.0	intrinsic	visual_projection				LC26	LC26			acetylcholine	0.5475080611703087			left		fw011982	FBbt_00111761		isomorphic			
82477116314594273	720575940621773517	172968.0	80008.0	2897.0	172968.0	80008.0	2897.0	7460648.0	intrinsic	visual_projection				MTe54	MC62			acetylcholine	0.8807928010406264			right		fw012017	FBbt_00111768		isomorphic			
76424236151478516	720575940632110799	84832.0	63080.0	3538.0	84832.0	63080.0	3538.0	1893895.0	intrinsic	visual_projection				LC28b	LC28a,LC28b			acetylcholine	0.8638556812428269			left		fw012031			isomorphic			
82617029168909064	720575940639792000	174288.0	67544.0	2671.0	174288.0	67544.0	2671.0	7437736.0	intrinsic	visual_projection				LC28a	LC28a,LC28b			acetylcholine	0.9014568846917617			right		fw012058			isomorphic			
82968391853692647	720575940642652123	180093.0	61037.0	2865.0	180984.0	60488.0	2695.0	7678370.0	intrinsic	visual_projection				LC28b	LC28a,LC28b			acetylcholine	0.7739955778509945			right		fw012074			isomorphic			
82266010081924945	720575940630724222	169416.0	79624.0	2797.0	169416.0	79624.0	2797.0	7162802.0	intrinsic	visual_projection				MTe54	MC62			acetylcholine	0.8807849050548545			right		fw012081	FBbt_00111768		isomorphic			
83038691811257794	720575940614076456	181088.0	59904.0	2319.0	181088.0	59904.0	2319.0	7678433.0	intrinsic	visual_projection				LC28b	LC28a,LC28b			acetylcholine	0.9216254813491975			right		fw012128			isomorphic			
76212648949206411	720575940641639309	81272.0	55648.0	3670.0	81272.0	55648.0	3670.0	1519639.0	intrinsic	visual_projection				LC28a	LC28a,LC28b			acetylcholine	0.9106828260853161			left		fw012155			isomorphic			
82546729144221851	720575940646105966	173648.0	68680.0	2673.0	173648.0	68680.0	2673.0	7437527.0	intrinsic	visual_projection				LC28a	LC28a,LC28b			acetylcholine	0.7321458027500746			right		fw012157			isomorphic			
77128748293649895	720575940632052687	94760.0	75352.0	3721.0	94760.0	75352.0	3721.0	2138642.0	intrinsic	visual_projection				LC26	LC26			acetylcholine	0.6364445421813582			left		fw012163	FBbt_00111761		isomorphic			
77199117038134169	720575940628238479	95408.0	74832.0	3948.0	95408.0	74832.0	3948.0	2138846.0	intrinsic	visual_projection				LC26	LC26			acetylcholine	0.5770846007043862			left		fw012189	FBbt_00111761		isomorphic			
77269417062902043	720575940637550820	96680.0	74352.0	3986.0	96680.0	74352.0	3986.0	2139359.0	intrinsic	visual_projection				LC26	LC26			acetylcholine	0.6639384479224514			left		fw012222	FBbt_00111761		isomorphic			
82967842164697384	720575940626213397	179336.0	51928.0	3130.0	179336.0	51928.0	3130.0	7398046.0	intrinsic	visual_projection				LC28b	LC28a,LC28b			acetylcholine	0.9156566226335225			right		fw012269			isomorphic			
76565660901356534	720575940628804424	86664.0	72936.0	3768.0	86664.0	72936.0	3768.0	1939822.0	intrinsic	visual_projection				MTe54	MC62			acetylcholine	0.7688236714134647			left		fw012310	FBbt_00111768		isomorphic			
77128610854892671	720575940633178764	94144.0	73064.0	3854.0	94144.0	73064.0	3854.0	2123046.0	intrinsic	visual_projection				LC26	LC26			acetylcholine	0.638000420660863			left		fw012317	FBbt_00111761		isomorphic			
82617922522299384	720575940631129206	174464.0	80752.0	2803.0	174464.0	80752.0	2803.0	7462089.0	intrinsic	visual_projection				MTe54	MC62			acetylcholine	0.882478685759038			right		fw012463	FBbt_00111768		isomorphic			
76565660901232419	720575940646752052	86400.0	72888.0	3687.0	86400.0	72888.0	3687.0	1939660.0	intrinsic	visual_projection				MTe54	MC62			acetylcholine	0.7022935598429795			left		fw012474	FBbt_00111768		isomorphic			
82547141461426123	720575940638434749	173168.0	74856.0	2923.0	173168.0	74856.0	2923.0	7460955.0	intrinsic	visual_projection				MTe54	MC62			acetylcholine	0.8983888427508132			right		fw012482	FBbt_00111768		isomorphic			
76565660901060518	720575940609659147	86280.0	72880.0	3610.0	86280.0	72880.0	3610.0	1939597.0	intrinsic	visual_projection				MTe54	MC62			acetylcholine	0.7856384786327626			left		fw012590	FBbt_00111768		isomorphic			
82055110074668972	720575940613315301	166464.0	82800.0	3123.0	166464.0	82800.0	3123.0	7211999.0	intrinsic	visual_projection				LC26	LC26			acetylcholine	0.6274313177119787			right		fw012593	FBbt_00111761		isomorphic			
82125410032807873	720575940614492968	167528.0	82320.0	3004.0	167528.0	82320.0	3004.0	7205143.0	intrinsic	visual_projection				LC26	LC26			acetylcholine	0.6523413824632313			right		fw012603	FBbt_00111761		isomorphic			
82406816289896346	720575940614649581	171480.0	80728.0	2885.0	171480.0	80728.0	2885.0	7164018.0	intrinsic	visual_projection				MTe54	MC62			acetylcholine	0.9188072961942246			right		fw012770	FBbt_00111768		isomorphic			
82547347619631424	720575940623801127	173160.0	78160.0	2761.0	173160.0	78160.0	2761.0	7460912.0	intrinsic	visual_projection				MTe54	MC62			acetylcholine	0.8372971523350355			right		fw012776	FBbt_00111768		isomorphic			
77339854526253275	720575940624683620	97408.0	74928.0	3780.0	97408.0	74928.0	3780.0	2139724.0	intrinsic	visual_projection				LC26	LC26			acetylcholine	0.5438368979948333			left		fw012810	FBbt_00111761		isomorphic			
82547553778184815	720575940621543533	173144.0	80792.0	2850.0	173144.0	80792.0	2850.0	7460913.0	intrinsic	visual_projection				MTe54	MC62			acetylcholine	0.8719815260359641			right		fw012812	FBbt_00111768		isomorphic			
82617510205603419	720575940629438251	174952.0	74848.0	2931.0	174952.0	74848.0	2931.0	7462339.0	intrinsic	visual_projection				MTe54	MC62			acetylcholine	0.8626867141241887			right		fw012824	FBbt_00111768		isomorphic			
77058448268948654	720575940611855826	93680.0	76304.0	3727.0	93680.0	76304.0	3727.0	2138273.0	intrinsic	visual_projection				LC26	LC26			acetylcholine	0.5345718836225345			left		fw012851	FBbt_00111761		isomorphic			
82968598011877017	720575940614664429	179384.0	63568.0	2654.0	179384.0	63568.0	2654.0	7415568.0	intrinsic	visual_projection				LC28a	LC28a,LC28b			acetylcholine	0.9216904047197942			right		fw012885			isomorphic			
82546729144045501	720575940628817320	173632.0	68952.0	2581.0	173632.0	68952.0	2581.0	7437524.0	intrinsic	visual_projection				LC28b	LC28a,LC28b			acetylcholine	0.9381427173441717			right		fw012934			isomorphic			
82827929176473237	720575940632910111	177432.0	65096.0	2549.0	177432.0	65096.0	2549.0	7415311.0	intrinsic	visual_projection				LC28a	LC28a,LC28b			acetylcholine	0.8520560194675421			right		fw012936			isomorphic			
77128817013230512	720575940627295844	94176.0	76288.0	3796.0	94176.0	76288.0	3796.0	2138468.0	intrinsic	visual_projection				LC26	LC26			acetylcholine	0.560702357165776			left		fw012954	FBbt_00111761		isomorphic			
76917641994349932	720575940614298931	91608.0	75360.0	3487.0	91608.0	75360.0	3487.0	2137105.0	intrinsic	visual_projection				LC26	LC26			acetylcholine	0.5314962281770322			left		fw012965	FBbt_00111761		isomorphic			
77199323196189573	720575940606257074	95216.0	77456.0	3828.0	95216.0	77456.0	3828.0	2138788.0	intrinsic	visual_projection				LC26	LC26			acetylcholine	0.6388349601895702			left		fw013014	FBbt_00111761		isomorphic			
77339854526511239	720575940627957842	97384.0	75256.0	3954.0	97384.0	75256.0	3954.0	2139692.0	intrinsic	visual_projection				LC26	LC26			acetylcholine	0.6409830359918962			left		fw013025	FBbt_00111761		isomorphic			
76565798273679115	720575940622931461	86872.0	74720.0	3597.0	86872.0	74720.0	3597.0	1951721.0	intrinsic	visual_projection				MTe54	MC62			acetylcholine	0.7862026147637752			left		fw013029	FBbt_00111768		isomorphic			
77128679574071714	720575940626577490	94456.0	74064.0	3641.0	94456.0	74064.0	3641.0	2138554.0	intrinsic	visual_projection				LC26	LC26			acetylcholine	0.584486903315052			left		fw013095	FBbt_00111761		isomorphic			
82547485058918689	720575940607838473	173104.0	79512.0	2993.0	173104.0	79512.0	2993.0	7460878.0	intrinsic	visual_projection				MTe54	MC62			acetylcholine	0.8821356404353773			right		fw013107	FBbt_00111768		isomorphic			
82617785083487766	720575940626522000	174384.0	78544.0	2916.0	174384.0	78544.0	2916.0	7462122.0	intrinsic	visual_projection				MTe54	MC62			acetylcholine	0.8933204060045518			right		fw013151	FBbt_00111768		isomorphic			
77058310830067127	720575940638955864	93976.0	74216.0	3778.0	93976.0	74216.0	3778.0	2138391.0	intrinsic	visual_projection				LC26	LC26			acetylcholine	0.6476274616599943			left		fw013155	FBbt_00111761		isomorphic			
82547278900376948	720575940605899878	173232.0	77288.0	2919.0	173232.0	77288.0	2919.0	7460962.0	intrinsic	visual_projection				MTe54	MC62			acetylcholine	0.9321718802453463			right		fw013218	FBbt_00111768		isomorphic			
76565867059606407	720575940628927996	86088.0	75408.0	3646.0	86088.0	75408.0	3646.0	1951479.0	intrinsic	visual_projection				MTe54	MC62			acetylcholine	0.857565441806424			left		fw013229	FBbt_00111768		isomorphic			
83038623158801512	720575940629426250	180888.0	58536.0	2776.0	180888.0	58536.0	2776.0	7678318.0	intrinsic	visual_projection				LC28a	LC28a,LC28b			acetylcholine	0.8900546505341637			right		fw013280			isomorphic			
76846861000149126	720575940618350676	90720.0	68664.0	3758.0	90720.0	68664.0	3758.0	2121628.0	intrinsic	visual_projection				LC28b	LC28a,LC28b			acetylcholine	0.8069923217396241			left		fw013320			isomorphic			
83038760597525902	720575940626950602	180648.0	60160.0	2590.0	180648.0	60160.0	2590.0	7678220.0	intrinsic	visual_projection				LC28b	LC28a,LC28b			acetylcholine	0.8018885452504015			right		fw013333			isomorphic			
81914235147387654	720575940626082855	164440.0	80640.0	3133.0	164440.0	80640.0	3133.0	7164736.0	intrinsic	visual_projection				LC26	LC26			acetylcholine	0.652054177055008			right		fw013362	FBbt_00111761		isomorphic			
82125478752156170	720575940627190659	166888.0	83312.0	2937.0	166888.0	83312.0	2937.0	7202800.0	intrinsic	visual_projection				MTe54				acetylcholine	0.753493681292812			right		fw013363			isomorphic			
82406197747675610	720575940630358138	171504.0	71592.0	2545.0	171504.0	71592.0	2545.0	7137122.0	intrinsic	visual_projection				LC28a	LC28a,LC28b			acetylcholine	0.8853821020571371			right		fw013365			isomorphic			
76565248517521480	720575940621238107	86808.0	66760.0	3383.0	86808.0	66760.0	3383.0	1939878.0	intrinsic	visual_projection				LC28a	LC28a,LC28b			acetylcholine	0.9135061145730602			left		fw013473			isomorphic			
76283292504606784	720575940627043197	82560.0	59584.0	3494.0	82560.0	59584.0	3494.0	1892034.0	intrinsic	visual_projection				LC28a	LC28a,LC28b			acetylcholine	0.9209264434208847			left		fw013564			isomorphic			
82546660424689424	720575940639606837	173624.0	67888.0	2650.0	173624.0	67888.0	2650.0	7437514.0	intrinsic	visual_projection				LC28a	LC28a,LC28b			acetylcholine	0.8889922008008783			right		fw013577			isomorphic			
82405991655947457	720575940633166487	171304.0	69056.0	2735.0	171304.0	69056.0	2735.0	7137088.0	intrinsic	visual_projection				LC28a	LC28a,LC28b			acetylcholine	0.9229329808604362			right		fw013640			isomorphic			
82617441486112149	720575940614908113	174336.0	74120.0	2947.0	174336.0	74120.0	2947.0	7462025.0	intrinsic	visual_projection				MTe54	MC62			acetylcholine	0.8835161014919197			right		fw013661	FBbt_00111768		isomorphic			
82406747570268077	720575940625212709	171560.0	79744.0	2783.0	171560.0	79744.0	2783.0	7164085.0	intrinsic	visual_projection				MTe54	MC62			acetylcholine	0.8781307861526972			right		fw013704	FBbt_00111768		isomorphic			
83108991902932220	720575940629239631	181336.0	58464.0	2725.0	181336.0	58464.0	2725.0	7678677.0	intrinsic	visual_projection				LC28a	LC28a,LC28b			acetylcholine	0.8963432912791355			right		fw013715			isomorphic			
82617647644321480	720575940605178558	174512.0	77224.0	2747.0	174512.0	77224.0	2747.0	7462110.0	intrinsic	visual_projection				MTe54	MC62			acetylcholine	0.888258008378249			right		fw013790	FBbt_00111768		isomorphic			
82054835196771572	720575940620885598	166200.0	78536.0	3129.0	166200.0	78536.0	3129.0	7164985.0	intrinsic	visual_projection				LC26	LC26			acetylcholine	0.6671299481540311			right		fw013816	FBbt_00111761		isomorphic			
77199185757476950	720575940639627334	95264.0	76288.0	3849.0	95264.0	76288.0	3849.0	2138797.0	intrinsic	visual_projection				LC26	LC26			acetylcholine	0.5870941736941023			left		fw013821	FBbt_00111761		isomorphic			
76565592181762488	720575940607304322	86696.0	71672.0	3679.0	86696.0	71672.0	3679.0	1939805.0	intrinsic	visual_projection				MTe54	MC62			acetylcholine	0.8714253809811249			left		fw013871	FBbt_00111768		isomorphic			
77410429496291973	720575940624887845	99152.0	77728.0	4529.0	99152.0	77728.0	4529.0	2696723.0	intrinsic	visual_projection				LC26	LC26			acetylcholine	0.6395497887671049			left		fw013930	FBbt_00111761		isomorphic			
76565386023369229	720575940624028647	86064.0	68680.0	3735.0	86064.0	68680.0	3735.0	1939503.0	intrinsic	visual_projection				MTe54	MC62			acetylcholine	0.8612062153492035			left		fw013934	FBbt_00111768		isomorphic			
83038691811570313	720575940629008066	180960.0	59040.0	2523.0	180960.0	59040.0	2523.0	7678349.0	intrinsic	visual_projection				LC28b	LC28a,LC28b			acetylcholine	0.9226671087699098			right		fw014080			isomorphic			
82968598011989884	720575940623144885	179432.0	63600.0	2733.0	179432.0	63600.0	2733.0	7415572.0	intrinsic	visual_projection				LC28a	LC28a,LC28b			acetylcholine	0.9405141053784467			right		fw014131			isomorphic			
76494742401665339	720575940624084518	85112.0	64600.0	4014.0	85112.0	64600.0	4014.0	1894065.0	intrinsic	visual_projection				MTe54	MC62			acetylcholine	0.8999762152228639			left		fw014139	FBbt_00111768		isomorphic			
76565867059762084	720575940615042001	86584.0	75536.0	3750.0	86584.0	75536.0	3750.0	1951621.0	intrinsic	visual_projection				MTe54	MC62			acetylcholine	0.8719389972861589			left		fw014154	FBbt_00111768		isomorphic			
76495085998572968	720575940615874966	85632.0	70216.0	3681.0	85632.0	70216.0	3681.0	1939338.0	intrinsic	visual_projection				MTe54	MC62			acetylcholine	0.871563859473256			left		fw014156	FBbt_00111768		isomorphic			
82547278900313663	720575940633698970	173352.0	76696.0	2879.0	173352.0	76696.0	2879.0	7461054.0	intrinsic	visual_projection				MTe54	MC62			acetylcholine	0.8677229442753074			right		fw014271	FBbt_00111768		isomorphic			
76565798340142663	720575940626404173	86544.0	74888.0	3659.0	86544.0	74888.0	3659.0	1951606.0	intrinsic	visual_projection				MTe54	MC62			acetylcholine	0.8097630248130963			left		fw014355	FBbt_00111768		isomorphic			
82757629151678261	720575940622017601	176168.0	65872.0	2478.0	176168.0	65872.0	2478.0	7438629.0	intrinsic	visual_projection				LC28a	LC28a,LC28b			acetylcholine	0.8996700672880301			right		fw014385			isomorphic			
76495017212623359	720575940633446860	85792.0	69112.0	3572.0	85792.0	69112.0	3572.0	1939377.0	intrinsic	visual_projection				MTe54	MC62			acetylcholine	0.8542428120894484			left		fw015200	FBbt_00111768		isomorphic			
82617029102386561	720575940615950742	174784.0	67856.0	2575.0	174784.0	67856.0	2575.0	7437836.0	intrinsic	visual_projection				LC28a	LC28a,LC28b			acetylcholine	0.8721012179854708			right		fw015230			isomorphic			
76565798273603396	720575940638604777	86888.0	75216.0	3548.0	86888.0	75216.0	3548.0	1951749.0	intrinsic	visual_projection				MTe54	MC62			acetylcholine	0.786954745121083			left		fw015286	FBbt_00111768		isomorphic			
76706535761946779	720575940613977315	88280.0	74896.0	3532.0	88280.0	74896.0	3532.0	1952279.0	intrinsic	visual_projection				MTe54	MC62			acetylcholine	0.8182574784839481			left		fw015290	FBbt_00111768		isomorphic			
82968529225478495	720575940624348201	179560.0	62232.0	2294.0	179560.0	62232.0	2294.0	7415603.0	intrinsic	visual_projection				LC28a	LC28a,LC28b			acetylcholine	0.8880784870813688			right		fw015352			isomorphic			
82968460506134433	720575940640383603	179880.0	61296.0	2376.0	179880.0	61296.0	2376.0	7415658.0	intrinsic	visual_projection				LC28a	LC28a,LC28b			acetylcholine	0.9393300308709318			right		fw015399			isomorphic			
76565317303960036	720575940615913439	86872.0	68072.0	3778.0	86872.0	68072.0	3778.0	1939852.0	intrinsic	visual_projection				MTe54	MC62			acetylcholine	0.853357153667497			left		fw015582	FBbt_00111768		isomorphic			
76565111078694676	720575940620360769	86016.0	65064.0	3450.0	86016.0	65064.0	3450.0	1894374.0	intrinsic	visual_projection				LC28a	LC28a,LC28b			acetylcholine	0.8945942293891042			left		fw016361			isomorphic			
82827929176303083	720575940628053074	177864.0	64296.0	2439.0	177864.0	64296.0	2439.0	7415325.0	intrinsic	visual_projection				LC28a	LC28a,LC28b			acetylcholine	0.8972361101224399			right		fw016641			isomorphic			
76494948559699312	720575940640658083	85824.0	67840.0	3716.0	85824.0	67840.0	3716.0	1939345.0	intrinsic	visual_projection				MTe54	MC62			acetylcholine	0.8662918095019466			left		fw016671	FBbt_00111768		isomorphic			
83038691811356883	720575940622325174	180896.0	59336.0	2392.0	180896.0	59336.0	2392.0	7678313.0	intrinsic	visual_projection				LC28a	LC28a,LC28b			acetylcholine	0.9077637767562398			right		fw017245			isomorphic			
76423755248813559	720575940632444217	84048.0	55152.0	4162.0	84048.0	55152.0	4162.0	1852022.0	intrinsic	visual_projection				LC28a	LC28a,LC28b			acetylcholine	0.9117714157622389			left		fw017395			isomorphic			
82617372766510225	720575940631408604	174184.0	73152.0	2836.0	174184.0	73152.0	2836.0	7437706.0	intrinsic	visual_projection				MTe54	MC62			acetylcholine	0.9040599723822249			right		fw020842	FBbt_00111768		isomorphic			
76706467042450224	720575940617487477	88752.0	74360.0	3548.0	88752.0	74360.0	3548.0	1952581.0	intrinsic	visual_projection				MTe54	MC62			acetylcholine	0.7472961265740423			left		fw021266	FBbt_00111768		isomorphic			
76142074046719882	720575940631352147	80584.0	51864.0	3778.0	80584.0	51864.0	3778.0	1515885.0	intrinsic	visual_projection				LC28a	LC28a,LC28b			acetylcholine	0.8710419664418928			left		fw030270			isomorphic			
78254510560282088	720575940606415317	111190.0	72820.0	2249.0					afferent	sensory	mechanosensory	grooming		JO-FVA				acetylcholine	0.7400980469445849			left	AN	fw043596			isomorphic			
78184073029612117	720575940612988575	110388.0	72234.0	1806.0					afferent	sensory	mechanosensory	grooming		JO-FVA				acetylcholine	0.5963201330094354			left	AN	fw043597			isomorphic			
78184279255298996	720575940625561348	109933.0	75332.0	2441.0					afferent	sensory	mechanosensory	grooming		JO-FVA				acetylcholine	0.6601005565138159			left	AN	fw043598			isomorphic			
78184279255247206	720575940618055003	109982.0	74462.0	2401.0					afferent	sensory	mechanosensory	grooming		JO-FVA				acetylcholine	0.5808876602266656			left	AN	fw043599			isomorphic			
78043335474258670	720575940617815687	108318.0	72025.0	1407.0					afferent	sensory	mechanosensory	grooming		JO-FVA				acetylcholine	0.6700056370470379			left	AN	fw043600			isomorphic			
78254441773865507	720575940610121625	111307.0	72177.0	1854.0					afferent	sensory	mechanosensory	grooming		JO-FVA				acetylcholine	0.2749155496227012			left	AN	fw043601			isomorphic			
78113910510773561	720575940636785205	109321.0	74414.0	2165.0					afferent	sensory	mechanosensory	grooming		JO-FVA				acetylcholine	0.7426584066154802			left	AN	fw043602			isomorphic			
78113979230498651	720575940625095813	109242.0	75399.0	2333.0					afferent	sensory	mechanosensory	grooming		JO-FVA				acetylcholine	0.5994097568708131			left	AN	fw043603			isomorphic			
78324948091001557	720575940615285393	112429.0	74131.0	2708.0					afferent	sensory	mechanosensory	grooming		JO-FVA				acetylcholine	0.8242922218282649			left	AN	fw043604			isomorphic			
78254579279843905	720575940628091910	111001.0	73385.0	2311.0					afferent	sensory	mechanosensory	grooming		JO-FVA				acetylcholine	0.6260138485390031			left	AN	fw043605			isomorphic			
78113979230584668	720575940615458594	109434.0	75477.0	2386.0					afferent	sensory	mechanosensory	grooming		JO-FVA				acetylcholine	0.5612118754151078			left	AN	fw043607			isomorphic			
78113910511152548	720575940610146713	108604.0	75107.0	2468.0					afferent	sensory	mechanosensory	grooming		JO-FVA				acetylcholine	0.5304813624424867			left	AN	fw043610			isomorphic			
78254510560440441	720575940615862322	111346.0	72918.0	2362.0					afferent	sensory	mechanosensory	grooming		JO-FVA				acetylcholine	0.39656828049994325			left	AN	fw043612			isomorphic			
78184347974877042	720575940612763242	109867.0	75789.0	2484.0					afferent	sensory	mechanosensory	grooming		JO-FVA				acetylcholine	0.7190402716081193			left	AN	fw043613			isomorphic			
78254510560385662	720575940629347626	110938.0	73144.0	2308.0					afferent	sensory	mechanosensory	grooming		JO-FVA				acetylcholine	0.5372337394514561			left	AN	fw043614			isomorphic			
78184210535580461	720575940625763015	110408.0	73545.0	2248.0					afferent	sensory	mechanosensory	grooming		JO-FVA				acetylcholine	0.6762999286762227			left	AN	fw043619			isomorphic			
78184210535591549	720575940616613022	109864.0	74334.0	2248.0					afferent	sensory	mechanosensory	grooming		JO-FVA				acetylcholine	0.6733056416593437			left	AN	fw043620			isomorphic			
78254510560334196	720575940606222428	110711.0	73264.0	2275.0					afferent	sensory	mechanosensory	grooming		JO-FVA				acetylcholine	0.36112893706029003			left	AN	fw043621			isomorphic			
78184279255195870	720575940610753503	110139.0	75052.0	2362.0					afferent	sensory	mechanosensory	grooming		JO-FVA				serotonin	0.5810355413940202			left	AN	fw043622			isomorphic			
78324879304729321	720575940628935564	111786.0	72959.0	2423.0					afferent	sensory	mechanosensory	grooming		JO-FVA				acetylcholine	0.6104716951220476			left	AN	fw043623			isomorphic			
78747366781478340	720575940627704375	118596.0	76975.0	3135.0					afferent	sensory	mechanosensory	grooming		JO-FVA				acetylcholine	0.6781098182534335			left	AN	fw043625			isomorphic			
78184004310336956	720575940606239243	110302.0	70786.0	1957.0					afferent	sensory	mechanosensory	grooming		JO-FVA				acetylcholine	0.76827071933791			left	AN	fw043628			isomorphic			
78676997970741162	720575940625915338	117158.0	77091.0	3034.0					afferent	sensory	mechanosensory	grooming		JO-FVA				acetylcholine	0.6674467192477245			left	AN	fw043630			isomorphic			
78184004310245498	720575940624308355	110491.0	71259.0	1878.0					afferent	sensory	mechanosensory	grooming		JO-FVA				acetylcholine	0.46715180133895184			left	AN	fw043632			isomorphic			
78254579280089107	720575940617273560	111333.0	73951.0	2511.0					afferent	sensory	mechanosensory	grooming		JO-FVA				acetylcholine	0.7488996422399241			left	AN	fw043633			isomorphic			
78043541700181556	720575940629199402	108092.0	74498.0	2057.0					afferent	sensory	mechanosensory	grooming		JO-FVA				acetylcholine	0.5960054094903473			left	AN	fw043634			isomorphic			
78254510560155843	720575940638529525	111193.0	72338.0	2155.0					afferent	sensory	mechanosensory	grooming		JO-FVA				acetylcholine	0.720476984922849			left	AN	fw043635			isomorphic			
78254579279936886	720575940614929245	111079.0	73735.0	2382.0					afferent	sensory	mechanosensory	grooming		JO-FVA				acetylcholine	0.5404853186417004			left	AN	fw043636			isomorphic			
78888172989297852	720575940625733960	120142.0	78339.0	3137.0					afferent	sensory	mechanosensory	grooming		JO-FVA				acetylcholine	0.39390619769196544			left	AN	fw043637			isomorphic			
78325016743898706	720575940642352117	111594.0	75192.0	2563.0					afferent	sensory	mechanosensory	grooming		JO-FVA				acetylcholine	0.5298846632306683			left	AN	fw043640			isomorphic			
78254648066054671	720575940629386819	111243.0	74644.0	2581.0					afferent	sensory	mechanosensory	grooming		JO-FVA				acetylcholine	0.5088206135757368			left	AN	fw043641			isomorphic			
78043472980316589	720575940617524053	108261.0	73535.0	1881.0					afferent	sensory	mechanosensory	grooming		JO-FVA				acetylcholine	0.7961672751184948			left	AN	fw043642			isomorphic			
78184141749080443	720575940621532413	110147.0	72359.0	1806.0					afferent	sensory	mechanosensory	grooming		JO-FVA				acetylcholine	0.550754563720944			left	AN	fw043643			isomorphic			
78676929251250665	720575940624224408	117435.0	76013.0	3025.0					afferent	sensory	mechanosensory	grooming		JO-FVA				acetylcholine	0.5944627939511032			left	AN	fw043644			isomorphic			
78324810585142101	720575940613012959	111813.0	72086.0	2361.0					afferent	sensory	mechanosensory	grooming		JO-FVA				acetylcholine	0.47525159756473284			left	AN	fw043646			isomorphic			
78606491787564372	720575940623791152	115928.0	74536.0	2995.0					afferent	sensory	mechanosensory	grooming		JO-FVA				acetylcholine	0.7028895418515096			left	AN	fw043648			isomorphic			
78254579279941443	720575940626956777	111263.0	73646.0	2398.0					afferent	sensory	mechanosensory	grooming		JO-FVA				acetylcholine	0.716060516476579			left	AN	fw043650			isomorphic			
78254441840604207	720575940615473186	111090.0	72288.0	2094.0					afferent	sensory	mechanosensory	grooming		JO-FVA				acetylcholine	0.42616205725743445			left	AN	fw043651			isomorphic			
78184141749308887	720575940627868471	110050.0	72434.0	1983.0					afferent	sensory	mechanosensory	grooming		JO-FVA				acetylcholine	0.6320241365038496			left	AN	fw043652			isomorphic			
78254510560364598	720575940619047028	111483.0	72542.0	2313.0					afferent	sensory	mechanosensory	grooming		JO-FVA				acetylcholine	0.5483275647463296			left	AN	fw043653			isomorphic			
78606629226486604	720575940610008217	116366.0	76565.0	2971.0					afferent	sensory	mechanosensory	grooming		JO-FVA				acetylcholine	0.6188596178887025			left	AN	fw043658			isomorphic			
78747504220509438	720575940613105311	118093.0	78678.0	3198.0					afferent	sensory	mechanosensory	grooming		JO-FVA				acetylcholine	0.5932349893875497			left	AN	fw043659			isomorphic			
78325016810425356	720575940614026269	112244.0	75386.0	2692.0					afferent	sensory	mechanosensory	grooming		JO-FVA				acetylcholine	0.35837591748870073			left	AN	fw043661			isomorphic			
78395385554842947	720575940622222856	113148.0	75217.0	2835.0					afferent	sensory	mechanosensory	grooming		JO-FVA				dopamine	0.38414087653919554			left	AN	fw043662			isomorphic			
78254510560108216	720575940606657493	111128.0	72386.0	2119.0					afferent	sensory	mechanosensory	grooming		JO-FVA				acetylcholine	0.556679269336486			left	AN	fw043664			isomorphic			
78254579280124839	720575940637366335	111522.0	73859.0	2535.0					afferent	sensory	mechanosensory	grooming		JO-FVA				acetylcholine	0.34768742067264136			left	AN	fw043665			isomorphic			
78465754299091262	720575940625571240	113853.0	74987.0	2915.0					afferent	sensory	mechanosensory	grooming		JO-FVA				acetylcholine	0.7804104244026899			left	AN	fw043670			isomorphic			
76142073980036992	720575940645638708	80210.0	52457.0	3575.0	80206.0	52404.0	3556.0		intrinsic	visual_projection				LC28b	LC28a,LC28b			acetylcholine	0.9250725307380527			left		fw044194			isomorphic			
78184073096429991	720575940630667587	110437.0	71722.0	2091.0					afferent	sensory	mechanosensory	grooming		JO-FVA				acetylcholine	0.6621314860019004			left	AN	fw044758			isomorphic			
81984672611166982	720575940618110621	164838.0	81868.0	3233.0	164824.0	81848.0	3240.0	7164796.0	intrinsic	visual_projection				LC26	LC26			acetylcholine	0.6417909529456879			right		fw045238	FBbt_00111761		isomorphic			
78536191762833346	720575940617074004	114610.0	75630.0	2988.0					afferent	sensory	mechanosensory	grooming		JO-FVA				acetylcholine	0.6997574466250088			left	AN	fw047251			isomorphic			
76775324092276761	720575940623536086	89631.0	51236.0	4563.0	86064.0	51584.0	4295.0	1852951.0	intrinsic	visual_projection				LC28b	LC28a,LC28b			acetylcholine	0.8078752436164454			left		fw047314			isomorphic			
76775324092379366	720575940625152236	89781.0	51279.0	4621.0	82212.0	51208.0	3912.0		intrinsic	visual_projection				LC28b	LC28a,LC28b			acetylcholine	0.8890001320955847			left		fw047426			isomorphic			
76987323677925305	720575940637319231	92126.0	64367.0	4447.0	84154.0	55371.0	4189.0		intrinsic	visual_projection				LC28b	LC28a,LC28b			acetylcholine	0.8560729568237975			left		fw047675			isomorphic			
79029116636153490	720575940614715295	121903.0	81480.0	3193.0					afferent	sensory	mechanosensory	grooming		JO-FVA				acetylcholine	0.5963176576494267			left	AN	fw047718			isomorphic			
76917023653020315	720575940627460483	91243.0	65165.0	4312.0	82384.0	55752.0	3888.0		intrinsic	visual_projection				LC28b	LC28a,LC28b			acetylcholine	0.882256209128736			left		fw047905			isomorphic			
82265116862791389	720575940627057832	169551.0	67092.0	3725.0	165561.0	81868.0	3060.0		intrinsic	visual_projection				LC26	LC26			acetylcholine	0.6234588361767996			right		fw048058	FBbt_00111761		isomorphic			
76705024067520587	720575940630635595	88847.0	52726.0	4501.0	82037.0	50396.0	4125.0		intrinsic	visual_projection				LC28b	LC28a,LC28b			acetylcholine	0.6747811624519436			left		fw048107			isomorphic			
77128129885744328	720575940621632646	94288.0	65980.0	4458.0	93505.0	75265.0	3792.0		intrinsic	visual_projection				LCe02	LC26			acetylcholine	0.7953638618204047			left		fw048108			isomorphic			
77409604929701002	720575940614988199	98796.0	66031.0	5075.0	86040.0	64240.0	3613.0	1894376.0	intrinsic	visual_projection				LC28a	LC28a,LC28b			acetylcholine	0.9323455285093456			left		fw011424			isomorphic			
78113704285194747	720575940639410035	109439.0	71574.0	1634.0					afferent	sensory	mechanosensory	grooming		JO-FVA				acetylcholine	0.6871148315339025			left	AN	fw048311			isomorphic			
78184004310234070	720575940627883087	110014.0	70924.0	1877.0					afferent	sensory	mechanosensory	grooming		JO-FVA				acetylcholine	0.7863015906994684			left	AN	fw048364			isomorphic			
78254441840851625	720575940621097398	111200.0	72116.0	2268.0					afferent	sensory	mechanosensory	grooming		JO-FVA				acetylcholine	0.5969014845294998			left	AN	fw049384			isomorphic			
78184279255219677	720575940631277354	110142.0	75051.0	2377.0					afferent	sensory	mechanosensory	grooming		JO-FVA				acetylcholine	0.7195628612848666			left	AN	fw049390			isomorphic			
78254441840673702	720575940623077389	111278.0	72036.0	2138.0					afferent	sensory	mechanosensory	grooming		JO-FVA				acetylcholine	0.5575116234443461			left	AN	fw049418			isomorphic			
78254579279999638	720575940633364179	111264.0	73828.0	2430.0					afferent	sensory	mechanosensory	grooming		JO-FVA				serotonin	0.38375898475593606			left	AN	fw049432			isomorphic			
78254510560339525	720575940606611401	111228.0	72936.0	2293.0					afferent	sensory	mechanosensory	grooming		JO-FVA				acetylcholine	0.67804818173264			left	AN	fw049517			isomorphic			
78183866804261818	720575940626873240	109836.0	68980.0	1468.0					afferent	sensory	mechanosensory	grooming		JO-FVA				acetylcholine	0.7681384226426922			left	AN	fw049557			isomorphic			
76283292571283093	720575940623968973	82532.0	59256.0	3663.0	82516.0	59313.0	3650.0		intrinsic	visual_projection				LC28b	LC28a,LC28b			acetylcholine	0.8944929207848302			left		fw049633			isomorphic			
76423617809912917	720575940612699670	84132.0	53148.0	4184.0	84018.0	53082.0	4174.0		intrinsic	visual_projection				LC28b	LC28a,LC28b			acetylcholine	0.8442974064302516			left		fw049745			isomorphic			
76845555397042109	720575940610230852	91020.0	48926.0	4179.0	92320.0	76464.0	3588.0	2137666.0	intrinsic	visual_projection				LC26	LC26			acetylcholine	0.5386341945648085			left		fw049844	FBbt_00111761		isomorphic			
76564355298392919	720575940629864747	86681.0	53483.0	4311.0	83230.0	50405.0	3990.0		intrinsic	visual_projection				LC28b	LC28a,LC28b			acetylcholine	0.748511061261896			left		fw049940			isomorphic			
76142005327189077	720575940644851236	80024.0	51648.0	3727.0	80024.0	51648.0	3727.0	1515584.0	intrinsic	visual_projection				LC28a	LC28a,LC28b			acetylcholine	0.8910053444894969			left		fw050140			isomorphic			
81913685526157643	720575940624438675	164589.0	73204.0	4443.0	175012.0	62400.0	3416.0		intrinsic	visual_projection				LC28a	LC28a,LC28b			acetylcholine	0.9108509333642489			right		fw050155			isomorphic			
76985880636058895	720575940645903982	92911.0	42870.0	4989.0	81726.0	54313.0	3931.0		intrinsic	visual_projection				LC28a	LC28a,LC28b			acetylcholine	0.9108937629028032			left		fw050230			isomorphic			
76283842327279608	720575940615630247	82547.0	67948.0	3798.0	86352.0	75872.0	3593.0	1951510.0	intrinsic	visual_projection				MTe54	MC62			acetylcholine	0.42831326995784486			left		fw050232	FBbt_00111768		isomorphic			
77128198605058726	720575940622288054	94560.0	66823.0	4350.0					intrinsic	visual_projection				LC26	LC26			acetylcholine	0.5854425288688431			left		fw050307	FBbt_00111761		isomorphic			
75087986194300562	720575940618029286	64927.0	73450.0	5216.0	86616.0	74104.0	3599.0	1951643.0	intrinsic	visual_projection				MTe54	MC62			acetylcholine	0.8839778368990925			left		fw050356	FBbt_00111768		isomorphic			
83532647544522806	720575940640445272	187639.0	80439.0	3544.0	174040.0	78152.0	2961.0	7461891.0	intrinsic	visual_projection				MTe54	MC62			acetylcholine	0.8988246940354202			right		fw050357	FBbt_00111768		isomorphic			
76426091845409196	720575940628516100	84464.0	89824.0	5446.0	84464.0	89824.0	5446.0	1969154.0	intrinsic	optic	ME>LO			MLt6				acetylcholine	0.8512360795947781			left		fw050583			isomorphic			
76426091845163462	720575940622115238	84272.0	90264.0	5148.0	84272.0	90264.0	5148.0	1965400.0	intrinsic	optic	ME			MLt6				acetylcholine	0.8197681687104104			left		fw050776			isomorphic			
81914304068408500	720575940614457651	164184.0	82200.0	4839.0	164184.0	82200.0	4839.0	6922396.0	intrinsic	optic	LOP>ME.LO			Tlp14				glutamate	0.5794259154156719	glutamate	Nern et al., 2024 (EASI-FISH)	right		fw050779			isomorphic			
76283980168669192	720575940636258423	82328.0	69472.0	6711.0	82328.0	69472.0	6711.0	1558109.0	intrinsic	optic	LOP>LO			Tlp14				glutamate	0.5495528379151398	glutamate	Nern et al., 2024 (EASI-FISH)	left		fw050868			isomorphic			
82407091234482928	720575940624483012	170992.0	85288.0	3101.0	170992.0	85288.0	3101.0	7210596.0	intrinsic	optic	ME	tangential		Sm20				acetylcholine	0.8618063636048493			right		fw051049			isomorphic			
77620779948267648	720575940621702383	101768.0	66728.0	5160.0	101768.0	66728.0	5160.0	2574636.0	intrinsic	optic	LO>ME	tangential		LMt2				glutamate	0.637966222337983			left		fw051112			isomorphic			
82477459912053211	720575940642734792	172824.0	85184.0	3047.0	172824.0	85184.0	3047.0	7477577.0	intrinsic	optic	ME	tangential		Sm20				acetylcholine	0.8954847717909272			right		fw051389			isomorphic			
82477253753774192	720575940635685530	172232.0	82400.0	3060.0	172232.0	82400.0	3060.0	7210875.0	intrinsic	optic	ME	tangential		Sm20				acetylcholine	0.8861284984534666			right		fw051400			isomorphic			
81632279335940293	720575940631187004	160544.0	73472.0	4872.0	160544.0	73472.0	4872.0	6892367.0	intrinsic	optic	LO>ME			LMa1				glutamate	0.5714877990233312			right		fw051403			isomorphic			
77550342484981750	720575940635570784	101256.0	65232.0	5447.0	101256.0	65232.0	5447.0	2538227.0	intrinsic	optic	LO>ME	tangential		LMt2				glutamate	0.6290343836104215			left		fw051424			isomorphic			
77620711228995807	720575940628912388	101808.0	65824.0	5323.0	101808.0	65824.0	5323.0	2538328.0	intrinsic	optic	LO>ME	tangential		LMt2				glutamate	0.5807909176861795			left		fw051434			isomorphic			
77268730002083724	720575940633789779	96269.0	63265.0	4830.0	103128.0	67640.0	5087.0	2575245.0	intrinsic	optic	ME>LO			LMa1				glutamate	0.6075807833563337			left		fw051484			isomorphic			
81772810732646942	720575940618467513	162488.0	71256.0	5156.0	162488.0	71256.0	5156.0	6893630.0	intrinsic	optic	LO>ME			LMa1				glutamate	0.6361815715496832			right		fw051554			isomorphic			
77832023619739901	720575940619880571	105144.0	69176.0	5156.0	105144.0	69176.0	5156.0	2575992.0	intrinsic	optic	LO>ME			LMa1				glutamate	0.5686231567107549			left		fw051592			isomorphic			
82477459978597759	720575940610793796	171984.0	85136.0	3090.0	171984.0	85136.0	3090.0	7210828.0	intrinsic	optic	ME	tangential		Sm20				acetylcholine	0.8893172945818225			right		fw051649			isomorphic			
76214367271664558	720575940632007954	81656.0	81296.0	6223.0	81656.0	81296.0	6223.0	1570548.0	intrinsic	optic	LOP>LO			Tlp14				glutamate	0.5441549354804096	glutamate	Nern et al., 2024 (EASI-FISH)	left		fw051729			isomorphic			
82477253753613777	720575940646331246	172040.0	81984.0	2938.0	172040.0	81984.0	2938.0	7164408.0	intrinsic	optic	ME	tangential		Sm20				acetylcholine	0.9544508646336582			right		fw051822			isomorphic			
77761654875573514	720575940631061241	104120.0	68816.0	5151.0	104120.0	68816.0	5151.0	2575527.0	intrinsic	optic	LO>ME			LMa1				glutamate	0.5880560373985415			left		fw051859			isomorphic			
77550342418140053	720575940615534092	100720.0	65680.0	5121.0	100720.0	65680.0	5121.0	2537308.0	intrinsic	optic	LO>ME	tangential		LMt2				glutamate	0.5646510705735353			left		fw051871			isomorphic			
76988491908766745	720575940634522524	92920.0	82088.0	4539.0	92920.0	82088.0	4539.0	2142443.0	intrinsic	optic	ME>LO			MLt6				acetylcholine	0.9179212980387006			left		fw051884			isomorphic			
77691286131379075	720575940620514384	103248.0	69232.0	5148.0	103248.0	69232.0	5148.0	2575321.0	intrinsic	optic	LO>ME			LMa1				glutamate	0.5828332196915347			left		fw051925			isomorphic			
82547622497862003	720575940622007361	173296.0	81728.0	3007.0	173296.0	81728.0	3007.0	7461038.0	intrinsic	optic	ME	tangential		Sm20				acetylcholine	0.9136807713821666			right		fw051926			isomorphic			
82618335174391532	720575940634675819	174104.0	86752.0	5143.0	174104.0	86752.0	5143.0	7482925.0	intrinsic	optic	LOP>LO			Tlp14				glutamate	0.6758995738831723	glutamate	Nern et al., 2024 (EASI-FISH)	right		fw052062			isomorphic			
81913067051057528	720575940615258178	163968.0	64024.0	4587.0	163968.0	64024.0	4587.0	6863886.0	intrinsic	optic	LO>ME			LMa1				glutamate	0.6189747054398035			right		fw052086			isomorphic			
77620711228841922	720575940628582929	101784.0	65272.0	5196.0	101784.0	65272.0	5196.0	2538305.0	intrinsic	optic	ME>LO			LMa1				glutamate	0.4995067992205298			left		fw052098			isomorphic			
82618403625384875	720575940630911744	174176.0	88304.0	3090.0	174176.0	88304.0	3090.0	7478272.0	intrinsic	optic	ME	tangential		Sm20				acetylcholine	0.8275511496828979			right		fw052120			isomorphic			
82266354014510128	720575940628315642	169552.0	84848.0	5141.0	169552.0	84848.0	5141.0	7217580.0	intrinsic	optic	LOP>LO			Tlp14				glutamate	0.6543579900675695	glutamate	Nern et al., 2024 (EASI-FISH)	right		fw052183			isomorphic			
82406678850668652	720575940629750060	171864.0	78816.0	2696.0	171864.0	78816.0	2696.0	7164267.0	intrinsic	optic	ME			MTe54				acetylcholine	0.834327534509671			right		fw052200			isomorphic			
83040341481302646	720575940627906033	180424.0	84136.0	5341.0	180424.0	84136.0	5341.0	7488125.0	intrinsic	optic	LOP>LO			Tlp14				glutamate	0.6832110333223304	glutamate	Nern et al., 2024 (EASI-FISH)	right		fw052204			isomorphic			
82406885009366006	720575940644753824	171912.0	82520.0	2878.0	171912.0	82520.0	2878.0	7210790.0	intrinsic	optic	ME	tangential		Sm20				acetylcholine	0.877645950920954			right		fw052468			isomorphic			
81632279336162066	720575940619714974	160144.0	73544.0	5015.0	160144.0	73544.0	5015.0	6892168.0	intrinsic	optic	LO>ME			LMa1				glutamate	0.5823888980621638			right		fw052469			isomorphic			
77902461083558563	720575940628419146	106336.0	69672.0	5270.0	106336.0	69672.0	5270.0	2598961.0	intrinsic	optic	LO>ME			LMa1				glutamate	0.6831596769703077			left		fw052484			isomorphic			
77550273765068783	720575940637574286	100760.0	65008.0	5140.0	100760.0	65008.0	5140.0	2537332.0	intrinsic	optic	LO>ME	tangential		LMt2				glutamate	0.6057253224118516			left		fw052513			isomorphic			
81702648080209143	720575940622791412	160800.0	73880.0	4943.0	160800.0	73880.0	4943.0	6892508.0	intrinsic	optic	LO>ME			LMa1				glutamate	0.5664138743360442			right		fw052627			isomorphic			
82477597417778061	720575940614738925	172088.0	87296.0	3209.0	172088.0	87296.0	3209.0	7215795.0	intrinsic	optic	ME	tangential		Sm20				acetylcholine	0.868737200154742			right		fw052715			isomorphic			
77972898547174389	720575940625661683	106640.0	70272.0	5233.0	106640.0	70272.0	5233.0	2600009.0	intrinsic	optic	LO>ME			LMa1				glutamate	0.6403062403450386			left		fw052726			isomorphic			
77761586089683523	720575940609842133	103768.0	68136.0	5133.0	103768.0	68136.0	5133.0	2575414.0	intrinsic	optic	LO>ME			LMa1				glutamate	0.44897344383587434			left		fw052732			isomorphic			
81632279335609766	720575940644776136	159784.0	73856.0	4639.0	159784.0	73856.0	4639.0	6892086.0	intrinsic	optic	LO>ME	tangential		LMt2				glutamate	0.627871333810691			right		fw052766			isomorphic			
77550273698666523	720575940640332110	100472.0	64280.0	5109.0	100472.0	64280.0	5109.0	2537268.0	intrinsic	optic	LO>ME			LMa1				glutamate	0.5296060902540327			left		fw052795			isomorphic			
82477597417693156	720575940626432714	172040.0	87104.0	3150.0	172040.0	87104.0	3150.0	7215744.0	intrinsic	optic	ME	tangential		Sm20				acetylcholine	0.9145261573289899			right		fw052805			isomorphic			
76285354357322353	720575940623266509	82560.0	90088.0	5490.0	82560.0	90088.0	5490.0	1968447.0	intrinsic	optic	ME>LO			MLt6				acetylcholine	0.8909865956035212			left		fw052824			isomorphic			
81632279335882220	720575940620944006	159824.0	73616.0	4827.0	159824.0	73616.0	4827.0	6892067.0	intrinsic	optic	LO>ME			LMa1				glutamate	0.573775883484508			right		fw052850			isomorphic			
82477185369582507	720575940620542068	171984.0	81120.0	5429.0	171984.0	81120.0	5429.0	7170211.0	intrinsic	optic	LOP>LO			Tlp14				glutamate	0.6281554879223415	glutamate	Nern et al., 2024 (EASI-FISH)	right		fw052883			isomorphic			
82617991577624636	720575940607869193	174952.0	81936.0	5562.0	174952.0	81936.0	5562.0	7469673.0	intrinsic	optic	LOP>LO			Tlp14				glutamate	0.6811668152687265	glutamate	Nern et al., 2024 (EASI-FISH)	right		fw053008			isomorphic			
81561910591593815	720575940647674676	158872.0	73792.0	4770.0	158872.0	73792.0	4770.0	6891817.0	intrinsic	optic	LO>ME			LMa1				glutamate	0.46662716679718796			right		fw053190			isomorphic			
77550342484663252	720575940617319766	101144.0	65512.0	5196.0	101144.0	65512.0	5196.0	2538209.0	intrinsic	optic	LO>ME	tangential		LMt2				glutamate	0.591724441032181			left		fw053377			isomorphic			
76777316889526019	720575940625708839	89672.0	80824.0	3903.0	89672.0	80824.0	3903.0	1953568.0	intrinsic	optic	ME	tangential		Sm20				acetylcholine	0.8928757790995534			left		fw057603			isomorphic			
76636923065812263	720575940635499415	87744.0	86536.0	4491.0	87744.0	86536.0	4491.0	1966569.0	intrinsic	optic	ME>LO			MLt6				acetylcholine	0.854441247719767			left		fw057615			isomorphic			
76566210657170013	720575940614376685	86880.0	81184.0	3814.0	86880.0	81184.0	3814.0	1951758.0	intrinsic	optic	ME	tangential		Sm20				acetylcholine	0.9168384961588196			left		fw057739			isomorphic			
82336859996402272	720575940621041232	170264.0	87360.0	3628.0	170264.0	87360.0	3628.0	7214651.0	intrinsic	optic	ME>LO			MLt6				acetylcholine	0.8781245495327289			right		fw058029			isomorphic			
82266353746329087	720575940627267965	169616.0	84680.0	3254.0	169616.0	84680.0	3254.0	7213533.0	intrinsic	optic	ME>LO			MLt6				acetylcholine	0.8959054238999851			right		fw058067			isomorphic			
76496323016412661	720575940611617486	85616.0	87760.0	4576.0	85616.0	87760.0	4576.0	1965642.0	intrinsic	optic	ME>LO			MLt6				acetylcholine	0.8417270982472672			left		fw058068			isomorphic			
76707085651385030	720575940629965842	88920.0	83240.0	4167.0	88920.0	83240.0	4167.0	1967005.0	intrinsic	optic	ME>LO			MLt6				acetylcholine	0.8959605715163572			left		fw058087			isomorphic			
82196053721668933	720575940620065147	168216.0	86200.0	3407.0	168216.0	86200.0	3407.0	7212816.0	intrinsic	optic	ME	tangential		Sm20				acetylcholine	0.8837853639712936			right		fw058088			isomorphic			
76777316889611757	720575940660541569	89448.0	81296.0	3972.0	89448.0	81296.0	3972.0	1953344.0	intrinsic	optic	ME	tangential		Sm20				acetylcholine	0.9299197637728499			left		fw058090			isomorphic			
82266491252218258	720575940626081573	169520.0	87256.0	3643.0	169520.0	87256.0	3643.0	7213488.0	intrinsic	optic	ME>LO			MLt6				acetylcholine	0.8676108742400083			right		fw058091			isomorphic			
76496391802969680	720575940615424162	85576.0	89112.0	4864.0	85576.0	89112.0	4864.0	1965582.0	intrinsic	optic	ME>LO			MLt6				acetylcholine	0.8843378863669547			left		fw058129			isomorphic			
76566348096030468	720575940633319213	86824.0	82912.0	3891.0	86824.0	82912.0	3891.0	1964309.0	intrinsic	optic	ME	tangential		Sm20				acetylcholine	0.9320090837025018			left		fw058186			isomorphic			
76847891859297864	720575940647072564	90944.0	83840.0	4552.0	90944.0	83840.0	4552.0	2154297.0	intrinsic	optic	ME>LO			MLt6				acetylcholine	0.8960767386504822			left		fw058252			isomorphic			
82266559971662449	720575940612293489	169896.0	88480.0	3718.0	169896.0	88480.0	3718.0	7213973.0	intrinsic	optic	ME>LO			MLt6				acetylcholine	0.6048067269020165			right		fw058276			isomorphic			
82195985002377967	720575940620023350	168288.0	85224.0	3423.0	168288.0	85224.0	3423.0	7212857.0	intrinsic	optic	ME>LO			MLt6				acetylcholine	0.9235444844964553			right		fw058306			isomorphic			
82407366179593048	720575940614583471	171248.0	89696.0	3760.0	171248.0	89696.0	3760.0	7215350.0	intrinsic	optic	ME>LO			MLt6				acetylcholine	0.9155975938536158			right		fw058349			isomorphic			
82266559971646301	720575940620303307	169520.0	87880.0	3683.0	169520.0	87880.0	3683.0	7213473.0	intrinsic	optic	ME>LO			MLt6				acetylcholine	0.9174007014357956			right		fw058375			isomorphic			
76566279376732784	720575940622806604	86696.0	82440.0	3927.0	86696.0	82440.0	3927.0	1964280.0	intrinsic	optic	ME	tangential		Sm20				acetylcholine	0.8757684734495366			left		fw058386			isomorphic			
76565936114967188	720575940621898861	86816.0	77160.0	6450.0	86816.0	77160.0	6450.0	1959106.0	intrinsic	optic	LOP>LO			Tlp14				glutamate	0.6098408690942557	glutamate	Nern et al., 2024 (EASI-FISH)	left		fw058416			isomorphic			
82547553778308891	720575940623001468	173560.0	81352.0	2925.0	173560.0	81352.0	2925.0	7461446.0	intrinsic	optic	ME	tangential		Sm20				acetylcholine	0.9332363108513888			right		fw058446			isomorphic			
82266353746459449	720575940644708000	168896.0	84792.0	3347.0	168896.0	84792.0	3347.0	7213047.0	intrinsic	optic	ME>LO			MLt6				acetylcholine	0.8870372532626835			right		fw058682			isomorphic			
76777523115075715	720575940637498254	89376.0	83888.0	4354.0	89376.0	83888.0	4354.0	1967410.0	intrinsic	optic	ME>LO			MLt6				acetylcholine	0.8996718031205605			left		fw058758			isomorphic			
76847960645773239	720575940626598602	90888.0	84880.0	4736.0	90888.0	84880.0	4736.0	2154072.0	intrinsic	optic	ME>LO			MLt6				acetylcholine	0.9156796642132462			left		fw058808			isomorphic			
76706948145445032	720575940622315647	88856.0	81440.0	3903.0	88856.0	81440.0	3903.0	1952855.0	intrinsic	optic	ME	tangential		Sm20				acetylcholine	0.9150354238915344			left		fw058825			isomorphic			
82266422465880181	720575940617988381	169280.0	86600.0	3343.0	169280.0	86600.0	3343.0	7213223.0	intrinsic	optic	ME>LO			MLt6				acetylcholine	0.8743300490586249			right		fw058876			isomorphic			
76566210657349497	720575940624488445	86624.0	81528.0	3939.0	86624.0	81528.0	3939.0	1951661.0	intrinsic	optic	ME	tangential		Sm20				acetylcholine	0.9087504742639956			left		fw058879			isomorphic			
76636579401264590	720575940633117644	87240.0	80616.0	3828.0	87240.0	80616.0	3828.0	1951895.0	intrinsic	optic	ME	tangential		Sm20				acetylcholine	0.9114346431927569			left		fw058915			isomorphic			
82617853802919522	720575940627331673	174504.0	80216.0	2881.0	174504.0	80216.0	2881.0	7462158.0	intrinsic	optic	ME	tangential		Sm20				acetylcholine	0.8934032417004815			right		fw058948			isomorphic			
76988423189117236	720575940625930277	92112.0	80808.0	4188.0	92112.0	80808.0	4188.0	2142110.0	intrinsic	optic	ME>LO			MLt6				acetylcholine	0.902129941416862			left		fw058978			isomorphic			
76496391803070995	720575940637478256	85808.0	89360.0	4944.0	85808.0	89360.0	4944.0	1965724.0	intrinsic	optic	ME>LO			MLt6				acetylcholine	0.8152768587609618			left		fw059098			isomorphic			
82336928715909285	720575940645148872	170288.0	87904.0	3702.0	170288.0	87904.0	3702.0	7214663.0	intrinsic	optic	ME>LO			MLt6				acetylcholine	0.8681597225172896			right		fw059193			isomorphic			
76566691760428396	720575940621949360	86624.0	87912.0	4601.0	86624.0	87912.0	4601.0	1966190.0	intrinsic	optic	ME>LO			MLt6				acetylcholine	0.8506490780672034			left		fw059282			isomorphic			
76566485601960325	720575940623016993	86128.0	85232.0	4147.0	86128.0	85232.0	4147.0	1965921.0	intrinsic	optic	ME	tangential		Sm20				acetylcholine	0.9272257150346962			left		fw059287			isomorphic			
76636510681925167	720575940625525180	87552.0	80016.0	3857.0	87552.0	80016.0	3857.0	1951998.0	intrinsic	optic	ME	tangential		Sm20				acetylcholine	0.917105700973123			left		fw059298			isomorphic			
76495635754522527	720575940634026157	85664.0	77560.0	3750.0	85664.0	77560.0	3750.0	1951184.0	intrinsic	optic	ME	tangential		Sm20				acetylcholine	0.877059579132166			left		fw059393			isomorphic			
82125616258253454	720575940632539276	166848.0	85552.0	3499.0	166848.0	85552.0	3499.0	7212124.0	intrinsic	optic	ME>LO			MLt6				acetylcholine	0.8637706616801594			right		fw059403			isomorphic			
76495636089964502	720575940633104967	85816.0	78376.0	6238.0	85816.0	78376.0	6238.0	1958224.0	intrinsic	optic	LOP>LO			Tlp14				glutamate	0.5421229791728264	glutamate	Nern et al., 2024 (EASI-FISH)	left		fw059453			isomorphic			
82547966161816083	720575940629763075	173904.0	87408.0	3115.0	173904.0	87408.0	3115.0	7481845.0	intrinsic	optic	ME	tangential		Sm20				acetylcholine	0.886349650970112			right		fw059478			isomorphic			
82617922522520569	720575940617020870	174192.0	81336.0	2957.0	174192.0	81336.0	2957.0	7461973.0	intrinsic	optic	ME	tangential		Sm20				acetylcholine	0.9186625981479789			right		fw059509			isomorphic			
82407228673629475	720575940617244603	171352.0	86704.0	3258.0	171352.0	86704.0	3258.0	7215375.0	intrinsic	optic	ME>LO			MLt6				acetylcholine	0.8811682270677631			right		fw059529			isomorphic			
76141593345804287	720575940633117900	80152.0	45680.0	6234.0	80152.0	45680.0	6234.0	1506187.0	intrinsic	optic	LOP>LO			Tlp14				gaba	0.5003927592521196	glutamate	Nern et al., 2024 (EASI-FISH)	left		fw059633			isomorphic			
76918054445492127	720575940638892521	91880.0	81376.0	4516.0	91880.0	81376.0	4516.0	2142034.0	intrinsic	optic	ME	tangential		Sm20				acetylcholine	0.9335406611759043			left		fw059669			isomorphic			
82688359986083105	720575940641515728	175032.0	82512.0	2911.0	175032.0	82512.0	2911.0	7478696.0	intrinsic	optic	ME	tangential		Sm20				acetylcholine	0.8832970892831999			right		fw059684			isomorphic			
76073217533502852	720575940614925265	79632.0	74680.0	6698.0	79632.0	74680.0	6698.0	1569356.0	intrinsic	optic	LOP>LO			Tlp14				glutamate	0.5370435760608034	glutamate	Nern et al., 2024 (EASI-FISH)	left		fw059735			isomorphic			
81772673160111028	720575940621365440	162432.0	68584.0	4586.0	162432.0	68584.0	4586.0	6893551.0	intrinsic	optic	LO>ME	tangential		LMt2				glutamate	0.574353263972989			right		fw059744			isomorphic			
77691286131622386	720575940632768360	102376.0	69192.0	5316.0	102376.0	69192.0	5316.0	2577338.0	intrinsic	optic	LO>ME	tangential		LMt2				glutamate	0.5701403772056131			left		fw059753			isomorphic			
76354692443502782	720575940627657341	83064.0	75256.0	6506.0	83064.0	75256.0	6506.0	1956590.0	intrinsic	optic	LOP>LO			Tlp14				glutamate	0.5391755125540604	glutamate	Nern et al., 2024 (EASI-FISH)	left		fw059777			isomorphic			
77691492290235316	720575940610133461	103072.0	71424.0	5451.0	103072.0	71424.0	5451.0	2578266.0	intrinsic	optic	LO>ME	tangential		LMt2				glutamate	0.5172965412419595			left		fw059805			isomorphic			
81632416708029087	720575940614370531	159832.0	76368.0	4553.0	159832.0	76368.0	4553.0	6921148.0	intrinsic	optic	LO>ME	tangential		LMt2				glutamate	0.5903159432595813			right		fw059816			isomorphic			
82195985002472107	720575940622333353	167936.0	84712.0	3484.0	167936.0	84712.0	3484.0	7212721.0	intrinsic	optic	ME>LO			MLt6				acetylcholine	0.9346471730522622			right		fw059822			isomorphic			
82547691217326646	720575940623088678	173912.0	82888.0	2995.0	173912.0	82888.0	2995.0	7478113.0	intrinsic	optic	ME	tangential		Sm20				acetylcholine	0.861484697425628			right		fw059828			isomorphic			
76566004498579483	720575940617939929	86864.0	77672.0	3653.0	86864.0	77672.0	3653.0	1951732.0	intrinsic	optic	ME	tangential		Sm20				acetylcholine	0.8382767746779315			left		fw059873			isomorphic			
81773222982778932	720575940614701743	162000.0	76600.0	4921.0	162000.0	76600.0	4921.0	6922009.0	intrinsic	optic	LO>ME	tangential		LMt2				glutamate	0.6124711128968445			right		fw059903			isomorphic			
83109954378202293	720575940646234676	181896.0	72944.0	5759.0	181896.0	72944.0	5759.0	7694742.0	intrinsic	optic	LOP>LO			Tlp14				glutamate	0.6208643602811554	glutamate	Nern et al., 2024 (EASI-FISH)	right		fw059928			isomorphic			
76706673267585708	720575940638904154	88624.0	77136.0	3741.0	88624.0	77136.0	3741.0	1952519.0	intrinsic	optic	ME			MTe54				acetylcholine	0.8434190693911744			left		fw059953			isomorphic			
82618128680999471	720575940627923728	174904.0	83800.0	2986.0	174904.0	83800.0	2986.0	7478614.0	intrinsic	optic	ME	tangential		Sm20				acetylcholine	0.9190539995139775			right		fw059961			isomorphic			
83110572786653816	720575940616052597	181896.0	82504.0	5425.0	181896.0	82504.0	5425.0	7739266.0	intrinsic	optic	LOP>LO			Tlp14				glutamate	0.6536497133469467	glutamate	Nern et al., 2024 (EASI-FISH)	right		fw059983			isomorphic			
77620917387621922	720575940646993972	102312.0	68400.0	5486.0	102312.0	68400.0	5486.0	2577266.0	intrinsic	optic	LO>ME	tangential		LMt2				glutamate	0.6271694266035267			left		fw059995			isomorphic			
81702579360415179	720575940640124880	161232.0	72480.0	4722.0	161232.0	72480.0	4722.0	6892811.0	intrinsic	optic	LO>ME	tangential		LMt2				glutamate	0.6465246037497469			right		fw060012			isomorphic			
76566210657256405	720575940633138771	86536.0	80680.0	3867.0	86536.0	80680.0	3867.0	1951609.0	intrinsic	optic	ME	tangential		Sm20				acetylcholine	0.9025568187459675			left		fw060030			isomorphic			
81702579360770838	720575940644576968	161680.0	73256.0	4984.0	161680.0	73256.0	4984.0	6893071.0	intrinsic	optic	LO>ME	tangential		LMt2				glutamate	0.5203523628855001			right		fw060049			isomorphic			
83180254403121712	720575940620083797	182736.0	71872.0	5894.0	182736.0	71872.0	5894.0	7695074.0	intrinsic	optic	LOP>LO			Tlp14				glutamate	0.6492622278092871	glutamate	Nern et al., 2024 (EASI-FISH)	right		fw060059			isomorphic			
77620779948601687	720575940625692391	101664.0	66656.0	5402.0	101664.0	66656.0	5402.0	2576879.0	intrinsic	optic	LO>ME	tangential		LMt2				glutamate	0.6823329463753589			left		fw060064			isomorphic			
76495773193621337	720575940625108407	85792.0	80480.0	3853.0	85792.0	80480.0	3853.0	1951311.0	intrinsic	optic	ME	tangential		Sm20				acetylcholine	0.9277076558613239			left		fw060072			isomorphic			
82688497425059574	720575940636115319	175040.0	83776.0	2925.0	175040.0	83776.0	2925.0	7478677.0	intrinsic	optic	ME	tangential		Sm20				acetylcholine	0.9054341594082072			right		fw060087			isomorphic			
77620848667916279	720575940627493150	102232.0	67288.0	5289.0	102232.0	67288.0	5289.0	2577170.0	intrinsic	optic	LO>ME	tangential		LMt2				glutamate	0.7205764762214221			left		fw060088			isomorphic			
82688153827503072	720575940628134855	175448.0	79352.0	2789.0	175448.0	79352.0	2789.0	7462626.0	intrinsic	optic	ME	tangential		Sm20				acetylcholine	0.8737121817391391			right		fw060112			isomorphic			
76495773193516712	720575940632518456	85896.0	80248.0	3770.0	85896.0	80248.0	3770.0	1951390.0	intrinsic	optic	ME	tangential		Sm20				acetylcholine	0.8426609625672185			left		fw060121			isomorphic			
77620917320380391	720575940621392660	101296.0	68920.0	4845.0	101296.0	68920.0	4845.0	2574370.0	intrinsic	optic	LO>ME	tangential		LMt2				glutamate	0.6322209615209305			left		fw060127			isomorphic			
81702785519006961	720575940623919507	161320.0	75576.0	4844.0	161320.0	75576.0	4844.0	6921798.0	intrinsic	optic	LO>ME	tangential		LMt2				glutamate	0.5396709944533543			right		fw060204			isomorphic			
76495498315431769	720575940622055521	85416.0	75904.0	3646.0	85416.0	75904.0	3646.0	1951000.0	intrinsic	optic	ME	tangential		Sm20				acetylcholine	0.8839526142540969			left		fw060225			isomorphic			
81702510574283391	720575940626683792	161280.0	71648.0	4517.0	161280.0	71648.0	4517.0	6892872.0	intrinsic	optic	LO>ME	tangential		LMt2				glutamate	0.6382196368654184			right		fw060234			isomorphic			
83040066603635581	720575940638113136	180976.0	79728.0	5520.0	180976.0	79728.0	5520.0	7709422.0	intrinsic	optic	LOP>LO			Tlp14				glutamate	0.6875127267757835	glutamate	Nern et al., 2024 (EASI-FISH)	right		fw060291			isomorphic			
76495567034922143	720575940639871651	85640.0	76648.0	3654.0	85640.0	76648.0	3654.0	1951134.0	intrinsic	optic	ME	tangential		Sm20				acetylcholine	0.808780449239103			left		fw060307			isomorphic			
77620848667776708	720575940628706472	101392.0	67216.0	5183.0	101392.0	67216.0	5183.0	2576744.0	intrinsic	optic	LO>ME	tangential		LMt2				glutamate	0.61867878543864			left		fw060325			isomorphic			
77620779948328363	720575940636245099	102240.0	66352.0	5200.0	102240.0	66352.0	5200.0	2577119.0	intrinsic	optic	LO>ME			LMa1				glutamate	0.6081814236197297			left		fw060373			isomorphic			
81772810598805418	720575940620893830	162024.0	70648.0	4406.0	162024.0	70648.0	4406.0	6893290.0	intrinsic	optic	LO>ME	tangential		LMt2				glutamate	0.618335791364875			right		fw060400			isomorphic			
82828685560010767	720575940609379396	177656.0	75664.0	5807.0	177656.0	75664.0	5807.0	7471614.0	intrinsic	optic	LOP>LO			Tlp14				glutamate	0.6543251904750076	glutamate	Nern et al., 2024 (EASI-FISH)	right		fw060435			isomorphic			
81632554147070339	720575940637731952	159976.0	77872.0	4602.0	159976.0	77872.0	4602.0	6921270.0	intrinsic	optic	LO>ME	tangential		LMt2				glutamate	0.5665776681022273			right		fw060439			isomorphic			
76707154572455033	720575940615799190	88880.0	84256.0	5872.0	88880.0	84256.0	5872.0	1971115.0	intrinsic	optic	LOP>LO			Tlp14				glutamate	0.5824377738234734	glutamate	Nern et al., 2024 (EASI-FISH)	left		fw060455			isomorphic			
77691217412421944	720575940605476576	102664.0	67408.0	5527.0	102664.0	67408.0	5527.0	2577516.0	intrinsic	optic	LO>ME	tangential		LMt2				glutamate	0.6458188361052227			left		fw060460			isomorphic			
83178605068736653	720575940624982202	183208.0	47176.0	5529.0	183208.0	47176.0	5529.0	7663501.0	intrinsic	optic	LOP>LO			Tlp14				glutamate	0.6434164483542566	glutamate	Nern et al., 2024 (EASI-FISH)	right		fw060475			isomorphic			
77620848668288781	720575940641515984	101880.0	67696.0	5570.0	101880.0	67696.0	5570.0	2576971.0	intrinsic	optic	LO>ME	tangential		LMt2				glutamate	0.6319235473161684			left		fw060491			isomorphic			
77620779881468269	720575940640605043	101720.0	67048.0	4876.0	101720.0	67048.0	4876.0	2574548.0	intrinsic	optic	LO>ME			LMa1				glutamate	0.6905573864612766			left		fw060493			isomorphic			
76425129571210534	720575940641367760	84888.0	76248.0	3612.0	84888.0	76248.0	3612.0	1950720.0	intrinsic	optic	ME	tangential		Sm20				acetylcholine	0.8661064009987534			left		fw060514			isomorphic			
82406266936451926	720575940621461598	170984.0	72872.0	5762.0	170984.0	72872.0	5762.0	7143239.0	intrinsic	optic	LOP>ME.LO			Tlp14				glutamate	0.6637160372107601	glutamate	Nern et al., 2024 (EASI-FISH)	right		fw060563			isomorphic			
81632141830238546	720575940622539252	160280.0	72312.0	4620.0	160280.0	72312.0	4620.0	6892245.0	intrinsic	optic	LO>ME	tangential		LMt2				glutamate	0.5675123437114193			right		fw060597			isomorphic			
76635549011732560	720575940623554317	87768.0	66144.0	6776.0	87768.0	66144.0	6776.0	1945184.0	intrinsic	optic	LOP>LO			Tlp14				gaba	0.5547197252644533	glutamate	Nern et al., 2024 (EASI-FISH)	left		fw060615			isomorphic			
81702716799582510	720575940623452028	160960.0	74936.0	4873.0	160960.0	74936.0	4873.0	6921688.0	intrinsic	optic	LO>ME	tangential		LMt2				glutamate	0.5932735186929833			right		fw060640			isomorphic			
77620711229173571	720575940615533730	101880.0	66024.0	5431.0	101880.0	66024.0	5431.0	2576950.0	intrinsic	optic	LO>ME	tangential		LMt2				glutamate	0.6112115799378647			left		fw060658			isomorphic			
77620711229310942	720575940621638235	101360.0	66040.0	5533.0	101360.0	66040.0	5533.0	2576751.0	intrinsic	optic	LO>ME	tangential		LMt2				glutamate	0.5773722879676246			left		fw060659			isomorphic			
76495773193478213	720575940608324274	85896.0	79504.0	3745.0	85896.0	79504.0	3745.0	1951353.0	intrinsic	optic	ME	tangential		Sm20				acetylcholine	0.8835387199797755			left		fw060696			isomorphic			
81632348055261748	720575940644576456	160344.0	75040.0	4758.0	160344.0	75040.0	4758.0	6921432.0	intrinsic	optic	LO>ME	tangential		LMt2				glutamate	0.6222897726470935			right		fw060713			isomorphic			
77691286131579857	720575940626338381	102624.0	68624.0	5287.0	102624.0	68624.0	5287.0	2577471.0	intrinsic	optic	LO>ME	tangential		LMt2				glutamate	0.6326618679006839			left		fw060728			isomorphic			
81772673226588325	720575940626805054	162104.0	69168.0	4648.0	162104.0	69168.0	4648.0	6893327.0	intrinsic	optic	LO>ME	tangential		LMt2				glutamate	0.6160666363820924			right		fw060736			isomorphic			
83180460561316257	720575940609781858	183080.0	75376.0	5740.0	183080.0	75376.0	5740.0	7710969.0	intrinsic	optic	LOP>LO			Tlp14				glutamate	0.6548523024710244	glutamate	Nern et al., 2024 (EASI-FISH)	right		fw060751			isomorphic			
77480660935734478	720575940639909565	99992.0	75696.0	5550.0	99992.0	75696.0	5550.0	2701328.0	intrinsic	optic	LOP>LO			Tlp14				gaba	0.4390823459933474	glutamate	Nern et al., 2024 (EASI-FISH)	left		fw060768			isomorphic			
81702579360650561	720575940638792937	161360.0	73264.0	4901.0	161360.0	73264.0	4901.0	6892908.0	intrinsic	optic	LO>ME	tangential		LMt2				glutamate	0.6005144488315128			right		fw060783			isomorphic			
81702510641270567	720575940633912749	161640.0	72168.0	4958.0	161640.0	72168.0	4958.0	6893070.0	intrinsic	optic	LO>ME	tangential		LMt2				glutamate	0.5293842830349522			right		fw060787			isomorphic			
77620642509592777	720575940631507449	101368.0	65104.0	5348.0	101368.0	65104.0	5348.0	2538236.0	intrinsic	optic	LO>ME	tangential		LMt2				glutamate	0.6387862676723944			left		fw060791			isomorphic			
76354485882570321	720575940631407045	83616.0	72184.0	3495.0	83616.0	72184.0	3495.0	1938593.0	intrinsic	optic	ME	tangential		Sm20				acetylcholine	0.7955927021019961			left		fw060792			isomorphic			
77691354851064876	720575940620598081	102816.0	69944.0	5291.0	102816.0	69944.0	5291.0	2577681.0	intrinsic	optic	LO>ME	tangential		LMt2				glutamate	0.5898445361910494			left		fw060820			isomorphic			
81772741879553056	720575940632465962	162120.0	69976.0	4596.0	162120.0	69976.0	4596.0	6893358.0	intrinsic	optic	LO>ME	tangential		LMt2				glutamate	0.6324635332312633			right		fw060864			isomorphic			
82827105011936184	720575940632262227	177512.0	52288.0	5734.0	177512.0	52288.0	5734.0	7407000.0	intrinsic	optic	LOP>ME.LO			Tlp14				glutamate	0.5555513522596088	glutamate	Nern et al., 2024 (EASI-FISH)	right		fw060892			isomorphic			
77550342484867185	720575940620587435	101248.0	66088.0	5360.0	101248.0	66088.0	5360.0	2576702.0	intrinsic	optic	LO>ME	tangential		LMt2				glutamate	0.662150125578332			left		fw060918			isomorphic			
81842973184412355	720575940633521316	163280.0	68080.0	4296.0	163280.0	68080.0	4296.0	6893849.0	intrinsic	optic	LO>ME	tangential		LMt2				glutamate	0.593485986506584			right		fw060924			isomorphic			
81561704433414847	720575940625651849	159536.0	71032.0	4930.0	159536.0	71032.0	4930.0	6891997.0	intrinsic	optic	LO>ME			LMa1				glutamate	0.5711407701541131			right		fw060942			isomorphic			
76636510681976384	720575940639048794	87000.0	79584.0	3884.0	87000.0	79584.0	3884.0	1951779.0	intrinsic	optic	ME	tangential		Sm20				acetylcholine	0.8273056420278541			left		fw060948			isomorphic			
81632073110699383	720575940621590208	160120.0	70576.0	4569.0	160120.0	70576.0	4569.0	6892157.0	intrinsic	optic	LO>ME			LMa1				glutamate	0.6438863130782072			right		fw060953			isomorphic			
81702510641019283	720575940633209228	160696.0	72096.0	4774.0	160696.0	72096.0	4774.0	6892426.0	intrinsic	optic	LO>ME	tangential		LMt2				glutamate	0.601355687571507			right		fw060958			isomorphic			
81702510640928368	720575940612477589	160944.0	71768.0	4710.0	160944.0	71768.0	4710.0	6892570.0	intrinsic	optic	LO>ME	tangential		LMt2				glutamate	0.6169645392961781			right		fw060971			isomorphic			
77691354783900215	720575940630625406	102696.0	69448.0	4750.0	102696.0	69448.0	4750.0	2574909.0	intrinsic	optic	LO>ME			LMa1				glutamate	0.6449348886971613			left		fw060977			isomorphic			
81772673226746457	720575940610238659	162184.0	69120.0	4757.0	162184.0	69120.0	4757.0	6893429.0	intrinsic	optic	LO>ME	tangential		LMt2				glutamate	0.6271934614827381			right		fw060998			isomorphic			
77550273765479243	720575940627890206	101104.0	64480.0	5403.0	101104.0	64480.0	5403.0	2538202.0	intrinsic	optic	LO>ME	tangential		LMt2				glutamate	0.6037912684665828			left		fw061007			isomorphic			
77620779948772625	720575940630463610	102168.0	66280.0	5524.0	102168.0	66280.0	5524.0	2577118.0	intrinsic	optic	LO>ME	tangential		LMt2				glutamate	0.618254485731512			left		fw061019			isomorphic			
77269417331379670	720575940621041600	96808.0	74248.0	6054.0	96808.0	74248.0	6054.0	2145909.0	intrinsic	optic	LOP>ME.LO			Tlp14				glutamate	0.46000903394756726	glutamate	Nern et al., 2024 (EASI-FISH)	left		fw061039			isomorphic			
81561841872286455	720575940628851697	159600.0	72488.0	4878.0	159600.0	72488.0	4878.0	6892012.0	intrinsic	optic	LO>ME			LMa1				glutamate	0.5797195198514046			right		fw061146			isomorphic			
77550205045910368	720575940634890265	100576.0	63872.0	5345.0	100576.0	63872.0	5345.0	2538102.0	intrinsic	optic	LO>ME	tangential		LMt2				glutamate	0.6141934299417475			left		fw061191			isomorphic			
81632210616233823	720575940609977539	160296.0	73256.0	4714.0	160296.0	73256.0	4714.0	6892226.0	intrinsic	optic	LO>ME	tangential		LMt2				glutamate	0.5994418597180524			right		fw061208			isomorphic			
77832092272577228	720575940632876708	104576.0	69680.0	5002.0	104576.0	69680.0	5002.0	2575671.0	intrinsic	optic	LO>ME			LMa1				glutamate	0.6316581120064191			left		fw061210			isomorphic			
77269073800774197	720575940605541344	96616.0	69240.0	6358.0	96616.0	69240.0	6358.0	2130864.0	intrinsic	optic	LOP>LO			Tlp14				gaba	0.5308394492085229	glutamate	Nern et al., 2024 (EASI-FISH)	left		fw061211			isomorphic			
81772673159980406	720575940620654928	162296.0	68800.0	4479.0	162296.0	68800.0	4479.0	6893505.0	intrinsic	optic	LO>ME	tangential		LMt2				glutamate	0.6431379626590545			right		fw061216			isomorphic			
77691354784125626	720575940635586655	103248.0	69536.0	4903.0	103248.0	69536.0	4903.0	2575286.0	intrinsic	optic	LO>ME			LMa1				glutamate	0.5551564718438187			left		fw061253			isomorphic			
81561704433469714	720575940621691585	158872.0	70680.0	4970.0	158872.0	70680.0	4970.0	6891812.0	intrinsic	optic	LO>ME			LMa1				glutamate	0.6116841527443915			right		fw061303			isomorphic			
77832092272446302	720575940618682658	104952.0	69832.0	4898.0	104952.0	69832.0	4898.0	2575811.0	intrinsic	optic	LO>ME			LMa1				glutamate	0.5115907762290831			left		fw061315			isomorphic			
81561773153020703	720575940632455466	159648.0	71352.0	5016.0	159648.0	71352.0	5016.0	6892021.0	intrinsic	optic	LO>ME			LMa1				glutamate	0.6163102611002295			right		fw061318			isomorphic			
82967911219994327	720575940632526440	179496.0	53792.0	5903.0	179496.0	53792.0	5903.0	7407754.0	intrinsic	optic	LOP>ME.LO			Tlp14				glutamate	0.5994362271884921	glutamate	Nern et al., 2024 (EASI-FISH)	right		fw061328			isomorphic			
81632141897095317	720575940648685444	160160.0	71400.0	4940.0	160160.0	71400.0	4940.0	6892170.0	intrinsic	optic	ME>LO			LMa1				glutamate	0.4329858345794793			right		fw061353			isomorphic			
77480798374345705	720575940615941782	99408.0	77704.0	5347.0	99408.0	77704.0	5347.0	2701156.0	intrinsic	optic	LOP>LO			Tlp14				glutamate	0.46218865294169836	glutamate	Nern et al., 2024 (EASI-FISH)	left		fw061361			isomorphic			
81632210616305334	720575940621243526	159704.0	72720.0	4764.0	159704.0	72720.0	4764.0	6892045.0	intrinsic	optic	ME>LO			LMa1				glutamate	0.5776206228396795			right		fw061365			isomorphic			
81772604507159128	720575940622056564	162376.0	67984.0	4680.0	162376.0	67984.0	4680.0	6893489.0	intrinsic	optic	LO>ME	tangential		LMt2				glutamate	0.5764386337503636			right		fw061395			isomorphic			
81702441921642435	720575940627249850	161104.0	70488.0	4827.0	161104.0	70488.0	4827.0	6892697.0	intrinsic	optic	LO>ME			LMa1				glutamate	0.6507011473069361			right		fw061396			isomorphic			
81702441921428740	720575940634039469	160792.0	70528.0	4691.0	160792.0	70528.0	4691.0	6892455.0	intrinsic	optic	LO>ME	tangential		LMt2				glutamate	0.6161184314344846			right		fw061410			isomorphic			
81772741879372413	720575940633808685	161960.0	69792.0	4445.0	161960.0	69792.0	4445.0	6893195.0	intrinsic	optic	LO>ME	tangential		LMt2				glutamate	0.6073523909263081			right		fw061412			isomorphic			
77831817461516002	720575940613305962	104456.0	65944.0	5292.0	104456.0	65944.0	5292.0	2582326.0	intrinsic	optic	LO>ME			LMa1				glutamate	0.5725739273323069			left		fw061435			isomorphic			
77761654808815204	720575940624774473	104008.0	68392.0	4890.0	104008.0	68392.0	4890.0	2575464.0	intrinsic	optic	LO>ME			LMa1				glutamate	0.6613172809963658			left		fw061436			isomorphic			
81561704433326935	720575940623016709	159416.0	70664.0	4870.0	159416.0	70664.0	4870.0	6891937.0	intrinsic	optic	LO>ME			LMa1				glutamate	0.6979850316499061			right		fw061455			isomorphic			
77761723528367818	720575940623641880	104000.0	69536.0	4951.0	104000.0	69536.0	4951.0	2575484.0	intrinsic	optic	LO>ME			LMa1				glutamate	0.5970271493840968			left		fw061458			isomorphic			
77761654875662428	720575940614982184	103496.0	68928.0	5222.0	103496.0	68928.0	5222.0	2578710.0	intrinsic	optic	LO>ME			LMa1				glutamate	0.6950474331189541			left		fw061526			isomorphic			
81702579360801030	720575940633007953	161048.0	72872.0	5000.0	161048.0	72872.0	5000.0	6892624.0	intrinsic	optic	LO>ME			LMa1				glutamate	0.5179477332998083			right		fw061531			isomorphic			
77691148692585817	720575940625676814	103024.0	67168.0	5274.0	103024.0	67168.0	5274.0	2578089.0	intrinsic	optic	LO>ME			LMa1				glutamate	0.5568333664779599			left		fw061544			isomorphic			
81561841872474260	720575940629900816	159488.0	72944.0	5000.0	159488.0	72944.0	5000.0	6891973.0	intrinsic	optic	LO>ME			LMa1				glutamate	0.5823070714911598			right		fw061553			isomorphic			
77550273765283321	720575940628767765	101096.0	64800.0	5254.0	101096.0	64800.0	5254.0	2538181.0	intrinsic	optic	LO>ME	tangential		LMt2				glutamate	0.5480029149961041			left		fw061555			isomorphic			
81632073177270228	720575940631845151	159816.0	71176.0	4712.0	159816.0	71176.0	4712.0	6892059.0	intrinsic	optic	LO>ME			LMa1				glutamate	0.5197713267069234			right		fw061563			isomorphic			
81632004457751886	720575940631889227	159744.0	69760.0	4676.0	159744.0	69760.0	4676.0	6892039.0	intrinsic	optic	LO>ME			LMa1				glutamate	0.5851412835648135			right		fw061571			isomorphic			
77761654808992668	720575940627731352	103792.0	68352.0	5035.0	103792.0	68352.0	5035.0	2575419.0	intrinsic	optic	LO>ME			LMa1				glutamate	0.5703146105272513			left		fw061613			isomorphic			
81561773152558191	720575940619219776	159616.0	72112.0	4691.0	159616.0	72112.0	4691.0	6892011.0	intrinsic	optic	ME>LO			LMa1				glutamate	0.5260512931244855			right		fw061627			isomorphic			
77691148625838194	720575940614314415	102808.0	67008.0	5025.0	102808.0	67008.0	5025.0	2575023.0	intrinsic	optic	LO>ME			LMa1				glutamate	0.5524321710982065			left		fw061634			isomorphic			
81561704433266995	720575940632330538	158720.0	71080.0	4824.0	158720.0	71080.0	4824.0	6891766.0	intrinsic	optic	LO>ME			LMa1				glutamate	0.6162745504109773			right		fw061644			isomorphic			
77691148692646434	720575940616039574	102456.0	66536.0	5297.0	102456.0	66536.0	5297.0	2577343.0	intrinsic	optic	LO>ME			LMa1				glutamate	0.5096372768937878			left		fw061661			isomorphic			
77902529736186229	720575940621403014	105952.0	70752.0	4967.0	105952.0	70752.0	4967.0	2576119.0	intrinsic	optic	LO>ME			LMa1				glutamate	0.576314169011429			left		fw061690			isomorphic			
77620848601042181	720575940623560413	102184.0	67400.0	4947.0	102184.0	67400.0	4947.0	2574704.0	intrinsic	optic	ME>LO			LMa1				glutamate	0.5467454624772766			left		fw061713			isomorphic			
81843316915807811	720575940613643122	163184.0	72712.0	5182.0	163184.0	72712.0	5182.0	6897774.0	intrinsic	optic	LO>ME			LMa1				glutamate	0.6085018398968111			right		fw061749			isomorphic			
77691286198430257	720575940629751043	102768.0	68688.0	5650.0	102768.0	68688.0	5650.0	2577576.0	intrinsic	optic	LO>ME			LMa1				glutamate	0.5518053852074831			left		fw061773			isomorphic			
81772673226774211	720575940617019442	162376.0	68248.0	4774.0	162376.0	68248.0	4774.0	6893497.0	intrinsic	optic	ME>LO			LMa1				glutamate	0.5951385435014349			right		fw061808			isomorphic			
81561704433120418	720575940629853739	158944.0	71144.0	4723.0	158944.0	71144.0	4723.0	6891813.0	intrinsic	optic	ME>LO			LMa1				glutamate	0.515046839082876			right		fw061840			isomorphic			
83460698587652395	720575940636024056	187112.0	56906.0	5889.0	187152.0	56896.0	5896.0	7675371.0	intrinsic	optic	LOP>LO			Tlp14				glutamate	0.6940662638666062	glutamate	Nern et al., 2024 (EASI-FISH)	right		fw064315			isomorphic			
75509030562920205	720575940637651519	70982.0	56763.0	6605.0	71064.0	53784.0	6624.0	1310146.0	intrinsic	optic	LOP			Tlp14				gaba	0.5678842091205148	glutamate	Nern et al., 2024 (EASI-FISH)	left		fw065451			isomorphic			
83250966744457593	720575940604813233	183910.0	76703.0	5736.0	183784.0	76704.0	5735.0	7711410.0	intrinsic	optic	LOP>LO			Tlp14				glutamate	0.6784102958437943	glutamate	Nern et al., 2024 (EASI-FISH)	right		fw066589			isomorphic			
83811511248015566	720575940628535804	191812.0	40704.0	3879.0	191800.0	40712.0	3863.0	7842308.0	intrinsic	optic	LOP>LO			Tlp14				glutamate	0.7280608467313796	glutamate	Nern et al., 2024 (EASI-FISH)	right		fw070286			isomorphic			
83249935952294237	720575940635853931	183452.0	62020.0	5725.0	188600.0	59704.0	5972.0	7684212.0	intrinsic	optic	LOP>LO			Tlp14				glutamate	0.6675143373704223	glutamate	Nern et al., 2024 (EASI-FISH)	right		fw072040			isomorphic			
76071843077131108	720575940617304577	78890.0	53911.0	6397.0	63304.0	43584.0	4479.0	1078323.0	intrinsic	optic	LOP>LO			Tlp14				gaba	0.5276843756689467	glutamate	Nern et al., 2024 (EASI-FISH)	left		fw072616			isomorphic			
83813023344622435	720575940632319277	192220.0	63402.0	5696.0	193792.0	59616.0	5832.0	7905335.0	intrinsic	optic	LOP>LO			Tlp14				glutamate	0.7220495754836916	glutamate	Nern et al., 2024 (EASI-FISH)	right		fw072819			isomorphic			
83602191923433961	720575940613214058	188531.0	68120.0	5601.0	190384.0	61744.0	5764.0	7904239.0	intrinsic	optic	LOP>LO			Tlp14				glutamate	0.6509995392712429	glutamate	Nern et al., 2024 (EASI-FISH)	right		fw073037			isomorphic			
83813160716874008	720575940630246905	191683.0	65885.0	5492.0	191680.0	53248.0	5770.0	7890916.0	intrinsic	optic	LOP>LO			Tlp14				glutamate	0.6465791264486981	glutamate	Nern et al., 2024 (EASI-FISH)	right		fw073127			isomorphic			
83672354509183660	720575940644651812	189782.0	64441.0	5609.0	207736.0	49272.0	4697.0	8428003.0	intrinsic	optic	LOP>LO			Tlp14				glutamate	0.5944257456023868	glutamate	Nern et al., 2024 (EASI-FISH)	right		fw073456			isomorphic			
74736211327192736	720575940622908186	60303.0	74954.0	6319.0	86944.0	81672.0	3885.0	1951765.0	intrinsic	optic	ME	tangential		Sm20				acetylcholine	0.930263900658735			left		fw073649			isomorphic			
83461316996155114	720575940629548800	186837.0	65788.0	5632.0	183960.0	72984.0	5695.0	7695567.0	intrinsic	optic	LOP>LO			Tlp14				glutamate	0.5841237008162194	glutamate	Nern et al., 2024 (EASI-FISH)	right		fw073702			isomorphic			
83742723319912746	720575940620021231	191303.0	64154.0	5683.0	190544.0	54616.0	5796.0	7890162.0	intrinsic	optic	LOP>LO			Tlp14				glutamate	0.6255509771998905	glutamate	Nern et al., 2024 (EASI-FISH)	right		fw073705			isomorphic			
83460904679182430	720575940626783507	186564.0	59009.0	5557.0	185480.0	46544.0	5367.0	7664477.0	intrinsic	optic	LOP>LO			Tlp14				glutamate	0.6688375444365601	glutamate	Nern et al., 2024 (EASI-FISH)	right		fw074003			isomorphic			
75862248404370977	720575940626397221	75987.0	77421.0	4140.0	86640.0	80208.0	3809.0	1951659.0	intrinsic	optic	ME	tangential		Sm20				acetylcholine	0.9244774797465652			left		fw074070			isomorphic			
82264361082994239	720575940628342282	169267.0	55052.0	4929.0	160920.0	71976.0	4993.0	6892517.0	intrinsic	optic	LO>ME			LMa1				glutamate	0.5459050107404718			right		fw074617			isomorphic			
75790436820161801	720575940621235183	75510.0	55821.0	6603.0	77088.0	44592.0	6137.0	1502255.0	intrinsic	optic	LOP>LO			Tlp14				gaba	0.5224519345751129	glutamate	Nern et al., 2024 (EASI-FISH)	left		fw075025			isomorphic			
75649836770644291	720575940614693551	72930.0	57283.0	6535.0	57392.0	43576.0	5395.0	893513.0	intrinsic	optic	LOP>LO			Tlp14				gaba	0.5270746643829125	glutamate	Nern et al., 2024 (EASI-FISH)	left		fw075428			isomorphic			
76284186260039288	720575940636620912	82103.0	72415.0	6245.0	72920.0	62384.0	6876.0	1327858.0	intrinsic	optic	LOP>LO			Tlp14				glutamate	0.5505703209022144	glutamate	Nern et al., 2024 (EASI-FISH)	left		fw075447			isomorphic			
76142486497653501	720575940623411580	80777.0	58805.0	4685.0	101064.0	66424.0	5134.0	2574316.0	intrinsic	optic	LO>ME	tangential		LMt2				glutamate	0.5453499284809656			left		fw075823			isomorphic			
75650249087112151	720575940638152414	72963.0	63118.0	6213.0	78944.0	74656.0	6474.0	1568910.0	intrinsic	optic	LOP>LO			Tlp14				gaba	0.48884093287655156	glutamate	Nern et al., 2024 (EASI-FISH)	left		fw076188			isomorphic			
82828067018039514	720575940620159366	177613.0	66275.0	5620.0	190216.0	47912.0	3046.0	7872201.0	intrinsic	optic	LOP>LO			Tlp14				glutamate	0.5997705929112506	glutamate	Nern et al., 2024 (EASI-FISH)	right		fw077389			isomorphic			
83038486122438069	720575940608552405	180182.0	56548.0	5786.0	189208.0	43776.0	3349.0	7874229.0	intrinsic	optic	LOP>LO			Tlp14				glutamate	0.6347530958392584	glutamate	Nern et al., 2024 (EASI-FISH)	right		fw077428			isomorphic			
81983848044967526	720575940640567155	165344.0	70039.0	4055.0	158280.0	74464.0	4974.0	6920469.0	intrinsic	optic	LO>ME			LMa1				glutamate	0.6223322155315985			right		fw078073			isomorphic			
75931655344732669	720575940636372335	77505.0	63000.0	6505.0	74208.0	61072.0	6802.0	1538756.0	intrinsic	optic	LOP>LO			Tlp14				gaba	0.4618584770478227	glutamate	Nern et al., 2024 (EASI-FISH)	left		fw079538			isomorphic			
76213061601732552	720575940608301833	80951.0	61356.0	6320.0	77352.0	64528.0	6798.0	1540910.0	intrinsic	optic	LOP>LO			Tlp14				gaba	0.476465661565126	glutamate	Nern et al., 2024 (EASI-FISH)	left		fw079545			isomorphic			
76001817930626131	720575940621116038	77785.0	59806.0	6620.0	76056.0	56536.0	6797.0	1525597.0	intrinsic	optic	LOP>LO			Tlp14				gaba	0.46653719532619164	glutamate	Nern et al., 2024 (EASI-FISH)	left		fw080170			isomorphic			
76776904908271925	720575940628110357	89943.0	74457.0	6256.0	94748.0	77244.0	6100.0		intrinsic	optic	LOP>LO			Tlp14				glutamate	0.46458540995292885	glutamate	Nern et al., 2024 (EASI-FISH)	left		fw080561			isomorphic			
84025641204614568	720575940626741629	194521.0	86282.0	4403.0	170705.0	88916.0	3719.0		intrinsic	optic	ME>LO			MLt6				acetylcholine	0.8760686173681217			right		fw080619			isomorphic			
83885178661253558	720575940618560230	192440.0	90129.0	4891.0	176088.0	92344.0	4564.0	7538854.0	intrinsic	optic	ME>LO			MLt6				acetylcholine	0.8888191882790849			right		fw081134			isomorphic			
83322434799118526	720575940619808561	184956.0	93349.0	4348.0	169352.0	88064.0	3755.0	7213327.0	intrinsic	optic	ME>LO			MLt6				acetylcholine	0.9011073149325919			right		fw082273			isomorphic			
83533609818270175	720575940625968679	187501.0	94484.0	4867.0	175000.0	91584.0	3458.0	7528139.0	intrinsic	optic	ME	tangential		Sm20				acetylcholine	0.9313705511159288			right		fw083937			isomorphic			
76142830296826249	720575940606579302	79933.0	64123.0	6576.0	77424.0	68120.0	6750.0	1554302.0	intrinsic	optic	LOP>LO			Tlp14				glutamate	0.4649030096197945	glutamate	Nern et al., 2024 (EASI-FISH)	left		fw090097			isomorphic			
75299504677073506	720575940612387251	68200.0	79526.0	5093.0	88353.0	85960.0	4423.0		intrinsic	optic	ME>LO			MLt6				acetylcholine	0.845151554233056			left		fw092143			isomorphic			
83673659977457631	720575940627802696	189918.0	84146.0	3730.0	170253.0	85620.0	3259.0		intrinsic	optic	ME>LO			MLt6				acetylcholine	0.8793102577613923			right		fw097282			isomorphic			
83111466005698451	720575940632105291	181984.0	95558.0	4477.0	170932.0	89448.0	3869.0		intrinsic	optic	ME>LO			MLt6				acetylcholine	0.8794712970820142			right		fw097943			isomorphic			
76847616981346008	720575940622245545	91043.0	79899.0	4166.0	91338.0	83612.0	4614.0		intrinsic	optic	ME>LO			MLt6				acetylcholine	0.9433914742740128			left		fw099426			isomorphic			
76707291809862779	720575940623010518	88695.0	85655.0	4594.0	88902.0	87014.0	4914.0		intrinsic	optic	ME>LO			MLt6				acetylcholine	0.901285007205609			left		fw099439			isomorphic			
76918123164434227	720575940632856147	91715.0	82050.0	4262.0	91733.0	81886.0	4257.0		intrinsic	optic	ME>LO			MLt6				acetylcholine	0.9215694560881937			left		fw099459			isomorphic			
76354554668624523	720575940628656968	82893.0	73177.0	3643.0	89656.0	81916.0	4006.0		intrinsic	optic	ME	tangential		Sm20				acetylcholine	0.8510706195938524			left		fw099980			isomorphic			
76214916826656151	720575940606185248	81211.0	88880.0	5087.0	86881.0	89045.0	5112.0		intrinsic	optic	ME>LO			MLt6				acetylcholine	0.8821869076261711			left		fw100985			isomorphic			
76566691827604876	720575940626075725	86439.0	88290.0	4792.0	90773.0	85588.0	4811.0		intrinsic	optic	ME>LO			MLt6				acetylcholine	0.9209100864255768			left		fw101260			isomorphic			
76214435722860364	720575940610120516	81284.0	82156.0	4297.0	89573.0	83826.0	4273.0		intrinsic	optic	ME>LO			MLt6				acetylcholine	0.9253462342132109			left		fw101517			isomorphic			
76355310650097190	720575940623524390	83846.0	84551.0	4235.0	89196.0	84774.0	4338.0		intrinsic	optic	ME	tangential		Sm20				acetylcholine	0.9534744248763033			left		fw102370			isomorphic			
75861836356210288	720575940632583820	76395.0	71124.0	6412.0	76816.0	77112.0	6569.0	1567601.0	intrinsic	optic	LOP>LO			Tlp14				gaba	0.45615444231107544	glutamate	Nern et al., 2024 (EASI-FISH)	left		fw103392			isomorphic			
83533541098882375	720575940609741251	187503.0	93647.0	4945.0	173120.0	92016.0	4078.0	7507719.0	intrinsic	optic	ME>LO			MLt6				acetylcholine	0.900278178222861			right		fw106115			isomorphic			
83603909843278503	720575940606432614	189306.0	93315.0	5121.0	184596.0	94855.0	4944.0		intrinsic	optic	ME>LO			MLt6				acetylcholine	0.8539542380460666			right		fw107557			isomorphic			
83181903469476902	720575940616309958	183005.0	96492.0	4568.0	175616.0	93504.0	4496.0	7538559.0	intrinsic	optic	ME>LO			MLt6				acetylcholine	0.928570977635541			right		fw108926			isomorphic			
76777523115100432	720575940622879838	89168.0	83662.0	4376.0	90040.0	83662.0	4301.0		intrinsic	optic	ME>LO			MLt6				acetylcholine	0.903490737077494			left		fw108948			isomorphic			
82759416058983184	720575940632580143	176827.0	92677.0	3732.0	167640.0	86683.0	3704.0		intrinsic	optic	ME>LO			MLt6				acetylcholine	0.9319430479360217			right		fw111952			isomorphic			
83603909843023340	720575940640345176	188933.0	92939.0	4928.0	173703.0	92500.0	4235.0		intrinsic	optic	ME>LO			MLt6				acetylcholine	0.860022788058074			right		fw112014			isomorphic			
76284941906110167	720575940627256932	82211.0	83795.0	4379.0	66824.0	88464.0	4086.0	1356951.0	intrinsic	optic	ME>LO			MLt6				acetylcholine	0.9103451258337677			left		fw112721			isomorphic			
83392803543594166	720575940633162031	186151.0	93787.0	4588.0	179225.0	94981.0	4665.0		intrinsic	optic	ME>LO			MLt6				acetylcholine	0.907330238638479			right		fw112919			isomorphic			
76355723101023347	720575940629781659	83400.0	90576.0	5152.0	83400.0	90576.0	5152.0	1975978.0	intrinsic	optic	ME>LO			MLt6				acetylcholine	0.8073142694350963			left		fw113207			isomorphic			
76496391803249880	720575940632441391	85856.0	89648.0	5104.0	85856.0	89648.0	5104.0	1965738.0	intrinsic	optic	ME>LO			MLt6				acetylcholine	0.8611035213308624			left		fw113249			isomorphic			
76988491908598502	720575940606300774	92568.0	81800.0	4363.0	92568.0	81800.0	4363.0	2142263.0	intrinsic	optic	ME>LO			MLt6				acetylcholine	0.9465403755397869			left		fw113255			isomorphic			
76707016865029931	720575940626657072	88704.0	82336.0	4080.0	88704.0	82336.0	4080.0	1964653.0	intrinsic	optic	ME	tangential		Sm20				acetylcholine	0.8759496765627756			left		fw113274			isomorphic			
77198842428858365	720575940622393840	95688.0	71176.0	6155.0	95688.0	71176.0	6155.0	2126092.0	intrinsic	optic	LOP>LO			Tlp14				gaba	0.5025260740104961	glutamate	Nern et al., 2024 (EASI-FISH)	left		fw113278			isomorphic			
82196053721598068	720575940607790025	168376.0	85976.0	3340.0	168376.0	85976.0	3340.0	7212895.0	intrinsic	optic	ME>LO			MLt6				acetylcholine	0.8955030867177151			right		fw113544			isomorphic			
76918054377800152	720575940614192559	91296.0	80624.0	4002.0	91296.0	80624.0	4002.0	2136764.0	intrinsic	optic	ME	tangential		Sm20				acetylcholine	0.9177819282767667			left		fw113546			isomorphic			
82195916282552122	720575940619116827	168128.0	84360.0	3149.0	168128.0	84360.0	3149.0	7212786.0	intrinsic	optic	ME>LO			MLt6				acetylcholine	0.9232401558588154			right		fw113551			isomorphic			
82196122508058947	720575940633451987	168392.0	87480.0	3723.0	168392.0	87480.0	3723.0	7212906.0	intrinsic	optic	ME>LO			MLt6				acetylcholine	0.9315493149495656			right		fw113553			isomorphic			
82266422465940869	720575940632633923	169504.0	86008.0	3373.0	169504.0	86008.0	3373.0	7213375.0	intrinsic	optic	ME	tangential		Sm20				acetylcholine	0.9428257270059821			right		fw113569			isomorphic			
81702441854680047	720575940612520410	160696.0	71256.0	4445.0	160696.0	71256.0	4445.0	6892404.0	intrinsic	optic	LO>ME			LMa1				glutamate	0.6716177762122726			right		fw113631			isomorphic			
77620848667996064	720575940621759681	102128.0	67800.0	5345.0	102128.0	67800.0	5345.0	2577084.0	intrinsic	optic	LO>ME	tangential		LMt2				glutamate	0.5980302358080598			left		fw113657			isomorphic			
82688703650160664	720575940616688178	175184.0	87576.0	3111.0	175184.0	87576.0	3111.0	7478986.0	intrinsic	optic	ME	tangential		Sm20				acetylcholine	0.8998519942943013			right		fw113722			isomorphic			
82547622497698234	720575940612528563	173936.0	81952.0	2889.0	173936.0	81952.0	2889.0	7461816.0	intrinsic	optic	ME	tangential		Sm20				acetylcholine	0.930686382034025			right		fw113878			isomorphic			
77691354784431318	720575940617143481	103288.0	70160.0	5127.0	103288.0	70160.0	5127.0	2575303.0	intrinsic	optic	LO>ME			LMa1				glutamate	0.6112353550390295			left		fw114068			isomorphic			
77058654427344566	720575940605889312	93512.0	79320.0	3983.0	93512.0	79320.0	3983.0	2138246.0	intrinsic	optic	ME>LO			MLt6				acetylcholine	0.9036205846883133			left		fw114257			isomorphic			
82195985002270758	720575940624280873	168376.0	85296.0	3349.0	168376.0	85296.0	3349.0	7212894.0	intrinsic	optic	ME>LO			MLt6				acetylcholine	0.9178481966716535			right		fw114347			isomorphic			
76565867059637364	720575940613095282	86288.0	76168.0	3667.0	86288.0	76168.0	3667.0	1951526.0	intrinsic	optic	ME	tangential		Sm20				acetylcholine	0.8672046562924813			left		fw114387			isomorphic			
82618334906012382	720575940628191877	174496.0	87024.0	3142.0	174496.0	87024.0	3142.0	7481975.0	intrinsic	optic	ME	tangential		Sm20				acetylcholine	0.9361567446003302			right		fw114425			isomorphic			
81632485427456272	720575940624077336	160344.0	76672.0	4509.0	160344.0	76672.0	4509.0	6921420.0	intrinsic	optic	LO>ME	tangential		LMt2				glutamate	0.6500261518856478			right		fw114437			isomorphic			
77620917387815248	720575940610441284	102112.0	68320.0	5612.0	102112.0	68320.0	5612.0	2577059.0	intrinsic	optic	LO>ME	tangential		LMt2				glutamate	0.6658619315819279			left		fw114452			isomorphic			
82477597417843982	720575940617973460	172752.0	87384.0	3238.0	172752.0	87384.0	3238.0	7481579.0	intrinsic	optic	ME	tangential		Sm20				acetylcholine	0.8894726275868617			right		fw114483			isomorphic			
76566141937670615	720575940621641454	86872.0	79832.0	3752.0	86872.0	79832.0	3752.0	1951719.0	intrinsic	optic	ME	tangential		Sm20				acetylcholine	0.9282206009889109			left		fw114484			isomorphic			
82547416339327612	720575940621972208	173400.0	79416.0	2927.0	173400.0	79416.0	2927.0	7461142.0	intrinsic	optic	ME	tangential		Sm20				acetylcholine	0.9353948606109989			right		fw114536			isomorphic			
83321472591921791	720575940635060124	185198.0	79052.0	3110.0	171740.0	83904.0	3071.0		intrinsic	optic	ME	tangential		Sm20				acetylcholine	0.8861875707305729			right		fw114804			isomorphic			
75721305026066305	720575940628952049	73657.0	73964.0	6215.0	57344.0	84256.0	5730.0	981833.0	intrinsic	optic	LOP>LO			Tlp14				gaba	0.4688762592034676	glutamate	Nern et al., 2024 (EASI-FISH)	left		fw115078			isomorphic			
76214641948116435	720575940636639863	81471.0	85184.0	4626.0	86006.0	87712.0	4359.0		intrinsic	optic	ME>LO			MLt6				acetylcholine	0.9100701855599282			left		fw115708			isomorphic			
83181422365691823	720575940638574143	182257.0	89655.0	3806.0	167558.0	86093.0	3633.0		intrinsic	optic	ME>LO			MLt6				acetylcholine	0.91396690623573			right		fw116112			isomorphic			
76143860819955931	720575940614892967	79837.0	78622.0	4115.0	92132.0	81665.0	4294.0		intrinsic	optic	ME>LO			MLt6				acetylcholine	0.9057193043246364			left		fw116257			isomorphic			
77620848667789742	720575940633589708	102104.0	68072.0	5194.0	102104.0	68072.0	5194.0	2577057.0	intrinsic	optic	LO>ME	tangential		LMt2				glutamate	0.5878379193833949			left		fw123278			isomorphic			
77550548576240929	720575940629878059	100469.0	68776.0	4886.0	103673.0	70235.0	4858.0		intrinsic	optic	LO>ME			LMa1				glutamate	0.5761143300850312			left		fw128912			isomorphic			
82477734857121137	720575940621702895	172755.0	89123.0	3519.0	169117.0	87104.0	3581.0		intrinsic	optic	ME>LO			MLt6				acetylcholine	0.9080227119250577			right		fw136812			isomorphic			
74736005102086352	720575940644602016	59383.0	71503.0	6144.0	85720.0	82856.0	3846.0	1963995.0	intrinsic	optic	ME	tangential		Sm20				acetylcholine	0.9297224177645244			left		fw137246			isomorphic			
