variant,condition,seed,A,F,on_absolute_sum_hz,off_absolute_sum_hz,on_signed_mean_hz,total_absolute_sum_hz,mn9_delta_hz
w080_i080,mode,631401,21.41176470588235,0.24,1092.0,3458.0,-11.098039215686274,4550.0,-79.0
w080_i080,mode,631402,21.45098039215686,0.23938730853391685,1094.0,3476.0,-12.745098039215685,4570.0,-89.0
w080_i080,mode,631403,22.901960784313726,0.2508591065292096,1168.0,3488.0,-13.607843137254902,4656.0,-92.0
w080_i080,mode,631404,21.80392156862745,0.24069264069264068,1112.0,3508.0,-12.117647058823529,4620.0,-87.0
w080_i080,mode,631405,21.50980392156863,0.23703543647363873,1097.0,3531.0,-13.588235294117647,4628.0,-87.0
w080_i080,mode,631406,22.019607843137255,0.24057412167952014,1123.0,3545.0,-11.03921568627451,4668.0,-82.0
w080_i080,mode,631407,22.862745098039216,0.24666807700444257,1166.0,3561.0,-13.019607843137255,4727.0,-82.0
w080_i080,mode,631408,22.431372549019606,0.24729788153912668,1144.0,3482.0,-12.392156862745098,4626.0,-73.0
w080_i080,mode,631409,22.96078431372549,0.23594600040298205,1171.0,3792.0,-12.019607843137255,4963.0,-79.0
w080_i080,mode,631410,20.45098039215686,0.22892888498683056,1043.0,3513.0,-9.745098039215685,4556.0,-77.0
w080_i080,mode,631411,21.0,0.2354881266490765,1071.0,3477.0,-11.235294117647058,4548.0,-80.0
w080_i080,mode,631412,22.84313725490196,0.24135073544644706,1165.0,3662.0,-12.803921568627452,4827.0,-84.0
w080_i080,mode,631413,22.666666666666668,0.2468503096305787,1156.0,3527.0,-12.196078431372548,4683.0,-82.0
w080_i080,mode,631414,21.19607843137255,0.2382631694952612,1081.0,3456.0,-12.098039215686274,4537.0,-82.0
w080_i080,mode,631415,22.431372549019606,0.24665804225959465,1144.0,3494.0,-11.686274509803921,4638.0,-87.0
w080_i080,mode,631416,20.980392156862745,0.24307133121308497,1070.0,3332.0,-11.333333333333334,4402.0,-74.0
w080_i080,mode,631417,21.372549019607842,0.23310521813515825,1090.0,3586.0,-12.705882352941176,4676.0,-79.0
w080_i080,mode,631418,20.058823529411764,0.23522648884801103,1023.0,3326.0,-10.568627450980392,4349.0,-81.0
w080_i080,mode,631419,21.274509803921568,0.24278362049675542,1085.0,3384.0,-11.549019607843137,4469.0,-77.0
w080_i080,mode,631420,21.607843137254903,0.24066390041493776,1102.0,3477.0,-13.058823529411764,4579.0,-84.0
w080_i080,mode,631421,20.313725490196077,0.24031547204824866,1036.0,3275.0,-11.529411764705882,4311.0,-78.0
w080_i080,mode,631422,21.784313725490197,0.2415742552728854,1111.0,3488.0,-11.313725490196079,4599.0,-84.0
w080_i080,mode,631423,23.745098039215687,0.2448938321536906,1211.0,3734.0,-13.470588235294118,4945.0,-90.0
w080_i080,mode,631424,22.607843137254903,0.25016272510305926,1153.0,3456.0,-12.215686274509803,4609.0,-94.0
w080_i080,mode,631425,22.41176470588235,0.24449197860962568,1143.0,3532.0,-13.0,4675.0,-82.0
w080_i080,mode,631426,23.137254901960784,0.2402769293422928,1180.0,3731.0,-11.450980392156863,4911.0,-84.0
w080_i080,mode,631427,20.666666666666668,0.2425776754890679,1054.0,3291.0,-11.098039215686274,4345.0,-76.0
w080_i080,mode,631428,21.50980392156863,0.23290870488322718,1097.0,3613.0,-11.862745098039216,4710.0,-78.0
w080_i080,mode,631429,21.058823529411764,0.23766319982296968,1074.0,3445.0,-11.803921568627452,4519.0,-83.0
w080_i080,mode,631430,22.84313725490196,0.24145077720207253,1165.0,3660.0,-12.882352941176471,4825.0,-80.0
w080_i080,mode_without_mn9,631401,20.64,0.22434782608695653,1032.0,3568.0,-9.6,4600.0,-77.0
w080_i080,mode_without_mn9,631402,20.38,0.22185935118658828,1019.0,3574.0,-10.94,4593.0,-85.0
w080_i080,mode_without_mn9,631403,20.64,0.2354014598540146,1032.0,3352.0,-12.48,4384.0,-92.0
w080_i080,mode_without_mn9,631404,20.62,0.2207236137871976,1031.0,3640.0,-10.1,4671.0,-88.0
w080_i080,mode_without_mn9,631405,19.64,0.22047597665020208,982.0,3472.0,-12.56,4454.0,-86.0
w080_i080,mode_without_mn9,631406,21.04,0.2237345810293492,1052.0,3650.0,-9.64,4702.0,-81.0
w080_i080,mode_without_mn9,631407,22.38,0.22785583384239463,1119.0,3792.0,-11.1,4911.0,-83.0
w080_i080,mode_without_mn9,631408,21.6,0.22891055532005086,1080.0,3638.0,-11.0,4718.0,-77.0
w080_i080,mode_without_mn9,631409,22.02,0.2194538568865856,1101.0,3916.0,-10.3,5017.0,-79.0
w080_i080,mode_without_mn9,631410,19.38,0.20946822308690013,969.0,3657.0,-7.98,4626.0,-75.0
w080_i080,mode_without_mn9,631411,20.56,0.21587568248635028,1028.0,3734.0,-9.16,4762.0,-82.0
w080_i080,mode_without_mn9,631412,21.66,0.22371410865523653,1083.0,3758.0,-11.3,4841.0,-84.0
w080_i080,mode_without_mn9,631413,21.1,0.22835497835497837,1055.0,3565.0,-10.82,4620.0,-82.0
w080_i080,mode_without_mn9,631414,19.7,0.22100067309849675,985.0,3472.0,-10.26,4457.0,-82.0
w080_i080,mode_without_mn9,631415,21.24,0.22610176708537363,1062.0,3635.0,-10.24,4697.0,-85.0
w080_i080,mode_without_mn9,631416,20.2,0.2241953385127636,1010.0,3495.0,-9.92,4505.0,-75.0
w080_i080,mode_without_mn9,631417,20.78,0.22148795565977403,1039.0,3652.0,-11.42,4691.0,-80.0
w080_i080,mode_without_mn9,631418,18.24,0.21766109785202864,912.0,3278.0,-9.52,4190.0,-80.0
w080_i080,mode_without_mn9,631419,20.82,0.22435344827586207,1041.0,3599.0,-10.5,4640.0,-82.0
w080_i080,mode_without_mn9,631420,20.24,0.22518914107699153,1012.0,3482.0,-10.64,4494.0,-82.0
w080_i080,mode_without_mn9,631421,18.8,0.2160422891289359,940.0,3411.0,-9.96,4351.0,-79.0
w080_i080,mode_without_mn9,631422,19.94,0.21955516406077957,997.0,3544.0,-9.5,4541.0,-80.0
w080_i080,mode_without_mn9,631423,22.08,0.22208811104405551,1104.0,3867.0,-11.48,4971.0,-88.0
w080_i080,mode_without_mn9,631424,21.92,0.2245441507887728,1096.0,3785.0,-10.04,4881.0,-89.0
w080_i080,mode_without_mn9,631425,21.9,0.22642679900744417,1095.0,3741.0,-11.54,4836.0,-81.0
w080_i080,mode_without_mn9,631426,22.16,0.22164432886577315,1108.0,3891.0,-9.88,4999.0,-86.0
w080_i080,mode_without_mn9,631427,19.74,0.22804990757855823,987.0,3341.0,-10.46,4328.0,-78.0
w080_i080,mode_without_mn9,631428,21.08,0.22105704697986578,1054.0,3714.0,-10.12,4768.0,-79.0
w080_i080,mode_without_mn9,631429,19.4,0.21431727794962438,970.0,3556.0,-10.28,4526.0,-82.0
w080_i080,mode_without_mn9,631430,21.68,0.224105850733926,1084.0,3753.0,-11.44,4837.0,-76.0
w080_i080,mn9_only,631401,3.0,0.004792332268370607,3.0,623.0,3.0,626.0,3.0
w080_i080,mn9_only,631402,4.0,0.007575757575757576,4.0,524.0,-4.0,528.0,-4.0
w080_i080,mn9_only,631403,12.0,0.023715415019762844,12.0,494.0,-12.0,506.0,-12.0
w080_i080,mn9_only,631404,6.0,0.010033444816053512,6.0,592.0,-6.0,598.0,-6.0
w080_i080,mn9_only,631405,3.0,0.003157894736842105,3.0,947.0,-3.0,950.0,-3.0
w080_i080,mn9_only,631406,3.0,0.005535055350553505,3.0,539.0,3.0,542.0,3.0
w080_i080,mn9_only,631407,9.0,0.01293103448275862,9.0,687.0,-9.0,696.0,-9.0
w080_i080,mn9_only,631408,8.0,0.01735357917570499,8.0,453.0,8.0,461.0,8.0
w080_i080,mn9_only,631409,16.0,0.024539877300613498,16.0,636.0,16.0,652.0,16.0
w080_i080,mn9_only,631410,12.0,0.020942408376963352,12.0,561.0,12.0,573.0,12.0
w080_i080,mn9_only,631411,6.0,0.009630818619582664,6.0,617.0,6.0,623.0,6.0
w080_i080,mn9_only,631412,8.0,0.016293279022403257,8.0,483.0,-8.0,491.0,-8.0
w080_i080,mn9_only,631413,4.0,0.005873715124816446,4.0,677.0,-4.0,681.0,-4.0
w080_i080,mn9_only,631414,12.0,0.017191977077363897,12.0,686.0,-12.0,698.0,-12.0
w080_i080,mn9_only,631415,9.0,0.01978021978021978,9.0,446.0,-9.0,455.0,-9.0
w080_i080,mn9_only,631416,1.0,0.001697792869269949,1.0,588.0,-1.0,589.0,-1.0
w080_i080,mn9_only,631417,6.0,0.012526096033402923,6.0,473.0,6.0,479.0,6.0
w080_i080,mn9_only,631418,6.0,0.00967741935483871,6.0,614.0,6.0,620.0,6.0
w080_i080,mn9_only,631419,1.0,0.0014705882352941176,1.0,679.0,1.0,680.0,1.0
w080_i080,mn9_only,631420,3.0,0.005836575875486381,3.0,511.0,3.0,514.0,3.0
w080_i080,mn9_only,631421,0.0,0.0,0.0,802.0,0.0,802.0,0.0
w080_i080,mn9_only,631422,0.0,0.0,0.0,639.0,0.0,639.0,0.0
w080_i080,mn9_only,631423,7.0,0.012110726643598616,7.0,571.0,-7.0,578.0,-7.0
w080_i080,mn9_only,631424,11.0,0.022587268993839837,11.0,476.0,-11.0,487.0,-11.0
w080_i080,mn9_only,631425,6.0,0.008152173913043478,6.0,730.0,6.0,736.0,6.0
w080_i080,mn9_only,631426,3.0,0.004054054054054054,3.0,737.0,-3.0,740.0,-3.0
w080_i080,mn9_only,631427,8.0,0.012658227848101266,8.0,624.0,8.0,632.0,8.0
w080_i080,mn9_only,631428,4.0,0.008281573498964804,4.0,479.0,4.0,483.0,4.0
w080_i080,mn9_only,631429,3.0,0.004893964110929853,3.0,610.0,-3.0,613.0,-3.0
w080_i080,mn9_only,631430,2.0,0.0033222591362126247,2.0,600.0,2.0,602.0,2.0
w080_i080,motor_003,631401,9.07843137254902,0.1947014297729184,463.0,1915.0,-6.96078431372549,2378.0,1.0
w080_i080,motor_003,631402,9.529411764705882,0.192780642602142,486.0,2035.0,-8.509803921568627,2521.0,-7.0
w080_i080,motor_003,631403,8.294117647058824,0.17691342534504392,423.0,1968.0,-7.470588235294118,2391.0,-9.0
w080_i080,motor_003,631404,9.254901960784315,0.19336337566571077,472.0,1969.0,-7.882352941176471,2441.0,-4.0
w080_i080,motor_003,631405,9.882352941176471,0.19803536345776032,504.0,2041.0,-8.941176470588236,2545.0,-1.0
w080_i080,motor_003,631406,8.882352941176471,0.19400428265524625,453.0,1882.0,-6.647058823529412,2335.0,-4.0
w080_i080,motor_003,631407,9.372549019607844,0.19281968535699878,478.0,2001.0,-7.921568627450981,2479.0,2.0
w080_i080,motor_003,631408,10.098039215686274,0.19339091250469395,515.0,2148.0,-8.058823529411764,2663.0,11.0
w080_i080,motor_003,631409,8.470588235294118,0.19363514119229044,432.0,1799.0,-6.705882352941177,2231.0,12.0
w080_i080,motor_003,631410,8.431372549019608,0.19094138543516873,430.0,1822.0,-6.03921568627451,2252.0,9.0
w080_i080,motor_003,631411,8.294117647058824,0.1886708296164139,423.0,1819.0,-7.313725490196078,2242.0,-2.0
w080_i080,motor_003,631412,9.117647058823529,0.18995098039215685,465.0,1983.0,-7.901960784313726,2448.0,-2.0
w080_i080,motor_003,631413,9.882352941176471,0.1989735491512041,504.0,2029.0,-7.8431372549019605,2533.0,4.0
w080_i080,motor_003,631414,10.352941176470589,0.20935765265662173,528.0,1994.0,-9.058823529411764,2522.0,-8.0
w080_i080,motor_003,631415,9.019607843137255,0.19311502938706968,460.0,1922.0,-7.019607843137255,2382.0,-6.0
w080_i080,motor_003,631416,9.156862745098039,0.19654882154882156,467.0,1909.0,-7.392156862745098,2376.0,12.0
w080_i080,motor_003,631417,9.627450980392156,0.19323101141282958,491.0,2050.0,-8.96078431372549,2541.0,-4.0
w080_i080,motor_003,631418,10.03921568627451,0.19898950641274776,512.0,2061.0,-8.431372549019608,2573.0,3.0
w080_i080,motor_003,631419,9.901960784313726,0.20127540852929454,505.0,2004.0,-9.03921568627451,2509.0,-3.0
w080_i080,motor_003,631420,8.313725490196079,0.18694885361552027,424.0,1844.0,-7.450980392156863,2268.0,10.0
w080_i080,motor_003,631421,9.705882352941176,0.19927536231884058,495.0,1989.0,-8.333333333333334,2484.0,-2.0
w080_i080,motor_003,631422,8.784313725490197,0.19080068143100512,448.0,1900.0,-7.490196078431373,2348.0,-1.0
w080_i080,motor_003,631423,7.549019607843137,0.1694542253521127,385.0,1887.0,-6.647058823529412,2272.0,-9.0
w080_i080,motor_003,631424,8.745098039215685,0.19141630901287554,446.0,1884.0,-7.96078431372549,2330.0,-11.0
w080_i080,motor_003,631425,9.333333333333334,0.19047619047619047,476.0,2023.0,-7.647058823529412,2499.0,2.0
w080_i080,motor_003,631426,8.705882352941176,0.17752898840463815,444.0,2057.0,-7.0588235294117645,2501.0,-13.0
w080_i080,motor_003,631427,8.196078431372548,0.18948322756119673,418.0,1788.0,-6.1568627450980395,2206.0,8.0
w080_i080,motor_003,631428,9.764705882352942,0.19309810003877473,498.0,2081.0,-7.647058823529412,2579.0,9.0
w080_i080,motor_003,631429,10.058823529411764,0.20212765957446807,513.0,2025.0,-7.823529411764706,2538.0,9.0
w080_i080,motor_003,631430,9.07843137254902,0.1910854312835328,463.0,1960.0,-8.215686274509803,2423.0,2.0
w080_i080,motor_004,631401,10.450980392156863,0.19806763285024154,533.0,2158.0,-9.235294117647058,2691.0,-3.0
w080_i080,motor_004,631402,10.392156862745098,0.19357195032870708,530.0,2208.0,-10.117647058823529,2738.0,1.0
w080_i080,motor_004,631403,10.313725490196079,0.21175523349436393,526.0,1958.0,-9.098039215686274,2484.0,-5.0
w080_i080,motor_004,631404,11.333333333333334,0.21583271097834206,578.0,2100.0,-10.784313725490197,2678.0,-6.0
w080_i080,motor_004,631405,11.843137254901961,0.2119298245614035,604.0,2246.0,-10.980392156862745,2850.0,0.0
w080_i080,motor_004,631406,10.235294117647058,0.2038266302225693,522.0,2039.0,-8.901960784313726,2561.0,0.0
w080_i080,motor_004,631407,10.745098039215685,0.19754866618601297,548.0,2226.0,-10.666666666666666,2774.0,2.0
w080_i080,motor_004,631408,11.647058823529411,0.2066086956521739,594.0,2281.0,-9.843137254901961,2875.0,2.0
w080_i080,motor_004,631409,9.72549019607843,0.20572376607216922,496.0,1915.0,-9.568627450980392,2411.0,-2.0
w080_i080,motor_004,631410,9.313725490196079,0.2007607776838546,475.0,1891.0,-8.882352941176471,2366.0,-5.0
w080_i080,motor_004,631411,10.215686274509803,0.21059013742926436,521.0,1953.0,-9.784313725490197,2474.0,-1.0
w080_i080,motor_004,631412,10.313725490196079,0.20419254658385094,526.0,2050.0,-9.411764705882353,2576.0,-5.0
w080_i080,motor_004,631413,11.235294117647058,0.21004398826979473,573.0,2155.0,-10.490196078431373,2728.0,-2.0
w080_i080,motor_004,631414,12.156862745098039,0.226691042047532,620.0,2115.0,-11.529411764705882,2735.0,-5.0
w080_i080,motor_004,631415,10.411764705882353,0.19850467289719625,531.0,2144.0,-8.686274509803921,2675.0,0.0
w080_i080,motor_004,631416,10.333333333333334,0.2074803149606299,527.0,2013.0,-9.431372549019608,2540.0,5.0
w080_i080,motor_004,631417,11.333333333333334,0.21048798252002912,578.0,2168.0,-11.058823529411764,2746.0,-11.0
w080_i080,motor_004,631418,11.686274509803921,0.2134670487106017,596.0,2196.0,-10.07843137254902,2792.0,1.0
w080_i080,motor_004,631419,11.705882352941176,0.21804236669101534,597.0,2141.0,-10.058823529411764,2738.0,5.0
w080_i080,motor_004,631420,10.313725490196079,0.2122679580306699,526.0,1952.0,-10.156862745098039,2478.0,1.0
w080_i080,motor_004,631421,11.490196078431373,0.21703703703703703,586.0,2114.0,-10.666666666666666,2700.0,-1.0
w080_i080,motor_004,631422,10.254901960784315,0.20566260322453794,523.0,2020.0,-9.549019607843137,2543.0,-4.0
w080_i080,motor_004,631423,10.03921568627451,0.19197600299962506,512.0,2155.0,-9.686274509803921,2667.0,-19.0
w080_i080,motor_004,631424,10.215686274509803,0.20423363386907095,521.0,2030.0,-9.627450980392156,2551.0,-7.0
w080_i080,motor_004,631425,10.843137254901961,0.20043494019572308,553.0,2206.0,-9.980392156862745,2759.0,5.0
w080_i080,motor_004,631426,10.333333333333334,0.20489891135303265,527.0,2045.0,-9.431372549019608,2572.0,-6.0
w080_i080,motor_004,631427,9.431372549019608,0.19489465153970825,481.0,1987.0,-7.549019607843137,2468.0,10.0
w080_i080,motor_004,631428,11.254901960784315,0.20182841068917018,574.0,2270.0,-10.901960784313726,2844.0,0.0
w080_i080,motor_004,631429,10.882352941176471,0.20919713531850734,555.0,2098.0,-10.176470588235293,2653.0,-3.0
w080_i080,motor_004,631430,10.882352941176471,0.20578420467185762,555.0,2142.0,-10.568627450980392,2697.0,2.0
w080_i080,motor_005,631401,9.862745098039216,0.1981094919259551,503.0,2036.0,-8.803921568627452,2539.0,2.0
w080_i080,motor_005,631402,10.372549019607844,0.19484346224677718,529.0,2186.0,-9.196078431372548,2715.0,-3.0
w080_i080,motor_005,631403,9.666666666666666,0.1939417781274587,493.0,2049.0,-8.607843137254902,2542.0,-9.0
w080_i080,motor_005,631404,10.588235294117647,0.20446800454373343,540.0,2101.0,-9.882352941176471,2641.0,-10.0
w080_i080,motor_005,631405,11.843137254901961,0.2086355785837651,604.0,2291.0,-11.254901960784315,2895.0,-7.0
w080_i080,motor_005,631406,9.568627450980392,0.19950940310711365,488.0,1958.0,-8.823529411764707,2446.0,0.0
w080_i080,motor_005,631407,10.431372549019608,0.1976225854383358,532.0,2160.0,-10.196078431372548,2692.0,-4.0
w080_i080,motor_005,631408,11.411764705882353,0.2089766606822262,582.0,2203.0,-9.529411764705882,2785.0,0.0
w080_i080,motor_005,631409,9.666666666666666,0.20196640721015977,493.0,1948.0,-8.72549019607843,2441.0,3.0
w080_i080,motor_005,631410,9.176470588235293,0.19427148194271482,468.0,1941.0,-8.705882352941176,2409.0,2.0
w080_i080,motor_005,631411,9.803921568627452,0.19896538002387584,500.0,2013.0,-9.607843137254902,2513.0,0.0
w080_i080,motor_005,631412,10.352941176470589,0.19782690146122142,528.0,2141.0,-9.450980392156863,2669.0,-10.0
w080_i080,motor_005,631413,11.019607843137255,0.20586080586080585,562.0,2168.0,-10.627450980392156,2730.0,4.0
w080_i080,motor_005,631414,12.176470588235293,0.20481530343007914,621.0,2411.0,-12.098039215686274,3032.0,-9.0
w080_i080,motor_005,631415,10.176470588235293,0.19474671669793622,519.0,2146.0,-9.352941176470589,2665.0,-9.0
w080_i080,motor_005,631416,9.96078431372549,0.20007877116975187,508.0,2031.0,-8.862745098039216,2539.0,6.0
w080_i080,motor_005,631417,11.019607843137255,0.20692194403534608,562.0,2154.0,-9.647058823529411,2716.0,1.0
w080_i080,motor_005,631418,11.450980392156863,0.20054945054945056,584.0,2328.0,-9.490196078431373,2912.0,6.0
w080_i080,motor_005,631419,11.352941176470589,0.21532168092227594,579.0,2110.0,-10.019607843137255,2689.0,-1.0
w080_i080,motor_005,631420,9.823529411764707,0.19732178022843638,501.0,2038.0,-9.588235294117647,2539.0,-6.0
w080_i080,motor_005,631421,11.156862745098039,0.20213143872113676,569.0,2246.0,-9.392156862745098,2815.0,1.0
w080_i080,motor_005,631422,10.176470588235293,0.202734375,519.0,2041.0,-9.235294117647058,2560.0,-12.0
w080_i080,motor_005,631423,9.215686274509803,0.18302180685358255,470.0,2098.0,-8.549019607843137,2568.0,-6.0
w080_i080,motor_005,631424,9.92156862745098,0.2,506.0,2024.0,-9.333333333333334,2530.0,-6.0
w080_i080,motor_005,631425,10.450980392156863,0.19595588235294117,533.0,2187.0,-9.470588235294118,2720.0,3.0
w080_i080,motor_005,631426,9.862745098039216,0.1914731633041492,503.0,2124.0,-8.843137254901961,2627.0,1.0
w080_i080,motor_005,631427,9.156862745098039,0.19696330662167863,467.0,1904.0,-7.549019607843137,2371.0,2.0
w080_i080,motor_005,631428,10.470588235294118,0.19851301115241635,534.0,2156.0,-9.96078431372549,2690.0,8.0
w080_i080,motor_005,631429,10.745098039215685,0.20073260073260074,548.0,2182.0,-9.372549019607844,2730.0,2.0
w080_i080,motor_005,631430,10.117647058823529,0.19922779922779923,516.0,2074.0,-9.607843137254902,2590.0,7.0
w080_i100,mode,631401,19.0,0.2597158938622353,969.0,2762.0,-7.784313725490196,3731.0,-71.0
w080_i100,mode,631402,18.980392156862745,0.25986577181208054,968.0,2757.0,-8.03921568627451,3725.0,-71.0
w080_i100,mode,631403,20.019607843137255,0.2564038171772978,1021.0,2961.0,-7.03921568627451,3982.0,-74.0
w080_i100,mode,631404,19.274509803921568,0.25699346405228757,983.0,2842.0,-7.03921568627451,3825.0,-69.0
w080_i100,mode,631405,20.254901960784313,0.255250803063998,1033.0,3014.0,-9.156862745098039,4047.0,-69.0
w080_i100,mode,631406,20.58823529411765,0.2588757396449704,1050.0,3006.0,-8.470588235294118,4056.0,-81.0
w080_i100,mode,631407,18.941176470588236,0.24903325599381285,966.0,2913.0,-5.529411764705882,3879.0,-69.0
w080_i100,mode,631408,18.823529411764707,0.25157232704402516,960.0,2856.0,-6.1568627450980395,3816.0,-65.0
w080_i100,mode,631409,19.098039215686274,0.2586298459904408,974.0,2792.0,-8.0,3766.0,-67.0
w080_i100,mode,631410,18.745098039215687,0.2610595303113053,956.0,2706.0,-6.588235294117647,3662.0,-59.0
w080_i100,mode,631411,19.07843137254902,0.25096724271343823,973.0,2904.0,-7.0,3877.0,-76.0
w080_i100,mode,631412,17.88235294117647,0.2569737954353339,912.0,2637.0,-6.823529411764706,3549.0,-59.0
w080_i100,mode,631413,19.529411764705884,0.24151309408341415,996.0,3128.0,-6.588235294117647,4124.0,-74.0
w080_i100,mode,631414,17.529411764705884,0.22928956142600668,894.0,3005.0,-5.0588235294117645,3899.0,-62.0
w080_i100,mode,631415,23.49019607843137,0.25936349859276897,1198.0,3421.0,-10.431372549019608,4619.0,-89.0
w080_i100,mode,631416,19.80392156862745,0.2518703241895262,1010.0,3000.0,-7.294117647058823,4010.0,-69.0
w080_i100,mode,631417,20.764705882352942,0.25353124251855397,1059.0,3118.0,-7.470588235294118,4177.0,-70.0
w080_i100,mode,631418,20.333333333333332,0.2610118298514976,1037.0,2936.0,-8.882352941176471,3973.0,-78.0
w080_i100,mode,631419,19.725490196078432,0.26473684210526316,1006.0,2794.0,-7.019607843137255,3800.0,-64.0
w080_i100,mode,631420,17.235294117647058,0.2449150181108944,879.0,2710.0,-5.235294117647059,3589.0,-56.0
w080_i100,mode,631421,19.333333333333332,0.2594054196264141,986.0,2815.0,-8.392156862745098,3801.0,-71.0
w080_i100,mode,631422,18.274509803921568,0.24353279331068722,932.0,2895.0,-6.0,3827.0,-68.0
w080_i100,mode,631423,21.372549019607842,0.2575005905976849,1090.0,3143.0,-8.705882352941176,4233.0,-73.0
w080_i100,mode,631424,21.58823529411765,0.25397923875432526,1101.0,3234.0,-7.588235294117647,4335.0,-71.0
w080_i100,mode,631425,20.352941176470587,0.2503014227152158,1038.0,3109.0,-7.215686274509804,4147.0,-73.0
w080_i100,mode,631426,20.764705882352942,0.2540177500599664,1059.0,3110.0,-7.627450980392157,4169.0,-65.0
w080_i100,mode,631427,18.58823529411765,0.24502455414835875,948.0,2921.0,-6.2745098039215685,3869.0,-64.0
w080_i100,mode,631428,19.96078431372549,0.24938755512003918,1018.0,3064.0,-6.666666666666667,4082.0,-73.0
w080_i100,mode,631429,20.274509803921568,0.250181466247278,1034.0,3099.0,-6.9411764705882355,4133.0,-74.0
w080_i100,mode,631430,19.431372549019606,0.2607208629308077,991.0,2810.0,-8.803921568627452,3801.0,-68.0
w080_i100,mode_without_mn9,631401,17.96,0.2406861431251675,898.0,2833.0,-6.52,3731.0,-71.0
w080_i100,mode_without_mn9,631402,18.66,0.24071207430340558,933.0,2943.0,-7.02,3876.0,-71.0
w080_i100,mode_without_mn9,631403,18.94,0.23782019085886488,947.0,3035.0,-5.7,3982.0,-74.0
w080_i100,mode_without_mn9,631404,18.28,0.23895424836601306,914.0,2911.0,-5.8,3825.0,-69.0
w080_i100,mode_without_mn9,631405,19.52,0.24242424242424243,976.0,3050.0,-8.32,4026.0,-70.0
w080_i100,mode_without_mn9,631406,19.38,0.23890532544378698,969.0,3087.0,-7.02,4056.0,-81.0
w080_i100,mode_without_mn9,631407,17.94,0.23124516627996908,897.0,2982.0,-4.26,3879.0,-69.0
w080_i100,mode_without_mn9,631408,17.64,0.23488681757656457,882.0,2873.0,-5.2,3755.0,-67.0
w080_i100,mode_without_mn9,631409,16.44,0.25433168316831684,822.0,2410.0,-9.36,3232.0,-67.0
w080_i100,mode_without_mn9,631410,17.28,0.2436548223350254,864.0,2682.0,-5.64,3546.0,-59.0
w080_i100,mode_without_mn9,631411,18.7,0.22771553823672674,935.0,3171.0,-4.9,4106.0,-75.0
w080_i100,mode_without_mn9,631412,18.4,0.22971285892634208,920.0,3085.0,-4.12,4005.0,-58.0
w080_i100,mode_without_mn9,631413,18.44,0.22356935014548981,922.0,3202.0,-5.24,4124.0,-74.0
w080_i100,mode_without_mn9,631414,17.32,0.21912955465587045,866.0,3086.0,-3.96,3952.0,-62.0
w080_i100,mode_without_mn9,631415,21.18,0.2384598063499212,1059.0,3382.0,-9.02,4441.0,-89.0
w080_i100,mode_without_mn9,631416,18.82,0.2346633416458853,941.0,3069.0,-6.06,4010.0,-69.0
w080_i100,mode_without_mn9,631417,19.1,0.23269980506822613,955.0,3149.0,-5.9,4104.0,-70.0
w080_i100,mode_without_mn9,631418,19.18,0.2413793103448276,959.0,3014.0,-7.5,3973.0,-78.0
w080_i100,mode_without_mn9,631419,18.96,0.23855057876195268,948.0,3026.0,-5.48,3974.0,-62.0
w080_i100,mode_without_mn9,631420,16.46,0.22931178601281693,823.0,2766.0,-4.22,3589.0,-56.0
w080_i100,mode_without_mn9,631421,18.3,0.24072612470402527,915.0,2886.0,-7.14,3801.0,-71.0
w080_i100,mode_without_mn9,631422,17.48,0.2249099330931549,874.0,3012.0,-4.2,3886.0,-69.0
w080_i100,mode_without_mn9,631423,20.34,0.24025513819985825,1017.0,3216.0,-7.42,4233.0,-73.0
w080_i100,mode_without_mn9,631424,20.96,0.24036697247706423,1048.0,3312.0,-6.8,4360.0,-72.0
w080_i100,mode_without_mn9,631425,18.98,0.23754693366708385,949.0,3046.0,-6.06,3995.0,-71.0
w080_i100,mode_without_mn9,631426,19.88,0.2384264811705445,994.0,3175.0,-6.48,4169.0,-65.0
w080_i100,mode_without_mn9,631427,17.08,0.23206521739130434,854.0,2826.0,-4.88,3680.0,-64.0
w080_i100,mode_without_mn9,631428,19.24,0.23543808125305923,962.0,3124.0,-6.24,4086.0,-73.0
w080_i100,mode_without_mn9,631429,19.06,0.23317837044286763,953.0,3134.0,-5.46,4087.0,-75.0
w080_i100,mode_without_mn9,631430,19.5,0.24405506883604505,975.0,3020.0,-7.3,3995.0,-67.0
w080_i100,mn9_only,631401,11.0,0.01636904761904762,11.0,661.0,-11.0,672.0,-11.0
w080_i100,mn9_only,631402,7.0,0.01338432122370937,7.0,516.0,-7.0,523.0,-7.0
w080_i100,mn9_only,631403,6.0,0.009819967266775777,6.0,605.0,-6.0,611.0,-6.0
w080_i100,mn9_only,631404,3.0,0.008086253369272238,3.0,368.0,3.0,371.0,3.0
w080_i100,mn9_only,631405,3.0,0.004149377593360996,3.0,720.0,-3.0,723.0,-3.0
w080_i100,mn9_only,631406,17.0,0.023480662983425413,17.0,707.0,-17.0,724.0,-17.0
w080_i100,mn9_only,631407,10.0,0.018832391713747645,10.0,521.0,-10.0,531.0,-10.0
w080_i100,mn9_only,631408,6.0,0.007874015748031496,6.0,756.0,6.0,762.0,6.0
w080_i100,mn9_only,631409,4.0,0.006622516556291391,4.0,600.0,4.0,604.0,4.0
w080_i100,mn9_only,631410,13.0,0.030732860520094562,13.0,410.0,13.0,423.0,13.0
w080_i100,mn9_only,631411,4.0,0.00686106346483705,4.0,579.0,-4.0,583.0,-4.0
w080_i100,mn9_only,631412,13.0,0.019696969696969695,13.0,647.0,13.0,660.0,13.0
w080_i100,mn9_only,631413,5.0,0.011286681715575621,5.0,438.0,-5.0,443.0,-5.0
w080_i100,mn9_only,631414,8.0,0.012048192771084338,8.0,656.0,8.0,664.0,8.0
w080_i100,mn9_only,631415,23.0,0.024838012958963283,23.0,903.0,-23.0,926.0,-23.0
w080_i100,mn9_only,631416,3.0,0.00646551724137931,3.0,461.0,3.0,464.0,3.0
w080_i100,mn9_only,631417,4.0,0.007220216606498195,4.0,550.0,4.0,554.0,4.0
w080_i100,mn9_only,631418,11.0,0.01661631419939577,11.0,651.0,-11.0,662.0,-11.0
w080_i100,mn9_only,631419,11.0,0.019784172661870502,11.0,545.0,11.0,556.0,11.0
w080_i100,mn9_only,631420,10.0,0.015360983102918587,10.0,641.0,10.0,651.0,10.0
w080_i100,mn9_only,631421,2.0,0.006578947368421052,2.0,302.0,-2.0,304.0,-2.0
w080_i100,mn9_only,631422,1.0,0.0030211480362537764,1.0,330.0,1.0,331.0,1.0
w080_i100,mn9_only,631423,5.0,0.007692307692307693,5.0,645.0,-5.0,650.0,-5.0
w080_i100,mn9_only,631424,6.0,0.009216589861751152,6.0,645.0,-6.0,651.0,-6.0
w080_i100,mn9_only,631425,4.0,0.00808080808080808,4.0,491.0,-4.0,495.0,-4.0
w080_i100,mn9_only,631426,2.0,0.004310344827586207,2.0,462.0,2.0,464.0,2.0
w080_i100,mn9_only,631427,6.0,0.014423076923076924,6.0,410.0,6.0,416.0,6.0
w080_i100,mn9_only,631428,6.0,0.011834319526627219,6.0,501.0,-6.0,507.0,-6.0
w080_i100,mn9_only,631429,1.0,0.002036659877800407,1.0,490.0,-1.0,491.0,-1.0
w080_i100,mn9_only,631430,1.0,0.0018115942028985507,1.0,551.0,-1.0,552.0,-1.0
w080_i100,motor_003,631401,5.862745098039215,0.14868224763799104,299.0,1712.0,-5.705882352941177,2011.0,-21.0
w080_i100,motor_003,631402,8.176470588235293,0.1701346389228886,417.0,2034.0,-8.098039215686274,2451.0,-25.0
w080_i100,motor_003,631403,4.627450980392157,0.13947990543735225,236.0,1456.0,-4.1568627450980395,1692.0,-16.0
w080_i100,motor_003,631404,5.450980392156863,0.1620991253644315,278.0,1437.0,-5.019607843137255,1715.0,-7.0
w080_i100,motor_003,631405,5.96078431372549,0.15486500254712177,304.0,1659.0,-5.764705882352941,1963.0,-11.0
w080_i100,motor_003,631406,6.078431372549019,0.15354135710747896,310.0,1709.0,-5.568627450980392,2019.0,-27.0
w080_i100,motor_003,631407,4.254901960784314,0.1338679827267119,217.0,1404.0,-3.784313725490196,1621.0,-22.0
w080_i100,motor_003,631408,5.1568627450980395,0.14538419016030957,263.0,1546.0,-5.03921568627451,1809.0,-22.0
w080_i100,motor_003,631409,6.588235294117647,0.17266187050359713,336.0,1610.0,-6.470588235294118,1946.0,-12.0
w080_i100,motor_003,631410,5.078431372549019,0.16007416563658838,259.0,1359.0,-4.647058823529412,1618.0,-6.0
w080_i100,motor_003,631411,4.2745098039215685,0.13591022443890274,218.0,1386.0,-3.9607843137254903,1604.0,-21.0
w080_i100,motor_003,631412,3.6666666666666665,0.12166558230318802,187.0,1350.0,-3.0784313725490198,1537.0,-11.0
w080_i100,motor_003,631413,4.313725490196078,0.13237063778580024,220.0,1442.0,-4.196078431372549,1662.0,-14.0
w080_i100,motor_003,631414,6.176470588235294,0.15757878939469736,315.0,1684.0,-6.098039215686274,1999.0,-17.0
w080_i100,motor_003,631415,5.607843137254902,0.14278582126809786,286.0,1717.0,-5.176470588235294,2003.0,-34.0
w080_i100,motor_003,631416,5.235294117647059,0.14924538848518726,267.0,1522.0,-4.803921568627451,1789.0,-14.0
w080_i100,motor_003,631417,5.137254901960785,0.14324767632586113,262.0,1567.0,-4.862745098039215,1829.0,-20.0
w080_i100,motor_003,631418,8.705882352941176,0.17946645109135004,444.0,2030.0,-8.588235294117647,2474.0,-28.0
w080_i100,motor_003,631419,5.627450980392157,0.15743280307185958,287.0,1536.0,-5.352941176470588,1823.0,-13.0
w080_i100,motor_003,631420,4.078431372549019,0.14617006324666199,208.0,1215.0,-3.2549019607843137,1423.0,2.0
w080_i100,motor_003,631421,5.9411764705882355,0.14319470699432893,303.0,1813.0,-5.392156862745098,2116.0,-25.0
w080_i100,motor_003,631422,4.784313725490196,0.14472123368920523,244.0,1442.0,-4.627450980392157,1686.0,-26.0
w080_i100,motor_003,631423,4.509803921568627,0.12630422844590883,230.0,1591.0,-4.313725490196078,1821.0,-20.0
w080_i100,motor_003,631424,4.1568627450980395,0.11355115158007499,212.0,1655.0,-3.9607843137254903,1867.0,-24.0
w080_i100,motor_003,631425,5.0588235294117645,0.14642451759364358,258.0,1504.0,-4.588235294117647,1762.0,-7.0
w080_i100,motor_003,631426,4.450980392156863,0.12853907134767836,227.0,1539.0,-4.372549019607843,1766.0,-13.0
w080_i100,motor_003,631427,4.607843137254902,0.15122265122265122,235.0,1319.0,-3.7058823529411766,1554.0,-3.0
w080_i100,motor_003,631428,5.431372549019608,0.14844587352625938,277.0,1589.0,-5.078431372549019,1866.0,-13.0
w080_i100,motor_003,631429,5.117647058823529,0.13853503184713375,261.0,1623.0,-5.0,1884.0,-17.0
w080_i100,motor_003,631430,6.313725490196078,0.15253434391283752,322.0,1789.0,-6.0,2111.0,-21.0
w080_i100,motor_004,631401,7.0588235294117645,0.1610738255033557,360.0,1875.0,-6.745098039215686,2235.0,-31.0
w080_i100,motor_004,631402,8.980392156862745,0.18855496088925483,458.0,1971.0,-8.862745098039216,2429.0,-22.0
w080_i100,motor_004,631403,6.0588235294117645,0.14920328343795267,309.0,1762.0,-5.862745098039215,2071.0,-26.0
w080_i100,motor_004,631404,6.901960784313726,0.17635270541082165,352.0,1644.0,-6.117647058823529,1996.0,-17.0
w080_i100,motor_004,631405,7.784313725490196,0.172234273318872,397.0,1908.0,-7.588235294117647,2305.0,-12.0
w080_i100,motor_004,631406,7.352941176470588,0.1681614349775785,375.0,1855.0,-6.96078431372549,2230.0,-32.0
w080_i100,motor_004,631407,5.901960784313726,0.16629834254143647,301.0,1509.0,-5.745098039215686,1810.0,-23.0
w080_i100,motor_004,631408,6.313725490196078,0.16521292970754234,322.0,1627.0,-5.764705882352941,1949.0,-14.0
w080_i100,motor_004,631409,7.901960784313726,0.1859713890170743,403.0,1764.0,-7.784313725490196,2167.0,-15.0
w080_i100,motor_004,631410,6.764705882352941,0.18628509719222464,345.0,1507.0,-6.607843137254902,1852.0,-7.0
w080_i100,motor_004,631411,5.8431372549019605,0.1553701772679875,298.0,1620.0,-5.529411764705882,1918.0,-23.0
w080_i100,motor_004,631412,4.588235294117647,0.14597629444791016,234.0,1369.0,-4.1568627450980395,1603.0,-1.0
w080_i100,motor_004,631413,5.980392156862745,0.15545361875637104,305.0,1657.0,-5.901960784313726,1962.0,-22.0
w080_i100,motor_004,631414,6.490196078431373,0.1716804979253112,331.0,1597.0,-6.450980392156863,1928.0,-17.0
w080_i100,motor_004,631415,7.03921568627451,0.15615484993475423,359.0,1940.0,-7.03921568627451,2299.0,-35.0
w080_i100,motor_004,631416,6.882352941176471,0.1649436090225564,351.0,1777.0,-6.529411764705882,2128.0,-20.0
w080_i100,motor_004,631417,6.2745098039215685,0.1654601861427094,320.0,1614.0,-5.764705882352941,1934.0,-9.0
w080_i100,motor_004,631418,9.588235294117647,0.18721286370597243,489.0,2123.0,-9.431372549019608,2612.0,-28.0
w080_i100,motor_004,631419,6.549019607843137,0.1821155943293348,334.0,1500.0,-6.1568627450980395,1834.0,-10.0
w080_i100,motor_004,631420,5.1568627450980395,0.16355721393034825,263.0,1345.0,-4.568627450980392,1608.0,2.0
w080_i100,motor_004,631421,6.490196078431373,0.17221644120707597,331.0,1591.0,-5.549019607843137,1922.0,-12.0
w080_i100,motor_004,631422,5.627450980392157,0.1688235294117647,287.0,1413.0,-5.549019607843137,1700.0,-17.0
w080_i100,motor_004,631423,6.019607843137255,0.14953726254262056,307.0,1746.0,-6.019607843137255,2053.0,-23.0
w080_i100,motor_004,631424,5.254901960784314,0.1336658354114713,268.0,1737.0,-5.019607843137255,2005.0,-22.0
w080_i100,motor_004,631425,6.588235294117647,0.16030534351145037,336.0,1760.0,-6.392156862745098,2096.0,-22.0
w080_i100,motor_004,631426,5.8431372549019605,0.15512753774076002,298.0,1623.0,-5.647058823529412,1921.0,-10.0
w080_i100,motor_004,631427,6.117647058823529,0.17439910564561206,312.0,1477.0,-5.607843137254902,1789.0,-6.0
w080_i100,motor_004,631428,7.490196078431373,0.16508210890233363,382.0,1932.0,-7.450980392156863,2314.0,-24.0
w080_i100,motor_004,631429,6.1568627450980395,0.1653501843075303,314.0,1585.0,-5.8431372549019605,1899.0,-13.0
w080_i100,motor_004,631430,7.313725490196078,0.17236598890942698,373.0,1791.0,-7.078431372549019,2164.0,-22.0
w080_i100,motor_005,631401,7.078431372549019,0.15600691443388073,361.0,1953.0,-6.764705882352941,2314.0,-33.0
w080_i100,motor_005,631402,8.745098039215685,0.1862212943632568,446.0,1949.0,-8.666666666666666,2395.0,-23.0
w080_i100,motor_005,631403,5.411764705882353,0.15602035048049745,276.0,1493.0,-4.862745098039215,1769.0,-20.0
w080_i100,motor_005,631404,6.705882352941177,0.16301239275500476,342.0,1756.0,-6.392156862745098,2098.0,-22.0
w080_i100,motor_005,631405,7.764705882352941,0.17120622568093385,396.0,1917.0,-7.607843137254902,2313.0,-19.0
w080_i100,motor_005,631406,7.627450980392157,0.16825259515570934,389.0,1923.0,-7.235294117647059,2312.0,-36.0
w080_i100,motor_005,631407,5.215686274509804,0.16339066339066338,266.0,1362.0,-4.784313725490196,1628.0,-15.0
w080_i100,motor_005,631408,6.1568627450980395,0.155599603567889,314.0,1704.0,-5.882352941176471,2018.0,-19.0
w080_i100,motor_005,631409,7.9411764705882355,0.1762402088772846,405.0,1893.0,-7.862745098039215,2298.0,-15.0
w080_i100,motor_005,631410,6.686274509803922,0.18119022316684377,341.0,1541.0,-6.490196078431373,1882.0,-12.0
w080_i100,motor_005,631411,5.333333333333333,0.1452991452991453,272.0,1600.0,-5.0588235294117645,1872.0,-18.0
w080_i100,motor_005,631412,4.137254901960785,0.1378184193337688,211.0,1320.0,-4.019607843137255,1531.0,-4.0
w080_i100,motor_005,631413,5.509803921568627,0.14285714285714285,281.0,1686.0,-5.431372549019608,1967.0,-21.0
w080_i100,motor_005,631414,6.1568627450980395,0.16362688900468994,314.0,1605.0,-6.1568627450980395,1919.0,-16.0
w080_i100,motor_005,631415,7.0588235294117645,0.1439424230307877,360.0,2141.0,-6.823529411764706,2501.0,-39.0
w080_i100,motor_005,631416,6.647058823529412,0.16544655929721816,339.0,1710.0,-6.568627450980392,2049.0,-18.0
w080_i100,motor_005,631417,6.470588235294118,0.16401590457256462,330.0,1682.0,-6.117647058823529,2012.0,-18.0
w080_i100,motor_005,631418,9.03921568627451,0.18739837398373985,461.0,1999.0,-8.764705882352942,2460.0,-17.0
w080_i100,motor_005,631419,6.588235294117647,0.1731958762886598,336.0,1604.0,-6.117647058823529,1940.0,-8.0
w080_i100,motor_005,631420,5.019607843137255,0.16020025031289112,256.0,1342.0,-4.509803921568627,1598.0,1.0
w080_i100,motor_005,631421,6.96078431372549,0.1659654043945769,355.0,1784.0,-6.372549019607843,2139.0,-22.0
w080_i100,motor_005,631422,5.96078431372549,0.160676532769556,304.0,1588.0,-5.882352941176471,1892.0,-25.0
w080_i100,motor_005,631423,5.7254901960784315,0.14154144449830344,292.0,1771.0,-5.686274509803922,2063.0,-25.0
w080_i100,motor_005,631424,4.882352941176471,0.13856427378964942,249.0,1548.0,-4.607843137254902,1797.0,-15.0
w080_i100,motor_005,631425,6.7254901960784315,0.15894346617238184,343.0,1815.0,-6.686274509803922,2158.0,-23.0
w080_i100,motor_005,631426,5.803921568627451,0.1436893203883495,296.0,1764.0,-5.450980392156863,2060.0,-12.0
w080_i100,motor_005,631427,5.9411764705882355,0.16974789915966387,303.0,1482.0,-5.588235294117647,1785.0,-14.0
w080_i100,motor_005,631428,6.294117647058823,0.16554925219185146,321.0,1618.0,-6.137254901960785,1939.0,-17.0
w080_i100,motor_005,631429,6.313725490196078,0.15676728334956183,322.0,1732.0,-6.03921568627451,2054.0,-25.0
w080_i100,motor_005,631430,7.176470588235294,0.16606170598911071,366.0,1838.0,-6.862745098039215,2204.0,-16.0
w080_i120,mode,631401,11.549019607843137,0.23884833738848338,589.0,1877.0,0.17647058823529413,2466.0,-36.0
w080_i120,mode,631402,11.862745098039216,0.23642047674872999,605.0,1954.0,0.29411764705882354,2559.0,-39.0
w080_i120,mode,631403,12.745098039215685,0.24771341463414634,650.0,1974.0,-1.803921568627451,2624.0,-43.0
w080_i120,mode,631404,10.607843137254902,0.2691542288557214,541.0,1469.0,-2.6862745098039214,2010.0,-40.0
w080_i120,mode,631405,13.627450980392156,0.238013698630137,695.0,2225.0,-1.392156862745098,2920.0,-46.0
w080_i120,mode,631406,12.117647058823529,0.23426838514025777,618.0,2020.0,0.9411764705882353,2638.0,-34.0
w080_i120,mode,631407,10.882352941176471,0.2536563071297989,555.0,1633.0,-1.4313725490196079,2188.0,-41.0
w080_i120,mode,631408,10.490196078431373,0.23589065255731922,535.0,1733.0,1.6274509803921569,2268.0,-34.0
w080_i120,mode,631409,13.96078431372549,0.2515012363122571,712.0,2119.0,-1.6862745098039216,2831.0,-44.0
w080_i120,mode,631410,11.666666666666666,0.25329927628778204,595.0,1754.0,-2.6470588235294117,2349.0,-43.0
w080_i120,mode,631411,15.372549019607844,0.2474747474747475,784.0,2384.0,-2.2745098039215685,3168.0,-46.0
w080_i120,mode,631412,11.529411764705882,0.2444906444906445,588.0,1817.0,0.0392156862745098,2405.0,-35.0
w080_i120,mode,631413,11.666666666666666,0.22486772486772486,595.0,2051.0,0.5294117647058824,2646.0,-37.0
w080_i120,mode,631414,13.901960784313726,0.24330816746739878,709.0,2205.0,-1.1176470588235294,2914.0,-42.0
w080_i120,mode,631415,12.666666666666666,0.2545311268715524,646.0,1892.0,-0.9411764705882353,2538.0,-41.0
w080_i120,mode,631416,12.882352941176471,0.2504765535646207,657.0,1966.0,-0.6862745098039216,2623.0,-39.0
w080_i120,mode,631417,12.27450980392157,0.2591059602649007,626.0,1790.0,-3.176470588235294,2416.0,-47.0
w080_i120,mode,631418,12.137254901960784,0.23607932875667428,619.0,2003.0,-0.7254901960784313,2622.0,-37.0
w080_i120,mode,631419,13.588235294117647,0.25838926174496646,693.0,1989.0,-2.9215686274509802,2682.0,-47.0
w080_i120,mode,631420,10.647058823529411,0.2291139240506329,543.0,1827.0,-0.0196078431372549,2370.0,-29.0
w080_i120,mode,631421,12.666666666666666,0.2399702823179792,646.0,2046.0,-0.19607843137254902,2692.0,-36.0
w080_i120,mode,631422,11.333333333333334,0.240432612312812,578.0,1826.0,0.19607843137254902,2404.0,-36.0
w080_i120,mode,631423,13.0,0.24573758339510748,663.0,2035.0,-2.019607843137255,2698.0,-45.0
w080_i120,mode,631424,11.352941176470589,0.23935510541546093,579.0,1840.0,-0.058823529411764705,2419.0,-37.0
w080_i120,mode,631425,13.549019607843137,0.24237109786039987,691.0,2160.0,-0.7254901960784313,2851.0,-44.0
w080_i120,mode,631426,11.196078431372548,0.24464438731790916,571.0,1763.0,-0.6078431372549019,2334.0,-38.0
w080_i120,mode,631427,13.137254901960784,0.24337086814384307,670.0,2083.0,0.19607843137254902,2753.0,-37.0
w080_i120,mode,631428,11.254901960784315,0.24352991090369114,574.0,1783.0,0.35294117647058826,2357.0,-37.0
w080_i120,mode,631429,12.333333333333334,0.25019888623707237,629.0,1885.0,-0.803921568627451,2514.0,-39.0
w080_i120,mode,631430,14.254901960784315,0.2603868194842407,727.0,2065.0,-2.9607843137254903,2792.0,-50.0
w080_i120,mode_without_mn9,631401,11.06,0.22424979724249797,553.0,1913.0,0.9,2466.0,-36.0
w080_i120,mode_without_mn9,631402,11.32,0.22118014849550605,566.0,1993.0,1.08,2559.0,-39.0
w080_i120,mode_without_mn9,631403,12.14,0.23132621951219512,607.0,2017.0,-0.98,2624.0,-43.0
w080_i120,mode_without_mn9,631404,10.02,0.24925373134328357,501.0,1509.0,-1.94,2010.0,-40.0
w080_i120,mode_without_mn9,631405,12.98,0.22226027397260273,649.0,2271.0,-0.5,2920.0,-46.0
w080_i120,mode_without_mn9,631406,11.68,0.221379833206975,584.0,2054.0,1.64,2638.0,-34.0
w080_i120,mode_without_mn9,631407,10.28,0.23491773308957953,514.0,1674.0,-0.64,2188.0,-41.0
w080_i120,mode_without_mn9,631408,10.02,0.2208994708994709,501.0,1767.0,2.34,2268.0,-34.0
w080_i120,mode_without_mn9,631409,13.36,0.23595902507947722,668.0,2163.0,-0.84,2831.0,-44.0
w080_i120,mode_without_mn9,631410,11.04,0.23499361430395913,552.0,1797.0,-1.84,2349.0,-43.0
w080_i120,mode_without_mn9,631411,14.76,0.23295454545454544,738.0,2430.0,-1.4,3168.0,-46.0
w080_i120,mode_without_mn9,631412,11.06,0.22993762993762995,553.0,1852.0,0.74,2405.0,-35.0
w080_i120,mode_without_mn9,631413,10.94,0.21586424625098657,547.0,1987.0,1.14,2534.0,-37.0
w080_i120,mode_without_mn9,631414,12.3,0.23883495145631067,615.0,1960.0,-1.26,2575.0,-42.0
w080_i120,mode_without_mn9,631415,12.1,0.23837667454688732,605.0,1933.0,-0.14,2538.0,-41.0
w080_i120,mode_without_mn9,631416,12.36,0.23560808234845595,618.0,2005.0,0.08,2623.0,-39.0
w080_i120,mode_without_mn9,631417,11.58,0.2396523178807947,579.0,1837.0,-2.3,2416.0,-47.0
w080_i120,mode_without_mn9,631418,11.64,0.2219679633867277,582.0,2040.0,0.0,2622.0,-37.0
w080_i120,mode_without_mn9,631419,12.92,0.24086502609992544,646.0,2036.0,-2.04,2682.0,-47.0
w080_i120,mode_without_mn9,631420,10.28,0.2168776371308017,514.0,1856.0,0.56,2370.0,-29.0
w080_i120,mode_without_mn9,631421,12.2,0.22659732540861813,610.0,2082.0,0.52,2692.0,-36.0
w080_i120,mode_without_mn9,631422,10.84,0.2254575707154742,542.0,1862.0,0.92,2404.0,-36.0
w080_i120,mode_without_mn9,631423,12.36,0.229058561897702,618.0,2080.0,-1.16,2698.0,-45.0
w080_i120,mode_without_mn9,631424,10.84,0.22405952873088053,542.0,1877.0,0.68,2419.0,-37.0
w080_i120,mode_without_mn9,631425,12.94,0.22693791652051912,647.0,2204.0,0.14,2851.0,-44.0
w080_i120,mode_without_mn9,631426,10.66,0.22836332476435303,533.0,1801.0,0.14,2334.0,-38.0
w080_i120,mode_without_mn9,631427,11.86,0.22642229858724705,593.0,2026.0,1.14,2619.0,-38.0
w080_i120,mode_without_mn9,631428,10.74,0.2278319898175647,537.0,1820.0,1.1,2357.0,-37.0
w080_i120,mode_without_mn9,631429,11.8,0.2346857597454256,590.0,1924.0,-0.04,2514.0,-39.0
w080_i120,mode_without_mn9,631430,13.54,0.24247851002865328,677.0,2115.0,-2.02,2792.0,-50.0
w080_i120,mn9_only,631401,1.0,0.0024691358024691358,1.0,404.0,1.0,405.0,1.0
w080_i120,mn9_only,631402,2.0,0.005449591280653951,2.0,365.0,2.0,367.0,2.0
w080_i120,mn9_only,631403,7.0,0.015590200445434299,7.0,442.0,7.0,449.0,7.0
w080_i120,mn9_only,631404,1.0,0.0022222222222222222,1.0,449.0,-1.0,450.0,-1.0
w080_i120,mn9_only,631405,3.0,0.008130081300813009,3.0,366.0,3.0,369.0,3.0
w080_i120,mn9_only,631406,4.0,0.009174311926605505,4.0,432.0,4.0,436.0,4.0
w080_i120,mn9_only,631407,1.0,0.002824858757062147,1.0,353.0,-1.0,354.0,-1.0
w080_i120,mn9_only,631408,1.0,0.0015772870662460567,1.0,633.0,-1.0,634.0,-1.0
w080_i120,mn9_only,631409,5.0,0.009523809523809525,5.0,520.0,-5.0,525.0,-5.0
w080_i120,mn9_only,631410,9.0,0.02040816326530612,9.0,432.0,-9.0,441.0,-9.0
w080_i120,mn9_only,631411,8.0,0.014625228519195612,8.0,539.0,-8.0,547.0,-8.0
w080_i120,mn9_only,631412,7.0,0.016706443914081145,7.0,412.0,7.0,419.0,7.0
w080_i120,mn9_only,631413,2.0,0.005714285714285714,2.0,348.0,2.0,350.0,2.0
w080_i120,mn9_only,631414,6.0,0.011976047904191617,6.0,495.0,-6.0,501.0,-6.0
w080_i120,mn9_only,631415,8.0,0.013468013468013467,8.0,586.0,8.0,594.0,8.0
w080_i120,mn9_only,631416,9.0,0.01761252446183953,9.0,502.0,-9.0,511.0,-9.0
w080_i120,mn9_only,631417,3.0,0.005128205128205128,3.0,582.0,3.0,585.0,3.0
w080_i120,mn9_only,631418,0.0,0.0,0.0,425.0,0.0,425.0,0.0
w080_i120,mn9_only,631419,14.0,0.02092675635276532,14.0,655.0,-14.0,669.0,-14.0
w080_i120,mn9_only,631420,1.0,0.0035842293906810036,1.0,278.0,1.0,279.0,1.0
w080_i120,mn9_only,631421,7.0,0.016355140186915886,7.0,421.0,7.0,428.0,7.0
w080_i120,mn9_only,631422,4.0,0.011661807580174927,4.0,339.0,4.0,343.0,4.0
w080_i120,mn9_only,631423,6.0,0.012219959266802444,6.0,485.0,-6.0,491.0,-6.0
w080_i120,mn9_only,631424,1.0,0.00392156862745098,1.0,254.0,1.0,255.0,1.0
w080_i120,mn9_only,631425,1.0,0.0022271714922048997,1.0,448.0,1.0,449.0,1.0
w080_i120,mn9_only,631426,0.0,0.0,0.0,523.0,0.0,523.0,0.0
w080_i120,mn9_only,631427,9.0,0.022900763358778626,9.0,384.0,-9.0,393.0,-9.0
w080_i120,mn9_only,631428,2.0,0.00408997955010225,2.0,487.0,-2.0,489.0,-2.0
w080_i120,mn9_only,631429,1.0,0.0025252525252525255,1.0,395.0,1.0,396.0,1.0
w080_i120,mn9_only,631430,6.0,0.014962593516209476,6.0,395.0,-6.0,401.0,-6.0
w080_i120,motor_003,631401,4.372549019607843,0.15087956698240865,223.0,1255.0,-4.215686274509804,1478.0,-24.0
w080_i120,motor_003,631402,4.098039215686274,0.16482649842271294,209.0,1059.0,-3.588235294117647,1268.0,-17.0
w080_i120,motor_003,631403,2.823529411764706,0.12297181895815543,144.0,1027.0,-2.0784313725490198,1171.0,-21.0
w080_i120,motor_003,631404,6.098039215686274,0.19376947040498443,311.0,1294.0,-5.980392156862745,1605.0,-17.0
w080_i120,motor_003,631405,3.7058823529411766,0.12608405603735823,189.0,1310.0,-3.4705882352941178,1499.0,-25.0
w080_i120,motor_003,631406,3.392156862745098,0.15282685512367492,173.0,959.0,-2.5294117647058822,1132.0,-6.0
w080_i120,motor_003,631407,5.588235294117647,0.17335766423357665,285.0,1359.0,-5.117647058823529,1644.0,-27.0
w080_i120,motor_003,631408,4.823529411764706,0.19617224880382775,246.0,1008.0,-4.588235294117647,1254.0,-12.0
w080_i120,motor_003,631409,4.607843137254902,0.15035188739603328,235.0,1328.0,-4.372549019607843,1563.0,-23.0
w080_i120,motor_003,631410,5.7254901960784315,0.18170504044803984,292.0,1315.0,-5.372549019607843,1607.0,-18.0
w080_i120,motor_003,631411,5.098039215686274,0.14814814814814814,260.0,1495.0,-4.745098039215686,1755.0,-25.0
w080_i120,motor_003,631412,4.568627450980392,0.16373858046380885,233.0,1190.0,-4.333333333333333,1423.0,-21.0
w080_i120,motor_003,631413,4.03921568627451,0.16006216006216006,206.0,1081.0,-3.7254901960784315,1287.0,-13.0
w080_i120,motor_003,631414,4.666666666666667,0.14124629080118695,238.0,1447.0,-4.431372549019608,1685.0,-31.0
w080_i120,motor_003,631415,6.509803921568627,0.1795565170362358,332.0,1517.0,-6.1568627450980395,1849.0,-25.0
w080_i120,motor_003,631416,4.294117647058823,0.15631691648822268,219.0,1182.0,-3.980392156862745,1401.0,-20.0
w080_i120,motor_003,631417,6.352941176470588,0.18171620863712842,324.0,1459.0,-6.235294117647059,1783.0,-26.0
w080_i120,motor_003,631418,5.235294117647059,0.1681360201511335,267.0,1321.0,-5.1568627450980395,1588.0,-20.0
w080_i120,motor_003,631419,4.607843137254902,0.14632627646326277,235.0,1371.0,-4.372549019607843,1606.0,-27.0
w080_i120,motor_003,631420,4.784313725490196,0.17745454545454545,244.0,1131.0,-4.588235294117647,1375.0,-10.0
w080_i120,motor_003,631421,3.7254901960784315,0.140117994100295,190.0,1166.0,-3.411764705882353,1356.0,-17.0
w080_i120,motor_003,631422,4.215686274509804,0.1504548635409377,215.0,1214.0,-4.137254901960785,1429.0,-22.0
w080_i120,motor_003,631423,4.490196078431373,0.13383985973115137,229.0,1482.0,-4.490196078431373,1711.0,-29.0
w080_i120,motor_003,631424,4.117647058823529,0.14492753623188406,210.0,1239.0,-3.9215686274509802,1449.0,-23.0
w080_i120,motor_003,631425,4.96078431372549,0.14391353811149032,253.0,1505.0,-4.8431372549019605,1758.0,-30.0
w080_i120,motor_003,631426,5.7254901960784315,0.18341708542713567,292.0,1300.0,-5.215686274509804,1592.0,-16.0
w080_i120,motor_003,631427,3.980392156862745,0.14614830813534918,203.0,1186.0,-3.627450980392157,1389.0,-22.0
w080_i120,motor_003,631428,5.509803921568627,0.18486842105263157,281.0,1239.0,-5.1568627450980395,1520.0,-20.0
w080_i120,motor_003,631429,4.921568627450981,0.16993906567366282,251.0,1226.0,-4.647058823529412,1477.0,-24.0
w080_i120,motor_003,631430,4.803921568627451,0.15664961636828645,245.0,1319.0,-4.647058823529412,1564.0,-26.0
w080_i120,motor_004,631401,4.607843137254902,0.17304860088365243,235.0,1123.0,-4.333333333333333,1358.0,-17.0
w080_i120,motor_004,631402,4.647058823529412,0.1598111935266352,237.0,1246.0,-4.294117647058823,1483.0,-25.0
w080_i120,motor_004,631403,3.607843137254902,0.13208901651112706,184.0,1209.0,-3.176470588235294,1393.0,-23.0
w080_i120,motor_004,631404,6.803921568627451,0.1980593607305936,347.0,1405.0,-6.7254901960784315,1752.0,-22.0
w080_i120,motor_004,631405,3.9607843137254903,0.13921433494141972,202.0,1249.0,-3.6470588235294117,1451.0,-28.0
w080_i120,motor_004,631406,4.215686274509804,0.15961395694135114,215.0,1132.0,-3.2745098039215685,1347.0,-17.0
w080_i120,motor_004,631407,5.588235294117647,0.20342612419700215,285.0,1116.0,-5.2745098039215685,1401.0,-14.0
w080_i120,motor_004,631408,5.235294117647059,0.20892018779342722,267.0,1011.0,-4.686274509803922,1278.0,-9.0
w080_i120,motor_004,631409,5.313725490196078,0.1637462235649547,271.0,1384.0,-4.96078431372549,1655.0,-23.0
w080_i120,motor_004,631410,6.529411764705882,0.1893121091529278,333.0,1426.0,-6.215686274509804,1759.0,-29.0
w080_i120,motor_004,631411,5.7254901960784315,0.16459977452085683,292.0,1482.0,-5.372549019607843,1774.0,-22.0
w080_i120,motor_004,631412,5.215686274509804,0.17639257294429708,266.0,1242.0,-5.215686274509804,1508.0,-22.0
w080_i120,motor_004,631413,4.921568627450981,0.17430555555555555,251.0,1189.0,-4.529411764705882,1440.0,-20.0
w080_i120,motor_004,631414,5.098039215686274,0.161090458488228,260.0,1354.0,-4.9411764705882355,1614.0,-27.0
w080_i120,motor_004,631415,7.019607843137255,0.1940379403794038,358.0,1487.0,-6.901960784313726,1845.0,-27.0
w080_i120,motor_004,631416,4.647058823529412,0.16056910569105692,237.0,1239.0,-4.372549019607843,1476.0,-23.0
w080_i120,motor_004,631417,6.7254901960784315,0.18530524041058888,343.0,1508.0,-6.333333333333333,1851.0,-26.0
w080_i120,motor_004,631418,5.862745098039215,0.17383720930232557,299.0,1421.0,-5.509803921568627,1720.0,-19.0
w080_i120,motor_004,631419,4.803921568627451,0.17096999302163293,245.0,1188.0,-4.450980392156863,1433.0,-12.0
w080_i120,motor_004,631420,4.9411764705882355,0.19399538106235567,252.0,1047.0,-4.705882352941177,1299.0,-6.0
w080_i120,motor_004,631421,4.411764705882353,0.14600908500973395,225.0,1316.0,-4.215686274509804,1541.0,-24.0
w080_i120,motor_004,631422,4.7254901960784315,0.16141995981245813,241.0,1252.0,-4.333333333333333,1493.0,-23.0
w080_i120,motor_004,631423,4.980392156862745,0.15164179104477613,254.0,1421.0,-4.980392156862745,1675.0,-28.0
w080_i120,motor_004,631424,4.509803921568627,0.16986706056129985,230.0,1124.0,-4.392156862745098,1354.0,-15.0
w080_i120,motor_004,631425,5.215686274509804,0.15966386554621848,266.0,1400.0,-5.0588235294117645,1666.0,-25.0
w080_i120,motor_004,631426,6.03921568627451,0.20383851753805426,308.0,1203.0,-5.607843137254902,1511.0,-5.0
w080_i120,motor_004,631427,3.9019607843137254,0.17471466198419666,199.0,940.0,-3.3529411764705883,1139.0,-13.0
w080_i120,motor_004,631428,6.098039215686274,0.18963414634146342,311.0,1329.0,-5.862745098039215,1640.0,-23.0
w080_i120,motor_004,631429,5.196078431372549,0.1891506067094932,265.0,1136.0,-4.568627450980392,1401.0,-12.0
w080_i120,motor_004,631430,5.352941176470588,0.1676904176904177,273.0,1355.0,-5.313725490196078,1628.0,-24.0
w080_i120,motor_005,631401,4.627450980392157,0.17378497790868924,236.0,1122.0,-4.352941176470588,1358.0,-17.0
w080_i120,motor_005,631402,4.647058823529412,0.1598111935266352,237.0,1246.0,-4.294117647058823,1483.0,-25.0
w080_i120,motor_005,631403,3.588235294117647,0.13137114142139267,183.0,1210.0,-3.156862745098039,1393.0,-23.0
w080_i120,motor_005,631404,6.764705882352941,0.1969178082191781,345.0,1407.0,-6.686274509803922,1752.0,-22.0
w080_i120,motor_005,631405,3.9411764705882355,0.13852515506547208,201.0,1250.0,-3.627450980392157,1451.0,-28.0
w080_i120,motor_005,631406,4.254901960784314,0.16109873793615442,217.0,1130.0,-3.3137254901960786,1347.0,-17.0
w080_i120,motor_005,631407,5.745098039215686,0.19945541184479237,293.0,1176.0,-5.470588235294118,1469.0,-21.0
w080_i120,motor_005,631408,5.215686274509804,0.2081377151799687,266.0,1012.0,-4.627450980392157,1278.0,-9.0
w080_i120,motor_005,631409,5.352941176470588,0.15771230502599654,273.0,1458.0,-5.235294117647059,1731.0,-29.0
w080_i120,motor_005,631410,6.549019607843137,0.18988061398521888,334.0,1425.0,-6.235294117647059,1759.0,-29.0
w080_i120,motor_005,631411,5.686274509803922,0.16347237880496054,290.0,1484.0,-5.333333333333333,1774.0,-22.0
w080_i120,motor_005,631412,5.254901960784314,0.17771883289124668,268.0,1240.0,-5.254901960784314,1508.0,-22.0
w080_i120,motor_005,631413,4.705882352941177,0.16506189821182943,240.0,1214.0,-4.549019607843137,1454.0,-19.0
w080_i120,motor_005,631414,5.078431372549019,0.16047087980173483,259.0,1355.0,-4.921568627450981,1614.0,-27.0
w080_i120,motor_005,631415,6.686274509803922,0.19929865575686734,341.0,1370.0,-6.647058823529412,1711.0,-25.0
w080_i120,motor_005,631416,4.686274509803922,0.1619241192411924,239.0,1237.0,-4.411764705882353,1476.0,-23.0
w080_i120,motor_005,631417,6.745098039215686,0.18584548892490546,344.0,1507.0,-6.352941176470588,1851.0,-26.0
w080_i120,motor_005,631418,5.862745098039215,0.17383720930232557,299.0,1421.0,-5.509803921568627,1720.0,-19.0
w080_i120,motor_005,631419,4.686274509803922,0.16678297278436846,239.0,1194.0,-4.333333333333333,1433.0,-12.0
w080_i120,motor_005,631420,5.0588235294117645,0.19239373601789708,258.0,1083.0,-4.823529411764706,1341.0,-10.0
w080_i120,motor_005,631421,4.411764705882353,0.14600908500973395,225.0,1316.0,-4.215686274509804,1541.0,-24.0
w080_i120,motor_005,631422,4.7254901960784315,0.16141995981245813,241.0,1252.0,-4.333333333333333,1493.0,-23.0
w080_i120,motor_005,631423,5.03921568627451,0.15343283582089554,257.0,1418.0,-5.03921568627451,1675.0,-28.0
w080_i120,motor_005,631424,4.509803921568627,0.16986706056129985,230.0,1124.0,-4.392156862745098,1354.0,-15.0
w080_i120,motor_005,631425,5.215686274509804,0.15966386554621848,266.0,1400.0,-5.0588235294117645,1666.0,-25.0
w080_i120,motor_005,631426,6.294117647058823,0.2004996876951905,321.0,1280.0,-6.019607843137255,1601.0,-12.0
w080_i120,motor_005,631427,4.078431372549019,0.17347789824854046,208.0,991.0,-3.6862745098039214,1199.0,-12.0
w080_i120,motor_005,631428,6.078431372549019,0.18902439024390244,310.0,1330.0,-5.8431372549019605,1640.0,-23.0
w080_i120,motor_005,631429,5.019607843137255,0.1813031161473088,256.0,1156.0,-4.745098039215686,1412.0,-18.0
w080_i120,motor_005,631430,5.333333333333333,0.16494845360824742,272.0,1377.0,-5.333333333333333,1649.0,-26.0
w100_i080,mode,631401,23.019607843137255,0.19173607708639556,1174.0,4949.0,-14.117647058823529,6123.0,-93.0
w100_i080,mode,631402,23.725490196078432,0.19780938368481282,1210.0,4907.0,-14.666666666666666,6117.0,-98.0
w100_i080,mode,631403,23.137254901960784,0.191869918699187,1180.0,4970.0,-14.509803921568627,6150.0,-87.0
w100_i080,mode,631404,25.11764705882353,0.21149083704804358,1281.0,4776.0,-16.45098039215686,6057.0,-102.0
w100_i080,mode,631405,24.333333333333332,0.19701539926972536,1241.0,5058.0,-14.098039215686274,6299.0,-100.0
w100_i080,mode,631406,25.333333333333332,0.2036249014972419,1292.0,5053.0,-15.137254901960784,6345.0,-100.0
w100_i080,mode,631407,24.137254901960784,0.20167103538663173,1231.0,4873.0,-14.568627450980392,6104.0,-89.0
w100_i080,mode,631408,25.352941176470587,0.1979485609308022,1293.0,5239.0,-15.117647058823529,6532.0,-97.0
w100_i080,mode,631409,23.627450980392158,0.19789784857940548,1205.0,4884.0,-14.098039215686274,6089.0,-85.0
w100_i080,mode,631410,23.686274509803923,0.20029845796716964,1208.0,4823.0,-15.098039215686274,6031.0,-96.0
w100_i080,mode,631411,23.862745098039216,0.19905135754007197,1217.0,4897.0,-14.647058823529411,6114.0,-94.0
w100_i080,mode,631412,23.725490196078432,0.19322900031938678,1210.0,5052.0,-13.843137254901961,6262.0,-96.0
w100_i080,mode,631413,23.901960784313726,0.19472843450479232,1219.0,5041.0,-14.137254901960784,6260.0,-93.0
w100_i080,mode,631414,25.254901960784313,0.2032828282828283,1288.0,5048.0,-14.784313725490197,6336.0,-106.0
w100_i080,mode,631415,23.254901960784313,0.19407625593192604,1186.0,4925.0,-13.803921568627452,6111.0,-97.0
w100_i080,mode,631416,23.274509803921568,0.19809746328437916,1187.0,4805.0,-12.72549019607843,5992.0,-81.0
w100_i080,mode,631417,24.019607843137255,0.1992193852658969,1225.0,4924.0,-13.509803921568627,6149.0,-85.0
w100_i080,mode,631418,24.705882352941178,0.1992094861660079,1260.0,5065.0,-14.352941176470589,6325.0,-101.0
w100_i080,mode,631419,24.15686274509804,0.19753086419753085,1232.0,5005.0,-13.72549019607843,6237.0,-95.0
w100_i080,mode,631420,24.529411764705884,0.20843052315894703,1251.0,4751.0,-15.627450980392156,6002.0,-93.0
w100_i080,mode,631421,23.901960784313726,0.19973783385220384,1219.0,4884.0,-15.313725490196079,6103.0,-98.0
w100_i080,mode,631422,24.176470588235293,0.19974080673902478,1233.0,4940.0,-15.392156862745098,6173.0,-93.0
w100_i080,mode,631423,24.686274509803923,0.20309727375383127,1259.0,4940.0,-15.901960784313726,6199.0,-101.0
w100_i080,mode,631424,24.431372549019606,0.19955156950672645,1246.0,4998.0,-15.058823529411764,6244.0,-95.0
w100_i080,mode,631425,23.11764705882353,0.1991554054054054,1179.0,4741.0,-13.431372549019608,5920.0,-88.0
w100_i080,mode,631426,24.88235294117647,0.20022088987062164,1269.0,5069.0,-16.41176470588235,6338.0,-97.0
w100_i080,mode,631427,22.823529411764707,0.19698764596378407,1164.0,4745.0,-13.058823529411764,5909.0,-92.0
w100_i080,mode,631428,22.84313725490196,0.19361808210071463,1165.0,4852.0,-13.588235294117647,6017.0,-90.0
w100_i080,mode,631429,26.333333333333332,0.20165165165165166,1343.0,5317.0,-15.27450980392157,6660.0,-101.0
w100_i080,mode,631430,25.96078431372549,0.20106302201974183,1324.0,5261.0,-16.352941176470587,6585.0,-106.0
w100_i080,mode_without_mn9,631401,21.82,0.18000329978551394,1091.0,4970.0,-12.02,6061.0,-91.0
w100_i080,mode_without_mn9,631402,22.44,0.18172983479105928,1122.0,5052.0,-13.16,6174.0,-96.0
w100_i080,mode_without_mn9,631403,22.66,0.18383903942884958,1133.0,5030.0,-13.06,6163.0,-93.0
w100_i080,mode_without_mn9,631404,23.52,0.18992248062015504,1176.0,5016.0,-13.52,6192.0,-99.0
w100_i080,mode_without_mn9,631405,23.56,0.18704350587488092,1178.0,5120.0,-12.56,6298.0,-102.0
w100_i080,mode_without_mn9,631406,23.3,0.18389897395422258,1165.0,5170.0,-13.98,6335.0,-104.0
w100_i080,mode_without_mn9,631407,22.68,0.18596261069203018,1134.0,4964.0,-13.52,6098.0,-90.0
w100_i080,mode_without_mn9,631408,24.66,0.18653555219364598,1233.0,5377.0,-15.26,6610.0,-100.0
w100_i080,mode_without_mn9,631409,22.24,0.18152138426379366,1112.0,5014.0,-12.52,6126.0,-89.0
w100_i080,mode_without_mn9,631410,22.18,0.18542049824444073,1109.0,4872.0,-13.9,5981.0,-98.0
w100_i080,mode_without_mn9,631411,22.02,0.18411371237458193,1101.0,4879.0,-11.82,5980.0,-87.0
w100_i080,mode_without_mn9,631412,22.68,0.1803148354269359,1134.0,5155.0,-12.2,6289.0,-96.0
w100_i080,mode_without_mn9,631413,22.62,0.18426197458455523,1131.0,5007.0,-12.98,6138.0,-92.0
w100_i080,mode_without_mn9,631414,24.02,0.18780297107114932,1201.0,5194.0,-13.46,6395.0,-110.0
w100_i080,mode_without_mn9,631415,22.84,0.18368988258002253,1142.0,5075.0,-12.48,6217.0,-102.0
w100_i080,mode_without_mn9,631416,21.88,0.18196939454424485,1094.0,4918.0,-11.72,6012.0,-84.0
w100_i080,mode_without_mn9,631417,22.66,0.18224223902203635,1133.0,5084.0,-11.94,6217.0,-86.0
w100_i080,mode_without_mn9,631418,22.98,0.18710307767464582,1149.0,4992.0,-13.5,6141.0,-99.0
w100_i080,mode_without_mn9,631419,23.78,0.1889701207883026,1189.0,5103.0,-13.62,6292.0,-99.0
w100_i080,mode_without_mn9,631420,23.48,0.19067727789507877,1174.0,4983.0,-14.68,6157.0,-97.0
w100_i080,mode_without_mn9,631421,22.7,0.18464291524320806,1135.0,5012.0,-14.22,6147.0,-96.0
w100_i080,mode_without_mn9,631422,22.72,0.18408685788364934,1136.0,5035.0,-13.88,6171.0,-96.0
w100_i080,mode_without_mn9,631423,23.54,0.18771929824561404,1177.0,5093.0,-14.62,6270.0,-102.0
w100_i080,mode_without_mn9,631424,21.94,0.1780555104690797,1097.0,5064.0,-12.62,6161.0,-91.0
w100_i080,mode_without_mn9,631425,22.42,0.18761506276150627,1121.0,4854.0,-12.42,5975.0,-92.0
w100_i080,mode_without_mn9,631426,23.22,0.18528566868815832,1161.0,5105.0,-14.5,6266.0,-96.0
w100_i080,mode_without_mn9,631427,21.76,0.18710232158211523,1088.0,4727.0,-11.04,5815.0,-97.0
w100_i080,mode_without_mn9,631428,22.14,0.1852099715576376,1107.0,4870.0,-12.26,5977.0,-90.0
w100_i080,mode_without_mn9,631429,24.02,0.1846839920036906,1201.0,5302.0,-12.34,6503.0,-93.0
w100_i080,mode_without_mn9,631430,24.18,0.18520220588235295,1209.0,5319.0,-14.98,6528.0,-103.0
w100_i080,mn9_only,631401,3.0,0.002982107355864811,3.0,1003.0,3.0,1006.0,3.0
w100_i080,mn9_only,631402,1.0,0.0012391573729863693,1.0,806.0,1.0,807.0,1.0
w100_i080,mn9_only,631403,8.0,0.010471204188481676,8.0,756.0,8.0,764.0,8.0
w100_i080,mn9_only,631404,2.0,0.002570694087403599,2.0,776.0,-2.0,778.0,-2.0
w100_i080,mn9_only,631405,9.0,0.013719512195121951,9.0,647.0,-9.0,656.0,-9.0
w100_i080,mn9_only,631406,5.0,0.00544069640914037,5.0,914.0,-5.0,919.0,-5.0
w100_i080,mn9_only,631407,9.0,0.011842105263157895,9.0,751.0,9.0,760.0,9.0
w100_i080,mn9_only,631408,0.0,0.0,0.0,781.0,0.0,781.0,0.0
w100_i080,mn9_only,631409,10.0,0.012150668286755772,10.0,813.0,10.0,823.0,10.0
w100_i080,mn9_only,631410,0.0,0.0,0.0,754.0,0.0,754.0,0.0
w100_i080,mn9_only,631411,3.0,0.004291845493562232,3.0,696.0,3.0,699.0,3.0
w100_i080,mn9_only,631412,7.0,0.0072992700729927005,7.0,952.0,-7.0,959.0,-7.0
w100_i080,mn9_only,631413,0.0,0.0,0.0,819.0,0.0,819.0,0.0
w100_i080,mn9_only,631414,9.0,0.010146561443066516,9.0,878.0,-9.0,887.0,-9.0
w100_i080,mn9_only,631415,0.0,0.0,0.0,842.0,0.0,842.0,0.0
w100_i080,mn9_only,631416,14.0,0.018944519621109608,14.0,725.0,14.0,739.0,14.0
w100_i080,mn9_only,631417,1.0,0.0011668611435239206,1.0,856.0,-1.0,857.0,-1.0
w100_i080,mn9_only,631418,11.0,0.014965986394557823,11.0,724.0,-11.0,735.0,-11.0
w100_i080,mn9_only,631419,3.0,0.0049586776859504135,3.0,602.0,-3.0,605.0,-3.0
w100_i080,mn9_only,631420,3.0,0.0035671819262782403,3.0,838.0,-3.0,841.0,-3.0
w100_i080,mn9_only,631421,4.0,0.005873715124816446,4.0,677.0,4.0,681.0,4.0
w100_i080,mn9_only,631422,2.0,0.0025252525252525255,2.0,790.0,-2.0,792.0,-2.0
w100_i080,mn9_only,631423,0.0,0.0,0.0,645.0,0.0,645.0,0.0
w100_i080,mn9_only,631424,1.0,0.0014492753623188406,1.0,689.0,1.0,690.0,1.0
w100_i080,mn9_only,631425,7.0,0.009067357512953367,7.0,765.0,7.0,772.0,7.0
w100_i080,mn9_only,631426,2.0,0.002074688796680498,2.0,962.0,-2.0,964.0,-2.0
w100_i080,mn9_only,631427,1.0,0.0010277492291880781,1.0,972.0,1.0,973.0,1.0
w100_i080,mn9_only,631428,2.0,0.0025575447570332483,2.0,780.0,-2.0,782.0,-2.0
w100_i080,mn9_only,631429,13.0,0.012149532710280374,13.0,1057.0,-13.0,1070.0,-13.0
w100_i080,mn9_only,631430,9.0,0.009473684210526316,9.0,941.0,-9.0,950.0,-9.0
w100_i080,motor_003,631401,14.96078431372549,0.18003775365738556,763.0,3475.0,-12.607843137254902,4238.0,-9.0
w100_i080,motor_003,631402,16.215686274509803,0.18994028479559028,827.0,3527.0,-13.745098039215685,4354.0,-5.0
w100_i080,motor_003,631403,16.254901960784313,0.19198703103288559,829.0,3489.0,-14.058823529411764,4318.0,2.0
w100_i080,motor_003,631404,16.313725490196077,0.19650448748228624,832.0,3402.0,-13.215686274509803,4234.0,-4.0
w100_i080,motor_003,631405,16.137254901960784,0.1986483224716389,823.0,3320.0,-12.215686274509803,4143.0,1.0
w100_i080,motor_003,631406,16.686274509803923,0.18957451548229004,851.0,3638.0,-15.431372549019608,4489.0,-7.0
w100_i080,motor_003,631407,17.019607843137255,0.20032310177705978,868.0,3465.0,-15.254901960784315,4333.0,4.0
w100_i080,motor_003,631408,16.58823529411765,0.18174006444683136,846.0,3809.0,-14.313725490196079,4655.0,-8.0
w100_i080,motor_003,631409,17.15686274509804,0.193927304964539,875.0,3637.0,-14.333333333333334,4512.0,4.0
w100_i080,motor_003,631410,17.03921568627451,0.19673986868915552,869.0,3548.0,-14.72549019607843,4417.0,-6.0
w100_i080,motor_003,631411,16.235294117647058,0.20077594568380214,828.0,3296.0,-12.980392156862745,4124.0,9.0
w100_i080,motor_003,631412,14.764705882352942,0.18361375274323335,753.0,3348.0,-13.03921568627451,4101.0,-5.0
w100_i080,motor_003,631413,17.176470588235293,0.19584171696847752,876.0,3597.0,-15.215686274509803,4473.0,-1.0
w100_i080,motor_003,631414,15.647058823529411,0.18472222222222223,798.0,3522.0,-13.647058823529411,4320.0,-18.0
w100_i080,motor_003,631415,16.0,0.19114546732255797,816.0,3453.0,-12.509803921568627,4269.0,0.0
w100_i080,motor_003,631416,15.92156862745098,0.19132893496701225,812.0,3432.0,-12.784313725490197,4244.0,9.0
w100_i080,motor_003,631417,17.392156862745097,0.1962823633547245,887.0,3632.0,-14.333333333333334,4519.0,4.0
w100_i080,motor_003,631418,15.235294117647058,0.1794871794871795,777.0,3552.0,-13.235294117647058,4329.0,-10.0
w100_i080,motor_003,631419,16.80392156862745,0.19819611470860315,857.0,3467.0,-13.941176470588236,4324.0,-4.0
w100_i080,motor_003,631420,16.823529411764707,0.1890284203569068,858.0,3681.0,-15.058823529411764,4539.0,-2.0
w100_i080,motor_003,631421,17.215686274509803,0.20193192272309107,878.0,3470.0,-13.333333333333334,4348.0,1.0
w100_i080,motor_003,631422,16.784313725490197,0.1945896794726074,856.0,3543.0,-14.784313725490197,4399.0,-13.0
w100_i080,motor_003,631423,16.254901960784313,0.1880244953504196,829.0,3580.0,-14.098039215686274,4409.0,-14.0
w100_i080,motor_003,631424,15.588235294117647,0.19480519480519481,795.0,3286.0,-13.627450980392156,4081.0,9.0
w100_i080,motor_003,631425,16.49019607843137,0.19476609541454376,841.0,3477.0,-13.352941176470589,4318.0,4.0
w100_i080,motor_003,631426,16.372549019607842,0.18721973094170405,835.0,3625.0,-14.294117647058824,4460.0,0.0
w100_i080,motor_003,631427,15.117647058823529,0.19164802386278895,771.0,3252.0,-12.803921568627452,4023.0,-8.0
w100_i080,motor_003,631428,15.705882352941176,0.18882602545968882,801.0,3441.0,-13.627450980392156,4242.0,3.0
w100_i080,motor_003,631429,15.235294117647058,0.1796116504854369,777.0,3549.0,-12.490196078431373,4326.0,2.0
w100_i080,motor_003,631430,16.568627450980394,0.18341654004775343,845.0,3762.0,-15.156862745098039,4607.0,-14.0
w100_i080,motor_004,631401,15.784313725490197,0.18488745980707397,805.0,3549.0,-14.647058823529411,4354.0,-7.0
w100_i080,motor_004,631402,16.88235294117647,0.19617224880382775,861.0,3528.0,-16.254901960784313,4389.0,-5.0
w100_i080,motor_004,631403,17.03921568627451,0.1882582322357019,869.0,3747.0,-16.215686274509803,4616.0,-1.0
w100_i080,motor_004,631404,16.254901960784313,0.18562472010747874,829.0,3637.0,-15.07843137254902,4466.0,-7.0
w100_i080,motor_004,631405,16.372549019607842,0.18865793041120651,835.0,3591.0,-15.235294117647058,4426.0,-7.0
w100_i080,motor_004,631406,17.54901960784314,0.19414316702819956,895.0,3715.0,-17.03921568627451,4610.0,-15.0
w100_i080,motor_004,631407,18.392156862745097,0.20241691842900303,938.0,3696.0,-17.215686274509803,4634.0,4.0
w100_i080,motor_004,631408,17.431372549019606,0.19122391912239192,889.0,3760.0,-16.254901960784313,4649.0,-3.0
w100_i080,motor_004,631409,16.980392156862745,0.1931742136961856,866.0,3617.0,-16.03921568627451,4483.0,3.0
w100_i080,motor_004,631410,17.862745098039216,0.1952003428326548,911.0,3756.0,-16.568627450980394,4667.0,-12.0
w100_i080,motor_004,631411,16.764705882352942,0.1915751736500112,855.0,3608.0,-15.705882352941176,4463.0,-7.0
w100_i080,motor_004,631412,15.137254901960784,0.17726750861079218,772.0,3583.0,-14.588235294117647,4355.0,-10.0
w100_i080,motor_004,631413,17.666666666666668,0.19162058698426201,901.0,3801.0,-17.0,4702.0,-7.0
w100_i080,motor_004,631414,16.058823529411764,0.18354997758852531,819.0,3643.0,-15.509803921568627,4462.0,-20.0
w100_i080,motor_004,631415,16.431372549019606,0.18772401433691757,838.0,3626.0,-15.333333333333334,4464.0,-14.0
w100_i080,motor_004,631416,15.882352941176471,0.18758684576192683,810.0,3508.0,-14.901960784313726,4318.0,11.0
w100_i080,motor_004,631417,17.41176470588235,0.2003610108303249,888.0,3544.0,-16.54901960784314,4432.0,7.0
w100_i080,motor_004,631418,16.686274509803923,0.18911111111111112,851.0,3649.0,-15.941176470588236,4500.0,-13.0
w100_i080,motor_004,631419,17.11764705882353,0.1926726991834032,873.0,3658.0,-15.901960784313726,4531.0,-12.0
w100_i080,motor_004,631420,17.49019607843137,0.1931153929421953,892.0,3727.0,-16.705882352941178,4619.0,-4.0
w100_i080,motor_004,631421,18.098039215686274,0.19354162298175717,923.0,3846.0,-17.19607843137255,4769.0,-16.0
w100_i080,motor_004,631422,16.725490196078432,0.19528388278388278,853.0,3515.0,-15.117647058823529,4368.0,-2.0
w100_i080,motor_004,631423,17.823529411764707,0.19705181010188597,909.0,3704.0,-17.0,4613.0,-8.0
w100_i080,motor_004,631424,16.333333333333332,0.19153828466314096,833.0,3516.0,-16.098039215686274,4349.0,3.0
w100_i080,motor_004,631425,16.470588235294116,0.19164955509924708,840.0,3543.0,-15.450980392156863,4383.0,2.0
w100_i080,motor_004,631426,17.392156862745097,0.18673684210526315,887.0,3863.0,-17.235294117647058,4750.0,-5.0
w100_i080,motor_004,631427,15.294117647058824,0.187906528547338,780.0,3371.0,-14.431372549019608,4151.0,-3.0
w100_i080,motor_004,631428,16.098039215686274,0.18599909379247848,821.0,3593.0,-14.607843137254902,4414.0,16.0
w100_i080,motor_004,631429,15.215686274509803,0.17676537585421412,776.0,3614.0,-13.764705882352942,4390.0,-2.0
w100_i080,motor_004,631430,18.254901960784313,0.196247892074199,931.0,3813.0,-17.431372549019606,4744.0,-10.0
w100_i080,motor_005,631401,15.686274509803921,0.18169429934135817,800.0,3603.0,-14.705882352941176,4403.0,-2.0
w100_i080,motor_005,631402,16.647058823529413,0.18875055580257893,849.0,3649.0,-15.117647058823529,4498.0,-7.0
w100_i080,motor_005,631403,18.058823529411764,0.19700534759358287,921.0,3754.0,-16.84313725490196,4675.0,-7.0
w100_i080,motor_005,631404,16.725490196078432,0.19168539325842696,853.0,3597.0,-15.705882352941176,4450.0,-14.0
w100_i080,motor_005,631405,16.176470588235293,0.18831317050901622,825.0,3556.0,-15.470588235294118,4381.0,-14.0
w100_i080,motor_005,631406,16.784313725490197,0.19318438275784247,856.0,3575.0,-16.235294117647058,4431.0,-1.0
w100_i080,motor_005,631407,18.41176470588235,0.1949750830564784,939.0,3877.0,-18.176470588235293,4816.0,-2.0
w100_i080,motor_005,631408,17.313725490196077,0.18823278618631423,883.0,3808.0,-16.254901960784313,4691.0,4.0
w100_i080,motor_005,631409,17.686274509803923,0.19553435941903316,902.0,3711.0,-16.627450980392158,4613.0,2.0
w100_i080,motor_005,631410,17.92156862745098,0.1941376380628717,914.0,3794.0,-17.254901960784313,4708.0,-8.0
w100_i080,motor_005,631411,17.019607843137255,0.19001751313485113,868.0,3700.0,-15.176470588235293,4568.0,2.0
w100_i080,motor_005,631412,15.92156862745098,0.18538812785388128,812.0,3568.0,-14.784313725490197,4380.0,-10.0
w100_i080,motor_005,631413,17.58823529411765,0.18765690376569039,897.0,3883.0,-16.84313725490196,4780.0,-2.0
w100_i080,motor_005,631414,16.15686274509804,0.188558352402746,824.0,3546.0,-15.098039215686274,4370.0,-16.0
w100_i080,motor_005,631415,17.45098039215686,0.19214162348877376,890.0,3742.0,-15.019607843137255,4632.0,-11.0
w100_i080,motor_005,631416,16.333333333333332,0.18748593292820168,833.0,3610.0,-14.882352941176471,4443.0,7.0
w100_i080,motor_005,631417,17.19607843137255,0.19493220715714604,877.0,3622.0,-15.862745098039216,4499.0,5.0
w100_i080,motor_005,631418,16.058823529411764,0.17819843342036554,819.0,3777.0,-14.96078431372549,4596.0,-1.0
w100_i080,motor_005,631419,16.686274509803923,0.19244685662596112,851.0,3571.0,-14.72549019607843,4422.0,-4.0
w100_i080,motor_005,631420,16.784313725490197,0.1837304142519854,856.0,3803.0,-16.745098039215687,4659.0,-4.0
w100_i080,motor_005,631421,18.098039215686274,0.19015245158632055,923.0,3931.0,-17.50980392156863,4854.0,-13.0
w100_i080,motor_005,631422,17.49019607843137,0.19446261172879878,892.0,3695.0,-16.58823529411765,4587.0,-12.0
w100_i080,motor_005,631423,17.392156862745097,0.19190826482042406,887.0,3735.0,-16.686274509803923,4622.0,-2.0
w100_i080,motor_005,631424,15.568627450980392,0.1794755877034358,794.0,3630.0,-15.098039215686274,4424.0,7.0
w100_i080,motor_005,631425,17.098039215686274,0.1963963963963964,872.0,3568.0,-14.980392156862745,4440.0,7.0
w100_i080,motor_005,631426,17.705882352941178,0.1896262074758505,903.0,3859.0,-17.54901960784314,4762.0,-10.0
w100_i080,motor_005,631427,15.549019607843137,0.19210271317829458,793.0,3335.0,-13.862745098039216,4128.0,6.0
w100_i080,motor_005,631428,16.274509803921568,0.1807097757457,830.0,3763.0,-15.372549019607844,4593.0,5.0
w100_i080,motor_005,631429,15.490196078431373,0.17618198037466548,790.0,3694.0,-13.882352941176471,4484.0,-11.0
w100_i080,motor_005,631430,17.705882352941178,0.1887936441563872,903.0,3880.0,-16.49019607843137,4783.0,-12.0
default,mode,631401,23.274509803921568,0.23333988598388047,1187.0,3900.0,-12.529411764705882,5087.0,-83.0
default,mode,631402,22.568627450980394,0.22586342229199372,1151.0,3945.0,-11.313725490196079,5096.0,-90.0
default,mode,631403,23.176470588235293,0.22858247921098435,1182.0,3989.0,-10.392156862745098,5171.0,-81.0
default,mode,631404,22.431372549019606,0.23055219669488108,1144.0,3818.0,-11.137254901960784,4962.0,-84.0
default,mode,631405,23.784313725490197,0.22779342723004695,1213.0,4112.0,-10.333333333333334,5325.0,-84.0
default,mode,631406,21.333333333333332,0.22354633244298336,1088.0,3779.0,-9.372549019607844,4867.0,-75.0
default,mode,631407,21.470588235294116,0.23258283772302463,1095.0,3613.0,-11.117647058823529,4708.0,-80.0
default,mode,631408,25.11764705882353,0.22936436884512085,1281.0,4304.0,-12.019607843137255,5585.0,-91.0
default,mode,631409,23.294117647058822,0.22127025516856025,1188.0,4181.0,-11.019607843137255,5369.0,-76.0
default,mode,631410,23.41176470588235,0.22502826988315114,1194.0,4112.0,-11.333333333333334,5306.0,-84.0
default,mode,631411,22.313725490196077,0.22750899640143943,1138.0,3864.0,-11.568627450980392,5002.0,-87.0
default,mode,631412,22.627450980392158,0.22878667724028548,1154.0,3890.0,-11.529411764705882,5044.0,-85.0
default,mode,631413,22.07843137254902,0.2280275415147833,1126.0,3812.0,-11.843137254901961,4938.0,-79.0
default,mode,631414,22.215686274509803,0.2224622030237581,1133.0,3960.0,-10.72549019607843,5093.0,-85.0
default,mode,631415,22.137254901960784,0.22445328031809145,1129.0,3901.0,-11.27450980392157,5030.0,-88.0
default,mode,631416,21.41176470588235,0.22859535273184006,1092.0,3685.0,-10.27450980392157,4777.0,-79.0
default,mode,631417,23.372549019607842,0.22082252686180068,1192.0,4206.0,-9.137254901960784,5398.0,-76.0
default,mode,631418,21.333333333333332,0.22428365285508142,1088.0,3763.0,-10.470588235294118,4851.0,-83.0
default,mode,631419,22.529411764705884,0.22779540047581284,1149.0,3895.0,-11.509803921568627,5044.0,-83.0
default,mode,631420,21.607843137254903,0.22982273201251305,1102.0,3693.0,-10.745098039215685,4795.0,-77.0
default,mode,631421,22.627450980392158,0.2272548247341473,1154.0,3924.0,-10.823529411764707,5078.0,-85.0
default,mode,631422,23.15686274509804,0.22698443205842783,1181.0,4022.0,-9.941176470588236,5203.0,-87.0
default,mode,631423,22.49019607843137,0.22789588714484402,1147.0,3886.0,-10.294117647058824,5033.0,-82.0
default,mode,631424,22.941176470588236,0.22705220260042694,1170.0,3983.0,-11.019607843137255,5153.0,-85.0
default,mode,631425,21.41176470588235,0.2260401573173256,1092.0,3739.0,-8.980392156862745,4831.0,-79.0
default,mode,631426,22.470588235294116,0.22239472152144382,1146.0,4007.0,-9.176470588235293,5153.0,-77.0
default,mode,631427,21.294117647058822,0.22208588957055214,1086.0,3804.0,-8.862745098039216,4890.0,-77.0
default,mode,631428,21.352941176470587,0.2231100184388445,1089.0,3792.0,-9.0,4881.0,-80.0
default,mode,631429,22.235294117647058,0.22482157018239493,1134.0,3910.0,-10.117647058823529,5044.0,-81.0
default,mode,631430,23.627450980392158,0.22765917249197054,1205.0,4088.0,-11.588235294117647,5293.0,-91.0
default,mode_without_mn9,631401,23.0,0.22017997319548152,1150.0,4073.0,-10.8,5223.0,-83.0
default,mode_without_mn9,631402,21.1,0.20829220138203355,1055.0,4010.0,-10.1,5065.0,-90.0
default,mode_without_mn9,631403,21.84,0.2074074074074074,1092.0,4173.0,-8.6,5265.0,-81.0
default,mode_without_mn9,631404,20.72,0.208955223880597,1036.0,3922.0,-9.12,4958.0,-84.0
default,mode_without_mn9,631405,21.8,0.21169159060011652,1090.0,4059.0,-8.68,5149.0,-83.0
default,mode_without_mn9,631406,20.32,0.2067141403865717,1016.0,3899.0,-7.92,4915.0,-75.0
default,mode_without_mn9,631407,20.88,0.21530212414930913,1044.0,3805.0,-9.72,4849.0,-80.0
default,mode_without_mn9,631408,24.22,0.21127006280530355,1211.0,4521.0,-11.5,5732.0,-91.0
default,mode_without_mn9,631409,21.66,0.20652173913043478,1083.0,4161.0,-9.18,5244.0,-76.0
default,mode_without_mn9,631410,22.26,0.2109952606635071,1113.0,4162.0,-10.46,5275.0,-85.0
default,mode_without_mn9,631411,21.5,0.2101250977326036,1075.0,4041.0,-9.34,5116.0,-87.0
default,mode_without_mn9,631412,21.08,0.21549785319975465,1054.0,3837.0,-10.28,4891.0,-85.0
default,mode_without_mn9,631413,20.52,0.2068548387096774,1026.0,3934.0,-9.6,4960.0,-80.0
default,mode_without_mn9,631414,21.24,0.20856245090337786,1062.0,4030.0,-9.24,5092.0,-85.0
default,mode_without_mn9,631415,20.84,0.21239298817774155,1042.0,3864.0,-9.48,4906.0,-87.0
default,mode_without_mn9,631416,20.22,0.21106471816283925,1011.0,3779.0,-8.62,4790.0,-79.0
default,mode_without_mn9,631417,22.34,0.20620269521875578,1117.0,4300.0,-7.94,5417.0,-76.0
default,mode_without_mn9,631418,20.28,0.20842754367934224,1014.0,3851.0,-9.28,4865.0,-83.0
default,mode_without_mn9,631419,22.62,0.2162110495125215,1131.0,4100.0,-10.9,5231.0,-84.0
default,mode_without_mn9,631420,20.22,0.21027454242928453,1011.0,3797.0,-9.94,4808.0,-77.0
default,mode_without_mn9,631421,21.68,0.20818129441136932,1084.0,4123.0,-8.64,5207.0,-85.0
default,mode_without_mn9,631422,21.72,0.21260767423649177,1086.0,4022.0,-7.96,5108.0,-87.0
default,mode_without_mn9,631423,21.56,0.2208111429741909,1078.0,3804.0,-10.32,4882.0,-82.0
default,mode_without_mn9,631424,21.32,0.20539499036608863,1066.0,4124.0,-9.48,5190.0,-84.0
default,mode_without_mn9,631425,20.26,0.20968743531359968,1013.0,3818.0,-7.58,4831.0,-79.0
default,mode_without_mn9,631426,20.18,0.202002002002002,1009.0,3986.0,-7.66,4995.0,-77.0
default,mode_without_mn9,631427,20.18,0.2068470684706847,1009.0,3869.0,-8.3,4878.0,-77.0
default,mode_without_mn9,631428,19.98,0.21018304228908058,999.0,3754.0,-8.14,4753.0,-78.0
default,mode_without_mn9,631429,20.84,0.20877579643358044,1042.0,3949.0,-9.24,4991.0,-81.0
default,mode_without_mn9,631430,21.9,0.21069847989224552,1095.0,4102.0,-9.98,5197.0,-91.0
default,mn9_only,631401,3.0,0.002803738317757009,3.0,1067.0,-3.0,1070.0,-3.0
default,mn9_only,631402,0.0,0.0,0.0,903.0,0.0,903.0,0.0
default,mn9_only,631403,2.0,0.002317497103128621,2.0,861.0,-2.0,863.0,-2.0
default,mn9_only,631404,2.0,0.002751031636863824,2.0,725.0,2.0,727.0,2.0
default,mn9_only,631405,1.0,0.001088139281828074,1.0,918.0,1.0,919.0,1.0
default,mn9_only,631406,5.0,0.006561679790026247,5.0,757.0,5.0,762.0,5.0
default,mn9_only,631407,1.0,0.0014285714285714286,1.0,699.0,-1.0,700.0,-1.0
default,mn9_only,631408,3.0,0.004451038575667656,3.0,671.0,-3.0,674.0,-3.0
default,mn9_only,631409,15.0,0.02245508982035928,15.0,653.0,15.0,668.0,15.0
default,mn9_only,631410,2.0,0.002296211251435132,2.0,869.0,2.0,871.0,2.0
default,mn9_only,631411,2.0,0.003134796238244514,2.0,636.0,-2.0,638.0,-2.0
default,mn9_only,631412,0.0,0.0,0.0,876.0,0.0,876.0,0.0
default,mn9_only,631413,1.0,0.0011806375442739079,1.0,846.0,-1.0,847.0,-1.0
default,mn9_only,631414,2.0,0.0029585798816568047,2.0,674.0,-2.0,676.0,-2.0
default,mn9_only,631415,3.0,0.0038560411311053984,3.0,775.0,-3.0,778.0,-3.0
default,mn9_only,631416,3.0,0.004405286343612335,3.0,678.0,3.0,681.0,3.0
default,mn9_only,631417,2.0,0.0026954177897574125,2.0,740.0,2.0,742.0,2.0
default,mn9_only,631418,2.0,0.0030303030303030303,2.0,658.0,2.0,660.0,2.0
default,mn9_only,631419,0.0,0.0,0.0,697.0,0.0,697.0,0.0
default,mn9_only,631420,0.0,0.0,0.0,658.0,0.0,658.0,0.0
default,mn9_only,631421,3.0,0.004231311706629055,3.0,706.0,3.0,709.0,3.0
default,mn9_only,631422,9.0,0.011508951406649617,9.0,773.0,-9.0,782.0,-9.0
default,mn9_only,631423,3.0,0.0037593984962406013,3.0,795.0,3.0,798.0,3.0
default,mn9_only,631424,5.0,0.007668711656441718,5.0,647.0,5.0,652.0,5.0
default,mn9_only,631425,8.0,0.009302325581395349,8.0,852.0,8.0,860.0,8.0
default,mn9_only,631426,12.0,0.014925373134328358,12.0,792.0,12.0,804.0,12.0
default,mn9_only,631427,5.0,0.008223684210526315,5.0,603.0,-5.0,608.0,-5.0
default,mn9_only,631428,5.0,0.007668711656441718,5.0,647.0,5.0,652.0,5.0
default,mn9_only,631429,5.0,0.007451564828614009,5.0,666.0,5.0,671.0,5.0
default,mn9_only,631430,2.0,0.0032,2.0,623.0,2.0,625.0,2.0
default,motor_003,631401,12.509803921568627,0.1775180856983862,638.0,2956.0,-12.07843137254902,3594.0,-9.0
default,motor_003,631402,13.823529411764707,0.1925177498634626,705.0,2957.0,-12.647058823529411,3662.0,-16.0
default,motor_003,631403,9.313725490196079,0.16946129147342134,475.0,2328.0,-8.411764705882353,2803.0,0.0
default,motor_003,631404,12.196078431372548,0.20643876535014935,622.0,2391.0,-10.549019607843137,3013.0,-2.0
default,motor_003,631405,11.568627450980392,0.185010975227344,590.0,2599.0,-10.666666666666666,3189.0,-17.0
default,motor_003,631406,12.196078431372548,0.1956590122680088,622.0,2557.0,-9.647058823529411,3179.0,5.0
default,motor_003,631407,12.862745098039216,0.19914996964177292,656.0,2638.0,-11.72549019607843,3294.0,-5.0
default,motor_003,631408,10.784313725490197,0.17123287671232876,550.0,2662.0,-8.627450980392156,3212.0,0.0
default,motor_003,631409,12.196078431372548,0.19256965944272444,622.0,2608.0,-10.431372549019608,3230.0,5.0
default,motor_003,631410,11.470588235294118,0.1806112997838839,585.0,2654.0,-10.098039215686274,3239.0,-12.0
default,motor_003,631411,12.803921568627452,0.19319526627218936,653.0,2727.0,-11.431372549019608,3380.0,-9.0
default,motor_003,631412,13.568627450980392,0.19885057471264367,692.0,2788.0,-12.117647058823529,3480.0,-6.0
default,motor_003,631413,13.176470588235293,0.1934926576446876,672.0,2801.0,-11.450980392156863,3473.0,0.0
default,motor_003,631414,13.019607843137255,0.1977956508787608,664.0,2693.0,-11.607843137254902,3357.0,-4.0
default,motor_003,631415,13.215686274509803,0.18953880764904388,674.0,2882.0,-12.196078431372548,3556.0,-16.0
default,motor_003,631416,13.235294117647058,0.20270270270270271,675.0,2655.0,-10.92156862745098,3330.0,0.0
default,motor_003,631417,10.549019607843137,0.17732366512854317,538.0,2496.0,-9.176470588235293,3034.0,9.0
default,motor_003,631418,13.490196078431373,0.1963470319634703,688.0,2816.0,-12.156862745098039,3504.0,-6.0
default,motor_003,631419,12.705882352941176,0.1937219730941704,648.0,2697.0,-10.862745098039216,3345.0,-3.0
default,motor_003,631420,13.588235294117647,0.20509026339153597,693.0,2686.0,-11.588235294117647,3379.0,1.0
default,motor_003,631421,12.372549019607844,0.18701837581505631,631.0,2743.0,-10.333333333333334,3374.0,-4.0
default,motor_003,631422,11.647058823529411,0.1804922515952598,594.0,2697.0,-10.627450980392156,3291.0,-18.0
default,motor_003,631423,12.549019607843137,0.1900801900801901,640.0,2727.0,-11.176470588235293,3367.0,-7.0
default,motor_003,631424,11.313725490196079,0.1778120184899846,577.0,2668.0,-10.254901960784315,3245.0,-6.0
default,motor_003,631425,12.705882352941176,0.20212102308172178,648.0,2558.0,-10.745098039215685,3206.0,-3.0
default,motor_003,631426,11.607843137254902,0.19084461637653127,592.0,2510.0,-9.764705882352942,3102.0,-7.0
default,motor_003,631427,11.470588235294118,0.18870967741935485,585.0,2515.0,-9.117647058823529,3100.0,5.0
default,motor_003,631428,11.92156862745098,0.1965093729799612,608.0,2486.0,-10.235294117647058,3094.0,-4.0
default,motor_003,631429,12.529411764705882,0.19553243574051407,639.0,2629.0,-10.450980392156863,3268.0,-2.0
default,motor_003,631430,11.882352941176471,0.18308157099697886,606.0,2704.0,-10.784313725490197,3310.0,-15.0
default,motor_004,631401,13.627450980392156,0.20715350223546944,695.0,2660.0,-13.470588235294118,3355.0,-5.0
default,motor_004,631402,14.96078431372549,0.2022799575821845,763.0,3009.0,-14.568627450980392,3772.0,-16.0
default,motor_004,631403,10.490196078431373,0.18013468013468015,535.0,2435.0,-10.411764705882353,2970.0,-5.0
default,motor_004,631404,12.901960784313726,0.19194865810968495,658.0,2770.0,-12.666666666666666,3428.0,-7.0
default,motor_004,631405,12.196078431372548,0.19352831362787803,622.0,2592.0,-11.568627450980392,3214.0,-10.0
default,motor_004,631406,12.431372549019608,0.20120596635988575,634.0,2517.0,-12.196078431372548,3151.0,-1.0
default,motor_004,631407,14.254901960784315,0.2119533527696793,727.0,2703.0,-13.392156862745098,3430.0,-3.0
default,motor_004,631408,11.72549019607843,0.18028338860416038,598.0,2719.0,-11.333333333333334,3317.0,-15.0
default,motor_004,631409,11.666666666666666,0.18364197530864199,595.0,2645.0,-10.803921568627452,3240.0,9.0
default,motor_004,631410,12.07843137254902,0.1887833282255593,616.0,2647.0,-11.607843137254902,3263.0,-9.0
default,motor_004,631411,13.156862745098039,0.19805194805194806,671.0,2717.0,-13.07843137254902,3388.0,-12.0
default,motor_004,631412,13.96078431372549,0.20453892559609307,712.0,2769.0,-13.803921568627452,3481.0,-5.0
default,motor_004,631413,13.72549019607843,0.20155485171321624,700.0,2773.0,-13.098039215686274,3473.0,-1.0
default,motor_004,631414,13.372549019607844,0.1927098050296694,682.0,2857.0,-13.098039215686274,3539.0,-9.0
default,motor_004,631415,13.882352941176471,0.20356526739505462,708.0,2770.0,-13.764705882352942,3478.0,-12.0
default,motor_004,631416,13.254901960784315,0.1988235294117647,676.0,2724.0,-12.705882352941176,3400.0,-1.0
default,motor_004,631417,11.07843137254902,0.18573307034845496,565.0,2477.0,-10.372549019607844,3042.0,-4.0
default,motor_004,631418,13.823529411764707,0.20154373927958832,705.0,2793.0,-12.647058823529411,3498.0,11.0
default,motor_004,631419,13.176470588235293,0.197472818101675,672.0,2731.0,-12.627450980392156,3403.0,-3.0
default,motor_004,631420,14.07843137254902,0.21074258878778984,718.0,2689.0,-13.607843137254902,3407.0,3.0
default,motor_004,631421,12.549019607843137,0.191044776119403,640.0,2710.0,-11.882352941176471,3350.0,2.0
default,motor_004,631422,12.647058823529411,0.1947463768115942,645.0,2667.0,-11.823529411764707,3312.0,-10.0
default,motor_004,631423,13.882352941176471,0.2041522491349481,708.0,2760.0,-13.254901960784315,3468.0,-3.0
default,motor_004,631424,12.568627450980392,0.18847397824169362,641.0,2760.0,-11.980392156862745,3401.0,-7.0
default,motor_004,631425,13.137254901960784,0.2031534263189812,670.0,2628.0,-12.431372549019608,3298.0,-4.0
default,motor_004,631426,11.568627450980392,0.18928456849534808,590.0,2527.0,-11.215686274509803,3117.0,-3.0
default,motor_004,631427,11.764705882352942,0.1931123270035404,600.0,2507.0,-11.058823529411764,3107.0,6.0
default,motor_004,631428,12.431372549019608,0.1999369284137496,634.0,2537.0,-11.607843137254902,3171.0,-7.0
default,motor_004,631429,12.196078431372548,0.18888551472821136,622.0,2671.0,-11.803921568627452,3293.0,0.0
default,motor_004,631430,12.117647058823529,0.186819830713422,618.0,2690.0,-11.450980392156863,3308.0,-3.0
default,motor_005,631401,12.941176470588236,0.1947477131897315,660.0,2729.0,-12.588235294117647,3389.0,-6.0
default,motor_005,631402,14.745098039215685,0.20665017862050014,752.0,2887.0,-14.470588235294118,3639.0,-18.0
default,motor_005,631403,11.352941176470589,0.1868947708198838,579.0,2519.0,-11.27450980392157,3098.0,-12.0
default,motor_005,631404,12.117647058823529,0.19550775071180007,618.0,2543.0,-11.450980392156863,3161.0,-5.0
default,motor_005,631405,11.882352941176471,0.18369202788723857,606.0,2693.0,-10.784313725490197,3299.0,3.0
default,motor_005,631406,12.686274509803921,0.1966565349544073,647.0,2643.0,-12.019607843137255,3290.0,-5.0
default,motor_005,631407,13.823529411764707,0.20137103684661525,705.0,2796.0,-13.313725490196079,3501.0,3.0
default,motor_005,631408,11.529411764705882,0.1694036300777874,588.0,2883.0,-11.215686274509803,3471.0,-6.0
default,motor_005,631409,12.176470588235293,0.19273743016759776,621.0,2601.0,-11.07843137254902,3222.0,0.0
default,motor_005,631410,12.117647058823529,0.19575546404814698,618.0,2539.0,-11.607843137254902,3157.0,-6.0
default,motor_005,631411,13.745098039215685,0.20120551090700345,701.0,2783.0,-13.313725490196079,3484.0,-19.0
default,motor_005,631412,14.019607843137255,0.20044855620970004,715.0,2852.0,-13.588235294117647,3567.0,-11.0
default,motor_005,631413,14.254901960784315,0.19983507421660252,727.0,2911.0,-13.666666666666666,3638.0,-3.0
default,motor_005,631414,14.0,0.2012968705948689,714.0,2833.0,-13.843137254901961,3547.0,-5.0
default,motor_005,631415,14.03921568627451,0.19960970170058545,716.0,2871.0,-13.843137254901961,3587.0,-11.0
default,motor_005,631416,12.803921568627452,0.19143946056874817,653.0,2758.0,-12.294117647058824,3411.0,-4.0
default,motor_005,631417,11.294117647058824,0.18568665377176016,576.0,2526.0,-10.901960784313726,3102.0,-2.0
default,motor_005,631418,13.607843137254902,0.1942345368038063,694.0,2879.0,-13.098039215686274,3573.0,-1.0
default,motor_005,631419,12.96078431372549,0.19137232194557036,661.0,2793.0,-12.294117647058824,3454.0,-2.0
default,motor_005,631420,13.803921568627452,0.20189274447949526,704.0,2783.0,-13.647058823529411,3487.0,-8.0
default,motor_005,631421,13.07843137254902,0.1886845827439887,667.0,2868.0,-12.529411764705882,3535.0,-10.0
default,motor_005,631422,11.745098039215685,0.19180275376240793,599.0,2524.0,-11.156862745098039,3123.0,-15.0
default,motor_005,631423,13.215686274509803,0.1945165945165945,674.0,2791.0,-12.705882352941176,3465.0,-7.0
default,motor_005,631424,11.882352941176471,0.1813285457809695,606.0,2736.0,-11.450980392156863,3342.0,-7.0
default,motor_005,631425,12.509803921568627,0.19463087248322147,638.0,2640.0,-11.333333333333334,3278.0,9.0
default,motor_005,631426,11.764705882352942,0.18461538461538463,600.0,2650.0,-10.627450980392156,3250.0,0.0
default,motor_005,631427,11.352941176470589,0.1850431447746884,579.0,2550.0,-10.607843137254902,3129.0,2.0
default,motor_005,631428,12.568627450980392,0.2013823437009111,641.0,2542.0,-11.901960784313726,3183.0,-2.0
default,motor_005,631429,12.549019607843137,0.19196160767846432,640.0,2694.0,-11.490196078431373,3334.0,6.0
default,motor_005,631430,12.176470588235293,0.18120805369127516,621.0,2806.0,-11.509803921568627,3427.0,-11.0
default,mode_cell_00,631401,4.0,0.0015105740181268882,4.0,2644.0,-4.0,2648.0,-13.0
default,mode_cell_00,631402,5.0,0.0018705574261129816,5.0,2668.0,-5.0,2673.0,-19.0
default,mode_cell_00,631403,2.0,0.000992063492063492,2.0,2014.0,-2.0,2016.0,-19.0
default,mode_cell_00,631404,5.0,0.002294630564479119,5.0,2174.0,-5.0,2179.0,-25.0
default,mode_cell_00,631405,2.0,0.0009519276534983341,2.0,2099.0,-2.0,2101.0,-21.0
default,mode_cell_00,631406,3.0,0.001579778830963665,3.0,1896.0,-3.0,1899.0,-7.0
default,mode_cell_00,631407,6.0,0.0025391451544646637,6.0,2357.0,-6.0,2363.0,-7.0
default,mode_cell_00,631408,6.0,0.0024549918166939444,6.0,2438.0,-6.0,2444.0,-24.0
default,mode_cell_00,631409,1.0,0.000526592943654555,1.0,1898.0,1.0,1899.0,-3.0
default,mode_cell_00,631410,4.0,0.0017219113215669393,4.0,2319.0,-4.0,2323.0,-19.0
default,mode_cell_00,631411,1.0,0.0005094243504839531,1.0,1962.0,1.0,1963.0,-12.0
default,mode_cell_00,631412,4.0,0.0015426147319706903,4.0,2589.0,-4.0,2593.0,-17.0
default,mode_cell_00,631413,6.0,0.0027100271002710027,6.0,2208.0,6.0,2214.0,-8.0
default,mode_cell_00,631414,4.0,0.0017429193899782135,4.0,2291.0,-4.0,2295.0,-16.0
default,mode_cell_00,631415,1.0,0.00043591979075850045,1.0,2293.0,1.0,2294.0,-13.0
default,mode_cell_00,631416,5.0,0.0024888003982080635,5.0,2004.0,5.0,2009.0,-17.0
default,mode_cell_00,631417,13.0,0.005448449287510477,13.0,2373.0,-13.0,2386.0,-16.0
default,mode_cell_00,631418,1.0,0.0004399472063352398,1.0,2272.0,-1.0,2273.0,-10.0
default,mode_cell_00,631419,6.0,0.0028503562945368173,6.0,2099.0,6.0,2105.0,-16.0
default,mode_cell_00,631420,5.0,0.002379819133745835,5.0,2096.0,-5.0,2101.0,-7.0
default,mode_cell_00,631421,3.0,0.0014278914802475012,3.0,2098.0,-3.0,2101.0,-20.0
default,mode_cell_00,631422,4.0,0.001745962461807071,4.0,2287.0,-4.0,2291.0,-23.0
default,mode_cell_00,631423,1.0,0.00046992481203007516,1.0,2127.0,1.0,2128.0,-15.0
default,mode_cell_00,631424,3.0,0.0011806375442739079,3.0,2538.0,-3.0,2541.0,-21.0
default,mode_cell_00,631425,8.0,0.0042643923240938165,8.0,1868.0,8.0,1876.0,-10.0
default,mode_cell_00,631426,2.0,0.0009828009828009828,2.0,2033.0,2.0,2035.0,-10.0
default,mode_cell_00,631427,2.0,0.0011019283746556473,2.0,1813.0,2.0,1815.0,-8.0
default,mode_cell_00,631428,1.0,0.0005341880341880342,1.0,1871.0,1.0,1872.0,-15.0
default,mode_cell_00,631429,4.0,0.002081165452653486,4.0,1918.0,-4.0,1922.0,-9.0
default,mode_cell_00,631430,4.0,0.0017263703064307294,4.0,2313.0,-4.0,2317.0,-24.0
default,mode_cell_01,631401,0.0,,0.0,0.0,0.0,0.0,0.0
default,mode_cell_01,631402,0.0,,0.0,0.0,0.0,0.0,0.0
default,mode_cell_01,631403,0.0,,0.0,0.0,0.0,0.0,0.0
default,mode_cell_01,631404,0.0,,0.0,0.0,0.0,0.0,0.0
default,mode_cell_01,631405,0.0,,0.0,0.0,0.0,0.0,0.0
default,mode_cell_01,631406,0.0,,0.0,0.0,0.0,0.0,0.0
default,mode_cell_01,631407,0.0,,0.0,0.0,0.0,0.0,0.0
default,mode_cell_01,631408,0.0,,0.0,0.0,0.0,0.0,0.0
default,mode_cell_01,631409,0.0,,0.0,0.0,0.0,0.0,0.0
default,mode_cell_01,631410,0.0,,0.0,0.0,0.0,0.0,0.0
default,mode_cell_01,631411,0.0,,0.0,0.0,0.0,0.0,0.0
default,mode_cell_01,631412,0.0,,0.0,0.0,0.0,0.0,0.0
default,mode_cell_01,631413,0.0,,0.0,0.0,0.0,0.0,0.0
default,mode_cell_01,631414,0.0,,0.0,0.0,0.0,0.0,0.0
default,mode_cell_01,631415,0.0,,0.0,0.0,0.0,0.0,0.0
default,mode_cell_01,631416,0.0,,0.0,0.0,0.0,0.0,0.0
default,mode_cell_01,631417,0.0,,0.0,0.0,0.0,0.0,0.0
default,mode_cell_01,631418,0.0,,0.0,0.0,0.0,0.0,0.0
default,mode_cell_01,631419,0.0,,0.0,0.0,0.0,0.0,0.0
default,mode_cell_01,631420,0.0,,0.0,0.0,0.0,0.0,0.0
default,mode_cell_01,631421,0.0,,0.0,0.0,0.0,0.0,0.0
default,mode_cell_01,631422,0.0,,0.0,0.0,0.0,0.0,0.0
default,mode_cell_01,631423,0.0,,0.0,0.0,0.0,0.0,0.0
default,mode_cell_01,631424,0.0,,0.0,0.0,0.0,0.0,0.0
default,mode_cell_01,631425,0.0,,0.0,0.0,0.0,0.0,0.0
default,mode_cell_01,631426,0.0,,0.0,0.0,0.0,0.0,0.0
default,mode_cell_01,631427,0.0,,0.0,0.0,0.0,0.0,0.0
default,mode_cell_01,631428,0.0,,0.0,0.0,0.0,0.0,0.0
default,mode_cell_01,631429,0.0,,0.0,0.0,0.0,0.0,0.0
default,mode_cell_01,631430,0.0,,0.0,0.0,0.0,0.0,0.0
default,mode_cell_02,631401,0.0,,0.0,0.0,0.0,0.0,0.0
default,mode_cell_02,631402,0.0,,0.0,0.0,0.0,0.0,0.0
default,mode_cell_02,631403,0.0,,0.0,0.0,0.0,0.0,0.0
default,mode_cell_02,631404,0.0,,0.0,0.0,0.0,0.0,0.0
default,mode_cell_02,631405,0.0,,0.0,0.0,0.0,0.0,0.0
default,mode_cell_02,631406,0.0,,0.0,0.0,0.0,0.0,0.0
default,mode_cell_02,631407,0.0,,0.0,0.0,0.0,0.0,0.0
default,mode_cell_02,631408,0.0,,0.0,0.0,0.0,0.0,0.0
default,mode_cell_02,631409,0.0,,0.0,0.0,0.0,0.0,0.0
default,mode_cell_02,631410,0.0,,0.0,0.0,0.0,0.0,0.0
default,mode_cell_02,631411,0.0,,0.0,0.0,0.0,0.0,0.0
default,mode_cell_02,631412,0.0,,0.0,0.0,0.0,0.0,0.0
default,mode_cell_02,631413,0.0,,0.0,0.0,0.0,0.0,0.0
default,mode_cell_02,631414,0.0,,0.0,0.0,0.0,0.0,0.0
default,mode_cell_02,631415,0.0,,0.0,0.0,0.0,0.0,0.0
default,mode_cell_02,631416,0.0,,0.0,0.0,0.0,0.0,0.0
default,mode_cell_02,631417,0.0,,0.0,0.0,0.0,0.0,0.0
default,mode_cell_02,631418,0.0,,0.0,0.0,0.0,0.0,0.0
default,mode_cell_02,631419,0.0,,0.0,0.0,0.0,0.0,0.0
default,mode_cell_02,631420,0.0,,0.0,0.0,0.0,0.0,0.0
default,mode_cell_02,631421,0.0,,0.0,0.0,0.0,0.0,0.0
default,mode_cell_02,631422,0.0,,0.0,0.0,0.0,0.0,0.0
default,mode_cell_02,631423,0.0,,0.0,0.0,0.0,0.0,0.0
default,mode_cell_02,631424,0.0,,0.0,0.0,0.0,0.0,0.0
default,mode_cell_02,631425,0.0,,0.0,0.0,0.0,0.0,0.0
default,mode_cell_02,631426,0.0,,0.0,0.0,0.0,0.0,0.0
default,mode_cell_02,631427,0.0,,0.0,0.0,0.0,0.0,0.0
default,mode_cell_02,631428,0.0,,0.0,0.0,0.0,0.0,0.0
default,mode_cell_02,631429,0.0,,0.0,0.0,0.0,0.0,0.0
default,mode_cell_02,631430,0.0,,0.0,0.0,0.0,0.0,0.0
default,mode_cell_03,631401,1.0,0.001697792869269949,1.0,588.0,-1.0,589.0,-3.0
default,mode_cell_03,631402,1.0,0.0015220700152207,1.0,656.0,1.0,657.0,-4.0
default,mode_cell_03,631403,3.0,0.0040650406504065045,3.0,735.0,-3.0,738.0,4.0
default,mode_cell_03,631404,0.0,0.0,0.0,571.0,0.0,571.0,-3.0
default,mode_cell_03,631405,2.0,0.0025575447570332483,2.0,780.0,-2.0,782.0,-4.0
default,mode_cell_03,631406,1.0,0.0010976948408342481,1.0,910.0,1.0,911.0,15.0
default,mode_cell_03,631407,0.0,0.0,0.0,739.0,0.0,739.0,4.0
default,mode_cell_03,631408,1.0,0.0011655011655011655,1.0,857.0,1.0,858.0,-11.0
default,mode_cell_03,631409,4.0,0.0035842293906810036,4.0,1112.0,4.0,1116.0,1.0
default,mode_cell_03,631410,2.0,0.0030165912518853697,2.0,661.0,2.0,663.0,-8.0
default,mode_cell_03,631411,4.0,0.003976143141153081,4.0,1002.0,4.0,1006.0,-5.0
default,mode_cell_03,631412,5.0,0.006493506493506494,5.0,765.0,-5.0,770.0,-7.0
default,mode_cell_03,631413,3.0,0.0037926675094816687,3.0,788.0,3.0,791.0,8.0
default,mode_cell_03,631414,3.0,0.0033370411568409346,3.0,896.0,3.0,899.0,-1.0
default,mode_cell_03,631415,4.0,0.004576659038901602,4.0,870.0,-4.0,874.0,-4.0
default,mode_cell_03,631416,5.0,0.005376344086021506,5.0,925.0,5.0,930.0,3.0
default,mode_cell_03,631417,1.0,0.0009910802775024777,1.0,1008.0,-1.0,1009.0,4.0
default,mode_cell_03,631418,2.0,0.0025220680958385876,2.0,791.0,-2.0,793.0,2.0
default,mode_cell_03,631419,1.0,0.001336898395721925,1.0,747.0,1.0,748.0,-4.0
default,mode_cell_03,631420,3.0,0.004651162790697674,3.0,642.0,3.0,645.0,-4.0
default,mode_cell_03,631421,4.0,0.005188067444876783,4.0,767.0,-4.0,771.0,-2.0
default,mode_cell_03,631422,4.0,0.0064516129032258064,4.0,616.0,-4.0,620.0,-1.0
default,mode_cell_03,631423,5.0,0.007204610951008645,5.0,689.0,5.0,694.0,1.0
default,mode_cell_03,631424,0.0,0.0,0.0,639.0,0.0,639.0,-1.0
default,mode_cell_03,631425,2.0,0.0019138755980861245,2.0,1043.0,2.0,1045.0,13.0
default,mode_cell_03,631426,2.0,0.0022197558268590455,2.0,899.0,-2.0,901.0,7.0
default,mode_cell_03,631427,0.0,0.0,0.0,707.0,0.0,707.0,-4.0
default,mode_cell_03,631428,0.0,0.0,0.0,817.0,0.0,817.0,4.0
default,mode_cell_03,631429,1.0,0.0015479876160990713,1.0,645.0,-1.0,646.0,1.0
default,mode_cell_03,631430,4.0,0.005412719891745603,4.0,735.0,-4.0,739.0,-6.0
default,mode_cell_04,631401,0.0,,0.0,0.0,0.0,0.0,0.0
default,mode_cell_04,631402,0.0,,0.0,0.0,0.0,0.0,0.0
default,mode_cell_04,631403,0.0,,0.0,0.0,0.0,0.0,0.0
default,mode_cell_04,631404,0.0,,0.0,0.0,0.0,0.0,0.0
default,mode_cell_04,631405,0.0,,0.0,0.0,0.0,0.0,0.0
default,mode_cell_04,631406,0.0,,0.0,0.0,0.0,0.0,0.0
default,mode_cell_04,631407,0.0,,0.0,0.0,0.0,0.0,0.0
default,mode_cell_04,631408,0.0,,0.0,0.0,0.0,0.0,0.0
default,mode_cell_04,631409,0.0,,0.0,0.0,0.0,0.0,0.0
default,mode_cell_04,631410,0.0,,0.0,0.0,0.0,0.0,0.0
default,mode_cell_04,631411,0.0,,0.0,0.0,0.0,0.0,0.0
default,mode_cell_04,631412,0.0,,0.0,0.0,0.0,0.0,0.0
default,mode_cell_04,631413,0.0,,0.0,0.0,0.0,0.0,0.0
default,mode_cell_04,631414,0.0,,0.0,0.0,0.0,0.0,0.0
default,mode_cell_04,631415,0.0,,0.0,0.0,0.0,0.0,0.0
default,mode_cell_04,631416,0.0,,0.0,0.0,0.0,0.0,0.0
default,mode_cell_04,631417,0.0,,0.0,0.0,0.0,0.0,0.0
default,mode_cell_04,631418,0.0,,0.0,0.0,0.0,0.0,0.0
default,mode_cell_04,631419,0.0,,0.0,0.0,0.0,0.0,0.0
default,mode_cell_04,631420,0.0,,0.0,0.0,0.0,0.0,0.0
default,mode_cell_04,631421,0.0,,0.0,0.0,0.0,0.0,0.0
default,mode_cell_04,631422,0.0,,0.0,0.0,0.0,0.0,0.0
default,mode_cell_04,631423,0.0,,0.0,0.0,0.0,0.0,0.0
default,mode_cell_04,631424,0.0,,0.0,0.0,0.0,0.0,0.0
default,mode_cell_04,631425,0.0,,0.0,0.0,0.0,0.0,0.0
default,mode_cell_04,631426,0.0,,0.0,0.0,0.0,0.0,0.0
default,mode_cell_04,631427,0.0,,0.0,0.0,0.0,0.0,0.0
default,mode_cell_04,631428,0.0,,0.0,0.0,0.0,0.0,0.0
default,mode_cell_04,631429,0.0,,0.0,0.0,0.0,0.0,0.0
default,mode_cell_04,631430,0.0,,0.0,0.0,0.0,0.0,0.0
default,mode_cell_05,631401,0.0,,0.0,0.0,0.0,0.0,0.0
default,mode_cell_05,631402,0.0,,0.0,0.0,0.0,0.0,0.0
default,mode_cell_05,631403,0.0,,0.0,0.0,0.0,0.0,0.0
default,mode_cell_05,631404,0.0,,0.0,0.0,0.0,0.0,0.0
default,mode_cell_05,631405,0.0,,0.0,0.0,0.0,0.0,0.0
default,mode_cell_05,631406,0.0,,0.0,0.0,0.0,0.0,0.0
default,mode_cell_05,631407,0.0,,0.0,0.0,0.0,0.0,0.0
default,mode_cell_05,631408,0.0,,0.0,0.0,0.0,0.0,0.0
default,mode_cell_05,631409,0.0,,0.0,0.0,0.0,0.0,0.0
default,mode_cell_05,631410,0.0,,0.0,0.0,0.0,0.0,0.0
default,mode_cell_05,631411,0.0,,0.0,0.0,0.0,0.0,0.0
default,mode_cell_05,631412,0.0,,0.0,0.0,0.0,0.0,0.0
default,mode_cell_05,631413,0.0,,0.0,0.0,0.0,0.0,0.0
default,mode_cell_05,631414,0.0,,0.0,0.0,0.0,0.0,0.0
default,mode_cell_05,631415,0.0,,0.0,0.0,0.0,0.0,0.0
default,mode_cell_05,631416,0.0,,0.0,0.0,0.0,0.0,0.0
default,mode_cell_05,631417,0.0,,0.0,0.0,0.0,0.0,0.0
default,mode_cell_05,631418,0.0,,0.0,0.0,0.0,0.0,0.0
default,mode_cell_05,631419,0.0,,0.0,0.0,0.0,0.0,0.0
default,mode_cell_05,631420,0.0,,0.0,0.0,0.0,0.0,0.0
default,mode_cell_05,631421,0.0,,0.0,0.0,0.0,0.0,0.0
default,mode_cell_05,631422,0.0,,0.0,0.0,0.0,0.0,0.0
default,mode_cell_05,631423,0.0,,0.0,0.0,0.0,0.0,0.0
default,mode_cell_05,631424,0.0,,0.0,0.0,0.0,0.0,0.0
default,mode_cell_05,631425,0.0,,0.0,0.0,0.0,0.0,0.0
default,mode_cell_05,631426,0.0,,0.0,0.0,0.0,0.0,0.0
default,mode_cell_05,631427,0.0,,0.0,0.0,0.0,0.0,0.0
default,mode_cell_05,631428,0.0,,0.0,0.0,0.0,0.0,0.0
default,mode_cell_05,631429,0.0,,0.0,0.0,0.0,0.0,0.0
default,mode_cell_05,631430,0.0,,0.0,0.0,0.0,0.0,0.0
default,mode_cell_06,631401,7.0,0.007399577167019027,7.0,939.0,-7.0,946.0,0.0
default,mode_cell_06,631402,0.0,0.0,0.0,642.0,0.0,642.0,-2.0
default,mode_cell_06,631403,2.0,0.0026455026455026454,2.0,754.0,-2.0,756.0,5.0
default,mode_cell_06,631404,0.0,0.0,0.0,583.0,0.0,583.0,-4.0
default,mode_cell_06,631405,4.0,0.007407407407407408,4.0,536.0,-4.0,540.0,2.0
default,mode_cell_06,631406,4.0,0.0070052539404553416,4.0,567.0,-4.0,571.0,13.0
default,mode_cell_06,631407,1.0,0.0012224938875305623,1.0,817.0,1.0,818.0,-3.0
default,mode_cell_06,631408,5.0,0.00727802037845706,5.0,682.0,-5.0,687.0,-3.0
default,mode_cell_06,631409,7.0,0.008717310087173101,7.0,796.0,-7.0,803.0,7.0
default,mode_cell_06,631410,1.0,0.0018083182640144665,1.0,552.0,1.0,553.0,4.0
default,mode_cell_06,631411,0.0,0.0,0.0,615.0,0.0,615.0,-3.0
default,mode_cell_06,631412,1.0,0.0017123287671232876,1.0,583.0,-1.0,584.0,-4.0
default,mode_cell_06,631413,1.0,0.001422475106685633,1.0,702.0,1.0,703.0,9.0
default,mode_cell_06,631414,3.0,0.0038860103626943004,3.0,769.0,3.0,772.0,-1.0
default,mode_cell_06,631415,2.0,0.0019047619047619048,2.0,1048.0,-2.0,1050.0,-3.0
default,mode_cell_06,631416,8.0,0.010526315789473684,8.0,752.0,8.0,760.0,3.0
default,mode_cell_06,631417,3.0,0.004189944134078212,3.0,713.0,3.0,716.0,7.0
default,mode_cell_06,631418,1.0,0.0017452006980802793,1.0,572.0,1.0,573.0,6.0
default,mode_cell_06,631419,3.0,0.004524886877828055,3.0,660.0,-3.0,663.0,-5.0
default,mode_cell_06,631420,1.0,0.0012787723785166241,1.0,781.0,1.0,782.0,11.0
default,mode_cell_06,631421,3.0,0.003821656050955414,3.0,782.0,3.0,785.0,1.0
default,mode_cell_06,631422,2.0,0.002936857562408223,2.0,679.0,-2.0,681.0,-8.0
default,mode_cell_06,631423,2.0,0.002824858757062147,2.0,706.0,2.0,708.0,-3.0
default,mode_cell_06,631424,1.0,0.001658374792703151,1.0,602.0,-1.0,603.0,-7.0
default,mode_cell_06,631425,0.0,0.0,0.0,598.0,0.0,598.0,5.0
default,mode_cell_06,631426,1.0,0.001221001221001221,1.0,818.0,-1.0,819.0,2.0
default,mode_cell_06,631427,2.0,0.0035714285714285713,2.0,558.0,2.0,560.0,0.0
default,mode_cell_06,631428,5.0,0.005720823798627002,5.0,869.0,5.0,874.0,10.0
default,mode_cell_06,631429,2.0,0.0027548209366391185,2.0,724.0,-2.0,726.0,-2.0
default,mode_cell_06,631430,5.0,0.006702412868632708,5.0,741.0,-5.0,746.0,-8.0
default,mode_cell_07,631401,13.0,0.007615700058582308,13.0,1694.0,13.0,1707.0,16.0
default,mode_cell_07,631402,12.0,0.00558659217877095,12.0,2136.0,12.0,2148.0,9.0
default,mode_cell_07,631403,12.0,0.003963011889035667,12.0,3016.0,12.0,3028.0,34.0
default,mode_cell_07,631404,19.0,0.007986548970155528,19.0,2360.0,19.0,2379.0,19.0
default,mode_cell_07,631405,17.0,0.007098121085594989,17.0,2378.0,17.0,2395.0,14.0
default,mode_cell_07,631406,10.0,0.004405286343612335,10.0,2260.0,10.0,2270.0,26.0
default,mode_cell_07,631407,12.0,0.00477516912057302,12.0,2501.0,12.0,2513.0,28.0
default,mode_cell_07,631408,12.0,0.005563282336578581,12.0,2145.0,12.0,2157.0,12.0
default,mode_cell_07,631409,12.0,0.00530035335689046,12.0,2252.0,12.0,2264.0,26.0
default,mode_cell_07,631410,12.0,0.0049261083743842365,12.0,2424.0,12.0,2436.0,17.0
default,mode_cell_07,631411,14.0,0.005591054313099041,14.0,2490.0,14.0,2504.0,24.0
default,mode_cell_07,631412,11.0,0.0049504950495049506,11.0,2211.0,11.0,2222.0,19.0
default,mode_cell_07,631413,10.0,0.004066693777958519,10.0,2449.0,10.0,2459.0,20.0
default,mode_cell_07,631414,11.0,0.0054107230693556324,11.0,2022.0,11.0,2033.0,13.0
default,mode_cell_07,631415,10.0,0.004230118443316413,10.0,2354.0,10.0,2364.0,16.0
default,mode_cell_07,631416,21.0,0.008316831683168317,21.0,2504.0,21.0,2525.0,28.0
default,mode_cell_07,631417,14.0,0.005509641873278237,14.0,2527.0,14.0,2541.0,15.0
default,mode_cell_07,631418,16.0,0.006902502157031924,16.0,2302.0,16.0,2318.0,27.0
default,mode_cell_07,631419,13.0,0.005306122448979592,13.0,2437.0,13.0,2450.0,30.0
default,mode_cell_07,631420,10.0,0.0038109756097560975,10.0,2614.0,10.0,2624.0,26.0
default,mode_cell_07,631421,9.0,0.0039045553145336228,9.0,2296.0,9.0,2305.0,23.0
default,mode_cell_07,631422,18.0,0.006867607783288821,18.0,2603.0,18.0,2621.0,20.0
default,mode_cell_07,631423,11.0,0.0052231718898385565,11.0,2095.0,11.0,2106.0,22.0
default,mode_cell_07,631424,16.0,0.006773920406435224,16.0,2346.0,16.0,2362.0,19.0
default,mode_cell_07,631425,15.0,0.005940594059405941,15.0,2510.0,15.0,2525.0,26.0
default,mode_cell_07,631426,12.0,0.005583992554676594,12.0,2137.0,12.0,2149.0,22.0
default,mode_cell_07,631427,19.0,0.007854485324514262,19.0,2400.0,19.0,2419.0,22.0
default,mode_cell_07,631428,16.0,0.006711409395973154,16.0,2368.0,16.0,2384.0,16.0
default,mode_cell_07,631429,14.0,0.005633802816901409,14.0,2471.0,14.0,2485.0,28.0
default,mode_cell_07,631430,11.0,0.003900709219858156,11.0,2809.0,11.0,2820.0,11.0
default,mode_cell_08,631401,3.0,0.0025466893039049238,3.0,1175.0,-3.0,1178.0,-9.0
default,mode_cell_08,631402,9.0,0.007058823529411765,9.0,1266.0,-9.0,1275.0,-12.0
default,mode_cell_08,631403,4.0,0.002577319587628866,4.0,1548.0,-4.0,1552.0,-5.0
default,mode_cell_08,631404,2.0,0.0015910898965791568,2.0,1255.0,-2.0,1257.0,-12.0
default,mode_cell_08,631405,7.0,0.00776914539400666,7.0,894.0,7.0,901.0,-3.0
default,mode_cell_08,631406,7.0,0.007070707070707071,7.0,983.0,-7.0,990.0,1.0
default,mode_cell_08,631407,2.0,0.002190580503833516,2.0,911.0,-2.0,913.0,-6.0
default,mode_cell_08,631408,16.0,0.011428571428571429,16.0,1384.0,-16.0,1400.0,-21.0
default,mode_cell_08,631409,8.0,0.007067137809187279,8.0,1124.0,-8.0,1132.0,3.0
default,mode_cell_08,631410,12.0,0.00894187779433681,12.0,1330.0,-12.0,1342.0,-16.0
default,mode_cell_08,631411,4.0,0.0025157232704402514,4.0,1586.0,-4.0,1590.0,-15.0
default,mode_cell_08,631412,3.0,0.0025,3.0,1197.0,-3.0,1200.0,-8.0
default,mode_cell_08,631413,1.0,0.0008525149190110827,1.0,1172.0,1.0,1173.0,-8.0
default,mode_cell_08,631414,8.0,0.006622516556291391,8.0,1200.0,-8.0,1208.0,-14.0
default,mode_cell_08,631415,4.0,0.004188481675392671,4.0,951.0,-4.0,955.0,-3.0
default,mode_cell_08,631416,0.0,0.0,0.0,939.0,0.0,939.0,-5.0
default,mode_cell_08,631417,1.0,0.0007147962830593281,1.0,1398.0,1.0,1399.0,3.0
default,mode_cell_08,631418,3.0,0.002827521206409048,3.0,1058.0,-3.0,1061.0,-10.0
default,mode_cell_08,631419,2.0,0.0018744142455482662,2.0,1065.0,-2.0,1067.0,-9.0
default,mode_cell_08,631420,2.0,0.0016597510373443983,2.0,1203.0,-2.0,1205.0,-2.0
default,mode_cell_08,631421,11.0,0.010516252390057362,11.0,1035.0,-11.0,1046.0,-7.0
default,mode_cell_08,631422,4.0,0.0039447731755424065,4.0,1010.0,-4.0,1014.0,-11.0
default,mode_cell_08,631423,6.0,0.006825938566552901,6.0,873.0,-6.0,879.0,-2.0
default,mode_cell_08,631424,10.0,0.009606147934678195,10.0,1031.0,-10.0,1041.0,-15.0
default,mode_cell_08,631425,7.0,0.0068359375,7.0,1017.0,7.0,1024.0,-3.0
default,mode_cell_08,631426,1.0,0.0009345794392523365,1.0,1069.0,-1.0,1070.0,0.0
default,mode_cell_08,631427,5.0,0.00511770726714432,5.0,972.0,5.0,977.0,-12.0
default,mode_cell_08,631428,8.0,0.007462686567164179,8.0,1064.0,-8.0,1072.0,-9.0
default,mode_cell_08,631429,7.0,0.005315110098709187,7.0,1310.0,-7.0,1317.0,-10.0
default,mode_cell_08,631430,8.0,0.00642570281124498,8.0,1237.0,-8.0,1245.0,-20.0
default,mode_cell_09,631401,0.0,,0.0,0.0,0.0,0.0,0.0
default,mode_cell_09,631402,0.0,,0.0,0.0,0.0,0.0,0.0
default,mode_cell_09,631403,0.0,,0.0,0.0,0.0,0.0,0.0
default,mode_cell_09,631404,0.0,,0.0,0.0,0.0,0.0,0.0
default,mode_cell_09,631405,0.0,,0.0,0.0,0.0,0.0,0.0
default,mode_cell_09,631406,0.0,,0.0,0.0,0.0,0.0,0.0
default,mode_cell_09,631407,0.0,,0.0,0.0,0.0,0.0,0.0
default,mode_cell_09,631408,0.0,,0.0,0.0,0.0,0.0,0.0
default,mode_cell_09,631409,0.0,,0.0,0.0,0.0,0.0,0.0
default,mode_cell_09,631410,0.0,,0.0,0.0,0.0,0.0,0.0
default,mode_cell_09,631411,0.0,,0.0,0.0,0.0,0.0,0.0
default,mode_cell_09,631412,0.0,,0.0,0.0,0.0,0.0,0.0
default,mode_cell_09,631413,0.0,,0.0,0.0,0.0,0.0,0.0
default,mode_cell_09,631414,0.0,,0.0,0.0,0.0,0.0,0.0
default,mode_cell_09,631415,0.0,,0.0,0.0,0.0,0.0,0.0
default,mode_cell_09,631416,0.0,,0.0,0.0,0.0,0.0,0.0
default,mode_cell_09,631417,0.0,,0.0,0.0,0.0,0.0,0.0
default,mode_cell_09,631418,0.0,,0.0,0.0,0.0,0.0,0.0
default,mode_cell_09,631419,0.0,,0.0,0.0,0.0,0.0,0.0
default,mode_cell_09,631420,0.0,,0.0,0.0,0.0,0.0,0.0
default,mode_cell_09,631421,0.0,,0.0,0.0,0.0,0.0,0.0
default,mode_cell_09,631422,0.0,,0.0,0.0,0.0,0.0,0.0
default,mode_cell_09,631423,0.0,,0.0,0.0,0.0,0.0,0.0
default,mode_cell_09,631424,0.0,,0.0,0.0,0.0,0.0,0.0
default,mode_cell_09,631425,0.0,,0.0,0.0,0.0,0.0,0.0
default,mode_cell_09,631426,0.0,,0.0,0.0,0.0,0.0,0.0
default,mode_cell_09,631427,0.0,,0.0,0.0,0.0,0.0,0.0
default,mode_cell_09,631428,0.0,,0.0,0.0,0.0,0.0,0.0
default,mode_cell_09,631429,0.0,,0.0,0.0,0.0,0.0,0.0
default,mode_cell_09,631430,0.0,,0.0,0.0,0.0,0.0,0.0
default,mode_cell_10,631401,0.0,0.0,0.0,947.0,0.0,947.0,-8.0
default,mode_cell_10,631402,19.0,0.027818448023426062,19.0,664.0,-19.0,683.0,-9.0
default,mode_cell_10,631403,19.0,0.0203862660944206,19.0,913.0,19.0,932.0,3.0
default,mode_cell_10,631404,10.0,0.016835016835016835,10.0,584.0,-10.0,594.0,-6.0
default,mode_cell_10,631405,13.0,0.01589242053789731,13.0,805.0,13.0,818.0,-1.0
default,mode_cell_10,631406,17.0,0.024495677233429394,17.0,677.0,-17.0,694.0,5.0
default,mode_cell_10,631407,22.0,0.025,22.0,858.0,-22.0,880.0,3.0
default,mode_cell_10,631408,1.0,0.0014925373134328358,1.0,669.0,-1.0,670.0,0.0
default,mode_cell_10,631409,5.0,0.007215007215007215,5.0,688.0,-5.0,693.0,16.0
default,mode_cell_10,631410,0.0,0.0,0.0,585.0,0.0,585.0,-2.0
default,mode_cell_10,631411,2.0,0.0025974025974025974,2.0,768.0,-2.0,770.0,1.0
default,mode_cell_10,631412,14.0,0.017766497461928935,14.0,774.0,-14.0,788.0,5.0
default,mode_cell_10,631413,5.0,0.007680491551459293,5.0,646.0,5.0,651.0,7.0
default,mode_cell_10,631414,20.0,0.024271844660194174,20.0,804.0,-20.0,824.0,8.0
default,mode_cell_10,631415,16.0,0.018223234624145785,16.0,862.0,-16.0,878.0,-3.0
default,mode_cell_10,631416,3.0,0.00392156862745098,3.0,762.0,-3.0,765.0,-2.0
default,mode_cell_10,631417,34.0,0.03691639522258415,34.0,887.0,34.0,921.0,-1.0
default,mode_cell_10,631418,7.0,0.010447761194029851,7.0,663.0,7.0,670.0,-3.0
default,mode_cell_10,631419,9.0,0.010262257696693273,9.0,868.0,9.0,877.0,-10.0
default,mode_cell_10,631420,17.0,0.020023557126030624,17.0,832.0,-17.0,849.0,5.0
default,mode_cell_10,631421,9.0,0.010112359550561797,9.0,881.0,-9.0,890.0,-1.0
default,mode_cell_10,631422,2.0,0.002911208151382824,2.0,685.0,2.0,687.0,-5.0
default,mode_cell_10,631423,12.0,0.014457831325301205,12.0,818.0,-12.0,830.0,-2.0
default,mode_cell_10,631424,4.0,0.006289308176100629,4.0,632.0,4.0,636.0,-6.0
default,mode_cell_10,631425,4.0,0.0058309037900874635,4.0,682.0,-4.0,686.0,7.0
default,mode_cell_10,631426,13.0,0.014772727272727272,13.0,867.0,13.0,880.0,10.0
default,mode_cell_10,631427,5.0,0.008333333333333333,5.0,595.0,-5.0,600.0,3.0
default,mode_cell_10,631428,7.0,0.011764705882352941,7.0,588.0,-7.0,595.0,-3.0
default,mode_cell_10,631429,6.0,0.00847457627118644,6.0,702.0,6.0,708.0,3.0
default,mode_cell_10,631430,8.0,0.013986013986013986,8.0,564.0,8.0,572.0,-5.0
default,mode_cell_11,631401,0.0,,0.0,0.0,0.0,0.0,0.0
default,mode_cell_11,631402,0.0,,0.0,0.0,0.0,0.0,0.0
default,mode_cell_11,631403,0.0,,0.0,0.0,0.0,0.0,0.0
default,mode_cell_11,631404,0.0,,0.0,0.0,0.0,0.0,0.0
default,mode_cell_11,631405,0.0,,0.0,0.0,0.0,0.0,0.0
default,mode_cell_11,631406,0.0,,0.0,0.0,0.0,0.0,0.0
default,mode_cell_11,631407,0.0,,0.0,0.0,0.0,0.0,0.0
default,mode_cell_11,631408,0.0,,0.0,0.0,0.0,0.0,0.0
default,mode_cell_11,631409,0.0,,0.0,0.0,0.0,0.0,0.0
default,mode_cell_11,631410,0.0,,0.0,0.0,0.0,0.0,0.0
default,mode_cell_11,631411,0.0,,0.0,0.0,0.0,0.0,0.0
default,mode_cell_11,631412,0.0,,0.0,0.0,0.0,0.0,0.0
default,mode_cell_11,631413,0.0,,0.0,0.0,0.0,0.0,0.0
default,mode_cell_11,631414,0.0,,0.0,0.0,0.0,0.0,0.0
default,mode_cell_11,631415,0.0,,0.0,0.0,0.0,0.0,0.0
default,mode_cell_11,631416,0.0,,0.0,0.0,0.0,0.0,0.0
default,mode_cell_11,631417,0.0,,0.0,0.0,0.0,0.0,0.0
default,mode_cell_11,631418,0.0,,0.0,0.0,0.0,0.0,0.0
default,mode_cell_11,631419,0.0,,0.0,0.0,0.0,0.0,0.0
default,mode_cell_11,631420,0.0,,0.0,0.0,0.0,0.0,0.0
default,mode_cell_11,631421,0.0,,0.0,0.0,0.0,0.0,0.0
default,mode_cell_11,631422,0.0,,0.0,0.0,0.0,0.0,0.0
default,mode_cell_11,631423,0.0,,0.0,0.0,0.0,0.0,0.0
default,mode_cell_11,631424,0.0,,0.0,0.0,0.0,0.0,0.0
default,mode_cell_11,631425,0.0,,0.0,0.0,0.0,0.0,0.0
default,mode_cell_11,631426,0.0,,0.0,0.0,0.0,0.0,0.0
default,mode_cell_11,631427,0.0,,0.0,0.0,0.0,0.0,0.0
default,mode_cell_11,631428,0.0,,0.0,0.0,0.0,0.0,0.0
default,mode_cell_11,631429,0.0,,0.0,0.0,0.0,0.0,0.0
default,mode_cell_11,631430,0.0,,0.0,0.0,0.0,0.0,0.0
default,mode_cell_12,631401,0.0,0.0,0.0,1240.0,0.0,1240.0,-7.0
default,mode_cell_12,631402,8.0,0.010403120936280884,8.0,761.0,8.0,769.0,-6.0
default,mode_cell_12,631403,2.0,0.0021810250817884407,2.0,915.0,2.0,917.0,-1.0
default,mode_cell_12,631404,6.0,0.007159904534606206,6.0,832.0,6.0,838.0,-3.0
default,mode_cell_12,631405,7.0,0.009762900976290097,7.0,710.0,7.0,717.0,1.0
default,mode_cell_12,631406,7.0,0.009549795361527967,7.0,726.0,7.0,733.0,3.0
default,mode_cell_12,631407,5.0,0.0059594755661501785,5.0,834.0,5.0,839.0,0.0
default,mode_cell_12,631408,1.0,0.000859106529209622,1.0,1163.0,1.0,1164.0,-5.0
default,mode_cell_12,631409,5.0,0.006067961165048544,5.0,819.0,5.0,824.0,10.0
default,mode_cell_12,631410,5.0,0.00651890482398957,5.0,762.0,5.0,767.0,0.0
default,mode_cell_12,631411,7.0,0.007391763463569166,7.0,940.0,7.0,947.0,2.0
default,mode_cell_12,631412,6.0,0.00788436268068331,6.0,755.0,6.0,761.0,2.0
default,mode_cell_12,631413,2.0,0.0018674136321195146,2.0,1069.0,2.0,1071.0,2.0
default,mode_cell_12,631414,2.0,0.001869158878504673,2.0,1068.0,-2.0,1070.0,-5.0
default,mode_cell_12,631415,4.0,0.004123711340206186,4.0,966.0,4.0,970.0,-4.0
default,mode_cell_12,631416,4.0,0.004662004662004662,4.0,854.0,4.0,858.0,0.0
default,mode_cell_12,631417,5.0,0.005035246727089627,5.0,988.0,5.0,993.0,7.0
default,mode_cell_12,631418,8.0,0.01032258064516129,8.0,767.0,8.0,775.0,7.0
default,mode_cell_12,631419,7.0,0.008663366336633664,7.0,801.0,7.0,808.0,0.0
default,mode_cell_12,631420,6.0,0.006128702757916241,6.0,973.0,6.0,979.0,4.0
default,mode_cell_12,631421,7.0,0.007438894792773645,7.0,934.0,7.0,941.0,2.0
default,mode_cell_12,631422,4.0,0.004956629491945477,4.0,803.0,4.0,807.0,0.0
default,mode_cell_12,631423,3.0,0.004081632653061225,3.0,732.0,3.0,735.0,-9.0
default,mode_cell_12,631424,7.0,0.007954545454545454,7.0,873.0,7.0,880.0,6.0
default,mode_cell_12,631425,3.0,0.0032397408207343412,3.0,923.0,3.0,926.0,2.0
default,mode_cell_12,631426,5.0,0.006983240223463687,5.0,711.0,5.0,716.0,4.0
default,mode_cell_12,631427,6.0,0.005719733079122974,6.0,1043.0,6.0,1049.0,5.0
default,mode_cell_12,631428,9.0,0.010273972602739725,9.0,867.0,9.0,876.0,10.0
default,mode_cell_12,631429,4.0,0.005095541401273885,4.0,781.0,4.0,785.0,-2.0
default,mode_cell_12,631430,8.0,0.010025062656641603,8.0,790.0,8.0,798.0,-11.0
default,mode_cell_13,631401,11.0,0.008276899924755455,11.0,1318.0,-11.0,1329.0,-7.0
default,mode_cell_13,631402,8.0,0.005930318754633061,8.0,1341.0,-8.0,1349.0,-9.0
default,mode_cell_13,631403,9.0,0.007971656333038087,9.0,1120.0,-9.0,1129.0,-11.0
default,mode_cell_13,631404,4.0,0.004405286343612335,4.0,904.0,-4.0,908.0,1.0
default,mode_cell_13,631405,6.0,0.005628517823639775,6.0,1060.0,6.0,1066.0,0.0
default,mode_cell_13,631406,0.0,0.0,0.0,1155.0,0.0,1155.0,4.0
default,mode_cell_13,631407,12.0,0.00837404047452896,12.0,1421.0,-12.0,1433.0,-12.0
default,mode_cell_13,631408,11.0,0.007372654155495978,11.0,1481.0,-11.0,1492.0,-16.0
default,mode_cell_13,631409,5.0,0.004025764895330112,5.0,1237.0,-5.0,1242.0,15.0
default,mode_cell_13,631410,8.0,0.006211180124223602,8.0,1280.0,-8.0,1288.0,-8.0
default,mode_cell_13,631411,1.0,0.0010741138560687433,1.0,930.0,-1.0,931.0,-4.0
default,mode_cell_13,631412,17.0,0.009518477043673012,17.0,1769.0,-17.0,1786.0,-24.0
default,mode_cell_13,631413,13.0,0.009672619047619048,13.0,1331.0,-13.0,1344.0,-1.0
default,mode_cell_13,631414,11.0,0.007051282051282051,11.0,1549.0,-11.0,1560.0,-10.0
default,mode_cell_13,631415,2.0,0.0018001800180018,2.0,1109.0,-2.0,1111.0,-3.0
default,mode_cell_13,631416,2.0,0.0019029495718363464,2.0,1049.0,-2.0,1051.0,-4.0
default,mode_cell_13,631417,9.0,0.006540697674418605,9.0,1367.0,-9.0,1376.0,-3.0
default,mode_cell_13,631418,5.0,0.004488330341113106,5.0,1109.0,-5.0,1114.0,5.0
default,mode_cell_13,631419,3.0,0.0025817555938037868,3.0,1159.0,-3.0,1162.0,-7.0
default,mode_cell_13,631420,4.0,0.0033030553261767133,4.0,1207.0,-4.0,1211.0,-3.0
default,mode_cell_13,631421,10.0,0.008176614881439084,10.0,1213.0,-10.0,1223.0,-5.0
default,mode_cell_13,631422,14.0,0.012269938650306749,14.0,1127.0,-14.0,1141.0,-3.0
default,mode_cell_13,631423,5.0,0.003933910306845004,5.0,1266.0,-5.0,1271.0,-8.0
default,mode_cell_13,631424,5.0,0.004306632213608958,5.0,1156.0,-5.0,1161.0,-9.0
default,mode_cell_13,631425,6.0,0.007692307692307693,6.0,774.0,6.0,780.0,0.0
default,mode_cell_13,631426,1.0,0.001026694045174538,1.0,973.0,1.0,974.0,0.0
default,mode_cell_13,631427,4.0,0.004722550177095631,4.0,843.0,4.0,847.0,0.0
default,mode_cell_13,631428,4.0,0.004123711340206186,4.0,966.0,4.0,970.0,-4.0
default,mode_cell_13,631429,4.0,0.004012036108324975,4.0,993.0,-4.0,997.0,-2.0
default,mode_cell_13,631430,8.0,0.006944444444444444,8.0,1144.0,-8.0,1152.0,-8.0
default,mode_cell_14,631401,0.0,,0.0,0.0,0.0,0.0,0.0
default,mode_cell_14,631402,0.0,,0.0,0.0,0.0,0.0,0.0
default,mode_cell_14,631403,0.0,,0.0,0.0,0.0,0.0,0.0
default,mode_cell_14,631404,0.0,,0.0,0.0,0.0,0.0,0.0
default,mode_cell_14,631405,0.0,,0.0,0.0,0.0,0.0,0.0
default,mode_cell_14,631406,0.0,,0.0,0.0,0.0,0.0,0.0
default,mode_cell_14,631407,0.0,,0.0,0.0,0.0,0.0,0.0
default,mode_cell_14,631408,0.0,,0.0,0.0,0.0,0.0,0.0
default,mode_cell_14,631409,0.0,,0.0,0.0,0.0,0.0,0.0
default,mode_cell_14,631410,0.0,,0.0,0.0,0.0,0.0,0.0
default,mode_cell_14,631411,0.0,,0.0,0.0,0.0,0.0,0.0
default,mode_cell_14,631412,0.0,,0.0,0.0,0.0,0.0,0.0
default,mode_cell_14,631413,0.0,,0.0,0.0,0.0,0.0,0.0
default,mode_cell_14,631414,0.0,,0.0,0.0,0.0,0.0,0.0
default,mode_cell_14,631415,0.0,,0.0,0.0,0.0,0.0,0.0
default,mode_cell_14,631416,0.0,,0.0,0.0,0.0,0.0,0.0
default,mode_cell_14,631417,0.0,,0.0,0.0,0.0,0.0,0.0
default,mode_cell_14,631418,0.0,,0.0,0.0,0.0,0.0,0.0
default,mode_cell_14,631419,0.0,,0.0,0.0,0.0,0.0,0.0
default,mode_cell_14,631420,0.0,,0.0,0.0,0.0,0.0,0.0
default,mode_cell_14,631421,0.0,,0.0,0.0,0.0,0.0,0.0
default,mode_cell_14,631422,0.0,,0.0,0.0,0.0,0.0,0.0
default,mode_cell_14,631423,0.0,,0.0,0.0,0.0,0.0,0.0
default,mode_cell_14,631424,0.0,,0.0,0.0,0.0,0.0,0.0
default,mode_cell_14,631425,0.0,,0.0,0.0,0.0,0.0,0.0
default,mode_cell_14,631426,0.0,,0.0,0.0,0.0,0.0,0.0
default,mode_cell_14,631427,0.0,,0.0,0.0,0.0,0.0,0.0
default,mode_cell_14,631428,0.0,,0.0,0.0,0.0,0.0,0.0
default,mode_cell_14,631429,0.0,,0.0,0.0,0.0,0.0,0.0
default,mode_cell_14,631430,0.0,,0.0,0.0,0.0,0.0,0.0
default,mode_cell_15,631401,5.0,0.0050916496945010185,5.0,977.0,-5.0,982.0,-13.0
default,mode_cell_15,631402,6.0,0.0076045627376425855,6.0,783.0,-6.0,789.0,-3.0
default,mode_cell_15,631403,1.0,0.001091703056768559,1.0,915.0,-1.0,916.0,3.0
default,mode_cell_15,631404,3.0,0.004942339373970346,3.0,604.0,-3.0,607.0,0.0
default,mode_cell_15,631405,4.0,0.005263157894736842,4.0,756.0,-4.0,760.0,-7.0
default,mode_cell_15,631406,4.0,0.005805515239477504,4.0,685.0,-4.0,689.0,7.0
default,mode_cell_15,631407,1.0,0.0011235955056179776,1.0,889.0,1.0,890.0,-3.0
default,mode_cell_15,631408,1.0,0.0010976948408342481,1.0,910.0,1.0,911.0,-2.0
default,mode_cell_15,631409,7.0,0.006776379477250726,7.0,1026.0,-7.0,1033.0,5.0
default,mode_cell_15,631410,5.0,0.004545454545454545,5.0,1095.0,-5.0,1100.0,-8.0
default,mode_cell_15,631411,3.0,0.00410958904109589,3.0,727.0,-3.0,730.0,-5.0
default,mode_cell_15,631412,2.0,0.002936857562408223,2.0,679.0,2.0,681.0,-10.0
default,mode_cell_15,631413,4.0,0.00468384074941452,4.0,850.0,-4.0,854.0,0.0
default,mode_cell_15,631414,5.0,0.0076103500761035,5.0,652.0,5.0,657.0,1.0
default,mode_cell_15,631415,9.0,0.009513742071881607,9.0,937.0,-9.0,946.0,-8.0
default,mode_cell_15,631416,2.0,0.002574002574002574,2.0,775.0,2.0,777.0,1.0
default,mode_cell_15,631417,0.0,0.0,0.0,1032.0,0.0,1032.0,9.0
default,mode_cell_15,631418,0.0,0.0,0.0,679.0,0.0,679.0,5.0
default,mode_cell_15,631419,7.0,0.008383233532934131,7.0,828.0,-7.0,835.0,2.0
default,mode_cell_15,631420,4.0,0.006125574272588055,4.0,649.0,4.0,653.0,1.0
default,mode_cell_15,631421,2.0,0.0018885741265344666,2.0,1057.0,2.0,1059.0,3.0
default,mode_cell_15,631422,7.0,0.007446808510638298,7.0,933.0,-7.0,940.0,-15.0
default,mode_cell_15,631423,3.0,0.0035087719298245615,3.0,852.0,-3.0,855.0,4.0
default,mode_cell_15,631424,2.0,0.002911208151382824,2.0,685.0,2.0,687.0,1.0
default,mode_cell_15,631425,2.0,0.003076923076923077,2.0,648.0,-2.0,650.0,1.0
default,mode_cell_15,631426,9.0,0.011734028683181226,9.0,758.0,9.0,767.0,8.0
default,mode_cell_15,631427,10.0,0.014164305949008499,10.0,696.0,10.0,706.0,1.0
default,mode_cell_15,631428,0.0,0.0,0.0,878.0,0.0,878.0,2.0
default,mode_cell_15,631429,1.0,0.0011494252873563218,1.0,869.0,-1.0,870.0,-3.0
default,mode_cell_15,631430,5.0,0.0054525627044711015,5.0,912.0,5.0,917.0,-13.0
default,mode_cell_16,631401,0.0,,0.0,0.0,0.0,0.0,0.0
default,mode_cell_16,631402,0.0,,0.0,0.0,0.0,0.0,0.0
default,mode_cell_16,631403,0.0,,0.0,0.0,0.0,0.0,0.0
default,mode_cell_16,631404,0.0,,0.0,0.0,0.0,0.0,0.0
default,mode_cell_16,631405,0.0,,0.0,0.0,0.0,0.0,0.0
default,mode_cell_16,631406,0.0,,0.0,0.0,0.0,0.0,0.0
default,mode_cell_16,631407,0.0,,0.0,0.0,0.0,0.0,0.0
default,mode_cell_16,631408,0.0,,0.0,0.0,0.0,0.0,0.0
default,mode_cell_16,631409,0.0,,0.0,0.0,0.0,0.0,0.0
default,mode_cell_16,631410,0.0,,0.0,0.0,0.0,0.0,0.0
default,mode_cell_16,631411,0.0,,0.0,0.0,0.0,0.0,0.0
default,mode_cell_16,631412,0.0,,0.0,0.0,0.0,0.0,0.0
default,mode_cell_16,631413,0.0,,0.0,0.0,0.0,0.0,0.0
default,mode_cell_16,631414,0.0,,0.0,0.0,0.0,0.0,0.0
default,mode_cell_16,631415,0.0,,0.0,0.0,0.0,0.0,0.0
default,mode_cell_16,631416,0.0,,0.0,0.0,0.0,0.0,0.0
default,mode_cell_16,631417,0.0,,0.0,0.0,0.0,0.0,0.0
default,mode_cell_16,631418,0.0,,0.0,0.0,0.0,0.0,0.0
default,mode_cell_16,631419,0.0,,0.0,0.0,0.0,0.0,0.0
default,mode_cell_16,631420,0.0,,0.0,0.0,0.0,0.0,0.0
default,mode_cell_16,631421,0.0,,0.0,0.0,0.0,0.0,0.0
default,mode_cell_16,631422,0.0,,0.0,0.0,0.0,0.0,0.0
default,mode_cell_16,631423,0.0,,0.0,0.0,0.0,0.0,0.0
default,mode_cell_16,631424,0.0,,0.0,0.0,0.0,0.0,0.0
default,mode_cell_16,631425,0.0,,0.0,0.0,0.0,0.0,0.0
default,mode_cell_16,631426,0.0,,0.0,0.0,0.0,0.0,0.0
default,mode_cell_16,631427,0.0,,0.0,0.0,0.0,0.0,0.0
default,mode_cell_16,631428,0.0,,0.0,0.0,0.0,0.0,0.0
default,mode_cell_16,631429,0.0,,0.0,0.0,0.0,0.0,0.0
default,mode_cell_16,631430,0.0,,0.0,0.0,0.0,0.0,0.0
default,mode_cell_17,631401,3.0,0.003271537622682661,3.0,914.0,-3.0,917.0,-2.0
default,mode_cell_17,631402,0.0,0.0,0.0,897.0,0.0,897.0,-13.0
default,mode_cell_17,631403,1.0,0.0010741138560687433,1.0,930.0,-1.0,931.0,-4.0
default,mode_cell_17,631404,0.0,0.0,0.0,798.0,0.0,798.0,-2.0
default,mode_cell_17,631405,1.0,0.0013440860215053765,1.0,743.0,1.0,744.0,-3.0
default,mode_cell_17,631406,3.0,0.0038071065989847717,3.0,785.0,3.0,788.0,6.0
default,mode_cell_17,631407,3.0,0.002583979328165375,3.0,1158.0,-3.0,1161.0,-6.0
default,mode_cell_17,631408,4.0,0.003125,4.0,1276.0,-4.0,1280.0,-15.0
default,mode_cell_17,631409,2.0,0.0017761989342806395,2.0,1124.0,2.0,1126.0,8.0
default,mode_cell_17,631410,6.0,0.00558659217877095,6.0,1068.0,-6.0,1074.0,-8.0
default,mode_cell_17,631411,3.0,0.0031847133757961785,3.0,939.0,3.0,942.0,-4.0
default,mode_cell_17,631412,1.0,0.0011750881316098707,1.0,850.0,1.0,851.0,-4.0
default,mode_cell_17,631413,2.0,0.002014098690835851,2.0,991.0,2.0,993.0,5.0
default,mode_cell_17,631414,2.0,0.0019665683382497543,2.0,1015.0,2.0,1017.0,-4.0
default,mode_cell_17,631415,0.0,0.0,0.0,1275.0,0.0,1275.0,-6.0
default,mode_cell_17,631416,2.0,0.0027100271002710027,2.0,736.0,-2.0,738.0,-2.0
default,mode_cell_17,631417,2.0,0.0019782393669634025,2.0,1009.0,-2.0,1011.0,6.0
default,mode_cell_17,631418,1.0,0.0010224948875255625,1.0,977.0,1.0,978.0,-7.0
default,mode_cell_17,631419,2.0,0.002229654403567447,2.0,895.0,2.0,897.0,-5.0
default,mode_cell_17,631420,4.0,0.004667444574095682,4.0,853.0,-4.0,857.0,-8.0
default,mode_cell_17,631421,2.0,0.0021598272138228943,2.0,924.0,2.0,926.0,-1.0
default,mode_cell_17,631422,4.0,0.004210526315789474,4.0,946.0,-4.0,950.0,-14.0
default,mode_cell_17,631423,1.0,0.0009970089730807576,1.0,1002.0,-1.0,1003.0,-6.0
default,mode_cell_17,631424,2.0,0.0024067388688327317,2.0,829.0,-2.0,831.0,-7.0
default,mode_cell_17,631425,5.0,0.005399568034557235,5.0,921.0,5.0,926.0,1.0
default,mode_cell_17,631426,2.0,0.001976284584980237,2.0,1010.0,2.0,1012.0,3.0
default,mode_cell_17,631427,5.0,0.006793478260869565,5.0,731.0,5.0,736.0,1.0
default,mode_cell_17,631428,9.0,0.008490566037735849,9.0,1051.0,9.0,1060.0,5.0
default,mode_cell_17,631429,2.0,0.0024937655860349127,2.0,800.0,-2.0,802.0,-4.0
default,mode_cell_17,631430,1.0,0.0011547344110854503,1.0,865.0,-1.0,866.0,-15.0
default,mode_cell_18,631401,5.0,0.0060901339829476245,5.0,816.0,5.0,821.0,-2.0
default,mode_cell_18,631402,4.0,0.0031496062992125984,4.0,1266.0,4.0,1270.0,0.0
default,mode_cell_18,631403,2.0,0.0023781212841854932,2.0,839.0,2.0,841.0,2.0
default,mode_cell_18,631404,0.0,0.0,0.0,832.0,0.0,832.0,-16.0
default,mode_cell_18,631405,4.0,0.004081632653061225,4.0,976.0,4.0,980.0,0.0
default,mode_cell_18,631406,6.0,0.007761966364812419,6.0,767.0,6.0,773.0,5.0
default,mode_cell_18,631407,1.0,0.0013123359580052493,1.0,761.0,1.0,762.0,2.0
default,mode_cell_18,631408,7.0,0.00596252129471891,7.0,1167.0,7.0,1174.0,-9.0
default,mode_cell_18,631409,4.0,0.004901960784313725,4.0,812.0,4.0,816.0,12.0
default,mode_cell_18,631410,0.0,0.0,0.0,769.0,0.0,769.0,1.0
default,mode_cell_18,631411,7.0,0.008838383838383838,7.0,785.0,7.0,792.0,-1.0
default,mode_cell_18,631412,5.0,0.0046210720887245845,5.0,1077.0,5.0,1082.0,-11.0
default,mode_cell_18,631413,8.0,0.007920792079207921,8.0,1002.0,8.0,1010.0,-2.0
default,mode_cell_18,631414,4.0,0.003451251078515962,4.0,1155.0,4.0,1159.0,-1.0
default,mode_cell_18,631415,3.0,0.0034762456546929316,3.0,860.0,3.0,863.0,-4.0
default,mode_cell_18,631416,0.0,0.0,0.0,989.0,0.0,989.0,4.0
default,mode_cell_18,631417,2.0,0.0020964360587002098,2.0,952.0,2.0,954.0,0.0
default,mode_cell_18,631418,7.0,0.008706467661691543,7.0,797.0,7.0,804.0,0.0
default,mode_cell_18,631419,4.0,0.004672897196261682,4.0,852.0,4.0,856.0,2.0
default,mode_cell_18,631420,10.0,0.013386880856760375,10.0,737.0,10.0,747.0,12.0
default,mode_cell_18,631421,3.0,0.003579952267303103,3.0,835.0,3.0,838.0,0.0
default,mode_cell_18,631422,1.0,0.0010235414534288639,1.0,976.0,1.0,977.0,-10.0
default,mode_cell_18,631423,7.0,0.006993006993006993,7.0,994.0,7.0,1001.0,1.0
default,mode_cell_18,631424,2.0,0.00261437908496732,2.0,763.0,2.0,765.0,-1.0
default,mode_cell_18,631425,2.0,0.0021119324181626186,2.0,945.0,2.0,947.0,6.0
default,mode_cell_18,631426,3.0,0.0035714285714285713,3.0,837.0,3.0,840.0,2.0
default,mode_cell_18,631427,6.0,0.007425742574257425,6.0,802.0,6.0,808.0,7.0
default,mode_cell_18,631428,7.0,0.0077777777777777776,7.0,893.0,7.0,900.0,3.0
default,mode_cell_18,631429,1.0,0.0010152284263959391,1.0,984.0,1.0,985.0,-2.0
default,mode_cell_18,631430,6.0,0.007874015748031496,6.0,756.0,6.0,762.0,-1.0
default,mode_cell_19,631401,2.0,0.0018083182640144665,2.0,1104.0,-2.0,1106.0,-8.0
default,mode_cell_19,631402,1.0,0.0010309278350515464,1.0,969.0,1.0,970.0,3.0
default,mode_cell_19,631403,5.0,0.0032404406999351912,5.0,1538.0,5.0,1543.0,2.0
default,mode_cell_19,631404,1.0,0.0011235955056179776,1.0,889.0,1.0,890.0,0.0
default,mode_cell_19,631405,1.0,0.0009652509652509653,1.0,1035.0,1.0,1036.0,-4.0
default,mode_cell_19,631406,6.0,0.0054446460980036296,6.0,1096.0,6.0,1102.0,14.0
default,mode_cell_19,631407,0.0,0.0,0.0,711.0,0.0,711.0,3.0
default,mode_cell_19,631408,4.0,0.004489337822671156,4.0,887.0,-4.0,891.0,-4.0
default,mode_cell_19,631409,2.0,0.002242152466367713,2.0,890.0,2.0,892.0,12.0
default,mode_cell_19,631410,3.0,0.0034883720930232558,3.0,857.0,3.0,860.0,1.0
default,mode_cell_19,631411,3.0,0.0033003300330033004,3.0,906.0,-3.0,909.0,-2.0
default,mode_cell_19,631412,5.0,0.005820721769499418,5.0,854.0,5.0,859.0,-1.0
default,mode_cell_19,631413,7.0,0.006862745098039216,7.0,1013.0,7.0,1020.0,11.0
default,mode_cell_19,631414,4.0,0.0036900369003690036,4.0,1080.0,-4.0,1084.0,3.0
default,mode_cell_19,631415,3.0,0.002291825821237586,3.0,1306.0,3.0,1309.0,-1.0
default,mode_cell_19,631416,3.0,0.0034207525655644243,3.0,874.0,3.0,877.0,3.0
default,mode_cell_19,631417,3.0,0.002459016393442623,3.0,1217.0,3.0,1220.0,15.0
default,mode_cell_19,631418,4.0,0.004895960832313341,4.0,813.0,4.0,817.0,-1.0
default,mode_cell_19,631419,1.0,0.0010245901639344263,1.0,975.0,1.0,976.0,2.0
default,mode_cell_19,631420,2.0,0.0025940337224383916,2.0,769.0,-2.0,771.0,3.0
default,mode_cell_19,631421,7.0,0.007238883143743537,7.0,960.0,7.0,967.0,5.0
default,mode_cell_19,631422,3.0,0.0036991368680641184,3.0,808.0,3.0,811.0,2.0
default,mode_cell_19,631423,3.0,0.003257328990228013,3.0,918.0,3.0,921.0,5.0
default,mode_cell_19,631424,1.0,0.0012658227848101266,1.0,789.0,-1.0,790.0,6.0
default,mode_cell_19,631425,3.0,0.003131524008350731,3.0,955.0,3.0,958.0,1.0
default,mode_cell_19,631426,4.0,0.004081632653061225,4.0,976.0,4.0,980.0,8.0
default,mode_cell_19,631427,4.0,0.004395604395604396,4.0,906.0,4.0,910.0,2.0
default,mode_cell_19,631428,4.0,0.0029498525073746312,4.0,1352.0,4.0,1356.0,9.0
default,mode_cell_19,631429,5.0,0.004721435316336166,5.0,1054.0,5.0,1059.0,11.0
default,mode_cell_19,631430,2.0,0.002150537634408602,2.0,928.0,-2.0,930.0,-8.0
default,mode_cell_20,631401,7.0,0.009776536312849162,7.0,709.0,-7.0,716.0,-1.0
default,mode_cell_20,631402,0.0,0.0,0.0,876.0,0.0,876.0,-15.0
default,mode_cell_20,631403,7.0,0.009079118028534372,7.0,764.0,7.0,771.0,3.0
default,mode_cell_20,631404,1.0,0.0016025641025641025,1.0,623.0,-1.0,624.0,1.0
default,mode_cell_20,631405,1.0,0.0015337423312883436,1.0,651.0,1.0,652.0,-1.0
default,mode_cell_20,631406,2.0,0.0024783147459727386,2.0,805.0,2.0,807.0,13.0
default,mode_cell_20,631407,6.0,0.008733624454148471,6.0,681.0,-6.0,687.0,1.0
default,mode_cell_20,631408,2.0,0.002150537634408602,2.0,928.0,-2.0,930.0,-17.0
default,mode_cell_20,631409,5.0,0.007267441860465116,5.0,683.0,-5.0,688.0,9.0
default,mode_cell_20,631410,4.0,0.005763688760806916,4.0,690.0,4.0,694.0,-3.0
default,mode_cell_20,631411,4.0,0.0057553956834532375,4.0,691.0,4.0,695.0,4.0
default,mode_cell_20,631412,8.0,0.011049723756906077,8.0,716.0,8.0,724.0,6.0
default,mode_cell_20,631413,0.0,0.0,0.0,891.0,0.0,891.0,-2.0
default,mode_cell_20,631414,9.0,0.00897308075772682,9.0,994.0,9.0,1003.0,-3.0
default,mode_cell_20,631415,5.0,0.005656108597285068,5.0,879.0,-5.0,884.0,3.0
default,mode_cell_20,631416,3.0,0.004709576138147566,3.0,634.0,-3.0,637.0,4.0
default,mode_cell_20,631417,9.0,0.012640449438202247,9.0,703.0,9.0,712.0,2.0
default,mode_cell_20,631418,1.0,0.0010845986984815619,1.0,921.0,-1.0,922.0,2.0
default,mode_cell_20,631419,7.0,0.0110062893081761,7.0,629.0,7.0,636.0,-2.0
default,mode_cell_20,631420,4.0,0.0058823529411764705,4.0,676.0,4.0,680.0,-2.0
default,mode_cell_20,631421,1.0,0.0014245014245014246,1.0,701.0,1.0,702.0,-4.0
default,mode_cell_20,631422,10.0,0.013869625520110958,10.0,711.0,10.0,721.0,-6.0
default,mode_cell_20,631423,2.0,0.0034423407917383822,2.0,579.0,-2.0,581.0,1.0
default,mode_cell_20,631424,6.0,0.0070838252656434475,6.0,841.0,-6.0,847.0,-8.0
default,mode_cell_20,631425,9.0,0.014040561622464899,9.0,632.0,-9.0,641.0,-5.0
default,mode_cell_20,631426,3.0,0.005,3.0,597.0,-3.0,600.0,2.0
default,mode_cell_20,631427,3.0,0.0038363171355498722,3.0,779.0,3.0,782.0,10.0
default,mode_cell_20,631428,1.0,0.0010660980810234541,1.0,937.0,1.0,938.0,6.0
default,mode_cell_20,631429,4.0,0.006033182503770739,4.0,659.0,-4.0,663.0,-7.0
default,mode_cell_20,631430,2.0,0.002544529262086514,2.0,784.0,-2.0,786.0,-9.0
default,mode_cell_21,631401,0.0,,0.0,0.0,0.0,0.0,0.0
default,mode_cell_21,631402,0.0,,0.0,0.0,0.0,0.0,0.0
default,mode_cell_21,631403,0.0,,0.0,0.0,0.0,0.0,0.0
default,mode_cell_21,631404,0.0,,0.0,0.0,0.0,0.0,0.0
default,mode_cell_21,631405,0.0,,0.0,0.0,0.0,0.0,0.0
default,mode_cell_21,631406,0.0,,0.0,0.0,0.0,0.0,0.0
default,mode_cell_21,631407,0.0,,0.0,0.0,0.0,0.0,0.0
default,mode_cell_21,631408,0.0,,0.0,0.0,0.0,0.0,0.0
default,mode_cell_21,631409,0.0,,0.0,0.0,0.0,0.0,0.0
default,mode_cell_21,631410,0.0,,0.0,0.0,0.0,0.0,0.0
default,mode_cell_21,631411,0.0,,0.0,0.0,0.0,0.0,0.0
default,mode_cell_21,631412,0.0,,0.0,0.0,0.0,0.0,0.0
default,mode_cell_21,631413,0.0,,0.0,0.0,0.0,0.0,0.0
default,mode_cell_21,631414,0.0,,0.0,0.0,0.0,0.0,0.0
default,mode_cell_21,631415,0.0,,0.0,0.0,0.0,0.0,0.0
default,mode_cell_21,631416,0.0,,0.0,0.0,0.0,0.0,0.0
default,mode_cell_21,631417,0.0,,0.0,0.0,0.0,0.0,0.0
default,mode_cell_21,631418,0.0,,0.0,0.0,0.0,0.0,0.0
default,mode_cell_21,631419,0.0,,0.0,0.0,0.0,0.0,0.0
default,mode_cell_21,631420,0.0,,0.0,0.0,0.0,0.0,0.0
default,mode_cell_21,631421,0.0,,0.0,0.0,0.0,0.0,0.0
default,mode_cell_21,631422,0.0,,0.0,0.0,0.0,0.0,0.0
default,mode_cell_21,631423,0.0,,0.0,0.0,0.0,0.0,0.0
default,mode_cell_21,631424,0.0,,0.0,0.0,0.0,0.0,0.0
default,mode_cell_21,631425,0.0,,0.0,0.0,0.0,0.0,0.0
default,mode_cell_21,631426,0.0,,0.0,0.0,0.0,0.0,0.0
default,mode_cell_21,631427,0.0,,0.0,0.0,0.0,0.0,0.0
default,mode_cell_21,631428,0.0,,0.0,0.0,0.0,0.0,0.0
default,mode_cell_21,631429,0.0,,0.0,0.0,0.0,0.0,0.0
default,mode_cell_21,631430,0.0,,0.0,0.0,0.0,0.0,0.0
default,mode_cell_22,631401,0.0,,0.0,0.0,0.0,0.0,0.0
default,mode_cell_22,631402,0.0,,0.0,0.0,0.0,0.0,0.0
default,mode_cell_22,631403,0.0,,0.0,0.0,0.0,0.0,0.0
default,mode_cell_22,631404,0.0,,0.0,0.0,0.0,0.0,0.0
default,mode_cell_22,631405,0.0,,0.0,0.0,0.0,0.0,0.0
default,mode_cell_22,631406,0.0,,0.0,0.0,0.0,0.0,0.0
default,mode_cell_22,631407,0.0,,0.0,0.0,0.0,0.0,0.0
default,mode_cell_22,631408,0.0,,0.0,0.0,0.0,0.0,0.0
default,mode_cell_22,631409,0.0,,0.0,0.0,0.0,0.0,0.0
default,mode_cell_22,631410,0.0,,0.0,0.0,0.0,0.0,0.0
default,mode_cell_22,631411,0.0,,0.0,0.0,0.0,0.0,0.0
default,mode_cell_22,631412,0.0,,0.0,0.0,0.0,0.0,0.0
default,mode_cell_22,631413,0.0,,0.0,0.0,0.0,0.0,0.0
default,mode_cell_22,631414,0.0,,0.0,0.0,0.0,0.0,0.0
default,mode_cell_22,631415,0.0,,0.0,0.0,0.0,0.0,0.0
default,mode_cell_22,631416,0.0,,0.0,0.0,0.0,0.0,0.0
default,mode_cell_22,631417,0.0,,0.0,0.0,0.0,0.0,0.0
default,mode_cell_22,631418,0.0,,0.0,0.0,0.0,0.0,0.0
default,mode_cell_22,631419,0.0,,0.0,0.0,0.0,0.0,0.0
default,mode_cell_22,631420,0.0,,0.0,0.0,0.0,0.0,0.0
default,mode_cell_22,631421,0.0,,0.0,0.0,0.0,0.0,0.0
default,mode_cell_22,631422,0.0,,0.0,0.0,0.0,0.0,0.0
default,mode_cell_22,631423,0.0,,0.0,0.0,0.0,0.0,0.0
default,mode_cell_22,631424,0.0,,0.0,0.0,0.0,0.0,0.0
default,mode_cell_22,631425,0.0,,0.0,0.0,0.0,0.0,0.0
default,mode_cell_22,631426,0.0,,0.0,0.0,0.0,0.0,0.0
default,mode_cell_22,631427,0.0,,0.0,0.0,0.0,0.0,0.0
default,mode_cell_22,631428,0.0,,0.0,0.0,0.0,0.0,0.0
default,mode_cell_22,631429,0.0,,0.0,0.0,0.0,0.0,0.0
default,mode_cell_22,631430,0.0,,0.0,0.0,0.0,0.0,0.0
default,mode_cell_23,631401,0.0,,0.0,0.0,0.0,0.0,0.0
default,mode_cell_23,631402,0.0,,0.0,0.0,0.0,0.0,0.0
default,mode_cell_23,631403,0.0,,0.0,0.0,0.0,0.0,0.0
default,mode_cell_23,631404,0.0,,0.0,0.0,0.0,0.0,0.0
default,mode_cell_23,631405,0.0,,0.0,0.0,0.0,0.0,0.0
default,mode_cell_23,631406,0.0,,0.0,0.0,0.0,0.0,0.0
default,mode_cell_23,631407,0.0,,0.0,0.0,0.0,0.0,0.0
default,mode_cell_23,631408,0.0,,0.0,0.0,0.0,0.0,0.0
default,mode_cell_23,631409,0.0,,0.0,0.0,0.0,0.0,0.0
default,mode_cell_23,631410,0.0,,0.0,0.0,0.0,0.0,0.0
default,mode_cell_23,631411,0.0,,0.0,0.0,0.0,0.0,0.0
default,mode_cell_23,631412,0.0,,0.0,0.0,0.0,0.0,0.0
default,mode_cell_23,631413,0.0,,0.0,0.0,0.0,0.0,0.0
default,mode_cell_23,631414,0.0,,0.0,0.0,0.0,0.0,0.0
default,mode_cell_23,631415,0.0,,0.0,0.0,0.0,0.0,0.0
default,mode_cell_23,631416,0.0,,0.0,0.0,0.0,0.0,0.0
default,mode_cell_23,631417,0.0,,0.0,0.0,0.0,0.0,0.0
default,mode_cell_23,631418,0.0,,0.0,0.0,0.0,0.0,0.0
default,mode_cell_23,631419,0.0,,0.0,0.0,0.0,0.0,0.0
default,mode_cell_23,631420,0.0,,0.0,0.0,0.0,0.0,0.0
default,mode_cell_23,631421,0.0,,0.0,0.0,0.0,0.0,0.0
default,mode_cell_23,631422,0.0,,0.0,0.0,0.0,0.0,0.0
default,mode_cell_23,631423,0.0,,0.0,0.0,0.0,0.0,0.0
default,mode_cell_23,631424,0.0,,0.0,0.0,0.0,0.0,0.0
default,mode_cell_23,631425,0.0,,0.0,0.0,0.0,0.0,0.0
default,mode_cell_23,631426,0.0,,0.0,0.0,0.0,0.0,0.0
default,mode_cell_23,631427,0.0,,0.0,0.0,0.0,0.0,0.0
default,mode_cell_23,631428,0.0,,0.0,0.0,0.0,0.0,0.0
default,mode_cell_23,631429,0.0,,0.0,0.0,0.0,0.0,0.0
default,mode_cell_23,631430,0.0,,0.0,0.0,0.0,0.0,0.0
default,mode_cell_24,631401,15.0,0.006080259424402107,15.0,2452.0,-15.0,2467.0,-33.0
default,mode_cell_24,631402,2.0,0.0007964954201513341,2.0,2509.0,-2.0,2511.0,-21.0
default,mode_cell_24,631403,10.0,0.004701457451810061,10.0,2117.0,-10.0,2127.0,-21.0
default,mode_cell_24,631404,4.0,0.001990049751243781,4.0,2006.0,-4.0,2010.0,-27.0
default,mode_cell_24,631405,5.0,0.002886836027713626,5.0,1727.0,-5.0,1732.0,-21.0
default,mode_cell_24,631406,2.0,0.0009876543209876543,2.0,2023.0,-2.0,2025.0,-15.0
default,mode_cell_24,631407,5.0,0.002319109461966605,5.0,2151.0,-5.0,2156.0,-27.0
default,mode_cell_24,631408,15.0,0.006440532417346501,15.0,2314.0,-15.0,2329.0,-36.0
default,mode_cell_24,631409,1.0,0.00048262548262548264,1.0,2071.0,1.0,2072.0,-16.0
default,mode_cell_24,631410,9.0,0.004281636536631779,9.0,2093.0,-9.0,2102.0,-25.0
default,mode_cell_24,631411,8.0,0.003256003256003256,8.0,2449.0,-8.0,2457.0,-37.0
default,mode_cell_24,631412,5.0,0.002035002035002035,5.0,2452.0,-5.0,2457.0,-31.0
default,mode_cell_24,631413,0.0,0.0,0.0,1918.0,0.0,1918.0,-18.0
default,mode_cell_24,631414,8.0,0.003968253968253968,8.0,2008.0,-8.0,2016.0,-26.0
default,mode_cell_24,631415,12.0,0.00424929178470255,12.0,2812.0,-12.0,2824.0,-33.0
default,mode_cell_24,631416,6.0,0.0030105368790767687,6.0,1987.0,-6.0,1993.0,-13.0
default,mode_cell_24,631417,7.0,0.0035052578868302454,7.0,1990.0,-7.0,1997.0,-22.0
default,mode_cell_24,631418,8.0,0.0037122969837587007,8.0,2147.0,-8.0,2155.0,-25.0
default,mode_cell_24,631419,10.0,0.004297378599054577,10.0,2317.0,-10.0,2327.0,-35.0
default,mode_cell_24,631420,11.0,0.005087881591119334,11.0,2151.0,-11.0,2162.0,-26.0
default,mode_cell_24,631421,0.0,0.0,0.0,2181.0,0.0,2181.0,-22.0
default,mode_cell_24,631422,3.0,0.0015353121801432957,3.0,1951.0,-3.0,1954.0,-27.0
default,mode_cell_24,631423,8.0,0.00338409475465313,8.0,2356.0,-8.0,2364.0,-27.0
default,mode_cell_24,631424,2.0,0.0010770059235325794,2.0,1855.0,2.0,1857.0,-27.0
default,mode_cell_24,631425,7.0,0.003937007874015748,7.0,1771.0,-7.0,1778.0,-23.0
default,mode_cell_24,631426,1.0,0.0005491488193300384,1.0,1820.0,1.0,1821.0,-20.0
default,mode_cell_24,631427,7.0,0.003993154592127781,7.0,1746.0,-7.0,1753.0,-26.0
default,mode_cell_24,631428,5.0,0.0029394473838918285,5.0,1696.0,-5.0,1701.0,-23.0
default,mode_cell_24,631429,6.0,0.0028462998102466793,6.0,2102.0,-6.0,2108.0,-25.0
default,mode_cell_24,631430,8.0,0.003676470588235294,8.0,2168.0,-8.0,2176.0,-32.0
default,mode_cell_25,631401,1.0,0.001644736842105263,1.0,607.0,-1.0,608.0,7.0
default,mode_cell_25,631402,7.0,0.006930693069306931,7.0,1003.0,-7.0,1010.0,-6.0
default,mode_cell_25,631403,1.0,0.0012106537530266344,1.0,825.0,1.0,826.0,-5.0
default,mode_cell_25,631404,1.0,0.0015432098765432098,1.0,647.0,-1.0,648.0,-4.0
default,mode_cell_25,631405,2.0,0.00333889816360601,2.0,597.0,2.0,599.0,-5.0
default,mode_cell_25,631406,4.0,0.005312084993359893,4.0,749.0,4.0,753.0,10.0
default,mode_cell_25,631407,8.0,0.010624169986719787,8.0,745.0,-8.0,753.0,-12.0
default,mode_cell_25,631408,2.0,0.0022650056625141564,2.0,881.0,-2.0,883.0,-9.0
default,mode_cell_25,631409,4.0,0.0040650406504065045,4.0,980.0,-4.0,984.0,12.0
default,mode_cell_25,631410,2.0,0.0029542097488921715,2.0,675.0,-2.0,677.0,-1.0
default,mode_cell_25,631411,3.0,0.004291845493562232,3.0,696.0,-3.0,699.0,0.0
default,mode_cell_25,631412,7.0,0.010043041606886656,7.0,690.0,7.0,697.0,-6.0
default,mode_cell_25,631413,5.0,0.007751937984496124,5.0,640.0,-5.0,645.0,0.0
default,mode_cell_25,631414,5.0,0.0057670126874279125,5.0,862.0,5.0,867.0,-2.0
default,mode_cell_25,631415,1.0,0.0011148272017837235,1.0,896.0,-1.0,897.0,-4.0
default,mode_cell_25,631416,3.0,0.0034562211981566822,3.0,865.0,3.0,868.0,-8.0
default,mode_cell_25,631417,1.0,0.001272264631043257,1.0,785.0,-1.0,786.0,10.0
default,mode_cell_25,631418,1.0,0.0017985611510791368,1.0,555.0,1.0,556.0,2.0
default,mode_cell_25,631419,1.0,0.0011723329425556857,1.0,852.0,1.0,853.0,-2.0
default,mode_cell_25,631420,2.0,0.002890173410404624,2.0,690.0,-2.0,692.0,4.0
default,mode_cell_25,631421,2.0,0.00258732212160414,2.0,771.0,2.0,773.0,5.0
default,mode_cell_25,631422,1.0,0.0012091898428053204,1.0,826.0,1.0,827.0,-1.0
default,mode_cell_25,631423,1.0,0.0016806722689075631,1.0,594.0,-1.0,595.0,-2.0
default,mode_cell_25,631424,5.0,0.00847457627118644,5.0,585.0,5.0,590.0,-4.0
default,mode_cell_25,631425,0.0,0.0,0.0,621.0,0.0,621.0,1.0
default,mode_cell_25,631426,0.0,0.0,0.0,721.0,0.0,721.0,7.0
default,mode_cell_25,631427,0.0,0.0,0.0,939.0,0.0,939.0,11.0
default,mode_cell_25,631428,1.0,0.0011248593925759281,1.0,888.0,1.0,889.0,5.0
default,mode_cell_25,631429,2.0,0.0031496062992125984,2.0,633.0,-2.0,635.0,1.0
default,mode_cell_25,631430,2.0,0.0033003300330033004,2.0,604.0,-2.0,606.0,-9.0
default,mode_cell_26,631401,0.0,,0.0,0.0,0.0,0.0,0.0
default,mode_cell_26,631402,0.0,,0.0,0.0,0.0,0.0,0.0
default,mode_cell_26,631403,0.0,,0.0,0.0,0.0,0.0,0.0
default,mode_cell_26,631404,0.0,,0.0,0.0,0.0,0.0,0.0
default,mode_cell_26,631405,0.0,,0.0,0.0,0.0,0.0,0.0
default,mode_cell_26,631406,0.0,,0.0,0.0,0.0,0.0,0.0
default,mode_cell_26,631407,0.0,,0.0,0.0,0.0,0.0,0.0
default,mode_cell_26,631408,0.0,,0.0,0.0,0.0,0.0,0.0
default,mode_cell_26,631409,0.0,,0.0,0.0,0.0,0.0,0.0
default,mode_cell_26,631410,0.0,,0.0,0.0,0.0,0.0,0.0
default,mode_cell_26,631411,0.0,,0.0,0.0,0.0,0.0,0.0
default,mode_cell_26,631412,0.0,,0.0,0.0,0.0,0.0,0.0
default,mode_cell_26,631413,0.0,,0.0,0.0,0.0,0.0,0.0
default,mode_cell_26,631414,0.0,,0.0,0.0,0.0,0.0,0.0
default,mode_cell_26,631415,0.0,,0.0,0.0,0.0,0.0,0.0
default,mode_cell_26,631416,0.0,,0.0,0.0,0.0,0.0,0.0
default,mode_cell_26,631417,0.0,,0.0,0.0,0.0,0.0,0.0
default,mode_cell_26,631418,0.0,,0.0,0.0,0.0,0.0,0.0
default,mode_cell_26,631419,0.0,,0.0,0.0,0.0,0.0,0.0
default,mode_cell_26,631420,0.0,,0.0,0.0,0.0,0.0,0.0
default,mode_cell_26,631421,0.0,,0.0,0.0,0.0,0.0,0.0
default,mode_cell_26,631422,0.0,,0.0,0.0,0.0,0.0,0.0
default,mode_cell_26,631423,0.0,,0.0,0.0,0.0,0.0,0.0
default,mode_cell_26,631424,0.0,,0.0,0.0,0.0,0.0,0.0
default,mode_cell_26,631425,0.0,,0.0,0.0,0.0,0.0,0.0
default,mode_cell_26,631426,0.0,,0.0,0.0,0.0,0.0,0.0
default,mode_cell_26,631427,0.0,,0.0,0.0,0.0,0.0,0.0
default,mode_cell_26,631428,0.0,,0.0,0.0,0.0,0.0,0.0
default,mode_cell_26,631429,0.0,,0.0,0.0,0.0,0.0,0.0
default,mode_cell_26,631430,0.0,,0.0,0.0,0.0,0.0,0.0
default,mode_cell_27,631401,0.0,,0.0,0.0,0.0,0.0,0.0
default,mode_cell_27,631402,0.0,,0.0,0.0,0.0,0.0,0.0
default,mode_cell_27,631403,0.0,,0.0,0.0,0.0,0.0,0.0
default,mode_cell_27,631404,0.0,,0.0,0.0,0.0,0.0,0.0
default,mode_cell_27,631405,0.0,,0.0,0.0,0.0,0.0,0.0
default,mode_cell_27,631406,0.0,,0.0,0.0,0.0,0.0,0.0
default,mode_cell_27,631407,0.0,,0.0,0.0,0.0,0.0,0.0
default,mode_cell_27,631408,0.0,,0.0,0.0,0.0,0.0,0.0
default,mode_cell_27,631409,0.0,,0.0,0.0,0.0,0.0,0.0
default,mode_cell_27,631410,0.0,,0.0,0.0,0.0,0.0,0.0
default,mode_cell_27,631411,0.0,,0.0,0.0,0.0,0.0,0.0
default,mode_cell_27,631412,0.0,,0.0,0.0,0.0,0.0,0.0
default,mode_cell_27,631413,0.0,,0.0,0.0,0.0,0.0,0.0
default,mode_cell_27,631414,0.0,,0.0,0.0,0.0,0.0,0.0
default,mode_cell_27,631415,0.0,,0.0,0.0,0.0,0.0,0.0
default,mode_cell_27,631416,0.0,,0.0,0.0,0.0,0.0,0.0
default,mode_cell_27,631417,0.0,,0.0,0.0,0.0,0.0,0.0
default,mode_cell_27,631418,0.0,,0.0,0.0,0.0,0.0,0.0
default,mode_cell_27,631419,0.0,,0.0,0.0,0.0,0.0,0.0
default,mode_cell_27,631420,0.0,,0.0,0.0,0.0,0.0,0.0
default,mode_cell_27,631421,0.0,,0.0,0.0,0.0,0.0,0.0
default,mode_cell_27,631422,0.0,,0.0,0.0,0.0,0.0,0.0
default,mode_cell_27,631423,0.0,,0.0,0.0,0.0,0.0,0.0
default,mode_cell_27,631424,0.0,,0.0,0.0,0.0,0.0,0.0
default,mode_cell_27,631425,0.0,,0.0,0.0,0.0,0.0,0.0
default,mode_cell_27,631426,0.0,,0.0,0.0,0.0,0.0,0.0
default,mode_cell_27,631427,0.0,,0.0,0.0,0.0,0.0,0.0
default,mode_cell_27,631428,0.0,,0.0,0.0,0.0,0.0,0.0
default,mode_cell_27,631429,0.0,,0.0,0.0,0.0,0.0,0.0
default,mode_cell_27,631430,0.0,,0.0,0.0,0.0,0.0,0.0
default,mode_cell_28,631401,0.0,,0.0,0.0,0.0,0.0,0.0
default,mode_cell_28,631402,0.0,,0.0,0.0,0.0,0.0,0.0
default,mode_cell_28,631403,0.0,,0.0,0.0,0.0,0.0,0.0
default,mode_cell_28,631404,0.0,,0.0,0.0,0.0,0.0,0.0
default,mode_cell_28,631405,0.0,,0.0,0.0,0.0,0.0,0.0
default,mode_cell_28,631406,0.0,,0.0,0.0,0.0,0.0,0.0
default,mode_cell_28,631407,0.0,,0.0,0.0,0.0,0.0,0.0
default,mode_cell_28,631408,0.0,,0.0,0.0,0.0,0.0,0.0
default,mode_cell_28,631409,0.0,,0.0,0.0,0.0,0.0,0.0
default,mode_cell_28,631410,0.0,,0.0,0.0,0.0,0.0,0.0
default,mode_cell_28,631411,0.0,,0.0,0.0,0.0,0.0,0.0
default,mode_cell_28,631412,0.0,,0.0,0.0,0.0,0.0,0.0
default,mode_cell_28,631413,0.0,,0.0,0.0,0.0,0.0,0.0
default,mode_cell_28,631414,0.0,,0.0,0.0,0.0,0.0,0.0
default,mode_cell_28,631415,0.0,,0.0,0.0,0.0,0.0,0.0
default,mode_cell_28,631416,0.0,,0.0,0.0,0.0,0.0,0.0
default,mode_cell_28,631417,0.0,,0.0,0.0,0.0,0.0,0.0
default,mode_cell_28,631418,0.0,,0.0,0.0,0.0,0.0,0.0
default,mode_cell_28,631419,0.0,,0.0,0.0,0.0,0.0,0.0
default,mode_cell_28,631420,0.0,,0.0,0.0,0.0,0.0,0.0
default,mode_cell_28,631421,0.0,,0.0,0.0,0.0,0.0,0.0
default,mode_cell_28,631422,0.0,,0.0,0.0,0.0,0.0,0.0
default,mode_cell_28,631423,0.0,,0.0,0.0,0.0,0.0,0.0
default,mode_cell_28,631424,0.0,,0.0,0.0,0.0,0.0,0.0
default,mode_cell_28,631425,0.0,,0.0,0.0,0.0,0.0,0.0
default,mode_cell_28,631426,0.0,,0.0,0.0,0.0,0.0,0.0
default,mode_cell_28,631427,0.0,,0.0,0.0,0.0,0.0,0.0
default,mode_cell_28,631428,0.0,,0.0,0.0,0.0,0.0,0.0
default,mode_cell_28,631429,0.0,,0.0,0.0,0.0,0.0,0.0
default,mode_cell_28,631430,0.0,,0.0,0.0,0.0,0.0,0.0
default,mode_cell_29,631401,0.0,,0.0,0.0,0.0,0.0,0.0
default,mode_cell_29,631402,0.0,,0.0,0.0,0.0,0.0,0.0
default,mode_cell_29,631403,0.0,,0.0,0.0,0.0,0.0,0.0
default,mode_cell_29,631404,0.0,,0.0,0.0,0.0,0.0,0.0
default,mode_cell_29,631405,0.0,,0.0,0.0,0.0,0.0,0.0
default,mode_cell_29,631406,0.0,,0.0,0.0,0.0,0.0,0.0
default,mode_cell_29,631407,0.0,,0.0,0.0,0.0,0.0,0.0
default,mode_cell_29,631408,0.0,,0.0,0.0,0.0,0.0,0.0
default,mode_cell_29,631409,0.0,,0.0,0.0,0.0,0.0,0.0
default,mode_cell_29,631410,0.0,,0.0,0.0,0.0,0.0,0.0
default,mode_cell_29,631411,0.0,,0.0,0.0,0.0,0.0,0.0
default,mode_cell_29,631412,0.0,,0.0,0.0,0.0,0.0,0.0
default,mode_cell_29,631413,0.0,,0.0,0.0,0.0,0.0,0.0
default,mode_cell_29,631414,0.0,,0.0,0.0,0.0,0.0,0.0
default,mode_cell_29,631415,0.0,,0.0,0.0,0.0,0.0,0.0
default,mode_cell_29,631416,0.0,,0.0,0.0,0.0,0.0,0.0
default,mode_cell_29,631417,0.0,,0.0,0.0,0.0,0.0,0.0
default,mode_cell_29,631418,0.0,,0.0,0.0,0.0,0.0,0.0
default,mode_cell_29,631419,0.0,,0.0,0.0,0.0,0.0,0.0
default,mode_cell_29,631420,0.0,,0.0,0.0,0.0,0.0,0.0
default,mode_cell_29,631421,0.0,,0.0,0.0,0.0,0.0,0.0
default,mode_cell_29,631422,0.0,,0.0,0.0,0.0,0.0,0.0
default,mode_cell_29,631423,0.0,,0.0,0.0,0.0,0.0,0.0
default,mode_cell_29,631424,0.0,,0.0,0.0,0.0,0.0,0.0
default,mode_cell_29,631425,0.0,,0.0,0.0,0.0,0.0,0.0
default,mode_cell_29,631426,0.0,,0.0,0.0,0.0,0.0,0.0
default,mode_cell_29,631427,0.0,,0.0,0.0,0.0,0.0,0.0
default,mode_cell_29,631428,0.0,,0.0,0.0,0.0,0.0,0.0
default,mode_cell_29,631429,0.0,,0.0,0.0,0.0,0.0,0.0
default,mode_cell_29,631430,0.0,,0.0,0.0,0.0,0.0,0.0
default,mode_cell_30,631401,1.0,0.001736111111111111,1.0,575.0,1.0,576.0,8.0
default,mode_cell_30,631402,0.0,0.0,0.0,672.0,0.0,672.0,-8.0
default,mode_cell_30,631403,5.0,0.007183908045977011,5.0,691.0,-5.0,696.0,2.0
default,mode_cell_30,631404,1.0,0.0018248175182481751,1.0,547.0,-1.0,548.0,-2.0
default,mode_cell_30,631405,7.0,0.007900677200902935,7.0,879.0,7.0,886.0,8.0
default,mode_cell_30,631406,3.0,0.0045045045045045045,3.0,663.0,3.0,666.0,8.0
default,mode_cell_30,631407,2.0,0.002967359050445104,2.0,672.0,2.0,674.0,-10.0
default,mode_cell_30,631408,5.0,0.006165228113440197,5.0,806.0,5.0,811.0,-8.0
default,mode_cell_30,631409,1.0,0.0009765625,1.0,1023.0,1.0,1024.0,20.0
default,mode_cell_30,631410,0.0,0.0,0.0,710.0,0.0,710.0,-2.0
default,mode_cell_30,631411,1.0,0.0016207455429497568,1.0,616.0,-1.0,617.0,-3.0
default,mode_cell_30,631412,2.0,0.0031545741324921135,2.0,632.0,-2.0,634.0,-7.0
default,mode_cell_30,631413,0.0,0.0,0.0,819.0,0.0,819.0,-1.0
default,mode_cell_30,631414,4.0,0.005934718100890208,4.0,670.0,4.0,674.0,0.0
default,mode_cell_30,631415,4.0,0.005025125628140704,4.0,792.0,4.0,796.0,1.0
default,mode_cell_30,631416,2.0,0.0024125452352231603,2.0,827.0,2.0,829.0,2.0
default,mode_cell_30,631417,7.0,0.00857843137254902,7.0,809.0,7.0,816.0,11.0
default,mode_cell_30,631418,6.0,0.008534850640113799,6.0,697.0,6.0,703.0,-1.0
default,mode_cell_30,631419,1.0,0.001358695652173913,1.0,735.0,1.0,736.0,-1.0
default,mode_cell_30,631420,5.0,0.00825082508250825,5.0,601.0,-5.0,606.0,1.0
default,mode_cell_30,631421,3.0,0.004043126684636119,3.0,739.0,3.0,742.0,-9.0
default,mode_cell_30,631422,0.0,0.0,0.0,973.0,0.0,973.0,-14.0
default,mode_cell_30,631423,3.0,0.0046801872074883,3.0,638.0,3.0,641.0,9.0
default,mode_cell_30,631424,1.0,0.0017761989342806395,1.0,562.0,-1.0,563.0,0.0
default,mode_cell_30,631425,6.0,0.007142857142857143,6.0,834.0,6.0,840.0,2.0
default,mode_cell_30,631426,7.0,0.01129032258064516,7.0,613.0,-7.0,620.0,1.0
default,mode_cell_30,631427,3.0,0.002806361085126286,3.0,1066.0,-3.0,1069.0,6.0
default,mode_cell_30,631428,1.0,0.0014792899408284023,1.0,675.0,1.0,676.0,2.0
default,mode_cell_30,631429,1.0,0.0012004801920768306,1.0,832.0,1.0,833.0,-3.0
default,mode_cell_30,631430,7.0,0.012237762237762238,7.0,565.0,7.0,572.0,-4.0
default,mode_cell_31,631401,2.0,0.002457002457002457,2.0,812.0,-2.0,814.0,-4.0
default,mode_cell_31,631402,3.0,0.003246753246753247,3.0,921.0,-3.0,924.0,-12.0
default,mode_cell_31,631403,3.0,0.003676470588235294,3.0,813.0,3.0,816.0,1.0
default,mode_cell_31,631404,7.0,0.010174418604651164,7.0,681.0,7.0,688.0,-3.0
default,mode_cell_31,631405,5.0,0.007331378299120235,5.0,677.0,5.0,682.0,-5.0
default,mode_cell_31,631406,4.0,0.005979073243647235,4.0,665.0,-4.0,669.0,8.0
default,mode_cell_31,631407,2.0,0.003169572107765452,2.0,629.0,2.0,631.0,4.0
default,mode_cell_31,631408,1.0,0.00130718954248366,1.0,764.0,1.0,765.0,0.0
default,mode_cell_31,631409,1.0,0.0010964912280701754,1.0,911.0,1.0,912.0,13.0
default,mode_cell_31,631410,2.0,0.0033333333333333335,2.0,598.0,-2.0,600.0,4.0
default,mode_cell_31,631411,7.0,0.008641975308641974,7.0,803.0,-7.0,810.0,-5.0
default,mode_cell_31,631412,0.0,0.0,0.0,620.0,0.0,620.0,-2.0
default,mode_cell_31,631413,7.0,0.008206330597889801,7.0,846.0,-7.0,853.0,-3.0
default,mode_cell_31,631414,6.0,0.009819967266775777,6.0,605.0,6.0,611.0,-1.0
default,mode_cell_31,631415,2.0,0.0024330900243309003,2.0,820.0,2.0,822.0,7.0
default,mode_cell_31,631416,2.0,0.002380952380952381,2.0,838.0,2.0,840.0,-2.0
default,mode_cell_31,631417,4.0,0.005509641873278237,4.0,722.0,-4.0,726.0,13.0
default,mode_cell_31,631418,4.0,0.006920415224913495,4.0,574.0,-4.0,578.0,-4.0
default,mode_cell_31,631419,1.0,0.0014727540500736377,1.0,678.0,-1.0,679.0,5.0
default,mode_cell_31,631420,3.0,0.00340522133938706,3.0,878.0,-3.0,881.0,0.0
default,mode_cell_31,631421,1.0,0.001221001221001221,1.0,818.0,1.0,819.0,2.0
default,mode_cell_31,631422,1.0,0.00130718954248366,1.0,764.0,1.0,765.0,-9.0
default,mode_cell_31,631423,3.0,0.004076086956521739,3.0,733.0,-3.0,736.0,-2.0
default,mode_cell_31,631424,5.0,0.006756756756756757,5.0,735.0,-5.0,740.0,-4.0
default,mode_cell_31,631425,0.0,0.0,0.0,513.0,0.0,513.0,9.0
default,mode_cell_31,631426,2.0,0.0028129395218002813,2.0,709.0,2.0,711.0,6.0
default,mode_cell_31,631427,7.0,0.0073145245559038665,7.0,950.0,7.0,957.0,5.0
default,mode_cell_31,631428,5.0,0.006402048655569782,5.0,776.0,5.0,781.0,4.0
default,mode_cell_31,631429,2.0,0.002777777777777778,2.0,718.0,2.0,720.0,-1.0
default,mode_cell_31,631430,6.0,0.009900990099009901,6.0,600.0,-6.0,606.0,-3.0
default,mode_cell_32,631401,5.0,0.00764525993883792,5.0,649.0,-5.0,654.0,2.0
default,mode_cell_32,631402,5.0,0.006666666666666667,5.0,745.0,5.0,750.0,-5.0
default,mode_cell_32,631403,5.0,0.005636978579481398,5.0,882.0,-5.0,887.0,-5.0
default,mode_cell_32,631404,1.0,0.0014705882352941176,1.0,679.0,1.0,680.0,-9.0
default,mode_cell_32,631405,2.0,0.003134796238244514,2.0,636.0,-2.0,638.0,1.0
default,mode_cell_32,631406,4.0,0.006309148264984227,4.0,630.0,-4.0,634.0,3.0
default,mode_cell_32,631407,1.0,0.0017761989342806395,1.0,562.0,1.0,563.0,-5.0
default,mode_cell_32,631408,4.0,0.004530011325028313,4.0,879.0,4.0,883.0,-11.0
default,mode_cell_32,631409,2.0,0.0036101083032490976,2.0,552.0,-2.0,554.0,1.0
default,mode_cell_32,631410,0.0,0.0,0.0,706.0,0.0,706.0,6.0
default,mode_cell_32,631411,3.0,0.005025125628140704,3.0,594.0,3.0,597.0,-9.0
default,mode_cell_32,631412,1.0,0.001524390243902439,1.0,655.0,-1.0,656.0,0.0
default,mode_cell_32,631413,3.0,0.004070556309362279,3.0,734.0,3.0,737.0,2.0
default,mode_cell_32,631414,1.0,0.0015432098765432098,1.0,647.0,1.0,648.0,2.0
default,mode_cell_32,631415,4.0,0.006006006006006006,4.0,662.0,4.0,666.0,1.0
default,mode_cell_32,631416,4.0,0.0060790273556231,4.0,654.0,4.0,658.0,-3.0
default,mode_cell_32,631417,5.0,0.007587253414264037,5.0,654.0,5.0,659.0,3.0
default,mode_cell_32,631418,1.0,0.0014144271570014145,1.0,706.0,-1.0,707.0,0.0
default,mode_cell_32,631419,3.0,0.004518072289156626,3.0,661.0,-3.0,664.0,-1.0
default,mode_cell_32,631420,2.0,0.0023612750885478157,2.0,845.0,-2.0,847.0,-1.0
default,mode_cell_32,631421,0.0,0.0,0.0,761.0,0.0,761.0,5.0
default,mode_cell_32,631422,0.0,0.0,0.0,574.0,0.0,574.0,-10.0
default,mode_cell_32,631423,3.0,0.004155124653739612,3.0,719.0,3.0,722.0,-5.0
default,mode_cell_32,631424,4.0,0.006420545746388443,4.0,619.0,4.0,623.0,0.0
default,mode_cell_32,631425,0.0,0.0,0.0,805.0,0.0,805.0,6.0
default,mode_cell_32,631426,4.0,0.005031446540880503,4.0,791.0,4.0,795.0,8.0
default,mode_cell_32,631427,4.0,0.005383580080753701,4.0,739.0,4.0,743.0,5.0
default,mode_cell_32,631428,1.0,0.0012836970474967907,1.0,778.0,-1.0,779.0,-3.0
default,mode_cell_32,631429,2.0,0.002325581395348837,2.0,858.0,-2.0,860.0,1.0
default,mode_cell_32,631430,1.0,0.001145475372279496,1.0,872.0,1.0,873.0,0.0
default,mode_cell_33,631401,0.0,,0.0,0.0,0.0,0.0,0.0
default,mode_cell_33,631402,0.0,,0.0,0.0,0.0,0.0,0.0
default,mode_cell_33,631403,0.0,,0.0,0.0,0.0,0.0,0.0
default,mode_cell_33,631404,0.0,,0.0,0.0,0.0,0.0,0.0
default,mode_cell_33,631405,0.0,,0.0,0.0,0.0,0.0,0.0
default,mode_cell_33,631406,0.0,,0.0,0.0,0.0,0.0,0.0
default,mode_cell_33,631407,0.0,,0.0,0.0,0.0,0.0,0.0
default,mode_cell_33,631408,0.0,,0.0,0.0,0.0,0.0,0.0
default,mode_cell_33,631409,0.0,,0.0,0.0,0.0,0.0,0.0
default,mode_cell_33,631410,0.0,,0.0,0.0,0.0,0.0,0.0
default,mode_cell_33,631411,0.0,,0.0,0.0,0.0,0.0,0.0
default,mode_cell_33,631412,0.0,,0.0,0.0,0.0,0.0,0.0
default,mode_cell_33,631413,0.0,,0.0,0.0,0.0,0.0,0.0
default,mode_cell_33,631414,0.0,,0.0,0.0,0.0,0.0,0.0
default,mode_cell_33,631415,0.0,,0.0,0.0,0.0,0.0,0.0
default,mode_cell_33,631416,0.0,,0.0,0.0,0.0,0.0,0.0
default,mode_cell_33,631417,0.0,,0.0,0.0,0.0,0.0,0.0
default,mode_cell_33,631418,0.0,,0.0,0.0,0.0,0.0,0.0
default,mode_cell_33,631419,0.0,,0.0,0.0,0.0,0.0,0.0
default,mode_cell_33,631420,0.0,,0.0,0.0,0.0,0.0,0.0
default,mode_cell_33,631421,0.0,,0.0,0.0,0.0,0.0,0.0
default,mode_cell_33,631422,0.0,,0.0,0.0,0.0,0.0,0.0
default,mode_cell_33,631423,0.0,,0.0,0.0,0.0,0.0,0.0
default,mode_cell_33,631424,0.0,,0.0,0.0,0.0,0.0,0.0
default,mode_cell_33,631425,0.0,,0.0,0.0,0.0,0.0,0.0
default,mode_cell_33,631426,0.0,,0.0,0.0,0.0,0.0,0.0
default,mode_cell_33,631427,0.0,,0.0,0.0,0.0,0.0,0.0
default,mode_cell_33,631428,0.0,,0.0,0.0,0.0,0.0,0.0
default,mode_cell_33,631429,0.0,,0.0,0.0,0.0,0.0,0.0
default,mode_cell_33,631430,0.0,,0.0,0.0,0.0,0.0,0.0
default,mode_cell_34,631401,0.0,,0.0,0.0,0.0,0.0,0.0
default,mode_cell_34,631402,0.0,,0.0,0.0,0.0,0.0,0.0
default,mode_cell_34,631403,0.0,,0.0,0.0,0.0,0.0,0.0
default,mode_cell_34,631404,0.0,,0.0,0.0,0.0,0.0,0.0
default,mode_cell_34,631405,0.0,,0.0,0.0,0.0,0.0,0.0
default,mode_cell_34,631406,0.0,,0.0,0.0,0.0,0.0,0.0
default,mode_cell_34,631407,0.0,,0.0,0.0,0.0,0.0,0.0
default,mode_cell_34,631408,0.0,,0.0,0.0,0.0,0.0,0.0
default,mode_cell_34,631409,0.0,,0.0,0.0,0.0,0.0,0.0
default,mode_cell_34,631410,0.0,,0.0,0.0,0.0,0.0,0.0
default,mode_cell_34,631411,0.0,,0.0,0.0,0.0,0.0,0.0
default,mode_cell_34,631412,0.0,,0.0,0.0,0.0,0.0,0.0
default,mode_cell_34,631413,0.0,,0.0,0.0,0.0,0.0,0.0
default,mode_cell_34,631414,0.0,,0.0,0.0,0.0,0.0,0.0
default,mode_cell_34,631415,0.0,,0.0,0.0,0.0,0.0,0.0
default,mode_cell_34,631416,0.0,,0.0,0.0,0.0,0.0,0.0
default,mode_cell_34,631417,0.0,,0.0,0.0,0.0,0.0,0.0
default,mode_cell_34,631418,0.0,,0.0,0.0,0.0,0.0,0.0
default,mode_cell_34,631419,0.0,,0.0,0.0,0.0,0.0,0.0
default,mode_cell_34,631420,0.0,,0.0,0.0,0.0,0.0,0.0
default,mode_cell_34,631421,0.0,,0.0,0.0,0.0,0.0,0.0
default,mode_cell_34,631422,0.0,,0.0,0.0,0.0,0.0,0.0
default,mode_cell_34,631423,0.0,,0.0,0.0,0.0,0.0,0.0
default,mode_cell_34,631424,0.0,,0.0,0.0,0.0,0.0,0.0
default,mode_cell_34,631425,0.0,,0.0,0.0,0.0,0.0,0.0
default,mode_cell_34,631426,0.0,,0.0,0.0,0.0,0.0,0.0
default,mode_cell_34,631427,0.0,,0.0,0.0,0.0,0.0,0.0
default,mode_cell_34,631428,0.0,,0.0,0.0,0.0,0.0,0.0
default,mode_cell_34,631429,0.0,,0.0,0.0,0.0,0.0,0.0
default,mode_cell_34,631430,0.0,,0.0,0.0,0.0,0.0,0.0
default,mode_cell_35,631401,0.0,,0.0,0.0,0.0,0.0,0.0
default,mode_cell_35,631402,0.0,,0.0,0.0,0.0,0.0,0.0
default,mode_cell_35,631403,0.0,,0.0,0.0,0.0,0.0,0.0
default,mode_cell_35,631404,0.0,,0.0,0.0,0.0,0.0,0.0
default,mode_cell_35,631405,0.0,,0.0,0.0,0.0,0.0,0.0
default,mode_cell_35,631406,0.0,,0.0,0.0,0.0,0.0,0.0
default,mode_cell_35,631407,0.0,,0.0,0.0,0.0,0.0,0.0
default,mode_cell_35,631408,0.0,,0.0,0.0,0.0,0.0,0.0
default,mode_cell_35,631409,0.0,,0.0,0.0,0.0,0.0,0.0
default,mode_cell_35,631410,0.0,,0.0,0.0,0.0,0.0,0.0
default,mode_cell_35,631411,0.0,,0.0,0.0,0.0,0.0,0.0
default,mode_cell_35,631412,0.0,,0.0,0.0,0.0,0.0,0.0
default,mode_cell_35,631413,0.0,,0.0,0.0,0.0,0.0,0.0
default,mode_cell_35,631414,0.0,,0.0,0.0,0.0,0.0,0.0
default,mode_cell_35,631415,0.0,,0.0,0.0,0.0,0.0,0.0
default,mode_cell_35,631416,0.0,,0.0,0.0,0.0,0.0,0.0
default,mode_cell_35,631417,0.0,,0.0,0.0,0.0,0.0,0.0
default,mode_cell_35,631418,0.0,,0.0,0.0,0.0,0.0,0.0
default,mode_cell_35,631419,0.0,,0.0,0.0,0.0,0.0,0.0
default,mode_cell_35,631420,0.0,,0.0,0.0,0.0,0.0,0.0
default,mode_cell_35,631421,0.0,,0.0,0.0,0.0,0.0,0.0
default,mode_cell_35,631422,0.0,,0.0,0.0,0.0,0.0,0.0
default,mode_cell_35,631423,0.0,,0.0,0.0,0.0,0.0,0.0
default,mode_cell_35,631424,0.0,,0.0,0.0,0.0,0.0,0.0
default,mode_cell_35,631425,0.0,,0.0,0.0,0.0,0.0,0.0
default,mode_cell_35,631426,0.0,,0.0,0.0,0.0,0.0,0.0
default,mode_cell_35,631427,0.0,,0.0,0.0,0.0,0.0,0.0
default,mode_cell_35,631428,0.0,,0.0,0.0,0.0,0.0,0.0
default,mode_cell_35,631429,0.0,,0.0,0.0,0.0,0.0,0.0
default,mode_cell_35,631430,0.0,,0.0,0.0,0.0,0.0,0.0
default,mode_cell_36,631401,4.0,0.006134969325153374,4.0,648.0,4.0,652.0,2.0
default,mode_cell_36,631402,4.0,0.005037783375314861,4.0,790.0,4.0,794.0,-13.0
default,mode_cell_36,631403,2.0,0.002583979328165375,2.0,772.0,-2.0,774.0,3.0
default,mode_cell_36,631404,4.0,0.006339144215530904,4.0,627.0,-4.0,631.0,-3.0
default,mode_cell_36,631405,3.0,0.004477611940298508,3.0,667.0,-3.0,670.0,-1.0
default,mode_cell_36,631406,1.0,0.001519756838905775,1.0,657.0,-1.0,658.0,11.0
default,mode_cell_36,631407,1.0,0.0016666666666666668,1.0,599.0,-1.0,600.0,6.0
default,mode_cell_36,631408,1.0,0.0014388489208633094,1.0,694.0,1.0,695.0,-9.0
default,mode_cell_36,631409,3.0,0.004273504273504274,3.0,699.0,3.0,702.0,15.0
default,mode_cell_36,631410,4.0,0.004434589800443459,4.0,898.0,4.0,902.0,-8.0
default,mode_cell_36,631411,0.0,0.0,0.0,639.0,0.0,639.0,-9.0
default,mode_cell_36,631412,1.0,0.0015552099533437014,1.0,642.0,1.0,643.0,-3.0
default,mode_cell_36,631413,1.0,0.0016025641025641025,1.0,623.0,1.0,624.0,4.0
default,mode_cell_36,631414,0.0,0.0,0.0,537.0,0.0,537.0,-3.0
default,mode_cell_36,631415,1.0,0.001455604075691412,1.0,686.0,1.0,687.0,-4.0
default,mode_cell_36,631416,4.0,0.006359300476947536,4.0,625.0,-4.0,629.0,1.0
default,mode_cell_36,631417,4.0,0.005479452054794521,4.0,726.0,4.0,730.0,4.0
default,mode_cell_36,631418,3.0,0.005535055350553505,3.0,539.0,3.0,542.0,-1.0
default,mode_cell_36,631419,5.0,0.006711409395973154,5.0,740.0,-5.0,745.0,3.0
default,mode_cell_36,631420,0.0,0.0,0.0,718.0,0.0,718.0,-8.0
default,mode_cell_36,631421,3.0,0.0043859649122807015,3.0,681.0,3.0,684.0,6.0
default,mode_cell_36,631422,4.0,0.004519774011299435,4.0,881.0,4.0,885.0,-4.0
default,mode_cell_36,631423,2.0,0.003389830508474576,2.0,588.0,-2.0,590.0,5.0
default,mode_cell_36,631424,0.0,0.0,0.0,641.0,0.0,641.0,8.0
default,mode_cell_36,631425,4.0,0.006144393241167435,4.0,647.0,4.0,651.0,-2.0
default,mode_cell_36,631426,3.0,0.0041841004184100415,3.0,714.0,3.0,717.0,4.0
default,mode_cell_36,631427,3.0,0.0048,3.0,622.0,3.0,625.0,6.0
default,mode_cell_36,631428,3.0,0.0035460992907801418,3.0,843.0,-3.0,846.0,11.0
default,mode_cell_36,631429,3.0,0.00392156862745098,3.0,762.0,3.0,765.0,4.0
default,mode_cell_36,631430,0.0,0.0,0.0,247.0,0.0,247.0,-3.0
default,mode_cell_37,631401,7.0,0.009615384615384616,7.0,721.0,-7.0,728.0,-4.0
default,mode_cell_37,631402,0.0,0.0,0.0,665.0,0.0,665.0,-10.0
default,mode_cell_37,631403,4.0,0.0060790273556231,4.0,654.0,-4.0,658.0,-4.0
default,mode_cell_37,631404,0.0,0.0,0.0,662.0,0.0,662.0,-5.0
default,mode_cell_37,631405,2.0,0.0034662045060658577,2.0,575.0,-2.0,577.0,-5.0
default,mode_cell_37,631406,4.0,0.006349206349206349,4.0,626.0,4.0,630.0,11.0
default,mode_cell_37,631407,4.0,0.005970149253731343,4.0,666.0,4.0,670.0,2.0
default,mode_cell_37,631408,1.0,0.0010799136069114472,1.0,925.0,-1.0,926.0,-1.0
default,mode_cell_37,631409,3.0,0.003942181340341655,3.0,758.0,3.0,761.0,16.0
default,mode_cell_37,631410,5.0,0.007621951219512195,5.0,651.0,-5.0,656.0,-9.0
default,mode_cell_37,631411,3.0,0.004341534008683068,3.0,688.0,3.0,691.0,-7.0
default,mode_cell_37,631412,9.0,0.010146561443066516,9.0,878.0,-9.0,887.0,0.0
default,mode_cell_37,631413,1.0,0.0011467889908256881,1.0,871.0,-1.0,872.0,3.0
default,mode_cell_37,631414,3.0,0.002952755905511811,3.0,1013.0,-3.0,1016.0,-8.0
default,mode_cell_37,631415,5.0,0.0066050198150594455,5.0,752.0,-5.0,757.0,0.0
default,mode_cell_37,631416,2.0,0.0031645569620253164,2.0,630.0,-2.0,632.0,0.0
default,mode_cell_37,631417,3.0,0.002926829268292683,3.0,1022.0,3.0,1025.0,10.0
default,mode_cell_37,631418,0.0,0.0,0.0,563.0,0.0,563.0,-3.0
default,mode_cell_37,631419,8.0,0.010825439783491205,8.0,731.0,-8.0,739.0,0.0
default,mode_cell_37,631420,1.0,0.00141643059490085,1.0,705.0,1.0,706.0,6.0
default,mode_cell_37,631421,4.0,0.0056022408963585435,4.0,710.0,-4.0,714.0,-10.0
default,mode_cell_37,631422,7.0,0.009102730819245773,7.0,762.0,-7.0,769.0,-13.0
default,mode_cell_37,631423,2.0,0.002881844380403458,2.0,692.0,-2.0,694.0,-3.0
default,mode_cell_37,631424,2.0,0.003246753246753247,2.0,614.0,-2.0,616.0,6.0
default,mode_cell_37,631425,3.0,0.004545454545454545,3.0,657.0,-3.0,660.0,1.0
default,mode_cell_37,631426,5.0,0.0070126227208976155,5.0,708.0,5.0,713.0,-1.0
default,mode_cell_37,631427,7.0,0.011804384485666104,7.0,586.0,7.0,593.0,0.0
default,mode_cell_37,631428,5.0,0.006218905472636816,5.0,799.0,5.0,804.0,7.0
default,mode_cell_37,631429,9.0,0.011042944785276074,9.0,806.0,-9.0,815.0,-2.0
default,mode_cell_37,631430,0.0,0.0,0.0,704.0,0.0,704.0,-5.0
default,mode_cell_38,631401,16.0,0.02188782489740082,16.0,715.0,-16.0,731.0,10.0
default,mode_cell_38,631402,13.0,0.01881331403762663,13.0,678.0,-13.0,691.0,-9.0
default,mode_cell_38,631403,8.0,0.011379800853485065,8.0,695.0,8.0,703.0,-1.0
default,mode_cell_38,631404,1.0,0.001379310344827586,1.0,724.0,1.0,725.0,-3.0
default,mode_cell_38,631405,16.0,0.019975031210986267,16.0,785.0,16.0,801.0,-7.0
default,mode_cell_38,631406,8.0,0.012232415902140673,8.0,646.0,-8.0,654.0,7.0
default,mode_cell_38,631407,20.0,0.02336448598130841,20.0,836.0,-20.0,856.0,-3.0
default,mode_cell_38,631408,19.0,0.017907634307257305,19.0,1042.0,19.0,1061.0,-10.0
default,mode_cell_38,631409,3.0,0.00322234156820623,3.0,928.0,3.0,931.0,4.0
default,mode_cell_38,631410,12.0,0.01556420233463035,12.0,759.0,12.0,771.0,0.0
default,mode_cell_38,631411,8.0,0.010376134889753566,8.0,763.0,-8.0,771.0,0.0
default,mode_cell_38,631412,13.0,0.018413597733711047,13.0,693.0,13.0,706.0,-1.0
default,mode_cell_38,631413,26.0,0.026776519052523172,26.0,945.0,-26.0,971.0,-2.0
default,mode_cell_38,631414,14.0,0.015765765765765764,14.0,874.0,-14.0,888.0,5.0
default,mode_cell_38,631415,1.0,0.0014124293785310734,1.0,707.0,-1.0,708.0,-7.0
default,mode_cell_38,631416,14.0,0.018229166666666668,14.0,754.0,-14.0,768.0,-1.0
default,mode_cell_38,631417,32.0,0.025538707102952914,32.0,1221.0,32.0,1253.0,8.0
default,mode_cell_38,631418,11.0,0.017828200972447326,11.0,606.0,-11.0,617.0,-5.0
default,mode_cell_38,631419,4.0,0.00516795865633075,4.0,770.0,4.0,774.0,-3.0
default,mode_cell_38,631420,22.0,0.02217741935483871,22.0,970.0,-22.0,992.0,6.0
default,mode_cell_38,631421,15.0,0.01800720288115246,15.0,818.0,-15.0,833.0,-2.0
default,mode_cell_38,631422,0.0,0.0,0.0,824.0,0.0,824.0,-10.0
default,mode_cell_38,631423,15.0,0.018796992481203006,15.0,783.0,15.0,798.0,-3.0
default,mode_cell_38,631424,13.0,0.019345238095238096,13.0,659.0,13.0,672.0,0.0
default,mode_cell_38,631425,6.0,0.00946372239747634,6.0,628.0,-6.0,634.0,-3.0
default,mode_cell_38,631426,14.0,0.01652892561983471,14.0,833.0,14.0,847.0,9.0
default,mode_cell_38,631427,7.0,0.009776536312849162,7.0,709.0,7.0,716.0,11.0
default,mode_cell_38,631428,1.0,0.0010090817356205853,1.0,990.0,-1.0,991.0,-2.0
default,mode_cell_38,631429,2.0,0.0030120481927710845,2.0,662.0,-2.0,664.0,6.0
default,mode_cell_38,631430,17.0,0.014951627088830254,17.0,1120.0,17.0,1137.0,-1.0
default,mode_cell_39,631401,4.0,0.005050505050505051,4.0,788.0,-4.0,792.0,-7.0
default,mode_cell_39,631402,0.0,0.0,0.0,853.0,0.0,853.0,-2.0
default,mode_cell_39,631403,1.0,0.0010152284263959391,1.0,984.0,-1.0,985.0,-5.0
default,mode_cell_39,631404,3.0,0.003778337531486146,3.0,791.0,-3.0,794.0,0.0
default,mode_cell_39,631405,1.0,0.001288659793814433,1.0,775.0,1.0,776.0,4.0
default,mode_cell_39,631406,0.0,0.0,0.0,613.0,0.0,613.0,4.0
default,mode_cell_39,631407,1.0,0.0015822784810126582,1.0,631.0,1.0,632.0,-4.0
default,mode_cell_39,631408,3.0,0.004005340453938585,3.0,746.0,-3.0,749.0,-1.0
default,mode_cell_39,631409,3.0,0.004010695187165776,3.0,745.0,-3.0,748.0,7.0
default,mode_cell_39,631410,7.0,0.007856341189674524,7.0,884.0,-7.0,891.0,0.0
default,mode_cell_39,631411,0.0,0.0,0.0,568.0,0.0,568.0,-1.0
default,mode_cell_39,631412,8.0,0.009269988412514484,8.0,855.0,-8.0,863.0,-10.0
default,mode_cell_39,631413,1.0,0.0015600624024961,1.0,640.0,-1.0,641.0,-1.0
default,mode_cell_39,631414,0.0,0.0,0.0,645.0,0.0,645.0,4.0
default,mode_cell_39,631415,5.0,0.007462686567164179,5.0,665.0,-5.0,670.0,2.0
default,mode_cell_39,631416,1.0,0.0014619883040935672,1.0,683.0,1.0,684.0,2.0
default,mode_cell_39,631417,6.0,0.0053475935828877,6.0,1116.0,6.0,1122.0,4.0
default,mode_cell_39,631418,2.0,0.0026702269692923898,2.0,747.0,2.0,749.0,-1.0
default,mode_cell_39,631419,2.0,0.003134796238244514,2.0,636.0,2.0,638.0,-7.0
default,mode_cell_39,631420,1.0,0.0014265335235378032,1.0,700.0,1.0,701.0,5.0
default,mode_cell_39,631421,5.0,0.0059382422802850355,5.0,837.0,5.0,842.0,3.0
default,mode_cell_39,631422,4.0,0.005312084993359893,4.0,749.0,-4.0,753.0,-1.0
default,mode_cell_39,631423,2.0,0.0025575447570332483,2.0,780.0,2.0,782.0,-2.0
default,mode_cell_39,631424,5.0,0.007763975155279503,5.0,639.0,5.0,644.0,4.0
default,mode_cell_39,631425,6.0,0.006872852233676976,6.0,867.0,6.0,873.0,7.0
default,mode_cell_39,631426,13.0,0.013052208835341365,13.0,983.0,13.0,996.0,6.0
default,mode_cell_39,631427,6.0,0.006764374295377677,6.0,881.0,6.0,887.0,4.0
default,mode_cell_39,631428,0.0,0.0,0.0,997.0,0.0,997.0,-4.0
default,mode_cell_39,631429,0.0,0.0,0.0,778.0,0.0,778.0,3.0
default,mode_cell_39,631430,4.0,0.005031446540880503,4.0,791.0,-4.0,795.0,-14.0
default,mode_cell_40,631401,2.0,0.002728512960436562,2.0,731.0,-2.0,733.0,-1.0
default,mode_cell_40,631402,0.0,0.0,0.0,681.0,0.0,681.0,-10.0
default,mode_cell_40,631403,2.0,0.0028653295128939827,2.0,696.0,2.0,698.0,6.0
default,mode_cell_40,631404,5.0,0.0075075075075075074,5.0,661.0,5.0,666.0,-6.0
default,mode_cell_40,631405,2.0,0.0023752969121140144,2.0,840.0,2.0,842.0,-5.0
default,mode_cell_40,631406,6.0,0.008823529411764706,6.0,674.0,-6.0,680.0,-1.0
default,mode_cell_40,631407,2.0,0.002857142857142857,2.0,698.0,-2.0,700.0,-3.0
default,mode_cell_40,631408,3.0,0.003592814371257485,3.0,832.0,3.0,835.0,-10.0
default,mode_cell_40,631409,2.0,0.002430133657351154,2.0,821.0,-2.0,823.0,3.0
default,mode_cell_40,631410,2.0,0.0031007751937984496,2.0,643.0,2.0,645.0,-7.0
default,mode_cell_40,631411,2.0,0.0029069767441860465,2.0,686.0,2.0,688.0,0.0
default,mode_cell_40,631412,1.0,0.0013192612137203166,1.0,757.0,-1.0,758.0,-8.0
default,mode_cell_40,631413,1.0,0.0015267175572519084,1.0,654.0,-1.0,655.0,8.0
default,mode_cell_40,631414,1.0,0.0014903129657228018,1.0,670.0,1.0,671.0,-1.0
default,mode_cell_40,631415,0.0,0.0,0.0,766.0,0.0,766.0,-3.0
default,mode_cell_40,631416,1.0,0.0018050541516245488,1.0,553.0,-1.0,554.0,-3.0
default,mode_cell_40,631417,3.0,0.0036407766990291263,3.0,821.0,3.0,824.0,5.0
default,mode_cell_40,631418,5.0,0.005592841163310962,5.0,889.0,-5.0,894.0,10.0
default,mode_cell_40,631419,0.0,0.0,0.0,868.0,0.0,868.0,3.0
default,mode_cell_40,631420,5.0,0.006802721088435374,5.0,730.0,-5.0,735.0,6.0
default,mode_cell_40,631421,4.0,0.005076142131979695,4.0,784.0,4.0,788.0,-1.0
default,mode_cell_40,631422,5.0,0.004363001745200698,5.0,1141.0,-5.0,1146.0,-9.0
default,mode_cell_40,631423,3.0,0.004021447721179625,3.0,743.0,-3.0,746.0,0.0
default,mode_cell_40,631424,1.0,0.0014245014245014246,1.0,701.0,-1.0,702.0,-3.0
default,mode_cell_40,631425,1.0,0.001519756838905775,1.0,657.0,-1.0,658.0,5.0
default,mode_cell_40,631426,1.0,0.001639344262295082,1.0,609.0,-1.0,610.0,1.0
default,mode_cell_40,631427,2.0,0.0033500837520938024,2.0,595.0,2.0,597.0,8.0
default,mode_cell_40,631428,1.0,0.0012077294685990338,1.0,827.0,-1.0,828.0,1.0
default,mode_cell_40,631429,1.0,0.001639344262295082,1.0,609.0,-1.0,610.0,3.0
default,mode_cell_40,631430,2.0,0.003134796238244514,2.0,636.0,2.0,638.0,-7.0
default,mode_cell_41,631401,3.0,0.0033003300330033004,3.0,906.0,3.0,909.0,-8.0
default,mode_cell_41,631402,10.0,0.011198208286674132,10.0,883.0,10.0,893.0,-8.0
default,mode_cell_41,631403,7.0,0.005756578947368421,7.0,1209.0,7.0,1216.0,6.0
default,mode_cell_41,631404,8.0,0.008456659619450317,8.0,938.0,8.0,946.0,-11.0
default,mode_cell_41,631405,10.0,0.008880994671403197,10.0,1116.0,10.0,1126.0,3.0
default,mode_cell_41,631406,6.0,0.005571030640668524,6.0,1071.0,6.0,1077.0,6.0
default,mode_cell_41,631407,6.0,0.007832898172323759,6.0,760.0,6.0,766.0,-9.0
default,mode_cell_41,631408,14.0,0.011049723756906077,14.0,1253.0,14.0,1267.0,0.0
default,mode_cell_41,631409,9.0,0.008662175168431183,9.0,1030.0,9.0,1039.0,11.0
default,mode_cell_41,631410,6.0,0.006795016987542469,6.0,877.0,6.0,883.0,0.0
default,mode_cell_41,631411,11.0,0.013301088270858524,11.0,816.0,11.0,827.0,-4.0
default,mode_cell_41,631412,3.0,0.0029791459781529296,3.0,1004.0,3.0,1007.0,-6.0
default,mode_cell_41,631413,12.0,0.01444043321299639,12.0,819.0,12.0,831.0,-1.0
default,mode_cell_41,631414,11.0,0.010848126232741617,11.0,1003.0,11.0,1014.0,10.0
default,mode_cell_41,631415,9.0,0.00909090909090909,9.0,981.0,9.0,990.0,-2.0
default,mode_cell_41,631416,11.0,0.012910798122065728,11.0,841.0,11.0,852.0,2.0
default,mode_cell_41,631417,9.0,0.008595988538681949,9.0,1038.0,9.0,1047.0,9.0
default,mode_cell_41,631418,10.0,0.009182736455463728,10.0,1079.0,10.0,1089.0,-3.0
default,mode_cell_41,631419,4.0,0.004357298474945534,4.0,914.0,4.0,918.0,-7.0
default,mode_cell_41,631420,6.0,0.005655042412818096,6.0,1055.0,-6.0,1061.0,2.0
default,mode_cell_41,631421,7.0,0.006145741878841089,7.0,1132.0,7.0,1139.0,-8.0
default,mode_cell_41,631422,11.0,0.012008733624454149,11.0,905.0,11.0,916.0,-5.0
default,mode_cell_41,631423,11.0,0.012263099219620958,11.0,886.0,11.0,897.0,-6.0
default,mode_cell_41,631424,0.0,0.0,0.0,886.0,0.0,886.0,-6.0
default,mode_cell_41,631425,6.0,0.006,6.0,994.0,6.0,1000.0,-3.0
default,mode_cell_41,631426,16.0,0.014466546112115732,16.0,1090.0,16.0,1106.0,12.0
default,mode_cell_41,631427,12.0,0.00964630225080386,12.0,1232.0,12.0,1244.0,5.0
default,mode_cell_41,631428,13.0,0.013800424628450107,13.0,929.0,13.0,942.0,0.0
default,mode_cell_41,631429,8.0,0.007518796992481203,8.0,1056.0,8.0,1064.0,2.0
default,mode_cell_41,631430,9.0,0.006939090208172706,9.0,1288.0,9.0,1297.0,-14.0
default,mode_cell_42,631401,0.0,,0.0,0.0,0.0,0.0,0.0
default,mode_cell_42,631402,0.0,,0.0,0.0,0.0,0.0,0.0
default,mode_cell_42,631403,0.0,,0.0,0.0,0.0,0.0,0.0
default,mode_cell_42,631404,0.0,,0.0,0.0,0.0,0.0,0.0
default,mode_cell_42,631405,0.0,,0.0,0.0,0.0,0.0,0.0
default,mode_cell_42,631406,0.0,,0.0,0.0,0.0,0.0,0.0
default,mode_cell_42,631407,0.0,,0.0,0.0,0.0,0.0,0.0
default,mode_cell_42,631408,0.0,,0.0,0.0,0.0,0.0,0.0
default,mode_cell_42,631409,0.0,,0.0,0.0,0.0,0.0,0.0
default,mode_cell_42,631410,0.0,,0.0,0.0,0.0,0.0,0.0
default,mode_cell_42,631411,0.0,,0.0,0.0,0.0,0.0,0.0
default,mode_cell_42,631412,0.0,,0.0,0.0,0.0,0.0,0.0
default,mode_cell_42,631413,0.0,,0.0,0.0,0.0,0.0,0.0
default,mode_cell_42,631414,0.0,,0.0,0.0,0.0,0.0,0.0
default,mode_cell_42,631415,0.0,,0.0,0.0,0.0,0.0,0.0
default,mode_cell_42,631416,0.0,,0.0,0.0,0.0,0.0,0.0
default,mode_cell_42,631417,0.0,,0.0,0.0,0.0,0.0,0.0
default,mode_cell_42,631418,0.0,,0.0,0.0,0.0,0.0,0.0
default,mode_cell_42,631419,0.0,,0.0,0.0,0.0,0.0,0.0
default,mode_cell_42,631420,0.0,,0.0,0.0,0.0,0.0,0.0
default,mode_cell_42,631421,0.0,,0.0,0.0,0.0,0.0,0.0
default,mode_cell_42,631422,0.0,,0.0,0.0,0.0,0.0,0.0
default,mode_cell_42,631423,0.0,,0.0,0.0,0.0,0.0,0.0
default,mode_cell_42,631424,0.0,,0.0,0.0,0.0,0.0,0.0
default,mode_cell_42,631425,0.0,,0.0,0.0,0.0,0.0,0.0
default,mode_cell_42,631426,0.0,,0.0,0.0,0.0,0.0,0.0
default,mode_cell_42,631427,0.0,,0.0,0.0,0.0,0.0,0.0
default,mode_cell_42,631428,0.0,,0.0,0.0,0.0,0.0,0.0
default,mode_cell_42,631429,0.0,,0.0,0.0,0.0,0.0,0.0
default,mode_cell_42,631430,0.0,,0.0,0.0,0.0,0.0,0.0
default,mode_cell_43,631401,3.0,0.004273504273504274,3.0,699.0,-3.0,702.0,-8.0
default,mode_cell_43,631402,6.0,0.006936416184971098,6.0,859.0,-6.0,865.0,1.0
default,mode_cell_43,631403,4.0,0.0037629350893697085,4.0,1059.0,4.0,1063.0,8.0
default,mode_cell_43,631404,1.0,0.0014619883040935672,1.0,683.0,1.0,684.0,-14.0
default,mode_cell_43,631405,1.0,0.0017211703958691911,1.0,580.0,1.0,581.0,2.0
default,mode_cell_43,631406,4.0,0.006420545746388443,4.0,619.0,4.0,623.0,-3.0
default,mode_cell_43,631407,1.0,0.001579778830963665,1.0,632.0,1.0,633.0,1.0
default,mode_cell_43,631408,6.0,0.007453416149068323,6.0,799.0,-6.0,805.0,-8.0
default,mode_cell_43,631409,5.0,0.005875440658049354,5.0,846.0,-5.0,851.0,18.0
default,mode_cell_43,631410,7.0,0.009873060648801129,7.0,702.0,7.0,709.0,-4.0
default,mode_cell_43,631411,2.0,0.002967359050445104,2.0,672.0,-2.0,674.0,0.0
default,mode_cell_43,631412,6.0,0.0067039106145251395,6.0,889.0,6.0,895.0,-6.0
default,mode_cell_43,631413,6.0,0.0076726342710997444,6.0,776.0,-6.0,782.0,5.0
default,mode_cell_43,631414,5.0,0.006596306068601583,5.0,753.0,5.0,758.0,-2.0
default,mode_cell_43,631415,6.0,0.007177033492822967,6.0,830.0,-6.0,836.0,-7.0
default,mode_cell_43,631416,4.0,0.005738880918220947,4.0,693.0,4.0,697.0,5.0
default,mode_cell_43,631417,7.0,0.008403361344537815,7.0,826.0,7.0,833.0,-1.0
default,mode_cell_43,631418,0.0,0.0,0.0,672.0,0.0,672.0,2.0
default,mode_cell_43,631419,0.0,0.0,0.0,577.0,0.0,577.0,1.0
default,mode_cell_43,631420,6.0,0.00801068090787717,6.0,743.0,-6.0,749.0,10.0
default,mode_cell_43,631421,6.0,0.007334963325183374,6.0,812.0,6.0,818.0,-6.0
default,mode_cell_43,631422,1.0,0.0014792899408284023,1.0,675.0,1.0,676.0,-6.0
default,mode_cell_43,631423,2.0,0.0025974025974025974,2.0,768.0,-2.0,770.0,2.0
default,mode_cell_43,631424,1.0,0.0017301038062283738,1.0,577.0,-1.0,578.0,1.0
default,mode_cell_43,631425,6.0,0.010084033613445379,6.0,589.0,-6.0,595.0,8.0
default,mode_cell_43,631426,2.0,0.0024390243902439024,2.0,818.0,-2.0,820.0,3.0
default,mode_cell_43,631427,2.0,0.00273224043715847,2.0,730.0,2.0,732.0,2.0
default,mode_cell_43,631428,7.0,0.009900990099009901,7.0,700.0,7.0,707.0,1.0
default,mode_cell_43,631429,8.0,0.010126582278481013,8.0,782.0,-8.0,790.0,-1.0
default,mode_cell_43,631430,3.0,0.003579952267303103,3.0,835.0,-3.0,838.0,-10.0
default,mode_cell_44,631401,0.0,,0.0,0.0,0.0,0.0,0.0
default,mode_cell_44,631402,0.0,,0.0,0.0,0.0,0.0,0.0
default,mode_cell_44,631403,0.0,,0.0,0.0,0.0,0.0,0.0
default,mode_cell_44,631404,0.0,,0.0,0.0,0.0,0.0,0.0
default,mode_cell_44,631405,0.0,,0.0,0.0,0.0,0.0,0.0
default,mode_cell_44,631406,0.0,,0.0,0.0,0.0,0.0,0.0
default,mode_cell_44,631407,0.0,,0.0,0.0,0.0,0.0,0.0
default,mode_cell_44,631408,0.0,,0.0,0.0,0.0,0.0,0.0
default,mode_cell_44,631409,0.0,,0.0,0.0,0.0,0.0,0.0
default,mode_cell_44,631410,0.0,,0.0,0.0,0.0,0.0,0.0
default,mode_cell_44,631411,0.0,,0.0,0.0,0.0,0.0,0.0
default,mode_cell_44,631412,0.0,,0.0,0.0,0.0,0.0,0.0
default,mode_cell_44,631413,0.0,,0.0,0.0,0.0,0.0,0.0
default,mode_cell_44,631414,0.0,,0.0,0.0,0.0,0.0,0.0
default,mode_cell_44,631415,0.0,,0.0,0.0,0.0,0.0,0.0
default,mode_cell_44,631416,0.0,,0.0,0.0,0.0,0.0,0.0
default,mode_cell_44,631417,0.0,,0.0,0.0,0.0,0.0,0.0
default,mode_cell_44,631418,0.0,,0.0,0.0,0.0,0.0,0.0
default,mode_cell_44,631419,0.0,,0.0,0.0,0.0,0.0,0.0
default,mode_cell_44,631420,0.0,,0.0,0.0,0.0,0.0,0.0
default,mode_cell_44,631421,0.0,,0.0,0.0,0.0,0.0,0.0
default,mode_cell_44,631422,0.0,,0.0,0.0,0.0,0.0,0.0
default,mode_cell_44,631423,0.0,,0.0,0.0,0.0,0.0,0.0
default,mode_cell_44,631424,0.0,,0.0,0.0,0.0,0.0,0.0
default,mode_cell_44,631425,0.0,,0.0,0.0,0.0,0.0,0.0
default,mode_cell_44,631426,0.0,,0.0,0.0,0.0,0.0,0.0
default,mode_cell_44,631427,0.0,,0.0,0.0,0.0,0.0,0.0
default,mode_cell_44,631428,0.0,,0.0,0.0,0.0,0.0,0.0
default,mode_cell_44,631429,0.0,,0.0,0.0,0.0,0.0,0.0
default,mode_cell_44,631430,0.0,,0.0,0.0,0.0,0.0,0.0
default,mode_cell_45,631401,0.0,,0.0,0.0,0.0,0.0,0.0
default,mode_cell_45,631402,0.0,,0.0,0.0,0.0,0.0,0.0
default,mode_cell_45,631403,0.0,,0.0,0.0,0.0,0.0,0.0
default,mode_cell_45,631404,0.0,,0.0,0.0,0.0,0.0,0.0
default,mode_cell_45,631405,0.0,,0.0,0.0,0.0,0.0,0.0
default,mode_cell_45,631406,0.0,,0.0,0.0,0.0,0.0,0.0
default,mode_cell_45,631407,0.0,,0.0,0.0,0.0,0.0,0.0
default,mode_cell_45,631408,0.0,,0.0,0.0,0.0,0.0,0.0
default,mode_cell_45,631409,0.0,,0.0,0.0,0.0,0.0,0.0
default,mode_cell_45,631410,0.0,,0.0,0.0,0.0,0.0,0.0
default,mode_cell_45,631411,0.0,,0.0,0.0,0.0,0.0,0.0
default,mode_cell_45,631412,0.0,,0.0,0.0,0.0,0.0,0.0
default,mode_cell_45,631413,0.0,,0.0,0.0,0.0,0.0,0.0
default,mode_cell_45,631414,0.0,,0.0,0.0,0.0,0.0,0.0
default,mode_cell_45,631415,0.0,,0.0,0.0,0.0,0.0,0.0
default,mode_cell_45,631416,0.0,,0.0,0.0,0.0,0.0,0.0
default,mode_cell_45,631417,0.0,,0.0,0.0,0.0,0.0,0.0
default,mode_cell_45,631418,0.0,,0.0,0.0,0.0,0.0,0.0
default,mode_cell_45,631419,0.0,,0.0,0.0,0.0,0.0,0.0
default,mode_cell_45,631420,0.0,,0.0,0.0,0.0,0.0,0.0
default,mode_cell_45,631421,0.0,,0.0,0.0,0.0,0.0,0.0
default,mode_cell_45,631422,0.0,,0.0,0.0,0.0,0.0,0.0
default,mode_cell_45,631423,0.0,,0.0,0.0,0.0,0.0,0.0
default,mode_cell_45,631424,0.0,,0.0,0.0,0.0,0.0,0.0
default,mode_cell_45,631425,0.0,,0.0,0.0,0.0,0.0,0.0
default,mode_cell_45,631426,0.0,,0.0,0.0,0.0,0.0,0.0
default,mode_cell_45,631427,0.0,,0.0,0.0,0.0,0.0,0.0
default,mode_cell_45,631428,0.0,,0.0,0.0,0.0,0.0,0.0
default,mode_cell_45,631429,0.0,,0.0,0.0,0.0,0.0,0.0
default,mode_cell_45,631430,0.0,,0.0,0.0,0.0,0.0,0.0
default,mode_cell_46,631401,1.0,0.0020920502092050207,1.0,477.0,-1.0,478.0,-2.0
default,mode_cell_46,631402,1.0,0.0019801980198019802,1.0,504.0,1.0,505.0,-1.0
default,mode_cell_46,631403,1.0,0.0012091898428053204,1.0,826.0,-1.0,827.0,4.0
default,mode_cell_46,631404,1.0,0.0024154589371980675,1.0,413.0,-1.0,414.0,-3.0
default,mode_cell_46,631405,0.0,0.0,0.0,439.0,0.0,439.0,-5.0
default,mode_cell_46,631406,1.0,0.002188183807439825,1.0,456.0,-1.0,457.0,10.0
default,mode_cell_46,631407,1.0,0.001375515818431912,1.0,726.0,-1.0,727.0,8.0
default,mode_cell_46,631408,1.0,0.0016207455429497568,1.0,616.0,-1.0,617.0,0.0
default,mode_cell_46,631409,1.0,0.0015625,1.0,639.0,-1.0,640.0,1.0
default,mode_cell_46,631410,1.0,0.0015503875968992248,1.0,644.0,-1.0,645.0,-4.0
default,mode_cell_46,631411,0.0,0.0,0.0,600.0,0.0,600.0,-3.0
default,mode_cell_46,631412,1.0,0.0013245033112582781,1.0,754.0,-1.0,755.0,-7.0
default,mode_cell_46,631413,0.0,0.0,0.0,532.0,0.0,532.0,3.0
default,mode_cell_46,631414,1.0,0.0014903129657228018,1.0,670.0,-1.0,671.0,-1.0
default,mode_cell_46,631415,1.0,0.0008123476848090983,1.0,1230.0,-1.0,1231.0,-12.0
default,mode_cell_46,631416,0.0,0.0,0.0,423.0,0.0,423.0,-3.0
default,mode_cell_46,631417,0.0,0.0,0.0,891.0,0.0,891.0,-6.0
default,mode_cell_46,631418,2.0,0.002398081534772182,2.0,832.0,-2.0,834.0,4.0
default,mode_cell_46,631419,0.0,0.0,0.0,777.0,0.0,777.0,-11.0
default,mode_cell_46,631420,0.0,0.0,0.0,579.0,0.0,579.0,5.0
default,mode_cell_46,631421,0.0,0.0,0.0,251.0,0.0,251.0,1.0
default,mode_cell_46,631422,0.0,,0.0,0.0,0.0,0.0,0.0
default,mode_cell_46,631423,1.0,0.001004016064257028,1.0,995.0,1.0,996.0,-2.0
default,mode_cell_46,631424,1.0,0.0015822784810126582,1.0,631.0,1.0,632.0,-3.0
default,mode_cell_46,631425,3.0,0.006741573033707865,3.0,442.0,-3.0,445.0,-1.0
default,mode_cell_46,631426,1.0,0.0013623978201634877,1.0,733.0,1.0,734.0,12.0
default,mode_cell_46,631427,3.0,0.005263157894736842,3.0,567.0,3.0,570.0,-5.0
default,mode_cell_46,631428,0.0,0.0,0.0,925.0,0.0,925.0,4.0
default,mode_cell_46,631429,1.0,0.00125,1.0,799.0,1.0,800.0,-5.0
default,mode_cell_46,631430,1.0,0.0017421602787456446,1.0,573.0,1.0,574.0,2.0
default,mode_cell_47,631401,39.0,0.016469594594594593,39.0,2329.0,39.0,2368.0,-2.0
default,mode_cell_47,631402,39.0,0.019817073170731708,39.0,1929.0,39.0,1968.0,-6.0
default,mode_cell_47,631403,38.0,0.015767634854771784,38.0,2372.0,38.0,2410.0,0.0
default,mode_cell_47,631404,32.0,0.013289036544850499,32.0,2376.0,32.0,2408.0,-1.0
default,mode_cell_47,631405,46.0,0.01904761904761905,46.0,2369.0,46.0,2415.0,-2.0
default,mode_cell_47,631406,42.0,0.019553072625698324,42.0,2106.0,42.0,2148.0,5.0
default,mode_cell_47,631407,40.0,0.018467220683287166,40.0,2126.0,40.0,2166.0,5.0
default,mode_cell_47,631408,39.0,0.01578308377175233,39.0,2432.0,39.0,2471.0,-6.0
default,mode_cell_47,631409,42.0,0.016425498631208447,42.0,2515.0,42.0,2557.0,6.0
default,mode_cell_47,631410,35.0,0.014147130153597413,35.0,2439.0,35.0,2474.0,2.0
default,mode_cell_47,631411,35.0,0.01651722510618216,35.0,2084.0,35.0,2119.0,3.0
default,mode_cell_47,631412,33.0,0.015972894482090997,33.0,2033.0,33.0,2066.0,-2.0
default,mode_cell_47,631413,31.0,0.01620491374803973,31.0,1882.0,31.0,1913.0,5.0
default,mode_cell_47,631414,40.0,0.018467220683287166,40.0,2126.0,40.0,2166.0,1.0
default,mode_cell_47,631415,30.0,0.014584346135148274,30.0,2027.0,30.0,2057.0,-8.0
default,mode_cell_47,631416,39.0,0.01748095024652622,39.0,2192.0,39.0,2231.0,3.0
default,mode_cell_47,631417,39.0,0.015122140364482357,39.0,2540.0,39.0,2579.0,6.0
default,mode_cell_47,631418,35.0,0.016226240148354196,35.0,2122.0,35.0,2157.0,-1.0
default,mode_cell_47,631419,34.0,0.014642549526270457,34.0,2288.0,34.0,2322.0,-5.0
default,mode_cell_47,631420,26.0,0.012512030798845043,26.0,2052.0,26.0,2078.0,3.0
default,mode_cell_47,631421,30.0,0.013623978201634877,30.0,2172.0,30.0,2202.0,-4.0
default,mode_cell_47,631422,43.0,0.018329070758738276,43.0,2303.0,43.0,2346.0,0.0
default,mode_cell_47,631423,35.0,0.016069788797061526,35.0,2143.0,35.0,2178.0,8.0
default,mode_cell_47,631424,38.0,0.017194570135746608,38.0,2172.0,38.0,2210.0,-3.0
default,mode_cell_47,631425,39.0,0.01813110181311018,39.0,2112.0,39.0,2151.0,5.0
default,mode_cell_47,631426,41.0,0.017506404782237403,41.0,2301.0,41.0,2342.0,-2.0
default,mode_cell_47,631427,41.0,0.02,41.0,2009.0,41.0,2050.0,3.0
default,mode_cell_47,631428,43.0,0.0198248040571692,43.0,2126.0,43.0,2169.0,-2.0
default,mode_cell_47,631429,35.0,0.015989036089538604,35.0,2154.0,35.0,2189.0,5.0
default,mode_cell_47,631430,40.0,0.017278617710583154,40.0,2275.0,40.0,2315.0,-7.0
default,mode_cell_48,631401,15.0,0.01698754246885617,15.0,868.0,-15.0,883.0,-3.0
default,mode_cell_48,631402,1.0,0.0011198208286674132,1.0,892.0,1.0,893.0,-10.0
default,mode_cell_48,631403,7.0,0.006829268292682927,7.0,1018.0,-7.0,1025.0,7.0
default,mode_cell_48,631404,2.0,0.003305785123966942,2.0,603.0,-2.0,605.0,-12.0
default,mode_cell_48,631405,6.0,0.008571428571428572,6.0,694.0,-6.0,700.0,-8.0
default,mode_cell_48,631406,1.0,0.0017605633802816902,1.0,567.0,1.0,568.0,9.0
default,mode_cell_48,631407,2.0,0.0023391812865497076,2.0,853.0,2.0,855.0,3.0
default,mode_cell_48,631408,13.0,0.01102629346904156,13.0,1166.0,-13.0,1179.0,-8.0
default,mode_cell_48,631409,14.0,0.011494252873563218,14.0,1204.0,-14.0,1218.0,5.0
default,mode_cell_48,631410,4.0,0.006309148264984227,4.0,630.0,-4.0,634.0,0.0
default,mode_cell_48,631411,11.0,0.01639344262295082,11.0,660.0,-11.0,671.0,-10.0
default,mode_cell_48,631412,2.0,0.002333722287047841,2.0,855.0,-2.0,857.0,5.0
default,mode_cell_48,631413,1.0,0.0012738853503184713,1.0,784.0,1.0,785.0,13.0
default,mode_cell_48,631414,7.0,0.009510869565217392,7.0,729.0,-7.0,736.0,0.0
default,mode_cell_48,631415,4.0,0.00522875816993464,4.0,761.0,-4.0,765.0,1.0
default,mode_cell_48,631416,3.0,0.004267425320056899,3.0,700.0,-3.0,703.0,-1.0
default,mode_cell_48,631417,1.0,0.0013227513227513227,1.0,755.0,1.0,756.0,10.0
default,mode_cell_48,631418,8.0,0.011544011544011544,8.0,685.0,8.0,693.0,3.0
default,mode_cell_48,631419,6.0,0.00847457627118644,6.0,702.0,-6.0,708.0,-6.0
default,mode_cell_48,631420,6.0,0.008174386920980926,6.0,728.0,-6.0,734.0,9.0
default,mode_cell_48,631421,5.0,0.0064516129032258064,5.0,770.0,-5.0,775.0,2.0
default,mode_cell_48,631422,2.0,0.003169572107765452,2.0,629.0,-2.0,631.0,-9.0
default,mode_cell_48,631423,10.0,0.01098901098901099,10.0,900.0,-10.0,910.0,-3.0
default,mode_cell_48,631424,4.0,0.0053404539385847796,4.0,745.0,-4.0,749.0,-3.0
default,mode_cell_48,631425,2.0,0.002967359050445104,2.0,672.0,2.0,674.0,-3.0
default,mode_cell_48,631426,0.0,0.0,0.0,717.0,0.0,717.0,3.0
default,mode_cell_48,631427,4.0,0.005706134094151213,4.0,697.0,4.0,701.0,8.0
default,mode_cell_48,631428,5.0,0.007082152974504249,5.0,701.0,5.0,706.0,5.0
default,mode_cell_48,631429,4.0,0.005797101449275362,4.0,686.0,-4.0,690.0,3.0
default,mode_cell_48,631430,2.0,0.0029282576866764276,2.0,681.0,-2.0,683.0,3.0
default,mode_cell_49,631401,0.0,,0.0,0.0,0.0,0.0,0.0
default,mode_cell_49,631402,0.0,,0.0,0.0,0.0,0.0,0.0
default,mode_cell_49,631403,0.0,,0.0,0.0,0.0,0.0,0.0
default,mode_cell_49,631404,0.0,,0.0,0.0,0.0,0.0,0.0
default,mode_cell_49,631405,0.0,,0.0,0.0,0.0,0.0,0.0
default,mode_cell_49,631406,0.0,,0.0,0.0,0.0,0.0,0.0
default,mode_cell_49,631407,0.0,,0.0,0.0,0.0,0.0,0.0
default,mode_cell_49,631408,0.0,,0.0,0.0,0.0,0.0,0.0
default,mode_cell_49,631409,0.0,,0.0,0.0,0.0,0.0,0.0
default,mode_cell_49,631410,0.0,,0.0,0.0,0.0,0.0,0.0
default,mode_cell_49,631411,0.0,,0.0,0.0,0.0,0.0,0.0
default,mode_cell_49,631412,0.0,,0.0,0.0,0.0,0.0,0.0
default,mode_cell_49,631413,0.0,,0.0,0.0,0.0,0.0,0.0
default,mode_cell_49,631414,0.0,,0.0,0.0,0.0,0.0,0.0
default,mode_cell_49,631415,0.0,,0.0,0.0,0.0,0.0,0.0
default,mode_cell_49,631416,0.0,,0.0,0.0,0.0,0.0,0.0
default,mode_cell_49,631417,0.0,,0.0,0.0,0.0,0.0,0.0
default,mode_cell_49,631418,0.0,,0.0,0.0,0.0,0.0,0.0
default,mode_cell_49,631419,0.0,,0.0,0.0,0.0,0.0,0.0
default,mode_cell_49,631420,0.0,,0.0,0.0,0.0,0.0,0.0
default,mode_cell_49,631421,0.0,,0.0,0.0,0.0,0.0,0.0
default,mode_cell_49,631422,0.0,,0.0,0.0,0.0,0.0,0.0
default,mode_cell_49,631423,0.0,,0.0,0.0,0.0,0.0,0.0
default,mode_cell_49,631424,0.0,,0.0,0.0,0.0,0.0,0.0
default,mode_cell_49,631425,0.0,,0.0,0.0,0.0,0.0,0.0
default,mode_cell_49,631426,0.0,,0.0,0.0,0.0,0.0,0.0
default,mode_cell_49,631427,0.0,,0.0,0.0,0.0,0.0,0.0
default,mode_cell_49,631428,0.0,,0.0,0.0,0.0,0.0,0.0
default,mode_cell_49,631429,0.0,,0.0,0.0,0.0,0.0,0.0
default,mode_cell_49,631430,0.0,,0.0,0.0,0.0,0.0,0.0
w100_i120,mode,631401,20.529411764705884,0.2349640933572711,1047.0,3409.0,-6.372549019607843,4456.0,-63.0
w100_i120,mode,631402,20.431372549019606,0.23959530926649805,1042.0,3307.0,-8.666666666666666,4349.0,-68.0
w100_i120,mode,631403,20.980392156862745,0.23413566739606126,1070.0,3500.0,-8.431372549019608,4570.0,-70.0
w100_i120,mode,631404,19.392156862745097,0.22967951695308872,989.0,3317.0,-6.882352941176471,4306.0,-72.0
w100_i120,mode,631405,20.901960784313726,0.22494197087993248,1066.0,3673.0,-8.07843137254902,4739.0,-69.0
w100_i120,mode,631406,20.647058823529413,0.23332594726346112,1053.0,3460.0,-6.254901960784314,4513.0,-69.0
w100_i120,mode,631407,19.745098039215687,0.23299398426654327,1007.0,3315.0,-6.098039215686274,4322.0,-62.0
w100_i120,mode,631408,20.901960784313726,0.24238290131878126,1066.0,3332.0,-7.607843137254902,4398.0,-72.0
w100_i120,mode,631409,20.901960784313726,0.2278751603249252,1066.0,3612.0,-7.019607843137255,4678.0,-70.0
w100_i120,mode,631410,20.705882352941178,0.2430379746835443,1056.0,3289.0,-8.27450980392157,4345.0,-70.0
w100_i120,mode,631411,20.862745098039216,0.24286692535950696,1064.0,3317.0,-8.980392156862745,4381.0,-73.0
w100_i120,mode,631412,20.254901960784313,0.23719862227324914,1033.0,3322.0,-8.333333333333334,4355.0,-72.0
w100_i120,mode,631413,18.607843137254903,0.23017220470531166,949.0,3174.0,-6.019607843137255,4123.0,-63.0
w100_i120,mode,631414,19.372549019607842,0.23401231643770726,988.0,3234.0,-7.372549019607843,4222.0,-68.0
w100_i120,mode,631415,20.84313725490196,0.25219454329774615,1063.0,3152.0,-8.333333333333334,4215.0,-75.0
w100_i120,mode,631416,18.215686274509803,0.2404866683924411,929.0,2934.0,-7.549019607843137,3863.0,-66.0
w100_i120,mode,631417,20.568627450980394,0.2504775549188157,1049.0,3139.0,-8.72549019607843,4188.0,-66.0
w100_i120,mode,631418,19.941176470588236,0.233578318787322,1017.0,3337.0,-6.333333333333333,4354.0,-68.0
w100_i120,mode,631419,21.019607843137255,0.2391789379741187,1072.0,3410.0,-8.627450980392156,4482.0,-67.0
w100_i120,mode,631420,18.88235294117647,0.23071394345951127,963.0,3211.0,-6.921568627450981,4174.0,-62.0
w100_i120,mode,631421,17.84313725490196,0.22991409802930773,910.0,3048.0,-5.529411764705882,3958.0,-61.0
w100_i120,mode,631422,20.58823529411765,0.24578651685393257,1050.0,3222.0,-7.450980392156863,4272.0,-69.0
w100_i120,mode,631423,18.941176470588236,0.23863636363636365,966.0,3082.0,-6.901960784313726,4048.0,-69.0
w100_i120,mode,631424,20.88235294117647,0.23525513585155733,1065.0,3462.0,-7.901960784313726,4527.0,-68.0
w100_i120,mode,631425,21.529411764705884,0.23761090673014498,1098.0,3523.0,-7.176470588235294,4621.0,-70.0
w100_i120,mode,631426,19.764705882352942,0.23689776733254994,1008.0,3247.0,-6.784313725490196,4255.0,-64.0
w100_i120,mode,631427,19.941176470588236,0.24476534296028882,1017.0,3138.0,-8.137254901960784,4155.0,-68.0
w100_i120,mode,631428,20.745098039215687,0.23055131837001525,1058.0,3531.0,-7.294117647058823,4589.0,-61.0
w100_i120,mode,631429,20.666666666666668,0.24608918982021946,1054.0,3229.0,-8.705882352941176,4283.0,-66.0
w100_i120,mode,631430,21.568627450980394,0.2434705621956618,1100.0,3418.0,-8.627450980392156,4518.0,-76.0
w100_i120,mode_without_mn9,631401,18.98,0.22741433021806853,949.0,3224.0,-5.82,4173.0,-63.0
w100_i120,mode_without_mn9,631402,19.58,0.22583621683967706,979.0,3356.0,-7.66,4335.0,-68.0
w100_i120,mode_without_mn9,631403,19.34,0.22168729940394313,967.0,3395.0,-7.98,4362.0,-70.0
w100_i120,mode_without_mn9,631404,18.0,0.21464345337467208,900.0,3293.0,-5.44,4193.0,-72.0
w100_i120,mode_without_mn9,631405,19.74,0.2195284697508897,987.0,3509.0,-6.66,4496.0,-69.0
w100_i120,mode_without_mn9,631406,18.04,0.22326732673267327,902.0,3138.0,-5.76,4040.0,-68.0
w100_i120,mode_without_mn9,631407,18.18,0.22263041880969875,909.0,3174.0,-5.66,4083.0,-62.0
w100_i120,mode_without_mn9,631408,19.58,0.2282051282051282,979.0,3311.0,-7.14,4290.0,-72.0
w100_i120,mode_without_mn9,631409,19.92,0.2129115006412997,996.0,3682.0,-5.76,4678.0,-70.0
w100_i120,mode_without_mn9,631410,18.82,0.22517348648001914,941.0,3238.0,-7.02,4179.0,-70.0
w100_i120,mode_without_mn9,631411,19.64,0.23100446953657963,982.0,3269.0,-8.24,4251.0,-73.0
w100_i120,mode_without_mn9,631412,19.22,0.2206659012629162,961.0,3394.0,-7.06,4355.0,-72.0
w100_i120,mode_without_mn9,631413,18.94,0.21770114942528734,947.0,3403.0,-5.3,4350.0,-64.0
w100_i120,mode_without_mn9,631414,19.3,0.21817770743839024,965.0,3458.0,-5.98,4423.0,-68.0
w100_i120,mode_without_mn9,631415,19.56,0.23606082548877624,978.0,3165.0,-7.28,4143.0,-75.0
w100_i120,mode_without_mn9,631416,17.62,0.23038702928870292,881.0,2943.0,-6.54,3824.0,-66.0
w100_i120,mode_without_mn9,631417,19.06,0.23238234576932457,953.0,3148.0,-7.9,4101.0,-66.0
w100_i120,mode_without_mn9,631418,18.78,0.21399270738377393,939.0,3449.0,-5.7,4388.0,-68.0
w100_i120,mode_without_mn9,631419,20.36,0.22349066959385291,1018.0,3537.0,-6.92,4555.0,-67.0
w100_i120,mode_without_mn9,631420,18.02,0.21586008624820316,901.0,3273.0,-5.82,4174.0,-62.0
w100_i120,mode_without_mn9,631421,17.28,0.21648709596592333,864.0,3127.0,-3.92,3991.0,-61.0
w100_i120,mode_without_mn9,631422,19.42,0.21953425276961339,971.0,3452.0,-5.1,4423.0,-69.0
w100_i120,mode_without_mn9,631423,17.94,0.2215909090909091,897.0,3151.0,-5.66,4048.0,-69.0
w100_i120,mode_without_mn9,631424,19.94,0.22023415065164567,997.0,3530.0,-6.7,4527.0,-68.0
w100_i120,mode_without_mn9,631425,19.8,0.21701008329679966,990.0,3572.0,-6.04,4562.0,-70.0
w100_i120,mode_without_mn9,631426,18.5,0.2227305562244161,925.0,3228.0,-5.54,4153.0,-64.0
w100_i120,mode_without_mn9,631427,19.92,0.22713797035347777,996.0,3389.0,-6.56,4385.0,-68.0
w100_i120,mode_without_mn9,631428,19.62,0.21679558011049724,981.0,3544.0,-6.46,4525.0,-61.0
w100_i120,mode_without_mn9,631429,18.98,0.22509487666034156,949.0,3267.0,-7.26,4216.0,-66.0
w100_i120,mode_without_mn9,631430,20.82,0.22115997450605482,1041.0,3666.0,-6.5,4707.0,-76.0
w100_i120,mn9_only,631401,6.0,0.00881057268722467,6.0,675.0,6.0,681.0,6.0
w100_i120,mn9_only,631402,3.0,0.00528169014084507,3.0,565.0,-3.0,568.0,-3.0
w100_i120,mn9_only,631403,13.0,0.015776699029126214,13.0,811.0,-13.0,824.0,-13.0
w100_i120,mn9_only,631404,10.0,0.014144271570014143,10.0,697.0,-10.0,707.0,-10.0
w100_i120,mn9_only,631405,2.0,0.0030075187969924814,2.0,663.0,-2.0,665.0,-2.0
w100_i120,mn9_only,631406,7.0,0.00842358604091456,7.0,824.0,-7.0,831.0,-7.0
w100_i120,mn9_only,631407,4.0,0.0076481835564053535,4.0,519.0,4.0,523.0,4.0
w100_i120,mn9_only,631408,5.0,0.006510416666666667,5.0,763.0,-5.0,768.0,-5.0
w100_i120,mn9_only,631409,2.0,0.0036900369003690036,2.0,540.0,2.0,542.0,2.0
w100_i120,mn9_only,631410,12.0,0.01951219512195122,12.0,603.0,-12.0,615.0,-12.0
w100_i120,mn9_only,631411,5.0,0.00522466039707419,5.0,952.0,5.0,957.0,5.0
w100_i120,mn9_only,631412,1.0,0.001201923076923077,1.0,831.0,-1.0,832.0,-1.0
w100_i120,mn9_only,631413,9.0,0.013636363636363636,9.0,651.0,9.0,660.0,9.0
w100_i120,mn9_only,631414,0.0,0.0,0.0,868.0,0.0,868.0,0.0
w100_i120,mn9_only,631415,8.0,0.009400705052878966,8.0,843.0,-8.0,851.0,-8.0
w100_i120,mn9_only,631416,4.0,0.005154639175257732,4.0,772.0,4.0,776.0,4.0
w100_i120,mn9_only,631417,2.0,0.0023094688221709007,2.0,864.0,2.0,866.0,2.0
w100_i120,mn9_only,631418,2.0,0.003395585738539898,2.0,587.0,2.0,589.0,2.0
w100_i120,mn9_only,631419,4.0,0.006837606837606838,4.0,581.0,-4.0,585.0,-4.0
w100_i120,mn9_only,631420,3.0,0.004437869822485207,3.0,673.0,3.0,676.0,3.0
w100_i120,mn9_only,631421,1.0,0.0014749262536873156,1.0,677.0,1.0,678.0,1.0
w100_i120,mn9_only,631422,4.0,0.005763688760806916,4.0,690.0,4.0,694.0,4.0
w100_i120,mn9_only,631423,1.0,0.0017094017094017094,1.0,584.0,1.0,585.0,1.0
w100_i120,mn9_only,631424,1.0,0.0019120458891013384,1.0,522.0,-1.0,523.0,-1.0
w100_i120,mn9_only,631425,3.0,0.005545286506469501,3.0,538.0,-3.0,541.0,-3.0
w100_i120,mn9_only,631426,5.0,0.00865051903114187,5.0,573.0,-5.0,578.0,-5.0
w100_i120,mn9_only,631427,2.0,0.0027472527472527475,2.0,726.0,-2.0,728.0,-2.0
w100_i120,mn9_only,631428,0.0,0.0,0.0,769.0,0.0,769.0,0.0
w100_i120,mn9_only,631429,6.0,0.009419152276295133,6.0,631.0,6.0,637.0,6.0
w100_i120,mn9_only,631430,8.0,0.018306636155606407,8.0,429.0,-8.0,437.0,-8.0
w100_i120,motor_003,631401,7.03921568627451,0.1646033929390188,359.0,1822.0,-6.176470588235294,2181.0,-7.0
w100_i120,motor_003,631402,11.431372549019608,0.18396970653202904,583.0,2586.0,-11.07843137254902,3169.0,-18.0
w100_i120,motor_003,631403,9.07843137254902,0.1765154403354937,463.0,2160.0,-8.764705882352942,2623.0,-14.0
w100_i120,motor_003,631404,9.803921568627452,0.18261504747991233,500.0,2238.0,-9.176470588235293,2738.0,-19.0
w100_i120,motor_003,631405,8.96078431372549,0.17422798322531452,457.0,2166.0,-8.529411764705882,2623.0,-15.0
w100_i120,motor_003,631406,8.509803921568627,0.16711590296495957,434.0,2163.0,-7.8431372549019605,2597.0,-13.0
w100_i120,motor_003,631407,8.117647058823529,0.17178423236514523,414.0,1996.0,-7.098039215686274,2410.0,-2.0
w100_i120,motor_003,631408,10.549019607843137,0.17915417915417917,538.0,2465.0,-10.392156862745098,3003.0,-24.0
w100_i120,motor_003,631409,7.392156862745098,0.15853658536585366,377.0,2001.0,-6.176470588235294,2378.0,-11.0
w100_i120,motor_003,631410,9.764705882352942,0.17997831586555837,498.0,2269.0,-9.490196078431373,2767.0,-16.0
w100_i120,motor_003,631411,11.509803921568627,0.1741839762611276,587.0,2783.0,-11.196078431372548,3370.0,-19.0
w100_i120,motor_003,631412,9.666666666666666,0.17414341222182975,493.0,2338.0,-9.588235294117647,2831.0,-19.0
w100_i120,motor_003,631413,8.647058823529411,0.17486122125297382,441.0,2081.0,-8.098039215686274,2522.0,-12.0
w100_i120,motor_003,631414,9.450980392156863,0.17122557726465365,482.0,2333.0,-9.215686274509803,2815.0,-10.0
w100_i120,motor_003,631415,12.117647058823529,0.19421747328724073,618.0,2564.0,-11.72549019607843,3182.0,-17.0
w100_i120,motor_003,631416,12.0,0.20578345662407532,612.0,2362.0,-11.215686274509803,2974.0,-15.0
w100_i120,motor_003,631417,11.117647058823529,0.18493150684931506,567.0,2499.0,-10.72549019607843,3066.0,-13.0
w100_i120,motor_003,631418,8.764705882352942,0.16754122938530736,447.0,2221.0,-8.254901960784315,2668.0,-15.0
w100_i120,motor_003,631419,9.745098039215685,0.1804647785039942,497.0,2257.0,-9.235294117647058,2754.0,-9.0
w100_i120,motor_003,631420,8.803921568627452,0.17852882703777337,449.0,2066.0,-8.686274509803921,2515.0,-4.0
w100_i120,motor_003,631421,10.509803921568627,0.18993621545003544,536.0,2286.0,-10.156862745098039,2822.0,-11.0
w100_i120,motor_003,631422,9.686274509803921,0.17266689968542467,494.0,2367.0,-9.607843137254902,2861.0,-22.0
w100_i120,motor_003,631423,9.588235294117647,0.18253079507278835,489.0,2190.0,-9.352941176470589,2679.0,-14.0
w100_i120,motor_003,631424,8.509803921568627,0.17627944760357434,434.0,2028.0,-8.117647058823529,2462.0,-12.0
w100_i120,motor_003,631425,8.176470588235293,0.17034313725490197,417.0,2031.0,-7.666666666666667,2448.0,-10.0
w100_i120,motor_003,631426,8.490196078431373,0.17892561983471075,433.0,1987.0,-8.019607843137255,2420.0,0.0
w100_i120,motor_003,631427,9.96078431372549,0.176022176022176,508.0,2378.0,-9.92156862745098,2886.0,-17.0
w100_i120,motor_003,631428,9.450980392156863,0.1738189686260368,482.0,2291.0,-8.784313725490197,2773.0,-13.0
w100_i120,motor_003,631429,10.156862745098039,0.19149722735674676,518.0,2187.0,-10.03921568627451,2705.0,-9.0
w100_i120,motor_003,631430,8.137254901960784,0.16613290632506006,415.0,2083.0,-7.431372549019608,2498.0,-10.0
w100_i120,motor_004,631401,8.215686274509803,0.15518518518518518,419.0,2281.0,-8.137254901960784,2700.0,-15.0
w100_i120,motor_004,631402,11.490196078431373,0.20418118466898955,586.0,2284.0,-10.980392156862745,2870.0,-1.0
w100_i120,motor_004,631403,9.96078431372549,0.17511203033436745,508.0,2393.0,-9.686274509803921,2901.0,-19.0
w100_i120,motor_004,631404,10.843137254901961,0.2005803409503083,553.0,2204.0,-10.568627450980392,2757.0,-19.0
w100_i120,motor_004,631405,9.156862745098039,0.17277099519052905,467.0,2236.0,-8.882352941176471,2703.0,-9.0
w100_i120,motor_004,631406,8.450980392156863,0.1693516699410609,431.0,2114.0,-8.411764705882353,2545.0,-16.0
w100_i120,motor_004,631407,8.588235294117647,0.17775974025974026,438.0,2026.0,-8.352941176470589,2464.0,0.0
w100_i120,motor_004,631408,11.0,0.18978349120433016,561.0,2395.0,-10.96078431372549,2956.0,-17.0
w100_i120,motor_004,631409,8.07843137254902,0.1623965313362239,412.0,2125.0,-7.96078431372549,2537.0,-17.0
w100_i120,motor_004,631410,11.176470588235293,0.18357487922705315,570.0,2535.0,-11.019607843137255,3105.0,-18.0
w100_i120,motor_004,631411,11.803921568627452,0.18895166352793472,602.0,2584.0,-11.803921568627452,3186.0,-17.0
w100_i120,motor_004,631412,11.294117647058824,0.1839080459770115,576.0,2556.0,-11.294117647058824,3132.0,-22.0
w100_i120,motor_004,631413,8.156862745098039,0.17619652689538332,416.0,1945.0,-7.96078431372549,2361.0,5.0
w100_i120,motor_004,631414,10.07843137254902,0.18233416105001773,514.0,2305.0,-10.03921568627451,2819.0,-18.0
w100_i120,motor_004,631415,12.352941176470589,0.1963228420068557,630.0,2579.0,-12.27450980392157,3209.0,-20.0
w100_i120,motor_004,631416,12.470588235294118,0.21150648486863985,636.0,2371.0,-12.470588235294118,3007.0,-9.0
w100_i120,motor_004,631417,12.27450980392157,0.193868070610096,626.0,2603.0,-12.196078431372548,3229.0,-13.0
w100_i120,motor_004,631418,9.254901960784315,0.18049713193116634,472.0,2143.0,-8.784313725490197,2615.0,-14.0
w100_i120,motor_004,631419,11.254901960784315,0.1840333440205194,574.0,2545.0,-11.058823529411764,3119.0,-18.0
w100_i120,motor_004,631420,10.333333333333334,0.18929597701149425,527.0,2257.0,-10.215686274509803,2784.0,-9.0
w100_i120,motor_004,631421,10.823529411764707,0.2021978021978022,552.0,2178.0,-10.823529411764707,2730.0,-6.0
w100_i120,motor_004,631422,10.098039215686274,0.18836869056327724,515.0,2219.0,-9.901960784313726,2734.0,-14.0
w100_i120,motor_004,631423,10.941176470588236,0.1884498480243161,558.0,2403.0,-10.862745098039216,2961.0,-17.0
w100_i120,motor_004,631424,10.019607843137255,0.17835951134380454,511.0,2354.0,-9.941176470588236,2865.0,-18.0
w100_i120,motor_004,631425,8.941176470588236,0.1708505058074185,456.0,2213.0,-8.901960784313726,2669.0,-8.0
w100_i120,motor_004,631426,9.392156862745098,0.17953523238380809,479.0,2189.0,-9.392156862745098,2668.0,0.0
w100_i120,motor_004,631427,11.03921568627451,0.18243681140635126,563.0,2523.0,-11.03921568627451,3086.0,-19.0
w100_i120,motor_004,631428,9.352941176470589,0.17959337349397592,477.0,2179.0,-9.196078431372548,2656.0,-6.0
w100_i120,motor_004,631429,11.235294117647058,0.19569672131147542,573.0,2355.0,-11.235294117647058,2928.0,-15.0
w100_i120,motor_004,631430,9.568627450980392,0.16576086956521738,488.0,2456.0,-9.411764705882353,2944.0,-27.0
w100_i120,motor_005,631401,7.647058823529412,0.16414141414141414,390.0,1986.0,-7.568627450980392,2376.0,-13.0
w100_i120,motor_005,631402,12.294117647058824,0.18699671935580078,627.0,2726.0,-12.215686274509803,3353.0,-12.0
w100_i120,motor_005,631403,9.450980392156863,0.18271417740712662,482.0,2156.0,-9.019607843137255,2638.0,-13.0
w100_i120,motor_005,631404,10.176470588235293,0.19548022598870057,519.0,2136.0,-9.862745098039216,2655.0,-18.0
w100_i120,motor_005,631405,10.019607843137255,0.1803105151729005,511.0,2323.0,-9.705882352941176,2834.0,-12.0
w100_i120,motor_005,631406,8.333333333333334,0.1736111111111111,425.0,2023.0,-8.254901960784315,2448.0,-13.0
w100_i120,motor_005,631407,9.019607843137255,0.17926734216679657,460.0,2106.0,-8.588235294117647,2566.0,-7.0
w100_i120,motor_005,631408,11.27450980392157,0.18081761006289307,575.0,2605.0,-11.196078431372548,3180.0,-22.0
w100_i120,motor_005,631409,7.7254901960784315,0.16737468139337297,394.0,1960.0,-7.607843137254902,2354.0,-14.0
w100_i120,motor_005,631410,10.941176470588236,0.19428969359331477,558.0,2314.0,-10.862745098039216,2872.0,-13.0
w100_i120,motor_005,631411,11.686274509803921,0.1815412732257082,596.0,2687.0,-11.686274509803921,3283.0,-18.0
w100_i120,motor_005,631412,10.823529411764707,0.1790463833927992,552.0,2531.0,-10.823529411764707,3083.0,-17.0
w100_i120,motor_005,631413,8.549019607843137,0.17781402936378465,436.0,2016.0,-8.470588235294118,2452.0,-4.0
w100_i120,motor_005,631414,10.470588235294118,0.17405475880052151,534.0,2534.0,-10.470588235294118,3068.0,-26.0
w100_i120,motor_005,631415,12.058823529411764,0.19909355778569116,615.0,2474.0,-11.784313725490197,3089.0,-14.0
w100_i120,motor_005,631416,13.117647058823529,0.20705663881151345,669.0,2562.0,-13.03921568627451,3231.0,-13.0
w100_i120,motor_005,631417,11.529411764705882,0.19463753723932473,588.0,2433.0,-11.254901960784315,3021.0,-10.0
w100_i120,motor_005,631418,9.03921568627451,0.18410543130990414,461.0,2043.0,-8.568627450980392,2504.0,-7.0
w100_i120,motor_005,631419,10.607843137254902,0.17943615257048093,541.0,2474.0,-10.529411764705882,3015.0,-15.0
w100_i120,motor_005,631420,9.666666666666666,0.1866010598031794,493.0,2149.0,-9.431372549019608,2642.0,-7.0
w100_i120,motor_005,631421,10.686274509803921,0.19956060051263275,545.0,2186.0,-10.529411764705882,2731.0,0.0
w100_i120,motor_005,631422,10.27450980392157,0.18747763864042935,524.0,2271.0,-10.03921568627451,2795.0,-22.0
w100_i120,motor_005,631423,10.490196078431373,0.19093504639543182,535.0,2267.0,-10.176470588235293,2802.0,-11.0
w100_i120,motor_005,631424,10.294117647058824,0.17641129032258066,525.0,2451.0,-10.019607843137255,2976.0,-16.0
w100_i120,motor_005,631425,9.450980392156863,0.17263610315186245,482.0,2310.0,-9.372549019607844,2792.0,-18.0
w100_i120,motor_005,631426,9.72549019607843,0.1798404641044235,496.0,2262.0,-9.568627450980392,2758.0,-9.0
w100_i120,motor_005,631427,10.450980392156863,0.18728039353478568,533.0,2313.0,-10.372549019607844,2846.0,-10.0
w100_i120,motor_005,631428,10.568627450980392,0.17482971132014272,539.0,2544.0,-10.568627450980392,3083.0,-15.0
w100_i120,motor_005,631429,11.333333333333334,0.1950067476383266,578.0,2386.0,-11.333333333333334,2964.0,-14.0
w100_i120,motor_005,631430,8.941176470588236,0.1655773420479303,456.0,2298.0,-8.823529411764707,2754.0,-17.0
w120_i080,mode,631401,27.901960784313726,0.18681895759485362,1423.0,6194.0,-16.88235294117647,7617.0,-113.0
w120_i080,mode,631402,27.725490196078432,0.17519514310494363,1414.0,6657.0,-16.470588235294116,8071.0,-114.0
w120_i080,mode,631403,28.313725490196077,0.18149824032176973,1444.0,6512.0,-17.372549019607842,7956.0,-119.0
w120_i080,mode,631404,28.058823529411764,0.1812769191791234,1431.0,6463.0,-17.15686274509804,7894.0,-107.0
w120_i080,mode,631405,27.764705882352942,0.17983235966471933,1416.0,6458.0,-16.274509803921568,7874.0,-100.0
w120_i080,mode,631406,28.45098039215686,0.17989090007438632,1451.0,6615.0,-16.88235294117647,8066.0,-115.0
w120_i080,mode,631407,25.607843137254903,0.17742154598559978,1306.0,6055.0,-12.980392156862745,7361.0,-97.0
w120_i080,mode,631408,27.705882352941178,0.1817363344051447,1413.0,6362.0,-18.88235294117647,7775.0,-115.0
w120_i080,mode,631409,28.254901960784313,0.1750273290416616,1441.0,6792.0,-16.49019607843137,8233.0,-112.0
w120_i080,mode,631410,29.0,0.18831168831168832,1479.0,6375.0,-19.274509803921568,7854.0,-109.0
w120_i080,mode,631411,28.58823529411765,0.18689911549801308,1458.0,6343.0,-18.941176470588236,7801.0,-111.0
w120_i080,mode,631412,27.96078431372549,0.17822772153480815,1426.0,6575.0,-16.470588235294116,8001.0,-102.0
w120_i080,mode,631413,26.745098039215687,0.17449149290008956,1364.0,6453.0,-15.764705882352942,7817.0,-100.0
w120_i080,mode,631414,27.568627450980394,0.18405550464720513,1406.0,6233.0,-17.88235294117647,7639.0,-107.0
w120_i080,mode,631415,27.529411764705884,0.1779467680608365,1404.0,6486.0,-17.294117647058822,7890.0,-118.0
w120_i080,mode,631416,25.254901960784313,0.17726396917148363,1288.0,5978.0,-15.294117647058824,7266.0,-98.0
w120_i080,mode,631417,28.03921568627451,0.18158730158730158,1430.0,6445.0,-16.745098039215687,7875.0,-106.0
w120_i080,mode,631418,28.96078431372549,0.1835466633528023,1477.0,6570.0,-17.745098039215687,8047.0,-118.0
w120_i080,mode,631419,26.58823529411765,0.1809930592632141,1356.0,6136.0,-15.098039215686274,7492.0,-94.0
w120_i080,mode,631420,27.333333333333332,0.1796623276195386,1394.0,6365.0,-18.03921568627451,7759.0,-106.0
w120_i080,mode,631421,28.0,0.1758837295233403,1428.0,6691.0,-17.098039215686274,8119.0,-111.0
w120_i080,mode,631422,28.54901960784314,0.17715050492760676,1456.0,6763.0,-18.352941176470587,8219.0,-111.0
w120_i080,mode,631423,29.11764705882353,0.020927872826178865,1485.0,69473.0,-18.686274509803923,70958.0,-105.0
w120_i080,mode,631424,30.11764705882353,0.19024027743373792,1536.0,6538.0,-18.627450980392158,8074.0,-123.0
w120_i080,mode,631425,29.49019607843137,0.18643857691830917,1504.0,6563.0,-18.15686274509804,8067.0,-120.0
w120_i080,mode,631426,28.784313725490197,0.18172815053230998,1468.0,6610.0,-16.784313725490197,8078.0,-103.0
w120_i080,mode,631427,29.725490196078432,0.183735304811538,1516.0,6735.0,-18.274509803921568,8251.0,-117.0
w120_i080,mode,631428,28.294117647058822,0.18431472729595094,1443.0,6386.0,-18.372549019607842,7829.0,-119.0
w120_i080,mode,631429,27.392156862745097,0.181240269849507,1397.0,6311.0,-17.274509803921568,7708.0,-108.0
w120_i080,mode,631430,26.705882352941178,0.17711313394018205,1362.0,6328.0,-16.705882352941178,7690.0,-103.0
w120_i080,mode_without_mn9,631401,26.2,0.16822909978168743,1310.0,6477.0,-15.68,7787.0,-108.0
w120_i080,mode_without_mn9,631402,26.92,0.16382667964946446,1346.0,6870.0,-14.76,8216.0,-118.0
w120_i080,mode_without_mn9,631403,26.36,0.16751398068124046,1318.0,6550.0,-14.76,7868.0,-122.0
w120_i080,mode_without_mn9,631404,30.0,0.0028008903096664326,1500.0,534044.0,-22.32,535544.0,-114.0
w120_i080,mode_without_mn9,631405,25.72,0.16315655924892158,1286.0,6596.0,-14.04,7882.0,-97.0
w120_i080,mode_without_mn9,631406,26.48,0.16382083642662706,1324.0,6758.0,-15.68,8082.0,-111.0
w120_i080,mode_without_mn9,631407,26.08,0.16849722186328983,1304.0,6435.0,-13.56,7739.0,-107.0
w120_i080,mode_without_mn9,631408,26.04,0.16810845706907682,1302.0,6443.0,-15.44,7745.0,-110.0
w120_i080,mode_without_mn9,631409,27.2,0.16498847506975617,1360.0,6883.0,-14.48,8243.0,-109.0
w120_i080,mode_without_mn9,631410,26.84,0.17349709114414996,1342.0,6393.0,-16.76,7735.0,-108.0
w120_i080,mode_without_mn9,631411,25.86,0.16882099490795144,1293.0,6366.0,-16.02,7659.0,-107.0
w120_i080,mode_without_mn9,631412,26.76,0.17038074621163887,1338.0,6515.0,-15.12,7853.0,-101.0
w120_i080,mode_without_mn9,631413,25.18,0.16015774074545222,1259.0,6602.0,-13.94,7861.0,-100.0
w120_i080,mode_without_mn9,631414,24.72,0.16486594637855143,1236.0,6261.0,-13.96,7497.0,-100.0
w120_i080,mode_without_mn9,631415,25.4,0.15861121518671162,1270.0,6737.0,-15.0,8007.0,-115.0
w120_i080,mode_without_mn9,631416,24.12,0.1631935047361299,1206.0,6184.0,-13.96,7390.0,-100.0
w120_i080,mode_without_mn9,631417,26.92,0.1668112529433635,1346.0,6723.0,-15.12,8069.0,-107.0
w120_i080,mode_without_mn9,631418,27.04,0.17124762507916402,1352.0,6543.0,-16.04,7895.0,-116.0
w120_i080,mode_without_mn9,631419,25.5,0.17020424509411294,1275.0,6216.0,-14.54,7491.0,-98.0
w120_i080,mode_without_mn9,631420,24.84,0.15916955017301038,1242.0,6561.0,-15.6,7803.0,-106.0
w120_i080,mode_without_mn9,631421,26.74,0.16838790931989925,1337.0,6603.0,-15.7,7940.0,-112.0
w120_i080,mode_without_mn9,631422,26.66,0.16479169242180738,1333.0,6756.0,-15.9,8089.0,-106.0
w120_i080,mode_without_mn9,631423,27.28,0.16579555123374257,1364.0,6863.0,-16.64,8227.0,-108.0
w120_i080,mode_without_mn9,631424,27.88,0.17442442442442443,1394.0,6598.0,-15.48,7992.0,-124.0
w120_i080,mode_without_mn9,631425,27.4,0.1710789210789211,1370.0,6638.0,-16.12,8008.0,-116.0
w120_i080,mode_without_mn9,631426,27.38,0.16940972651899516,1369.0,6712.0,-15.14,8081.0,-106.0
w120_i080,mode_without_mn9,631427,27.16,0.16759224978403062,1358.0,6745.0,-15.76,8103.0,-118.0
w120_i080,mode_without_mn9,631428,27.1,0.1706979087931469,1355.0,6583.0,-16.78,7938.0,-128.0
w120_i080,mode_without_mn9,631429,25.02,0.1632946090588696,1251.0,6410.0,-14.66,7661.0,-107.0
w120_i080,mode_without_mn9,631430,25.16,0.16318588662602154,1258.0,6451.0,-14.52,7709.0,-105.0
w120_i080,mn9_only,631401,2.0,0.0022624434389140274,2.0,882.0,-2.0,884.0,-2.0
w120_i080,mn9_only,631402,4.0,0.00437636761487965,4.0,910.0,-4.0,914.0,-4.0
w120_i080,mn9_only,631403,15.0,0.01592356687898089,15.0,927.0,-15.0,942.0,-15.0
w120_i080,mn9_only,631404,1.0,0.0009689922480620155,1.0,1031.0,-1.0,1032.0,-1.0
w120_i080,mn9_only,631405,9.0,0.008174386920980926,9.0,1092.0,9.0,1101.0,9.0
w120_i080,mn9_only,631406,5.0,0.005246589716684155,5.0,948.0,-5.0,953.0,-5.0
w120_i080,mn9_only,631407,11.0,0.007692307692307693,11.0,1419.0,11.0,1430.0,11.0
w120_i080,mn9_only,631408,9.0,0.009109311740890687,9.0,979.0,9.0,988.0,9.0
w120_i080,mn9_only,631409,3.0,0.002259036144578313,3.0,1325.0,3.0,1328.0,3.0
w120_i080,mn9_only,631410,5.0,0.005382131324004306,5.0,924.0,5.0,929.0,5.0
w120_i080,mn9_only,631411,3.0,0.0028735632183908046,3.0,1041.0,3.0,1044.0,3.0
w120_i080,mn9_only,631412,8.0,0.007266121707538601,8.0,1093.0,8.0,1101.0,8.0
w120_i080,mn9_only,631413,13.0,0.015081206496519721,13.0,849.0,13.0,862.0,13.0
w120_i080,mn9_only,631414,7.0,0.006481481481481481,7.0,1073.0,7.0,1080.0,7.0
w120_i080,mn9_only,631415,8.0,0.0068201193520886615,8.0,1165.0,-8.0,1173.0,-8.0
w120_i080,mn9_only,631416,13.0,0.011850501367365542,13.0,1084.0,13.0,1097.0,13.0
w120_i080,mn9_only,631417,10.0,0.009699321047526674,10.0,1021.0,10.0,1031.0,10.0
w120_i080,mn9_only,631418,8.0,0.006349206349206349,8.0,1252.0,-8.0,1260.0,-8.0
w120_i080,mn9_only,631419,15.0,0.012077294685990338,15.0,1227.0,15.0,1242.0,15.0
w120_i080,mn9_only,631420,6.0,0.006550218340611353,6.0,910.0,-6.0,916.0,-6.0
w120_i080,mn9_only,631421,0.0,0.0,0.0,1082.0,0.0,1082.0,0.0
w120_i080,mn9_only,631422,6.0,0.004524886877828055,6.0,1320.0,-6.0,1326.0,-6.0
w120_i080,mn9_only,631423,1.0,0.001122334455667789,1.0,890.0,1.0,891.0,1.0
w120_i080,mn9_only,631424,11.0,0.009972801450589302,11.0,1092.0,-11.0,1103.0,-11.0
w120_i080,mn9_only,631425,5.0,0.004553734061930784,5.0,1093.0,5.0,1098.0,5.0
w120_i080,mn9_only,631426,2.0,0.0015313935681470138,2.0,1304.0,2.0,1306.0,2.0
w120_i080,mn9_only,631427,4.0,0.004232804232804233,4.0,941.0,-4.0,945.0,-4.0
w120_i080,mn9_only,631428,9.0,0.006828528072837633,9.0,1309.0,-9.0,1318.0,-9.0
w120_i080,mn9_only,631429,3.0,0.00234009360374415,3.0,1279.0,-3.0,1282.0,-3.0
w120_i080,mn9_only,631430,30.0,6.25959805034386e-05,30.0,479234.0,-30.0,479264.0,-30.0
w120_i080,motor_003,631401,18.392156862745097,0.1652863436123348,938.0,4737.0,-17.686274509803923,5675.0,-10.0
w120_i080,motor_003,631402,18.45098039215686,0.1714025500910747,941.0,4549.0,-16.49019607843137,5490.0,-11.0
w120_i080,motor_003,631403,19.58823529411765,0.16691729323308271,999.0,4986.0,-17.19607843137255,5985.0,-24.0
w120_i080,motor_003,631404,18.88235294117647,0.1656631687596766,963.0,4850.0,-16.647058823529413,5813.0,3.0
w120_i080,motor_003,631405,19.764705882352942,0.17073170731707318,1008.0,4896.0,-17.294117647058822,5904.0,-1.0
w120_i080,motor_003,631406,17.901960784313726,0.16681892928923808,913.0,4560.0,-15.980392156862745,5473.0,-14.0
w120_i080,motor_003,631407,17.11764705882353,0.16682591247850181,873.0,4360.0,-13.980392156862745,5233.0,-10.0
w120_i080,motor_003,631408,20.294117647058822,0.1776214175390424,1035.0,4792.0,-17.03921568627451,5827.0,-11.0
w120_i080,motor_003,631409,18.058823529411764,0.15414225941422594,921.0,5054.0,-16.254901960784313,5975.0,-12.0
w120_i080,motor_003,631410,20.098039215686274,0.1736111111111111,1025.0,4879.0,-18.176470588235293,5904.0,-11.0
w120_i080,motor_003,631411,19.725490196078432,0.17359792924935288,1006.0,4789.0,-17.215686274509803,5795.0,-10.0
w120_i080,motor_003,631412,17.372549019607842,0.16837704294944889,886.0,4376.0,-15.490196078431373,5262.0,-3.0
w120_i080,motor_003,631413,17.88235294117647,0.17391304347826086,912.0,4332.0,-15.372549019607844,5244.0,3.0
w120_i080,motor_003,631414,19.15686274509804,0.17831721116992152,977.0,4502.0,-16.92156862745098,5479.0,-8.0
w120_i080,motor_003,631415,19.784313725490197,0.17411561691113028,1009.0,4786.0,-17.352941176470587,5795.0,-11.0
w120_i080,motor_003,631416,19.176470588235293,0.16985064258423063,978.0,4780.0,-16.823529411764707,5758.0,1.0
w120_i080,motor_003,631417,19.274509803921568,0.1717330538085255,983.0,4741.0,-17.07843137254902,5724.0,-1.0
w120_i080,motor_003,631418,20.137254901960784,0.16869250985545334,1027.0,5061.0,-17.823529411764707,6088.0,-18.0
w120_i080,motor_003,631419,18.41176470588235,0.17450288050548224,939.0,4442.0,-15.352941176470589,5381.0,6.0
w120_i080,motor_003,631420,19.607843137254903,0.17027073046143368,1000.0,4873.0,-17.647058823529413,5873.0,-7.0
w120_i080,motor_003,631421,19.862745098039216,0.1789120452137054,1013.0,4649.0,-16.88235294117647,5662.0,-10.0
w120_i080,motor_003,631422,19.80392156862745,0.17057929403816924,1010.0,4911.0,-18.07843137254902,5921.0,-4.0
w120_i080,motor_003,631423,19.019607843137255,0.17119661136604306,970.0,4696.0,-17.333333333333332,5666.0,-3.0
w120_i080,motor_003,631424,17.019607843137255,0.1600885282183696,868.0,4554.0,-15.098039215686274,5422.0,-17.0
w120_i080,motor_003,631425,18.41176470588235,0.16809881847475833,939.0,4647.0,-16.333333333333332,5586.0,-12.0
w120_i080,motor_003,631426,16.901960784313726,0.16945154314920385,862.0,4225.0,-13.176470588235293,5087.0,14.0
w120_i080,motor_003,631427,19.137254901960784,0.16723783413296778,976.0,4860.0,-18.03921568627451,5836.0,-25.0
w120_i080,motor_003,631428,19.745098039215687,0.17589519650655022,1007.0,4718.0,-18.333333333333332,5725.0,-21.0
w120_i080,motor_003,631429,18.901960784313726,0.16873796604235952,964.0,4749.0,-16.941176470588236,5713.0,1.0
w120_i080,motor_003,631430,20.666666666666668,0.17916029236783954,1054.0,4829.0,-17.84313725490196,5883.0,1.0
w120_i080,motor_004,631401,20.627450980392158,0.18010614620784113,1052.0,4789.0,-20.0,5841.0,-11.0
w120_i080,motor_004,631402,19.313725490196077,0.16872216512504282,985.0,4853.0,-18.568627450980394,5838.0,-12.0
w120_i080,motor_004,631403,20.215686274509803,0.17693495795435044,1031.0,4796.0,-19.745098039215687,5827.0,-12.0
w120_i080,motor_004,631404,19.568627450980394,0.17177280550774526,998.0,4812.0,-19.254901960784313,5810.0,-14.0
w120_i080,motor_004,631405,19.725490196078432,0.170306416116472,1006.0,4901.0,-19.254901960784313,5907.0,2.0
w120_i080,motor_004,631406,19.725490196078432,0.17137989778534923,1006.0,4864.0,-18.823529411764707,5870.0,-13.0
w120_i080,motor_004,631407,17.333333333333332,0.16449572013397842,884.0,4490.0,-16.470588235294116,5374.0,-1.0
w120_i080,motor_004,631408,19.901960784313726,0.1742190181943014,1015.0,4811.0,-18.80392156862745,5826.0,-10.0
w120_i080,motor_004,631409,19.058823529411764,0.16452268111035884,972.0,4936.0,-18.54901960784314,5908.0,-14.0
w120_i080,motor_004,631410,21.333333333333332,0.18331929233361416,1088.0,4847.0,-20.666666666666668,5935.0,-5.0
w120_i080,motor_004,631411,20.823529411764707,0.17629482071713148,1062.0,4962.0,-20.392156862745097,6024.0,-8.0
w120_i080,motor_004,631412,18.098039215686274,0.17102093755790254,923.0,4474.0,-17.901960784313726,5397.0,1.0
w120_i080,motor_004,631413,18.274509803921568,0.16684568564267813,932.0,4654.0,-17.49019607843137,5586.0,-6.0
w120_i080,motor_004,631414,20.274509803921568,0.17230461589735044,1034.0,4967.0,-20.274509803921568,6001.0,-11.0
w120_i080,motor_004,631415,20.49019607843137,0.17008463541666666,1045.0,5099.0,-20.45098039215686,6144.0,-25.0
w120_i080,motor_004,631416,19.45098039215686,0.1711229946524064,992.0,4805.0,-18.862745098039216,5797.0,-1.0
w120_i080,motor_004,631417,19.568627450980394,0.17478108581436078,998.0,4712.0,-18.666666666666668,5710.0,-4.0
w120_i080,motor_004,631418,20.764705882352942,0.17822282059912486,1059.0,4883.0,-19.274509803921568,5942.0,-8.0
w120_i080,motor_004,631419,19.313725490196077,0.17630212994451405,985.0,4602.0,-18.41176470588235,5587.0,-2.0
w120_i080,motor_004,631420,19.823529411764707,0.17865347234493728,1011.0,4648.0,-18.92156862745098,5659.0,-10.0
w120_i080,motor_004,631421,20.333333333333332,0.17793411118737132,1037.0,4791.0,-19.274509803921568,5828.0,-5.0
w120_i080,motor_004,631422,20.49019607843137,0.17358803986710963,1045.0,4975.0,-20.254901960784313,6020.0,-5.0
w120_i080,motor_004,631423,19.45098039215686,0.17204301075268819,992.0,4774.0,-19.372549019607842,5766.0,-9.0
w120_i080,motor_004,631424,19.352941176470587,0.1658266129032258,987.0,4965.0,-18.764705882352942,5952.0,-22.0
w120_i080,motor_004,631425,19.980392156862745,0.16980503249458423,1019.0,4982.0,-19.784313725490197,6001.0,-17.0
w120_i080,motor_004,631426,16.745098039215687,0.1553574677096598,854.0,4643.0,-16.19607843137255,5497.0,-1.0
w120_i080,motor_004,631427,55.294117647058826,0.0038213142610906193,2820.0,735146.0,-1.0196078431372548,737966.0,-99.0
w120_i080,motor_004,631428,21.58823529411765,0.17420886075949368,1101.0,5219.0,-21.431372549019606,6320.0,-26.0
w120_i080,motor_004,631429,20.07843137254902,0.17746967071057193,1024.0,4746.0,-19.725490196078432,5770.0,-13.0
w120_i080,motor_004,631430,21.294117647058822,0.1775670372792675,1086.0,5030.0,-20.980392156862745,6116.0,-10.0
w120_i080,motor_005,631401,20.54901960784314,0.16650778519224657,1048.0,5246.0,-20.50980392156863,6294.0,-25.0
w120_i080,motor_005,631402,18.980392156862745,0.17199715707178392,968.0,4660.0,-18.901960784313726,5628.0,-10.0
w120_i080,motor_005,631403,20.19607843137255,0.17425139570292675,1030.0,4881.0,-19.294117647058822,5911.0,-15.0
w120_i080,motor_005,631404,19.58823529411765,0.1689497716894977,999.0,4914.0,-19.11764705882353,5913.0,-4.0
w120_i080,motor_005,631405,22.529411764705884,0.01370108034628318,1149.0,82713.0,-16.607843137254903,83862.0,-10.0
w120_i080,motor_005,631406,19.941176470588236,0.16834961099155768,1017.0,5024.0,-19.03921568627451,6041.0,-13.0
w120_i080,motor_005,631407,17.627450980392158,0.1649238671803339,899.0,4552.0,-16.294117647058822,5451.0,-8.0
w120_i080,motor_005,631408,20.07843137254902,0.1725358045492839,1024.0,4911.0,-19.686274509803923,5935.0,-13.0
w120_i080,motor_005,631409,18.470588235294116,0.1609156132558934,942.0,4912.0,-18.235294117647058,5854.0,-16.0
w120_i080,motor_005,631410,21.50980392156863,0.18054641211323239,1097.0,4979.0,-20.725490196078432,6076.0,-6.0
w120_i080,motor_005,631411,21.45098039215686,0.18037922506183018,1094.0,4971.0,-20.431372549019606,6065.0,-9.0
w120_i080,motor_005,631412,17.45098039215686,0.16515123399517537,890.0,4499.0,-17.176470588235293,5389.0,1.0
w120_i080,motor_005,631413,19.137254901960784,0.1702127659574468,976.0,4758.0,-18.745098039215687,5734.0,-2.0
w120_i080,motor_005,631414,21.392156862745097,0.1752047534928537,1091.0,5136.0,-21.19607843137255,6227.0,-15.0
w120_i080,motor_005,631415,19.254901960784313,0.16590640310863322,982.0,4937.0,-19.254901960784313,5919.0,-29.0
w120_i080,motor_005,631416,19.862745098039216,0.17980120695775648,1013.0,4621.0,-18.137254901960784,5634.0,14.0
w120_i080,motor_005,631417,18.941176470588236,0.1654109589041096,966.0,4874.0,-18.666666666666668,5840.0,-2.0
w120_i080,motor_005,631418,20.686274509803923,0.17140536149471974,1055.0,5100.0,-19.980392156862745,6155.0,-12.0
w120_i080,motor_005,631419,18.80392156862745,0.173826354903027,959.0,4558.0,-17.980392156862745,5517.0,3.0
w120_i080,motor_005,631420,20.058823529411764,0.17508129385589594,1023.0,4820.0,-19.666666666666668,5843.0,-3.0
w120_i080,motor_005,631421,21.07843137254902,0.17742201683446113,1075.0,4984.0,-19.980392156862745,6059.0,-13.0
w120_i080,motor_005,631422,20.901960784313726,0.17535778911005098,1066.0,5013.0,-20.392156862745097,6079.0,-4.0
w120_i080,motor_005,631423,19.725490196078432,0.17190704032809295,1006.0,4846.0,-19.568627450980394,5852.0,-2.0
w120_i080,motor_005,631424,19.705882352941178,0.17399584487534625,1005.0,4771.0,-19.03921568627451,5776.0,-30.0
w120_i080,motor_005,631425,20.058823529411764,0.1714142091152815,1023.0,4945.0,-19.901960784313726,5968.0,-18.0
w120_i080,motor_005,631426,17.07843137254902,0.16025758969641216,871.0,4564.0,-16.49019607843137,5435.0,2.0
w120_i080,motor_005,631427,53.549019607843135,0.003914710625335961,2731.0,694894.0,-2.8823529411764706,697625.0,-91.0
w120_i080,motor_005,631428,20.058823529411764,0.16478737113402062,1023.0,5185.0,-19.980392156862745,6208.0,-28.0
w120_i080,motor_005,631429,19.607843137254903,0.12567550584391102,1000.0,6957.0,-18.705882352941178,7957.0,-5.0
w120_i080,motor_005,631430,21.41176470588235,0.1751684311838306,1092.0,5142.0,-20.235294117647058,6234.0,-11.0
w120_i100,mode,631401,24.333333333333332,0.20041989664082688,1241.0,4951.0,-10.215686274509803,6192.0,-84.0
w120_i100,mode,631402,25.274509803921568,0.1994738471061591,1289.0,5173.0,-11.352941176470589,6462.0,-96.0
w120_i100,mode,631403,23.215686274509803,0.20095044127630685,1184.0,4708.0,-10.313725490196079,5892.0,-86.0
w120_i100,mode,631404,24.725490196078432,0.19965167827739075,1261.0,5055.0,-10.568627450980392,6316.0,-89.0
w120_i100,mode,631405,25.11764705882353,0.20285035629453682,1281.0,5034.0,-11.941176470588236,6315.0,-88.0
w120_i100,mode,631406,23.784313725490197,0.2066087548969511,1213.0,4658.0,-11.352941176470589,5871.0,-89.0
w120_i100,mode,631407,26.274509803921568,0.21185770750988142,1340.0,4985.0,-13.803921568627452,6325.0,-100.0
w120_i100,mode,631408,25.235294117647058,0.19904113826167646,1287.0,5179.0,-11.627450980392156,6466.0,-96.0
w120_i100,mode,631409,26.392156862745097,0.20252783629250676,1346.0,5300.0,-12.196078431372548,6646.0,-89.0
w120_i100,mode,631410,26.96078431372549,0.20443056794528694,1375.0,5351.0,-11.784313725490197,6726.0,-98.0
w120_i100,mode,631411,25.352941176470587,0.20127646326276463,1293.0,5131.0,-12.176470588235293,6424.0,-99.0
w120_i100,mode,631412,26.470588235294116,0.20398912058023572,1350.0,5268.0,-13.372549019607844,6618.0,-93.0
w120_i100,mode,631413,26.49019607843137,0.20855202222908306,1351.0,5127.0,-12.843137254901961,6478.0,-98.0
w120_i100,mode,631414,23.901960784313726,0.1974408811143505,1219.0,4955.0,-11.823529411764707,6174.0,-88.0
w120_i100,mode,631415,25.54901960784314,0.20741801973893664,1303.0,4979.0,-12.882352941176471,6282.0,-95.0
w120_i100,mode,631416,23.686274509803923,0.19950454170107348,1208.0,4847.0,-9.098039215686274,6055.0,-82.0
w120_i100,mode,631417,26.19607843137255,0.20190418618709385,1336.0,5281.0,-12.588235294117647,6617.0,-101.0
w120_i100,mode,631418,25.705882352941178,0.21073782350104484,1311.0,4910.0,-12.098039215686274,6221.0,-89.0
w120_i100,mode,631419,26.15686274509804,0.2046326123638595,1334.0,5185.0,-12.901960784313726,6519.0,-92.0
w120_i100,mode,631420,24.823529411764707,0.20498704663212436,1266.0,4910.0,-12.901960784313726,6176.0,-96.0
w120_i100,mode,631421,23.80392156862745,0.2034523210993799,1214.0,4753.0,-9.803921568627452,5967.0,-75.0
w120_i100,mode,631422,22.705882352941178,0.1998274374460742,1158.0,4637.0,-9.098039215686274,5795.0,-81.0
w120_i100,mode,631423,27.15686274509804,0.1996252522340732,1385.0,5553.0,-12.372549019607844,6938.0,-110.0
w120_i100,mode,631424,24.098039215686274,0.20371291231559754,1229.0,4804.0,-11.980392156862745,6033.0,-91.0
w120_i100,mode,631425,24.607843137254903,0.20638052951817135,1255.0,4826.0,-11.666666666666666,6081.0,-89.0
w120_i100,mode,631426,24.92156862745098,0.1969321351100093,1271.0,5183.0,-10.686274509803921,6454.0,-89.0
w120_i100,mode,631427,24.862745098039216,0.20551053484602919,1268.0,4902.0,-11.411764705882353,6170.0,-85.0
w120_i100,mode,631428,25.50980392156863,0.20315427857589008,1301.0,5103.0,-12.294117647058824,6404.0,-95.0
w120_i100,mode,631429,26.901960784313726,0.21120689655172414,1372.0,5124.0,-13.176470588235293,6496.0,-87.0
w120_i100,mode,631430,25.607843137254903,0.19701312415145572,1306.0,5323.0,-10.901960784313726,6629.0,-90.0
w120_i100,mode_without_mn9,631401,23.48,0.1927117531188444,1174.0,4918.0,-9.84,6092.0,-84.0
w120_i100,mode_without_mn9,631402,25.04,0.19007135266433886,1252.0,5335.0,-9.88,6587.0,-97.0
w120_i100,mode_without_mn9,631403,22.14,0.18800951086956522,1107.0,4781.0,-8.06,5888.0,-86.0
w120_i100,mode_without_mn9,631404,22.96,0.18318174565182704,1148.0,5119.0,-8.4,6267.0,-88.0
w120_i100,mode_without_mn9,631405,24.22,0.19311114654760006,1211.0,5060.0,-10.98,6271.0,-88.0
w120_i100,mode_without_mn9,631406,22.28,0.18817567567567567,1114.0,4806.0,-9.48,5920.0,-89.0
w120_i100,mode_without_mn9,631407,24.78,0.1949339207048458,1239.0,5117.0,-11.82,6356.0,-100.0
w120_i100,mode_without_mn9,631408,23.38,0.18438485804416405,1169.0,5171.0,-10.02,6340.0,-97.0
w120_i100,mode_without_mn9,631409,24.96,0.1884342443001661,1248.0,5375.0,-10.32,6623.0,-90.0
w120_i100,mode_without_mn9,631410,25.94,0.19509626955475332,1297.0,5351.0,-11.34,6648.0,-98.0
w120_i100,mode_without_mn9,631411,24.12,0.18709277071051816,1206.0,5240.0,-10.76,6446.0,-99.0
w120_i100,mode_without_mn9,631412,24.02,0.1858270153179638,1201.0,5262.0,-11.02,6463.0,-93.0
w120_i100,mode_without_mn9,631413,23.98,0.18772506654141224,1199.0,5188.0,-10.82,6387.0,-97.0
w120_i100,mode_without_mn9,631414,22.94,0.18711256117455138,1147.0,4983.0,-10.18,6130.0,-86.0
w120_i100,mode_without_mn9,631415,24.68,0.19155541757218256,1234.0,5208.0,-11.88,6442.0,-96.0
w120_i100,mode_without_mn9,631416,22.94,0.18632228719948019,1147.0,5009.0,-7.9,6156.0,-82.0
w120_i100,mode_without_mn9,631417,24.7,0.18664047151277013,1235.0,5382.0,-10.82,6617.0,-101.0
w120_i100,mode_without_mn9,631418,23.92,0.19166666666666668,1196.0,5044.0,-10.08,6240.0,-89.0
w120_i100,mode_without_mn9,631419,25.52,0.19400942679032993,1276.0,5301.0,-11.28,6577.0,-93.0
w120_i100,mode_without_mn9,631420,23.4,0.18944300518134716,1170.0,5006.0,-11.24,6176.0,-96.0
w120_i100,mode_without_mn9,631421,23.66,0.1932059447983015,1183.0,4940.0,-9.46,6123.0,-77.0
w120_i100,mode_without_mn9,631422,20.54,0.1837866857551897,1027.0,4561.0,-7.78,5588.0,-81.0
w120_i100,mode_without_mn9,631423,25.76,0.18639652677279306,1288.0,5622.0,-11.16,6910.0,-110.0
w120_i100,mode_without_mn9,631424,22.54,0.18745841650033268,1127.0,4885.0,-9.94,6012.0,-92.0
w120_i100,mode_without_mn9,631425,22.48,0.18643224415325924,1124.0,4905.0,-9.0,6029.0,-87.0
w120_i100,mode_without_mn9,631426,24.36,0.1847413923858638,1218.0,5375.0,-9.6,6593.0,-90.0
w120_i100,mode_without_mn9,631427,23.04,0.18922470433639949,1152.0,4936.0,-9.52,6088.0,-85.0
w120_i100,mode_without_mn9,631428,24.06,0.19010745891276865,1203.0,5125.0,-10.42,6328.0,-94.0
w120_i100,mode_without_mn9,631429,24.98,0.19224257349545945,1249.0,5248.0,-11.02,6497.0,-87.0
w120_i100,mode_without_mn9,631430,24.32,0.18103319934494566,1216.0,5501.0,-9.56,6717.0,-90.0
w120_i100,mn9_only,631401,7.0,0.007494646680942184,7.0,927.0,7.0,934.0,7.0
w120_i100,mn9_only,631402,4.0,0.0035971223021582736,4.0,1108.0,-4.0,1112.0,-4.0
w120_i100,mn9_only,631403,2.0,0.0026246719160104987,2.0,760.0,-2.0,762.0,-2.0
w120_i100,mn9_only,631404,1.0,0.000970873786407767,1.0,1029.0,-1.0,1030.0,-1.0
w120_i100,mn9_only,631405,7.0,0.007583965330444204,7.0,916.0,7.0,923.0,7.0
w120_i100,mn9_only,631406,3.0,0.0034802784222737818,3.0,859.0,3.0,862.0,3.0
w120_i100,mn9_only,631407,10.0,0.00851063829787234,10.0,1165.0,-10.0,1175.0,-10.0
w120_i100,mn9_only,631408,3.0,0.0035046728971962616,3.0,853.0,-3.0,856.0,-3.0
w120_i100,mn9_only,631409,1.0,0.0012300123001230013,1.0,812.0,-1.0,813.0,-1.0
w120_i100,mn9_only,631410,3.0,0.0031746031746031746,3.0,942.0,-3.0,945.0,-3.0
w120_i100,mn9_only,631411,0.0,0.0,0.0,815.0,0.0,815.0,0.0
w120_i100,mn9_only,631412,7.0,0.008674101610904586,7.0,800.0,-7.0,807.0,-7.0
w120_i100,mn9_only,631413,6.0,0.007585335018963337,6.0,785.0,-6.0,791.0,-6.0
w120_i100,mn9_only,631414,12.0,0.010238907849829351,12.0,1160.0,12.0,1172.0,12.0
w120_i100,mn9_only,631415,1.0,0.0011037527593818985,1.0,905.0,1.0,906.0,1.0
w120_i100,mn9_only,631416,2.0,0.0026041666666666665,2.0,766.0,2.0,768.0,2.0
w120_i100,mn9_only,631417,10.0,0.011086474501108648,10.0,892.0,-10.0,902.0,-10.0
w120_i100,mn9_only,631418,6.0,0.006711409395973154,6.0,888.0,6.0,894.0,6.0
w120_i100,mn9_only,631419,4.0,0.004395604395604396,4.0,906.0,-4.0,910.0,-4.0
w120_i100,mn9_only,631420,8.0,0.01038961038961039,8.0,762.0,-8.0,770.0,-8.0
w120_i100,mn9_only,631421,20.0,0.018083182640144666,20.0,1086.0,20.0,1106.0,20.0
w120_i100,mn9_only,631422,7.0,0.006194690265486726,7.0,1123.0,7.0,1130.0,7.0
w120_i100,mn9_only,631423,20.0,0.01556420233463035,20.0,1265.0,-20.0,1285.0,-20.0
w120_i100,mn9_only,631424,7.0,0.006363636363636364,7.0,1093.0,-7.0,1100.0,-7.0
w120_i100,mn9_only,631425,4.0,0.004576659038901602,4.0,870.0,-4.0,874.0,-4.0
w120_i100,mn9_only,631426,3.0,0.0035211267605633804,3.0,849.0,3.0,852.0,3.0
w120_i100,mn9_only,631427,4.0,0.004767580452920143,4.0,835.0,4.0,839.0,4.0
w120_i100,mn9_only,631428,6.0,0.006779661016949152,6.0,879.0,6.0,885.0,6.0
w120_i100,mn9_only,631429,8.0,0.009216589861751152,8.0,860.0,8.0,868.0,8.0
w120_i100,mn9_only,631430,5.0,0.005045408678102927,5.0,986.0,5.0,991.0,5.0
w120_i100,motor_003,631401,14.019607843137255,0.16907070229368645,715.0,3514.0,-12.098039215686274,4229.0,3.0
w120_i100,motor_003,631402,14.607843137254902,0.1722543352601156,745.0,3580.0,-12.843137254901961,4325.0,-2.0
w120_i100,motor_003,631403,14.431372549019608,0.18213313536253403,736.0,3305.0,-12.588235294117647,4041.0,4.0
w120_i100,motor_003,631404,13.764705882352942,0.17096931320019484,702.0,3404.0,-12.07843137254902,4106.0,1.0
w120_i100,motor_003,631405,14.627450980392156,0.17216708977613662,746.0,3587.0,-12.980392156862745,4333.0,-6.0
w120_i100,motor_003,631406,16.784313725490197,0.18608695652173912,856.0,3744.0,-15.294117647058824,4600.0,-7.0
w120_i100,motor_003,631407,15.490196078431373,0.18261673601479428,790.0,3536.0,-13.490196078431373,4326.0,-1.0
w120_i100,motor_003,631408,14.882352941176471,0.17033213644524237,759.0,3697.0,-13.07843137254902,4456.0,-6.0
w120_i100,motor_003,631409,14.372549019607844,0.16750457038391225,733.0,3643.0,-13.117647058823529,4376.0,-10.0
w120_i100,motor_003,631410,14.333333333333334,0.16773749426342358,731.0,3627.0,-13.03921568627451,4358.0,-13.0
w120_i100,motor_003,631411,14.882352941176471,0.17412250516173433,759.0,3600.0,-13.352941176470589,4359.0,-13.0
w120_i100,motor_003,631412,16.019607843137255,0.1787746170678337,817.0,3753.0,-14.450980392156863,4570.0,1.0
w120_i100,motor_003,631413,15.882352941176471,0.178886925795053,810.0,3718.0,-13.607843137254902,4528.0,-11.0
w120_i100,motor_003,631414,17.686274509803923,0.1877992921090985,902.0,3901.0,-16.50980392156863,4803.0,-10.0
w120_i100,motor_003,631415,17.03921568627451,0.17341847934544002,869.0,4142.0,-15.509803921568627,5011.0,-16.0
w120_i100,motor_003,631416,14.176470588235293,0.176513671875,723.0,3373.0,-12.72549019607843,4096.0,-1.0
w120_i100,motor_003,631417,15.27450980392157,0.1751742747919946,779.0,3668.0,-13.549019607843137,4447.0,-15.0
w120_i100,motor_003,631418,17.92156862745098,0.18911649079246845,914.0,3919.0,-16.07843137254902,4833.0,-4.0
w120_i100,motor_003,631419,13.882352941176471,0.16526610644257703,708.0,3576.0,-12.156862745098039,4284.0,-9.0
w120_i100,motor_003,631420,16.431372549019606,0.19036801453884597,838.0,3564.0,-14.352941176470589,4402.0,-8.0
w120_i100,motor_003,631421,15.980392156862745,0.18552242203505578,815.0,3578.0,-13.27450980392157,4393.0,12.0
w120_i100,motor_003,631422,14.862745098039216,0.17465437788018434,758.0,3582.0,-12.509803921568627,4340.0,-2.0
w120_i100,motor_003,631423,12.784313725490197,0.15642994241842612,652.0,3516.0,-11.450980392156863,4168.0,-26.0
w120_i100,motor_003,631424,17.0,0.19071711394632643,867.0,3679.0,-14.882352941176471,4546.0,-3.0
w120_i100,motor_003,631425,15.980392156862745,0.1852693794044101,815.0,3584.0,-14.137254901960784,4399.0,2.0
w120_i100,motor_003,631426,13.803921568627452,0.16992517499396573,704.0,3439.0,-12.431372549019608,4143.0,-11.0
w120_i100,motor_003,631427,16.019607843137255,0.18450767841011745,817.0,3611.0,-14.568627450980392,4428.0,-5.0
w120_i100,motor_003,631428,14.607843137254902,0.1767497034400949,745.0,3470.0,-12.764705882352942,4215.0,-3.0
w120_i100,motor_003,631429,16.058823529411764,0.1813953488372093,819.0,3696.0,-14.333333333333334,4515.0,-1.0
w120_i100,motor_003,631430,13.431372549019608,0.16442630820931348,685.0,3481.0,-11.549019607843137,4166.0,5.0
w120_i100,motor_004,631401,14.784313725490197,0.17301514456172556,754.0,3604.0,-14.313725490196079,4358.0,-7.0
w120_i100,motor_004,631402,14.333333333333334,0.1694875956410851,731.0,3582.0,-13.901960784313726,4313.0,-5.0
w120_i100,motor_004,631403,14.764705882352942,0.1773851590106007,753.0,3492.0,-14.137254901960784,4245.0,-2.0
w120_i100,motor_004,631404,14.784313725490197,0.17202829112480036,754.0,3629.0,-14.392156862745098,4383.0,-7.0
w120_i100,motor_004,631405,15.215686274509803,0.17348535658394815,776.0,3697.0,-14.313725490196079,4473.0,-7.0
w120_i100,motor_004,631406,16.568627450980394,0.18059414404787347,845.0,3834.0,-15.980392156862745,4679.0,2.0
w120_i100,motor_004,631407,16.49019607843137,0.18187716262975778,841.0,3783.0,-16.254901960784313,4624.0,-18.0
w120_i100,motor_004,631408,15.509803921568627,0.16558509524806364,791.0,3986.0,-15.313725490196079,4777.0,-20.0
w120_i100,motor_004,631409,15.235294117647058,0.17679180887372015,777.0,3618.0,-14.411764705882353,4395.0,-2.0
w120_i100,motor_004,631410,14.470588235294118,0.16148796498905907,738.0,3832.0,-14.156862745098039,4570.0,-15.0
w120_i100,motor_004,631411,15.019607843137255,0.16641320877688465,766.0,3837.0,-14.627450980392156,4603.0,-20.0
w120_i100,motor_004,631412,16.07843137254902,0.17183570829840739,820.0,3952.0,-15.803921568627452,4772.0,-9.0
w120_i100,motor_004,631413,15.96078431372549,0.1783132530120482,814.0,3751.0,-14.784313725490197,4565.0,-15.0
w120_i100,motor_004,631414,17.431372549019606,0.18594436310395315,889.0,3892.0,-17.03921568627451,4781.0,-11.0
w120_i100,motor_004,631415,17.50980392156863,0.18717250052399917,893.0,3878.0,-16.725490196078432,4771.0,-3.0
w120_i100,motor_004,631416,14.588235294117647,0.17258176757132915,744.0,3567.0,-13.96078431372549,4311.0,-4.0
w120_i100,motor_004,631417,15.666666666666666,0.1670150501672241,799.0,3985.0,-15.470588235294118,4784.0,-22.0
w120_i100,motor_004,631418,17.647058823529413,0.18652849740932642,900.0,3925.0,-17.294117647058822,4825.0,-9.0
w120_i100,motor_004,631419,15.431372549019608,0.16823428815733218,787.0,3891.0,-14.882352941176471,4678.0,-12.0
w120_i100,motor_004,631420,17.19607843137255,0.18490406915454355,877.0,3866.0,-16.764705882352942,4743.0,-15.0
w120_i100,motor_004,631421,15.509803921568627,0.1784344687570494,791.0,3642.0,-14.411764705882353,4433.0,14.0
w120_i100,motor_004,631422,15.215686274509803,0.17652411282984531,776.0,3620.0,-14.588235294117647,4396.0,10.0
w120_i100,motor_004,631423,14.117647058823529,0.15985790408525755,720.0,3784.0,-13.647058823529411,4504.0,-28.0
w120_i100,motor_004,631424,16.49019607843137,0.18585635359116023,841.0,3684.0,-16.058823529411764,4525.0,-18.0
w120_i100,motor_004,631425,15.705882352941176,0.18126272912423624,801.0,3618.0,-14.72549019607843,4419.0,-6.0
w120_i100,motor_004,631426,14.0,0.1690340909090909,714.0,3510.0,-13.607843137254902,4224.0,-15.0
w120_i100,motor_004,631427,16.352941176470587,0.18902991840435177,834.0,3578.0,-15.803921568627452,4412.0,18.0
w120_i100,motor_004,631428,15.313725490196079,0.17195068251871423,781.0,3761.0,-14.686274509803921,4542.0,-15.0
w120_i100,motor_004,631429,17.07843137254902,0.18453389830508474,871.0,3849.0,-16.725490196078432,4720.0,-4.0
w120_i100,motor_004,631430,14.568627450980392,0.168595416383027,743.0,3664.0,-13.784313725490197,4407.0,-8.0
w120_i100,motor_005,631401,15.254901960784315,0.17657739446209714,778.0,3628.0,-14.588235294117647,4406.0,-4.0
w120_i100,motor_005,631402,14.117647058823529,0.16389710903710447,720.0,3673.0,-13.686274509803921,4393.0,-12.0
w120_i100,motor_005,631403,14.92156862745098,0.18063137906479942,761.0,3452.0,-14.215686274509803,4213.0,1.0
w120_i100,motor_005,631404,14.058823529411764,0.16513127590971902,717.0,3625.0,-13.980392156862745,4342.0,2.0
w120_i100,motor_005,631405,15.019607843137255,0.16721239903951102,766.0,3815.0,-14.431372549019608,4581.0,-4.0
w120_i100,motor_005,631406,17.254901960784313,0.18522416333403494,880.0,3871.0,-16.862745098039216,4751.0,-5.0
w120_i100,motor_005,631407,16.686274509803923,0.18187646933105364,851.0,3828.0,-16.215686274509803,4679.0,-13.0
w120_i100,motor_005,631408,14.27450980392157,0.15754165764985933,728.0,3893.0,-13.803921568627452,4621.0,-10.0
w120_i100,motor_005,631409,14.882352941176471,0.1675496688741722,759.0,3771.0,-14.450980392156863,4530.0,-8.0
w120_i100,motor_005,631410,14.392156862745098,0.16924141111367305,734.0,3603.0,-13.843137254901961,4337.0,-11.0
w120_i100,motor_005,631411,15.27450980392157,0.17109598067208434,779.0,3774.0,-14.92156862745098,4553.0,-11.0
w120_i100,motor_005,631412,15.92156862745098,0.17686778479634066,812.0,3779.0,-15.215686274509803,4591.0,0.0
w120_i100,motor_005,631413,16.176470588235293,0.17244983277591974,825.0,3959.0,-15.745098039215685,4784.0,-20.0
w120_i100,motor_005,631414,17.058823529411764,0.19162995594713655,870.0,3670.0,-16.54901960784314,4540.0,-8.0
w120_i100,motor_005,631415,17.235294117647058,0.17447399761810242,879.0,4159.0,-16.176470588235293,5038.0,-8.0
w120_i100,motor_005,631416,14.117647058823529,0.16842105263157894,720.0,3555.0,-13.411764705882353,4275.0,-2.0
w120_i100,motor_005,631417,15.705882352941176,0.1696315120711563,801.0,3921.0,-15.392156862745098,4722.0,-15.0
w120_i100,motor_005,631418,17.647058823529413,0.19027484143763213,900.0,3830.0,-17.49019607843137,4730.0,-1.0
w120_i100,motor_005,631419,14.823529411764707,0.17240592930444698,756.0,3629.0,-14.352941176470589,4385.0,-10.0
w120_i100,motor_005,631420,16.745098039215687,0.1774361105339705,854.0,3959.0,-16.313725490196077,4813.0,-23.0
w120_i100,motor_005,631421,16.41176470588235,0.18419894366197184,837.0,3707.0,-15.235294117647058,4544.0,7.0
w120_i100,motor_005,631422,15.490196078431373,0.1738556338028169,790.0,3754.0,-14.509803921568627,4544.0,1.0
w120_i100,motor_005,631423,14.098039215686274,0.1701372456223379,719.0,3507.0,-13.588235294117647,4226.0,-27.0
w120_i100,motor_005,631424,16.980392156862745,0.1901624945103206,866.0,3688.0,-16.313725490196077,4554.0,-16.0
w120_i100,motor_005,631425,15.588235294117647,0.17773306505700873,795.0,3678.0,-15.0,4473.0,-7.0
w120_i100,motor_005,631426,14.313725490196079,0.1704412794770021,730.0,3553.0,-13.72549019607843,4283.0,-3.0
w120_i100,motor_005,631427,15.490196078431373,0.17776777677767777,790.0,3654.0,-14.784313725490197,4444.0,4.0
w120_i100,motor_005,631428,15.313725490196079,0.17448614834673815,781.0,3695.0,-14.529411764705882,4476.0,-16.0
w120_i100,motor_005,631429,16.49019607843137,0.18410683012259194,841.0,3727.0,-16.137254901960784,4568.0,1.0
w120_i100,motor_005,631430,13.980392156862745,0.1624515835042151,713.0,3676.0,-13.117647058823529,4389.0,-3.0
w120_i120,mode,631401,24.274509803921568,0.22694775435380385,1238.0,4217.0,-9.411764705882353,5455.0,-77.0
w120_i120,mode,631402,20.725490196078432,0.22117597823812513,1057.0,3722.0,-7.549019607843137,4779.0,-67.0
w120_i120,mode,631403,22.215686274509803,0.22796780684104628,1133.0,3837.0,-10.411764705882353,4970.0,-74.0
w120_i120,mode,631404,21.45098039215686,0.21488901983893144,1094.0,3997.0,-8.588235294117647,5091.0,-75.0
w120_i120,mode,631405,24.019607843137255,0.23703560371517027,1225.0,3943.0,-11.705882352941176,5168.0,-81.0
w120_i120,mode,631406,21.58823529411765,0.22166297563921886,1101.0,3866.0,-10.568627450980392,4967.0,-74.0
w120_i120,mode,631407,22.823529411764707,0.21797752808988763,1164.0,4176.0,-10.07843137254902,5340.0,-78.0
w120_i120,mode,631408,25.215686274509803,0.2231089521165857,1286.0,4478.0,-9.529411764705882,5764.0,-79.0
w120_i120,mode,631409,24.607843137254903,0.2211453744493392,1255.0,4420.0,-9.235294117647058,5675.0,-77.0
w120_i120,mode,631410,22.41176470588235,0.21456729866716726,1143.0,4184.0,-7.705882352941177,5327.0,-70.0
w120_i120,mode,631411,21.176470588235293,0.22181146025878004,1080.0,3789.0,-10.27450980392157,4869.0,-80.0
w120_i120,mode,631412,23.980392156862745,0.2248575105717963,1223.0,4216.0,-10.215686274509803,5439.0,-75.0
w120_i120,mode,631413,21.862745098039216,0.22193471337579618,1115.0,3909.0,-9.235294117647058,5024.0,-77.0
w120_i120,mode,631414,21.215686274509803,0.21770623742454728,1082.0,3888.0,-9.019607843137255,4970.0,-68.0
w120_i120,mode,631415,22.07843137254902,0.21345971563981042,1126.0,4149.0,-8.235294117647058,5275.0,-72.0
w120_i120,mode,631416,21.647058823529413,0.21839762611275965,1104.0,3951.0,-7.921568627450981,5055.0,-73.0
w120_i120,mode,631417,22.54901960784314,0.21411282815118227,1150.0,4221.0,-9.058823529411764,5371.0,-65.0
w120_i120,mode,631418,21.15686274509804,0.21261083743842366,1079.0,3996.0,-7.705882352941177,5075.0,-74.0
w120_i120,mode,631419,22.568627450980394,0.2259521005104044,1151.0,3943.0,-9.470588235294118,5094.0,-72.0
w120_i120,mode,631420,22.980392156862745,0.21996996996996998,1172.0,4156.0,-8.941176470588236,5328.0,-79.0
w120_i120,mode,631421,21.19607843137255,0.20969932104752667,1081.0,4074.0,-7.392156862745098,5155.0,-69.0
w120_i120,mode,631422,21.92156862745098,0.21746741879011866,1118.0,4023.0,-8.901960784313726,5141.0,-77.0
w120_i120,mode,631423,21.137254901960784,0.22008983258472847,1078.0,3820.0,-8.156862745098039,4898.0,-66.0
w120_i120,mode,631424,20.49019607843137,0.22046413502109705,1045.0,3695.0,-8.294117647058824,4740.0,-68.0
w120_i120,mode,631425,21.627450980392158,0.22855366763365106,1103.0,3723.0,-9.196078431372548,4826.0,-79.0
w120_i120,mode,631426,21.431372549019606,0.22880468913544066,1093.0,3684.0,-9.0,4777.0,-70.0
w120_i120,mode,631427,20.58823529411765,0.2198492462311558,1050.0,3726.0,-8.352941176470589,4776.0,-71.0
w120_i120,mode,631428,21.058823529411764,0.2193627450980392,1074.0,3822.0,-8.980392156862745,4896.0,-69.0
w120_i120,mode,631429,21.11764705882353,0.21674381163211914,1077.0,3892.0,-8.058823529411764,4969.0,-67.0
w120_i120,mode,631430,22.84313725490196,0.2270070148090413,1165.0,3967.0,-10.92156862745098,5132.0,-76.0
w120_i120,mode_without_mn9,631401,22.48,0.21084224348152317,1124.0,4207.0,-8.08,5331.0,-77.0
w120_i120,mode_without_mn9,631402,20.2,0.21011025587684626,1010.0,3797.0,-7.24,4807.0,-67.0
w120_i120,mode_without_mn9,631403,22.0,0.21611001964636542,1100.0,3990.0,-9.16,5090.0,-74.0
w120_i120,mode_without_mn9,631404,21.52,0.20616976432266718,1076.0,4143.0,-8.28,5219.0,-75.0
w120_i120,mode_without_mn9,631405,22.88,0.22136222910216719,1144.0,4024.0,-10.32,5168.0,-81.0
w120_i120,mode_without_mn9,631406,20.54,0.20676464666800887,1027.0,3940.0,-9.3,4967.0,-74.0
w120_i120,mode_without_mn9,631407,22.0,0.2066892145809846,1100.0,4222.0,-8.56,5322.0,-78.0
w120_i120,mode_without_mn9,631408,23.38,0.20610014104372357,1169.0,4503.0,-8.54,5672.0,-79.0
w120_i120,mode_without_mn9,631409,23.5,0.2072310405643739,1175.0,4495.0,-8.1,5670.0,-77.0
w120_i120,mode_without_mn9,631410,21.56,0.2019861345325089,1078.0,4259.0,-7.4,5337.0,-70.0
w120_i120,mode_without_mn9,631411,20.2,0.21258682382656283,1010.0,3741.0,-9.32,4751.0,-80.0
w120_i120,mode_without_mn9,631412,21.9,0.2037967615857063,1095.0,4278.0,-9.38,5373.0,-75.0
w120_i120,mode_without_mn9,631413,20.04,0.2140568254646443,1002.0,3679.0,-8.56,4681.0,-77.0
w120_i120,mode_without_mn9,631414,20.16,0.20091688259916285,1008.0,4009.0,-7.28,5017.0,-68.0
w120_i120,mode_without_mn9,631415,21.08,0.19981042654028436,1054.0,4221.0,-6.96,5275.0,-72.0
w120_i120,mode_without_mn9,631416,20.62,0.20731952543736176,1031.0,3942.0,-7.06,4973.0,-73.0
w120_i120,mode_without_mn9,631417,21.88,0.20704012112036335,1094.0,4190.0,-8.0,5284.0,-65.0
w120_i120,mode_without_mn9,631418,19.76,0.20118102219507228,988.0,3923.0,-6.76,4911.0,-74.0
w120_i120,mode_without_mn9,631419,21.58,0.21181782489202983,1079.0,4015.0,-8.22,5094.0,-72.0
w120_i120,mode_without_mn9,631420,21.86,0.20677260688611426,1093.0,4193.0,-7.7,5286.0,-79.0
w120_i120,mode_without_mn9,631421,19.94,0.20178101598866627,997.0,3944.0,-6.1,4941.0,-69.0
w120_i120,mode_without_mn9,631422,20.16,0.1968365553602812,1008.0,4113.0,-7.12,5121.0,-77.0
w120_i120,mode_without_mn9,631423,20.24,0.20665713702266694,1012.0,3885.0,-7.0,4897.0,-66.0
w120_i120,mode_without_mn9,631424,19.54,0.2061181434599156,977.0,3763.0,-7.1,4740.0,-68.0
w120_i120,mode_without_mn9,631425,20.38,0.2034744408945687,1019.0,3989.0,-7.02,5008.0,-79.0
w120_i120,mode_without_mn9,631426,20.46,0.21415114088339962,1023.0,3754.0,-7.78,4777.0,-70.0
w120_i120,mode_without_mn9,631427,19.58,0.20498324958123953,979.0,3797.0,-7.1,4776.0,-71.0
w120_i120,mode_without_mn9,631428,20.14,0.20563610373698182,1007.0,3890.0,-7.94,4897.0,-69.0
w120_i120,mode_without_mn9,631429,20.88,0.2017781213761113,1044.0,4130.0,-7.32,5174.0,-67.0
w120_i120,mode_without_mn9,631430,21.78,0.21219797349961028,1089.0,4043.0,-9.62,5132.0,-76.0
w120_i120,mn9_only,631401,3.0,0.002697841726618705,3.0,1109.0,-3.0,1112.0,-3.0
w120_i120,mn9_only,631402,6.0,0.007050528789659225,6.0,845.0,6.0,851.0,6.0
w120_i120,mn9_only,631403,9.0,0.008411214953271028,9.0,1061.0,9.0,1070.0,9.0
w120_i120,mn9_only,631404,5.0,0.006385696040868455,5.0,778.0,5.0,783.0,5.0
w120_i120,mn9_only,631405,12.0,0.011834319526627219,12.0,1002.0,-12.0,1014.0,-12.0
w120_i120,mn9_only,631406,4.0,0.003524229074889868,4.0,1131.0,4.0,1135.0,4.0
w120_i120,mn9_only,631407,12.0,0.016,12.0,738.0,-12.0,750.0,-12.0
w120_i120,mn9_only,631408,1.0,0.0012674271229404308,1.0,788.0,1.0,789.0,1.0
w120_i120,mn9_only,631409,5.0,0.0049504950495049506,5.0,1005.0,-5.0,1010.0,-5.0
w120_i120,mn9_only,631410,8.0,0.008648648648648649,8.0,917.0,8.0,925.0,8.0
w120_i120,mn9_only,631411,12.0,0.013363028953229399,12.0,886.0,-12.0,898.0,-12.0
w120_i120,mn9_only,631412,2.0,0.002554278416347382,2.0,781.0,2.0,783.0,2.0
w120_i120,mn9_only,631413,3.0,0.003963011889035667,3.0,754.0,-3.0,757.0,-3.0
w120_i120,mn9_only,631414,4.0,0.004530011325028313,4.0,879.0,4.0,883.0,4.0
w120_i120,mn9_only,631415,4.0,0.005547850208044383,4.0,717.0,-4.0,721.0,-4.0
w120_i120,mn9_only,631416,3.0,0.002640845070422535,3.0,1133.0,3.0,1136.0,3.0
w120_i120,mn9_only,631417,16.0,0.020860495436766623,16.0,751.0,16.0,767.0,16.0
w120_i120,mn9_only,631418,2.0,0.0016750418760469012,2.0,1192.0,-2.0,1194.0,-2.0
w120_i120,mn9_only,631419,11.0,0.011904761904761904,11.0,913.0,-11.0,924.0,-11.0
w120_i120,mn9_only,631420,5.0,0.007102272727272727,5.0,699.0,-5.0,704.0,-5.0
w120_i120,mn9_only,631421,9.0,0.008021390374331552,9.0,1113.0,9.0,1122.0,9.0
w120_i120,mn9_only,631422,4.0,0.006033182503770739,4.0,659.0,-4.0,663.0,-4.0
w120_i120,mn9_only,631423,6.0,0.006564551422319475,6.0,908.0,6.0,914.0,6.0
w120_i120,mn9_only,631424,3.0,0.0028169014084507044,3.0,1062.0,3.0,1065.0,3.0
w120_i120,mn9_only,631425,10.0,0.009910802775024777,10.0,999.0,-10.0,1009.0,-10.0
w120_i120,mn9_only,631426,1.0,0.0008802816901408451,1.0,1135.0,1.0,1136.0,1.0
w120_i120,mn9_only,631427,1.0,0.0011363636363636363,1.0,879.0,1.0,880.0,1.0
w120_i120,mn9_only,631428,8.0,0.008307372793354102,8.0,955.0,8.0,963.0,8.0
w120_i120,mn9_only,631429,11.0,0.01676829268292683,11.0,645.0,11.0,656.0,11.0
w120_i120,mn9_only,631430,4.0,0.005263157894736842,4.0,756.0,-4.0,760.0,-4.0
w120_i120,motor_003,631401,13.901960784313726,0.18540794979079497,709.0,3115.0,-12.019607843137255,3824.0,-15.0
w120_i120,motor_003,631402,13.745098039215685,0.18370020964360587,701.0,3115.0,-11.313725490196079,3816.0,3.0
w120_i120,motor_003,631403,14.784313725490197,0.19443011861784426,754.0,3124.0,-13.96078431372549,3878.0,-10.0
w120_i120,motor_003,631404,13.313725490196079,0.1854178044784271,679.0,2983.0,-12.058823529411764,3662.0,-11.0
w120_i120,motor_003,631405,16.431372549019606,0.1938468656025908,838.0,3485.0,-15.333333333333334,4323.0,-14.0
w120_i120,motor_003,631406,15.529411764705882,0.18565400843881857,792.0,3474.0,-14.27450980392157,4266.0,-12.0
w120_i120,motor_003,631407,14.627450980392156,0.1911840082009226,746.0,3156.0,-12.745098039215685,3902.0,-16.0
w120_i120,motor_003,631408,11.352941176470589,0.1634208298052498,579.0,2964.0,-9.941176470588236,3543.0,-12.0
w120_i120,motor_003,631409,12.098039215686274,0.17967384973791498,617.0,2817.0,-10.764705882352942,3434.0,-8.0
w120_i120,motor_003,631410,11.823529411764707,0.16773296244784422,603.0,2992.0,-10.568627450980392,3595.0,-4.0
w120_i120,motor_003,631411,15.72549019607843,0.20696774193548387,802.0,3073.0,-14.352941176470589,3875.0,-16.0
w120_i120,motor_003,631412,14.549019607843137,0.17810849735957754,742.0,3424.0,-13.764705882352942,4166.0,-19.0
w120_i120,motor_003,631413,15.215686274509803,0.19103889709502708,776.0,3286.0,-14.313725490196079,4062.0,-21.0
w120_i120,motor_003,631414,14.745098039215685,0.18918238993710693,752.0,3223.0,-13.568627450980392,3975.0,-15.0
w120_i120,motor_003,631415,11.72549019607843,0.16998294485503126,598.0,2920.0,-10.470588235294118,3518.0,-6.0
w120_i120,motor_003,631416,13.058823529411764,0.18107667210440456,666.0,3012.0,-12.352941176470589,3678.0,-16.0
w120_i120,motor_003,631417,13.27450980392157,0.18366793271839393,677.0,3009.0,-12.490196078431373,3686.0,-6.0
w120_i120,motor_003,631418,14.27450980392157,0.17904574520413183,728.0,3338.0,-13.098039215686274,4066.0,-17.0
w120_i120,motor_003,631419,14.588235294117647,0.19646157908634804,744.0,3043.0,-13.137254901960784,3787.0,-4.0
w120_i120,motor_003,631420,12.196078431372548,0.1681081081081081,622.0,3078.0,-11.294117647058824,3700.0,-26.0
w120_i120,motor_003,631421,13.666666666666666,0.1817470664928292,697.0,3138.0,-11.784313725490197,3835.0,0.0
w120_i120,motor_003,631422,14.019607843137255,0.19282632146709816,715.0,2993.0,-12.72549019607843,3708.0,-12.0
w120_i120,motor_003,631423,13.490196078431373,0.17958757504568,688.0,3143.0,-12.509803921568627,3831.0,-14.0
w120_i120,motor_003,631424,14.705882352941176,0.19572025052192066,750.0,3082.0,-13.607843137254902,3832.0,-10.0
w120_i120,motor_003,631425,15.549019607843137,0.19657907783837383,793.0,3241.0,-14.372549019607844,4034.0,-19.0
w120_i120,motor_003,631426,15.509803921568627,0.19844455594581034,791.0,3195.0,-13.941176470588236,3986.0,-3.0
w120_i120,motor_003,631427,14.235294117647058,0.1938584779706275,726.0,3019.0,-12.470588235294118,3745.0,-11.0
w120_i120,motor_003,631428,14.176470588235293,0.20077756178839212,723.0,2878.0,-11.745098039215685,3601.0,1.0
w120_i120,motor_003,631429,13.745098039215685,0.18151216986017607,701.0,3161.0,-12.529411764705882,3862.0,-2.0
w120_i120,motor_003,631430,15.0,0.18140858430163623,765.0,3452.0,-14.019607843137255,4217.0,-9.0
w120_i120,motor_004,631401,13.686274509803921,0.1829140461215933,698.0,3118.0,-13.098039215686274,3816.0,-6.0
w120_i120,motor_004,631402,13.529411764705882,0.18806214227309895,690.0,2979.0,-12.705882352941176,3669.0,0.0
w120_i120,motor_004,631403,14.862745098039216,0.19136581671295128,758.0,3203.0,-14.392156862745098,3961.0,-5.0
w120_i120,motor_004,631404,13.705882352941176,0.1933609958506224,699.0,2916.0,-12.764705882352942,3615.0,-5.0
w120_i120,motor_004,631405,16.294117647058822,0.19209431345353675,831.0,3495.0,-15.784313725490197,4326.0,-18.0
w120_i120,motor_004,631406,15.980392156862745,0.19824860131354902,815.0,3296.0,-15.313725490196079,4111.0,-11.0
w120_i120,motor_004,631407,14.117647058823529,0.17914904205026125,720.0,3299.0,-13.882352941176471,4019.0,-15.0
w120_i120,motor_004,631408,10.666666666666666,0.16297183942480528,544.0,2794.0,-10.27450980392157,3338.0,-16.0
w120_i120,motor_004,631409,12.07843137254902,0.176,616.0,2884.0,-11.686274509803921,3500.0,-18.0
w120_i120,motor_004,631410,12.019607843137255,0.17908267601519134,613.0,2810.0,-11.470588235294118,3423.0,-5.0
w120_i120,motor_004,631411,15.470588235294118,0.1888915489585827,789.0,3388.0,-15.03921568627451,4177.0,-17.0
w120_i120,motor_004,631412,14.215686274509803,0.17994539587987093,725.0,3304.0,-14.019607843137255,4029.0,-11.0
w120_i120,motor_004,631413,15.941176470588236,0.2006416584402764,813.0,3239.0,-15.666666666666666,4052.0,-5.0
w120_i120,motor_004,631414,13.705882352941176,0.1855588001061853,699.0,3068.0,-13.117647058823529,3767.0,-5.0
w120_i120,motor_004,631415,12.490196078431373,0.17913385826771652,637.0,2919.0,-11.980392156862745,3556.0,-5.0
w120_i120,motor_004,631416,14.176470588235293,0.1953526074034045,723.0,2978.0,-14.019607843137255,3701.0,-12.0
w120_i120,motor_004,631417,13.823529411764707,0.18132716049382716,705.0,3183.0,-13.588235294117647,3888.0,-5.0
w120_i120,motor_004,631418,14.96078431372549,0.19690322580645161,763.0,3112.0,-13.666666666666666,3875.0,0.0
w120_i120,motor_004,631419,14.352941176470589,0.19651006711409397,732.0,2993.0,-13.92156862745098,3725.0,-8.0
w120_i120,motor_004,631420,11.980392156862745,0.1768451519536903,611.0,2844.0,-11.392156862745098,3455.0,-15.0
w120_i120,motor_004,631421,13.666666666666666,0.18812415654520917,697.0,3008.0,-13.470588235294118,3705.0,-5.0
w120_i120,motor_004,631422,14.764705882352942,0.18986384266263237,753.0,3213.0,-14.568627450980392,3966.0,-18.0
w120_i120,motor_004,631423,14.333333333333334,0.1951935914552737,731.0,3014.0,-13.745098039215685,3745.0,-1.0
w120_i120,motor_004,631424,15.509803921568627,0.20577523413111343,791.0,3053.0,-15.235294117647058,3844.0,-4.0
w120_i120,motor_004,631425,15.549019607843137,0.20178117048346056,793.0,3137.0,-15.0,3930.0,-14.0
w120_i120,motor_004,631426,15.862745098039216,0.20326633165829144,809.0,3171.0,-15.705882352941176,3980.0,-6.0
w120_i120,motor_004,631427,14.058823529411764,0.19773855488141204,717.0,2909.0,-13.235294117647058,3626.0,-6.0
w120_i120,motor_004,631428,13.96078431372549,0.18663171690694627,712.0,3103.0,-12.862745098039216,3815.0,2.0
w120_i120,motor_004,631429,14.705882352941176,0.1926040061633282,750.0,3144.0,-14.549019607843137,3894.0,-6.0
w120_i120,motor_004,631430,14.980392156862745,0.1901916853373164,764.0,3253.0,-14.745098039215685,4017.0,-15.0
w120_i120,motor_005,631401,14.72549019607843,0.1809202601782703,751.0,3400.0,-14.254901960784315,4151.0,-14.0
w120_i120,motor_005,631402,13.92156862745098,0.18649855529288153,710.0,3097.0,-13.294117647058824,3807.0,-1.0
w120_i120,motor_005,631403,15.764705882352942,0.1973006134969325,804.0,3271.0,-15.294117647058824,4075.0,1.0
w120_i120,motor_005,631404,13.019607843137255,0.18408649847518713,664.0,2943.0,-12.431372549019608,3607.0,-13.0
w120_i120,motor_005,631405,16.901960784313726,0.19967570071809126,862.0,3455.0,-16.666666666666668,4317.0,-19.0
w120_i120,motor_005,631406,16.03921568627451,0.18908922792417937,818.0,3508.0,-15.607843137254902,4326.0,-14.0
w120_i120,motor_005,631407,14.470588235294118,0.18083802989463366,738.0,3343.0,-14.0,4081.0,-19.0
w120_i120,motor_005,631408,12.137254901960784,0.16816082586253736,619.0,3062.0,-11.745098039215685,3681.0,-19.0
w120_i120,motor_005,631409,12.392156862745098,0.1794944618006248,632.0,2889.0,-12.117647058823529,3521.0,-4.0
w120_i120,motor_005,631410,12.215686274509803,0.1730074979172452,623.0,2978.0,-11.705882352941176,3601.0,-13.0
w120_i120,motor_005,631411,15.843137254901961,0.2005958291956306,808.0,3220.0,-15.098039215686274,4028.0,-15.0
w120_i120,motor_005,631412,14.784313725490197,0.1777044543954749,754.0,3489.0,-14.235294117647058,4243.0,-11.0
w120_i120,motor_005,631413,14.843137254901961,0.18821481849825958,757.0,3265.0,-14.333333333333334,4022.0,-9.0
w120_i120,motor_005,631414,13.529411764705882,0.18292682926829268,690.0,3082.0,-12.901960784313726,3772.0,1.0
w120_i120,motor_005,631415,12.509803921568627,0.18275565740475508,638.0,2853.0,-12.0,3491.0,-7.0
w120_i120,motor_005,631416,14.549019607843137,0.19666048237476808,742.0,3031.0,-13.882352941176471,3773.0,-14.0
w120_i120,motor_005,631417,13.627450980392156,0.19353940406571984,695.0,2896.0,-12.96078431372549,3591.0,4.0
w120_i120,motor_005,631418,14.549019607843137,0.19113858835651726,742.0,3140.0,-13.92156862745098,3882.0,-12.0
w120_i120,motor_005,631419,14.254901960784315,0.18475222363405336,727.0,3208.0,-14.098039215686274,3935.0,-1.0
w120_i120,motor_005,631420,11.882352941176471,0.17046413502109706,606.0,2949.0,-11.333333333333334,3555.0,-22.0
w120_i120,motor_005,631421,13.137254901960784,0.18231292517006803,670.0,3005.0,-12.901960784313726,3675.0,1.0
w120_i120,motor_005,631422,14.980392156862745,0.19076154806491885,764.0,3241.0,-14.705882352941176,4005.0,-18.0
w120_i120,motor_005,631423,13.784313725490197,0.19462901439645625,703.0,2909.0,-13.392156862745098,3612.0,-1.0
w120_i120,motor_005,631424,15.529411764705882,0.19662363455809334,792.0,3236.0,-14.901960784313726,4028.0,-9.0
w120_i120,motor_005,631425,15.352941176470589,0.19863013698630136,783.0,3159.0,-14.764705882352942,3942.0,-5.0
w120_i120,motor_005,631426,15.647058823529411,0.195924380063835,798.0,3275.0,-14.862745098039216,4073.0,-3.0
w120_i120,motor_005,631427,14.352941176470589,0.1996182165257704,732.0,2935.0,-13.450980392156863,3667.0,-1.0
w120_i120,motor_005,631428,14.72549019607843,0.20005327650506127,751.0,3003.0,-13.823529411764707,3754.0,1.0
w120_i120,motor_005,631429,13.666666666666666,0.18711409395973155,697.0,3028.0,-13.509803921568627,3725.0,-6.0
w120_i120,motor_005,631430,15.117647058823529,0.187454412837345,771.0,3342.0,-14.72549019607843,4113.0,-8.0
